,id,unique_id,cnn_intrsctn_fkey,cnn_sgmt_fkey,case_id_pkey,tb_latitude,tb_longitude,geocode_source,geocode_location,collision_datetime,collision_date,collision_time,accident_year,month,day_of_week,primary_rd,secondary_rd,distance,weather_1,collision_severity,type_of_collision,mviw,ped_action,road_surface,road_cond_1,lighting,intersection,number_killed,number_injured,party_at_fault,party1_type,party1_dir_of_travel,party1_move_pre_acc,party2_type,party2_dir_of_travel,party2_move_pre_acc,point,Neighborhoods,Current Police Districts,Current Supervisor Districts,Analysis Neighborhoods,hour
624,vw_geo_sfpd_cr_switrs_all_types_col_cty_union.fid-c18a0c2_186644fdb18_-3a2a,10546,24114000.0,,160742742,37.7569686020719,-122.420011097674,SFPD-CROSSROADS,CITY STREET,09/13/2016 08:23:00 AM,2016 September 13,08:23:00,2016,September,Tuesday,21ST ST,BARTLETT ST,0.0,Clear,Injury (Complaint of Pain),Vehicle/Pedestrian,Pedestrian,Crossing in Crosswalk at Intersection,Dry,No Unusual Condition,Daylight,Intersection <= 20ft,0.0,1,1.0,Driver,East,Proceeding Straight,Pedestrian,North,Proceeding Straight,POINT (-122.42001 37.75697),53.0,3.0,2.0,20.0,08
637,vw_geo_sfpd_cr_switrs_all_types_col_cty_union.fid-c18a0c2_186644fdb18_-442b,34220,25522000.0,12460000.0,150511723,37.8040350826464,-122.414968909482,SFPD-CROSSROADS,CITY STREET,06/11/2015 10:25:00 PM,2015 June 11,22:25:00,2015,June,Thursday,TAYLOR ST,WATER ST,63.0,Cloudy,Injury (Severe),Vehicle/Pedestrian,Pedestrian,Crossing Not in Crosswalk,Dry,No Unusual Condition,Dark - Street Lights,Midblock > 20ft,0.0,3,1.0,Driver,North,Proceeding Straight,Pedestrian,West,Proceeding Straight,POINT (-122.41497 37.804035),106.0,6.0,3.0,23.0,22
643,vw_geo_sfpd_cr_switrs_all_types_col_cty_union.fid-c18a0c2_186644fdb18_-42c0,14964,23831000.0,,150711519,37.7813212568568,-122.395843498803,SFPD-CROSSROADS,CITY STREET,08/15/2015 08:10:00 AM,2015 August 15,08:10:00,2015,August,Saturday,BRYANT ST,03RD ST,0.0,Clear,Injury (Complaint of Pain),Vehicle/Pedestrian,Pedestrian,Crossing in Crosswalk at Intersection,Dry,No Unusual Condition,Daylight,Intersection <= 20ft,0.0,1,1.0,Driver,East,Making Left Turn,Pedestrian,South,Proceeding Straight,POINT (-122.39584 37.781322),31.0,1.0,10.0,8.0,08
645,vw_geo_sfpd_cr_switrs_all_types_col_cty_union.fid-c18a0c2_186644fdb18_-41a7,12888,26200000.0,,150868665,37.761781413692,-122.446783403932,SFPD-CROSSROADS,CITY STREET,10/04/2015 08:27:00 AM,2015 October 04,08:27:00,2015,October,Sunday,17TH ST,CLAYTON ST,0.0,Clear,Injury (Other Visible),Vehicle/Pedestrian,Pedestrian,Crossing in Crosswalk at Intersection,Dry,No Unusual Condition,Daylight,Intersection <= 20ft,0.0,1,1.0,Driver,East,Making Left Turn,Pedestrian,North,Proceeding Straight,POINT (-122.446785 37.76178),114.0,7.0,11.0,14.0,08
649,vw_geo_sfpd_cr_switrs_all_types_col_cty_union.fid-c18a0c2_186644fdb18_-475f,15860,24311000.0,,150049332,37.7774574201244,-122.41315769137,SFPD-CROSSROADS,CITY STREET,01/16/2015 07:46:00 PM,2015 January 16,19:46:00,2015,January,Friday,MISSION ST,08TH ST,0.0,Clear,Injury (Complaint of Pain),Vehicle/Pedestrian,Pedestrian,Crossing in Crosswalk at Intersection,Dry,No Unusual Condition,Dark - Street Lights,Intersection <= 20ft,0.0,1,1.0,Driver,South,Making Right Turn,Pedestrian,West,Proceeding Straight,POINT (-122.413155 37.77746),32.0,1.0,10.0,34.0,19
658,vw_geo_sfpd_cr_switrs_all_types_col_cty_union.fid-c18a0c2_186644fdb18_-402d,21250,24459000.0,,151070287,37.7782510170772,-122.419883230578,SFPD-CROSSROADS,CITY STREET,12/11/2015 06:40:00 AM,2015 December 11,06:40:00,2015,December,Friday,GROVE ST,VAN NESS AVE,0.0,Raining,Injury (Other Visible),Vehicle/Pedestrian,Pedestrian,Crossing in Crosswalk at Intersection,Wet,No Unusual Condition,Dark - Street Lights,Intersection <= 20ft,0.0,1,1.0,Driver,South,Making U Turn,Pedestrian,South,Proceeding Straight,POINT (-122.41988 37.77825),21.0,4.0,10.0,36.0,06
662,vw_geo_sfpd_cr_switrs_all_types_col_cty_union.fid-c18a0c2_186644fdb18_-37f8,27954,25002000.0,,160995656,37.7920425144066,-122.409171361601,SFPD-CROSSROADS,CITY STREET,12/08/2016 09:10:00 AM,2016 December 08,09:10:00,2016,December,Thursday,CALIFORNIA ST,POWELL ST,0.0,Raining,Injury (Complaint of Pain),Vehicle/Pedestrian,Pedestrian,Crossing in Crosswalk at Intersection,Wet,No Unusual Condition,Daylight,Intersection <= 20ft,0.0,1,1.0,Driver,East,Making Right Turn,Pedestrian,North,Proceeding Straight,POINT (-122.40917 37.79204),16.0,6.0,3.0,21.0,09
676,vw_geo_sfpd_cr_switrs_all_types_col_cty_union.fid-c18a0c2_186644fdb18_-42dd,24578,24933000.0,7115000.0,150699686,37.7825663405004,-122.415690082527,SFPD-CROSSROADS,CITY STREET,08/11/2015 03:19:00 PM,2015 August 11,15:19:00,2015,August,Tuesday,HYDE ST,TURK ST,7.0,Clear,Injury (Other Visible),Vehicle/Pedestrian,Pedestrian,Crossing in Crosswalk at Intersection,Dry,No Unusual Condition,Daylight,Intersection <= 20ft,0.0,1,1.0,Driver,South,Making Left Turn,Pedestrian,West,Proceeding Straight,POINT (-122.41569 37.782566),20.0,5.0,10.0,36.0,15
685,vw_geo_sfpd_cr_switrs_all_types_col_cty_union.fid-c18a0c2_186644fdb18_-4897,33769,25351000.0,4294000.0,140938836,37.7992227036418,-122.408628711228,SFPD-CROSSROADS,CITY STREET,11/05/2014 09:19:00 PM,2014 November 05,21:19:00,2014,November,Wednesday,COLUMBUS AVE,STOCKTON ST,148.0,Clear,Injury (Other Visible),Vehicle/Pedestrian,Pedestrian,Crossing Not in Crosswalk,Dry,No Unusual Condition,Dark - Street Lights,Midblock > 20ft,0.0,1,1.0,Pedestrian,West,Crossed Into Opposing Lane - Unplanned,Driver,North,Proceeding Straight,POINT (-122.40863 37.79922),106.0,6.0,3.0,6.0,21
688,vw_geo_sfpd_cr_switrs_all_types_col_cty_union.fid-c18a0c2_186644fdb18_-39a2,41833,27804000.000000004,1910000.0,160799113,37.7643899275771,-122.500829455628,SFPD-CROSSROADS,CITY STREET,10/01/2016 08:00:00 PM,2016 October 01,20:00:00,2016,October,Saturday,41ST AVE,LINCOLN WAY,6.0,Clear,Injury (Complaint of Pain),Vehicle/Pedestrian,Pedestrian,Crossing in Crosswalk at Intersection,Dry,No Unusual Condition,Dark - Street Lights,Intersection <= 20ft,0.0,1,1.0,Driver,North,Slowing/Stopping,Pedestrian,West,Other,POINT (-122.50083 37.76439),39.0,10.0,7.0,35.0,20
695,vw_geo_sfpd_cr_switrs_all_types_col_cty_union.fid-c18a0c2_186644fdb18_-4cb9,682,20555000.0,,140254290,37.7166501494448,-122.399828143333,SFPD-CROSSROADS,CITY STREET,03/26/2014 02:14:00 PM,2014 March 26,14:14:00,2014,March,Wednesday,SAN BRUNO AVE,WILDE AVE,0.0,Clear,Injury (Other Visible),Vehicle/Pedestrian,Pedestrian,Crossing Not in Crosswalk,Dry,No Unusual Condition,Daylight,Intersection <= 20ft,0.0,1,2.0,Pedestrian,West,Proceeding Straight,Driver,North,Making Left Turn,POINT (-122.399826 37.716652),91.0,9.0,9.0,25.0,14
708,vw_geo_sfpd_cr_switrs_all_types_col_cty_union.fid-c18a0c2_186644fdb18_-3f20,18966,25898000.0,13524001.0,160091436,37.7723529529229,-122.42880958524,SFPD-CROSSROADS,CITY STREET,01/31/2016 06:41:00 PM,2016 January 31,18:41:00,2016,January,Sunday,WEBSTER ST,HAIGHT ST,14.0,Clear,Injury (Complaint of Pain),Vehicle/Pedestrian,Pedestrian,Crossing in Crosswalk at Intersection,Dry,No Unusual Condition,Dark - Street Lights,Intersection <= 20ft,0.0,1,,Driver,North,Proceeding Straight,Pedestrian,East,Proceeding Straight,POINT (-122.42881 37.772354),26.0,4.0,11.0,9.0,18
710,vw_geo_sfpd_cr_switrs_all_types_col_cty_union.fid-c18a0c2_186644fdb18_-39bd,23018,24490000.0,,160789465,37.7830778543794,-122.393618075401,SFPD-CROSSROADS,CITY STREET,09/28/2016 08:30:00 PM,2016 September 28,20:30:00,2016,September,Wednesday,BRYANT ST,02ND ST,0.0,Clear,Injury (Complaint of Pain),Vehicle/Pedestrian,Pedestrian,Crossing in Crosswalk at Intersection,Dry,No Unusual Condition,Dark - Street Lights,Intersection <= 20ft,0.0,1,1.0,Driver,North,Making Left Turn,Pedestrian,West,Making Right Turn,POINT (-122.393616 37.783077),31.0,1.0,10.0,8.0,20
713,vw_geo_sfpd_cr_switrs_all_types_col_cty_union.fid-c18a0c2_186644fdb18_-4823,30026,25200000.0,,141024379,37.7868275266901,-122.419927947815,SFPD-CROSSROADS,CITY STREET,12/05/2014 12:08:00 AM,2014 December 05,00:08:00,2014,December,Friday,POLK ST,POST ST,0.0,Clear,Injury (Complaint of Pain),Vehicle/Pedestrian,Pedestrian,Crossing in Crosswalk at Intersection,Wet,No Unusual Condition,Dark - Street Lights,Intersection <= 20ft,0.0,1,1.0,Driver,South,Making Left Turn,Pedestrian,North,Parked,POINT (-122.41993 37.786827),50.0,4.0,3.0,36.0,00
714,vw_geo_sfpd_cr_switrs_all_types_col_cty_union.fid-c18a0c2_186644fdb18_-40f5,24782,24925000.0,,150953608,37.7841410125464,-122.410951617678,SFPD-CROSSROADS,CITY STREET,11/01/2015 05:45:00 AM,2015 November 01,05:45:00,2015,November,Sunday,TAYLOR ST,EDDY ST,0.0,Clear,Injury (Other Visible),Vehicle/Pedestrian,Pedestrian,"In Road, Including Shoulder",Dry,No Unusual Condition,Dark - Street Lights,Intersection <= 20ft,0.0,1,1.0,Pedestrian,South,Proceeding Straight,Driver,North,Proceeding Straight,POINT (-122.41095 37.78414),20.0,5.0,10.0,36.0,05
727,vw_geo_sfpd_cr_switrs_all_types_col_cty_union.fid-c18a0c2_186644fdb18_-3f50,4582,22235000.0,,160057961,37.728357551382,-122.451112560458,SFPD-CROSSROADS,CITY STREET,01/21/2016 06:50:00 AM,2016 January 21,06:50:00,2016,January,Thursday,JUDSON AVE,GENNESSEE ST,0.0,Clear,Injury (Complaint of Pain),Sideswipe,Pedestrian,Crossing in Crosswalk at Intersection,Dry,No Unusual Condition,Dusk - Dawn,Intersection <= 20ft,0.0,1,1.0,Driver,West,Proceeding Straight,Pedestrian,South,Proceeding Straight,POINT (-122.45111 37.72836),95.0,9.0,8.0,41.0,06
732,vw_geo_sfpd_cr_switrs_all_types_col_cty_union.fid-c18a0c2_186644fdb18_-4492,16831,24282000.0,330000.0,150453620,37.7803090257341,-122.407876218892,SFPD-CROSSROADS,CITY STREET,05/23/2015 02:19:00 PM,2015 May 23,14:19:00,2015,May,Saturday,06TH ST,NATOMA ST,75.0,Clear,Injury (Other Visible),Vehicle/Pedestrian,Pedestrian,"In Road, Including Shoulder",Dry,No Unusual Condition,Daylight,Midblock > 20ft,0.0,1,1.0,Pedestrian,East,Traveling Wrong Way,Driver,South,Proceeding Straight,POINT (-122.407875 37.780308),32.0,1.0,10.0,34.0,14
734,vw_geo_sfpd_cr_switrs_all_types_col_cty_union.fid-c18a0c2_186644fdb18_-3951,24433,24431000.0,,160831395,37.7816542616751,-122.415505178752,SFPD-CROSSROADS,CITY STREET,10/12/2016 11:34:00 AM,2016 October 12,11:34:00,2016,October,Wednesday,GOLDEN GATE AVE,HYDE ST,0.0,Clear,Injury (Complaint of Pain),Vehicle/Pedestrian,Pedestrian,Crossing in Crosswalk at Intersection,Dry,No Unusual Condition,Daylight,Intersection <= 20ft,0.0,1,1.0,Driver,East,Making Left Turn,Pedestrian,North,Proceeding Straight,POINT (-122.415504 37.781654),21.0,5.0,10.0,36.0,11
736,vw_geo_sfpd_cr_switrs_all_types_col_cty_union.fid-c18a0c2_186644fdb18_-3802,16959,24293000.0,328000.0,160991751,37.7810597809953,-122.408820060136,SFPD-CROSSROADS,CITY STREET,12/06/2016 06:06:00 PM,2016 December 06,18:06:00,2016,December,Tuesday,06TH ST,MISSION ST,46.0,Clear,Injury (Complaint of Pain),Vehicle/Pedestrian,Pedestrian,Crossing Not in Crosswalk,Dry,No Unusual Condition,Dark - Street Lights,Midblock > 20ft,0.0,1,1.0,Pedestrian,East,Not Stated,Driver,South,Proceeding Straight,POINT (-122.40882 37.78106),32.0,5.0,10.0,34.0,18
738,vw_geo_sfpd_cr_switrs_all_types_col_cty_union.fid-c18a0c2_186644fdb18_-399b,29838,25181000.0,10559000.0,160443702,37.7852670712547,-122.419606996804,SFPD-CROSSROADS,CITY STREET,05/31/2016 08:16:00 AM,2016 May 31,08:16:00,2016,May,Tuesday,POLK ST,MYRTLE ST,61.0,Clear,Injury (Severe),Vehicle/Pedestrian,Pedestrian,Crossing Not in Crosswalk,Dry,No Unusual Condition,Daylight,Midblock > 20ft,0.0,1,1.0,Pedestrian,West,Not Stated,Driver,North,Proceeding Straight,POINT (-122.41961 37.785267),20.0,4.0,10.0,36.0,08
744,vw_geo_sfpd_cr_switrs_all_types_col_cty_union.fid-c18a0c2_186644fdb18_-3e94,5007,21855000.000000004,,160161346,37.7366849506761,-122.427155507825,SFPD-CROSSROADS,CITY STREET,02/24/2016 08:40:00 AM,2016 February 24,08:40:00,2016,February,Wednesday,MIGUEL ST,ARLINGTON ST,0.0,Clear,Injury (Other Visible),Vehicle/Pedestrian,Pedestrian,Crossing in Crosswalk at Intersection,Dry,No Unusual Condition,Daylight,Intersection <= 20ft,0.0,1,1.0,Driver,South,Proceeding Straight,Pedestrian,West,Not Stated,POINT (-122.427155 37.736687),59.0,9.0,5.0,10.0,08
746,vw_geo_sfpd_cr_switrs_all_types_col_cty_union.fid-c18a0c2_186644fdb18_-47ed,20445,25915000.0,6899000.0,141057411,37.775489050868,-122.422673309316,SFPD-CROSSROADS,CITY STREET,12/16/2014 06:13:00 PM,2014 December 16,18:13:00,2014,December,Tuesday,HICKORY ST,GOUGH ST,7.0,Raining,Injury (Complaint of Pain),Vehicle/Pedestrian,Pedestrian,Crossing in Crosswalk at Intersection,Wet,No Unusual Condition,Dark - Street Lights,Intersection <= 20ft,0.0,1,1.0,Driver,East,Making Left Turn,Pedestrian,North,Proceeding Straight,POINT (-122.422676 37.77549),21.0,4.0,11.0,9.0,18
749,vw_geo_sfpd_cr_switrs_all_types_col_cty_union.fid-c18a0c2_186644fdb18_-4785,9948,24135000.0,11834000.0,150027225,37.764423780468,-122.416305556779,SFPD-CROSSROADS,CITY STREET,01/09/2015 06:33:00 PM,2015 January 09,18:33:00,2015,January,Friday,16TH ST,FOLSOM ST,300.0,Clear,Injury (Other Visible),Vehicle/Pedestrian,Pedestrian,Crossing Not in Crosswalk,Dry,No Unusual Condition,Dark - No Street Lights,Midblock > 20ft,0.0,1,1.0,Pedestrian,South,Entering Traffic,Driver,West,Proceeding Straight,POINT (-122.416306 37.764423),53.0,3.0,2.0,20.0,18
766,vw_geo_sfpd_cr_switrs_all_types_col_cty_union.fid-c18a0c2_186644fdb18_-4caa,30006,25199000.0,,140264330,37.786358951141,-122.419833091111,SFPD-CROSSROADS,CITY STREET,03/29/2014 10:19:00 PM,2014 March 29,22:19:00,2014,March,Saturday,POLK ST,CEDAR ST,0.0,Cloudy,Injury (Other Visible),Vehicle/Pedestrian,Pedestrian,Crossing Not in Crosswalk,Dry,No Unusual Condition,Dark - Street Lights,Intersection <= 20ft,0.0,1,1.0,Pedestrian,East,Proceeding Straight,Driver,North,Proceeding Straight,POINT (-122.41983 37.786358),50.0,4.0,10.0,36.0,22
770,vw_geo_sfpd_cr_switrs_all_types_col_cty_union.fid-c18a0c2_186644fdb18_-4e53,11983,24183000.0,731000.0,130662619,37.7649278059496,-122.421713854014,SFPD-CROSSROADS,CITY STREET,08/11/2013 01:20:00 AM,2013 August 11,01:20:00,2013,August,Sunday,16TH ST,VALENCIA ST,50.0,Clear,Injury (Complaint of Pain),Vehicle/Pedestrian,Pedestrian,"In Road, Including Shoulder",Dry,Obstruction on Roadway,Dark - Street Lights,Midblock > 20ft,0.0,1,1.0,Driver,East,Making U Turn,Pedestrian,South,Other,POINT (-122.421715 37.764927),53.0,3.0,2.0,20.0,01
772,vw_geo_sfpd_cr_switrs_all_types_col_cty_union.fid-c18a0c2_186644fdb18_-4b3b,23987,24632000.0,,140492014,37.7844787450467,-122.404266872764,SFPD-CROSSROADS,CITY STREET,06/13/2014 07:56:00 PM,2014 June 13,19:56:00,2014,June,Friday,04TH ST,MISSION ST,0.0,Clear,Injury (Severe),Vehicle/Pedestrian,Pedestrian,Crossing in Crosswalk at Intersection,Dry,No Unusual Condition,Daylight,Intersection <= 20ft,0.0,1,1.0,Pedestrian,North,Other,Driver,West,Proceeding Straight,POINT (-122.40427 37.784477),32.0,1.0,10.0,34.0,19
773,vw_geo_sfpd_cr_switrs_all_types_col_cty_union.fid-c18a0c2_186644fdb18_-37ed,18084,25865000.0,8762102.0,160997925,37.7690214343078,-122.426884847831,SFPD-CROSSROADS,CITY STREET,12/08/2016 11:01:00 PM,2016 December 08,23:01:00,2016,December,Thursday,MARKET ST,DOLORES ST,35.0,Raining,Injury (Severe),Vehicle/Pedestrian,Pedestrian,Crossing Not in Crosswalk,Wet,No Unusual Condition,Dark - Street Lights,Midblock > 20ft,0.0,1,2.0,Pedestrian,North,Proceeding Straight,Driver,West,Proceeding Straight,POINT (-122.42689 37.76902),37.0,3.0,5.0,5.0,23
779,vw_geo_sfpd_cr_switrs_all_types_col_cty_union.fid-c18a0c2_186644fdb18_-378b,23793,24634000.0,293000.0,161057491,37.7827119577587,-122.406454637709,SFPD-CROSSROADS,CITY STREET,12/29/2016 07:20:00 PM,2016 December 29,19:20:00,2016,December,Thursday,05TH AVE,MISSION ST,10.0,Clear,Injury (Complaint of Pain),Vehicle/Pedestrian,Pedestrian,Crossing in Crosswalk at Intersection,Dry,No Unusual Condition,Dark - Street Lights,Intersection <= 20ft,0.0,1,1.0,Driver,South,Making Right Turn,Pedestrian,West,Not Stated,POINT (-122.406456 37.78271),32.0,1.0,10.0,34.0,19
783,vw_geo_sfpd_cr_switrs_all_types_col_cty_union.fid-c18a0c2_186644fdb18_-3ef0,37674,22789000.0,,160117537,37.7295985611741,-122.468610984014,SFPD-CROSSROADS,CITY STREET,02/09/2016 07:59:00 AM,2016 February 09,07:59:00,2016,February,Tuesday,OCEAN AVE,SANTA ANA AVE,0.0,Clear,Injury (Complaint of Pain),Vehicle/Pedestrian,Pedestrian,Crossing in Crosswalk at Intersection,Dry,No Unusual Condition,Daylight,Intersection <= 20ft,0.0,1,1.0,Driver,East,Proceeding Straight,Pedestrian,South,Proceeding Straight,POINT (-122.46861 37.7296),63.0,10.0,8.0,41.0,07
787,vw_geo_sfpd_cr_switrs_all_types_col_cty_union.fid-c18a0c2_186644fdb18_-42d1,21067,26041000.0,12125000.0,150706394,37.7756515760334,-122.432838140191,SFPD-CROSSROADS,CITY STREET,08/12/2015 09:45:00 PM,2015 August 12,21:45:00,2015,August,Wednesday,STEINER ST,HAYES ST,10.0,Clear,Injury (Severe),Vehicle/Pedestrian,Pedestrian,"In Road, Including Shoulder",Dry,No Unusual Condition,Dark - Street Lights,Intersection <= 20ft,0.0,1,1.0,Driver,North,Proceeding Straight,Pedestrian,East,Proceeding Straight,POINT (-122.43284 37.77565),23.0,4.0,11.0,9.0,21
788,vw_geo_sfpd_cr_switrs_all_types_col_cty_union.fid-c18a0c2_186644fdb18_-3b7c,3490,20620000.0,,160565196,37.7314782592644,-122.400293258648,SFPD-CROSSROADS,CITY STREET,07/13/2016 08:25:00 AM,2016 July 13,08:25:00,2016,July,Wednesday,VESTA ST,THORNTON AVE,0.0,Clear,Injury (Complaint of Pain),Vehicle/Pedestrian,Pedestrian,Crossing in Crosswalk at Intersection,Dry,No Unusual Condition,Daylight,Intersection <= 20ft,0.0,1,1.0,Driver,South,Making Right Turn,Pedestrian,West,Other,POINT (-122.40029 37.73148),87.0,2.0,9.0,1.0,08
790,vw_geo_sfpd_cr_switrs_all_types_col_cty_union.fid-c18a0c2_186644fdb18_-397b,2120,22079000.0,,160974616,37.7230850483719,-122.443273779542,SFPD-CROSSROADS,CITY STREET,11/30/2016 06:19:00 PM,2016 November 30,18:19:00,2016,November,Wednesday,OCEAN AVE,DELANO AVE,0.0,Clear,Fatal,Vehicle/Pedestrian,Pedestrian,Crossing in Crosswalk at Intersection,Dry,No Unusual Condition,Dark - Street Lights,Intersection <= 20ft,1.0,0,1.0,Driver,East,Proceeding Straight,Pedestrian,North,Not Stated,POINT (-122.443275 37.723083),80.0,9.0,1.0,28.0,18
794,vw_geo_sfpd_cr_switrs_all_types_col_cty_union.fid-c18a0c2_186644fdb18_-444b,18539,24388000.0,,150496432,37.773053453993,-122.418618216707,SFPD-CROSSROADS,CITY STREET,06/07/2015 01:14:00 AM,2015 June 07,01:14:00,2015,June,Sunday,VAN NESS AVE,MISSION ST,0.0,Clear,Injury (Complaint of Pain),Vehicle/Pedestrian,Pedestrian,Crossing in Crosswalk at Intersection,Dry,No Unusual Condition,Dark - Street Lights,Intersection <= 20ft,0.0,1,2.0,Driver,South,Proceeding Straight,Pedestrian,West,Other,POINT (-122.41862 37.773052),32.0,1.0,10.0,20.0,01
801,vw_geo_sfpd_cr_switrs_all_types_col_cty_union.fid-c18a0c2_186644fdb18_-4131,29577,26514000.0,,150921871,37.7849538797029,-122.427988927016,SFPD-CROSSROADS,CITY STREET,10/21/2015 08:55:00 PM,2015 October 21,20:55:00,2015,October,Wednesday,GEARY BLVD,LAGUNA ST,0.0,Clear,Injury (Other Visible),Broadside,Pedestrian,Crossing in Crosswalk at Intersection,Dry,No Unusual Condition,Dark - Street Lights,Intersection <= 20ft,0.0,1,1.0,Driver,West,Making Right Turn,Pedestrian,South,Other,POINT (-122.427986 37.784954),100.0,4.0,11.0,39.0,20
814,vw_geo_sfpd_cr_switrs_all_types_col_cty_union.fid-c18a0c2_186644fdb18_-4239,9902,24053000.0,,150787435,37.7638232073323,-122.413587569369,SFPD-CROSSROADS,CITY STREET,09/08/2015 07:25:00 AM,2015 September 08,07:25:00,2015,September,Tuesday,17TH ST,TREAT AVE,0.0,Clear,Injury (Other Visible),Vehicle/Pedestrian,Pedestrian,Crossing Not in Crosswalk,Dry,No Unusual Condition,Daylight,Intersection <= 20ft,0.0,1,1.0,Pedestrian,South,Proceeding Straight,Driver,East,Proceeding Straight,POINT (-122.41359 37.763824),53.0,3.0,2.0,20.0,07
815,vw_geo_sfpd_cr_switrs_all_types_col_cty_union.fid-c18a0c2_186644fdb18_-4fbd,37285,23016000.0,7708102.0,130994371,37.7216523117123,-122.472305464722,SFPD-CROSSROADS,CITY STREET,11/23/2013 06:05:00 PM,2013 November 23,18:05:00,2013,November,Saturday,JUNIPERO SERRA BLVD,HOLLOWAY AVE,12.0,Clear,Injury (Severe),Vehicle/Pedestrian,Pedestrian,Crossing in Crosswalk at Intersection,Dry,No Unusual Condition,Dark - Street Lights,Intersection <= 20ft,0.0,1,1.0,Pedestrian,West,Not Stated,Driver,North,Proceeding Straight,POINT (-122.472305 37.721653),67.0,10.0,8.0,41.0,18
821,vw_geo_sfpd_cr_switrs_all_types_col_cty_union.fid-c18a0c2_186644fdb18_-3be4,15938,30745000.0,,160508475,37.7774938436824,-122.416291701394,SFPD-CROSSROADS,CITY STREET,06/23/2016 08:18:00 AM,2016 June 23,08:18:00,2016,June,Thursday,MARKET ST,09TH ST,0.0,Clear,Injury (Other Visible),Vehicle/Pedestrian,Pedestrian,Crossing Not in Crosswalk,Dry,No Unusual Condition,Daylight,Intersection <= 20ft,0.0,1,1.0,Pedestrian,North,Not Stated,Driver,East,Proceeding Straight,POINT (-122.41629 37.777493),32.0,5.0,10.0,34.0,08
823,vw_geo_sfpd_cr_switrs_all_types_col_cty_union.fid-c18a0c2_186644fdb18_-4336,9635,23746000.0,,150652559,37.7662502528649,-122.399760960129,SFPD-CROSSROADS,CITY STREET,07/27/2015 09:27:00 AM,2015 July 27,09:27:00,2015,July,Monday,16TH ST,WISCONSIN ST,0.0,Clear,Injury (Other Visible),Vehicle/Pedestrian,Pedestrian,Crossing in Crosswalk at Intersection,Dry,No Unusual Condition,Daylight,Intersection <= 20ft,0.0,1,1.0,Driver,West,Entering Traffic,Pedestrian,South,Not Stated,POINT (-122.39976 37.76625),54.0,1.0,9.0,4.0,09
827,vw_geo_sfpd_cr_switrs_all_types_col_cty_union.fid-c18a0c2_186644fdb18_-4cd9,27626,24724000.0,,140237826,37.7907600957035,-122.404030723642,SFPD-CROSSROADS,CITY STREET,03/20/2014 08:18:00 PM,2014 March 20,20:18:00,2014,March,Thursday,KEARNY ST,BUSH ST,0.0,Clear,Injury (Complaint of Pain),Vehicle/Pedestrian,Pedestrian,Crossing in Crosswalk at Intersection,Dry,No Unusual Condition,Dark - Street Lights,Intersection <= 20ft,0.0,1,1.0,Driver,East,Making Left Turn,Pedestrian,West,Proceeding Straight,POINT (-122.40403 37.79076),19.0,6.0,3.0,8.0,20
830,vw_geo_sfpd_cr_switrs_all_types_col_cty_union.fid-c18a0c2_186644fdb18_-4d22,2155,22105000.0,,140193563,37.720724223985,-122.446608650168,SFPD-CROSSROADS,CITY STREET,03/15/2014 08:25:00 PM,2014 March 15,20:25:00,2014,March,Saturday,SAN JOSE AVE,GENEVA AVE,0.0,Clear,Injury (Complaint of Pain),Sideswipe,Pedestrian,Crossing in Crosswalk Not at Intersection,Dry,No Unusual Condition,Dark - Street Lights,Intersection <= 20ft,0.0,1,,Pedestrian,East,Slowing/Stopping,Driver,North,Entering Traffic,POINT (-122.44661 37.720726),80.0,9.0,1.0,28.0,20
831,vw_geo_sfpd_cr_switrs_all_types_col_cty_union.fid-c18a0c2_186644fdb18_-4803,39463,23210000.0,10857000.0,141044167,37.7485180471863,-122.478969152067,SFPD-CROSSROADS,CITY STREET,12/12/2014 07:55:00 AM,2014 December 12,07:55:00,2014,December,Friday,QUINTARA ST,22ND AVE,95.0,Raining,Injury (Complaint of Pain),Vehicle/Pedestrian,Pedestrian,Crossing Not in Crosswalk,Wet,No Unusual Condition,Daylight,Midblock > 20ft,0.0,1,1.0,Driver,West,Passing Other Vehicle,Pedestrian,South,Other,POINT (-122.478966 37.74852),39.0,10.0,7.0,35.0,07
836,vw_geo_sfpd_cr_switrs_all_types_col_cty_union.fid-c18a0c2_186644fdb18_-4fcf,1385,21480000.0,,130981516,37.7146606192584,-122.442564962969,SFPD-CROSSROADS,CITY STREET,11/19/2013 06:26:00 PM,2013 November 19,18:26:00,2013,November,Tuesday,MISSION ST,ALLISON ST,0.0,Raining,Injury (Other Visible),Vehicle/Pedestrian,Pedestrian,Crossing in Crosswalk at Intersection,Wet,No Unusual Condition,Dark - Street Lights,Intersection <= 20ft,0.0,1,1.0,Driver,North,Making Left Turn,Pedestrian,East,Not Stated,POINT (-122.442566 37.71466),80.0,9.0,1.0,7.0,18
856,vw_geo_sfpd_cr_switrs_all_types_col_cty_union.fid-c18a0c2_186644fdb18_-4975,20922,25950000.0,,140815353,37.7751111801891,-122.429365859294,SFPD-CROSSROADS,CITY STREET,09/27/2014 11:00:00 AM,2014 September 27,11:00:00,2014,September,Saturday,FELL ST,WEBSTER ST,0.0,Clear,Injury (Complaint of Pain),Vehicle/Pedestrian,Pedestrian,Crossing in Crosswalk at Intersection,Dry,No Unusual Condition,Daylight,Intersection <= 20ft,0.0,1,1.0,Driver,West,Making Left Turn,Pedestrian,West,Proceeding Straight,POINT (-122.42937 37.775112),22.0,4.0,11.0,9.0,11