,id,unique_id,cnn_intrsctn_fkey,cnn_sgmt_fkey,case_id_pkey,tb_latitude,tb_longitude,geocode_source,geocode_location,collision_datetime,collision_date,collision_time,accident_year,month,day_of_week,primary_rd,secondary_rd,distance,weather_1,collision_severity,type_of_collision,mviw,ped_action,road_surface,road_cond_1,lighting,intersection,number_killed,number_injured,party_at_fault,party1_type,party1_dir_of_travel,party1_move_pre_acc,party2_type,party2_dir_of_travel,party2_move_pre_acc,point,Neighborhoods,Current Police Districts,Current Supervisor Districts,Analysis Neighborhoods,hour
868,vw_geo_sfpd_cr_switrs_all_types_col_cty_union.fid-c18a0c2_186644fdb18_-4a98,11175,24150000.0,878000.0,140603299,37.761792969277,-122.420065129155,SFPD-CROSSROADS,CITY STREET,07/20/2014 07:00:00 PM,2014 July 20,19:00:00,2014,July,Sunday,18TH ST,SAN CARLOS ST,18.0,Clear,Injury (Complaint of Pain),Sideswipe,Pedestrian,Crossing Not in Crosswalk,Dry,No Unusual Condition,Daylight,Intersection <= 20ft,0.0,1,1.0,Pedestrian,North,Entering Traffic,Driver,East,Proceeding Straight,POINT (-122.42007 37.76179),53.0,3.0,2.0,20.0,19
874,vw_geo_sfpd_cr_switrs_all_types_col_cty_union.fid-c18a0c2_186644fdb18_-40ad,12842,25830000.0,8771201.0,150994549,37.7617061049303,-122.438378713394,SFPD-CROSSROADS,CITY STREET,11/15/2015 10:18:00 AM,2015 November 15,10:18:00,2015,November,Sunday,MARKET ST,EUREKA ST,5.0,Clear,Injury (Complaint of Pain),Vehicle/Pedestrian,Pedestrian,Crossing in Crosswalk at Intersection,Dry,No Unusual Condition,Daylight,Intersection <= 20ft,0.0,1,1.0,Driver,West,Making Right Turn,Pedestrian,South,Not Stated,POINT (-122.43838 37.761707),115.0,3.0,5.0,5.0,10
875,vw_geo_sfpd_cr_switrs_all_types_col_cty_union.fid-c18a0c2_186644fdb18_-47c5,8585,23959000.0,1334000.0,141084185,37.7527337290042,-122.410154076569,SFPD-CROSSROADS,CITY STREET,12/25/2014 06:45:00 PM,2014 December 25,18:45:00,2014,December,Thursday,24TH ST,FLORIDA ST,25.0,Clear,Injury (Complaint of Pain),Vehicle/Pedestrian,Pedestrian,Crossing Not in Crosswalk,Dry,No Unusual Condition,Dark - Street Lights,Midblock > 20ft,0.0,1,1.0,Pedestrian,North,Proceeding Straight,Driver,East,Proceeding Straight,POINT (-122.41016 37.752735),53.0,3.0,2.0,20.0,18
879,vw_geo_sfpd_cr_switrs_all_types_col_cty_union.fid-c18a0c2_186644fdb18_-3fbe,16435,23940000.0,,151127026,37.7810765967928,-122.404403682588,SFPD-CROSSROADS,CITY STREET,12/31/2015 09:31:00 PM,2015 December 31,21:31:00,2015,December,Thursday,05TH ST,TEHAMA ST,0.0,Clear,Injury (Complaint of Pain),Vehicle/Pedestrian,Pedestrian,Crossing in Crosswalk at Intersection,Dry,No Unusual Condition,Dark - Street Lights,Intersection <= 20ft,0.0,1,1.0,Driver,West,Making Left Turn,Pedestrian,East,Proceeding Straight,POINT (-122.4044 37.78108),32.0,1.0,10.0,34.0,21
883,vw_geo_sfpd_cr_switrs_all_types_col_cty_union.fid-c18a0c2_186644fdb18_-4106,37410,22223000.0,,150946910,37.7234570073183,-122.454115753319,SFPD-CROSSROADS,CITY STREET,10/29/2015 09:35:00 PM,2015 October 29,21:35:00,2015,October,Thursday,OCEAN AVE,LEE AVE,0.0,Clear,Injury (Complaint of Pain),Vehicle/Pedestrian,Pedestrian,Crossing in Crosswalk at Intersection,Dry,No Unusual Condition,Dark - Street Lights,Intersection <= 20ft,0.0,1,1.0,Driver,West,Making Left Turn,Pedestrian,North,Proceeding Straight,POINT (-122.45412 37.723457),64.0,10.0,8.0,24.0,21
897,vw_geo_sfpd_cr_switrs_all_types_col_cty_union.fid-c18a0c2_186644fdb18_-4838,31171,26836000.000000004,8843201.0,141010243,37.7823136132024,-122.447360855732,SFPD-CROSSROADS,CITY STREET,11/29/2014 07:20:00 PM,2014 November 29,19:20:00,2014,November,Saturday,MASONIC AVE,GEARY BLVD,34.0,Raining,Injury (Other Visible),Vehicle/Pedestrian,Pedestrian,Crossing Not in Crosswalk,Wet,No Unusual Condition,Dark - Street Lights,Midblock > 20ft,0.0,1,1.0,Pedestrian,West,Proceeding Straight,Driver,South,Proceeding Straight,POINT (-122.44736 37.782314),12.0,8.0,4.0,18.0,19
898,vw_geo_sfpd_cr_switrs_all_types_col_cty_union.fid-c18a0c2_186644fdb18_-3dae,37765,23069000.0,928201.0,160270000,37.7267750884824,-122.475050152064,SFPD-CROSSROADS,CITY STREET,04/01/2016 08:51:00 PM,2016 April 01,20:51:00,2016,April,Friday,19TH AVE,WINSTON DR,97.0,Clear,Injury (Other Visible),Vehicle/Pedestrian,Pedestrian,Crossing Not in Crosswalk,Dry,No Unusual Condition,Dark - Street Lights,Midblock > 20ft,0.0,1,1.0,Pedestrian,East,Proceeding Straight,Driver,South,Proceeding Straight,POINT (-122.47505 37.726776),41.0,10.0,8.0,16.0,20
901,vw_geo_sfpd_cr_switrs_all_types_col_cty_union.fid-c18a0c2_186644fdb18_-3fab,27876,25090000.0,,160012783,37.7904631146217,-122.413915879351,SFPD-CROSSROADS,CITY STREET,01/05/2016 06:43:00 PM,2016 January 05,18:43:00,2016,January,Tuesday,JONES ST,PINE ST,0.0,Clear,Injury (Complaint of Pain),Vehicle/Pedestrian,Pedestrian,Crossing in Crosswalk at Intersection,Dry,No Unusual Condition,Dark - Street Lights,Intersection <= 20ft,0.0,1,1.0,Driver,South,Making Left Turn,Pedestrian,West,Proceeding Straight,POINT (-122.41392 37.790462),50.0,6.0,3.0,21.0,18
907,vw_geo_sfpd_cr_switrs_all_types_col_cty_union.fid-c18a0c2_186644fdb18_-478f,22542,26451000.000000004,5899000.0,150015101,37.7754029691827,-122.4496053929,SFPD-CROSSROADS,CITY STREET,01/06/2015 01:30:00 AM,2015 January 06,01:30:00,2015,January,Tuesday,FULTON ST,CLAYTON ST,30.0,Clear,Injury (Complaint of Pain),Vehicle/Pedestrian,Pedestrian,"In Road, Including Shoulder",Dry,"Holes, Deep Ruts",Dark - Street Lights,Midblock > 20ft,0.0,1,1.0,Driver,East,Entering Traffic,Pedestrian,East,Other,POINT (-122.44961 37.775402),12.0,7.0,11.0,18.0,01
908,vw_geo_sfpd_cr_switrs_all_types_col_cty_union.fid-c18a0c2_186644fdb18_-4fc2,36978,22551000.0,7710201.0,130784081,37.7162297061819,-122.472410096494,SFPD-CROSSROADS,CITY STREET,09/17/2013 10:45:00 PM,2013 September 17,22:45:00,2013,September,Tuesday,JUNIPERO SERRA BLVD,19TH AVE,345.0,Clear,Injury (Severe),Vehicle/Pedestrian,Pedestrian,Crossing Not in Crosswalk,Dry,No Unusual Condition,Dark - Street Lights,Midblock > 20ft,0.0,2,1.0,Pedestrian,West,Other,Driver,South,Proceeding Straight,POINT (-122.47241 37.71623),65.0,10.0,8.0,24.0,22
912,vw_geo_sfpd_cr_switrs_all_types_col_cty_union.fid-c18a0c2_186644fdb18_-4af6,11348,24174000.0,,140535620,37.7632997680863,-122.421731521462,SFPD-CROSSROADS,CITY STREET,06/28/2014 01:00:00 PM,2014 June 28,13:00:00,2014,June,Saturday,17TH ST,VALENCIA ST,0.0,Clear,Injury (Complaint of Pain),Vehicle/Pedestrian,Pedestrian,Crossing in Crosswalk at Intersection,Dry,No Unusual Condition,Daylight,Intersection <= 20ft,0.0,1,1.0,Driver,East,Making Left Turn,Pedestrian,North,Proceeding Straight,POINT (-122.42173 37.763298),53.0,3.0,2.0,20.0,13
914,vw_geo_sfpd_cr_switrs_all_types_col_cty_union.fid-c18a0c2_186644fdb18_-4940,17785,24403000.0,13054000.0,140841091,37.7698383827218,-122.422362009983,SFPD-CROSSROADS,CITY STREET,10/05/2014 07:30:00 PM,2014 October 05,19:30:00,2014,October,Sunday,DUBOCE AVE,VALENCIA ST,9.0,Clear,Injury (Severe),Vehicle/Pedestrian,Pedestrian,Crossing in Crosswalk at Intersection,Dry,No Unusual Condition,Dark - Street Lights,Intersection <= 20ft,0.0,3,1.0,Pedestrian,North,Not Stated,Driver,West,Proceeding Straight,POINT (-122.42236 37.76984),53.0,3.0,2.0,20.0,19
922,vw_geo_sfpd_cr_switrs_all_types_col_cty_union.fid-c18a0c2_186644fdb18_-4a1d,29727,26590000.0,,140689885,37.7843550561563,-122.432914247785,SFPD-CROSSROADS,CITY STREET,08/17/2014 06:30:00 PM,2014 August 17,18:30:00,2014,August,Sunday,FILLMORE ST,GEARY BLVD,0.0,Clear,Injury (Complaint of Pain),Vehicle/Pedestrian,Pedestrian,Crossing in Crosswalk at Intersection,Dry,No Unusual Condition,Daylight,Intersection <= 20ft,0.0,1,1.0,Driver,North,Making Right Turn,Pedestrian,South,Proceeding Straight,POINT (-122.432915 37.784355),103.0,4.0,11.0,39.0,18
925,vw_geo_sfpd_cr_switrs_all_types_col_cty_union.fid-c18a0c2_186644fdb18_-4b01,23905,24590000.0,,140529253,37.7850302847929,-122.400468484027,SFPD-CROSSROADS,CITY STREET,06/26/2014 10:52:00 AM,2014 June 26,10:52:00,2014,June,Thursday,HOWARD ST,03RD ST,0.0,Clear,Injury (Complaint of Pain),Vehicle/Pedestrian,Pedestrian,Crossing in Crosswalk at Intersection,Dry,No Unusual Condition,Daylight,Intersection <= 20ft,0.0,1,1.0,Driver,West,Making Left Turn,Pedestrian,South,Proceeding Straight,POINT (-122.40047 37.78503),32.0,1.0,10.0,8.0,10
926,vw_geo_sfpd_cr_switrs_all_types_col_cty_union.fid-c18a0c2_186644fdb18_-417f,8936,24083000.0,12028000.0,150886043,37.7569433008122,-122.416698221357,SFPD-CROSSROADS,CITY STREET,10/10/2015 12:10:00 AM,2015 October 10,00:10:00,2015,October,Saturday,VAN NESS AVE,21ST ST,82.0,Clear,Injury (Other Visible),Vehicle/Pedestrian,Pedestrian,Crossing Not in Crosswalk,Dry,No Unusual Condition,Dark - Street Lights,Midblock > 20ft,0.0,1,1.0,Pedestrian,East,Not Stated,Driver,South,Proceeding Straight,POINT (-122.416695 37.756943),53.0,3.0,2.0,20.0,00
941,vw_geo_sfpd_cr_switrs_all_types_col_cty_union.fid-c18a0c2_186644fdb18_-3a36,27879,25090000.0,,160735941,37.7904631146217,-122.413915879351,SFPD-CROSSROADS,CITY STREET,09/10/2016 06:13:00 PM,2016 September 10,18:13:00,2016,September,Saturday,PINE ST,JONES ST,0.0,Cloudy,Injury (Other Visible),Vehicle/Pedestrian,Pedestrian,Crossing in Crosswalk at Intersection,Dry,No Unusual Condition,Daylight,Intersection <= 20ft,0.0,1,1.0,Driver,West,Making Left Turn,Pedestrian,West,Proceeding Straight,POINT (-122.41392 37.790462),50.0,6.0,3.0,21.0,18
945,vw_geo_sfpd_cr_switrs_all_types_col_cty_union.fid-c18a0c2_186644fdb18_-4ba6,46593,26810000.0,,190088243,37.7861795834,-122.440061199,SFPD-INTERIM DB,CITY STREET,02/04/2019 08:41:00 PM,2019 February 04,20:41:00,2019,February,Monday,DIVISADERO ST,BUSH ST,0.0,Raining,Injury (Other Visible),Sideswipe,Pedestrian,Crossing in Crosswalk at Intersection,Wet,No Unusual Condition,Dark - Street Lights,Intersection <= 20ft,0.0,1,,Driver,East,Making Left Turn,Pedestrian,South,Proceeding Straight,POINT (-122.44006 37.78618),103.0,4.0,6.0,30.0,20
946,vw_geo_sfpd_cr_switrs_all_types_col_cty_union.fid-c18a0c2_186644fdb18_-498b,28252,24996000.0,,140802601,37.7931783014561,-122.407727186831,SFPD-CROSSROADS,CITY STREET,09/23/2014 11:02:00 AM,2014 September 23,11:02:00,2014,September,Tuesday,STOCKTON ST,SACRAMENTO ST,0.0,Clear,Injury (Complaint of Pain),Vehicle/Pedestrian,Pedestrian,Crossing in Crosswalk at Intersection,Dry,No Unusual Condition,Daylight,Intersection <= 20ft,0.0,1,1.0,Driver,South,Making Left Turn,Pedestrian,West,Proceeding Straight,POINT (-122.40773 37.79318),16.0,6.0,3.0,6.0,11
949,vw_geo_sfpd_cr_switrs_all_types_col_cty_union.fid-c18a0c2_186644fdb18_-4bc8,26071,25153000.0,,140403798,37.7855824742843,-122.414617207568,SFPD-CROSSROADS,CITY STREET,05/14/2014 12:56:00 PM,2014 May 14,12:56:00,2014,May,Wednesday,OFARRELL ST,LEAVENWORTH ST,0.0,Clear,Injury (Other Visible),Vehicle/Pedestrian,Pedestrian,Crossing Not in Crosswalk,Dry,No Unusual Condition,Daylight,Intersection <= 20ft,0.0,1,1.0,Pedestrian,North,Stopped In Road,Driver,East,Proceeding Straight,POINT (-122.41462 37.785583),20.0,5.0,10.0,36.0,12
950,vw_geo_sfpd_cr_switrs_all_types_col_cty_union.fid-c18a0c2_186644fdb18_-4a66,34960,26696000.0,,140643433,37.8013037197644,-122.424538325534,SFPD-CROSSROADS,CITY STREET,08/02/2014 11:04:00 PM,2014 August 02,23:04:00,2014,August,Saturday,VAN NESS AVE,LOMBARD ST,0.0,Clear,Injury (Complaint of Pain),Vehicle/Pedestrian,Pedestrian,Crossing in Crosswalk at Intersection,Dry,No Unusual Condition,Dark - Street Lights,Intersection <= 20ft,0.0,1,1.0,Driver,North,Making Left Turn,Pedestrian,West,Proceeding Straight,POINT (-122.42454 37.801304),17.0,4.0,6.0,13.0,23
952,vw_geo_sfpd_cr_switrs_all_types_col_cty_union.fid-c18a0c2_186644fdb18_-3f59,20083,26420000.0,,160054133,37.7725789166981,-122.449143173081,SFPD-CROSSROADS,CITY STREET,01/19/2016 08:36:00 PM,2016 January 19,20:36:00,2016,January,Tuesday,FELL ST,CLAYTON ST,0.0,Cloudy,Injury (Severe),Vehicle/Pedestrian,Pedestrian,Crossing Not in Crosswalk,Dry,No Unusual Condition,Dark - Street Lights,Intersection <= 20ft,0.0,1,1.0,Pedestrian,North,Not Stated,Driver,West,Proceeding Straight,POINT (-122.44914 37.77258),24.0,7.0,11.0,18.0,20
954,vw_geo_sfpd_cr_switrs_all_types_col_cty_union.fid-c18a0c2_186644fdb18_-38a6,974,21379000.0,6148101.0,160911345,37.712593530729,-122.43084205654,SFPD-CROSSROADS,CITY STREET,11/08/2016 07:00:00 PM,2016 November 08,19:00:00,2016,November,Tuesday,GENEVA AVE,PRAGUE ST,320.0,Clear,Injury (Severe),Vehicle/Pedestrian,Pedestrian,Crossing Not in Crosswalk,Dry,No Unusual Condition,Dark - Street Lights,Midblock > 20ft,0.0,1,1.0,Pedestrian,North,Proceeding Straight,Driver,West,Proceeding Straight,POINT (-122.43084 37.712593),58.0,9.0,1.0,7.0,19
956,vw_geo_sfpd_cr_switrs_all_types_col_cty_union.fid-c18a0c2_186644fdb18_-4275,12271,24171000.0,,150759199,37.7666736014155,-122.419825234445,SFPD-CROSSROADS,CITY STREET,08/29/2015 11:40:00 PM,2015 August 29,23:40:00,2015,August,Saturday,MISSION ST,15TH ST,0.0,Clear,Injury (Complaint of Pain),Vehicle/Pedestrian,Pedestrian,Crossing in Crosswalk at Intersection,Dry,No Unusual Condition,Dark - Street Lights,Intersection <= 20ft,0.0,1,1.0,Driver,South,Making Left Turn,Pedestrian,East,Not Stated,POINT (-122.41982 37.766674),53.0,3.0,2.0,20.0,23
959,vw_geo_sfpd_cr_switrs_all_types_col_cty_union.fid-c18a0c2_186644fdb18_-3e90,28961,25186000.0,,160164845,37.7828941222,-122.420817003265,SFPD-CROSSROADS,CITY STREET,02/25/2016 09:24:00 AM,2016 February 25,09:24:00,2016,February,Thursday,EDDY ST,VAN NESS AVE,0.0,Clear,Injury (Complaint of Pain),Vehicle/Pedestrian,Pedestrian,"In Road, Including Shoulder",Dry,No Unusual Condition,Daylight,Intersection <= 20ft,0.0,1,1.0,Pedestrian,West,Other,Driver,West,Slowing/Stopping,POINT (-122.420815 37.782894),20.0,4.0,10.0,36.0,09
965,vw_geo_sfpd_cr_switrs_all_types_col_cty_union.fid-c18a0c2_186644fdb18_-493a,15315,23928000.000000004,,140845758,37.7761619790084,-122.405476062628,SFPD-CROSSROADS,CITY STREET,10/07/2014 07:55:00 AM,2014 October 07,07:55:00,2014,October,Tuesday,HARRISON ST,SHERMAN ST,0.0,Clear,Injury (Complaint of Pain),Vehicle/Pedestrian,Pedestrian,Crossing in Crosswalk at Intersection,Dry,No Unusual Condition,Daylight,Intersection <= 20ft,0.0,1,1.0,Driver,South,Proceeding Straight,Pedestrian,East,Proceeding Straight,POINT (-122.40548 37.77616),32.0,1.0,10.0,34.0,07
984,vw_geo_sfpd_cr_switrs_all_types_col_cty_union.fid-c18a0c2_186644fdb18_-48e7,7359,22424000.0,,140889819,37.7445928955044,-122.453364841691,SFPD-CROSSROADS,CITY STREET,10/21/2014 08:00:00 AM,2014 October 21,08:00:00,2014,October,Tuesday,PORTOLA DR,FOWLER AVE,0.0,Clear,Injury (Other Visible),Vehicle/Pedestrian,Pedestrian,Crossing Not in Crosswalk,Dry,No Unusual Condition,Daylight,Intersection <= 20ft,0.0,1,1.0,Pedestrian,East,Entering Traffic,Driver,North,Making Right Turn,POINT (-122.45336 37.744595),72.0,9.0,8.0,41.0,08
991,vw_geo_sfpd_cr_switrs_all_types_col_cty_union.fid-c18a0c2_186644fdb18_-3ea1,7069,21329000.000000004,,160151353,37.7423753982582,-122.421968762037,SFPD-CROSSROADS,CITY STREET,02/20/2016 06:19:00 PM,2016 February 20,18:19:00,2016,February,Saturday,MISSION ST,30TH ST,0.0,Clear,Injury (Other Visible),Vehicle/Pedestrian,Pedestrian,Crossing in Crosswalk at Intersection,Dry,No Unusual Condition,Dark - Street Lights,Intersection <= 20ft,0.0,1,1.0,Driver,North,Making Left Turn,Pedestrian,East,Other,POINT (-122.42197 37.742374),83.0,9.0,2.0,2.0,18
999,vw_geo_sfpd_cr_switrs_all_types_col_cty_union.fid-c18a0c2_186644fdb18_-4907,40141,27336000.0,,140872507,37.7541927119471,-122.477548503338,SFPD-CROSSROADS,CITY STREET,10/15/2014 02:25:00 PM,2014 October 15,14:25:00,2014,October,Wednesday,20TH AVE,NORIEGA ST,0.0,Cloudy,Injury (Other Visible),Vehicle/Pedestrian,Pedestrian,Crossing Not in Crosswalk,Dry,No Unusual Condition,Daylight,Intersection <= 20ft,0.0,1,1.0,Pedestrian,North,Proceeding Straight,Driver,West,Proceeding Straight,POINT (-122.47755 37.754192),39.0,10.0,7.0,35.0,14
1003,vw_geo_sfpd_cr_switrs_all_types_col_cty_union.fid-c18a0c2_186644fdb18_-4ad5,14139,24209000.0,,140560677,37.7725264437977,-122.410076848136,SFPD-CROSSROADS,CITY STREET,07/06/2014 05:00:00 PM,2014 July 06,17:00:00,2014,July,Sunday,09TH ST,HARRISON ST,0.0,Clear,Injury (Complaint of Pain),Vehicle/Pedestrian,Pedestrian,Crossing in Crosswalk at Intersection,Dry,No Unusual Condition,Daylight,Intersection <= 20ft,0.0,1,1.0,Driver,West,Making Left Turn,Pedestrian,South,Proceeding Straight,POINT (-122.41008 37.772526),32.0,1.0,10.0,34.0,17
1012,vw_geo_sfpd_cr_switrs_all_types_col_cty_union.fid-c18a0c2_186644fdb18_-4cd6,42770,27515000.0,5930000.0,140240722,37.77261924576,-122.483092506151,SFPD-CROSSROADS,CITY STREET,03/21/2014 09:26:00 PM,2014 March 21,21:26:00,2014,March,Friday,FULTON ST,24TH AVE,8.0,Clear,Injury (Complaint of Pain),Vehicle/Pedestrian,Pedestrian,Crossing in Crosswalk at Intersection,Dry,No Unusual Condition,Dark - Street Lights,Intersection <= 20ft,0.0,1,1.0,Driver,East,Proceeding Straight,Pedestrian,South,Proceeding Straight,POINT (-122.48309 37.772617),9.0,8.0,4.0,12.0,21
1013,vw_geo_sfpd_cr_switrs_all_types_col_cty_union.fid-c18a0c2_186644fdb18_-4401,19256,26413000.000000004,4240000.0,150537707,37.7685791622226,-122.450519057005,SFPD-CROSSROADS,CITY STREET,06/19/2015 03:30:00 PM,2015 June 19,15:30:00,2015,June,Friday,COLE ST,WALLER ST,5.0,Clear,Injury (Complaint of Pain),Broadside,Pedestrian,Crossing Not in Crosswalk,Dry,No Unusual Condition,Daylight,Intersection <= 20ft,0.0,1,,Driver,South,Proceeding Straight,Pedestrian,West,Making Left Turn,POINT (-122.450516 37.768578),29.0,7.0,11.0,3.0,15
1039,vw_geo_sfpd_cr_switrs_all_types_col_cty_union.fid-c18a0c2_186644fdb18_-3835,11505,25813000.0,,160978163,37.7608889329779,-122.435000701814,SFPD-CROSSROADS,CITY STREET,12/01/2016 09:12:00 PM,2016 December 01,21:12:00,2016,December,Thursday,18TH ST,CASTRO ST,0.0,Clear,Injury (Complaint of Pain),Vehicle/Pedestrian,Pedestrian,Crossing in Crosswalk at Intersection,Dry,No Unusual Condition,Dusk - Dawn,Intersection <= 20ft,0.0,1,,Driver,South,Making Right Turn,Pedestrian,South,Proceeding Straight,POINT (-122.435 37.760887),38.0,3.0,5.0,5.0,21
1040,vw_geo_sfpd_cr_switrs_all_types_col_cty_union.fid-c18a0c2_186644fdb18_-3db9,16834,24285000.0,9045000.0,160262819,37.7804372187313,-122.408286362831,SFPD-CROSSROADS,CITY STREET,03/30/2016 03:34:00 PM,2016 March 30,15:34:00,2016,March,Wednesday,MINNA ST,06TH ST,51.0,Clear,Injury (Complaint of Pain),Vehicle/Pedestrian,Pedestrian,Crossing Not in Crosswalk,Dry,No Unusual Condition,Daylight,Midblock > 20ft,0.0,1,1.0,Driver,East,Backing,Pedestrian,North,Other,POINT (-122.40829 37.780437),32.0,1.0,10.0,34.0,15
1041,vw_geo_sfpd_cr_switrs_all_types_col_cty_union.fid-c18a0c2_186644fdb18_-41c6,27631,24724000.0,,150851892,37.7907600957035,-122.404030723642,SFPD-CROSSROADS,CITY STREET,09/28/2015 10:09:00 PM,2015 September 28,22:09:00,2015,September,Monday,KEARNY ST,BUSH ST,0.0,Clear,Injury (Complaint of Pain),Vehicle/Pedestrian,Pedestrian,Crossing in Crosswalk at Intersection,Dry,No Unusual Condition,Dark - Street Lights,Intersection <= 20ft,0.0,1,1.0,Driver,North,Making Left Turn,Pedestrian,West,Proceeding Straight,POINT (-122.40403 37.79076),19.0,6.0,3.0,8.0,22
1042,vw_geo_sfpd_cr_switrs_all_types_col_cty_union.fid-c18a0c2_186644fdb18_-4ab5,26924,30729000.000000004,,140585675,37.7924055216184,-122.397383445661,SFPD-CROSSROADS,CITY STREET,07/14/2014 07:35:00 PM,2014 July 14,19:35:00,2014,July,Monday,DAVIS ST,MARKET ST,0.0,Clear,Injury (Complaint of Pain),Broadside,Pedestrian,Crossing in Crosswalk at Intersection,Dry,No Unusual Condition,Daylight,Intersection <= 20ft,0.0,1,1.0,Driver,South,Making Left Turn,Pedestrian,South,Proceeding Straight,POINT (-122.397385 37.792404),108.0,6.0,10.0,8.0,19
1044,vw_geo_sfpd_cr_switrs_all_types_col_cty_union.fid-c18a0c2_186644fdb18_-48a3,27870,25090000.0,7576000.0,140932797,37.7904401993411,-122.413911278506,SFPD-CROSSROADS,CITY STREET,11/03/2014 11:41:00 PM,2014 November 03,23:41:00,2014,November,Monday,JONES ST,PINE ST,8.0,Clear,Injury (Complaint of Pain),Vehicle/Pedestrian,Pedestrian,Crossing in Crosswalk at Intersection,Dry,No Unusual Condition,Dark - Street Lights,Intersection <= 20ft,0.0,1,1.0,Driver,South,Making Left Turn,Pedestrian,East,Proceeding Straight,POINT (-122.41391 37.79044),50.0,6.0,3.0,21.0,23
1056,vw_geo_sfpd_cr_switrs_all_types_col_cty_union.fid-c18a0c2_186644fdb18_-4705,25866,24660000.000000004,,150093442,37.7886939922195,-122.405221171954,SFPD-CROSSROADS,CITY STREET,01/31/2015 11:00:00 PM,2015 January 31,23:00:00,2015,January,Saturday,GRANT AVE,POST ST,0.0,Clear,Injury (Complaint of Pain),Vehicle/Pedestrian,Pedestrian,Crossing in Crosswalk at Intersection,Dry,No Unusual Condition,Dark - Street Lights,Intersection <= 20ft,0.0,1,,Driver,North,Making Left Turn,Pedestrian,West,Proceeding Straight,POINT (-122.40522 37.788692),19.0,6.0,3.0,8.0,23
1064,vw_geo_sfpd_cr_switrs_all_types_col_cty_union.fid-c18a0c2_186644fdb18_-4e8f,31736,25204000.0,,140011460,37.7889096121422,-122.418655872287,SFPD-CROSSROADS,CITY STREET,01/04/2014 09:10:00 PM,2014 January 04,21:10:00,2014,January,Saturday,LARKIN ST,BUSH ST,0.0,Clear,Injury (Complaint of Pain),Vehicle/Pedestrian,Pedestrian,Crossing in Crosswalk at Intersection,Dry,No Unusual Condition,Dark - Street Lights,Intersection <= 20ft,0.0,1,1.0,Driver,North,Making Left Turn,Pedestrian,East,Not Stated,POINT (-122.418655 37.78891),50.0,6.0,3.0,21.0,21
1068,vw_geo_sfpd_cr_switrs_all_types_col_cty_union.fid-c18a0c2_186644fdb18_-48c5,28620,25026000.0,,140909809,37.7949406864288,-122.408079100945,SFPD-CROSSROADS,CITY STREET,10/27/2014 01:57:00 PM,2014 October 27,13:57:00,2014,October,Monday,STOCKTON ST,WASHINGTON ST,0.0,Clear,Injury (Other Visible),Vehicle/Pedestrian,Pedestrian,Crossing in Crosswalk at Intersection,Dry,Reduced Roadway Width,Daylight,Intersection <= 20ft,0.0,1,1.0,Driver,South,Making Left Turn,Pedestrian,West,Proceeding Straight,POINT (-122.40808 37.79494),104.0,6.0,3.0,6.0,13
1079,vw_geo_sfpd_cr_switrs_all_types_col_cty_union.fid-c18a0c2_186644fdb18_-475e,9999,24048000.0,,150049887,37.7656058388823,-122.410486689213,SFPD-CROSSROADS,CITY STREET,01/16/2015 11:59:00 PM,2015 January 16,23:59:00,2015,January,Friday,16TH ST,BRYANT ST,0.0,Clear,Injury (Other Visible),Vehicle/Pedestrian,Pedestrian,Crossing Not in Crosswalk,Dry,No Unusual Condition,Dark - Street Lights,Intersection <= 20ft,0.0,1,1.0,Pedestrian,South,Entering Traffic,Driver,East,Proceeding Straight,POINT (-122.410484 37.765606),53.0,3.0,9.0,20.0,23
1083,vw_geo_sfpd_cr_switrs_all_types_col_cty_union.fid-c18a0c2_186644fdb18_-4317,12270,24171000.0,,150666033,37.7666736014155,-122.419825234445,SFPD-CROSSROADS,CITY STREET,07/31/2015 04:16:00 PM,2015 July 31,16:16:00,2015,July,Friday,MISSION ST,15TH ST,0.0,Clear,Injury (Complaint of Pain),Head-On,Pedestrian,Crossing in Crosswalk at Intersection,Dry,No Unusual Condition,Daylight,Intersection <= 20ft,0.0,1,1.0,Driver,North,Proceeding Straight,Pedestrian,East,Proceeding Straight,POINT (-122.41982 37.766674),53.0,3.0,2.0,20.0,16
1089,vw_geo_sfpd_cr_switrs_all_types_col_cty_union.fid-c18a0c2_186644fdb18_-4030,30699,26600000.0,,151069252,37.7863039627653,-122.431552024522,SFPD-CROSSROADS,CITY STREET,12/10/2015 06:35:00 PM,2015 December 10,18:35:00,2015,December,Thursday,SUTTER ST,WEBSTER ST,0.0,Raining,Injury (Other Visible),Vehicle/Pedestrian,Pedestrian,Not in Road,Wet,No Unusual Condition,Dark - Street Lights,Intersection <= 20ft,0.0,1,1.0,Driver,West,Making Left Turn,Pedestrian,East,Proceeding Straight,POINT (-122.43155 37.786304),101.0,4.0,11.0,15.0,18