,id,unique_id,cnn_intrsctn_fkey,cnn_sgmt_fkey,case_id_pkey,tb_latitude,tb_longitude,geocode_source,geocode_location,collision_datetime,collision_date,collision_time,accident_year,month,day_of_week,primary_rd,secondary_rd,distance,weather_1,collision_severity,type_of_collision,mviw,ped_action,road_surface,road_cond_1,lighting,intersection,number_killed,number_injured,party_at_fault,party1_type,party1_dir_of_travel,party1_move_pre_acc,party2_type,party2_dir_of_travel,party2_move_pre_acc,point,Neighborhoods,Current Police Districts,Current Supervisor Districts,Analysis Neighborhoods,hour
1091,vw_geo_sfpd_cr_switrs_all_types_col_cty_union.fid-c18a0c2_186644fdb18_-43d6,2640,20485000.000000004,220102.0,150563633,37.728495153528,-122.392892516411,SFPD-CROSSROADS,CITY STREET,06/28/2015 04:45:00 PM,2015 June 28,16:45:00,2015,June,Sunday,03RD ST,WALLACE AVE,3.0,Clear,Injury (Severe),Vehicle/Pedestrian,Pedestrian,Crossing in Crosswalk at Intersection,Dry,No Unusual Condition,Daylight,Intersection <= 20ft,0.0,1,1.0,Pedestrian,East,Proceeding Straight,Driver,South,Proceeding Straight,POINT (-122.39289 37.728497),86.0,2.0,9.0,1.0,16
1094,vw_geo_sfpd_cr_switrs_all_types_col_cty_union.fid-c18a0c2_186644fdb18_-4496,17187,24324000.0,,150450892,37.7809268554627,-122.413676360649,SFPD-CROSSROADS,CITY STREET,05/23/2015 08:51:00 PM,2015 May 23,20:51:00,2015,May,Saturday,MCALLISTER ST,LEAVENWORTH ST,0.0,Clear,Injury (Other Visible),Vehicle/Pedestrian,Pedestrian,Crossing in Crosswalk at Intersection,Dry,No Unusual Condition,Dark - Street Lights,Intersection <= 20ft,0.0,1,1.0,Driver,West,Proceeding Straight,Pedestrian,South,Other,POINT (-122.41367 37.780926),21.0,5.0,10.0,36.0,20
1097,vw_geo_sfpd_cr_switrs_all_types_col_cty_union.fid-c18a0c2_186644fdb18_-4b40,29932,25197000.000000004,,140486261,37.785685802716,-122.421393307554,SFPD-CROSSROADS,CITY STREET,06/11/2014 06:02:00 PM,2014 June 11,18:02:00,2014,June,Wednesday,VAN NESS AVE,GEARY BLVD,0.0,Clear,Injury (Complaint of Pain),Vehicle/Pedestrian,Pedestrian,Crossing in Crosswalk at Intersection,Dry,No Unusual Condition,Daylight,Intersection <= 20ft,0.0,1,1.0,Driver,South,Making Left Turn,Pedestrian,East,Proceeding Straight,POINT (-122.421394 37.785686),100.0,4.0,11.0,39.0,18
1098,vw_geo_sfpd_cr_switrs_all_types_col_cty_union.fid-c18a0c2_186644fdb18_-4147,20080,26378000.0,,150916208,37.7737327686014,-122.447687958914,SFPD-CROSSROADS,CITY STREET,10/20/2015 07:09:00 AM,2015 October 20,07:09:00,2015,October,Tuesday,ASHBURY ST,HAYES ST,0.0,Clear,Injury (Complaint of Pain),Vehicle/Pedestrian,Pedestrian,Crossing in Crosswalk at Intersection,Dry,No Unusual Condition,Daylight,Intersection <= 20ft,0.0,1,1.0,Driver,East,Proceeding Straight,Pedestrian,South,Not Stated,POINT (-122.447685 37.77373),24.0,7.0,11.0,18.0,07
1103,vw_geo_sfpd_cr_switrs_all_types_col_cty_union.fid-c18a0c2_186644fdb18_-3b3e,4630,20999000.0,2157203.0,160589908,37.7321923095041,-122.420761188456,SFPD-CROSSROADS,CITY STREET,07/22/2016 01:24:00 AM,2016 July 22,01:24:00,2016,July,Friday,ALEMANY BLVD,ELLSWORTH ST,520.0,Clear,Injury (Severe),Vehicle/Pedestrian,Pedestrian,"In Road, Including Shoulder",Dry,No Unusual Condition,Dark - Street Lights,Midblock > 20ft,0.0,1,1.0,Pedestrian,South,Proceeding Straight,Driver,West,Proceeding Straight,POINT (-122.42076 37.732193),93.0,9.0,2.0,2.0,01
1111,vw_geo_sfpd_cr_switrs_all_types_col_cty_union.fid-c18a0c2_186644fdb18_-4799,28956,25186000.0,,150008429,37.7828941222,-122.420817003265,SFPD-CROSSROADS,CITY STREET,01/03/2015 09:04:00 PM,2015 January 03,21:04:00,2015,January,Saturday,EDDY ST,VAN NESS AVE,0.0,Clear,Injury (Complaint of Pain),Head-On,Pedestrian,Crossing in Crosswalk at Intersection,Dry,No Unusual Condition,Dark - Street Lights,Intersection <= 20ft,0.0,1,1.0,Driver,East,Making Left Turn,Pedestrian,South,Proceeding Straight,POINT (-122.420815 37.782894),20.0,4.0,10.0,36.0,21
1113,vw_geo_sfpd_cr_switrs_all_types_col_cty_union.fid-c18a0c2_186644fdb18_-3d49,13030,34166000.0,12532004.0,160327388,37.7690061281015,-122.386296786176,SFPD-CROSSROADS,CITY STREET,04/21/2016 12:41:00 PM,2016 April 21,12:41:00,2016,April,Thursday,TERRY A FRANCOIS BLVD,SOUTH ST,2.0,Clear,Injury (Other Visible),Vehicle/Pedestrian,Pedestrian,Crossing in Crosswalk at Intersection,Dry,No Unusual Condition,Daylight,Intersection <= 20ft,0.0,1,1.0,Driver,North,Making Left Turn,Pedestrian,West,Proceeding Straight,POINT (-122.3863 37.769005),34.0,1.0,10.0,4.0,12
1119,vw_geo_sfpd_cr_switrs_all_types_col_cty_union.fid-c18a0c2_186644fdb18_-40d8,35178,26748000.000000004,,150971161,37.8000515484495,-122.434404698369,SFPD-CROSSROADS,CITY STREET,11/07/2015 12:27:00 AM,2015 November 07,00:27:00,2015,November,Saturday,LOMBARD ST,WEBSTER ST,0.0,Clear,Injury (Other Visible),Vehicle/Pedestrian,Pedestrian,Crossing in Crosswalk at Intersection,Dry,No Unusual Condition,Dark - Street Lights,Intersection <= 20ft,0.0,1,1.0,Pedestrian,South,Proceeding Straight,Driver,West,Proceeding Straight,POINT (-122.4344 37.800053),17.0,4.0,6.0,13.0,00
1128,vw_geo_sfpd_cr_switrs_all_types_col_cty_union.fid-c18a0c2_186644fdb18_-3b48,33785,25352000.0,4294000.0,160588853,37.7994809498615,-122.409001570898,SFPD-CROSSROADS,CITY STREET,07/21/2016 06:22:00 PM,2016 July 21,18:22:00,2016,July,Thursday,COLUMBUS AVE,STOCKTON ST,5.0,Clear,Injury (Severe),Vehicle/Pedestrian,Pedestrian,Crossing in Crosswalk at Intersection,Dry,No Unusual Condition,Daylight,Intersection <= 20ft,0.0,1,1.0,Driver,South,Making Right Turn,Pedestrian,East,Not Stated,POINT (-122.409004 37.79948),106.0,6.0,3.0,6.0,18
1129,vw_geo_sfpd_cr_switrs_all_types_col_cty_union.fid-c18a0c2_186644fdb18_-3a92,25102,24936000.0,,160688754,37.7848662451966,-122.412782128208,SFPD-CROSSROADS,CITY STREET,08/25/2016 02:20:00 PM,2016 August 25,14:20:00,2016,August,Thursday,ELLIS ST,JONES ST,0.0,Clear,Injury (Other Visible),Vehicle/Pedestrian,Pedestrian,Crossing in Crosswalk at Intersection,Dry,No Unusual Condition,Daylight,Intersection <= 20ft,0.0,2,1.0,Driver,West,Making Right Turn,Pedestrian,North,Other,POINT (-122.41278 37.784866),20.0,5.0,10.0,36.0,14
1130,vw_geo_sfpd_cr_switrs_all_types_col_cty_union.fid-c18a0c2_186644fdb18_-3f54,7503,21304000.0,,160057115,37.7481656887797,-122.418221170335,SFPD-CROSSROADS,CITY STREET,01/20/2016 07:35:00 PM,2016 January 20,19:35:00,2016,January,Wednesday,CESAR CHAVEZ ST,MISSION ST,0.0,Clear,Injury (Other Visible),Vehicle/Pedestrian,Pedestrian,Crossing in Crosswalk at Intersection,Dry,No Unusual Condition,Dark - Street Lights,Intersection <= 20ft,0.0,1,1.0,Driver,East,Making Left Turn,Pedestrian,East,Other,POINT (-122.41822 37.748165),83.0,3.0,2.0,2.0,19
1132,vw_geo_sfpd_cr_switrs_all_types_col_cty_union.fid-c18a0c2_186644fdb18_-37f5,15781,24313000.000000004,,160996927,37.7762305203006,-122.414711003362,SFPD-CROSSROADS,CITY STREET,12/08/2016 04:37:00 PM,2016 December 08,16:37:00,2016,December,Thursday,MISSION ST,09TH ST,0.0,Raining,Injury (Complaint of Pain),Vehicle/Pedestrian,Pedestrian,Crossing in Crosswalk at Intersection,Wet,No Unusual Condition,Dusk - Dawn,Intersection <= 20ft,0.0,1,1.0,Driver,West,Making Left Turn,Pedestrian,South,Proceeding Straight,POINT (-122.41471 37.77623),32.0,1.0,10.0,34.0,16
1136,vw_geo_sfpd_cr_switrs_all_types_col_cty_union.fid-c18a0c2_186644fdb18_-3977,29872,25182000.000000004,,130935137,37.785892900731,-122.41973873387,SFPD-CROSSROADS,CITY STREET,11/04/2013 07:04:00 AM,2013 November 04,07:04:00,2013,November,Monday,GEARY ST,POLK ST,0.0,Clear,Injury (Complaint of Pain),Vehicle/Pedestrian,Pedestrian,Crossing in Crosswalk at Intersection,Dry,No Unusual Condition,Daylight,Intersection <= 20ft,0.0,1,1.0,Pedestrian,South,Proceeding Straight,Driver,West,Proceeding Straight,POINT (-122.41974 37.785892),20.0,4.0,10.0,36.0,07
1138,vw_geo_sfpd_cr_switrs_all_types_col_cty_union.fid-c18a0c2_186644fdb18_-4673,24196,24922000.0,8749101.0,140010531,37.7822671052564,-122.410173117066,SFPD-CROSSROADS,CITY STREET,01/04/2014 03:12:00 PM,2014 January 04,15:12:00,2014,January,Saturday,MARKET ST,TAYLOR ST,34.0,Clear,Injury (Severe),Vehicle/Pedestrian,Pedestrian,Crossing in Crosswalk at Intersection,Dry,No Unusual Condition,Daylight,Midblock > 20ft,0.0,2,1.0,Pedestrian,North,Proceeding Straight,Driver,West,Proceeding Straight,POINT (-122.41017 37.78227),32.0,5.0,10.0,34.0,15
1149,vw_geo_sfpd_cr_switrs_all_types_col_cty_union.fid-c18a0c2_186644fdb18_-3b0d,29320,25192000.0,,150593072,37.7847534462424,-122.421192974263,SFPD-CROSSROADS,CITY STREET,07/08/2015 05:43:00 AM,2015 July 08,05:43:00,2015,July,Wednesday,VAN NESS AVE,OFARRELL ST,0.0,Clear,Injury (Complaint of Pain),Vehicle/Pedestrian,Pedestrian,Crossing in Crosswalk at Intersection,Dry,No Unusual Condition,Dusk - Dawn,Intersection <= 20ft,0.0,1,1.0,Pedestrian,East,Proceeding Straight,Driver,South,Proceeding Straight,POINT (-122.421196 37.78475),20.0,4.0,11.0,39.0,05
1151,vw_geo_sfpd_cr_switrs_all_types_col_cty_union.fid-c18a0c2_186644fdb18_-3fd0,16933,24293000.0,,151113724,37.780971183063,-122.408708673534,SFPD-CROSSROADS,CITY STREET,12/27/2015 05:40:00 AM,2015 December 27,05:40:00,2015,December,Sunday,06TH ST,MISSION ST,0.0,Clear,Injury (Complaint of Pain),Vehicle/Pedestrian,Pedestrian,Crossing in Crosswalk at Intersection,Snowy or Icy,No Unusual Condition,Dark - Street Lights,Intersection <= 20ft,0.0,1,1.0,Driver,South,Proceeding Straight,Pedestrian,East,Proceeding Straight,POINT (-122.40871 37.78097),32.0,1.0,10.0,34.0,05
1162,vw_geo_sfpd_cr_switrs_all_types_col_cty_union.fid-c18a0c2_186644fdb18_-42ae,21491,24466000.0,,150722629,37.7800746959504,-122.420247183914,SFPD-CROSSROADS,CITY STREET,08/19/2015 12:40:00 AM,2015 August 19,00:40:00,2015,August,Wednesday,MCALLISTER ST,VAN NESS AVE,0.0,Clear,Injury (Severe),Vehicle/Pedestrian,Pedestrian,Crossing in Crosswalk at Intersection,Dry,No Unusual Condition,Dark - Street Lights,Intersection <= 20ft,0.0,1,1.0,Pedestrian,North,Proceeding Straight,Driver,West,Proceeding Straight,POINT (-122.42025 37.780075),21.0,4.0,11.0,39.0,00
1163,vw_geo_sfpd_cr_switrs_all_types_col_cty_union.fid-c18a0c2_186644fdb18_-38fb,30199,25215000.0,13154201.0,160873751,37.7866427865746,-122.421548689796,SFPD-CROSSROADS,CITY STREET,10/26/2016 08:35:00 PM,2016 October 26,20:35:00,2016,October,Wednesday,VAN NESS AVE,POST ST,15.0,Clear,Injury (Other Visible),Vehicle/Pedestrian,Pedestrian,Crossing Not in Crosswalk,Dry,No Unusual Condition,Dark - Street Lights,Intersection <= 20ft,0.0,2,,Pedestrian,East,Proceeding Straight,Driver,North,Proceeding Straight,POINT (-122.42155 37.786644),50.0,4.0,6.0,21.0,20
1183,vw_geo_sfpd_cr_switrs_all_types_col_cty_union.fid-c18a0c2_186644fdb18_-4b6c,31326,26632000.0,,140464916,37.7866010393659,-122.436746552416,SFPD-CROSSROADS,CITY STREET,06/04/2014 12:11:00 PM,2014 June 04,12:11:00,2014,June,Wednesday,BUSH ST,PIERCE ST,0.0,Clear,Injury (Other Visible),Vehicle/Pedestrian,Pedestrian,Crossing in Crosswalk at Intersection,Dry,No Unusual Condition,Daylight,Intersection <= 20ft,0.0,1,1.0,Driver,East,Making Left Turn,Pedestrian,North,Proceeding Straight,POINT (-122.436745 37.786602),103.0,4.0,11.0,30.0,12
1187,vw_geo_sfpd_cr_switrs_all_types_col_cty_union.fid-c18a0c2_186644fdb18_-47e6,12799,25820000.0,4269000.0,141060367,37.761927795545,-122.436221407914,SFPD-CROSSROADS,CITY STREET,12/17/2014 05:17:00 PM,2014 December 17,17:17:00,2014,December,Wednesday,DIAMOND ST,MARKET ST,9.0,Raining,Injury (Complaint of Pain),Vehicle/Pedestrian,Pedestrian,Crossing in Crosswalk at Intersection,Wet,No Unusual Condition,Dark - Street Lights,Intersection <= 20ft,0.0,1,1.0,Driver,South,Making Left Turn,Pedestrian,West,Proceeding Straight,POINT (-122.43622 37.76193),38.0,3.0,5.0,5.0,17
1190,vw_geo_sfpd_cr_switrs_all_types_col_cty_union.fid-c18a0c2_186644fdb18_-4ac0,16988,24294000.000000004,,140577569,37.7813981342936,-122.409245442968,SFPD-CROSSROADS,CITY STREET,07/12/2014 01:08:00 AM,2014 July 12,01:08:00,2014,July,Saturday,06TH ST,JESSIE ST,0.0,Clear,Injury (Complaint of Pain),Vehicle/Pedestrian,Pedestrian,Crossing Not in Crosswalk,Dry,No Unusual Condition,Dark - Street Lights,Intersection <= 20ft,0.0,1,1.0,Pedestrian,West,Other,Driver,North,Proceeding Straight,POINT (-122.40925 37.7814),32.0,5.0,10.0,34.0,01
1194,vw_geo_sfpd_cr_switrs_all_types_col_cty_union.fid-c18a0c2_186644fdb18_-4885,7913,25603000.0,,140949792,37.7519716249826,-122.422878832675,SFPD-CROSSROADS,CITY STREET,11/09/2014 01:02:00 PM,2014 November 09,13:02:00,2014,November,Sunday,GUERRERO ST,24TH ST,0.0,Clear,Injury (Other Visible),Vehicle/Pedestrian,Pedestrian,Crossing in Crosswalk at Intersection,Dry,No Unusual Condition,Daylight,Intersection <= 20ft,0.0,1,1.0,Driver,South,Making Left Turn,Pedestrian,East,Proceeding Straight,POINT (-122.42288 37.751972),52.0,3.0,5.0,20.0,13
1201,vw_geo_sfpd_cr_switrs_all_types_col_cty_union.fid-c18a0c2_186644fdb18_-4518,14309,24353000.0,,150368455,37.773100588238,-122.415561389932,SFPD-CROSSROADS,CITY STREET,04/28/2015 09:15:00 AM,2015 April 28,09:15:00,2015,April,Tuesday,HOWARD ST,11TH ST,0.0,Clear,Injury (Complaint of Pain),Vehicle/Pedestrian,Pedestrian,Crossing in Crosswalk at Intersection,Dry,No Unusual Condition,Daylight,Intersection <= 20ft,0.0,1,1.0,Driver,North,Making Left Turn,Pedestrian,South,Proceeding Straight,POINT (-122.41556 37.7731),32.0,1.0,10.0,20.0,09
1204,vw_geo_sfpd_cr_switrs_all_types_col_cty_union.fid-c18a0c2_186644fdb18_-499e,43851,27483000.0,,140792648,37.7806558277545,-122.472312255886,SFPD-CROSSROADS,CITY STREET,09/20/2014 09:43:00 AM,2014 September 20,09:43:00,2014,September,Saturday,PARK PRESIDIO BLVD,GEARY BLVD,0.0,Cloudy,Injury (Other Visible),Vehicle/Pedestrian,Pedestrian,"In Road, Including Shoulder",Dry,No Unusual Condition,Daylight,Intersection <= 20ft,0.0,1,,Driver,South,Proceeding Straight,Pedestrian,South,Not Stated,POINT (-122.47231 37.780655),5.0,8.0,4.0,11.0,09
1206,vw_geo_sfpd_cr_switrs_all_types_col_cty_union.fid-c18a0c2_186644fdb18_-3ad2,12504,25804000.0,,160652652,37.7641957129503,-122.433074471299,SFPD-CROSSROADS,CITY STREET,08/13/2016 01:54:00 AM,2016 August 13,01:54:00,2016,August,Saturday,MARKET ST,16TH ST,0.0,Clear,Injury (Complaint of Pain),Vehicle/Pedestrian,Pedestrian,Crossing in Crosswalk at Intersection,Dry,No Unusual Condition,Dark - Street Lights,Intersection <= 20ft,0.0,1,1.0,Driver,East,Making Right Turn,Pedestrian,North,Stopped In Road,POINT (-122.433075 37.764194),38.0,3.0,5.0,5.0,01
1216,vw_geo_sfpd_cr_switrs_all_types_col_cty_union.fid-c18a0c2_186644fdb18_-4aa4,34980,25566000.0,8450000.0,140595420,37.8018323998092,-122.420928899982,SFPD-CROSSROADS,CITY STREET,07/17/2014 08:15:00 PM,2014 July 17,20:15:00,2014,July,Thursday,LOMBARD ST,LARKIN ST,100.0,Clear,Injury (Complaint of Pain),Vehicle/Pedestrian,Pedestrian,Not in Road,Dry,No Unusual Condition,Daylight,Midblock > 20ft,0.0,1,1.0,Driver,West,Proceeding Straight,Pedestrian,West,Proceeding Straight,POINT (-122.42093 37.801834),107.0,6.0,6.0,32.0,20
1217,vw_geo_sfpd_cr_switrs_all_types_col_cty_union.fid-c18a0c2_186644fdb18_-4098,37945,22804000.000000004,,151003404,37.7325432036103,-122.458613724846,SFPD-CROSSROADS,CITY STREET,11/18/2015 07:52:00 AM,2015 November 18,07:52:00,2015,November,Wednesday,YERBA BUENA AVE,PLYMOUTH AVE,0.0,Clear,Injury (Complaint of Pain),Vehicle/Pedestrian,Pedestrian,Crossing in Crosswalk at Intersection,Dry,No Unusual Condition,Daylight,Intersection <= 20ft,0.0,1,1.0,Driver,East,Making Left Turn,Pedestrian,South,Proceeding Straight,POINT (-122.45861 37.732544),70.0,9.0,8.0,41.0,07
1232,vw_geo_sfpd_cr_switrs_all_types_col_cty_union.fid-c18a0c2_186644fdb18_-4b8c,8074,22336000.0,,140444617,37.7467652174833,-122.443960752681,SFPD-CROSSROADS,CITY STREET,05/28/2014 07:54:00 AM,2014 May 28,07:54:00,2014,May,Wednesday,CLIPPER ST,DIAMOND HEIGHTS BLVD,0.0,Clear,Injury (Complaint of Pain),Vehicle/Pedestrian,Pedestrian,Crossing in Crosswalk at Intersection,Dry,No Unusual Condition,Daylight,Intersection <= 20ft,0.0,1,1.0,Driver,East,Proceeding Straight,Pedestrian,North,Proceeding Straight,POINT (-122.44396 37.746765),57.0,3.0,5.0,22.0,07
1239,vw_geo_sfpd_cr_switrs_all_types_col_cty_union.fid-c18a0c2_186644fdb18_-390c,39353,27037000.0,7989101.0,160865247,37.7507329790592,-122.460931971233,SFPD-CROSSROADS,CITY STREET,10/24/2016 09:13:00 AM,2016 October 24,09:13:00,2016,October,Monday,LAGUNA HONDA BLVD,DEWEY BLVD,1506.0,Clear,Injury (Complaint of Pain),Vehicle/Pedestrian,Pedestrian,Crossing in Crosswalk at Intersection,Dry,No Unusual Condition,Daylight,Midblock > 20ft,0.0,1,,Driver,South,Proceeding Straight,Pedestrian,West,Other,POINT (-122.46093 37.750732),49.0,7.0,8.0,38.0,09
1247,vw_geo_sfpd_cr_switrs_all_types_col_cty_union.fid-c18a0c2_186644fdb18_-3922,31333,26627000.0,,160854381,37.7863916757899,-122.438393883882,SFPD-CROSSROADS,CITY STREET,10/20/2016 09:09:00 AM,2016 October 20,09:09:00,2016,October,Thursday,BUSH ST,SCOTT ST,0.0,Clear,Injury (Severe),Vehicle/Pedestrian,Pedestrian,Crossing in Crosswalk at Intersection,Dry,No Unusual Condition,Daylight,Intersection <= 20ft,0.0,1,1.0,Driver,East,Making U Turn,Pedestrian,South,Other,POINT (-122.43839 37.786392),103.0,4.0,6.0,30.0,09
1251,vw_geo_sfpd_cr_switrs_all_types_col_cty_union.fid-c18a0c2_186644fdb18_-460f,23640,23911000.0,,150228627,37.7815876665114,-122.400613072363,SFPD-CROSSROADS,CITY STREET,03/13/2015 05:00:00 PM,2015 March 13,17:00:00,2015,March,Friday,04TH ST,SHIPLEY ST,0.0,Clear,Injury (Complaint of Pain),Vehicle/Pedestrian,Pedestrian,Crossing Not in Crosswalk,Dry,No Unusual Condition,Daylight,Intersection <= 20ft,0.0,1,1.0,Pedestrian,West,Proceeding Straight,Driver,North,Backing,POINT (-122.40061 37.78159),32.0,1.0,10.0,34.0,17
1262,vw_geo_sfpd_cr_switrs_all_types_col_cty_union.fid-c18a0c2_186644fdb18_-3988,1742,21486000.0,9177000.0,160812038,37.7168230027045,-122.440740942571,SFPD-CROSSROADS,CITY STREET,10/06/2016 05:20:00 AM,2016 October 06,05:20:00,2016,October,Thursday,MISSION ST,GENEVA AVE,155.0,Clear,Injury (Complaint of Pain),Head-On,Pedestrian,Crossing Not in Crosswalk,Dry,No Unusual Condition,Dark - Street Lights,Midblock > 20ft,0.0,1,1.0,Pedestrian,East,Proceeding Straight,Driver,North,Proceeding Straight,POINT (-122.44074 37.716824),90.0,9.0,1.0,7.0,05
1267,vw_geo_sfpd_cr_switrs_all_types_col_cty_union.fid-c18a0c2_186644fdb18_-4ec6,31772,25222000.0,,130556783,37.7896204379779,-122.420493441778,SFPD-CROSSROADS,CITY STREET,07/07/2013 01:56:00 AM,2013 July 07,01:56:00,2013,July,Sunday,POLK ST,PINE ST,0.0,Clear,Injury (Other Visible),Vehicle/Pedestrian,Pedestrian,Crossing Not in Crosswalk,Dry,No Unusual Condition,Dark - Street Lights,Intersection <= 20ft,0.0,1,1.0,Pedestrian,North,Proceeding Straight,Driver,West,Slowing/Stopping,POINT (-122.420494 37.78962),50.0,4.0,3.0,21.0,01
1277,vw_geo_sfpd_cr_switrs_all_types_col_cty_union.fid-c18a0c2_186644fdb18_-443a,34234,25525000.000000004,,150503407,37.8043559461322,-122.416051423615,SFPD-CROSSROADS,CITY STREET,06/09/2015 12:13:00 PM,2015 June 09,12:13:00,2015,June,Tuesday,COLUMBUS AVE,FRANCISCO ST,0.0,Clear,Injury (Other Visible),Vehicle/Pedestrian,Pedestrian,Crossing in Crosswalk at Intersection,Dry,No Unusual Condition,Daylight,Intersection <= 20ft,0.0,1,1.0,Driver,North,Making Left Turn,Pedestrian,West,Proceeding Straight,POINT (-122.41605 37.804356),106.0,6.0,3.0,23.0,12
1280,vw_geo_sfpd_cr_switrs_all_types_col_cty_union.fid-c18a0c2_186644fdb18_-4a95,24850,24897000.0,,140605251,37.7843492692832,-122.409309179335,SFPD-CROSSROADS,CITY STREET,07/21/2014 01:45:00 PM,2014 July 21,13:45:00,2014,July,Monday,MASON ST,EDDY ST,0.0,Clear,Injury (Complaint of Pain),Vehicle/Pedestrian,Pedestrian,Crossing in Crosswalk at Intersection,Dry,No Unusual Condition,Daylight,Intersection <= 20ft,0.0,1,2.0,Driver,South,Making Left Turn,Pedestrian,South,Proceeding Straight,POINT (-122.40931 37.784348),20.0,5.0,10.0,36.0,13
1284,vw_geo_sfpd_cr_switrs_all_types_col_cty_union.fid-c18a0c2_186644fdb18_-3c04,5873,21223000.0,,160490797,37.7416373131347,-122.416305881301,SFPD-CROSSROADS,CITY STREET,06/16/2016 08:00:00 PM,2016 June 16,20:00:00,2016,June,Thursday,POWHATTAN AVE,ANDOVER ST,0.0,Clear,Injury (Complaint of Pain),Vehicle/Pedestrian,Pedestrian,Crossing in Crosswalk at Intersection,Dry,No Unusual Condition,Daylight,Intersection <= 20ft,0.0,1,1.0,Driver,East,Proceeding Straight,Pedestrian,South,Stopped In Road,POINT (-122.416306 37.74164),83.0,9.0,2.0,2.0,20
1296,vw_geo_sfpd_cr_switrs_all_types_col_cty_union.fid-c18a0c2_186644fdb18_-48f5,27874,25090000.0,,140882788,37.7904631146217,-122.413915879351,SFPD-CROSSROADS,CITY STREET,10/18/2014 06:50:00 PM,2014 October 18,18:50:00,2014,October,Saturday,PINE ST,JONES ST,0.0,Clear,Injury (Other Visible),Vehicle/Pedestrian,Pedestrian,Crossing in Crosswalk at Intersection,Dry,No Unusual Condition,Dark - Street Lights,Intersection <= 20ft,0.0,1,1.0,Driver,West,Making Left Turn,Pedestrian,West,Proceeding Straight,POINT (-122.41392 37.790462),50.0,6.0,3.0,21.0,18
1301,vw_geo_sfpd_cr_switrs_all_types_col_cty_union.fid-c18a0c2_186644fdb18_-3f19,40359,27141000.0,,160093034,37.7604053443878,-122.463911892272,SFPD-CROSSROADS,CITY STREET,02/01/2016 11:24:00 AM,2016 February 01,11:24:00,2016,February,Monday,07TH AVE,KIRKHAM ST,0.0,Clear,Injury (Complaint of Pain),Vehicle/Pedestrian,Pedestrian,"In Road, Including Shoulder",Dry,No Unusual Condition,Daylight,Intersection <= 20ft,0.0,1,1.0,Pedestrian,West,Making Left Turn,Driver,West,Proceeding Straight,POINT (-122.46391 37.760406),109.0,7.0,11.0,14.0,11
1302,vw_geo_sfpd_cr_switrs_all_types_col_cty_union.fid-c18a0c2_186644fdb18_-3e45,29080,26490000.0,6327000.0,160200370,37.7824567899312,-122.424104103547,SFPD-CROSSROADS,CITY STREET,03/08/2016 07:35:00 PM,2016 March 08,19:35:00,2016,March,Tuesday,GOUGH ST,EDDY ST,8.0,Clear,Injury (Complaint of Pain),Head-On,Pedestrian,Crossing in Crosswalk at Intersection,Dry,No Unusual Condition,Dark - Street Lights,Intersection <= 20ft,0.0,1,1.0,Driver,South,Making Left Turn,Pedestrian,East,Proceeding Straight,POINT (-122.4241 37.782455),100.0,4.0,11.0,39.0,19
1306,vw_geo_sfpd_cr_switrs_all_types_col_cty_union.fid-c18a0c2_186644fdb18_-4b9b,21489,24466000.0,,131016916,37.7800746959504,-122.420247183914,SFPD-CROSSROADS,CITY STREET,12/02/2013 11:00:00 AM,2013 December 02,11:00:00,2013,December,Monday,VAN NESS AVE,MCALLISTER ST,0.0,Clear,Injury (Complaint of Pain),Vehicle/Pedestrian,Pedestrian,Crossing in Crosswalk at Intersection,Dry,No Unusual Condition,Daylight,Intersection <= 20ft,0.0,1,,Driver,North,Making Left Turn,Pedestrian,East,Not Stated,POINT (-122.42025 37.780075),21.0,4.0,11.0,39.0,11
1310,vw_geo_sfpd_cr_switrs_all_types_col_cty_union.fid-c18a0c2_186644fdb18_-3f4a,12409,25706000.0,,160063811,37.7646456881905,-122.426381708022,SFPD-CROSSROADS,CITY STREET,01/22/2016 09:51:00 PM,2016 January 22,21:51:00,2016,January,Friday,DOLORES ST,16TH ST,0.0,Raining,Injury (Complaint of Pain),Vehicle/Pedestrian,Pedestrian,Crossing in Crosswalk at Intersection,Wet,No Unusual Condition,Dark - Street Lights,Intersection <= 20ft,0.0,1,1.0,Driver,South,Proceeding Straight,Pedestrian,West,Proceeding Straight,POINT (-122.426384 37.764645),37.0,3.0,5.0,5.0,21
1311,vw_geo_sfpd_cr_switrs_all_types_col_cty_union.fid-c18a0c2_186644fdb18_-3c80,13355,33033000.0,6741000.0,160432868,37.768640764387,-122.41339365343,SFPD-CROSSROADS,CITY STREET,05/27/2016 08:55:00 AM,2016 May 27,08:55:00,2016,May,Friday,HARRISON ST,14TH ST,11.0,Clear,Injury (Severe),Vehicle/Pedestrian,Pedestrian,Crossing in Crosswalk at Intersection,Dry,No Unusual Condition,Daylight,Intersection <= 20ft,0.0,1,1.0,Driver,South,Proceeding Straight,Pedestrian,West,Not Stated,POINT (-122.41339 37.768642),53.0,3.0,2.0,20.0,08
1319,vw_geo_sfpd_cr_switrs_all_types_col_cty_union.fid-c18a0c2_186644fdb18_-3df4,4771,21785000.0,,160240150,37.7316515247353,-122.431685405477,SFPD-CROSSROADS,CITY STREET,03/22/2016 06:23:00 PM,2016 March 22,18:23:00,2016,March,Tuesday,LYELL ST,STILL ST,0.0,Clear,Injury (Other Visible),Vehicle/Pedestrian,Pedestrian,Crossing Not in Crosswalk,Dry,No Unusual Condition,Daylight,Intersection <= 20ft,0.0,2,1.0,Pedestrian,North,Proceeding Straight,Bicyclist,East,Proceeding Straight,POINT (-122.43169 37.73165),94.0,9.0,5.0,28.0,18