,id,unique_id,cnn_intrsctn_fkey,cnn_sgmt_fkey,case_id_pkey,tb_latitude,tb_longitude,geocode_source,geocode_location,collision_datetime,collision_date,collision_time,accident_year,month,day_of_week,primary_rd,secondary_rd,distance,weather_1,collision_severity,type_of_collision,mviw,ped_action,road_surface,road_cond_1,lighting,intersection,number_killed,number_injured,party_at_fault,party1_type,party1_dir_of_travel,party1_move_pre_acc,party2_type,party2_dir_of_travel,party2_move_pre_acc,point,Neighborhoods,Current Police Districts,Current Supervisor Districts,Analysis Neighborhoods,hour
1332,vw_geo_sfpd_cr_switrs_all_types_col_cty_union.fid-c18a0c2_186644fdb18_-3eac,33821,24810000.0,,160147108,37.800458559655,-122.401428245873,SFPD-CROSSROADS,CITY STREET,02/19/2016 07:14:00 AM,2016 February 19,07:14:00,2016,February,Friday,BATTERY ST,GREEN ST,0.0,Clear,Injury (Other Visible),Vehicle/Pedestrian,Pedestrian,Crossing in Crosswalk at Intersection,Dry,No Unusual Condition,Daylight,Intersection <= 20ft,0.0,1,1.0,Driver,South,Making Right Turn,Pedestrian,West,Not Stated,POINT (-122.40143 37.800457),77.0,6.0,3.0,8.0,07
1353,vw_geo_sfpd_cr_switrs_all_types_col_cty_union.fid-c18a0c2_186644fdb18_-3ebb,34698,25563000.000000004,,160141752,37.7987615792846,-122.422336950031,SFPD-CROSSROADS,CITY STREET,02/17/2016 11:18:00 AM,2016 February 17,11:18:00,2016,February,Wednesday,POLK ST,UNION ST,0.0,Cloudy,Injury (Other Visible),Sideswipe,Pedestrian,Crossing in Crosswalk at Intersection,Dry,No Unusual Condition,Daylight,Intersection <= 20ft,0.0,1,1.0,Driver,West,Making Right Turn,Pedestrian,West,Proceeding Straight,POINT (-122.42234 37.798763),107.0,4.0,6.0,32.0,11
1357,vw_geo_sfpd_cr_switrs_all_types_col_cty_union.fid-c18a0c2_186644fdb18_-39c8,24572,24933000.0,7115000.0,160783348,37.7825310915971,-122.41568293652,SFPD-CROSSROADS,CITY STREET,09/26/2016 11:15:00 PM,2016 September 26,23:15:00,2016,September,Monday,HYDE ST,TURK ST,20.0,Clear,Injury (Severe),Vehicle/Pedestrian,Pedestrian,"In Road, Including Shoulder",Dry,No Unusual Condition,Dark - Street Lights,Intersection <= 20ft,0.0,1,,Pedestrian,East,Proceeding Straight,Driver,South,Making Left Turn,POINT (-122.41568 37.78253),20.0,5.0,10.0,36.0,23
1367,vw_geo_sfpd_cr_switrs_all_types_col_cty_union.fid-c18a0c2_186644fdb18_-46d3,20384,30070000.0,,150124166,37.7748247947858,-122.424136499226,SFPD-CROSSROADS,CITY STREET,02/09/2015 11:43:00 PM,2015 February 09,23:43:00,2015,February,Monday,OCTAVIA ST,OAK ST,0.0,Clear,Injury (Complaint of Pain),Vehicle/Pedestrian,Pedestrian,Crossing in Crosswalk at Intersection,Dry,No Unusual Condition,Dark - Street Lights,Intersection <= 20ft,0.0,1,1.0,Driver,North,Proceeding Straight,Pedestrian,West,Proceeding Straight,POINT (-122.42413 37.774826),22.0,4.0,11.0,9.0,23
1369,vw_geo_sfpd_cr_switrs_all_types_col_cty_union.fid-c18a0c2_186644fdb18_-4935,12327,24377000.0,,140850525,37.7665395759103,-122.422043813584,SFPD-CROSSROADS,CITY STREET,10/08/2014 04:42:00 PM,2014 October 08,16:42:00,2014,October,Wednesday,VALENCIA ST,15TH ST,0.0,Clear,Injury (Severe),Vehicle/Pedestrian,Pedestrian,Crossing in Crosswalk at Intersection,Dry,No Unusual Condition,Daylight,Intersection <= 20ft,0.0,1,,Driver,South,Making Left Turn,Pedestrian,East,Other,POINT (-122.42204 37.76654),53.0,3.0,2.0,20.0,16
1374,vw_geo_sfpd_cr_switrs_all_types_col_cty_union.fid-c18a0c2_186644fdb18_-3a51,1618,21645000.0,,160724273,37.7208555804468,-122.431204703494,SFPD-CROSSROADS,CITY STREET,09/06/2016 06:30:00 PM,2016 September 06,18:30:00,2016,September,Tuesday,PERSIA AVE,NAPLES ST,0.0,Clear,Injury (Complaint of Pain),Head-On,Pedestrian,Crossing in Crosswalk at Intersection,Dry,No Unusual Condition,Daylight,Intersection <= 20ft,0.0,1,1.0,Driver,West,Proceeding Straight,Pedestrian,North,Proceeding Straight,POINT (-122.431206 37.720856),90.0,9.0,1.0,7.0,18
1380,vw_geo_sfpd_cr_switrs_all_types_col_cty_union.fid-c18a0c2_186644fdb18_-3c0b,16615,24315000.0,,160486962,37.7792116855019,-122.410936573592,SFPD-CROSSROADS,CITY STREET,06/15/2016 06:16:00 PM,2016 June 15,18:16:00,2016,June,Wednesday,MISSION ST,07TH ST,0.0,Clear,Injury (Complaint of Pain),Vehicle/Pedestrian,Pedestrian,Crossing in Crosswalk at Intersection,Dry,No Unusual Condition,Daylight,Intersection <= 20ft,0.0,1,1.0,Pedestrian,North,Proceeding Straight,Driver,West,Proceeding Straight,POINT (-122.410934 37.779213),32.0,1.0,10.0,34.0,18
1389,vw_geo_sfpd_cr_switrs_all_types_col_cty_union.fid-c18a0c2_186644fdb18_-4035,23279,33776000.0,,151067422,37.7868986798799,-122.388779435768,SFPD-CROSSROADS,CITY STREET,12/10/2015 07:01:00 AM,2015 December 10,07:01:00,2015,December,Thursday,BRYANT ST,MAIN ST,0.0,Cloudy,Injury (Complaint of Pain),Sideswipe,Pedestrian,Crossing in Crosswalk at Intersection,Wet,No Unusual Condition,Dark - Street Lights,Intersection <= 20ft,0.0,1,1.0,Driver,South,Making Left Turn,Pedestrian,North,Proceeding Straight,POINT (-122.38878 37.7869),30.0,1.0,10.0,8.0,07
1393,vw_geo_sfpd_cr_switrs_all_types_col_cty_union.fid-c18a0c2_186644fdb18_-42a6,26582,23606000.0,,141016417,37.7888377793697,-122.389428941973,SFPD-CROSSROADS,CITY STREET,12/02/2014 07:34:00 AM,2014 December 02,07:34:00,2014,December,Tuesday,HARRISON ST,SPEAR ST,0.0,Raining,Injury (Complaint of Pain),Vehicle/Pedestrian,Pedestrian,"In Road, Including Shoulder",Wet,No Unusual Condition,Daylight,Intersection <= 20ft,0.0,1,,Driver,South,Making Left Turn,Pedestrian,South,Proceeding Straight,POINT (-122.38943 37.788837),30.0,1.0,10.0,8.0,07
1399,vw_geo_sfpd_cr_switrs_all_types_col_cty_union.fid-c18a0c2_186644fdb18_-4433,2078,21746000.0,9169000.0,150507164,37.7230105940522,-122.436065108486,SFPD-CROSSROADS,CITY STREET,06/10/2015 02:56:00 PM,2015 June 10,14:56:00,2015,June,Wednesday,MISSION ST,PERSIA AVE,50.0,Raining,Fatal,Vehicle/Pedestrian,Pedestrian,Crossing Not in Crosswalk,Wet,No Unusual Condition,Daylight,Midblock > 20ft,1.0,0,1.0,Pedestrian,West,Proceeding Straight,Driver,North,Proceeding Straight,POINT (-122.436066 37.72301),80.0,9.0,1.0,28.0,14
1401,vw_geo_sfpd_cr_switrs_all_types_col_cty_union.fid-c18a0c2_186644fdb18_-415b,563,20460000.0,7433000.0,150903249,37.7199756659388,-122.396167255048,SFPD-CROSSROADS,CITY STREET,10/15/2015 04:41:00 PM,2015 October 15,16:41:00,2015,October,Thursday,JAMESTOWN AVE,03RD ST,160.0,Cloudy,Injury (Severe),Vehicle/Pedestrian,Pedestrian,Crossing Not in Crosswalk,Dry,No Unusual Condition,Daylight,Midblock > 20ft,0.0,1,1.0,Pedestrian,South,Entering Traffic,Driver,East,Proceeding Straight,POINT (-122.396164 37.719975),88.0,2.0,9.0,1.0,16
1404,vw_geo_sfpd_cr_switrs_all_types_col_cty_union.fid-c18a0c2_186644fdb18_-3e81,3826,21043000.0,4500000.0,160175529,37.7346937076473,-122.411741887954,SFPD-CROSSROADS,CITY STREET,02/29/2016 08:10:00 AM,2016 February 29,08:10:00,2016,February,Monday,CRESCENT AVE,NEVADA ST,32.0,Clear,Injury (Other Visible),Vehicle/Pedestrian,Pedestrian,Crossing Not in Crosswalk,Dry,No Unusual Condition,Daylight,Midblock > 20ft,0.0,1,1.0,Driver,South,Making Left Turn,Pedestrian,North,Other,POINT (-122.41174 37.734695),83.0,9.0,2.0,2.0,08
1415,vw_geo_sfpd_cr_switrs_all_types_col_cty_union.fid-c18a0c2_186644fdb18_-4191,24375,24334000.0,8238000.0,150877826,37.7818623401522,-122.413865401019,SFPD-CROSSROADS,CITY STREET,10/07/2015 12:18:00 PM,2015 October 07,12:18:00,2015,October,Wednesday,GOLDEN GATE AVE,LEAVENWORTH ST,14.0,Clear,Injury (Other Visible),Vehicle/Pedestrian,Pedestrian,Crossing in Crosswalk at Intersection,Dry,No Unusual Condition,Daylight,Intersection <= 20ft,0.0,1,1.0,Driver,North,Making Left Turn,Pedestrian,East,Not Stated,POINT (-122.413864 37.781864),20.0,5.0,10.0,36.0,12
1429,vw_geo_sfpd_cr_switrs_all_types_col_cty_union.fid-c18a0c2_186644fdb18_-2aac,4292,21694000.0,8880000.0,150788900,37.7292001915336,-122.430735937082,SFPD-CROSSROADS,CITY STREET,09/08/2015 12:45:00 PM,2015 September 08,12:45:00,2015,September,Tuesday,CASTLE MANOR AVE,MISSION ST,24.0,Clear,Injury (Complaint of Pain),Vehicle/Pedestrian,Pedestrian,Crossing Not in Crosswalk,Dry,No Unusual Condition,Daylight,Midblock > 20ft,0.0,1,1.0,Pedestrian,South,Other,Driver,West,Making Right Turn,POINT (-122.43073 37.7292),94.0,9.0,1.0,7.0,12
1435,vw_geo_sfpd_cr_switrs_all_types_col_cty_union.fid-c18a0c2_186644fdb18_-4256,21184,26054000.0,5889000.0,150774200,37.7772781968285,-122.434882849316,SFPD-CROSSROADS,CITY STREET,09/03/2015 06:12:00 PM,2015 September 03,18:12:00,2015,September,Thursday,FULTON ST,PIERCE ST,6.0,Clear,Injury (Other Visible),Vehicle/Pedestrian,Pedestrian,Crossing in Crosswalk at Intersection,Dry,No Unusual Condition,Daylight,Intersection <= 20ft,0.0,1,1.0,Driver,West,Proceeding Straight,Pedestrian,South,Proceeding Straight,POINT (-122.43488 37.77728),23.0,4.0,11.0,39.0,18
1453,vw_geo_sfpd_cr_switrs_all_types_col_cty_union.fid-c18a0c2_186644fdb18_-4222,35889,25589000.0,,150805372,37.805496648432,-122.422006821859,SFPD-CROSSROADS,CITY STREET,09/13/2015 10:03:00 PM,2015 September 13,22:03:00,2015,September,Sunday,NORTH POINT ST,LARKIN ST,0.0,Clear,Injury (Complaint of Pain),Vehicle/Pedestrian,Pedestrian,Crossing in Crosswalk at Intersection,Dry,No Unusual Condition,Dark - Street Lights,Intersection <= 20ft,0.0,2,1.0,Driver,East,Making Left Turn,Pedestrian,North,Proceeding Straight,POINT (-122.422005 37.805496),98.0,6.0,6.0,32.0,22
1466,vw_geo_sfpd_cr_switrs_all_types_col_cty_union.fid-c18a0c2_186644fdb18_-482d,16925,24293000.0,,141019639,37.780971183063,-122.408708673534,SFPD-CROSSROADS,CITY STREET,12/03/2014 11:00:00 AM,2014 December 03,11:00:00,2014,December,Wednesday,06TH ST,MISSION ST,0.0,Cloudy,Injury (Complaint of Pain),Broadside,Pedestrian,Crossing in Crosswalk at Intersection,Wet,No Unusual Condition,Daylight,Intersection <= 20ft,0.0,1,,Driver,North,Making Right Turn,Pedestrian,West,Proceeding Straight,POINT (-122.40871 37.78097),32.0,1.0,10.0,34.0,11
1468,vw_geo_sfpd_cr_switrs_all_types_col_cty_union.fid-c18a0c2_186644fdb18_-38cd,40079,27105000.0,,160892193,37.7584913605323,-122.464851491431,SFPD-CROSSROADS,CITY STREET,11/02/2016 06:50:00 AM,2016 November 02,06:50:00,2016,November,Wednesday,LAWTON ST,08TH AVE,0.0,Clear,Injury (Complaint of Pain),Broadside,Pedestrian,Crossing in Crosswalk at Intersection,Dry,No Unusual Condition,Dark - Street Lights,Intersection <= 20ft,0.0,1,1.0,Driver,North,Proceeding Straight,Pedestrian,East,Not Stated,POINT (-122.46485 37.75849),44.0,10.0,8.0,14.0,06
1479,vw_geo_sfpd_cr_switrs_all_types_col_cty_union.fid-c18a0c2_186644fdb18_-39d5,25247,24613000.0,,160779422,37.7862481515276,-122.402025419823,SFPD-CROSSROADS,CITY STREET,09/25/2016 07:12:00 PM,2016 September 25,19:12:00,2016,September,Sunday,MISSION ST,03RD ST,0.0,Clear,Injury (Complaint of Pain),Vehicle/Pedestrian,Pedestrian,Crossing in Crosswalk at Intersection,Dry,No Unusual Condition,Dark - Street Lights,Intersection <= 20ft,0.0,1,1.0,Driver,North,Making Right Turn,Pedestrian,West,Proceeding Straight,POINT (-122.40202 37.786247),32.0,1.0,10.0,8.0,19
1494,vw_geo_sfpd_cr_switrs_all_types_col_cty_union.fid-c18a0c2_186644fdb18_-483f,8625,23987000.0,12689000.0,141007977,37.7526211493211,-122.412999604543,SFPD-CROSSROADS,CITY STREET,11/29/2014 01:50:00 AM,2014 November 29,01:50:00,2014,November,Saturday,24TH ST,TREAT AVE,8.0,Clear,Injury (Other Visible),Vehicle/Pedestrian,Pedestrian,Crossing in Crosswalk at Intersection,Wet,No Unusual Condition,Dark - Street Lights,Intersection <= 20ft,0.0,1,1.0,Driver,East,Proceeding Straight,Pedestrian,North,Proceeding Straight,POINT (-122.413 37.75262),53.0,3.0,2.0,20.0,01
1495,vw_geo_sfpd_cr_switrs_all_types_col_cty_union.fid-c18a0c2_186644fdb18_-45ec,55308,20578000.0,,210388498,37.7239199944,-122.402060967,SFPD-INTERIM DB,CITY STREET,06/21/2021 05:30:00 PM,2021 June 21,17:30:00,2021,June,Monday,SAN BRUNO AVE,PAUL AVE,0.0,Clear,Injury (Complaint of Pain),Vehicle/Pedestrian,Pedestrian,Crossing in Crosswalk at Intersection,Dry,No Unusual Condition,Daylight,Intersection <= 20ft,0.0,1,1.0,Driver,West,Proceeding Straight,Pedestrian,North,Proceeding Straight,POINT (-122.40206 37.72392),91.0,2.0,2.0,25.0,17
1496,vw_geo_sfpd_cr_switrs_all_types_col_cty_union.fid-c18a0c2_186644fdb18_-430d,22963,23803000.0,,150671703,37.7818461702584,-122.392077449417,SFPD-CROSSROADS,CITY STREET,08/02/2015 05:07:00 PM,2015 August 02,17:07:00,2015,August,Sunday,02ND ST,BRANNAN ST,0.0,Clear,Injury (Other Visible),Broadside,Pedestrian,Crossing in Crosswalk at Intersection,Dry,No Unusual Condition,Daylight,Intersection <= 20ft,0.0,1,1.0,Pedestrian,South,Proceeding Straight,Driver,West,Proceeding Straight,POINT (-122.392075 37.781845),31.0,1.0,10.0,8.0,17
1499,vw_geo_sfpd_cr_switrs_all_types_col_cty_union.fid-c18a0c2_186644fdb18_-3bd8,29051,25191000.0,,130298145,37.7826853686405,-122.42246374364,SFPD-CROSSROADS,CITY STREET,04/12/2013 03:02:00 AM,2013 April 12,03:02:00,2013,April,Friday,EDDY ST,FRANKLIN ST,0.0,Clear,Injury (Complaint of Pain),Vehicle/Pedestrian,Pedestrian,"In Road, Including Shoulder",Dry,No Unusual Condition,Daylight,Intersection <= 20ft,0.0,1,,Driver,East,Proceeding Straight,Pedestrian,South,Other,POINT (-122.42246 37.782684),100.0,4.0,11.0,39.0,03
1500,vw_geo_sfpd_cr_switrs_all_types_col_cty_union.fid-c18a0c2_186644fdb18_-3d29,28581,25249000.0,,140345526,37.7930136084045,-122.416113016602,SFPD-CROSSROADS,CITY STREET,04/26/2014 07:30:00 AM,2014 April 26,07:30:00,2014,April,Saturday,CLAY ST,LEAVENWORTH ST,0.0,Clear,Injury (Complaint of Pain),Vehicle/Pedestrian,Pedestrian,Crossing in Crosswalk at Intersection,Dry,No Unusual Condition,Daylight,Intersection <= 20ft,0.0,1,1.0,Driver,East,Proceeding Straight,Pedestrian,North,Proceeding Straight,POINT (-122.416115 37.793015),16.0,6.0,3.0,32.0,07
1506,vw_geo_sfpd_cr_switrs_all_types_col_cty_union.fid-c18a0c2_186644fdb18_-4e86,12325,24377000.0,,140012800,37.7665395759103,-122.422043813584,SFPD-CROSSROADS,CITY STREET,01/05/2014 12:39:00 PM,2014 January 05,12:39:00,2014,January,Sunday,15TH ST,VALENCIA ST,0.0,Clear,Injury (Complaint of Pain),Vehicle/Pedestrian,Pedestrian,Crossing in Crosswalk at Intersection,Dry,No Unusual Condition,Daylight,Intersection <= 20ft,0.0,1,1.0,Driver,West,Making Right Turn,Pedestrian,North,Proceeding Straight,POINT (-122.42204 37.76654),53.0,3.0,2.0,20.0,12
1508,vw_geo_sfpd_cr_switrs_all_types_col_cty_union.fid-c18a0c2_186644fdb18_-3d99,10775,25789000.0,1066000.0,160282629,37.7577492577349,-122.433661527301,SFPD-CROSSROADS,CITY STREET,04/06/2016 08:24:00 AM,2016 April 06,08:24:00,2016,April,Wednesday,20TH ST,HARTFORD ST,20.0,Clear,Injury (Other Visible),Vehicle/Pedestrian,Pedestrian,Crossing Not in Crosswalk,Dry,No Unusual Condition,Daylight,Intersection <= 20ft,0.0,1,1.0,Driver,West,Backing,Pedestrian,West,Not Stated,POINT (-122.43366 37.757748),115.0,3.0,5.0,5.0,08
1509,vw_geo_sfpd_cr_switrs_all_types_col_cty_union.fid-c18a0c2_186644fdb18_-46c8,147,33229000.000000004,,150126770,37.7111697714963,-122.390835880676,SFPD-CROSSROADS,CITY STREET,02/10/2015 07:21:00 PM,2015 February 10,19:21:00,2015,February,Tuesday,CRESCENT WAY,EXECUTIVE PARK BLVD,0.0,Clear,Injury (Severe),Vehicle/Pedestrian,Pedestrian,Crossing in Crosswalk at Intersection,Dry,No Unusual Condition,Dark - Street Lights,Intersection <= 20ft,0.0,1,1.0,Driver,North,Making Left Turn,Pedestrian,East,Not Stated,POINT (-122.39084 37.71117),79.0,2.0,9.0,1.0,19
1515,vw_geo_sfpd_cr_switrs_all_types_col_cty_union.fid-c18a0c2_186644fdb18_-4397,27602,24686000.0,,150601299,37.7921084037533,-122.400933081912,SFPD-CROSSROADS,CITY STREET,07/10/2015 04:30:00 PM,2015 July 10,16:30:00,2015,July,Friday,PINE ST,SANSOME ST,0.0,Clear,Injury (Complaint of Pain),Vehicle/Pedestrian,Pedestrian,Crossing in Crosswalk at Intersection,Dry,No Unusual Condition,Daylight,Intersection <= 20ft,0.0,1,1.0,Driver,West,Making Left Turn,Pedestrian,South,Proceeding Straight,POINT (-122.40093 37.792107),108.0,6.0,3.0,8.0,16
1517,vw_geo_sfpd_cr_switrs_all_types_col_cty_union.fid-c18a0c2_186644fdb18_-4b48,9634,23746000.0,,140483734,37.7662502528649,-122.399760960129,SFPD-CROSSROADS,CITY STREET,06/10/2014 09:30:00 PM,2014 June 10,21:30:00,2014,June,Tuesday,16TH ST,WISCONSIN ST,0.0,Clear,Injury (Complaint of Pain),Vehicle/Pedestrian,Pedestrian,Crossing in Crosswalk at Intersection,Dry,No Unusual Condition,Dark - Street Lights,Intersection <= 20ft,0.0,1,1.0,Driver,West,Proceeding Straight,Pedestrian,South,Proceeding Straight,POINT (-122.39976 37.76625),54.0,1.0,9.0,4.0,21
1521,vw_geo_sfpd_cr_switrs_all_types_col_cty_union.fid-c18a0c2_186644fdb18_-4bcc,42290,27259000.000000004,7538000.0,140403011,37.7725344354769,-122.467766272238,SFPD-CROSSROADS,CITY STREET,05/14/2014 08:00:00 AM,2014 May 14,08:00:00,2014,May,Wednesday,JOHN F KENNEDY DR,HAGIWARA TEA GARDEN DR,350.0,Clear,Injury (Other Visible),Vehicle/Pedestrian,Pedestrian,Crossing in Crosswalk Not at Intersection,Dry,No Unusual Condition,Daylight,Midblock > 20ft,0.0,1,2.0,Pedestrian,North,Proceeding Straight,Driver,East,Proceeding Straight,POINT (-122.467766 37.772533),9.0,8.0,4.0,12.0,08
1522,vw_geo_sfpd_cr_switrs_all_types_col_cty_union.fid-c18a0c2_186644fdb18_-412c,24084,24295000.0,327000.0,150924972,37.7816277139264,-122.409534078084,SFPD-CROSSROADS,CITY STREET,10/22/2015 09:40:00 PM,2015 October 22,21:40:00,2015,October,Thursday,06TH ST,STEVENSON ST,65.0,Clear,Injury (Complaint of Pain),Vehicle/Pedestrian,Pedestrian,Crossing Not in Crosswalk,Dry,No Unusual Condition,Dark - Street Lights,Midblock > 20ft,0.0,1,1.0,Pedestrian,East,Not Stated,Driver,South,Proceeding Straight,POINT (-122.40953 37.781628),32.0,5.0,10.0,34.0,21
1526,vw_geo_sfpd_cr_switrs_all_types_col_cty_union.fid-c18a0c2_186644fdb18_-37ab,15282,23916000.0,339000.0,161031053,37.776709078449,-122.403363690672,SFPD-CROSSROADS,CITY STREET,12/20/2016 08:17:00 AM,2016 December 20,08:17:00,2016,December,Tuesday,06TH ST,AHERN WAY,3.0,Clear,Injury (Other Visible),Vehicle/Pedestrian,Pedestrian,Crossing Not in Crosswalk,Dry,No Unusual Condition,Daylight,Intersection <= 20ft,0.0,1,1.0,Pedestrian,North,Not Stated,Driver,East,Making Right Turn,POINT (-122.403366 37.77671),32.0,1.0,10.0,34.0,08
1530,vw_geo_sfpd_cr_switrs_all_types_col_cty_union.fid-c18a0c2_186644fdb18_-4c5e,17185,24324000.0,,140313238,37.7809268554627,-122.413676360649,SFPD-CROSSROADS,CITY STREET,04/15/2014 03:00:00 PM,2014 April 15,15:00:00,2014,April,Tuesday,MCALLISTER ST,LEAVENWORTH ST,0.0,Clear,Injury (Complaint of Pain),Vehicle/Pedestrian,Pedestrian,Crossing in Crosswalk at Intersection,Dry,No Unusual Condition,Daylight,Intersection <= 20ft,0.0,1,1.0,Driver,West,Making Right Turn,Pedestrian,North,Proceeding Straight,POINT (-122.41367 37.780926),21.0,5.0,10.0,36.0,15
1535,vw_geo_sfpd_cr_switrs_all_types_col_cty_union.fid-c18a0c2_186644fdb18_-4d8d,34221,25525000.000000004,4303000.0,140136654,37.8042086328482,-122.415838742083,SFPD-CROSSROADS,CITY STREET,02/15/2014 06:05:00 PM,2014 February 15,18:05:00,2014,February,Saturday,COLUMBUS AVE,FRANCISCO ST,82.0,Clear,Injury (Complaint of Pain),Vehicle/Pedestrian,Pedestrian,"In Road, Including Shoulder",Dry,No Unusual Condition,Dusk - Dawn,Midblock > 20ft,0.0,1,1.0,Driver,North,Stopped In Road,Pedestrian,West,Not Stated,POINT (-122.41584 37.804207),107.0,6.0,3.0,32.0,18
1549,vw_geo_sfpd_cr_switrs_all_types_col_cty_union.fid-c18a0c2_186644fdb18_-397d,2928,33647000.0,2579000.0,160815822,37.7276437592148,-122.403555776061,SFPD-CROSSROADS,CITY STREET,10/07/2016 10:55:00 AM,2016 October 07,10:55:00,2016,October,Friday,BACON ST,SAN BRUNO AVE,11.0,Clear,Injury (Complaint of Pain),Vehicle/Pedestrian,Pedestrian,Crossing in Crosswalk at Intersection,Dry,No Unusual Condition,Daylight,Intersection <= 20ft,0.0,1,1.0,Driver,East,Making Left Turn,Pedestrian,North,Proceeding Straight,POINT (-122.40356 37.727642),91.0,2.0,2.0,25.0,10
1554,vw_geo_sfpd_cr_switrs_all_types_col_cty_union.fid-c18a0c2_186644fdb18_-485f,28074,24675000.000000004,,140984657,37.7932091021671,-122.399958735917,SFPD-CROSSROADS,CITY STREET,11/21/2014 10:13:00 PM,2014 November 21,22:13:00,2014,November,Friday,BATTERY ST,CALIFORNIA ST,0.0,Clear,Injury (Other Visible),Vehicle/Pedestrian,Pedestrian,Crossing in Crosswalk at Intersection,Wet,No Unusual Condition,Dark - Street Lights,Intersection <= 20ft,0.0,2,1.0,Driver,South,Making Left Turn,Pedestrian,South,Proceeding Straight,POINT (-122.399956 37.79321),108.0,6.0,3.0,8.0,22
1559,vw_geo_sfpd_cr_switrs_all_types_col_cty_union.fid-c18a0c2_186644fdb18_-4a86,24584,24933000.0,,140619224,37.7825850335311,-122.415693873471,SFPD-CROSSROADS,CITY STREET,07/24/2014 07:00:00 PM,2014 July 24,19:00:00,2014,July,Thursday,HYDE ST,TURK ST,0.0,Clear,Injury (Severe),Vehicle/Pedestrian,Pedestrian,Crossing in Crosswalk at Intersection,Dry,No Unusual Condition,Daylight,Intersection <= 20ft,0.0,1,,Driver,South,Making Left Turn,Pedestrian,West,Proceeding Straight,POINT (-122.415695 37.782585),20.0,5.0,10.0,36.0,19
1560,vw_geo_sfpd_cr_switrs_all_types_col_cty_union.fid-c18a0c2_186644fdb18_-3a9f,9598,24020000.0,,160678197,37.7644878292394,-122.407419738425,SFPD-CROSSROADS,CITY STREET,08/22/2016 05:13:00 AM,2016 August 22,05:13:00,2016,August,Monday,POTRERO AVE,17TH ST,0.0,Clear,Injury (Severe),Vehicle/Pedestrian,Pedestrian,Crossing in Crosswalk at Intersection,Dry,No Unusual Condition,Dark - Street Lights,Intersection <= 20ft,0.0,1,,Driver,North,Making Left Turn,Pedestrian,East,Proceeding Straight,POINT (-122.40742 37.76449),53.0,3.0,9.0,20.0,05
1570,vw_geo_sfpd_cr_switrs_all_types_col_cty_union.fid-c18a0c2_186644fdb18_-3ae4,23513,23603000.0,,160643344,37.7881345024189,-122.390319484135,SFPD-CROSSROADS,CITY STREET,08/09/2016 11:15:00 PM,2016 August 09,23:15:00,2016,August,Tuesday,HARRISON ST,MAIN ST,0.0,Clear,Injury (Other Visible),Vehicle/Pedestrian,Pedestrian,Crossing in Crosswalk at Intersection,Dry,No Unusual Condition,Dark - Street Lights,Intersection <= 20ft,0.0,1,1.0,Pedestrian,North,Proceeding Straight,Driver,West,Proceeding Straight,POINT (-122.39032 37.788136),30.0,1.0,10.0,8.0,23
1576,vw_geo_sfpd_cr_switrs_all_types_col_cty_union.fid-c18a0c2_186644fdb18_-3b8d,10642,24130000.000000004,,160556236,37.758698272665,-122.417964704914,SFPD-CROSSROADS,CITY STREET,07/10/2016 12:52:00 AM,2016 July 10,00:52:00,2016,July,Sunday,CAPP ST,20TH ST,0.0,Clear,Injury (Complaint of Pain),Vehicle/Pedestrian,Pedestrian,Crossing in Crosswalk at Intersection,Dry,No Unusual Condition,Dark - Street Lights,Intersection <= 20ft,0.0,1,1.0,Driver,North,Proceeding Straight,Pedestrian,East,Not Stated,POINT (-122.41796 37.758698),53.0,3.0,2.0,20.0,00
1578,vw_geo_sfpd_cr_switrs_all_types_col_cty_union.fid-c18a0c2_186644fdb18_-eaa,3064,20140000.0,7473000.0,150071103,37.7306436963106,-122.38542036845,SFPD-CROSSROADS,CITY STREET,01/23/2015 06:00:00 PM,2015 January 23,18:00:00,2015,January,Friday,INGALLS ST,PALOU AVE,63.0,Clear,Injury (Complaint of Pain),Vehicle/Pedestrian,Pedestrian,"In Road, Including Shoulder",Dry,No Unusual Condition,Dark - No Street Lights,Midblock > 20ft,0.0,1,1.0,Driver,South,Proceeding Straight,Pedestrian,South,Proceeding Straight,POINT (-122.38542 37.730644),86.0,2.0,9.0,1.0,18
1580,vw_geo_sfpd_cr_switrs_all_types_col_cty_union.fid-c18a0c2_186644fdb18_-487f,13863,24199000.0,,140957507,37.7725262698299,-122.406968290079,SFPD-CROSSROADS,CITY STREET,11/11/2014 09:50:00 PM,2014 November 11,21:50:00,2014,November,Tuesday,BRYANT ST,08TH ST,0.0,Clear,Injury (Other Visible),Vehicle/Pedestrian,Pedestrian,Crossing Not in Crosswalk,Dry,No Unusual Condition,Dark - Street Lights,Intersection <= 20ft,0.0,1,1.0,Pedestrian,South,Entering Traffic,Driver,East,Making Left Turn,POINT (-122.40697 37.772526),33.0,1.0,10.0,34.0,21