,id,unique_id,cnn_intrsctn_fkey,cnn_sgmt_fkey,case_id_pkey,tb_latitude,tb_longitude,geocode_source,geocode_location,collision_datetime,collision_date,collision_time,accident_year,month,day_of_week,primary_rd,secondary_rd,distance,weather_1,collision_severity,type_of_collision,mviw,ped_action,road_surface,road_cond_1,lighting,intersection,number_killed,number_injured,party_at_fault,party1_type,party1_dir_of_travel,party1_move_pre_acc,party2_type,party2_dir_of_travel,party2_move_pre_acc,point,Neighborhoods,Current Police Districts,Current Supervisor Districts,Analysis Neighborhoods,hour
1588,vw_geo_sfpd_cr_switrs_all_types_col_cty_union.fid-c18a0c2_186644fdb18_-3809,10256,24094000.000000004,,160990032,37.7538365876294,-122.418593945126,SFPD-CROSSROADS,CITY STREET,12/06/2016 08:45:00 AM,2016 December 06,08:45:00,2016,December,Tuesday,23RD ST,MISSION ST,0.0,Clear,Injury (Complaint of Pain),Vehicle/Pedestrian,Pedestrian,"In Road, Including Shoulder",Dry,No Unusual Condition,Daylight,Intersection <= 20ft,0.0,1,1.0,Pedestrian,West,Other,Driver,West,Proceeding Straight,POINT (-122.418594 37.753838),53.0,3.0,2.0,20.0,08
1590,vw_geo_sfpd_cr_switrs_all_types_col_cty_union.fid-c18a0c2_186644fdb18_-3ae8,29382,26492000.0,,160051559,37.7833998581429,-122.424294812921,SFPD-CROSSROADS,CITY STREET,01/19/2016 07:27:00 AM,2016 January 19,07:27:00,2016,January,Tuesday,GOUGH ST,ELLIS ST,0.0,Raining,Injury (Complaint of Pain),Sideswipe,Pedestrian,Crossing in Crosswalk at Intersection,Wet,No Unusual Condition,Dark - Street Lights,Intersection <= 20ft,0.0,1,1.0,Driver,West,Making Left Turn,Pedestrian,East,Proceeding Straight,POINT (-122.42429 37.7834),100.0,4.0,11.0,39.0,07
1591,vw_geo_sfpd_cr_switrs_all_types_col_cty_union.fid-c18a0c2_186644fdb18_-3adf,19300,26342000.0,,160646097,37.7702101745611,-122.445344990058,SFPD-CROSSROADS,CITY STREET,08/10/2016 09:50:00 PM,2016 August 10,21:50:00,2016,August,Wednesday,HAIGHT ST,MASONIC AVE,0.0,Clear,Injury (Complaint of Pain),Vehicle/Pedestrian,Pedestrian,Crossing in Crosswalk at Intersection,Dry,No Unusual Condition,Dark - Street Lights,Intersection <= 20ft,0.0,1,1.0,Pedestrian,North,Other,Driver,West,Proceeding Straight,POINT (-122.44534 37.77021),25.0,7.0,11.0,3.0,21
1599,vw_geo_sfpd_cr_switrs_all_types_col_cty_union.fid-c18a0c2_186644fdb18_-4c2b,3608,20656000.0,2805000.0,130052004,37.7329287559989,-122.404646692759,SFPD-CROSSROADS,CITY STREET,01/19/2013 06:00:00 AM,2013 January 19,06:00:00,2013,January,Saturday,BAY SHORE BLVD,SILVER AVE,8.0,Clear,Injury (Complaint of Pain),Vehicle/Pedestrian,Pedestrian,Crossing in Crosswalk at Intersection,Dry,No Unusual Condition,Dark - Street Lights,Intersection <= 20ft,0.0,1,1.0,Driver,South,Making Left Turn,Pedestrian,West,Proceeding Straight,POINT (-122.40465 37.73293),91.0,2.0,9.0,25.0,06
1615,vw_geo_sfpd_cr_switrs_all_types_col_cty_union.fid-c18a0c2_186644fdb18_-3edb,1019,21405000.0,,160126754,37.7134759473785,-122.434541126409,SFPD-CROSSROADS,CITY STREET,02/12/2016 07:50:00 AM,2016 February 12,07:50:00,2016,February,Friday,GENEVA AVE,ATHENS ST,0.0,Clear,Fatal,Vehicle/Pedestrian,Pedestrian,Crossing in Crosswalk at Intersection,Dry,No Unusual Condition,Daylight,Intersection <= 20ft,1.0,0,1.0,Driver,East,Not Stated,Pedestrian,North,Not Stated,POINT (-122.43454 37.713474),58.0,9.0,1.0,7.0,07
1620,vw_geo_sfpd_cr_switrs_all_types_col_cty_union.fid-c18a0c2_186644fdb18_-3ff0,25097,24936000.0,,151100298,37.7848662451966,-122.412782128208,SFPD-CROSSROADS,CITY STREET,12/21/2015 06:20:00 PM,2015 December 21,18:20:00,2015,December,Monday,ELLIS ST,JONES ST,0.0,Raining,Injury (Complaint of Pain),Vehicle/Pedestrian,Pedestrian,Crossing in Crosswalk at Intersection,Wet,No Unusual Condition,Dark - Street Lights,Intersection <= 20ft,0.0,1,1.0,Driver,South,Making Left Turn,Pedestrian,East,Other,POINT (-122.41278 37.784866),20.0,5.0,10.0,36.0,18
1629,vw_geo_sfpd_cr_switrs_all_types_col_cty_union.fid-c18a0c2_186644fdb18_-4513,23911,24590000.0,,150373476,37.7850302847929,-122.400468484027,SFPD-CROSSROADS,CITY STREET,04/29/2015 06:21:00 PM,2015 April 29,18:21:00,2015,April,Wednesday,HOWARD ST,03RD ST,0.0,Clear,Injury (Complaint of Pain),Vehicle/Pedestrian,Pedestrian,Crossing in Crosswalk at Intersection,Dry,No Unusual Condition,Daylight,Intersection <= 20ft,0.0,1,1.0,Driver,West,Making Left Turn,Pedestrian,South,Proceeding Straight,POINT (-122.40047 37.78503),32.0,1.0,10.0,8.0,18
1632,vw_geo_sfpd_cr_switrs_all_types_col_cty_union.fid-c18a0c2_186644fdb18_-3b08,612,20471000.0,,160622194,37.7217158802489,-122.395943828044,SFPD-CROSSROADS,CITY STREET,08/02/2016 12:24:00 PM,2016 August 02,12:24:00,2016,August,Tuesday,03RD ST,HOLLISTER AVE,0.0,Clear,Injury (Complaint of Pain),Vehicle/Pedestrian,Pedestrian,Crossing in Crosswalk at Intersection,Dry,No Unusual Condition,Daylight,Intersection <= 20ft,0.0,1,1.0,Driver,South,Making Left Turn,Pedestrian,East,Proceeding Straight,POINT (-122.39594 37.721714),88.0,2.0,9.0,1.0,12
1635,vw_geo_sfpd_cr_switrs_all_types_col_cty_union.fid-c18a0c2_186644fdb18_-3b1e,38297,23149000.0,11951201.0,160607588,37.7346375698997,-122.475129104398,SFPD-CROSSROADS,CITY STREET,07/28/2016 10:24:00 AM,2016 July 28,10:24:00,2016,July,Thursday,SLOAT BLVD,19TH AVE,10.0,Cloudy,Injury (Complaint of Pain),Vehicle/Pedestrian,Pedestrian,Crossing in Crosswalk at Intersection,Dry,No Unusual Condition,Daylight,Intersection <= 20ft,0.0,1,1.0,Driver,East,Proceeding Straight,Pedestrian,North,Proceeding Straight,POINT (-122.47513 37.73464),40.0,10.0,7.0,35.0,10
1640,vw_geo_sfpd_cr_switrs_all_types_col_cty_union.fid-c18a0c2_186644fdb18_-4f8e,16511,24265000.0,7047000.0,131018122,37.777920164723,-122.409458971488,SFPD-CROSSROADS,CITY STREET,12/02/2013 06:22:00 PM,2013 December 02,18:22:00,2013,December,Monday,HOWARD ST,07TH ST,29.0,Clear,Injury (Severe),Vehicle/Pedestrian,Pedestrian,Crossing Not in Crosswalk,Dry,No Unusual Condition,Dark - No Street Lights,Midblock > 20ft,0.0,1,1.0,Pedestrian,South,Not Stated,Driver,West,Proceeding Straight,POINT (-122.40946 37.77792),32.0,1.0,10.0,34.0,18
1646,vw_geo_sfpd_cr_switrs_all_types_col_cty_union.fid-c18a0c2_186644fdb18_-38de,33353,24792000.0,,160887279,37.7970645904515,-122.405512935776,SFPD-CROSSROADS,CITY STREET,10/31/2016 02:40:00 PM,2016 October 31,14:40:00,2016,October,Monday,COLUMBUS AVE,PACIFIC AVE,0.0,Clear,Injury (Complaint of Pain),Vehicle/Pedestrian,Pedestrian,Crossing in Crosswalk at Intersection,Dry,No Unusual Condition,Daylight,Intersection <= 20ft,0.0,1,1.0,Bicyclist,South,Proceeding Straight,Pedestrian,East,Proceeding Straight,POINT (-122.40551 37.797066),106.0,6.0,3.0,23.0,14
1648,vw_geo_sfpd_cr_switrs_all_types_col_cty_union.fid-c18a0c2_186644fdb18_-42c6,40179,27336000.0,1010000.0,150710668,37.754771826737,-122.477589338428,SFPD-CROSSROADS,CITY STREET,08/14/2015 09:49:00 PM,2015 August 14,21:49:00,2015,August,Friday,20TH AVE,NORIEGA ST,211.0,Clear,Injury (Complaint of Pain),Vehicle/Pedestrian,Pedestrian,"In Road, Including Shoulder",Dry,No Unusual Condition,Dark - Street Lights,Midblock > 20ft,0.0,1,1.0,Pedestrian,North,Proceeding Straight,Driver,North,Proceeding Straight,POINT (-122.47759 37.754772),39.0,10.0,7.0,35.0,21
1651,vw_geo_sfpd_cr_switrs_all_types_col_cty_union.fid-c18a0c2_186644fdb18_-413b,22349,26057000.0,,150919713,37.7768558888485,-122.43817704764,SFPD-CROSSROADS,CITY STREET,10/21/2015 09:14:00 AM,2015 October 21,09:14:00,2015,October,Wednesday,DIVISADERO ST,FULTON ST,0.0,Clear,Injury (Complaint of Pain),Vehicle/Pedestrian,Pedestrian,Crossing in Crosswalk at Intersection,Dry,No Unusual Condition,Daylight,Intersection <= 20ft,0.0,1,1.0,Driver,North,Making Left Turn,Pedestrian,West,Making Left Turn,POINT (-122.43818 37.776855),24.0,4.0,11.0,9.0,09
1652,vw_geo_sfpd_cr_switrs_all_types_col_cty_union.fid-c18a0c2_186644fdb18_-3e2f,21252,24459000.0,,160211214,37.7782510170772,-122.419883230578,SFPD-CROSSROADS,CITY STREET,03/12/2016 09:04:00 PM,2016 March 12,21:04:00,2016,March,Saturday,VAN NESS AVE,GROVE ST,0.0,Raining,Injury (Complaint of Pain),Vehicle/Pedestrian,Pedestrian,Crossing in Crosswalk at Intersection,Wet,No Unusual Condition,Dark - Street Lights,Intersection <= 20ft,0.0,2,,Driver,North,Making Left Turn,Pedestrian,West,Proceeding Straight,POINT (-122.41988 37.77825),21.0,4.0,10.0,36.0,21
1657,vw_geo_sfpd_cr_switrs_all_types_col_cty_union.fid-c18a0c2_186644fdb18_-4e4c,17220,24333000.0,,130761302,37.7807191769573,-122.415315615362,SFPD-CROSSROADS,CITY STREET,09/11/2013 08:40:00 AM,2013 September 11,08:40:00,2013,September,Wednesday,HYDE ST,MCALLISTER ST,0.0,Cloudy,Injury (Complaint of Pain),Vehicle/Pedestrian,Pedestrian,Crossing in Crosswalk at Intersection,Dry,No Unusual Condition,Daylight,Intersection <= 20ft,0.0,1,1.0,Driver,South,Making Right Turn,Pedestrian,East,Entering Traffic,POINT (-122.41531 37.78072),21.0,5.0,10.0,36.0,08
1660,vw_geo_sfpd_cr_switrs_all_types_col_cty_union.fid-c18a0c2_186644fdb18_-44f8,1932,21575000.000000004,,150388845,37.7161689642948,-122.4503783548,SFPD-CROSSROADS,CITY STREET,05/04/2015 09:59:00 PM,2015 May 04,21:59:00,2015,May,Monday,SAN JOSE AVE,LAKEVIEW AVE,0.0,Clear,Injury (Complaint of Pain),Vehicle/Pedestrian,Pedestrian,Crossing in Crosswalk at Intersection,Dry,No Unusual Condition,Dark - Street Lights,Intersection <= 20ft,0.0,1,1.0,Driver,South,Proceeding Straight,Pedestrian,West,Proceeding Straight,POINT (-122.45038 37.716167),81.0,10.0,1.0,24.0,21
1661,vw_geo_sfpd_cr_switrs_all_types_col_cty_union.fid-c18a0c2_186644fdb18_-46f9,12878,26266000.0,4248000.0,150101794,37.7612948263124,-122.44904891763,SFPD-CROSSROADS,CITY STREET,02/02/2015 06:29:00 PM,2015 February 02,18:29:00,2015,February,Monday,17TH ST,TEMPLE ST,11.0,Clear,Injury (Other Visible),Vehicle/Pedestrian,Pedestrian,Crossing in Crosswalk at Intersection,Dry,No Unusual Condition,Dark - Street Lights,Intersection <= 20ft,0.0,1,1.0,Driver,West,Proceeding Straight,Pedestrian,South,Proceeding Straight,POINT (-122.44905 37.761295),114.0,7.0,11.0,14.0,18
1664,vw_geo_sfpd_cr_switrs_all_types_col_cty_union.fid-c18a0c2_186644fdb18_-42e8,15861,24311000.0,,150695032,37.7774574201244,-122.41315769137,SFPD-CROSSROADS,CITY STREET,08/10/2015 07:56:00 AM,2015 August 10,07:56:00,2015,August,Monday,MISSION ST,08TH ST,0.0,Clear,Injury (Complaint of Pain),Vehicle/Pedestrian,Pedestrian,Crossing in Crosswalk at Intersection,Dry,No Unusual Condition,Daylight,Intersection <= 20ft,0.0,1,1.0,Driver,South,Making Left Turn,Pedestrian,North,Proceeding Straight,POINT (-122.413155 37.77746),32.0,1.0,10.0,34.0,07
1670,vw_geo_sfpd_cr_switrs_all_types_col_cty_union.fid-c18a0c2_186644fdb18_-4529,32560,25276000.0,,150360871,37.7945673610734,-122.418112287336,SFPD-CROSSROADS,CITY STREET,04/24/2015 11:00:00 PM,2015 April 24,23:00:00,2015,April,Friday,JACKSON ST,HYDE ST,0.0,Raining,Injury (Other Visible),Vehicle/Pedestrian,Pedestrian,Crossing in Crosswalk at Intersection,Wet,No Unusual Condition,Dark - Street Lights,Intersection <= 20ft,0.0,1,1.0,Driver,West,Making Right Turn,Pedestrian,South,Proceeding Straight,POINT (-122.41811 37.794567),16.0,6.0,3.0,32.0,23
1674,vw_geo_sfpd_cr_switrs_all_types_col_cty_union.fid-c18a0c2_186644fdb18_-3dc4,30478,26502000.0,6332000.0,160257525,37.7870297258074,-122.425026624521,SFPD-CROSSROADS,CITY STREET,03/28/2016 08:58:00 PM,2016 March 28,20:58:00,2016,March,Monday,GOUGH ST,SUTTER ST,37.0,Clear,Injury (Other Visible),Vehicle/Pedestrian,Pedestrian,Crossing in Crosswalk at Intersection,Dry,No Unusual Condition,Dark - Street Lights,Midblock > 20ft,0.0,1,1.0,Driver,South,Making Left Turn,Pedestrian,West,Proceeding Straight,POINT (-122.425026 37.78703),100.0,4.0,6.0,39.0,20
1680,vw_geo_sfpd_cr_switrs_all_types_col_cty_union.fid-c18a0c2_186644fdb18_-4fe6,24750,30739000.0,8747103.0,130964120,37.7840851553251,-122.407864611134,SFPD-CROSSROADS,CITY STREET,11/13/2013 10:32:00 PM,2013 November 13,22:32:00,2013,November,Wednesday,MARKET ST,05TH ST,65.0,Clear,Injury (Other Visible),Vehicle/Pedestrian,Pedestrian,Crossing Not in Crosswalk,Dry,No Unusual Condition,Dark - Street Lights,Midblock > 20ft,0.0,1,1.0,Pedestrian,North,Proceeding Straight,Driver,West,Not Stated,POINT (-122.40787 37.784084),32.0,5.0,10.0,34.0,22
1701,vw_geo_sfpd_cr_switrs_all_types_col_cty_union.fid-c18a0c2_186644fdb18_-41d1,26628,50069000.0,5863000.0,150846097,37.7888357280143,-122.394650348921,SFPD-CROSSROADS,CITY STREET,09/27/2015 12:49:00 AM,2015 September 27,00:49:00,2015,September,Sunday,FREMONT ST,HOWARD ST,205.0,Clear,Injury (Severe),Vehicle/Pedestrian,Pedestrian,Crossing Not in Crosswalk,Dry,No Unusual Condition,Dark - Street Lights,Midblock > 20ft,0.0,1,1.0,Pedestrian,East,Entering Traffic,Driver,North,Slowing/Stopping,POINT (-122.39465 37.788837),32.0,1.0,10.0,8.0,00
1707,vw_geo_sfpd_cr_switrs_all_types_col_cty_union.fid-c18a0c2_186644fdb18_-40a5,41107,27417000.0,7298000.0,150997361,37.7634217540217,-122.480303698399,SFPD-CROSSROADS,CITY STREET,11/16/2015 09:33:00 AM,2015 November 16,09:33:00,2015,November,Monday,IRVING ST,22ND AVE,10.0,Clear,Injury (Complaint of Pain),Vehicle/Pedestrian,Pedestrian,Crossing in Crosswalk at Intersection,Dry,No Unusual Condition,Daylight,Intersection <= 20ft,0.0,1,1.0,Driver,East,Making Left Turn,Pedestrian,North,Proceeding Straight,POINT (-122.4803 37.76342),39.0,10.0,7.0,35.0,09
1709,vw_geo_sfpd_cr_switrs_all_types_col_cty_union.fid-c18a0c2_186644fdb18_-3dfb,31638,26943000.0,,160234335,37.7864177312592,-122.453406647488,SFPD-CROSSROADS,CITY STREET,03/20/2016 08:50:00 PM,2016 March 20,20:50:00,2016,March,Sunday,SPRUCE ST,CALIFORNIA ST,0.0,Clear,Injury (Complaint of Pain),Vehicle/Pedestrian,Pedestrian,Crossing in Crosswalk at Intersection,Dry,No Unusual Condition,Dark - Street Lights,Intersection <= 20ft,0.0,1,,Driver,West,Proceeding Straight,Pedestrian,South,Other,POINT (-122.45341 37.78642),10.0,8.0,6.0,31.0,20
1710,vw_geo_sfpd_cr_switrs_all_types_col_cty_union.fid-c18a0c2_186644fdb18_-3b17,12697,25880000.0,,160611896,37.7660137307788,-122.430824394532,SFPD-CROSSROADS,CITY STREET,07/29/2016 07:24:00 PM,2016 July 29,19:24:00,2016,July,Friday,MARKET ST,15TH ST,0.0,Clear,Injury (Complaint of Pain),Vehicle/Pedestrian,Pedestrian,Crossing in Crosswalk at Intersection,Dry,No Unusual Condition,Daylight,Intersection <= 20ft,0.0,1,1.0,Pedestrian,South,Entering Traffic,Driver,South,Proceeding Straight,POINT (-122.430824 37.766014),37.0,3.0,5.0,5.0,19
1715,vw_geo_sfpd_cr_switrs_all_types_col_cty_union.fid-c18a0c2_186644fdb18_-4f9d,44337,27966000.000000004,,130586467,37.7704356760853,-122.510925946708,SFPD-CROSSROADS,CITY STREET,07/16/2013 10:45:00 PM,2013 July 16,22:45:00,2013,July,Tuesday,GREAT HWY,JOHN F KENNEDY DR,0.0,Clear,Injury (Severe),Vehicle/Pedestrian,Pedestrian,Crossing Not in Crosswalk,Dry,No Unusual Condition,Dark - Street Lights,Intersection <= 20ft,0.0,1,1.0,Pedestrian,West,Proceeding Straight,Driver,North,Proceeding Straight,POINT (-122.510925 37.770435),9.0,8.0,4.0,12.0,22
1716,vw_geo_sfpd_cr_switrs_all_types_col_cty_union.fid-c18a0c2_186644fdb18_-4243,32579,25280000.0,,150779987,37.7954635843658,-122.418293499088,SFPD-CROSSROADS,CITY STREET,09/05/2015 01:10:00 PM,2015 September 05,13:10:00,2015,September,Saturday,HYDE ST,PACIFIC AVE,0.0,Clear,Injury (Complaint of Pain),Vehicle/Pedestrian,Pedestrian,Crossing in Crosswalk at Intersection,Dry,No Unusual Condition,Daylight,Intersection <= 20ft,0.0,1,1.0,Driver,South,Making Left Turn,Pedestrian,East,Not Stated,POINT (-122.4183 37.795464),16.0,6.0,3.0,32.0,13
1720,vw_geo_sfpd_cr_switrs_all_types_col_cty_union.fid-c18a0c2_186644fdb18_-474a,30819,26608000.0,3453000.0,150061637,37.7870166242998,-122.433491585189,SFPD-CROSSROADS,CITY STREET,01/20/2015 07:22:00 PM,2015 January 20,19:22:00,2015,January,Tuesday,FILLMORE ST,OFARRELL ST,10.0,Clear,Injury (Complaint of Pain),Vehicle/Pedestrian,Pedestrian,Crossing in Crosswalk at Intersection,Dry,No Unusual Condition,Dark - Street Lights Not Functioning,Intersection <= 20ft,0.0,1,1.0,Driver,South,Proceeding Straight,Pedestrian,East,Proceeding Straight,POINT (-122.433495 37.787018),103.0,4.0,11.0,30.0,19
1722,vw_geo_sfpd_cr_switrs_all_types_col_cty_union.fid-c18a0c2_186644fdb18_-4947,1304,21472000.0,,140839074,37.7139325393254,-122.44115621416,SFPD-CROSSROADS,CITY STREET,10/05/2014 08:10:00 AM,2014 October 05,08:10:00,2014,October,Sunday,CROSS ST,POPE ST,0.0,Clear,Injury (Other Visible),Vehicle/Pedestrian,Pedestrian,Crossing in Crosswalk at Intersection,Dry,No Unusual Condition,Daylight,Intersection <= 20ft,0.0,1,1.0,Driver,North,Making Right Turn,Pedestrian,West,Proceeding Straight,POINT (-122.441154 37.713932),58.0,9.0,1.0,7.0,08
1725,vw_geo_sfpd_cr_switrs_all_types_col_cty_union.fid-c18a0c2_186644fdb18_-3e6c,33163,24571000.0,,160184774,37.7963468598907,-122.39695783915,SFPD-CROSSROADS,CITY STREET,03/03/2016 09:00:00 AM,2016 March 03,09:00:00,2016,March,Thursday,DRUMM ST,WASHINGTON ST,0.0,Raining,Injury (Other Visible),Vehicle/Pedestrian,Pedestrian,Crossing in Crosswalk at Intersection,Wet,No Unusual Condition,Daylight,Intersection <= 20ft,0.0,1,1.0,Driver,South,Making Left Turn,Pedestrian,West,Not Stated,POINT (-122.39696 37.79635),77.0,6.0,3.0,8.0,09
1727,vw_geo_sfpd_cr_switrs_all_types_col_cty_union.fid-c18a0c2_186644fdb18_-4441,32649,26548000.0,13163201.0,150501194,37.7949667454114,-122.423152189843,SFPD-CROSSROADS,CITY STREET,06/04/2015 11:15:00 PM,2015 June 04,23:15:00,2015,June,Thursday,VAN NESS AVE,PACIFIC AVE,50.0,Clear,Injury (Complaint of Pain),Vehicle/Pedestrian,Pedestrian,Crossing in Crosswalk at Intersection,Dry,No Unusual Condition,Dark - Street Lights,Midblock > 20ft,0.0,1,1.0,Driver,South,Making U Turn,Pedestrian,West,Not Stated,POINT (-122.42315 37.794968),105.0,4.0,3.0,32.0,23
1730,vw_geo_sfpd_cr_switrs_all_types_col_cty_union.fid-c18a0c2_186644fdb18_-3ff5,21251,24459000.0,,151097338,37.7782510170772,-122.419883230578,SFPD-CROSSROADS,CITY STREET,12/20/2015 04:50:00 PM,2015 December 20,16:50:00,2015,December,Sunday,GROVE ST,VAN NESS AVE,0.0,Raining,Injury (Complaint of Pain),Vehicle/Pedestrian,Pedestrian,Crossing in Crosswalk at Intersection,Wet,No Unusual Condition,Dark - No Street Lights,Intersection <= 20ft,0.0,1,1.0,Driver,East,Making Left Turn,Pedestrian,South,Not Stated,POINT (-122.41988 37.77825),21.0,4.0,10.0,36.0,16
1731,vw_geo_sfpd_cr_switrs_all_types_col_cty_union.fid-c18a0c2_186644fdb18_-3e64,7046,21327000.0,,160189360,37.7417604888497,-122.422366459688,SFPD-CROSSROADS,CITY STREET,03/04/2016 07:05:00 PM,2016 March 04,19:05:00,2016,March,Friday,MISSION ST,KINGSTON ST,0.0,Clear,Injury (Severe),Vehicle/Pedestrian,Pedestrian,Crossing Not in Crosswalk,Dry,No Unusual Condition,Dark - Street Lights,Intersection <= 20ft,0.0,1,1.0,Pedestrian,West,Other,Driver,North,Proceeding Straight,POINT (-122.42236 37.74176),83.0,9.0,2.0,2.0,19
1734,vw_geo_sfpd_cr_switrs_all_types_col_cty_union.fid-c18a0c2_186644fdb18_-39a8,33996,25440000.0,,160796921,37.8009650562492,-122.412659660885,SFPD-CROSSROADS,CITY STREET,10/01/2016 08:21:00 AM,2016 October 01,08:21:00,2016,October,Saturday,MASON ST,FILBERT ST,0.0,Clear,Injury (Complaint of Pain),Vehicle/Pedestrian,Pedestrian,Crossing in Crosswalk at Intersection,Dry,No Unusual Condition,Daylight,Intersection <= 20ft,0.0,1,1.0,Driver,South,Making Left Turn,Pedestrian,East,Other,POINT (-122.41266 37.800964),107.0,6.0,3.0,32.0,08
1740,vw_geo_sfpd_cr_switrs_all_types_col_cty_union.fid-c18a0c2_186644fdb18_-48a0,15737,24313000.000000004,9104000.0,140935359,37.7764110234611,-122.414482481226,SFPD-CROSSROADS,CITY STREET,11/04/2014 06:42:00 PM,2014 November 04,18:42:00,2014,November,Tuesday,MISSION ST,09TH ST,93.0,Clear,Injury (Other Visible),Vehicle/Pedestrian,Pedestrian,Crossing Not in Crosswalk,Dry,No Unusual Condition,Dark - Street Lights,Midblock > 20ft,0.0,1,1.0,Pedestrian,West,Proceeding Straight,Driver,East,Proceeding Straight,POINT (-122.41448 37.77641),32.0,1.0,10.0,34.0,18
1744,vw_geo_sfpd_cr_switrs_all_types_col_cty_union.fid-c18a0c2_186644fdb18_-4eb4,33577,25319000.000000004,3152000.0,130135428,37.7978983568624,-122.406403276072,SFPD-CROSSROADS,CITY STREET,02/16/2013 01:51:00 AM,2013 February 16,01:51:00,2013,February,Saturday,BROADWAY,COLUMBUS AVE,77.0,Clear,Injury (Complaint of Pain),Vehicle/Pedestrian,Pedestrian,Crossing Not in Crosswalk,Dry,No Unusual Condition,Dark - Street Lights,Midblock > 20ft,0.0,1,1.0,Pedestrian,North,Proceeding Straight,Driver,West,Proceeding Straight,POINT (-122.4064 37.797897),106.0,6.0,3.0,23.0,01
1746,vw_geo_sfpd_cr_switrs_all_types_col_cty_union.fid-c18a0c2_186644fdb18_-4bb5,16344,23946000.0,,140419563,37.7797389057742,-122.407159488403,SFPD-CROSSROADS,CITY STREET,05/19/2014 06:10:00 PM,2014 May 19,18:10:00,2014,May,Monday,HOWARD ST,06TH ST,0.0,Clear,Injury (Other Visible),Vehicle/Pedestrian,Pedestrian,Crossing in Crosswalk at Intersection,Dry,No Unusual Condition,Daylight,Intersection <= 20ft,0.0,1,1.0,Driver,South,Making Left Turn,Pedestrian,East,Not Stated,POINT (-122.40716 37.77974),32.0,1.0,10.0,34.0,18
1750,vw_geo_sfpd_cr_switrs_all_types_col_cty_union.fid-c18a0c2_186644fdb18_-3bb1,37755,23069000.0,927102.0,160534715,37.7269915617765,-122.47489692245,SFPD-CROSSROADS,CITY STREET,07/01/2016 09:11:00 PM,2016 July 01,21:11:00,2016,July,Friday,19TH AVE,WINSTON DR,2.0,Clear,Injury (Severe),Vehicle/Pedestrian,Pedestrian,Crossing Not in Crosswalk,Dry,No Unusual Condition,Dark - Street Lights,Intersection <= 20ft,0.0,1,1.0,Pedestrian,North,Not Stated,Driver,South,Proceeding Straight,POINT (-122.4749 37.72699),41.0,10.0,8.0,16.0,21
1755,vw_geo_sfpd_cr_switrs_all_types_col_cty_union.fid-c18a0c2_186644fdb18_-41e9,11500,25813000.0,891000.0,150827291,37.7608900381615,-122.434982276647,SFPD-CROSSROADS,CITY STREET,09/21/2015 01:50:00 AM,2015 September 21,01:50:00,2015,September,Monday,18TH ST,CASTRO ST,5.0,Clear,Injury (Other Visible),Vehicle/Pedestrian,Pedestrian,Crossing in Crosswalk at Intersection,Dry,No Unusual Condition,Dark - Street Lights,Intersection <= 20ft,0.0,1,1.0,Driver,East,Proceeding Straight,Pedestrian,North,Making Left Turn,POINT (-122.43498 37.76089),38.0,3.0,5.0,5.0,01
1763,vw_geo_sfpd_cr_switrs_all_types_col_cty_union.fid-c18a0c2_186644fdb18_-3deb,34043,25464000.000000004,8441000.0,160243530,37.8028326443676,-122.412994871602,SFPD-CROSSROADS,CITY STREET,03/23/2016 09:27:00 PM,2016 March 23,21:27:00,2016,March,Wednesday,LOMBARD ST,MASON ST,12.0,Clear,Injury (Other Visible),Vehicle/Pedestrian,Pedestrian,Crossing in Crosswalk at Intersection,Dry,No Unusual Condition,Dark - Street Lights,Intersection <= 20ft,0.0,1,1.0,Driver,South,Making Left Turn,Pedestrian,North,Proceeding Straight,POINT (-122.412994 37.802834),106.0,6.0,3.0,23.0,21
1776,vw_geo_sfpd_cr_switrs_all_types_col_cty_union.fid-c18a0c2_186644fdb18_-38f4,7263,21876000.000000004,1668000.0,140066095,37.7420790052318,-122.426830265537,SFPD-CROSSROADS,CITY STREET,01/23/2014 09:09:00 AM,2014 January 23,09:09:00,2014,January,Thursday,30TH ST,CHURCH ST,5.0,Clear,Injury (Complaint of Pain),Vehicle/Pedestrian,Pedestrian,Crossing in Crosswalk at Intersection,Dry,No Unusual Condition,Dusk - Dawn,Intersection <= 20ft,0.0,1,1.0,Driver,East,Making Left Turn,Pedestrian,North,Other,POINT (-122.42683 37.74208),84.0,9.0,5.0,22.0,09
1785,vw_geo_sfpd_cr_switrs_all_types_col_cty_union.fid-c18a0c2_186644fdb18_-3f04,20103,24421000.0,,160105231,37.7743252877099,-122.41710413594,SFPD-CROSSROADS,CITY STREET,02/05/2016 02:35:00 AM,2016 February 05,02:35:00,2016,February,Friday,MISSION ST,11TH ST,0.0,Clear,Injury (Complaint of Pain),Vehicle/Pedestrian,Pedestrian,"In Road, Including Shoulder",Dry,No Unusual Condition,Dark - Street Lights,Intersection <= 20ft,0.0,1,1.0,Driver,East,Passing Other Vehicle,Pedestrian,East,Other,POINT (-122.41711 37.774326),32.0,1.0,10.0,20.0,02
1791,vw_geo_sfpd_cr_switrs_all_types_col_cty_union.fid-c18a0c2_186644fdb18_-3d56,2573,20160000.0,12572000.0,160320138,37.7289224575605,-122.388658535908,SFPD-CROSSROADS,CITY STREET,04/19/2016 09:10:00 AM,2016 April 19,09:10:00,2016,April,Tuesday,THOMAS AVE,KEITH ST,270.0,Clear,Injury (Other Visible),Vehicle/Pedestrian,Pedestrian,Not in Road,Dry,No Unusual Condition,Daylight,Midblock > 20ft,0.0,1,1.0,Driver,West,Other,Pedestrian,North,Other,POINT (-122.38866 37.728924),86.0,2.0,9.0,1.0,09