,id,unique_id,cnn_intrsctn_fkey,cnn_sgmt_fkey,case_id_pkey,tb_latitude,tb_longitude,geocode_source,geocode_location,collision_datetime,collision_date,collision_time,accident_year,month,day_of_week,primary_rd,secondary_rd,distance,weather_1,collision_severity,type_of_collision,mviw,ped_action,road_surface,road_cond_1,lighting,intersection,number_killed,number_injured,party_at_fault,party1_type,party1_dir_of_travel,party1_move_pre_acc,party2_type,party2_dir_of_travel,party2_move_pre_acc,point,Neighborhoods,Current Police Districts,Current Supervisor Districts,Analysis Neighborhoods,hour
1793,vw_geo_sfpd_cr_switrs_all_types_col_cty_union.fid-c18a0c2_186644fdb18_-37c0,14805,23813000.0,,161021719,37.7796627430054,-122.394840319583,SFPD-CROSSROADS,CITY STREET,12/16/2016 07:24:00 PM,2016 December 16,19:24:00,2016,December,Friday,BRANNAN ST,RITCH ST,0.0,Clear,Injury (Complaint of Pain),Vehicle/Pedestrian,Pedestrian,Crossing Not in Crosswalk,Dry,No Unusual Condition,Dark - Street Lights,Intersection <= 20ft,0.0,1,1.0,Pedestrian,South,Proceeding Straight,Driver,North,Making Left Turn,POINT (-122.394844 37.779663),32.0,1.0,10.0,34.0,19
1802,vw_geo_sfpd_cr_switrs_all_types_col_cty_union.fid-c18a0c2_186644fdb18_-4ed9,29928,25197000.000000004,,130039563,37.785685802716,-122.421393307554,SFPD-CROSSROADS,CITY STREET,01/15/2013 12:11:00 AM,2013 January 15,00:11:00,2013,January,Tuesday,GEARY ST,VAN NESS AVE,0.0,Clear,Injury (Other Visible),Sideswipe,Pedestrian,Crossing in Crosswalk at Intersection,Dry,No Unusual Condition,Dark - Street Lights,Intersection <= 20ft,0.0,1,1.0,Driver,West,Making Left Turn,Pedestrian,West,Proceeding Straight,POINT (-122.421394 37.785686),100.0,4.0,11.0,39.0,00
1806,vw_geo_sfpd_cr_switrs_all_types_col_cty_union.fid-c18a0c2_186644fdb18_-3868,34676,25314000.0,,160941267,37.7980334619844,-122.420501283172,SFPD-CROSSROADS,CITY STREET,11/18/2016 06:53:00 PM,2016 November 18,18:53:00,2016,November,Friday,LARKIN ST,GREEN ST,0.0,Clear,Injury (Complaint of Pain),Vehicle/Pedestrian,Pedestrian,Crossing in Crosswalk at Intersection,Dry,No Unusual Condition,Dark - Street Lights,Intersection <= 20ft,0.0,1,1.0,Driver,North,Making Left Turn,Pedestrian,South,Proceeding Straight,POINT (-122.4205 37.798035),107.0,6.0,3.0,32.0,18
1807,vw_geo_sfpd_cr_switrs_all_types_col_cty_union.fid-c18a0c2_186644fdb18_-45d9,5343,33120000.0,10831000.0,140723552,37.7388099539355,-122.395000527471,SFPD-CROSSROADS,CITY STREET,08/28/2014 09:05:00 AM,2014 August 28,09:05:00,2014,August,Thursday,QUINT ST,NEWCOMB AVE,185.0,Clear,Fatal,Vehicle/Pedestrian,Pedestrian,"In Road, Including Shoulder",Dry,No Unusual Condition,Daylight,Midblock > 20ft,1.0,0,1.0,Pedestrian,East,Not Stated,Driver,West,Entering Traffic,POINT (-122.395004 37.73881),86.0,2.0,9.0,1.0,09
1828,vw_geo_sfpd_cr_switrs_all_types_col_cty_union.fid-c18a0c2_186644fdb18_-3c4e,25523,24610000.0,9092000.0,130987837,37.7874678210989,-122.400481155566,SFPD-CROSSROADS,CITY STREET,11/21/2013 05:30:00 PM,2013 November 21,17:30:00,2013,November,Thursday,MISSION ST,NEW MONTGOMERY ST,9.0,Clear,Injury (Complaint of Pain),Vehicle/Pedestrian,Pedestrian,Crossing in Crosswalk at Intersection,Dry,No Unusual Condition,Dark - Street Lights,Intersection <= 20ft,0.0,1,1.0,Driver,South,Making Left Turn,Pedestrian,North,Proceeding Straight,POINT (-122.40048 37.787468),32.0,1.0,10.0,8.0,17
1831,vw_geo_sfpd_cr_switrs_all_types_col_cty_union.fid-c18a0c2_186644fdb18_-41b4,10799,25811000.0,,150864099,37.7592891708319,-122.434853680839,SFPD-CROSSROADS,CITY STREET,10/02/2015 05:20:00 PM,2015 October 02,17:20:00,2015,October,Friday,19TH ST,CASTRO ST,0.0,Clear,Injury (Complaint of Pain),Vehicle/Pedestrian,Pedestrian,Crossing in Crosswalk at Intersection,Dry,No Unusual Condition,Daylight,Intersection <= 20ft,0.0,2,1.0,Driver,West,Proceeding Straight,Pedestrian,North,Proceeding Straight,POINT (-122.43485 37.75929),38.0,3.0,5.0,5.0,17
1852,vw_geo_sfpd_cr_switrs_all_types_col_cty_union.fid-c18a0c2_186644fdb18_-3e1a,40321,27430000.0,,160220403,37.759359420878,-122.487579501432,SFPD-CROSSROADS,CITY STREET,03/16/2016 08:05:00 AM,2016 March 16,08:05:00,2016,March,Wednesday,29TH AVE,KIRKHAM ST,0.0,Clear,Injury (Other Visible),Vehicle/Pedestrian,Pedestrian,Crossing in Crosswalk at Intersection,Dry,No Unusual Condition,Daylight,Intersection <= 20ft,0.0,1,1.0,Driver,East,Proceeding Straight,Pedestrian,South,Not Stated,POINT (-122.48758 37.75936),39.0,10.0,7.0,35.0,08
1853,vw_geo_sfpd_cr_switrs_all_types_col_cty_union.fid-c18a0c2_186644fdb18_-3b3c,25683,30735000.0,,141092166,37.7887211522174,-122.402065729925,SFPD-CROSSROADS,CITY STREET,12/28/2014 05:49:00 PM,2014 December 28,17:49:00,2014,December,Sunday,MARKET ST,MONTGOMERY ST,0.0,Clear,Injury (Complaint of Pain),Vehicle/Pedestrian,Pedestrian,Crossing in Crosswalk at Intersection,Dry,No Unusual Condition,Dark - Street Lights,Intersection <= 20ft,0.0,1,,Driver,West,Proceeding Straight,Pedestrian,South,Proceeding Straight,POINT (-122.40207 37.788723),19.0,6.0,3.0,8.0,17
1858,vw_geo_sfpd_cr_switrs_all_types_col_cty_union.fid-c18a0c2_186644fdb18_-42f1,29516,26593000.0,,150690913,37.7821509105509,-122.434161774153,SFPD-CROSSROADS,CITY STREET,08/08/2015 05:56:00 PM,2015 August 08,17:56:00,2015,August,Saturday,STEINER ST,ELLIS ST,0.0,Clear,Injury (Complaint of Pain),Vehicle/Pedestrian,Pedestrian,Crossing in Crosswalk at Intersection,Dry,No Unusual Condition,Daylight,Intersection <= 20ft,0.0,1,1.0,Driver,North,Making Left Turn,Pedestrian,West,Proceeding Straight,POINT (-122.43416 37.78215),97.0,4.0,11.0,39.0,17
1876,vw_geo_sfpd_cr_switrs_all_types_col_cty_union.fid-c18a0c2_186644fdb18_-46ef,370,20323000.000000004,11395000.0,150112462,37.7135877560836,-122.402082106602,SFPD-CROSSROADS,CITY STREET,02/05/2015 07:28:00 PM,2015 February 05,19:28:00,2015,February,Thursday,SAN BRUNO AVE,SOMERSET ST,29.0,Clear,Injury (Complaint of Pain),Vehicle/Pedestrian,Pedestrian,Crossing in Crosswalk at Intersection,Dry,No Unusual Condition,Dark - Street Lights,Midblock > 20ft,0.0,2,1.0,Driver,North,Making Left Turn,Pedestrian,West,Other,POINT (-122.402084 37.71359),75.0,9.0,9.0,40.0,19
1883,vw_geo_sfpd_cr_switrs_all_types_col_cty_union.fid-c18a0c2_186644fdb18_-3a58,39238,23389000.000000004,,160721445,37.7424374369617,-122.489620234805,SFPD-CROSSROADS,CITY STREET,09/05/2016 07:00:00 PM,2016 September 05,19:00:00,2016,September,Monday,TARAVAL ST,32ND AVE,0.0,Clear,Injury (Other Visible),Vehicle/Pedestrian,Pedestrian,Crossing in Crosswalk at Intersection,Dry,No Unusual Condition,Daylight,Intersection <= 20ft,0.0,1,1.0,Driver,West,Proceeding Straight,Pedestrian,North,Proceeding Straight,POINT (-122.489624 37.74244),40.0,10.0,7.0,35.0,19
1888,vw_geo_sfpd_cr_switrs_all_types_col_cty_union.fid-c18a0c2_186644fdb18_-4028,24248,24326000.0,,151071718,37.7820730676135,-122.412220735952,SFPD-CROSSROADS,CITY STREET,12/11/2015 04:23:00 PM,2015 December 11,16:23:00,2015,December,Friday,JONES ST,GOLDEN GATE AVE,0.0,Clear,Injury (Complaint of Pain),Vehicle/Pedestrian,Pedestrian,Crossing Not in Crosswalk,Dry,No Unusual Condition,Daylight,Intersection <= 20ft,0.0,1,1.0,Pedestrian,North,Other,Driver,East,Proceeding Straight,POINT (-122.412224 37.782074),20.0,5.0,10.0,36.0,16
1889,vw_geo_sfpd_cr_switrs_all_types_col_cty_union.fid-c18a0c2_186644fdb18_-491f,4417,21758000.0,9808101.0,140390468,37.7235814332643,-122.438715205058,SFPD-CROSSROADS,CITY STREET,05/09/2014 04:15:00 PM,2014 May 09,16:15:00,2014,May,Friday,OCEAN AVE,CAYUGA AVE,30.0,Clear,Injury (Severe),Vehicle/Pedestrian,Pedestrian,Crossing Not in Crosswalk,Dry,No Unusual Condition,Daylight,Midblock > 20ft,0.0,1,1.0,Pedestrian,North,Other,Driver,East,Making Left Turn,POINT (-122.43871 37.723583),80.0,9.0,1.0,28.0,16
1898,vw_geo_sfpd_cr_switrs_all_types_col_cty_union.fid-c18a0c2_186644fdb18_-448e,32698,25315000.0,,150457519,37.7959454025902,-122.421768167336,SFPD-CROSSROADS,CITY STREET,05/25/2015 11:36:00 PM,2015 May 25,23:36:00,2015,May,Monday,POLK ST,BROADWAY,0.0,Clear,Injury (Other Visible),Vehicle/Pedestrian,Pedestrian,Crossing in Crosswalk at Intersection,Dry,No Unusual Condition,Dark - Street Lights,Intersection <= 20ft,0.0,1,1.0,Driver,East,Making Left Turn,Pedestrian,North,Proceeding Straight,POINT (-122.42177 37.795944),105.0,4.0,3.0,32.0,23
1904,vw_geo_sfpd_cr_switrs_all_types_col_cty_union.fid-c18a0c2_186644fdb18_-3f9b,36192,22465000.0,11471000.0,160018515,37.7089876377974,-122.458253467283,SFPD-CROSSROADS,CITY STREET,01/07/2016 06:19:00 PM,2016 January 07,18:19:00,2016,January,Thursday,SAN JOSE AVE,RICE ST,5.0,Clear,Injury (Complaint of Pain),Broadside,Pedestrian,Crossing in Crosswalk at Intersection,Dry,No Unusual Condition,Dark - Street Lights,Intersection <= 20ft,0.0,1,1.0,Driver,South,Ran Off Road,Pedestrian,West,Not Stated,POINT (-122.45825 37.70899),66.0,10.0,1.0,28.0,18
1916,vw_geo_sfpd_cr_switrs_all_types_col_cty_union.fid-c18a0c2_186644fdb18_-4bd0,37409,22223000.0,,140402358,37.7234570073183,-122.454115753319,SFPD-CROSSROADS,CITY STREET,05/13/2014 10:18:00 PM,2014 May 13,22:18:00,2014,May,Tuesday,LEE AVE,OCEAN AVE,0.0,Clear,Injury (Complaint of Pain),Broadside,Pedestrian,Crossing in Crosswalk at Intersection,Dry,No Unusual Condition,Dark - Street Lights,Intersection <= 20ft,0.0,1,1.0,Pedestrian,West,Proceeding Straight,Driver,North,Making Right Turn,POINT (-122.45412 37.723457),64.0,10.0,8.0,24.0,22
1925,vw_geo_sfpd_cr_switrs_all_types_col_cty_union.fid-c18a0c2_186644fdb18_-4aed,16452,23944000.0,296000.0,140541116,37.7814469336111,-122.404867500553,SFPD-CROSSROADS,CITY STREET,06/29/2014 11:40:00 PM,2014 June 29,23:40:00,2014,June,Sunday,05TH ST,HOWARD ST,27.0,Clear,Injury (Complaint of Pain),Vehicle/Pedestrian,Pedestrian,Crossing in Crosswalk at Intersection,Dry,No Unusual Condition,Dark - Street Lights,Midblock > 20ft,0.0,1,1.0,Driver,South,Making Left Turn,Pedestrian,West,Proceeding Straight,POINT (-122.40487 37.78145),32.0,1.0,10.0,34.0,23
1926,vw_geo_sfpd_cr_switrs_all_types_col_cty_union.fid-c18a0c2_186644fdb18_-465e,41337,27459000.0,12672000.0,150195270,37.7669389184232,-122.479175322371,SFPD-CROSSROADS,CITY STREET,03/04/2015 05:20:00 AM,2015 March 04,05:20:00,2015,March,Wednesday,TRANSVERSE DR,MARTIN LUTHER KING JR DR,463.0,Clear,Injury (Complaint of Pain),Vehicle/Pedestrian,Pedestrian,Crossing Not in Crosswalk,Dry,No Unusual Condition,Dark - Street Lights,Midblock > 20ft,0.0,1,1.0,Pedestrian,West,Proceeding Straight,Driver,South,Proceeding Straight,POINT (-122.47917 37.766937),9.0,8.0,4.0,12.0,05
1930,vw_geo_sfpd_cr_switrs_all_types_col_cty_union.fid-c18a0c2_186644fdb18_-45ca,21971,25971000.0,,150268532,37.7795641489844,-122.431951801773,SFPD-CROSSROADS,CITY STREET,03/26/2015 08:00:00 PM,2015 March 26,20:00:00,2015,March,Thursday,GOLDEN GATE AVE,FILLMORE ST,0.0,Clear,Injury (Other Visible),Vehicle/Pedestrian,Pedestrian,Crossing in Crosswalk at Intersection,Dry,No Unusual Condition,Dusk - Dawn,Intersection <= 20ft,0.0,1,1.0,Driver,East,Making Left Turn,Pedestrian,North,Proceeding Straight,POINT (-122.43195 37.779564),97.0,4.0,11.0,39.0,20
1933,vw_geo_sfpd_cr_switrs_all_types_col_cty_union.fid-c18a0c2_186644fdb18_-4556,4877,21940000.0,,150334791,37.7335503435319,-122.434144537279,SFPD-CROSSROADS,CITY STREET,04/17/2015 10:00:00 AM,2015 April 17,10:00:00,2015,April,Friday,BOSWORTH ST,DIAMOND ST,0.0,Clear,Injury (Complaint of Pain),Vehicle/Pedestrian,Pedestrian,Crossing in Crosswalk at Intersection,Dry,No Unusual Condition,Daylight,Intersection <= 20ft,0.0,1,1.0,Driver,West,Making Left Turn,Pedestrian,North,Proceeding Straight,POINT (-122.43414 37.73355),96.0,9.0,5.0,41.0,10
1938,vw_geo_sfpd_cr_switrs_all_types_col_cty_union.fid-c18a0c2_186644fdb18_-487b,317,20362000.0,13325000.0,140962631,37.711926902828,-122.409637080619,SFPD-CROSSROADS,CITY STREET,11/13/2014 04:18:00 PM,2014 November 13,16:18:00,2014,November,Thursday,VISITACION AVE,DELTA ST,28.0,Clear,Injury (Other Visible),Vehicle/Pedestrian,Pedestrian,Crossing Not in Crosswalk,Dry,No Unusual Condition,Daylight,Midblock > 20ft,0.0,1,1.0,Pedestrian,South,Entering Traffic,Driver,West,Proceeding Straight,POINT (-122.40964 37.711926),75.0,9.0,9.0,40.0,16
1943,vw_geo_sfpd_cr_switrs_all_types_col_cty_union.fid-c18a0c2_186644fdb18_-4b20,3968,21647000.0,,140508398,37.724343337194,-122.429652125426,SFPD-CROSSROADS,CITY STREET,06/19/2014 12:23:00 PM,2014 June 19,12:23:00,2014,June,Thursday,EDINBURGH ST,EXCELSIOR AVE,0.0,Clear,Injury (Complaint of Pain),Vehicle/Pedestrian,Pedestrian,Crossing in Crosswalk at Intersection,Dry,No Unusual Condition,Daylight,Intersection <= 20ft,0.0,1,1.0,Driver,North,Backing,Pedestrian,West,Not Stated,POINT (-122.42965 37.724342),90.0,9.0,1.0,7.0,12
1944,vw_geo_sfpd_cr_switrs_all_types_col_cty_union.fid-c18a0c2_186644fdb18_-3d7f,28448,24757000.0,8986000.0,130066425,37.7950405010735,-122.403428007462,SFPD-CROSSROADS,CITY STREET,01/24/2013 10:37:00 AM,2013 January 24,10:37:00,2013,January,Thursday,MERCHANT ST,MONTGOMERY ST,60.0,Clear,Injury (Other Visible),Vehicle/Pedestrian,Pedestrian,"In Road, Including Shoulder",Dry,No Unusual Condition,Daylight,Midblock > 20ft,0.0,1,1.0,Driver,West,Traveling Wrong Way,Pedestrian,North,Other,POINT (-122.40343 37.79504),104.0,6.0,3.0,6.0,10
1946,vw_geo_sfpd_cr_switrs_all_types_col_cty_union.fid-c18a0c2_186644fdb18_-3e75,28054,25094000.000000004,,130974414,37.7923426104912,-122.414293264297,SFPD-CROSSROADS,CITY STREET,11/17/2013 10:50:00 AM,2013 November 17,10:50:00,2013,November,Sunday,SACRAMENTO ST,JONES ST,0.0,Clear,Injury (Complaint of Pain),Vehicle/Pedestrian,Pedestrian,Crossing in Crosswalk at Intersection,Dry,No Unusual Condition,Daylight,Intersection <= 20ft,0.0,1,1.0,Driver,South,Making Left Turn,Pedestrian,East,Other,POINT (-122.41429 37.792343),16.0,6.0,3.0,21.0,10
1947,vw_geo_sfpd_cr_switrs_all_types_col_cty_union.fid-c18a0c2_186644fdb18_-4cfd,19382,26434000.000000004,,130725405,37.7691652247851,-122.453536875356,SFPD-CROSSROADS,CITY STREET,08/31/2013 02:57:00 AM,2013 August 31,02:57:00,2013,August,Saturday,HAIGHT ST,STANYAN ST,0.0,Clear,Injury (Severe),Vehicle/Pedestrian,Pedestrian,Crossing in Crosswalk at Intersection,Dry,No Unusual Condition,Dark - Street Lights,Intersection <= 20ft,0.0,2,1.0,Driver,South,Proceeding Straight,Pedestrian,West,Not Stated,POINT (-122.45354 37.769165),9.0,7.0,11.0,12.0,02
1948,vw_geo_sfpd_cr_switrs_all_types_col_cty_union.fid-c18a0c2_186644fdb18_-37fb,32766,26547000.0,,160994880,37.7957371089683,-122.423413055384,SFPD-CROSSROADS,CITY STREET,12/08/2016 09:15:00 PM,2016 December 08,21:15:00,2016,December,Thursday,VAN NESS AVE,BROADWAY,0.0,Raining,Injury (Severe),Vehicle/Pedestrian,Pedestrian,Crossing in Crosswalk at Intersection,Wet,No Unusual Condition,Dark - Street Lights,Intersection <= 20ft,0.0,1,,Driver,South,Making Left Turn,Pedestrian,East,Proceeding Straight,POINT (-122.423416 37.79574),102.0,4.0,6.0,32.0,21
1949,vw_geo_sfpd_cr_switrs_all_types_col_cty_union.fid-c18a0c2_186644fdb18_-39fc,25505,24610000.0,,160764263,37.7874504990266,-122.400503096115,SFPD-CROSSROADS,CITY STREET,09/20/2016 04:55:00 PM,2016 September 20,16:55:00,2016,September,Tuesday,NEW MONTGOMERY ST,MISSION ST,0.0,Clear,Injury (Other Visible),Vehicle/Pedestrian,Pedestrian,Crossing in Crosswalk at Intersection,Dry,No Unusual Condition,Daylight,Intersection <= 20ft,0.0,1,1.0,Pedestrian,East,Proceeding Straight,Driver,South,Proceeding Straight,POINT (-122.400505 37.78745),32.0,1.0,10.0,8.0,16
1951,vw_geo_sfpd_cr_switrs_all_types_col_cty_union.fid-c18a0c2_186644fdb18_-4ba4,24780,24925000.0,,140428053,37.7841410125464,-122.410951617678,SFPD-CROSSROADS,CITY STREET,05/22/2014 12:51:00 PM,2014 May 22,12:51:00,2014,May,Thursday,EDDY ST,TAYLOR ST,0.0,Clear,Injury (Complaint of Pain),Vehicle/Pedestrian,Pedestrian,Crossing in Crosswalk at Intersection,Dry,No Unusual Condition,Daylight,Intersection <= 20ft,0.0,1,1.0,Driver,East,Making Right Turn,Pedestrian,North,Proceeding Straight,POINT (-122.41095 37.78414),20.0,5.0,10.0,36.0,12
1952,vw_geo_sfpd_cr_switrs_all_types_col_cty_union.fid-c18a0c2_186644fdb18_-3828,28906,25176000.0,10554000.0,160980970,37.7830755840429,-122.419176485153,SFPD-CROSSROADS,CITY STREET,12/02/2016 09:09:00 PM,2016 December 02,21:09:00,2016,December,Friday,POLK ST,EDDY ST,10.0,Clear,Injury (Severe),Vehicle/Pedestrian,Pedestrian,Crossing in Crosswalk at Intersection,Dry,No Unusual Condition,Dark - Street Lights,Intersection <= 20ft,0.0,1,1.0,Driver,South,Making Left Turn,Pedestrian,East,Proceeding Straight,POINT (-122.419174 37.783077),20.0,4.0,10.0,36.0,21
1955,vw_geo_sfpd_cr_switrs_all_types_col_cty_union.fid-c18a0c2_186644fdb18_-37fd,4879,21940000.0,,160995402,37.7335503435319,-122.434144537279,SFPD-CROSSROADS,CITY STREET,12/08/2016 06:30:00 AM,2016 December 08,06:30:00,2016,December,Thursday,BOSWORTH ST,DIAMOND ST,0.0,Raining,Injury (Complaint of Pain),Vehicle/Pedestrian,Pedestrian,Crossing in Crosswalk at Intersection,Wet,No Unusual Condition,Dark - Street Lights,Intersection <= 20ft,0.0,1,1.0,Driver,East,Making Left Turn,Pedestrian,South,Proceeding Straight,POINT (-122.43414 37.73355),96.0,9.0,5.0,41.0,06
1960,vw_geo_sfpd_cr_switrs_all_types_col_cty_union.fid-c18a0c2_186644fdb18_-4cae,3934,21611000.000000004,5480000.0,140261176,37.7251455058338,-122.423297310465,SFPD-CROSSROADS,CITY STREET,03/28/2014 06:07:00 PM,2014 March 28,18:07:00,2014,March,Friday,FELTON ST,PERU AVE,9.0,Clear,Injury (Complaint of Pain),Vehicle/Pedestrian,Pedestrian,Crossing in Crosswalk at Intersection,Dry,No Unusual Condition,Daylight,Intersection <= 20ft,0.0,1,1.0,Driver,West,Proceeding Straight,Pedestrian,South,Proceeding Straight,POINT (-122.423294 37.725147),90.0,9.0,2.0,7.0,18
1964,vw_geo_sfpd_cr_switrs_all_types_col_cty_union.fid-c18a0c2_186644fdb18_-45e7,3321,20659000.0,,150244463,37.7347973589846,-122.390693772588,SFPD-CROSSROADS,CITY STREET,03/19/2015 02:51:00 PM,2015 March 19,14:51:00,2015,March,Thursday,OAKDALE AVE,03RD ST,0.0,Clear,Injury (Complaint of Pain),Vehicle/Pedestrian,Pedestrian,Crossing in Crosswalk at Intersection,Dry,No Unusual Condition,Daylight,Intersection <= 20ft,0.0,1,1.0,Driver,East,Making Right Turn,Pedestrian,North,Proceeding Straight,POINT (-122.39069 37.7348),86.0,2.0,9.0,1.0,14
1969,vw_geo_sfpd_cr_switrs_all_types_col_cty_union.fid-c18a0c2_186644fdb18_-41d4,21701,24476000.0,,150842039,37.7808210481836,-122.42208679258,SFPD-CROSSROADS,CITY STREET,09/25/2015 02:30:00 PM,2015 September 25,14:30:00,2015,September,Friday,GOLDEN GATE AVE,FRANKLIN ST,0.0,Clear,Injury (Complaint of Pain),Vehicle/Pedestrian,Pedestrian,Crossing in Crosswalk at Intersection,Dry,No Unusual Condition,Daylight,Intersection <= 20ft,0.0,1,1.0,Driver,North,Making Left Turn,Pedestrian,West,Proceeding Straight,POINT (-122.42209 37.780823),100.0,4.0,11.0,39.0,14
1971,vw_geo_sfpd_cr_switrs_all_types_col_cty_union.fid-c18a0c2_186644fdb18_-4cdd,38749,22924000.0,13235000.0,140236373,37.739243498336,-122.466169721522,SFPD-CROSSROADS,CITY STREET,03/20/2014 11:49:00 AM,2014 March 20,11:49:00,2014,March,Thursday,VICENTE ST,PORTOLA DR,4.0,Clear,Injury (Complaint of Pain),Vehicle/Pedestrian,Pedestrian,Crossing in Crosswalk at Intersection,Dry,No Unusual Condition,Daylight,Intersection <= 20ft,0.0,1,1.0,Driver,East,Making Right Turn,Pedestrian,North,Proceeding Straight,POINT (-122.46617 37.739243),46.0,10.0,8.0,41.0,11
1993,vw_geo_sfpd_cr_switrs_all_types_col_cty_union.fid-c18a0c2_186644fdb18_-4e8a,16844,24285000.0,,140256826,37.780535386375,-122.408160793737,SFPD-CROSSROADS,CITY STREET,03/27/2014 12:06:00 PM,2014 March 27,12:06:00,2014,March,Thursday,06TH ST,MINNA ST,0.0,Clear,Injury (Severe),Vehicle/Pedestrian,Pedestrian,Crossing in Crosswalk at Intersection,Dry,No Unusual Condition,Daylight,Intersection <= 20ft,0.0,1,1.0,Driver,North,Proceeding Straight,Pedestrian,West,Proceeding Straight,POINT (-122.40816 37.780537),32.0,1.0,10.0,34.0,12
2006,vw_geo_sfpd_cr_switrs_all_types_col_cty_union.fid-c18a0c2_186644fdb18_-4fc1,978,21379000.0,6148201.0,130985875,37.7127539386384,-122.431913807443,SFPD-CROSSROADS,CITY STREET,11/21/2013 06:50:00 AM,2013 November 21,06:50:00,2013,November,Thursday,GENEVA AVE,PRAGUE ST,8.0,Cloudy,Injury (Other Visible),Vehicle/Pedestrian,Pedestrian,Crossing in Crosswalk at Intersection,Dry,No Unusual Condition,Daylight,Intersection <= 20ft,0.0,1,1.0,Driver,East,Proceeding Straight,Pedestrian,North,Not Stated,POINT (-122.431915 37.712753),58.0,9.0,1.0,7.0,06
2007,vw_geo_sfpd_cr_switrs_all_types_col_cty_union.fid-c18a0c2_186644fdb18_-4b26,12742,25818000.0,,140506574,37.7607581077377,-122.43719062739,SFPD-CROSSROADS,CITY STREET,06/18/2014 06:17:00 PM,2014 June 18,18:17:00,2014,June,Wednesday,18TH ST,DIAMOND ST,0.0,Clear,Injury (Other Visible),Vehicle/Pedestrian,Pedestrian,Crossing in Crosswalk at Intersection,Dry,No Unusual Condition,Daylight,Intersection <= 20ft,0.0,1,1.0,Driver,West,Making Left Turn,Pedestrian,South,Proceeding Straight,POINT (-122.43719 37.760757),38.0,3.0,5.0,5.0,18
2014,vw_geo_sfpd_cr_switrs_all_types_col_cty_union.fid-c18a0c2_186644fdb18_-4a09,16457,23944000.0,296000.0,140719244,37.7814858975639,-122.404916300052,SFPD-CROSSROADS,CITY STREET,08/26/2014 07:49:00 PM,2014 August 26,19:49:00,2014,August,Tuesday,05TH ST,HOWARD ST,7.0,Clear,Injury (Complaint of Pain),Vehicle/Pedestrian,Pedestrian,Crossing in Crosswalk at Intersection,Dry,No Unusual Condition,Dusk - Dawn,Intersection <= 20ft,0.0,1,1.0,Driver,South,Making Left Turn,Pedestrian,West,Not Stated,POINT (-122.404915 37.781487),32.0,1.0,10.0,34.0,19
2020,vw_geo_sfpd_cr_switrs_all_types_col_cty_union.fid-c18a0c2_186644fdb18_-4db6,49943,24934000.0,12718000.0,190873834,37.7828393363,-122.413702147,SFPD-INTERIM DB,CITY STREET,11/18/2019 08:33:00 PM,2019 November 18,20:33:00,2019,November,Monday,TURK ST,LEAVENWORTH ST,103.0,Clear,Injury (Complaint of Pain),Vehicle/Pedestrian,Pedestrian,Not in Road,Dry,No Unusual Condition,Dark - Street Lights,Midblock > 20ft,0.0,1,1.0,Driver,East,Backing,Pedestrian,East,Other,POINT (-122.413704 37.78284),20.0,5.0,10.0,36.0,20
2025,vw_geo_sfpd_cr_switrs_all_types_col_cty_union.fid-c18a0c2_186644fdb18_-41cd,17018,30742000.0,8750101.0,150849289,37.7806542031869,-122.412220337933,SFPD-CROSSROADS,CITY STREET,09/28/2015 07:48:00 AM,2015 September 28,07:48:00,2015,September,Monday,MARKET ST,07TH ST,105.0,Clear,Injury (Severe),Vehicle/Pedestrian,Pedestrian,"In Road, Including Shoulder",Dry,No Unusual Condition,Dusk - Dawn,Midblock > 20ft,0.0,1,,Pedestrian,South,Other,Driver,West,Proceeding Straight,POINT (-122.412224 37.780655),32.0,5.0,10.0,34.0,07
2026,vw_geo_sfpd_cr_switrs_all_types_col_cty_union.fid-c18a0c2_186644fdb18_-4ebe,29161,25178000.000000004,,131098641,37.7840291162667,-122.419364167838,SFPD-CROSSROADS,CITY STREET,12/31/2013 08:05:00 PM,2013 December 31,20:05:00,2013,December,Tuesday,POLK ST,ELLIS ST,0.0,Clear,Fatal,Vehicle/Pedestrian,Pedestrian,Crossing in Crosswalk at Intersection,Dry,No Unusual Condition,Dark - Street Lights,Intersection <= 20ft,1.0,2,1.0,Driver,West,Making Right Turn,Pedestrian,West,Not Stated,POINT (-122.419365 37.78403),20.0,4.0,10.0,36.0,20
2031,vw_geo_sfpd_cr_switrs_all_types_col_cty_union.fid-c18a0c2_186644fdb18_-3fec,14672,23799000.0,,151102329,37.7781256975028,-122.391840525049,SFPD-CROSSROADS,CITY STREET,12/22/2015 12:20:00 PM,2015 December 22,12:20:00,2015,December,Tuesday,KING ST,03RD ST,0.0,Raining,Injury (Complaint of Pain),Vehicle/Pedestrian,Pedestrian,Crossing in Crosswalk at Intersection,Wet,No Unusual Condition,Daylight,Intersection <= 20ft,0.0,1,1.0,Driver,West,Making Left Turn,Pedestrian,North,Proceeding Straight,POINT (-122.39184 37.778126),34.0,1.0,10.0,4.0,12