,id,unique_id,cnn_intrsctn_fkey,cnn_sgmt_fkey,case_id_pkey,tb_latitude,tb_longitude,geocode_source,geocode_location,collision_datetime,collision_date,collision_time,accident_year,month,day_of_week,primary_rd,secondary_rd,distance,weather_1,collision_severity,type_of_collision,mviw,ped_action,road_surface,road_cond_1,lighting,intersection,number_killed,number_injured,party_at_fault,party1_type,party1_dir_of_travel,party1_move_pre_acc,party2_type,party2_dir_of_travel,party2_move_pre_acc,point,Neighborhoods,Current Police Districts,Current Supervisor Districts,Analysis Neighborhoods,hour
2040,vw_geo_sfpd_cr_switrs_all_types_col_cty_union.fid-c18a0c2_186644fdb18_-4346,29602,26514000.0,7963000.0,150645015,37.7849720556686,-122.427992412099,SFPD-CROSSROADS,CITY STREET,07/24/2015 07:52:00 PM,2015 July 24,19:52:00,2015,July,Friday,LAGUNA ST,GEARY BLVD,7.0,Clear,Injury (Complaint of Pain),Vehicle/Pedestrian,Pedestrian,Crossing in Crosswalk at Intersection,Dry,No Unusual Condition,Dusk - Dawn,Intersection <= 20ft,0.0,2,1.0,Driver,West,Making Left Turn,Pedestrian,South,Proceeding Straight,POINT (-122.42799 37.784973),101.0,4.0,11.0,15.0,19
2050,vw_geo_sfpd_cr_switrs_all_types_col_cty_union.fid-c18a0c2_186644fdb18_-3d36,1897,22088000.0,,160336254,37.7189286728199,-122.443696073964,SFPD-CROSSROADS,CITY STREET,04/24/2016 01:38:00 PM,2016 April 24,13:38:00,2016,April,Sunday,GENEVA AVE,CAYUGA AVE,0.0,Clear,Injury (Complaint of Pain),Vehicle/Pedestrian,Pedestrian,Crossing in Crosswalk at Intersection,Dry,No Unusual Condition,Daylight,Intersection <= 20ft,0.0,2,1.0,Driver,East,Making Left Turn,Pedestrian,North,Other,POINT (-122.443695 37.71893),80.0,9.0,1.0,28.0,13
2075,vw_geo_sfpd_cr_switrs_all_types_col_cty_union.fid-c18a0c2_186644fdb18_-3a64,22350,26057000.0,,160714105,37.7768558888485,-122.43817704764,SFPD-CROSSROADS,CITY STREET,09/03/2016 12:50:00 AM,2016 September 03,00:50:00,2016,September,Saturday,FULTON ST,DIVISADERO ST,0.0,Clear,Injury (Other Visible),Vehicle/Pedestrian,Pedestrian,"In Road, Including Shoulder",Dry,No Unusual Condition,Dark - Street Lights,Intersection <= 20ft,0.0,1,1.0,Pedestrian,South,Proceeding Straight,Driver,East,Proceeding Straight,POINT (-122.43818 37.776855),24.0,4.0,11.0,9.0,00
2080,vw_geo_sfpd_cr_switrs_all_types_col_cty_union.fid-c18a0c2_186644fdb18_-4cb8,11080,25680000.0,885000.0,140254977,37.7615057864302,-122.424784517586,SFPD-CROSSROADS,CITY STREET,03/26/2014 05:27:00 PM,2014 March 26,17:27:00,2014,March,Wednesday,18TH ST,OAKWOOD ST,70.0,Clear,Injury (Complaint of Pain),Vehicle/Pedestrian,Pedestrian,Crossing Not in Crosswalk,Dry,No Unusual Condition,Daylight,Midblock > 20ft,0.0,2,1.0,Pedestrian,South,Proceeding Straight,Bicyclist,East,Proceeding Straight,POINT (-122.42478 37.761505),37.0,3.0,5.0,20.0,17
2083,vw_geo_sfpd_cr_switrs_all_types_col_cty_union.fid-c18a0c2_186644fdb18_-4793,29509,26586000.0,5544000.0,150012828,37.7822245213133,-122.432490068798,SFPD-CROSSROADS,CITY STREET,01/05/2015 12:11:00 PM,2015 January 05,12:11:00,2015,January,Monday,FILLMORE ST,ELLIS ST,46.0,Clear,Injury (Other Visible),Vehicle/Pedestrian,Pedestrian,Crossing in Crosswalk Not at Intersection,Dry,No Unusual Condition,Daylight,Midblock > 20ft,0.0,3,1.0,Driver,North,Backing,Pedestrian,East,Not Stated,POINT (-122.43249 37.782223),97.0,4.0,11.0,39.0,12
2097,vw_geo_sfpd_cr_switrs_all_types_col_cty_union.fid-c18a0c2_186644fdb18_-4fc6,44326,27975000.0,3514000.0,130981942,37.7733486093685,-122.508094344552,SFPD-CROSSROADS,CITY STREET,11/19/2013 09:01:00 PM,2013 November 19,21:01:00,2013,November,Tuesday,CABRILLO ST,47TH AVE,60.0,Raining,Injury (Other Visible),Vehicle/Pedestrian,Pedestrian,Crossing Not in Crosswalk,Wet,No Unusual Condition,Dark - Street Lights,Midblock > 20ft,0.0,1,1.0,Pedestrian,North,Proceeding Straight,Driver,West,Proceeding Straight,POINT (-122.508095 37.77335),8.0,8.0,4.0,29.0,21
2103,vw_geo_sfpd_cr_switrs_all_types_col_cty_union.fid-c18a0c2_186644fdb18_-4808,24329,24924000.0,,141042832,37.7832143127917,-122.410764828286,SFPD-CROSSROADS,CITY STREET,12/11/2014 04:50:00 PM,2014 December 11,16:50:00,2014,December,Thursday,TAYLOR ST,TURK ST,0.0,Raining,Injury (Complaint of Pain),Vehicle/Pedestrian,Pedestrian,Crossing in Crosswalk at Intersection,Wet,No Unusual Condition,Dark - Street Lights,Intersection <= 20ft,0.0,1,1.0,Driver,West,Making Left Turn,Pedestrian,South,Proceeding Straight,POINT (-122.41077 37.783215),20.0,5.0,10.0,36.0,16
2105,vw_geo_sfpd_cr_switrs_all_types_col_cty_union.fid-c18a0c2_186644fdb18_-4258,33013,26675000.0,,150772367,37.7929269212025,-122.438022233781,SFPD-CROSSROADS,CITY STREET,09/03/2015 07:26:00 AM,2015 September 03,07:26:00,2015,September,Thursday,PACIFIC AVE,PIERCE ST,0.0,Clear,Injury (Other Visible),Vehicle/Pedestrian,Pedestrian,Crossing in Crosswalk at Intersection,Dry,No Unusual Condition,Daylight,Intersection <= 20ft,0.0,1,1.0,Driver,East,Proceeding Straight,Pedestrian,North,Proceeding Straight,POINT (-122.43802 37.792927),102.0,4.0,6.0,30.0,07
2114,vw_geo_sfpd_cr_switrs_all_types_col_cty_union.fid-c18a0c2_186644fdb18_-4f8b,42222,27255000.000000004,,131018263,37.7736240653343,-122.463749210069,SFPD-CROSSROADS,CITY STREET,12/02/2013 07:25:00 PM,2013 December 02,19:25:00,2013,December,Monday,FULTON ST,06TH AVE,0.0,Clear,Injury (Complaint of Pain),Vehicle/Pedestrian,Pedestrian,Crossing in Crosswalk at Intersection,Dry,No Unusual Condition,Dark - Street Lights,Intersection <= 20ft,0.0,1,1.0,Driver,East,Making Left Turn,Bicyclist,South,Not Stated,POINT (-122.46375 37.773624),5.0,8.0,4.0,11.0,19
2120,vw_geo_sfpd_cr_switrs_all_types_col_cty_union.fid-c18a0c2_186644fdb18_-4320,24029,54125000.0,,150661265,37.7851218536548,-122.403501281766,SFPD-CROSSROADS,CITY STREET,07/29/2015 09:07:00 PM,2015 July 29,21:07:00,2015,July,Wednesday,MISSION ST,YERBA BUENA LN,0.0,Clear,Injury (Complaint of Pain),Sideswipe,Pedestrian,Crossing in Crosswalk at Intersection,Dry,No Unusual Condition,Dark - Street Lights,Intersection <= 20ft,0.0,1,,Driver,East,Proceeding Straight,Pedestrian,North,Proceeding Straight,POINT (-122.4035 37.785122),32.0,1.0,10.0,8.0,21
2124,vw_geo_sfpd_cr_switrs_all_types_col_cty_union.fid-c18a0c2_186644fdb18_-465a,13792,23855000.0,,150196814,37.7735734556687,-122.399433130746,SFPD-CROSSROADS,CITY STREET,03/04/2015 03:36:00 PM,2015 March 04,15:36:00,2015,March,Wednesday,TOWNSEND ST,06TH ST,0.0,Clear,Injury (Complaint of Pain),Vehicle/Pedestrian,Pedestrian,Crossing in Crosswalk at Intersection,Dry,No Unusual Condition,Daylight,Intersection <= 20ft,0.0,1,1.0,Driver,East,Proceeding Straight,Pedestrian,South,Proceeding Straight,POINT (-122.39943 37.773575),34.0,1.0,10.0,4.0,15
2126,vw_geo_sfpd_cr_switrs_all_types_col_cty_union.fid-c18a0c2_186644fdb18_-4370,26303,24917000.0,,140700760,37.7871491428224,-122.40987401663,SFPD-CROSSROADS,CITY STREET,08/21/2014 03:30:00 AM,2014 August 21,03:30:00,2014,August,Thursday,MASON ST,GEARY ST,0.0,Clear,Injury (Complaint of Pain),Vehicle/Pedestrian,Pedestrian,Crossing Not in Crosswalk,Dry,No Unusual Condition,Dark - No Street Lights,Intersection <= 20ft,0.0,1,1.0,Driver,South,Proceeding Straight,Pedestrian,East,Stopped In Road,POINT (-122.409874 37.787148),20.0,6.0,3.0,36.0,03
2128,vw_geo_sfpd_cr_switrs_all_types_col_cty_union.fid-c18a0c2_186644fdb18_-4855,16866,24285000.0,9044000.0,140989209,37.7805534118706,-122.408137969341,SFPD-CROSSROADS,CITY STREET,11/23/2014 12:45:00 PM,2014 November 23,12:45:00,2014,November,Sunday,06TH ST,HOWARD ST,7.0,Clear,Injury (Complaint of Pain),Vehicle/Pedestrian,Pedestrian,Crossing in Crosswalk at Intersection,Dry,No Unusual Condition,Daylight,Intersection <= 20ft,0.0,1,1.0,Pedestrian,East,Other,Driver,South,Stopped In Road,POINT (-122.408134 37.780552),32.0,1.0,10.0,34.0,12
2130,vw_geo_sfpd_cr_switrs_all_types_col_cty_union.fid-c18a0c2_186644fdb18_-4c98,6312,21136000.0,10750000.0,140279367,37.7479323140518,-122.40870999349,SFPD-CROSSROADS,CITY STREET,04/04/2014 10:30:00 AM,2014 April 04,10:30:00,2014,April,Friday,PRECITA AVE,BRYANT ST,16.0,Clear,Injury (Complaint of Pain),Vehicle/Pedestrian,Pedestrian,Crossing Not in Crosswalk,Dry,No Unusual Condition,Daylight,Intersection <= 20ft,0.0,1,1.0,Driver,East,Making Left Turn,Pedestrian,North,Proceeding Straight,POINT (-122.40871 37.747932),60.0,9.0,2.0,2.0,10
2133,vw_geo_sfpd_cr_switrs_all_types_col_cty_union.fid-c18a0c2_186644fdb18_-4db1,16467,23944000.0,,140118038,37.7814995083039,-122.404933346348,SFPD-CROSSROADS,CITY STREET,02/09/2014 06:00:00 PM,2014 February 09,18:00:00,2014,February,Sunday,05TH ST,HOWARD ST,0.0,Raining,Injury (Complaint of Pain),Vehicle/Pedestrian,Pedestrian,Crossing in Crosswalk at Intersection,Wet,No Unusual Condition,Dark - Street Lights,Intersection <= 20ft,0.0,1,1.0,Driver,West,Making Left Turn,Pedestrian,East,Proceeding Straight,POINT (-122.40493 37.781498),32.0,1.0,10.0,34.0,18
2134,vw_geo_sfpd_cr_switrs_all_types_col_cty_union.fid-c18a0c2_186644fdb18_-4e03,13964,24206000.0,,140073404,37.7715786773086,-122.411277936994,SFPD-CROSSROADS,CITY STREET,01/25/2014 01:40:00 PM,2014 January 25,13:40:00,2014,January,Saturday,HARRISON ST,10TH ST,0.0,Clear,Injury (Complaint of Pain),Vehicle/Pedestrian,Pedestrian,Crossing in Crosswalk at Intersection,Dry,No Unusual Condition,Daylight,Intersection <= 20ft,0.0,1,1.0,Driver,East,Making Right Turn,Pedestrian,North,Proceeding Straight,POINT (-122.41128 37.77158),32.0,1.0,10.0,34.0,13
2137,vw_geo_sfpd_cr_switrs_all_types_col_cty_union.fid-c18a0c2_186644fdb18_-44ae,25883,24908000.0,12197000.0,140776874,37.7884984564854,-122.40677095097,SFPD-CROSSROADS,CITY STREET,09/15/2014 08:20:00 AM,2014 September 15,08:20:00,2014,September,Monday,POST ST,STOCKTON ST,144.0,Clear,Injury (Complaint of Pain),Vehicle/Pedestrian,Pedestrian,Crossing Not in Crosswalk,Dry,No Unusual Condition,Daylight,Midblock > 20ft,0.0,1,1.0,Pedestrian,North,Proceeding Straight,Driver,East,Proceeding Straight,POINT (-122.40677 37.788498),19.0,6.0,3.0,8.0,08
2140,vw_geo_sfpd_cr_switrs_all_types_col_cty_union.fid-c18a0c2_186644fdb18_-4eeb,24324,24924000.0,,130545112,37.7832143127917,-122.410764828286,SFPD-CROSSROADS,CITY STREET,07/03/2013 12:05:00 AM,2013 July 03,00:05:00,2013,July,Wednesday,TAYLOR ST,TURK ST,0.0,Clear,Injury (Complaint of Pain),Vehicle/Pedestrian,Pedestrian,Crossing in Crosswalk at Intersection,Dry,No Unusual Condition,Dark - Street Lights,Intersection <= 20ft,0.0,1,1.0,Pedestrian,East,Other,Driver,North,Proceeding Straight,POINT (-122.41077 37.783215),20.0,5.0,10.0,36.0,00
2147,vw_geo_sfpd_cr_switrs_all_types_col_cty_union.fid-c18a0c2_186644fdb18_-41c5,1706,21486000.0,,150853622,37.7164595455178,-122.441019562439,SFPD-CROSSROADS,CITY STREET,09/29/2015 01:34:00 PM,2015 September 29,13:34:00,2015,September,Tuesday,GENEVA AVE,MISSION ST,0.0,Clear,Injury (Other Visible),Vehicle/Pedestrian,Pedestrian,Crossing in Crosswalk at Intersection,Dry,No Unusual Condition,Daylight,Intersection <= 20ft,0.0,1,1.0,Pedestrian,South,Other,Driver,West,Making Right Turn,POINT (-122.44102 37.71646),80.0,9.0,1.0,28.0,13
2152,vw_geo_sfpd_cr_switrs_all_types_col_cty_union.fid-c18a0c2_186644fdb18_-4e7e,21229,24460000.0,13145101.0,140019652,37.7779625428874,-122.419902839717,SFPD-CROSSROADS,CITY STREET,01/07/2014 06:20:00 PM,2014 January 07,18:20:00,2014,January,Tuesday,VAN NESS AVE,GROVE ST,103.0,Clear,Fatal,Vehicle/Pedestrian,Pedestrian,Crossing Not in Crosswalk,Dry,No Unusual Condition,Dark - Street Lights,Midblock > 20ft,1.0,0,1.0,Pedestrian,East,Not Stated,Driver,North,Proceeding Straight,POINT (-122.41991 37.77796),21.0,4.0,11.0,9.0,18
2156,vw_geo_sfpd_cr_switrs_all_types_col_cty_union.fid-c18a0c2_186644fdb18_-4fa6,25061,25139000.0,,131001274,37.7846571408095,-122.414430198089,SFPD-CROSSROADS,CITY STREET,11/26/2013 09:50:00 AM,2013 November 26,09:50:00,2013,November,Tuesday,ELLIS ST,LEAVENWORTH ST,0.0,Clear,Injury (Complaint of Pain),Vehicle/Pedestrian,Pedestrian,Crossing in Crosswalk at Intersection,Dry,No Unusual Condition,Daylight,Intersection <= 20ft,0.0,1,1.0,Driver,West,Making Left Turn,Pedestrian,North,Proceeding Straight,POINT (-122.41443 37.784657),20.0,5.0,10.0,36.0,09
2157,vw_geo_sfpd_cr_switrs_all_types_col_cty_union.fid-c18a0c2_186644fdb18_-4579,26359,24918000.0,,150314997,37.7882931940268,-122.408401551217,SFPD-CROSSROADS,CITY STREET,04/11/2015 10:02:00 PM,2015 April 11,22:02:00,2015,April,Saturday,POST ST,POWELL ST,0.0,Clear,Injury (Other Visible),Sideswipe,Pedestrian,Crossing Not in Crosswalk,Dry,No Unusual Condition,Dark - Street Lights,Intersection <= 20ft,0.0,1,1.0,Driver,West,Making Left Turn,Pedestrian,South,Not Stated,POINT (-122.4084 37.788292),19.0,6.0,3.0,8.0,22
2167,vw_geo_sfpd_cr_switrs_all_types_col_cty_union.fid-c18a0c2_186644fdb18_-4666,21970,25971000.0,,150193161,37.7795641489844,-122.431951801773,SFPD-CROSSROADS,CITY STREET,03/03/2015 08:15:00 AM,2015 March 03,08:15:00,2015,March,Tuesday,GOLDEN GATE AVE,FILLMORE ST,0.0,Clear,Injury (Complaint of Pain),Vehicle/Pedestrian,Pedestrian,Crossing in Crosswalk at Intersection,Dry,No Unusual Condition,Daylight,Intersection <= 20ft,0.0,2,1.0,Driver,East,Making Left Turn,Pedestrian,North,Other,POINT (-122.43195 37.779564),97.0,4.0,11.0,39.0,08
2169,vw_geo_sfpd_cr_switrs_all_types_col_cty_union.fid-c18a0c2_186644fdb18_-429c,21891,25967000.000000004,,150734925,37.7788509281149,-122.430047265573,SFPD-CROSSROADS,CITY STREET,08/22/2015 04:46:00 PM,2015 August 22,16:46:00,2015,August,Saturday,MCALLISTER ST,WEBSTER ST,0.0,Clear,Injury (Complaint of Pain),Vehicle/Pedestrian,Pedestrian,Crossing in Crosswalk at Intersection,Dry,No Unusual Condition,Daylight,Intersection <= 20ft,0.0,1,1.0,Driver,South,Making Left Turn,Pedestrian,East,Not Stated,POINT (-122.430046 37.77885),97.0,4.0,11.0,39.0,16
2172,vw_geo_sfpd_cr_switrs_all_types_col_cty_union.fid-c18a0c2_186644fdb18_-43d5,10216,24088000.0,9125000.0,150566671,37.7526143997518,-122.418480173362,SFPD-CROSSROADS,CITY STREET,06/29/2015 12:50:00 PM,2015 June 29,12:50:00,2015,June,Monday,MISSION ST,24TH ST,137.0,Clear,Injury (Other Visible),Vehicle/Pedestrian,Pedestrian,Crossing Not in Crosswalk,Dry,No Unusual Condition,Daylight,Midblock > 20ft,0.0,1,2.0,Pedestrian,East,Entering Traffic,Driver,South,Proceeding Straight,POINT (-122.41848 37.752613),53.0,3.0,2.0,20.0,12
2174,vw_geo_sfpd_cr_switrs_all_types_col_cty_union.fid-c18a0c2_186644fdb18_-4369,12946,26209000.0,2519000.0,150624451,37.7647113984684,-122.444620583453,SFPD-CROSSROADS,CITY STREET,07/18/2015 08:38:00 AM,2015 July 18,08:38:00,2015,July,Saturday,ASHBURY TER,UPPER TER,174.0,Clear,Injury (Complaint of Pain),Vehicle/Pedestrian,Pedestrian,"In Road, Including Shoulder",Dry,No Unusual Condition,Daylight,Midblock > 20ft,0.0,1,1.0,Driver,South,Parked,Pedestrian,North,Other,POINT (-122.44462 37.764713),112.0,7.0,5.0,3.0,08
2179,vw_geo_sfpd_cr_switrs_all_types_col_cty_union.fid-c18a0c2_186644fdb18_-384c,16621,24315000.0,,160948928,37.7792116855019,-122.410936573592,SFPD-CROSSROADS,CITY STREET,11/21/2016 05:05:00 PM,2016 November 21,17:05:00,2016,November,Monday,MISSION ST,07TH ST,0.0,Cloudy,Injury (Other Visible),Vehicle/Pedestrian,Pedestrian,Crossing in Crosswalk at Intersection,Dry,No Unusual Condition,Daylight,Intersection <= 20ft,0.0,1,,Pedestrian,North,Proceeding Straight,Driver,East,Proceeding Straight,POINT (-122.410934 37.779213),32.0,1.0,10.0,34.0,17
2180,vw_geo_sfpd_cr_switrs_all_types_col_cty_union.fid-c18a0c2_186644fdb18_-3fac,40105,27163000.0,5969000.0,160012727,37.7592348932004,-122.4702725297,SFPD-CROSSROADS,CITY STREET,01/05/2016 05:30:00 PM,2016 January 05,17:30:00,2016,January,Tuesday,FUNSTON AVE,LURLINE ST,7.0,Clear,Injury (Other Visible),Sideswipe,Pedestrian,"In Road, Including Shoulder",Wet,Obstruction on Roadway,Dark - Street Lights,Intersection <= 20ft,0.0,1,1.0,Driver,North,Proceeding Straight,Pedestrian,South,Not Stated,POINT (-122.470276 37.759235),44.0,10.0,8.0,14.0,17
2181,vw_geo_sfpd_cr_switrs_all_types_col_cty_union.fid-c18a0c2_186644fdb18_-4e34,33508,24820000.000000004,13083000.0,140043297,37.7993849179002,-122.402398891692,SFPD-CROSSROADS,CITY STREET,01/16/2014 06:38:00 PM,2014 January 16,18:38:00,2014,January,Thursday,VALLEJO ST,SANSOME ST,6.0,Clear,Injury (Severe),Vehicle/Pedestrian,Pedestrian,Crossing in Crosswalk at Intersection,Dry,No Unusual Condition,Dark - Street Lights,Intersection <= 20ft,0.0,1,1.0,Driver,East,Proceeding Straight,Pedestrian,South,Proceeding Straight,POINT (-122.4024 37.799385),77.0,6.0,3.0,8.0,18
2190,vw_geo_sfpd_cr_switrs_all_types_col_cty_union.fid-c18a0c2_186644fdb18_-43ee,4496,22115000.0,,150546598,37.7257926852517,-122.442387189967,SFPD-CROSSROADS,CITY STREET,06/23/2015 12:28:00 PM,2015 June 23,12:28:00,2015,June,Tuesday,SAN JOSE AVE,SANTA YNEZ AVE,0.0,Clear,Injury (Other Visible),Vehicle/Pedestrian,Pedestrian,Crossing Not in Crosswalk,Dry,No Unusual Condition,Daylight,Intersection <= 20ft,0.0,1,1.0,Pedestrian,East,Entering Traffic,Driver,South,Proceeding Straight,POINT (-122.44239 37.725792),94.0,9.0,1.0,28.0,12
2195,vw_geo_sfpd_cr_switrs_all_types_col_cty_union.fid-c18a0c2_186644fdb18_-39ad,39209,23276000.0,,160795804,37.7426731116724,-122.484263608614,SFPD-CROSSROADS,CITY STREET,09/30/2016 07:57:00 PM,2016 September 30,19:57:00,2016,September,Friday,TARAVAL ST,27TH AVE,0.0,Clear,Injury (Other Visible),Vehicle/Pedestrian,Pedestrian,Crossing in Crosswalk at Intersection,Dry,No Unusual Condition,Dark - Street Lights,Intersection <= 20ft,0.0,1,1.0,Driver,East,Proceeding Straight,Pedestrian,South,Proceeding Straight,POINT (-122.48426 37.742672),40.0,10.0,7.0,35.0,19
2199,vw_geo_sfpd_cr_switrs_all_types_col_cty_union.fid-c18a0c2_186644fdb18_-4b4d,14512,23796000.0,182000.0,140483308,37.7774918773019,-122.391043368172,SFPD-CROSSROADS,CITY STREET,06/10/2014 06:12:00 PM,2014 June 10,18:12:00,2014,June,Tuesday,03RD ST,BERRY ST,32.0,Clear,Injury (Other Visible),Vehicle/Pedestrian,Pedestrian,Crossing in Crosswalk at Intersection,Dry,No Unusual Condition,Daylight,Midblock > 20ft,0.0,1,1.0,Driver,South,Making Right Turn,Pedestrian,North,Other,POINT (-122.391045 37.777493),34.0,1.0,10.0,4.0,18
2201,vw_geo_sfpd_cr_switrs_all_types_col_cty_union.fid-c18a0c2_186644fdb18_-3ec6,28246,24988000.0,,160136929,37.7933148803531,-122.406643293982,SFPD-CROSSROADS,CITY STREET,02/15/2016 08:41:00 PM,2016 February 15,20:41:00,2016,February,Monday,WAVERLY PL,SACRAMENTO ST,0.0,Clear,Injury (Complaint of Pain),Vehicle/Pedestrian,Pedestrian,Crossing in Crosswalk at Intersection,Dry,No Unusual Condition,Dark - Street Lights Not Functioning,Intersection <= 20ft,0.0,1,1.0,Driver,North,Backing,Pedestrian,East,Not Stated,POINT (-122.40665 37.793316),104.0,6.0,3.0,6.0,20
2208,vw_geo_sfpd_cr_switrs_all_types_col_cty_union.fid-c18a0c2_186644fdb18_-4d4e,3018,20912000.0,3042000.0,140062742,37.7282471367767,-122.411511688306,SFPD-CROSSROADS,CITY STREET,01/22/2014 08:00:00 AM,2014 January 22,08:00:00,2014,January,Wednesday,BOWDOIN ST,FELTON ST,6.0,Clear,Injury (Complaint of Pain),Vehicle/Pedestrian,Pedestrian,Crossing in Crosswalk at Intersection,Dry,No Unusual Condition,Daylight,Intersection <= 20ft,0.0,1,1.0,Driver,North,Proceeding Straight,Pedestrian,West,Proceeding Straight,POINT (-122.411514 37.72825),91.0,2.0,2.0,25.0,08
2225,vw_geo_sfpd_cr_switrs_all_types_col_cty_union.fid-c18a0c2_186644fdb18_-474f,1408,21483000.0,10592000.0,150058151,37.7153080252259,-122.44174719456,SFPD-CROSSROADS,CITY STREET,01/19/2015 05:52:00 PM,2015 January 19,17:52:00,2015,January,Monday,MISSION ST,POPE ST,23.0,Clear,Injury (Complaint of Pain),Vehicle/Pedestrian,Pedestrian,Crossing in Crosswalk at Intersection,Dry,No Unusual Condition,Dark - Street Lights,Midblock > 20ft,0.0,1,1.0,Driver,South,Making Left Turn,Pedestrian,West,Proceeding Straight,POINT (-122.44175 37.71531),58.0,9.0,1.0,7.0,17
2236,vw_geo_sfpd_cr_switrs_all_types_col_cty_union.fid-c18a0c2_186644fdb18_-439f,21387,25941000.0,,150594177,37.7796735861812,-122.423541306959,SFPD-CROSSROADS,CITY STREET,07/08/2015 01:00:00 PM,2015 July 08,13:00:00,2015,July,Wednesday,GOUGH ST,MCALLISTER ST,0.0,Clear,Injury (Other Visible),Vehicle/Pedestrian,Pedestrian,Crossing in Crosswalk at Intersection,Dry,No Unusual Condition,Daylight,Intersection <= 20ft,0.0,1,1.0,Pedestrian,West,Proceeding Straight,Driver,South,Entering Traffic,POINT (-122.42354 37.779675),21.0,4.0,11.0,39.0,13
2240,vw_geo_sfpd_cr_switrs_all_types_col_cty_union.fid-c18a0c2_186644fdb18_-3eb5,39602,23437000.0,,160143037,37.7383325199192,-122.497928209388,SFPD-CROSSROADS,CITY STREET,02/17/2016 06:05:00 PM,2016 February 17,18:05:00,2016,February,Wednesday,VICENTE ST,40TH AVE,0.0,Raining,Injury (Severe),Broadside,Pedestrian,Crossing in Crosswalk at Intersection,Wet,No Unusual Condition,Dark - Street Lights,Intersection <= 20ft,0.0,2,1.0,Driver,West,Proceeding Straight,Pedestrian,North,Proceeding Straight,POINT (-122.497925 37.73833),40.0,10.0,7.0,35.0,18
2243,vw_geo_sfpd_cr_switrs_all_types_col_cty_union.fid-c18a0c2_186644fdb18_-48ec,38658,23447000.0,11962201.0,140886401,37.7353976475538,-122.501420621006,SFPD-CROSSROADS,CITY STREET,10/20/2014 06:57:00 AM,2014 October 20,06:57:00,2014,October,Monday,SLOAT BLVD,43RD AVE,110.0,Clear,Fatal,Vehicle/Pedestrian,Pedestrian,Crossing Not in Crosswalk,Dry,No Unusual Condition,Dusk - Dawn,Midblock > 20ft,1.0,0,1.0,Pedestrian,South,Proceeding Straight,Driver,West,Proceeding Straight,POINT (-122.50142 37.735397),40.0,10.0,8.0,16.0,06
2252,vw_geo_sfpd_cr_switrs_all_types_col_cty_union.fid-c18a0c2_186644fdb18_-4b2d,15706,24302000.0,,140501364,37.7766609873028,-122.412157953595,SFPD-CROSSROADS,CITY STREET,06/17/2014 09:20:00 AM,2014 June 17,09:20:00,2014,June,Tuesday,08TH ST,NATOMA ST,0.0,Clear,Injury (Severe),Vehicle/Pedestrian,Pedestrian,Crossing Not in Crosswalk,Dry,No Unusual Condition,Daylight,Intersection <= 20ft,0.0,1,1.0,Pedestrian,East,Proceeding Straight,Driver,South,Proceeding Straight,POINT (-122.412155 37.77666),32.0,1.0,10.0,34.0,09
2259,vw_geo_sfpd_cr_switrs_all_types_col_cty_union.fid-c18a0c2_186644fdb18_-4742,290,20366000.0,8945000.0,150062920,37.7100669807841,-122.410527961154,SFPD-CROSSROADS,CITY STREET,01/21/2015 08:50:00 AM,2015 January 21,08:50:00,2015,January,Wednesday,SANTOS ST,SUNNYDALE AVE,40.0,Clear,Injury (Complaint of Pain),Vehicle/Pedestrian,Pedestrian,Crossing Not in Crosswalk,Dry,No Unusual Condition,Daylight,Midblock > 20ft,0.0,1,1.0,Pedestrian,West,Other,Driver,North,Proceeding Straight,POINT (-122.41053 37.710068),75.0,9.0,9.0,40.0,08
2266,vw_geo_sfpd_cr_switrs_all_types_col_cty_union.fid-c18a0c2_186644fdb18_-43fd,26471,25157000.0,,150539543,37.7874538442115,-122.414995423456,SFPD-CROSSROADS,CITY STREET,06/21/2015 01:36:00 AM,2015 June 21,01:36:00,2015,June,Sunday,POST ST,LEAVENWORTH ST,0.0,Clear,Injury (Other Visible),Vehicle/Pedestrian,Pedestrian,"In Road, Including Shoulder",Dry,No Unusual Condition,Dark - Street Lights,Intersection <= 20ft,0.0,1,1.0,Pedestrian,North,Proceeding Straight,Driver,East,Proceeding Straight,POINT (-122.41499 37.787453),50.0,6.0,3.0,36.0,01
2275,vw_geo_sfpd_cr_switrs_all_types_col_cty_union.fid-c18a0c2_186644fdb18_-46de,25837,24645000.0,,150119145,37.7879630907635,-122.403491774895,SFPD-CROSSROADS,CITY STREET,02/08/2015 08:27:00 AM,2015 February 08,08:27:00,2015,February,Sunday,GEARY ST,KEARNY ST,0.0,Raining,Injury (Other Visible),Head-On,Pedestrian,Crossing in Crosswalk at Intersection,Wet,No Unusual Condition,Daylight,Intersection <= 20ft,0.0,1,1.0,Driver,West,Making Left Turn,Pedestrian,South,Proceeding Straight,POINT (-122.40349 37.787964),19.0,6.0,3.0,8.0,08
2276,vw_geo_sfpd_cr_switrs_all_types_col_cty_union.fid-c18a0c2_186644fdb18_-3905,3357,20660000.0,,160869578,37.7355905206757,-122.390416264132,SFPD-CROSSROADS,CITY STREET,10/25/2016 07:10:00 AM,2016 October 25,07:10:00,2016,October,Tuesday,03RD ST,NEWCOMB AVE,0.0,Clear,Injury (Other Visible),Vehicle/Pedestrian,Pedestrian,Crossing in Crosswalk at Intersection,Wet,No Unusual Condition,Dusk - Dawn,Intersection <= 20ft,0.0,1,1.0,Driver,South,Proceeding Straight,Pedestrian,West,Proceeding Straight,POINT (-122.39042 37.73559),86.0,2.0,9.0,1.0,07