,id,unique_id,cnn_intrsctn_fkey,cnn_sgmt_fkey,case_id_pkey,tb_latitude,tb_longitude,geocode_source,geocode_location,collision_datetime,collision_date,collision_time,accident_year,month,day_of_week,primary_rd,secondary_rd,distance,weather_1,collision_severity,type_of_collision,mviw,ped_action,road_surface,road_cond_1,lighting,intersection,number_killed,number_injured,party_at_fault,party1_type,party1_dir_of_travel,party1_move_pre_acc,party2_type,party2_dir_of_travel,party2_move_pre_acc,point,Neighborhoods,Current Police Districts,Current Supervisor Districts,Analysis Neighborhoods,hour
2280,vw_geo_sfpd_cr_switrs_all_types_col_cty_union.fid-c18a0c2_186644fdb18_-3fdf,26143,25145000.0,9733000.0,151108979,37.7853748107076,-122.416268860504,SFPD-CROSSROADS,CITY STREET,12/24/2015 11:17:00 PM,2015 December 24,23:17:00,2015,December,Thursday,OFARRELL ST,HYDE ST,3.0,Clear,Injury (Complaint of Pain),Head-On,Pedestrian,"In Road, Including Shoulder",Dry,No Unusual Condition,Dark - Street Lights,Intersection <= 20ft,0.0,1,1.0,Pedestrian,South,Making Right Turn,Driver,East,Proceeding Straight,POINT (-122.41627 37.785374),20.0,5.0,10.0,36.0,23
2282,vw_geo_sfpd_cr_switrs_all_types_col_cty_union.fid-c18a0c2_186644fdb18_-4ae6,8251,25760000.0,,180112802,37.7511532215,-122.436298713,SFPD-INTERIM DB,CITY STREET,02/11/2018 01:05:00 PM,2018 February 11,13:05:00,2018,February,Sunday,DIAMOND ST,24TH ST,0.0,Wind,Injury (Other Visible),Broadside,Pedestrian,Crossing in Crosswalk at Intersection,Dry,No Unusual Condition,Daylight,Intersection <= 20ft,0.0,1,1.0,Driver,West,Making Left Turn,Pedestrian,West,Proceeding Straight,POINT (-122.4363 37.751152),84.0,3.0,5.0,22.0,13
2292,vw_geo_sfpd_cr_switrs_all_types_col_cty_union.fid-c18a0c2_186644fdb18_-4733,16864,24285000.0,9045000.0,150070454,37.7805241092531,-122.408175217746,SFPD-CROSSROADS,CITY STREET,01/07/2015 06:09:00 AM,2015 January 07,06:09:00,2015,January,Wednesday,06TH ST,NATOMA ST,7.0,Clear,Injury (Severe),Vehicle/Pedestrian,Pedestrian,Crossing Not in Crosswalk,Dry,No Unusual Condition,Dark - Street Lights,Intersection <= 20ft,0.0,1,1.0,Pedestrian,West,Proceeding Straight,Driver,South,Proceeding Straight,POINT (-122.40817 37.780525),32.0,1.0,10.0,34.0,06
2296,vw_geo_sfpd_cr_switrs_all_types_col_cty_union.fid-c18a0c2_186644fdb18_-3ff7,34230,25525000.000000004,4303000.0,151095520,37.8043224204157,-122.416003020939,SFPD-CROSSROADS,CITY STREET,12/20/2015 12:30:00 AM,2015 December 20,00:30:00,2015,December,Sunday,COLUMBUS AVE,FRANCISCO ST,19.0,Clear,Injury (Other Visible),Vehicle/Pedestrian,Pedestrian,Crossing in Crosswalk at Intersection,Dry,No Unusual Condition,Dark - Street Lights,Intersection <= 20ft,0.0,1,1.0,Driver,South,Making Left Turn,Pedestrian,West,Proceeding Straight,POINT (-122.416 37.80432),107.0,6.0,3.0,32.0,00
2298,vw_geo_sfpd_cr_switrs_all_types_col_cty_union.fid-c18a0c2_186644fdb18_-4d21,29082,26490000.0,,140194210,37.7824770511271,-122.424108200497,SFPD-CROSSROADS,CITY STREET,03/06/2014 07:51:00 PM,2014 March 06,19:51:00,2014,March,Thursday,GOUGH ST,EDDY ST,0.0,Clear,Injury (Other Visible),Vehicle/Pedestrian,Pedestrian,Crossing in Crosswalk at Intersection,Dry,No Unusual Condition,Dark - Street Lights,Intersection <= 20ft,0.0,1,1.0,Pedestrian,North,Proceeding Straight,Driver,West,Proceeding Straight,POINT (-122.42411 37.78248),100.0,4.0,11.0,39.0,19
2299,vw_geo_sfpd_cr_switrs_all_types_col_cty_union.fid-c18a0c2_186644fdb18_-4e1f,15054,23897000.0,,140053434,37.7760393213773,-122.402524097095,SFPD-CROSSROADS,CITY STREET,01/18/2014 08:15:00 PM,2014 January 18,20:15:00,2014,January,Saturday,BRYANT ST,06TH ST,0.0,Clear,Injury (Complaint of Pain),Sideswipe,Pedestrian,Crossing in Crosswalk at Intersection,Dry,No Unusual Condition,Dark - Street Lights,Intersection <= 20ft,0.0,1,1.0,Driver,East,Making Right Turn,Pedestrian,North,Proceeding Straight,POINT (-122.40253 37.77604),32.0,1.0,10.0,34.0,20
2300,vw_geo_sfpd_cr_switrs_all_types_col_cty_union.fid-c18a0c2_186644fdb18_-408c,12078,25698000.0,,151008802,37.764783452499,-122.424102683943,SFPD-CROSSROADS,CITY STREET,11/19/2015 06:28:00 PM,2015 November 19,18:28:00,2015,November,Thursday,GUERRERO ST,16TH ST,0.0,Clear,Injury (Complaint of Pain),Vehicle/Pedestrian,Pedestrian,Crossing in Crosswalk at Intersection,Dry,No Unusual Condition,Dark - Street Lights,Intersection <= 20ft,0.0,1,1.0,Driver,West,Making Left Turn,Pedestrian,South,Proceeding Straight,POINT (-122.4241 37.764782),37.0,3.0,5.0,20.0,18
2304,vw_geo_sfpd_cr_switrs_all_types_col_cty_union.fid-c18a0c2_186644fdb18_-4871,12959,26281000.0,,140973434,37.7648664529672,-122.449769713855,SFPD-CROSSROADS,CITY STREET,11/17/2014 08:35:00 AM,2014 November 17,08:35:00,2014,November,Monday,PARNASSUS AVE,COLE ST,0.0,Clear,Injury (Complaint of Pain),Vehicle/Pedestrian,Pedestrian,Crossing in Crosswalk at Intersection,Dry,No Unusual Condition,Daylight,Intersection <= 20ft,0.0,1,1.0,Driver,West,Making Left Turn,Pedestrian,South,Proceeding Straight,POINT (-122.44977 37.764866),114.0,7.0,11.0,3.0,08
2317,vw_geo_sfpd_cr_switrs_all_types_col_cty_union.fid-c18a0c2_186644fdb18_-402c,14407,23797000.0,,151070475,37.775787315499,-122.393355125042,SFPD-CROSSROADS,CITY STREET,12/11/2015 08:44:00 AM,2015 December 11,08:44:00,2015,December,Friday,04TH ST,BERRY ST,0.0,Cloudy,Injury (Other Visible),Vehicle/Pedestrian,Pedestrian,Crossing in Crosswalk at Intersection,Wet,No Unusual Condition,Daylight,Intersection <= 20ft,0.0,1,1.0,Pedestrian,South,Proceeding Straight,Bicyclist,East,Proceeding Straight,POINT (-122.39336 37.775787),34.0,1.0,10.0,4.0,08
2322,vw_geo_sfpd_cr_switrs_all_types_col_cty_union.fid-c18a0c2_186644fdb18_-381d,37950,22766000.0,9288201.0,160982772,37.7322860795081,-122.464420922471,SFPD-CROSSROADS,CITY STREET,12/03/2016 04:01:00 PM,2016 December 03,16:01:00,2016,December,Saturday,SAN ALESO AVE,MONTEREY BLVD,2.0,Clear,Injury (Other Visible),Vehicle/Pedestrian,Pedestrian,Crossing in Crosswalk at Intersection,Dry,No Unusual Condition,Daylight,Intersection <= 20ft,0.0,1,1.0,Driver,East,Proceeding Straight,Pedestrian,North,Proceeding Straight,POINT (-122.464424 37.732285),63.0,10.0,8.0,41.0,16
2325,vw_geo_sfpd_cr_switrs_all_types_col_cty_union.fid-c18a0c2_186644fdb18_-4eca,31673,26843000.0,,130388871,37.7874381654308,-122.445402197471,SFPD-CROSSROADS,CITY STREET,05/12/2013 12:37:00 AM,2013 May 12,00:37:00,2013,May,Sunday,LYON ST,CALIFORNIA ST,0.0,Clear,Injury (Other Visible),Vehicle/Pedestrian,Pedestrian,Crossing in Crosswalk at Intersection,Dry,No Unusual Condition,Dark - Street Lights,Intersection <= 20ft,0.0,1,1.0,Pedestrian,South,Proceeding Straight,Driver,East,Proceeding Straight,POINT (-122.445404 37.787437),103.0,8.0,6.0,31.0,00
2334,vw_geo_sfpd_cr_switrs_all_types_col_cty_union.fid-c18a0c2_186644fdb18_-382c,18160,25985000.0,13386000.0,160979729,37.7692416019658,-122.432463568959,SFPD-CROSSROADS,CITY STREET,12/02/2016 12:51:00 PM,2016 December 02,12:51:00,2016,December,Friday,WALTER ST,DUBOCE AVE,3.0,Clear,Injury (Complaint of Pain),Vehicle/Pedestrian,Pedestrian,Crossing in Crosswalk at Intersection,Dry,No Unusual Condition,Daylight,Intersection <= 20ft,0.0,1,1.0,Driver,South,Making Left Turn,Pedestrian,West,Proceeding Straight,POINT (-122.432465 37.76924),28.0,7.0,5.0,5.0,12
2335,vw_geo_sfpd_cr_switrs_all_types_col_cty_union.fid-c18a0c2_186644fdb18_-3fcc,42370,27444000.0,,151115623,37.7731389474532,-122.471762123114,SFPD-CROSSROADS,CITY STREET,12/28/2015 12:29:00 AM,2015 December 28,00:29:00,2015,December,Monday,PARK PRESIDIO BLVD,FULTON ST,0.0,Raining,Injury (Other Visible),Vehicle/Pedestrian,Pedestrian,Crossing in Crosswalk at Intersection,Wet,No Unusual Condition,Dark - Street Lights,Intersection <= 20ft,0.0,2,1.0,Driver,North,Making Right Turn,Pedestrian,West,Proceeding Straight,POINT (-122.47176 37.77314),5.0,8.0,4.0,11.0,00
2339,vw_geo_sfpd_cr_switrs_all_types_col_cty_union.fid-c18a0c2_186644fdb18_-3909,26149,25145000.0,,160867481,37.7853759745961,-122.416259706098,SFPD-CROSSROADS,CITY STREET,10/24/2016 08:26:00 PM,2016 October 24,20:26:00,2016,October,Monday,OFARRELL ST,HYDE ST,0.0,Clear,Injury (Complaint of Pain),Vehicle/Pedestrian,Pedestrian,Crossing in Crosswalk at Intersection,Wet,No Unusual Condition,Dark - Street Lights,Intersection <= 20ft,0.0,1,1.0,Driver,East,Making Left Turn,Pedestrian,North,Proceeding Straight,POINT (-122.41626 37.785378),20.0,5.0,10.0,36.0,20
2340,vw_geo_sfpd_cr_switrs_all_types_col_cty_union.fid-c18a0c2_186644fdb18_-4857,15778,24313000.000000004,,140988483,37.7762305203006,-122.414711003362,SFPD-CROSSROADS,CITY STREET,11/22/2014 06:25:00 AM,2014 November 22,06:25:00,2014,November,Saturday,09TH ST,MISSION ST,0.0,Raining,Injury (Complaint of Pain),Vehicle/Pedestrian,Pedestrian,Crossing Not in Crosswalk,Wet,No Unusual Condition,Dark - Street Lights,Intersection <= 20ft,0.0,1,1.0,Pedestrian,East,Entering Traffic,Driver,North,Proceeding Straight,POINT (-122.41471 37.77623),32.0,1.0,10.0,34.0,06
2343,vw_geo_sfpd_cr_switrs_all_types_col_cty_union.fid-c18a0c2_186644fdb18_-43c6,25740,30738000.0,163000.0,150574561,37.7875863815353,-122.403417484955,SFPD-CROSSROADS,CITY STREET,07/01/2015 09:10:00 PM,2015 July 01,21:10:00,2015,July,Wednesday,03RD ST,MARKET ST,21.0,Clear,Fatal,Vehicle/Pedestrian,Pedestrian,Not in Road,Dry,No Unusual Condition,Dark - Street Lights,Midblock > 20ft,1.0,2,,Driver,North,Ran Off Road,Pedestrian,West,Not Stated,POINT (-122.40342 37.787586),32.0,6.0,10.0,8.0,21
2345,vw_geo_sfpd_cr_switrs_all_types_col_cty_union.fid-c18a0c2_186644fdb18_-39ed,44129,27869000.0,,160769962,37.767726480786,-122.50182634885,SFPD-CROSSROADS,CITY STREET,09/22/2016 03:12:00 PM,2016 September 22,15:12:00,2016,September,Thursday,CHAIN OF LAKES DR,JOHN F KENNEDY DR,0.0,Clear,Injury (Complaint of Pain),Vehicle/Pedestrian,Pedestrian,Crossing Not in Crosswalk,Dry,No Unusual Condition,Daylight,Intersection <= 20ft,0.0,1,1.0,Pedestrian,East,Proceeding Straight,Driver,South,Proceeding Straight,POINT (-122.50182 37.767727),9.0,8.0,4.0,12.0,15
2346,vw_geo_sfpd_cr_switrs_all_types_col_cty_union.fid-c18a0c2_186644fdb18_-4174,5531,33111000.0,7081000.0,150891252,37.7445425837827,-122.396189077698,SFPD-CROSSROADS,CITY STREET,10/11/2015 07:15:00 PM,2015 October 11,19:15:00,2015,October,Sunday,HUDSON AVE,SELBY ST,162.0,Clear,Injury (Complaint of Pain),Vehicle/Pedestrian,Pedestrian,"In Road, Including Shoulder",Dry,No Unusual Condition,Dark - Street Lights,Midblock > 20ft,0.0,1,2.0,Driver,East,Proceeding Straight,Pedestrian,East,Not Stated,POINT (-122.39619 37.74454),85.0,2.0,9.0,1.0,19
2351,vw_geo_sfpd_cr_switrs_all_types_col_cty_union.fid-c18a0c2_186644fdb18_-4da5,7132,21849000.0,,140124615,37.7421405906643,-122.425813590081,SFPD-CROSSROADS,CITY STREET,02/11/2014 06:30:00 PM,2014 February 11,18:30:00,2014,February,Tuesday,30TH ST,CHENERY ST,0.0,Clear,Injury (Complaint of Pain),Vehicle/Pedestrian,Pedestrian,Crossing in Crosswalk at Intersection,Dry,No Unusual Condition,Dark - Street Lights,Intersection <= 20ft,0.0,1,1.0,Driver,East,Proceeding Straight,Pedestrian,South,Proceeding Straight,POINT (-122.42581 37.74214),59.0,9.0,5.0,10.0,18
2352,vw_geo_sfpd_cr_switrs_all_types_col_cty_union.fid-c18a0c2_186644fdb18_-4d2e,34571,30720000.0,3167000.0,140184396,37.7960866236978,-122.419251509559,SFPD-CROSSROADS,CITY STREET,03/03/2014 11:15:00 PM,2014 March 03,23:15:00,2014,March,Monday,BROADWAY,LARKIN ST,19.0,Raining,Injury (Complaint of Pain),Vehicle/Pedestrian,Pedestrian,Crossing in Crosswalk at Intersection,Wet,No Unusual Condition,Dark - Street Lights,Intersection <= 20ft,0.0,1,1.0,Pedestrian,South,Other,Driver,East,Proceeding Straight,POINT (-122.41925 37.796085),16.0,6.0,3.0,32.0,23
2353,vw_geo_sfpd_cr_switrs_all_types_col_cty_union.fid-c18a0c2_186644fdb18_-4625,1931,21575000.000000004,,150217614,37.7161689642948,-122.4503783548,SFPD-CROSSROADS,CITY STREET,03/11/2015 09:20:00 AM,2015 March 11,09:20:00,2015,March,Wednesday,SAN JOSE AVE,LAKEVIEW AVE,0.0,Clear,Injury (Other Visible),Vehicle/Pedestrian,Pedestrian,Crossing Not in Crosswalk,Dry,No Unusual Condition,Daylight,Intersection <= 20ft,0.0,1,1.0,Pedestrian,East,Proceeding Straight,Driver,South,Proceeding Straight,POINT (-122.45038 37.716167),81.0,10.0,1.0,24.0,09
2358,vw_geo_sfpd_cr_switrs_all_types_col_cty_union.fid-c18a0c2_186644fdb18_-4b15,29851,30709000.0,,140513886,37.785214383676,-122.4213600636,SFPD-CROSSROADS,CITY STREET,06/21/2014 01:58:00 AM,2014 June 21,01:58:00,2014,June,Saturday,VAN NESS AVE,MYRTLE ST,0.0,Clear,Injury (Other Visible),Vehicle/Pedestrian,Pedestrian,Crossing Not in Crosswalk,Dry,No Unusual Condition,Dark - Street Lights,Intersection <= 20ft,0.0,2,1.0,Pedestrian,East,Other,Driver,South,Proceeding Straight,POINT (-122.421364 37.785213),100.0,4.0,11.0,39.0,01
2362,vw_geo_sfpd_cr_switrs_all_types_col_cty_union.fid-c18a0c2_186644fdb18_-3c8a,6100,33656000.0,12996000.0,160428760,37.7504070294627,-122.395294715733,SFPD-CROSSROADS,CITY STREET,05/25/2016 06:57:00 PM,2016 May 25,18:57:00,2016,May,Wednesday,MISSOURI ST,CESAR CHAVEZ ST,220.0,Clear,Injury (Complaint of Pain),Vehicle/Pedestrian,Pedestrian,Crossing Not in Crosswalk,Dry,No Unusual Condition,Daylight,Midblock > 20ft,0.0,1,1.0,Driver,South,Backing,Pedestrian,East,Proceeding Straight,POINT (-122.395294 37.75041),54.0,2.0,9.0,1.0,18
2377,vw_geo_sfpd_cr_switrs_all_types_col_cty_union.fid-c18a0c2_186644fdb18_-47b3,1177,21502000.0,,141093766,37.711436150244,-122.446383349102,SFPD-CROSSROADS,CITY STREET,12/29/2014 11:30:00 AM,2014 December 29,11:30:00,2014,December,Monday,MISSION ST,LOWELL ST,0.0,Clear,Injury (Complaint of Pain),Broadside,Pedestrian,Crossing in Crosswalk at Intersection,Dry,No Unusual Condition,Daylight,Intersection <= 20ft,0.0,1,1.0,Driver,South,Making Left Turn,Pedestrian,East,Proceeding Straight,POINT (-122.44638 37.711437),58.0,9.0,1.0,7.0,11
2378,vw_geo_sfpd_cr_switrs_all_types_col_cty_union.fid-c18a0c2_186644fdb18_-379f,620,34019000.0,5601001.0,161035798,37.7227733494614,-122.394473487109,SFPD-CROSSROADS,CITY STREET,12/15/2016 05:33:00 PM,2016 December 15,17:33:00,2016,December,Thursday,FITZGERALD AVE,KEITH ST,200.0,Raining,Injury (Severe),Vehicle/Pedestrian,Pedestrian,Crossing Not in Crosswalk,Wet,No Unusual Condition,Dark - Street Lights,Midblock > 20ft,0.0,1,1.0,Pedestrian,East,Proceeding Straight,Driver,East,Proceeding Straight,POINT (-122.39447 37.722775),88.0,2.0,9.0,1.0,17
2379,vw_geo_sfpd_cr_switrs_all_types_col_cty_union.fid-c18a0c2_186644fdb18_-3812,38636,23367000.0,,160987186,37.7366350872484,-122.494053817788,SFPD-CROSSROADS,CITY STREET,12/05/2016 09:10:00 AM,2016 December 05,09:10:00,2016,December,Monday,WAWONA ST,SUNSET BLVD,0.0,Clear,Injury (Other Visible),Vehicle/Pedestrian,Pedestrian,Crossing in Crosswalk at Intersection,Dry,No Unusual Condition,Daylight,Intersection <= 20ft,0.0,1,1.0,Driver,North,Making Left Turn,Pedestrian,West,Other,POINT (-122.49406 37.736633),40.0,10.0,7.0,35.0,09
2387,vw_geo_sfpd_cr_switrs_all_types_col_cty_union.fid-c18a0c2_186644fdb18_-4439,24055,34016000.0,,150504336,37.7845601423335,-122.407337040418,SFPD-CROSSROADS,CITY STREET,06/09/2015 04:42:00 PM,2015 June 09,16:42:00,2015,June,Tuesday,MARKET ST,POWELL ST,0.0,Clear,Injury (Severe),Rear End,Pedestrian,Crossing Not in Crosswalk,Dry,No Unusual Condition,Daylight,Intersection <= 20ft,0.0,1,1.0,Pedestrian,North,Proceeding Straight,Bicyclist,East,Proceeding Straight,POINT (-122.40733 37.78456),32.0,5.0,10.0,34.0,16
2390,vw_geo_sfpd_cr_switrs_all_types_col_cty_union.fid-c18a0c2_186644fdb18_-4d5d,21935,26063000.0,8901000.0,140163005,37.7782571228269,-122.434704472438,SFPD-CROSSROADS,CITY STREET,02/24/2014 05:41:00 PM,2014 February 24,17:41:00,2014,February,Monday,MCALLISTER ST,PIERCE ST,102.0,Clear,Injury (Other Visible),Vehicle/Pedestrian,Pedestrian,Crossing Not in Crosswalk,Dry,No Unusual Condition,Dusk - Dawn,Midblock > 20ft,0.0,1,1.0,Pedestrian,North,Entering Traffic,Driver,West,Proceeding Straight,POINT (-122.43471 37.778255),23.0,4.0,11.0,39.0,17
2396,vw_geo_sfpd_cr_switrs_all_types_col_cty_union.fid-c18a0c2_186644fdb18_-49e9,6634,23952000.0,1422000.0,140749661,37.751727675289104,-122.406194993166,SFPD-CROSSROADS,CITY STREET,09/05/2014 08:55:00 PM,2014 September 05,20:55:00,2014,September,Friday,25TH ST,POTRERO AVE,7.0,Clear,Injury (Complaint of Pain),Broadside,Pedestrian,Crossing in Crosswalk at Intersection,Dry,No Unusual Condition,Dark - Street Lights,Intersection <= 20ft,0.0,1,1.0,Driver,East,Making Left Turn,Pedestrian,South,Proceeding Straight,POINT (-122.4062 37.751728),54.0,3.0,9.0,20.0,20
2399,vw_geo_sfpd_cr_switrs_all_types_col_cty_union.fid-c18a0c2_186644fdb18_-4846,30718,26607000.000000004,,140999399,37.7860854287371,-122.433271579639,SFPD-CROSSROADS,CITY STREET,11/25/2014 07:03:00 PM,2014 November 25,19:03:00,2014,November,Tuesday,FILLMORE ST,SUTTER ST,0.0,Clear,Injury (Complaint of Pain),Vehicle/Pedestrian,Pedestrian,Crossing in Crosswalk at Intersection,Dry,No Unusual Condition,Dark - Street Lights,Intersection <= 20ft,0.0,1,1.0,Driver,North,Proceeding Straight,Pedestrian,East,Other,POINT (-122.43327 37.786087),101.0,4.0,11.0,30.0,19
2402,vw_geo_sfpd_cr_switrs_all_types_col_cty_union.fid-c18a0c2_186644fdb18_-3e47,35024,26695000.000000004,3970000.0,160200079,37.8022768221842,-122.42476401653,SFPD-CROSSROADS,CITY STREET,03/08/2016 05:24:00 PM,2016 March 08,17:24:00,2016,March,Tuesday,CHESTNUT ST,VAN NESS AVE,10.0,Clear,Injury (Other Visible),Sideswipe,Pedestrian,Crossing in Crosswalk at Intersection,Dry,No Unusual Condition,Daylight,Intersection <= 20ft,0.0,1,1.0,Pedestrian,South,Not Stated,Driver,West,Making Right Turn,POINT (-122.42477 37.802277),17.0,4.0,6.0,13.0,17
2410,vw_geo_sfpd_cr_switrs_all_types_col_cty_union.fid-c18a0c2_186644fdb18_-40d1,12609,25727000.000000004,,150973311,37.7661300138391,-122.428819148205,SFPD-CROSSROADS,CITY STREET,11/07/2015 07:30:00 PM,2015 November 07,19:30:00,2015,November,Saturday,CHURCH ST,15TH ST,0.0,Clear,Injury (Other Visible),Vehicle/Pedestrian,Pedestrian,Crossing in Crosswalk at Intersection,Dry,No Unusual Condition,Dark - Street Lights,Intersection <= 20ft,0.0,2,1.0,Driver,West,Making Left Turn,Pedestrian,East,Proceeding Straight,POINT (-122.42882 37.76613),37.0,3.0,5.0,5.0,19
2412,vw_geo_sfpd_cr_switrs_all_types_col_cty_union.fid-c18a0c2_186644fdb18_-4498,9528,23771000.0,,150449867,37.7647810344498,-122.402563396592,SFPD-CROSSROADS,CITY STREET,05/23/2015 02:37:00 PM,2015 May 23,14:37:00,2015,May,Saturday,RHODE ISLAND ST,17TH ST,0.0,Clear,Injury (Complaint of Pain),Vehicle/Pedestrian,Pedestrian,Crossing in Crosswalk at Intersection,Dry,No Unusual Condition,Daylight,Intersection <= 20ft,0.0,1,1.0,Driver,North,Proceeding Straight,Pedestrian,West,Other,POINT (-122.402565 37.764782),54.0,1.0,9.0,4.0,14
2413,vw_geo_sfpd_cr_switrs_all_types_col_cty_union.fid-c18a0c2_186644fdb18_-3f4f,16574,24291000.0,,160058038,37.7787853727234,-122.410401492992,SFPD-CROSSROADS,CITY STREET,01/21/2016 07:25:00 AM,2016 January 21,07:25:00,2016,January,Thursday,MINNA ST,07TH ST,0.0,Clear,Injury (Complaint of Pain),Vehicle/Pedestrian,Pedestrian,"In Road, Including Shoulder",Dry,No Unusual Condition,Daylight,Intersection <= 20ft,0.0,1,1.0,Driver,West,Proceeding Straight,Pedestrian,East,Entering Traffic,POINT (-122.4104 37.778786),32.0,1.0,10.0,34.0,07
2414,vw_geo_sfpd_cr_switrs_all_types_col_cty_union.fid-c18a0c2_186644fdb18_-39f8,5623,20298000.0,2824101.0,160765512,37.712167,-122.402474,SFPD-CROSSROADS,CITY STREET,09/21/2016 04:03:00 AM,2016 September 21,04:03:00,2016,September,Wednesday,BAY SHORE BLVD,SAN BRUNO AVE,6.0,Clear,Injury (Complaint of Pain),Vehicle/Pedestrian,Pedestrian,Crossing in Crosswalk at Intersection,Dry,No Unusual Condition,Dark - Street Lights,Intersection <= 20ft,0.0,1,1.0,Driver,North,Stopped In Road,Pedestrian,West,Proceeding Straight,POINT (-122.40247 37.712166),89.0,9.0,9.0,1.0,04
2416,vw_geo_sfpd_cr_switrs_all_types_col_cty_union.fid-c18a0c2_186644fdb18_-37b4,5714,21207000.0,,160772959,37.7384523054245,-122.415840626747,SFPD-CROSSROADS,CITY STREET,09/23/2016 02:06:00 PM,2016 September 23,14:06:00,2016,September,Friday,MOULTRIE ST,JARBOE AVE,0.0,Clear,Injury (Other Visible),Vehicle/Pedestrian,Pedestrian,Crossing in Crosswalk at Intersection,Dry,No Unusual Condition,Daylight,Intersection <= 20ft,0.0,1,1.0,Pedestrian,West,Proceeding Straight,Driver,South,Proceeding Straight,POINT (-122.41584 37.738453),83.0,9.0,2.0,2.0,14
2420,vw_geo_sfpd_cr_switrs_all_types_col_cty_union.fid-c18a0c2_186644fdb18_-4cb7,3334,20659000.0,211101.0,130266255,37.7350374587522,-122.390543075945,SFPD-CROSSROADS,CITY STREET,04/01/2013 09:58:00 AM,2013 April 01,09:58:00,2013,April,Monday,03RD ST,OAKDALE AVE,96.0,Clear,Injury (Complaint of Pain),Vehicle/Pedestrian,Pedestrian,"In Road, Including Shoulder",Dry,No Unusual Condition,Daylight,Midblock > 20ft,0.0,1,1.0,Driver,South,Entering Traffic,Pedestrian,South,Other,POINT (-122.39054 37.73504),86.0,2.0,9.0,1.0,09
2421,vw_geo_sfpd_cr_switrs_all_types_col_cty_union.fid-c18a0c2_186644fdb18_-46b0,25930,24900000.000000004,,150149926,37.7852829172846,-122.409497525508,SFPD-CROSSROADS,CITY STREET,02/18/2015 11:43:00 AM,2015 February 18,11:43:00,2015,February,Wednesday,MASON ST,ELLIS ST,0.0,Clear,Injury (Other Visible),Vehicle/Pedestrian,Pedestrian,Crossing Not in Crosswalk,Dry,No Unusual Condition,Daylight,Intersection <= 20ft,0.0,1,1.0,Pedestrian,West,Backing,Driver,South,Making Left Turn,POINT (-122.4095 37.785282),20.0,5.0,10.0,36.0,11
2423,vw_geo_sfpd_cr_switrs_all_types_col_cty_union.fid-c18a0c2_186644fdb18_-444a,15346,23919000.0,,150496642,37.7772727026578,-122.404070256701,SFPD-CROSSROADS,CITY STREET,06/07/2015 03:25:00 AM,2015 June 07,03:25:00,2015,June,Sunday,06TH ST,HARRISON ST,0.0,Clear,Injury (Other Visible),Vehicle/Pedestrian,Pedestrian,Crossing in Crosswalk Not at Intersection,Dry,No Unusual Condition,Dark - Street Lights,Intersection <= 20ft,0.0,1,1.0,Pedestrian,West,Proceeding Straight,Driver,North,Proceeding Straight,POINT (-122.40407 37.77727),32.0,1.0,10.0,34.0,03
2429,vw_geo_sfpd_cr_switrs_all_types_col_cty_union.fid-c18a0c2_186644fdb18_-4506,23741,23945000.0,,150379747,37.7819250180593,-122.405466274585,SFPD-CROSSROADS,CITY STREET,05/01/2015 06:05:00 PM,2015 May 01,18:05:00,2015,May,Friday,NATOMA ST,05TH ST,0.0,Cloudy,Injury (Other Visible),Vehicle/Pedestrian,Pedestrian,Crossing in Crosswalk at Intersection,Dry,No Unusual Condition,Daylight,Intersection <= 20ft,0.0,1,,Driver,East,Proceeding Straight,Pedestrian,North,Proceeding Straight,POINT (-122.405464 37.781925),32.0,1.0,10.0,34.0,18
2431,vw_geo_sfpd_cr_switrs_all_types_col_cty_union.fid-c18a0c2_186644fdb18_-4bbf,14138,24209000.0,,140411428,37.7725264437977,-122.410076848136,SFPD-CROSSROADS,CITY STREET,05/16/2014 10:03:00 PM,2014 May 16,22:03:00,2014,May,Friday,09TH ST,HARRISON ST,0.0,Clear,Injury (Complaint of Pain),Vehicle/Pedestrian,Pedestrian,Crossing in Crosswalk at Intersection,Dry,No Unusual Condition,Dark - Street Lights,Intersection <= 20ft,0.0,1,1.0,Driver,North,Making Left Turn,Pedestrian,South,Other,POINT (-122.41008 37.772526),32.0,1.0,10.0,34.0,22
2433,vw_geo_sfpd_cr_switrs_all_types_col_cty_union.fid-c18a0c2_186644fdb18_-4552,11599,25813000.0,3790000.0,150337228,37.7615561238448,-122.435062018828,SFPD-CROSSROADS,CITY STREET,04/17/2015 11:10:00 PM,2015 April 17,23:10:00,2015,April,Friday,CASTRO ST,18TH ST,244.0,Clear,Injury (Severe),Vehicle/Pedestrian,Pedestrian,Crossing Not in Crosswalk,Dry,No Unusual Condition,Dark - Street Lights,Midblock > 20ft,0.0,1,1.0,Pedestrian,West,Other,Driver,South,Proceeding Straight,POINT (-122.43506 37.761555),38.0,3.0,5.0,5.0,23