,id,unique_id,cnn_intrsctn_fkey,cnn_sgmt_fkey,case_id_pkey,tb_latitude,tb_longitude,geocode_source,geocode_location,collision_datetime,collision_date,collision_time,accident_year,month,day_of_week,primary_rd,secondary_rd,distance,weather_1,collision_severity,type_of_collision,mviw,ped_action,road_surface,road_cond_1,lighting,intersection,number_killed,number_injured,party_at_fault,party1_type,party1_dir_of_travel,party1_move_pre_acc,party2_type,party2_dir_of_travel,party2_move_pre_acc,point,Neighborhoods,Current Police Districts,Current Supervisor Districts,Analysis Neighborhoods,hour
2437,vw_geo_sfpd_cr_switrs_all_types_col_cty_union.fid-c18a0c2_186644fdb18_-4835,11650,25814000.0,,141012948,37.7626707070612,-122.435187961923,SFPD-CROSSROADS,CITY STREET,11/30/2014 09:20:00 PM,2014 November 30,21:20:00,2014,November,Sunday,MARKET ST,CASTRO ST,0.0,Raining,Injury (Complaint of Pain),Vehicle/Pedestrian,Pedestrian,Crossing in Crosswalk at Intersection,Wet,No Unusual Condition,Dark - Street Lights,Intersection <= 20ft,0.0,1,1.0,Driver,North,Making Left Turn,Pedestrian,East,Proceeding Straight,POINT (-122.43519 37.762672),113.0,3.0,5.0,5.0,21
2439,vw_geo_sfpd_cr_switrs_all_types_col_cty_union.fid-c18a0c2_186644fdb18_-4355,5859,20825000.0,2799106.0,150638775,37.7443034150234,-122.404343879778,SFPD-CROSSROADS,CITY STREET,07/22/2015 10:00:00 PM,2015 July 22,22:00:00,2015,July,Wednesday,BAY SHORE BLVD,COSTA ST,16.0,Clear,Injury (Other Visible),Vehicle/Pedestrian,Pedestrian,Not in Road,Dry,No Unusual Condition,Dark - Street Lights,Intersection <= 20ft,0.0,1,1.0,Bicyclist,South,Proceeding Straight,Pedestrian,West,Proceeding Straight,POINT (-122.40434 37.744305),85.0,2.0,9.0,1.0,22
2440,vw_geo_sfpd_cr_switrs_all_types_col_cty_union.fid-c18a0c2_186644fdb18_-3d32,32402,26647000.0,,160338040,37.790044202888,-122.432384541805,SFPD-CROSSROADS,CITY STREET,04/25/2016 07:40:00 AM,2016 April 25,07:40:00,2016,April,Monday,SACRAMENTO ST,WEBSTER ST,0.0,Clear,Injury (Other Visible),Vehicle/Pedestrian,Pedestrian,Crossing in Crosswalk at Intersection,Dry,No Unusual Condition,Daylight,Intersection <= 20ft,0.0,1,1.0,Driver,East,Proceeding Straight,Pedestrian,North,Entering Traffic,POINT (-122.43239 37.790043),102.0,4.0,6.0,30.0,07
2443,vw_geo_sfpd_cr_switrs_all_types_col_cty_union.fid-c18a0c2_186644fdb18_-48a7,28889,25148000.0,,140930092,37.7833108898927,-122.417528773168,SFPD-CROSSROADS,CITY STREET,11/03/2014 12:47:00 AM,2014 November 03,00:47:00,2014,November,Monday,LARKIN ST,EDDY ST,0.0,Clear,Fatal,Vehicle/Pedestrian,Pedestrian,Crossing in Crosswalk at Intersection,Dry,No Unusual Condition,Dark - Street Lights,Intersection <= 20ft,1.0,0,1.0,Driver,North,Proceeding Straight,Pedestrian,East,Not Stated,POINT (-122.41753 37.78331),20.0,5.0,10.0,36.0,00
2449,vw_geo_sfpd_cr_switrs_all_types_col_cty_union.fid-c18a0c2_186644fdb18_-3dcb,28484,24758000.0,,160254123,37.7955318323368,-122.403316944775,SFPD-CROSSROADS,CITY STREET,03/27/2016 06:23:00 PM,2016 March 27,18:23:00,2016,March,Sunday,MONTGOMERY ST,WASHINGTON ST,0.0,Cloudy,Injury (Other Visible),Vehicle/Pedestrian,Pedestrian,Crossing in Crosswalk at Intersection,Dry,No Unusual Condition,Daylight,Intersection <= 20ft,0.0,1,1.0,Driver,South,Proceeding Straight,Pedestrian,East,Proceeding Straight,POINT (-122.40332 37.795532),104.0,6.0,3.0,6.0,18
2454,vw_geo_sfpd_cr_switrs_all_types_col_cty_union.fid-c18a0c2_186644fdb18_-4561,9088,23564000.0,,150332529,37.7604910087124,-122.388556398456,SFPD-CROSSROADS,CITY STREET,04/16/2015 04:33:00 PM,2015 April 16,16:33:00,2015,April,Thursday,03RD ST,20TH ST,0.0,Clear,Injury (Other Visible),Vehicle/Pedestrian,Pedestrian,Crossing in Crosswalk at Intersection,Dry,No Unusual Condition,Daylight,Intersection <= 20ft,0.0,1,1.0,Pedestrian,East,Entering Traffic,Driver,South,Proceeding Straight,POINT (-122.38856 37.76049),55.0,2.0,9.0,26.0,16
2455,vw_geo_sfpd_cr_switrs_all_types_col_cty_union.fid-c18a0c2_186644fdb18_-3e3a,42741,27813000.0,,160208534,37.7723254739059,-122.489539479855,SFPD-CROSSROADS,CITY STREET,03/11/2016 07:49:00 PM,2016 March 11,19:49:00,2016,March,Friday,FULTON ST,30TH AVE,0.0,Raining,Injury (Complaint of Pain),Vehicle/Pedestrian,Pedestrian,Crossing in Crosswalk at Intersection,Wet,No Unusual Condition,Dark - Street Lights,Intersection <= 20ft,0.0,1,1.0,Driver,East,Making Left Turn,Pedestrian,North,Proceeding Straight,POINT (-122.48954 37.772324),9.0,8.0,4.0,12.0,19
2456,vw_geo_sfpd_cr_switrs_all_types_col_cty_union.fid-c18a0c2_186644fdb18_-4a56,14844,23589000.000000004,,140651969,37.7798612860464,-122.389590696217,SFPD-CROSSROADS,CITY STREET,08/05/2014 08:36:00 PM,2014 August 05,20:36:00,2014,August,Tuesday,02ND ST,KING ST,0.0,Clear,Injury (Complaint of Pain),Vehicle/Pedestrian,Pedestrian,Crossing Not in Crosswalk,Dry,No Unusual Condition,Dark - Street Lights,Intersection <= 20ft,0.0,1,1.0,Pedestrian,North,Proceeding Straight,Driver,East,Proceeding Straight,POINT (-122.38959 37.77986),31.0,1.0,10.0,4.0,20
2458,vw_geo_sfpd_cr_switrs_all_types_col_cty_union.fid-c18a0c2_186644fdb18_-378c,22664,26077000.0,,161054942,37.7796596303491,-122.438740183526,SFPD-CROSSROADS,CITY STREET,12/28/2016 11:01:00 PM,2016 December 28,23:01:00,2016,December,Wednesday,DIVISADERO ST,TURK ST,0.0,Clear,Injury (Complaint of Pain),Vehicle/Pedestrian,Pedestrian,"In Road, Including Shoulder",Dry,No Unusual Condition,Dark - Street Lights,Intersection <= 20ft,0.0,1,1.0,Pedestrian,North,Making Left Turn,Driver,West,Proceeding Straight,POINT (-122.43874 37.77966),97.0,4.0,11.0,39.0,23
2485,vw_geo_sfpd_cr_switrs_all_types_col_cty_union.fid-c18a0c2_186644fdb18_-38c8,33078,34026000.0,14019001.0,160894224,37.8183347072774,-122.370039075026,SFPD-CROSSROADS,CITY STREET,11/02/2016 10:32:00 PM,2016 November 02,22:32:00,2016,November,Wednesday,CALIFORNIA AVE,AVENUE C,114.0,Clear,Injury (Complaint of Pain),Vehicle/Pedestrian,Pedestrian,Crossing Not in Crosswalk,Dry,No Unusual Condition,Dark - Street Lights,Midblock > 20ft,0.0,1,,Driver,West,Proceeding Straight,Pedestrian,North,Entering Traffic,POINT (-122.37004 37.818336),36.0,1.0,10.0,37.0,22
2491,vw_geo_sfpd_cr_switrs_all_types_col_cty_union.fid-c18a0c2_186644fdb18_-45fe,21554,24440000.0,,150237775,37.7814474947063,-122.417145612055,SFPD-CROSSROADS,CITY STREET,03/17/2015 01:00:00 PM,2015 March 17,13:00:00,2015,March,Tuesday,LARKIN ST,GOLDEN GATE AVE,0.0,Clear,Injury (Other Visible),Broadside,Pedestrian,Crossing in Crosswalk at Intersection,Dry,No Unusual Condition,Daylight,Intersection <= 20ft,0.0,1,,Driver,North,Proceeding Straight,Pedestrian,West,Proceeding Straight,POINT (-122.417145 37.78145),20.0,5.0,10.0,36.0,13
2498,vw_geo_sfpd_cr_switrs_all_types_col_cty_union.fid-c18a0c2_186644fdb18_-3934,17050,24325000.0,7563000.0,160845255,37.7814698647365,-122.412094120252,SFPD-CROSSROADS,CITY STREET,10/17/2016 08:10:00 AM,2016 October 17,08:10:00,2016,October,Monday,JONES ST,MCALLISTER ST,123.0,Clear,Injury (Complaint of Pain),Vehicle/Pedestrian,Pedestrian,Crossing Not in Crosswalk,Dry,No Unusual Condition,Daylight,Midblock > 20ft,0.0,1,1.0,Pedestrian,East,Proceeding Straight,Driver,North,Backing,POINT (-122.412094 37.78147),20.0,5.0,10.0,36.0,08
2499,vw_geo_sfpd_cr_switrs_all_types_col_cty_union.fid-c18a0c2_186644fdb18_-4145,5235,20219000.0,7496000.0,140086300,37.7387325390759,-122.389293507815,SFPD-CROSSROADS,CITY STREET,01/29/2014 04:04:00 PM,2014 January 29,16:04:00,2014,January,Wednesday,JERROLD AVE,03RD ST,6.0,Clear,Injury (Other Visible),Vehicle/Pedestrian,Pedestrian,Crossing in Crosswalk at Intersection,Dry,No Unusual Condition,Daylight,Intersection <= 20ft,0.0,1,1.0,Pedestrian,North,Other,Driver,West,Making Right Turn,POINT (-122.38929 37.73873),86.0,2.0,9.0,1.0,16
2501,vw_geo_sfpd_cr_switrs_all_types_col_cty_union.fid-c18a0c2_186644fdb18_-3808,6578,52253000.0,2479101.0,160990082,37.749323480667,-122.403692623307,SFPD-CROSSROADS,CITY STREET,12/06/2016 09:24:00 AM,2016 December 06,09:24:00,2016,December,Tuesday,CESAR CHAVEZ ST,VERMONT ST,195.0,Clear,Injury (Complaint of Pain),Vehicle/Pedestrian,Pedestrian,Crossing Not in Crosswalk,Dry,No Unusual Condition,Daylight,Midblock > 20ft,0.0,1,1.0,Pedestrian,South,Proceeding Straight,Driver,West,Proceeding Straight,POINT (-122.403694 37.749325),54.0,2.0,9.0,2.0,09
2503,vw_geo_sfpd_cr_switrs_all_types_col_cty_union.fid-c18a0c2_186644fdb18_-3cd4,36230,21582000.0,11869000.0,160384037,37.7102274360768,-122.454571912988,SFPD-CROSSROADS,CITY STREET,05/10/2016 09:10:00 PM,2016 May 10,21:10:00,2016,May,Tuesday,SICKLES AVE,CAYUGA AVE,10.0,Clear,Injury (Severe),Vehicle/Pedestrian,Pedestrian,Crossing in Crosswalk at Intersection,Dry,No Unusual Condition,Dark - Street Lights,Intersection <= 20ft,0.0,1,1.0,Driver,West,Proceeding Straight,Pedestrian,South,Proceeding Straight,POINT (-122.454575 37.710228),66.0,9.0,1.0,28.0,21
2508,vw_geo_sfpd_cr_switrs_all_types_col_cty_union.fid-c18a0c2_186644fdb18_-4f5a,35339,26967000.0,,131050378,37.7981119517975,-122.442467912579,SFPD-CROSSROADS,CITY STREET,12/14/2013 10:18:00 AM,2013 December 14,10:18:00,2013,December,Saturday,DIVISADERO ST,GREENWICH ST,0.0,Clear,Injury (Other Visible),Vehicle/Pedestrian,Pedestrian,Crossing in Crosswalk at Intersection,Dry,No Unusual Condition,Daylight,Intersection <= 20ft,0.0,1,1.0,Driver,South,Proceeding Straight,Pedestrian,West,Proceeding Straight,POINT (-122.44247 37.79811),14.0,4.0,6.0,13.0,10
2510,vw_geo_sfpd_cr_switrs_all_types_col_cty_union.fid-c18a0c2_186644fdb18_-403b,17342,24372000.0,,151063486,37.7682736533506,-122.41998151166,SFPD-CROSSROADS,CITY STREET,12/08/2015 10:13:00 PM,2015 December 08,22:13:00,2015,December,Tuesday,MISSION ST,14TH ST,0.0,Clear,Injury (Other Visible),Head-On,Pedestrian,"In Road, Including Shoulder",Dry,No Unusual Condition,Dark - Street Lights,Intersection <= 20ft,0.0,1,1.0,Pedestrian,North,Proceeding Straight,Driver,South,Proceeding Straight,POINT (-122.41998 37.768272),53.0,3.0,2.0,20.0,22
2516,vw_geo_sfpd_cr_switrs_all_types_col_cty_union.fid-c18a0c2_186644fdb18_-4cd8,1751,22047000.0,2243000.0,140238971,37.7172201632406,-122.440351279748,SFPD-CROSSROADS,CITY STREET,03/21/2014 12:04:00 PM,2014 March 21,12:04:00,2014,March,Friday,AMAZON AVE,MISSION ST,21.0,Clear,Injury (Other Visible),Vehicle/Pedestrian,Pedestrian,Crossing Not in Crosswalk,Dry,No Unusual Condition,Daylight,Midblock > 20ft,0.0,1,1.0,Driver,East,Making Left Turn,Pedestrian,North,Proceeding Straight,POINT (-122.44035 37.71722),90.0,9.0,1.0,7.0,12
2526,vw_geo_sfpd_cr_switrs_all_types_col_cty_union.fid-c18a0c2_186644fdb18_-4df4,1456,21561000.0,2175101.0,140081582,37.713862393693,-122.448961912003,SFPD-CROSSROADS,CITY STREET,01/28/2014 07:20:00 AM,2014 January 28,07:20:00,2014,January,Tuesday,ALEMANY BLVD,NAGLEE AVE,12.0,Clear,Injury (Complaint of Pain),Vehicle/Pedestrian,Pedestrian,Crossing in Crosswalk at Intersection,Dry,No Unusual Condition,Dusk - Dawn,Intersection <= 20ft,0.0,1,,Driver,South,Proceeding Straight,Pedestrian,West,Proceeding Straight,POINT (-122.44896 37.713863),66.0,9.0,1.0,28.0,07
2527,vw_geo_sfpd_cr_switrs_all_types_col_cty_union.fid-c18a0c2_186644fdb18_-3f6c,31112,26623000.0,,160044231,37.784318673607,-122.439684678504,SFPD-CROSSROADS,CITY STREET,01/16/2016 01:00:00 PM,2016 January 16,13:00:00,2016,January,Saturday,POST ST,DIVISADERO ST,0.0,Clear,Fatal,Vehicle/Pedestrian,Pedestrian,Crossing in Crosswalk at Intersection,Dry,No Unusual Condition,Daylight,Intersection <= 20ft,1.0,0,1.0,Driver,East,Making Right Turn,Pedestrian,South,Not Stated,POINT (-122.43968 37.784317),103.0,4.0,11.0,15.0,13
2531,vw_geo_sfpd_cr_switrs_all_types_col_cty_union.fid-c18a0c2_186644fdb18_-442e,31845,25206000.0,10476000.0,150510305,37.7898231572792,-122.418896057384,SFPD-CROSSROADS,CITY STREET,06/11/2015 03:15:00 PM,2015 June 11,15:15:00,2015,June,Thursday,PINE ST,LARKIN ST,16.0,Clear,Injury (Complaint of Pain),Vehicle/Pedestrian,Pedestrian,Crossing in Crosswalk at Intersection,Dry,No Unusual Condition,Daylight,Intersection <= 20ft,0.0,1,1.0,Driver,West,Making Left Turn,Pedestrian,North,Proceeding Straight,POINT (-122.4189 37.78982),50.0,6.0,3.0,21.0,15
2551,vw_geo_sfpd_cr_switrs_all_types_col_cty_union.fid-c18a0c2_186644fdb18_-464b,30515,26498000.0,,150202364,37.7882797332172,-122.423594072202,SFPD-CROSSROADS,CITY STREET,03/06/2015 09:26:00 AM,2015 March 06,09:26:00,2015,March,Friday,FRANKLIN ST,BUSH ST,0.0,Clear,Injury (Severe),Vehicle/Pedestrian,Pedestrian,Crossing in Crosswalk at Intersection,Dry,No Unusual Condition,Daylight,Intersection <= 20ft,0.0,1,1.0,Driver,North,Making Left Turn,Pedestrian,East,Other,POINT (-122.42359 37.78828),100.0,4.0,6.0,39.0,09
2554,vw_geo_sfpd_cr_switrs_all_types_col_cty_union.fid-c18a0c2_186644fdb18_-44f9,16612,24315000.0,,150388657,37.7792116855019,-122.410936573592,SFPD-CROSSROADS,CITY STREET,05/04/2015 08:30:00 PM,2015 May 04,20:30:00,2015,May,Monday,MISSION ST,07TH ST,0.0,Clear,Injury (Complaint of Pain),Sideswipe,Pedestrian,Crossing in Crosswalk at Intersection,Dry,No Unusual Condition,Dark - Street Lights,Intersection <= 20ft,0.0,1,1.0,Driver,North,Proceeding Straight,Pedestrian,West,Proceeding Straight,POINT (-122.410934 37.779213),32.0,1.0,10.0,34.0,20
2555,vw_geo_sfpd_cr_switrs_all_types_col_cty_union.fid-c18a0c2_186644fdb18_-4954,20026,26347000.0,5455000.0,140835812,37.7730113994454,-122.445777894227,SFPD-CROSSROADS,CITY STREET,10/04/2014 05:23:00 AM,2014 October 04,05:23:00,2014,October,Saturday,FELL ST,MASONIC AVE,36.0,Clear,Injury (Severe),Head-On,Pedestrian,Crossing Not in Crosswalk,Dry,No Unusual Condition,Dark - Street Lights,Midblock > 20ft,0.0,1,1.0,Pedestrian,South,Entering Traffic,Driver,West,Proceeding Straight,POINT (-122.44578 37.77301),24.0,7.0,11.0,12.0,05
2557,vw_geo_sfpd_cr_switrs_all_types_col_cty_union.fid-c18a0c2_186644fdb18_-4075,26543,25164000.0,12327000.0,151016855,37.7883828803642,-122.415224746677,SFPD-CROSSROADS,CITY STREET,11/22/2015 12:29:00 PM,2015 November 22,12:29:00,2015,November,Sunday,SUTTER ST,LEAVENWORTH ST,11.0,Clear,Injury (Other Visible),Vehicle/Pedestrian,Pedestrian,Crossing in Crosswalk at Intersection,Dry,No Unusual Condition,Daylight,Intersection <= 20ft,0.0,1,1.0,Driver,West,Making Left Turn,Pedestrian,North,Proceeding Straight,POINT (-122.41522 37.788383),50.0,6.0,3.0,21.0,12
2566,vw_geo_sfpd_cr_switrs_all_types_col_cty_union.fid-c18a0c2_186644fdb18_-4128,12153,24142000.0,,150926473,37.7651831347103,-122.417486596367,SFPD-CROSSROADS,CITY STREET,10/23/2015 12:16:00 PM,2015 October 23,12:16:00,2015,October,Friday,16TH ST,VAN NESS AVE,0.0,Clear,Injury (Complaint of Pain),Vehicle/Pedestrian,Pedestrian,Crossing in Crosswalk at Intersection,Dry,No Unusual Condition,Daylight,Intersection <= 20ft,0.0,1,1.0,Driver,North,Making Right Turn,Pedestrian,East,Proceeding Straight,POINT (-122.41749 37.765182),53.0,3.0,2.0,20.0,12
2572,vw_geo_sfpd_cr_switrs_all_types_col_cty_union.fid-c18a0c2_186644fdb18_-4be3,21078,25932000.0,,140218105,37.776464305897,-122.426263345102,SFPD-CROSSROADS,CITY STREET,03/14/2014 03:20:00 PM,2014 March 14,15:20:00,2014,March,Friday,HAYES ST,LAGUNA ST,0.0,Clear,Injury (Complaint of Pain),Vehicle/Pedestrian,Pedestrian,Crossing in Crosswalk at Intersection,Dry,No Unusual Condition,Daylight,Intersection <= 20ft,0.0,1,1.0,Driver,West,Proceeding Straight,Pedestrian,North,Proceeding Straight,POINT (-122.42626 37.776463),22.0,4.0,11.0,9.0,15
2575,vw_geo_sfpd_cr_switrs_all_types_col_cty_union.fid-c18a0c2_186644fdb18_-3f1a,10086,24055000.0,,160093012,37.7654476084469,-122.413105242334,SFPD-CROSSROADS,CITY STREET,02/01/2016 11:08:00 AM,2016 February 01,11:08:00,2016,February,Monday,16TH ST,HARRISON ST,0.0,Clear,Injury (Complaint of Pain),Vehicle/Pedestrian,Pedestrian,Crossing in Crosswalk at Intersection,Dry,No Unusual Condition,Daylight,Intersection <= 20ft,0.0,1,1.0,Driver,East,Making Left Turn,Pedestrian,North,Traveling Wrong Way,POINT (-122.41311 37.765446),53.0,3.0,2.0,20.0,11
2587,vw_geo_sfpd_cr_switrs_all_types_col_cty_union.fid-c18a0c2_186644fdb18_-4f6b,37770,33513000.0,,131044525,37.7282105644891,-122.478697969609,SFPD-CROSSROADS,CITY STREET,12/12/2013 09:30:00 AM,2013 December 12,09:30:00,2013,December,Thursday,BUCKINGHAM WAY,WINSTON DR,0.0,Clear,Injury (Complaint of Pain),Vehicle/Pedestrian,Pedestrian,Crossing in Crosswalk at Intersection,Dry,No Unusual Condition,Daylight,Intersection <= 20ft,0.0,1,1.0,Driver,South,Proceeding Straight,Pedestrian,West,Proceeding Straight,POINT (-122.4787 37.72821),41.0,10.0,8.0,16.0,09
2599,vw_geo_sfpd_cr_switrs_all_types_col_cty_union.fid-c18a0c2_186644fdb18_-4e94,9722,23781000.0,,140008473,37.7659004009909,-122.405585295072,SFPD-CROSSROADS,CITY STREET,01/03/2014 08:04:00 PM,2014 January 03,20:04:00,2014,January,Friday,16TH ST,SAN BRUNO AVE,0.0,Clear,Injury (Other Visible),Vehicle/Pedestrian,Pedestrian,Crossing in Crosswalk at Intersection,Dry,No Unusual Condition,Dark - Street Lights,Intersection <= 20ft,0.0,1,1.0,Driver,North,Making Left Turn,Pedestrian,West,Proceeding Straight,POINT (-122.40559 37.7659),54.0,3.0,9.0,20.0,20
2613,vw_geo_sfpd_cr_switrs_all_types_col_cty_union.fid-c18a0c2_186644fdb18_-39d4,8453,23953000.000000004,,160779604,37.7530040301625,-122.406336237242,SFPD-CROSSROADS,CITY STREET,09/25/2016 08:34:00 PM,2016 September 25,20:34:00,2016,September,Sunday,POTRERO AVE,24TH ST,0.0,Clear,Injury (Severe),Vehicle/Pedestrian,Pedestrian,Crossing in Crosswalk at Intersection,Dry,No Unusual Condition,Dark - Street Lights,Intersection <= 20ft,0.0,2,1.0,Pedestrian,West,Other,Driver,South,Proceeding Straight,POINT (-122.406334 37.753002),54.0,3.0,9.0,20.0,20
2615,vw_geo_sfpd_cr_switrs_all_types_col_cty_union.fid-c18a0c2_186644fdb18_-4cf6,39652,23436000.0,12816000.0,140224782,37.7402398430057,-122.496950338312,SFPD-CROSSROADS,CITY STREET,03/16/2014 09:43:00 PM,2014 March 16,21:43:00,2014,March,Sunday,ULLOA ST,39TH AVE,10.0,Clear,Injury (Severe),Vehicle/Pedestrian,Pedestrian,Crossing in Crosswalk at Intersection,Dry,No Unusual Condition,Dark - Street Lights,Intersection <= 20ft,0.0,1,1.0,Driver,East,Proceeding Straight,Pedestrian,North,Proceeding Straight,POINT (-122.49695 37.74024),39.0,10.0,7.0,35.0,21
2619,vw_geo_sfpd_cr_switrs_all_types_col_cty_union.fid-c18a0c2_186644fdb18_-3bf4,16461,23944000.0,296000.0,160500108,37.7814956329553,-122.404928492922,SFPD-CROSSROADS,CITY STREET,06/20/2016 12:34:00 PM,2016 June 20,12:34:00,2016,June,Monday,05TH AVE,HOWARD ST,2.0,Clear,Injury (Complaint of Pain),Vehicle/Pedestrian,Pedestrian,Crossing in Crosswalk at Intersection,Dry,No Unusual Condition,Daylight,Intersection <= 20ft,0.0,1,1.0,Bicyclist,North,Proceeding Straight,Pedestrian,East,Proceeding Straight,POINT (-122.40493 37.781494),32.0,1.0,10.0,34.0,12
2620,vw_geo_sfpd_cr_switrs_all_types_col_cty_union.fid-c18a0c2_186644fdb18_-44d9,30596,26505000.0,,150741378,37.7857844886736,-122.428148186638,SFPD-CROSSROADS,CITY STREET,08/24/2015 04:38:00 PM,2015 August 24,16:38:00,2015,August,Monday,POST ST,LAGUNA ST,0.0,Clear,Injury (Other Visible),Vehicle/Pedestrian,Pedestrian,Crossing in Crosswalk at Intersection,Dry,No Unusual Condition,Daylight,Intersection <= 20ft,0.0,1,,Driver,East,Proceeding Straight,Pedestrian,North,Not Stated,POINT (-122.42815 37.785786),101.0,4.0,11.0,15.0,16
2623,vw_geo_sfpd_cr_switrs_all_types_col_cty_union.fid-c18a0c2_186644fdb18_-3d76,17257,24440000.0,6263000.0,160302352,37.7815033093883,-122.416702794678,SFPD-CROSSROADS,CITY STREET,04/12/2016 08:26:00 PM,2016 April 12,20:26:00,2016,April,Tuesday,GOLDEN GATE AVE,LARKIN ST,130.0,Clear,Injury (Complaint of Pain),Vehicle/Pedestrian,Pedestrian,Crossing Not in Crosswalk,Dry,No Unusual Condition,Dark - Street Lights,Midblock > 20ft,0.0,1,1.0,Pedestrian,South,Other,Driver,West,Backing,POINT (-122.4167 37.7815),21.0,5.0,10.0,36.0,20
2628,vw_geo_sfpd_cr_switrs_all_types_col_cty_union.fid-c18a0c2_186644fdb18_-4dce,26070,25153000.0,,140105063,37.7855824742843,-122.414617207568,SFPD-CROSSROADS,CITY STREET,02/05/2014 07:33:00 AM,2014 February 05,07:33:00,2014,February,Wednesday,OFARRELL ST,LEAVENWORTH ST,0.0,Clear,Injury (Other Visible),Vehicle/Pedestrian,Pedestrian,Crossing in Crosswalk at Intersection,Dry,No Unusual Condition,Daylight,Intersection <= 20ft,0.0,1,1.0,Driver,East,Making Right Turn,Pedestrian,North,Proceeding Straight,POINT (-122.41462 37.785583),20.0,5.0,10.0,36.0,07
2638,vw_geo_sfpd_cr_switrs_all_types_col_cty_union.fid-c18a0c2_186644fdb18_-41db,6919,21838000.0,,150835090,37.7398692295584,-122.424147154143,SFPD-CROSSROADS,CITY STREET,09/23/2015 11:26:00 AM,2015 September 23,11:26:00,2015,September,Wednesday,SAN JOSE AVE,RANDALL ST,0.0,Clear,Injury (Other Visible),Vehicle/Pedestrian,Pedestrian,Crossing in Crosswalk at Intersection,Dry,No Unusual Condition,Daylight,Intersection <= 20ft,0.0,1,1.0,Driver,South,Making Left Turn,Pedestrian,West,Proceeding Straight,POINT (-122.42415 37.73987),59.0,9.0,5.0,10.0,11
2643,vw_geo_sfpd_cr_switrs_all_types_col_cty_union.fid-c18a0c2_186644fdb18_-4bb4,7126,21841000.0,4889101.0,140420009,37.7422410188723,-122.42423052404,SFPD-CROSSROADS,CITY STREET,05/19/2014 08:47:00 PM,2014 May 19,20:47:00,2014,May,Monday,DOLORES ST,30TH ST,2.0,Cloudy,Fatal,Vehicle/Pedestrian,Pedestrian,Crossing in Crosswalk at Intersection,Wet,No Unusual Condition,Dark - Street Lights,Intersection <= 20ft,1.0,0,1.0,Pedestrian,East,Proceeding Straight,Driver,South,Proceeding Straight,POINT (-122.42423 37.74224),84.0,9.0,5.0,22.0,20
2644,vw_geo_sfpd_cr_switrs_all_types_col_cty_union.fid-c18a0c2_186644fdb18_-4e0b,39523,23205000.0,10095000.0,140064958,37.7505096394784,-122.476223058326,SFPD-CROSSROADS,CITY STREET,01/22/2014 08:53:00 PM,2014 January 22,20:53:00,2014,January,Wednesday,PACHECO ST,19TH AVE,17.0,Clear,Injury (Other Visible),Vehicle/Pedestrian,Pedestrian,Crossing Not in Crosswalk,Dry,No Unusual Condition,Dark - Street Lights,Intersection <= 20ft,0.0,1,1.0,Driver,South,Making Right Turn,Pedestrian,South,Proceeding Straight,POINT (-122.47623 37.75051),39.0,10.0,7.0,35.0,20
2654,vw_geo_sfpd_cr_switrs_all_types_col_cty_union.fid-c18a0c2_186644fdb18_-3e26,40429,27143000.0,360000.0,160214569,37.7623000469918,-122.464044183799,SFPD-CROSSROADS,CITY STREET,03/14/2016 11:13:00 AM,2016 March 14,11:13:00,2016,March,Monday,07TH AVE,JUDAH ST,11.0,Clear,Injury (Severe),Vehicle/Pedestrian,Pedestrian,Crossing in Crosswalk at Intersection,Dry,No Unusual Condition,Daylight,Intersection <= 20ft,0.0,1,1.0,Driver,East,Making Left Turn,Pedestrian,West,Not Stated,POINT (-122.46404 37.7623),109.0,7.0,11.0,14.0,11
2656,vw_geo_sfpd_cr_switrs_all_types_col_cty_union.fid-c18a0c2_186644fdb18_-3b62,17064,30742000.0,8751101.0,160577022,37.7803387404341,-122.412620324263,SFPD-CROSSROADS,CITY STREET,07/16/2016 05:01:00 PM,2016 July 16,17:01:00,2016,July,Saturday,MARKET ST,07TH ST,58.0,Clear,Injury (Other Visible),Vehicle/Pedestrian,Pedestrian,Crossing in Crosswalk at Intersection,Dry,No Unusual Condition,Daylight,Midblock > 20ft,0.0,2,1.0,Pedestrian,North,Not Stated,Driver,West,Proceeding Straight,POINT (-122.41262 37.78034),32.0,5.0,10.0,34.0,17
2658,vw_geo_sfpd_cr_switrs_all_types_col_cty_union.fid-c18a0c2_186644fdb18_-394d,3171,20498000.0,215201.0,160832337,37.7324102947858,-122.391540142861,SFPD-CROSSROADS,CITY STREET,10/12/2016 04:33:00 PM,2016 October 12,16:33:00,2016,October,Wednesday,03RD ST,REVERE AVE,10.0,Clear,Injury (Other Visible),Vehicle/Pedestrian,Pedestrian,Crossing in Crosswalk at Intersection,Dry,No Unusual Condition,Daylight,Intersection <= 20ft,0.0,1,1.0,Driver,West,Making Left Turn,Pedestrian,East,Proceeding Straight,POINT (-122.39154 37.73241),87.0,2.0,9.0,1.0,16
2663,vw_geo_sfpd_cr_switrs_all_types_col_cty_union.fid-c18a0c2_186644fdb18_-47e2,39757,23407000.0,,141063292,37.7440918580297,-122.494573842624,SFPD-CROSSROADS,CITY STREET,12/18/2014 06:18:00 PM,2014 December 18,18:18:00,2014,December,Thursday,SANTIAGO ST,SUNSET BLVD,0.0,Clear,Injury (Complaint of Pain),Vehicle/Pedestrian,Pedestrian,Crossing in Crosswalk at Intersection,Dry,No Unusual Condition,Dark - Street Lights,Intersection <= 20ft,0.0,1,1.0,Driver,South,Making Left Turn,Pedestrian,East,Not Stated,POINT (-122.494576 37.74409),39.0,10.0,7.0,35.0,18