,id,unique_id,cnn_intrsctn_fkey,cnn_sgmt_fkey,case_id_pkey,tb_latitude,tb_longitude,geocode_source,geocode_location,collision_datetime,collision_date,collision_time,accident_year,month,day_of_week,primary_rd,secondary_rd,distance,weather_1,collision_severity,type_of_collision,mviw,ped_action,road_surface,road_cond_1,lighting,intersection,number_killed,number_injured,party_at_fault,party1_type,party1_dir_of_travel,party1_move_pre_acc,party2_type,party2_dir_of_travel,party2_move_pre_acc,point,Neighborhoods,Current Police Districts,Current Supervisor Districts,Analysis Neighborhoods,hour
2666,vw_geo_sfpd_cr_switrs_all_types_col_cty_union.fid-c18a0c2_186644fdb18_-4dd9,3293,20193000.0,7076000.0,140095248,37.7367287014282,-122.383670779541,SFPD-CROSSROADS,CITY STREET,02/01/2014 06:42:00 PM,2014 February 01,18:42:00,2014,February,Saturday,HUDSON AVE,REUEL CT,46.0,Clear,Injury (Severe),Vehicle/Pedestrian,Pedestrian,Crossing Not in Crosswalk,Dry,No Unusual Condition,Dark - Street Lights,Midblock > 20ft,0.0,1,1.0,Driver,North,Proceeding Straight,Pedestrian,East,Not Stated,POINT (-122.38367 37.73673),86.0,2.0,9.0,1.0,18
2667,vw_geo_sfpd_cr_switrs_all_types_col_cty_union.fid-c18a0c2_186644fdb18_-48b5,15818,24416000.000000004,,140918769,37.7767177039704,-122.415320569571,SFPD-CROSSROADS,CITY STREET,10/30/2014 06:45:00 AM,2014 October 30,06:45:00,2014,October,Thursday,JESSIE ST,09TH ST,0.0,Clear,Injury (Complaint of Pain),Vehicle/Pedestrian,Pedestrian,Crossing in Crosswalk at Intersection,Dry,No Unusual Condition,Dark - Street Lights,Intersection <= 20ft,0.0,1,1.0,Driver,East,Making Left Turn,Pedestrian,South,Proceeding Straight,POINT (-122.41532 37.77672),32.0,5.0,10.0,34.0,06
2668,vw_geo_sfpd_cr_switrs_all_types_col_cty_union.fid-c18a0c2_186644fdb18_-3eb1,17689,33027000.000000004,,160143338,37.7701114486375,-122.420008320982,SFPD-CROSSROADS,CITY STREET,02/17/2016 08:15:00 PM,2016 February 17,20:15:00,2016,February,Wednesday,13TH ST,MISSION ST,0.0,Raining,Injury (Complaint of Pain),Vehicle/Pedestrian,Pedestrian,Crossing Not in Crosswalk,Wet,No Unusual Condition,Dark - Street Lights,Intersection <= 20ft,0.0,1,1.0,Pedestrian,East,Proceeding Straight,Driver,East,Making Right Turn,POINT (-122.420006 37.77011),53.0,3.0,2.0,20.0,20
2671,vw_geo_sfpd_cr_switrs_all_types_col_cty_union.fid-c18a0c2_186644fdb18_-49b7,39744,23444000.000000004,12417000.0,140779787,37.7420174060873,-122.499035702021,SFPD-CROSSROADS,CITY STREET,09/16/2014 07:30:00 AM,2014 September 16,07:30:00,2014,September,Tuesday,TARAVAL ST,41ST AVE,66.0,Clear,Injury (Complaint of Pain),Vehicle/Pedestrian,Pedestrian,"In Road, Including Shoulder",Dry,No Unusual Condition,Daylight,Midblock > 20ft,0.0,1,,Driver,East,Slowing/Stopping,Pedestrian,North,Entering Traffic,POINT (-122.49904 37.742016),39.0,10.0,7.0,35.0,07
2680,vw_geo_sfpd_cr_switrs_all_types_col_cty_union.fid-c18a0c2_186644fdb18_-3b8a,15780,24313000.000000004,,160558107,37.7762305203006,-122.414711003362,SFPD-CROSSROADS,CITY STREET,07/10/2016 09:18:00 PM,2016 July 10,21:18:00,2016,July,Sunday,MISSION ST,09TH ST,0.0,Clear,Injury (Other Visible),Vehicle/Pedestrian,Pedestrian,Crossing in Crosswalk at Intersection,Dry,No Unusual Condition,Dark - Street Lights,Intersection <= 20ft,0.0,1,1.0,Pedestrian,West,Proceeding Straight,Driver,North,Proceeding Straight,POINT (-122.41471 37.77623),32.0,1.0,10.0,34.0,21
2688,vw_geo_sfpd_cr_switrs_all_types_col_cty_union.fid-c18a0c2_186644fdb18_-476b,37284,23016000.0,7708102.0,150045647,37.7216339728491,-122.472316316466,SFPD-CROSSROADS,CITY STREET,01/15/2015 04:46:00 PM,2015 January 15,16:46:00,2015,January,Thursday,JUNIPERO SERRA BLVD,HOLLOWAY AVE,4.0,Clear,Injury (Other Visible),Vehicle/Pedestrian,Pedestrian,Crossing in Crosswalk at Intersection,Dry,No Unusual Condition,Daylight,Intersection <= 20ft,0.0,1,1.0,Driver,North,Not Stated,Pedestrian,East,Proceeding Straight,POINT (-122.47231 37.721634),67.0,10.0,8.0,41.0,16
2689,vw_geo_sfpd_cr_switrs_all_types_col_cty_union.fid-c18a0c2_186644fdb18_-3dbf,30438,25219000.0,,160259117,37.7875481397435,-122.421758104408,SFPD-CROSSROADS,CITY STREET,03/29/2016 12:45:00 PM,2016 March 29,12:45:00,2016,March,Tuesday,VAN NESS AVE,SUTTER ST,0.0,Clear,Injury (Severe),Vehicle/Pedestrian,Pedestrian,Crossing in Crosswalk at Intersection,Dry,No Unusual Condition,Daylight,Intersection <= 20ft,0.0,1,1.0,Driver,North,Making Right Turn,Pedestrian,West,Proceeding Straight,POINT (-122.42176 37.787548),100.0,4.0,6.0,39.0,12
2694,vw_geo_sfpd_cr_switrs_all_types_col_cty_union.fid-c18a0c2_186644fdb18_-39c9,1941,21594000.000000004,3518099.0,160783263,37.7165752351822,-122.451161917207,SFPD-CROSSROADS,CITY STREET,09/26/2016 11:00:00 PM,2016 September 26,23:00:00,2016,September,Monday,CAINE AVE,LAKEVIEW AVE,3.0,Clear,Injury (Other Visible),Vehicle/Pedestrian,Pedestrian,Crossing in Crosswalk at Intersection,Dry,No Unusual Condition,Dark - Street Lights,Intersection <= 20ft,0.0,1,1.0,Driver,West,Not Stated,Pedestrian,North,Not Stated,POINT (-122.451164 37.716576),81.0,10.0,1.0,24.0,23
2695,vw_geo_sfpd_cr_switrs_all_types_col_cty_union.fid-c18a0c2_186644fdb18_-436d,32735,26547000.0,13163101.0,150623237,37.7957236427153,-122.423421862009,SFPD-CROSSROADS,CITY STREET,07/17/2015 07:35:00 PM,2015 July 17,19:35:00,2015,July,Friday,VAN NESS AVE,BROADWAY,7.0,Clear,Injury (Complaint of Pain),Vehicle/Pedestrian,Pedestrian,Crossing in Crosswalk at Intersection,Dry,No Unusual Condition,Daylight,Intersection <= 20ft,0.0,1,1.0,Driver,South,Making Right Turn,Pedestrian,West,Proceeding Straight,POINT (-122.42342 37.795723),102.0,4.0,3.0,32.0,19
2696,vw_geo_sfpd_cr_switrs_all_types_col_cty_union.fid-c18a0c2_186644fdb18_-46ba,18005,25878000.0,8762102.0,150138935,37.7677749957378,-122.428499025776,SFPD-CROSSROADS,CITY STREET,02/14/2015 10:15:00 PM,2015 February 14,22:15:00,2015,February,Saturday,MARKET ST,14TH ST,54.0,Clear,Injury (Other Visible),Vehicle/Pedestrian,Pedestrian,Crossing Not in Crosswalk,Dry,No Unusual Condition,Dark - Street Lights,Midblock > 20ft,0.0,1,1.0,Pedestrian,South,Other,Driver,West,Proceeding Straight,POINT (-122.4285 37.767776),37.0,3.0,5.0,5.0,22
2710,vw_geo_sfpd_cr_switrs_all_types_col_cty_union.fid-c18a0c2_186644fdb18_-457d,15331,23919000.0,338000.0,150313808,37.777221957626,-122.404006642434,SFPD-CROSSROADS,CITY STREET,04/10/2015 04:04:00 PM,2015 April 10,16:04:00,2015,April,Friday,06TH ST,HARRISON ST,26.0,Clear,Injury (Severe),Vehicle/Pedestrian,Pedestrian,Crossing Not in Crosswalk,Dry,No Unusual Condition,Daylight,Midblock > 20ft,0.0,1,1.0,Pedestrian,South,Other,Driver,North,Proceeding Straight,POINT (-122.40401 37.77722),32.0,1.0,10.0,34.0,16
2722,vw_geo_sfpd_cr_switrs_all_types_col_cty_union.fid-c18a0c2_186644fdb18_-4d40,23862,24583000.0,,160967520,37.7837849337423,-122.398930331105,SFPD-CROSSROADS,CITY STREET,11/28/2016 11:54:00 AM,2016 November 28,11:54:00,2016,November,Monday,03RD ST,FOLSOM ST,0.0,Clear,Injury (Severe),Vehicle/Pedestrian,Pedestrian,Crossing in Crosswalk at Intersection,Dry,No Unusual Condition,Daylight,Intersection <= 20ft,0.0,1,1.0,Pedestrian,North,Proceeding Straight,Driver,East,Proceeding Straight,POINT (-122.39893 37.783787),32.0,1.0,10.0,8.0,11
2732,vw_geo_sfpd_cr_switrs_all_types_col_cty_union.fid-c18a0c2_186644fdb18_-4917,29431,25196000.0,5816000.0,140866691,37.7845590766638,-122.422840637611,SFPD-CROSSROADS,CITY STREET,10/13/2014 06:50:00 PM,2014 October 13,18:50:00,2014,October,Monday,FRANKLIN ST,STARR KING WAY,5.0,Clear,Injury (Complaint of Pain),Vehicle/Pedestrian,Pedestrian,Crossing in Crosswalk at Intersection,Dry,No Unusual Condition,Dark - Street Lights,Intersection <= 20ft,0.0,1,1.0,Driver,North,Making Left Turn,Pedestrian,West,Not Stated,POINT (-122.422844 37.784557),100.0,4.0,11.0,39.0,18
2747,vw_geo_sfpd_cr_switrs_all_types_col_cty_union.fid-c18a0c2_186644fdb18_-48c6,28512,24780000.000000004,13573000.0,140909003,37.7952067501244,-122.406046964306,SFPD-CROSSROADS,CITY STREET,10/27/2014 07:45:00 PM,2014 October 27,19:45:00,2014,October,Monday,WENTWORTH PL,WASHINGTON ST,3.0,Clear,Injury (Other Visible),Vehicle/Pedestrian,Pedestrian,Crossing in Crosswalk Not at Intersection,Dry,No Unusual Condition,Daylight,Intersection <= 20ft,0.0,1,1.0,Driver,North,Making Right Turn,Pedestrian,West,Proceeding Straight,POINT (-122.406044 37.795208),104.0,6.0,3.0,6.0,19
2751,vw_geo_sfpd_cr_switrs_all_types_col_cty_union.fid-c18a0c2_186644fdb18_-46fa,21245,24459000.0,,150100768,37.7782510170772,-122.419883230578,SFPD-CROSSROADS,CITY STREET,02/02/2015 01:16:00 PM,2015 February 02,13:16:00,2015,February,Monday,VAN NESS AVE,GROVE ST,0.0,Clear,Injury (Severe),Vehicle/Pedestrian,Pedestrian,Crossing Not in Crosswalk,Dry,No Unusual Condition,Daylight,Intersection <= 20ft,0.0,1,1.0,Pedestrian,East,Proceeding Straight,Driver,South,Proceeding Straight,POINT (-122.41988 37.77825),21.0,4.0,10.0,36.0,13
2752,vw_geo_sfpd_cr_switrs_all_types_col_cty_union.fid-c18a0c2_186644fdb18_-461f,16765,24434000.0,,150220689,37.7786578558534,-122.416580343569,SFPD-CROSSROADS,CITY STREET,03/12/2015 08:42:00 AM,2015 March 12,08:42:00,2015,March,Thursday,GROVE ST,LARKIN ST,0.0,Clear,Injury (Complaint of Pain),Vehicle/Pedestrian,Pedestrian,Crossing in Crosswalk at Intersection,Dry,No Unusual Condition,Daylight,Intersection <= 20ft,0.0,1,1.0,Driver,West,Making Left Turn,Pedestrian,South,Not Stated,POINT (-122.41658 37.778656),21.0,5.0,10.0,36.0,08
2756,vw_geo_sfpd_cr_switrs_all_types_col_cty_union.fid-c18a0c2_186644fdb18_-38ac,24028,54125000.0,9095202.0,160911141,37.7850056970569,-122.403648424027,SFPD-CROSSROADS,CITY STREET,11/03/2016 06:00:00 PM,2016 November 03,18:00:00,2016,November,Thursday,MISSION ST,04TH ST,262.0,Clear,Injury (Other Visible),Vehicle/Pedestrian,Pedestrian,Crossing in Crosswalk at Intersection,Dry,No Unusual Condition,Dark - Street Lights,Midblock > 20ft,0.0,1,1.0,Driver,East,Changing Lanes,Pedestrian,North,Other,POINT (-122.40365 37.785007),32.0,1.0,10.0,8.0,18
2758,vw_geo_sfpd_cr_switrs_all_types_col_cty_union.fid-c18a0c2_186644fdb18_-4d60,21937,26063000.0,,140162693,37.7782127719871,-122.435052389977,SFPD-CROSSROADS,CITY STREET,02/24/2014 04:17:00 PM,2014 February 24,16:17:00,2014,February,Monday,MCALLISTER ST,PIERCE ST,0.0,Clear,Injury (Complaint of Pain),Vehicle/Pedestrian,Pedestrian,Crossing in Crosswalk at Intersection,Dry,No Unusual Condition,Daylight,Intersection <= 20ft,0.0,1,1.0,Pedestrian,North,Proceeding Straight,Driver,West,Proceeding Straight,POINT (-122.43505 37.778214),23.0,4.0,11.0,39.0,16
2766,vw_geo_sfpd_cr_switrs_all_types_col_cty_union.fid-c18a0c2_186644fdb18_-419f,30282,25208000.0,,150870745,37.7877566518889,-122.420116074471,SFPD-CROSSROADS,CITY STREET,10/04/2015 11:34:00 PM,2015 October 04,23:34:00,2015,October,Sunday,POLK ST,SUTTER ST,0.0,Clear,Injury (Complaint of Pain),Vehicle/Pedestrian,Pedestrian,Crossing in Crosswalk at Intersection,Dry,No Unusual Condition,Dark - Street Lights,Intersection <= 20ft,0.0,1,1.0,Driver,South,Making Left Turn,Pedestrian,East,Proceeding Straight,POINT (-122.42011 37.787758),50.0,4.0,3.0,21.0,23
2776,vw_geo_sfpd_cr_switrs_all_types_col_cty_union.fid-c18a0c2_186644fdb18_-4d2a,21912,25967000.000000004,13533201.0,140186994,37.7788535795662,-122.430046017499,SFPD-CROSSROADS,CITY STREET,03/04/2014 07:11:00 PM,2014 March 04,19:11:00,2014,March,Tuesday,WEBSTER ST,MCALLISTER ST,1.0,Clear,Injury (Complaint of Pain),Vehicle/Pedestrian,Pedestrian,Crossing in Crosswalk at Intersection,Dry,No Unusual Condition,Dark - Street Lights,Intersection <= 20ft,0.0,1,1.0,Driver,South,Making Right Turn,Pedestrian,East,Proceeding Straight,POINT (-122.430046 37.778854),97.0,4.0,11.0,39.0,19
2780,vw_geo_sfpd_cr_switrs_all_types_col_cty_union.fid-c18a0c2_186644fdb18_-3989,1354,21444000.0,,160812000,37.7156725545858,-122.439438471844,SFPD-CROSSROADS,CITY STREET,10/06/2016 05:15:00 AM,2016 October 06,05:15:00,2016,October,Thursday,GENEVA AVE,PARIS ST,0.0,Clear,Injury (Complaint of Pain),Vehicle/Pedestrian,Pedestrian,Crossing in Crosswalk at Intersection,Dry,No Unusual Condition,Dark - Street Lights,Intersection <= 20ft,0.0,1,1.0,Driver,East,Making Left Turn,Pedestrian,North,Proceeding Straight,POINT (-122.43944 37.71567),58.0,9.0,1.0,7.0,05
2781,vw_geo_sfpd_cr_switrs_all_types_col_cty_union.fid-c18a0c2_186644fdb18_-4b06,16610,24315000.0,,140522053,37.7792116855019,-122.410936573592,SFPD-CROSSROADS,CITY STREET,06/23/2014 10:03:00 PM,2014 June 23,22:03:00,2014,June,Monday,MISSION ST,07TH ST,0.0,Clear,Injury (Other Visible),Vehicle/Pedestrian,Pedestrian,Crossing in Crosswalk at Intersection,Dry,No Unusual Condition,Dark - Street Lights,Intersection <= 20ft,0.0,1,1.0,Pedestrian,North,Entering Traffic,Driver,West,Proceeding Straight,POINT (-122.410934 37.779213),32.0,1.0,10.0,34.0,22
2791,vw_geo_sfpd_cr_switrs_all_types_col_cty_union.fid-c18a0c2_186644fdb18_-4a3c,3006,28173000.0,,140672410,37.730037195837,-122.404592617157,SFPD-CROSSROADS,CITY STREET,08/12/2014 11:39:00 AM,2014 August 12,11:39:00,2014,August,Tuesday,SAN BRUNO AVE,FELTON ST,0.0,Clear,Injury (Other Visible),Vehicle/Pedestrian,Pedestrian,Crossing in Crosswalk at Intersection,Dry,No Unusual Condition,Daylight,Intersection <= 20ft,0.0,1,1.0,Driver,North,Proceeding Straight,Pedestrian,West,Proceeding Straight,POINT (-122.404594 37.730038),91.0,2.0,2.0,25.0,11
2792,vw_geo_sfpd_cr_switrs_all_types_col_cty_union.fid-c18a0c2_186644fdb18_-3ae9,17556,24241000.0,550101.0,160639713,37.7698113038442,-122.417748374919,SFPD-CROSSROADS,CITY STREET,08/08/2016 06:09:00 PM,2016 August 08,18:09:00,2016,August,Monday,13TH ST,VAN NESS AVE,2.0,Clear,Injury (Other Visible),Vehicle/Pedestrian,Pedestrian,Crossing in Crosswalk at Intersection,Dry,No Unusual Condition,Daylight,Intersection <= 20ft,0.0,1,,Driver,West,Making Right Turn,Pedestrian,South,Proceeding Straight,POINT (-122.41775 37.76981),53.0,3.0,2.0,20.0,18
2793,vw_geo_sfpd_cr_switrs_all_types_col_cty_union.fid-c18a0c2_186644fdb18_-4d05,20997,25952000.0,13529000.0,140215719,37.7760573249814,-122.429557167348,SFPD-CROSSROADS,CITY STREET,03/13/2014 07:48:00 PM,2014 March 13,19:48:00,2014,March,Thursday,WEBSTER ST,HAYES ST,5.0,Clear,Injury (Complaint of Pain),Vehicle/Pedestrian,Pedestrian,Crossing in Crosswalk at Intersection,Dry,No Unusual Condition,Dark - Street Lights,Intersection <= 20ft,0.0,1,1.0,Driver,North,Proceeding Straight,Pedestrian,East,Proceeding Straight,POINT (-122.42956 37.77606),22.0,4.0,11.0,9.0,19
2815,vw_geo_sfpd_cr_switrs_all_types_col_cty_union.fid-c18a0c2_186644fdb18_-48c0,39572,27674000.000000004,,140911810,37.7518068692414,-122.489193568283,SFPD-CROSSROADS,CITY STREET,10/28/2014 07:07:00 AM,2014 October 28,07:07:00,2014,October,Tuesday,ORTEGA ST,31ST AVE,0.0,Clear,Injury (Complaint of Pain),Vehicle/Pedestrian,Pedestrian,Crossing Not in Crosswalk,Dry,No Unusual Condition,Dusk - Dawn,Intersection <= 20ft,0.0,1,1.0,Driver,South,Making Left Turn,Pedestrian,North,Proceeding Straight,POINT (-122.4892 37.75181),39.0,10.0,7.0,35.0,07
2816,vw_geo_sfpd_cr_switrs_all_types_col_cty_union.fid-c18a0c2_186644fdb18_-3c7d,26229,25166000.0,,160434977,37.7863102180456,-122.416449123063,SFPD-CROSSROADS,CITY STREET,05/27/2016 09:23:00 PM,2016 May 27,21:23:00,2016,May,Friday,GEARY ST,HYDE ST,0.0,Clear,Injury (Complaint of Pain),Vehicle/Pedestrian,Pedestrian,Crossing in Crosswalk at Intersection,Dry,No Unusual Condition,Dark - Street Lights,Intersection <= 20ft,0.0,1,1.0,Driver,West,Making Right Turn,Pedestrian,South,Proceeding Straight,POINT (-122.41645 37.786312),20.0,6.0,10.0,36.0,21
2819,vw_geo_sfpd_cr_switrs_all_types_col_cty_union.fid-c18a0c2_186644fdb18_-4b7c,26949,24546000.0,12552201.0,140453668,37.7931132953444,-122.391620462734,SFPD-CROSSROADS,CITY STREET,05/31/2014 10:23:00 AM,2014 May 31,10:23:00,2014,May,Saturday,THE EMBARCADERO,HOWARD ST,288.0,Clear,Injury (Other Visible),Vehicle/Pedestrian,Pedestrian,Crossing Not in Crosswalk,Dry,No Unusual Condition,Daylight,Midblock > 20ft,0.0,1,1.0,Pedestrian,West,Proceeding Straight,Driver,North,Backing,POINT (-122.39162 37.793114),108.0,1.0,10.0,8.0,10
2842,vw_geo_sfpd_cr_switrs_all_types_col_cty_union.fid-c18a0c2_186644fdb18_-4bcd,21240,24459000.0,,140104811,37.7782510170772,-122.419883230578,SFPD-CROSSROADS,CITY STREET,02/05/2014 02:23:00 AM,2014 February 05,02:23:00,2014,February,Wednesday,VAN NESS AVE,GROVE ST,0.0,Cloudy,Fatal,Vehicle/Pedestrian,Pedestrian,Crossing in Crosswalk at Intersection,Dry,No Unusual Condition,Dark - Street Lights,Intersection <= 20ft,1.0,0,1.0,Pedestrian,West,Proceeding Straight,Driver,South,Proceeding Straight,POINT (-122.41988 37.77825),21.0,4.0,10.0,36.0,02
2843,vw_geo_sfpd_cr_switrs_all_types_col_cty_union.fid-c18a0c2_186644fdb18_-37a4,27818,24957000.000000004,3438000.0,161033554,37.7897452159209,-122.412034639614,SFPD-CROSSROADS,CITY STREET,12/20/2016 10:00:00 PM,2016 December 20,22:00:00,2016,December,Tuesday,BUSH ST,TAYLOR ST,12.0,Clear,Injury (Complaint of Pain),Vehicle/Pedestrian,Pedestrian,Crossing in Crosswalk at Intersection,Dry,No Unusual Condition,Dark - Street Lights,Intersection <= 20ft,0.0,1,1.0,Driver,East,Making Right Turn,Pedestrian,North,Proceeding Straight,POINT (-122.41203 37.789745),50.0,6.0,3.0,21.0,22
2848,vw_geo_sfpd_cr_switrs_all_types_col_cty_union.fid-c18a0c2_186644fdb18_-461e,25095,24936000.0,,150159389,37.7848662451966,-122.412782128208,SFPD-CROSSROADS,CITY STREET,02/21/2015 05:40:00 AM,2015 February 21,05:40:00,2015,February,Saturday,JONES ST,ELLIS ST,0.0,Clear,Injury (Complaint of Pain),Vehicle/Pedestrian,Pedestrian,Crossing in Crosswalk at Intersection,Dry,No Unusual Condition,Dark - Street Lights,Intersection <= 20ft,0.0,1,1.0,Driver,South,Making Left Turn,Pedestrian,East,Not Stated,POINT (-122.41278 37.784866),20.0,5.0,10.0,36.0,05
2863,vw_geo_sfpd_cr_switrs_all_types_col_cty_union.fid-c18a0c2_186644fdb18_-48e0,14845,23589000.000000004,,140893070,37.7798612860464,-122.389590696217,SFPD-CROSSROADS,CITY STREET,10/22/2014 07:15:00 AM,2014 October 22,07:15:00,2014,October,Wednesday,KING ST,02ND ST,0.0,Clear,Injury (Complaint of Pain),Vehicle/Pedestrian,Pedestrian,Crossing in Crosswalk at Intersection,Dry,No Unusual Condition,Daylight,Intersection <= 20ft,0.0,1,,Driver,East,Proceeding Straight,Pedestrian,South,Proceeding Straight,POINT (-122.38959 37.77986),31.0,1.0,10.0,4.0,07
2865,vw_geo_sfpd_cr_switrs_all_types_col_cty_union.fid-c18a0c2_186644fdb18_-4086,6226,33751000.0,7505000.0,130716460,37.7477343806524,-122.403543804159,SFPD-CROSSROADS,CITY STREET,08/28/2013 07:00:00 AM,2013 August 28,07:00:00,2013,August,Wednesday,JERROLD AVE,BAY SHORE BLVD,11.0,Clear,Fatal,Vehicle/Pedestrian,Pedestrian,Crossing Not in Crosswalk,Dry,No Unusual Condition,Daylight,Intersection <= 20ft,1.0,0,1.0,Pedestrian,West,Proceeding Straight,Driver,West,Proceeding Straight,POINT (-122.40354 37.747734),85.0,2.0,9.0,1.0,07
2874,vw_geo_sfpd_cr_switrs_all_types_col_cty_union.fid-c18a0c2_186644fdb18_-3f60,23711,24627000.0,,160049792,37.7832592361041,-122.402708153812,SFPD-CROSSROADS,CITY STREET,01/18/2016 02:47:00 PM,2016 January 18,14:47:00,2016,January,Monday,04TH ST,HOWARD ST,0.0,Cloudy,Injury (Complaint of Pain),Broadside,Pedestrian,Crossing in Crosswalk at Intersection,Dry,No Unusual Condition,Daylight,Intersection <= 20ft,0.0,1,1.0,Pedestrian,West,Proceeding Straight,Driver,South,Making Left Turn,POINT (-122.40271 37.78326),32.0,1.0,10.0,34.0,14
2878,vw_geo_sfpd_cr_switrs_all_types_col_cty_union.fid-c18a0c2_186644fdb18_-3eec,38992,23171000.0,,160117634,37.7411382269394,-122.476630049621,SFPD-CROSSROADS,CITY STREET,02/09/2016 08:54:00 AM,2016 February 09,08:54:00,2016,February,Tuesday,ULLOA ST,20TH AVE,0.0,Clear,Injury (Severe),Vehicle/Pedestrian,Pedestrian,Crossing in Crosswalk at Intersection,Dry,No Unusual Condition,Daylight,Intersection <= 20ft,0.0,1,1.0,Driver,East,Making Left Turn,Pedestrian,North,Proceeding Straight,POINT (-122.47663 37.74114),40.0,10.0,7.0,35.0,08
2881,vw_geo_sfpd_cr_switrs_all_types_col_cty_union.fid-c18a0c2_186644fdb18_-3928,23887,24587000.0,168000.0,160853151,37.7846067125008,-122.399945317584,SFPD-CROSSROADS,CITY STREET,10/19/2016 06:23:00 PM,2016 October 19,18:23:00,2016,October,Wednesday,03RD ST,HOWARD ST,216.0,Clear,Injury (Severe),Vehicle/Pedestrian,Pedestrian,Crossing Not in Crosswalk,Dry,No Unusual Condition,Dusk - Dawn,Midblock > 20ft,0.0,1,1.0,Driver,West,Proceeding Straight,Pedestrian,North,Proceeding Straight,POINT (-122.39995 37.784607),32.0,1.0,10.0,34.0,18
2883,vw_geo_sfpd_cr_switrs_all_types_col_cty_union.fid-c18a0c2_186644fdb18_-3b2e,35919,54180000.0,15101000.0,160597224,37.8064970900274,-122.425651876048,SFPD-CROSSROADS,CITY STREET,07/24/2016 08:40:00 PM,2016 July 24,20:40:00,2016,July,Sunday,VAN NESS AVE,NORTH POINT ST,528.0,Clear,Injury (Complaint of Pain),Vehicle/Pedestrian,Pedestrian,Not in Road,Dry,No Unusual Condition,Dark - Street Lights Not Functioning,Midblock > 20ft,0.0,1,1.0,Bicyclist,North,Proceeding Straight,Pedestrian,South,Proceeding Straight,POINT (-122.42565 37.806496),98.0,6.0,6.0,32.0,20
2885,vw_geo_sfpd_cr_switrs_all_types_col_cty_union.fid-c18a0c2_186644fdb18_-4dae,40984,27431000.0,,140118464,37.7612756285738,-122.486639896882,SFPD-CROSSROADS,CITY STREET,02/09/2014 09:45:00 PM,2014 February 09,21:45:00,2014,February,Sunday,JUDAH ST,28TH AVE,0.0,Raining,Injury (Complaint of Pain),Vehicle/Pedestrian,Pedestrian,Crossing in Crosswalk at Intersection,Wet,No Unusual Condition,Dark - Street Lights,Intersection <= 20ft,0.0,1,1.0,Driver,East,Stopped In Road,Pedestrian,East,Not Stated,POINT (-122.48664 37.761276),39.0,10.0,7.0,35.0,21
2890,vw_geo_sfpd_cr_switrs_all_types_col_cty_union.fid-c18a0c2_186644fdb18_-4296,7482,21304000.0,9129000.0,150735791,37.7477361137447,-122.418499245184,SFPD-CROSSROADS,CITY STREET,08/22/2015 09:58:00 PM,2015 August 22,21:58:00,2015,August,Saturday,MISSION ST,CESAR CHAVEZ ST,176.0,Clear,Injury (Severe),Vehicle/Pedestrian,Pedestrian,Crossing Not in Crosswalk,Dry,No Unusual Condition,Dark - Street Lights,Midblock > 20ft,0.0,2,1.0,Driver,North,Proceeding Straight,Pedestrian,West,Entering Traffic,POINT (-122.4185 37.747738),83.0,9.0,2.0,2.0,21
2896,vw_geo_sfpd_cr_switrs_all_types_col_cty_union.fid-c18a0c2_186644fdb18_-4635,4474,21772000.0,11589000.0,150207621,37.7267107306316,-122.435973135695,SFPD-CROSSROADS,CITY STREET,03/08/2015 01:43:00 AM,2015 March 08,01:43:00,2015,March,Sunday,SANTA ROSA AVE,ALEMANY BLVD,6.0,Clear,Injury (Other Visible),Vehicle/Pedestrian,Pedestrian,Crossing in Crosswalk at Intersection,Dry,No Unusual Condition,Dark - Street Lights,Intersection <= 20ft,0.0,1,1.0,Pedestrian,North,Proceeding Straight,Driver,East,Making Left Turn,POINT (-122.435974 37.72671),94.0,9.0,1.0,28.0,01
2897,vw_geo_sfpd_cr_switrs_all_types_col_cty_union.fid-c18a0c2_186644fdb18_-49a8,18030,25877000.0,,140788722,37.7687704986375,-122.427462057916,SFPD-CROSSROADS,CITY STREET,09/18/2014 10:24:00 PM,2014 September 18,22:24:00,2014,September,Thursday,MARKET ST,RESERVOIR ST,0.0,Clear,Injury (Complaint of Pain),Vehicle/Pedestrian,Pedestrian,Crossing in Crosswalk at Intersection,Dry,No Unusual Condition,Dark - Street Lights,Intersection <= 20ft,0.0,1,1.0,Driver,East,Making Right Turn,Pedestrian,South,Proceeding Straight,POINT (-122.42746 37.768772),28.0,3.0,5.0,5.0,22
2904,vw_geo_sfpd_cr_switrs_all_types_col_cty_union.fid-c18a0c2_186644fdb18_-3c8e,2314,22102000.0,,160428055,37.7229665717039,-122.444746624942,SFPD-CROSSROADS,CITY STREET,05/25/2016 03:01:00 PM,2016 May 25,15:01:00,2016,May,Wednesday,SAN JOSE AVE,OCEAN AVE,0.0,Clear,Injury (Other Visible),Vehicle/Pedestrian,Pedestrian,Crossing in Crosswalk at Intersection,Dry,No Unusual Condition,Daylight,Intersection <= 20ft,0.0,1,1.0,Driver,West,Making Left Turn,Pedestrian,South,Not Stated,POINT (-122.44475 37.722965),94.0,9.0,1.0,28.0,15