,id,unique_id,cnn_intrsctn_fkey,cnn_sgmt_fkey,case_id_pkey,tb_latitude,tb_longitude,geocode_source,geocode_location,collision_datetime,collision_date,collision_time,accident_year,month,day_of_week,primary_rd,secondary_rd,distance,weather_1,collision_severity,type_of_collision,mviw,ped_action,road_surface,road_cond_1,lighting,intersection,number_killed,number_injured,party_at_fault,party1_type,party1_dir_of_travel,party1_move_pre_acc,party2_type,party2_dir_of_travel,party2_move_pre_acc,point,Neighborhoods,Current Police Districts,Current Supervisor Districts,Analysis Neighborhoods,hour
2907,vw_geo_sfpd_cr_switrs_all_types_col_cty_union.fid-c18a0c2_186644fdb18_-492f,32549,26544000.0,,140854505,37.7937260217788,-122.424694143709,SFPD-CROSSROADS,CITY STREET,10/09/2014 08:45:00 PM,2014 October 09,20:45:00,2014,October,Thursday,FRANKLIN ST,JACKSON ST,0.0,Clear,Injury (Complaint of Pain),Sideswipe,Pedestrian,Crossing in Crosswalk at Intersection,Dry,No Unusual Condition,Daylight,Intersection <= 20ft,0.0,2,,Driver,North,Making Right Turn,Pedestrian,West,Proceeding Straight,POINT (-122.4247 37.793728),102.0,4.0,6.0,30.0,20
2922,vw_geo_sfpd_cr_switrs_all_types_col_cty_union.fid-c18a0c2_186644fdb18_-4707,38188,23128000.000000004,,150092955,37.7323546945121,-122.483634951409,SFPD-CROSSROADS,CITY STREET,01/30/2015 07:10:00 PM,2015 January 30,19:10:00,2015,January,Friday,OCEAN AVE,FOREST VIEW DR,0.0,Clear,Injury (Other Visible),Vehicle/Pedestrian,Pedestrian,Crossing in Crosswalk at Intersection,Dry,No Unusual Condition,Dark - Street Lights,Intersection <= 20ft,0.0,1,1.0,Driver,East,Proceeding Straight,Pedestrian,South,Proceeding Straight,POINT (-122.483635 37.732353),62.0,10.0,8.0,35.0,19
2927,vw_geo_sfpd_cr_switrs_all_types_col_cty_union.fid-c18a0c2_186644fdb18_-3ff1,20491,25914000.0,,151100094,37.7757539620287,-122.424324649565,SFPD-CROSSROADS,CITY STREET,12/21/2015 05:26:00 PM,2015 December 21,17:26:00,2015,December,Monday,OCTAVIA ST,FELL ST,0.0,Raining,Injury (Complaint of Pain),Vehicle/Pedestrian,Pedestrian,Crossing in Crosswalk at Intersection,Wet,Reduced Roadway Width,Dark - Street Lights,Intersection <= 20ft,0.0,1,1.0,Driver,South,Making Left Turn,Pedestrian,West,Proceeding Straight,POINT (-122.424324 37.775753),22.0,4.0,11.0,9.0,17
2930,vw_geo_sfpd_cr_switrs_all_types_col_cty_union.fid-c18a0c2_186644fdb18_-4523,25134,25140000.000000004,5175000.0,150362485,37.7846233981256,-122.414696127188,SFPD-CROSSROADS,CITY STREET,04/26/2015 06:45:00 AM,2015 April 26,06:45:00,2015,April,Sunday,ELLIS ST,LEAVENWORTH ST,78.0,Clear,Injury (Severe),Vehicle/Pedestrian,Pedestrian,Crossing Not in Crosswalk,Dry,No Unusual Condition,Dusk - Dawn,Midblock > 20ft,0.0,1,1.0,Driver,West,Traveling Wrong Way,Pedestrian,South,Other,POINT (-122.414696 37.784622),20.0,5.0,10.0,36.0,06
2935,vw_geo_sfpd_cr_switrs_all_types_col_cty_union.fid-c18a0c2_186644fdb18_-4d8a,2888,33158000.0,2579000.0,141017835,37.7280651280775,-122.402234476818,SFPD-CROSSROADS,CITY STREET,12/02/2014 05:11:00 PM,2014 December 02,17:11:00,2014,December,Tuesday,BACON ST,BAY SHORE BLVD,15.0,Raining,Injury (Complaint of Pain),Vehicle/Pedestrian,Pedestrian,Crossing in Crosswalk at Intersection,Wet,No Unusual Condition,Dark - Street Lights,Intersection <= 20ft,0.0,1,,Driver,South,Making Right Turn,Pedestrian,North,Proceeding Straight,POINT (-122.40224 37.728065),91.0,2.0,9.0,25.0,17
2937,vw_geo_sfpd_cr_switrs_all_types_col_cty_union.fid-c18a0c2_186644fdb18_-4908,1492,21526000.0,,140871195,37.7146473880819,-122.447267313799,SFPD-CROSSROADS,CITY STREET,10/15/2014 08:00:00 AM,2014 October 15,08:00:00,2014,October,Wednesday,ALEMANY BLVD,FOOTE AVE,0.0,Clear,Injury (Severe),Vehicle/Pedestrian,Pedestrian,Crossing in Crosswalk at Intersection,Dry,No Unusual Condition,Daylight,Intersection <= 20ft,0.0,1,1.0,Driver,North,Proceeding Straight,Pedestrian,West,Not Stated,POINT (-122.447266 37.71465),66.0,9.0,1.0,28.0,08
2939,vw_geo_sfpd_cr_switrs_all_types_col_cty_union.fid-c18a0c2_186644fdb18_-498c,22544,26451000.000000004,,140802582,37.775389941443,-122.449707827119,SFPD-CROSSROADS,CITY STREET,09/23/2014 11:20:00 AM,2014 September 23,11:20:00,2014,September,Tuesday,FULTON ST,CLAYTON ST,0.0,Clear,Injury (Complaint of Pain),Vehicle/Pedestrian,Pedestrian,Crossing in Crosswalk at Intersection,Dry,No Unusual Condition,Daylight,Intersection <= 20ft,0.0,1,1.0,Driver,East,Proceeding Straight,Pedestrian,North,Not Stated,POINT (-122.44971 37.77539),12.0,7.0,4.0,18.0,11
2947,vw_geo_sfpd_cr_switrs_all_types_col_cty_union.fid-c18a0c2_186644fdb18_-3fa4,18579,24388000.0,9109102.0,160013907,37.7731850561809,-122.418332026471,SFPD-CROSSROADS,CITY STREET,01/06/2016 09:08:00 AM,2016 January 06,09:08:00,2016,January,Wednesday,OTIS ST,MISSION ST,100.0,Cloudy,Injury (Complaint of Pain),Vehicle/Pedestrian,Pedestrian,Not in Road,Wet,No Unusual Condition,Daylight,Midblock > 20ft,0.0,1,1.0,Driver,East,Entering Traffic,Pedestrian,North,Proceeding Straight,POINT (-122.418335 37.773186),32.0,1.0,10.0,20.0,09
2950,vw_geo_sfpd_cr_switrs_all_types_col_cty_union.fid-c18a0c2_186644fdb18_-37cc,27924,25004000.0,8809000.0,161018249,37.7908726415155,-122.410621227911,SFPD-CROSSROADS,CITY STREET,12/15/2016 06:40:00 PM,2016 December 15,18:40:00,2016,December,Thursday,MASON ST,PINE ST,3.0,Raining,Injury (Other Visible),Vehicle/Pedestrian,Pedestrian,Crossing in Crosswalk at Intersection,Wet,No Unusual Condition,Dark - Street Lights,Intersection <= 20ft,0.0,1,1.0,Driver,South,Making Left Turn,Pedestrian,West,Proceeding Straight,POINT (-122.41062 37.790874),16.0,6.0,3.0,21.0,18
2951,vw_geo_sfpd_cr_switrs_all_types_col_cty_union.fid-c18a0c2_186644fdb18_-4253,37861,33717000.0,13687201.0,150774404,37.7301152953652,-122.475948055025,SFPD-CROSSROADS,CITY STREET,09/03/2015 06:48:00 PM,2015 September 03,18:48:00,2015,September,Thursday,WINSTON DR,20TH AVE,12.0,Clear,Injury (Complaint of Pain),Vehicle/Pedestrian,Pedestrian,Not in Road,Dry,No Unusual Condition,Daylight,Intersection <= 20ft,0.0,5,1.0,Driver,West,Proceeding Straight,Pedestrian,South,Other,POINT (-122.475945 37.730114),41.0,10.0,8.0,16.0,18
2952,vw_geo_sfpd_cr_switrs_all_types_col_cty_union.fid-c18a0c2_186644fdb18_-4f61,32303,26543000.0,,131048646,37.7917569215266,-122.425980160192,SFPD-CROSSROADS,CITY STREET,12/13/2013 06:03:00 PM,2013 December 13,18:03:00,2013,December,Friday,GOUGH ST,CLAY ST,0.0,Clear,Injury (Complaint of Pain),Vehicle/Pedestrian,Pedestrian,Crossing in Crosswalk at Intersection,Dry,No Unusual Condition,Dark - Street Lights,Intersection <= 20ft,0.0,1,1.0,Driver,North,Proceeding Straight,Pedestrian,East,Other,POINT (-122.42598 37.791756),102.0,4.0,6.0,30.0,18
2955,vw_geo_sfpd_cr_switrs_all_types_col_cty_union.fid-c18a0c2_186644fdb18_-3e30,11282,25677000.0,,160211189,37.7615656734452,-122.423800671243,SFPD-CROSSROADS,CITY STREET,03/12/2016 08:00:00 PM,2016 March 12,20:00:00,2016,March,Saturday,18TH ST,GUERRERO ST,0.0,Raining,Injury (Complaint of Pain),Vehicle/Pedestrian,Pedestrian,Crossing in Crosswalk at Intersection,Wet,No Unusual Condition,Dark - Street Lights,Intersection <= 20ft,0.0,1,1.0,Driver,West,Making Left Turn,Pedestrian,North,Proceeding Straight,POINT (-122.4238 37.761566),37.0,3.0,5.0,20.0,20
2971,vw_geo_sfpd_cr_switrs_all_types_col_cty_union.fid-c18a0c2_186644fdb18_-4820,4181,21767000.0,,141026585,37.7277168145953,-122.432363263411,SFPD-CROSSROADS,CITY STREET,12/05/2014 09:03:00 PM,2014 December 05,21:03:00,2014,December,Friday,MISSION ST,THERESA ST,0.0,Raining,Injury (Complaint of Pain),Vehicle/Pedestrian,Pedestrian,Crossing in Crosswalk at Intersection,Wet,No Unusual Condition,Dark - Street Lights,Intersection <= 20ft,0.0,1,1.0,Driver,South,Making Right Turn,Pedestrian,East,Proceeding Straight,POINT (-122.432365 37.72772),94.0,9.0,1.0,28.0,21
2974,vw_geo_sfpd_cr_switrs_all_types_col_cty_union.fid-c18a0c2_186644fdb18_-40ed,22818,26464000.0,,150958181,37.7782770079648,-122.449767079097,SFPD-CROSSROADS,CITY STREET,11/02/2015 05:40:00 PM,2015 November 02,17:40:00,2015,November,Monday,TURK BLVD,ROSELYN TER,0.0,Cloudy,Injury (Complaint of Pain),Vehicle/Pedestrian,Pedestrian,Crossing in Crosswalk at Intersection,Dry,No Unusual Condition,Dark - Street Lights,Intersection <= 20ft,0.0,1,,Driver,West,Proceeding Straight,Pedestrian,North,Proceeding Straight,POINT (-122.44977 37.77828),12.0,7.0,4.0,18.0,17
2975,vw_geo_sfpd_cr_switrs_all_types_col_cty_union.fid-c18a0c2_186644fdb18_-4ac1,24094,24295000.0,,140577412,37.7817543275443,-122.40969326212,SFPD-CROSSROADS,CITY STREET,07/12/2014 12:01:00 AM,2014 July 12,00:01:00,2014,July,Saturday,06TH ST,STEVENSON ST,0.0,Clear,Injury (Other Visible),Vehicle/Pedestrian,Pedestrian,Crossing Not in Crosswalk,Dry,No Unusual Condition,Dark - Street Lights,Intersection <= 20ft,0.0,1,1.0,Pedestrian,East,Other,Driver,East,Proceeding Straight,POINT (-122.40969 37.781754),32.0,5.0,10.0,34.0,00
2982,vw_geo_sfpd_cr_switrs_all_types_col_cty_union.fid-c18a0c2_186644fdb18_-4b35,4938,21827000.0,,140495024,37.7360611726846,-122.424466262681,SFPD-CROSSROADS,CITY STREET,06/14/2014 10:00:00 PM,2014 June 14,22:00:00,2014,June,Saturday,MISSION ST,RICHLAND AVE,0.0,Clear,Injury (Complaint of Pain),Sideswipe,Pedestrian,Crossing in Crosswalk at Intersection,Dry,No Unusual Condition,Dark - Street Lights,Intersection <= 20ft,0.0,2,1.0,Driver,South,Proceeding Straight,Pedestrian,West,Proceeding Straight,POINT (-122.42447 37.73606),61.0,9.0,5.0,2.0,22
2989,vw_geo_sfpd_cr_switrs_all_types_col_cty_union.fid-c18a0c2_186644fdb18_-4ba9,4594,22242000.0,,140425413,37.7290582436997,-122.452440010835,SFPD-CROSSROADS,CITY STREET,05/21/2014 03:09:00 PM,2014 May 21,15:09:00,2014,May,Wednesday,PHELAN AVE,STAPLES AVE,0.0,Clear,Injury (Complaint of Pain),Vehicle/Pedestrian,Pedestrian,Crossing in Crosswalk at Intersection,Dry,No Unusual Condition,Daylight,Intersection <= 20ft,0.0,1,1.0,Driver,North,Making Left Turn,Pedestrian,East,Proceeding Straight,POINT (-122.45244 37.729057),95.0,9.0,8.0,41.0,15
3001,vw_geo_sfpd_cr_switrs_all_types_col_cty_union.fid-c18a0c2_186644fdb18_-3f84,10217,24088000.0,9125000.0,160031216,37.7526226280631,-122.418480939318,SFPD-CROSSROADS,CITY STREET,01/12/2016 11:20:00 AM,2016 January 12,11:20:00,2016,January,Tuesday,MISSION ST,24TH ST,140.0,Clear,Injury (Complaint of Pain),Vehicle/Pedestrian,Pedestrian,Crossing Not in Crosswalk,Dry,No Unusual Condition,Daylight,Midblock > 20ft,0.0,1,1.0,Pedestrian,West,Proceeding Straight,Driver,South,Proceeding Straight,POINT (-122.41848 37.752625),53.0,3.0,2.0,20.0,11
3003,vw_geo_sfpd_cr_switrs_all_types_col_cty_union.fid-c18a0c2_186644fdb18_-48f4,24873,24897000.0,5058000.0,140883190,37.7843526426702,-122.409282574481,SFPD-CROSSROADS,CITY STREET,10/18/2014 10:00:00 PM,2014 October 18,22:00:00,2014,October,Saturday,EDDY ST,MASON ST,8.0,Clear,Injury (Complaint of Pain),Vehicle/Pedestrian,Pedestrian,Crossing in Crosswalk at Intersection,Dry,No Unusual Condition,Dark - Street Lights,Intersection <= 20ft,0.0,1,1.0,Driver,East,Making Left Turn,Pedestrian,South,Proceeding Straight,POINT (-122.40928 37.78435),19.0,5.0,10.0,36.0,22
3007,vw_geo_sfpd_cr_switrs_all_types_col_cty_union.fid-c18a0c2_186644fdb18_-3dd6,4545,21811000.0,4464000.0,160249776,37.7302425522312,-122.437474222956,SFPD-CROSSROADS,CITY STREET,03/26/2016 04:30:00 AM,2016 March 26,04:30:00,2016,March,Saturday,COTTER ST,SAN JOSE AVE,5.0,Clear,Injury (Other Visible),Vehicle/Pedestrian,Pedestrian,Crossing in Crosswalk at Intersection,Dry,No Unusual Condition,Dark - Street Lights,Intersection <= 20ft,0.0,1,1.0,Driver,North,Making Right Turn,Pedestrian,South,Proceeding Straight,POINT (-122.43748 37.730244),94.0,9.0,1.0,28.0,04
3010,vw_geo_sfpd_cr_switrs_all_types_col_cty_union.fid-c18a0c2_186644fdb18_-3e10,5718,21084000.0,,160223275,37.7388814891106,-122.414558859296,SFPD-CROSSROADS,CITY STREET,03/17/2016 06:33:00 AM,2016 March 17,06:33:00,2016,March,Thursday,CORTLAND AVE,ELLSWORTH ST,0.0,Clear,Injury (Severe),Vehicle/Pedestrian,Pedestrian,Crossing in Crosswalk at Intersection,Dry,No Unusual Condition,Dark - Street Lights,Intersection <= 20ft,0.0,1,1.0,Driver,East,Proceeding Straight,Pedestrian,South,Other,POINT (-122.41456 37.73888),83.0,9.0,2.0,2.0,06
3011,vw_geo_sfpd_cr_switrs_all_types_col_cty_union.fid-c18a0c2_186644fdb18_-4747,9786,24022000.0,,150062055,37.7657832994918,-122.407534229607,SFPD-CROSSROADS,CITY STREET,01/20/2015 09:30:00 PM,2015 January 20,21:30:00,2015,January,Tuesday,16TH ST,POTRERO AVE,0.0,Clear,Injury (Complaint of Pain),Vehicle/Pedestrian,Pedestrian,Crossing in Crosswalk at Intersection,Dry,No Unusual Condition,Dark - Street Lights,Intersection <= 20ft,0.0,1,1.0,Pedestrian,South,Proceeding Straight,Driver,East,Proceeding Straight,POINT (-122.40753 37.76578),54.0,3.0,9.0,20.0,21
3012,vw_geo_sfpd_cr_switrs_all_types_col_cty_union.fid-c18a0c2_186644fdb18_-3d39,33894,25364000.0,4295000.0,160334963,37.8000202242278,-122.409780206204,SFPD-CROSSROADS,CITY STREET,04/23/2016 10:22:00 PM,2016 April 23,22:22:00,2016,April,Saturday,COLUMBUS AVE,UNION ST,163.0,Clear,Injury (Severe),Vehicle/Pedestrian,Pedestrian,Crossing Not in Crosswalk,Dry,No Unusual Condition,Dark - Street Lights,Midblock > 20ft,0.0,1,1.0,Pedestrian,West,Proceeding Straight,Driver,North,Proceeding Straight,POINT (-122.40978 37.800022),106.0,6.0,3.0,23.0,22
3015,vw_geo_sfpd_cr_switrs_all_types_col_cty_union.fid-c18a0c2_186644fdb18_-3ff6,25838,24645000.0,,151096794,37.7879630907635,-122.403491774895,SFPD-CROSSROADS,CITY STREET,12/20/2015 12:44:00 PM,2015 December 20,12:44:00,2015,December,Sunday,GEARY ST,KEARNY ST,0.0,Raining,Injury (Complaint of Pain),Vehicle/Pedestrian,Pedestrian,Crossing in Crosswalk at Intersection,Wet,No Unusual Condition,Daylight,Intersection <= 20ft,0.0,1,1.0,Driver,West,Making Left Turn,Pedestrian,South,Other,POINT (-122.40349 37.787964),19.0,6.0,3.0,8.0,12
3020,vw_geo_sfpd_cr_switrs_all_types_col_cty_union.fid-c18a0c2_186644fdb18_-3cce,15276,23918000.0,6702000.0,160388302,37.7762541591648,-122.403886251015,SFPD-CROSSROADS,CITY STREET,05/12/2016 12:30:00 PM,2016 May 12,12:30:00,2016,May,Thursday,HARRIET ST,AHERN WAY,30.0,Clear,Injury (Complaint of Pain),Vehicle/Pedestrian,Pedestrian,Not in Road,Dry,No Unusual Condition,Daylight,Midblock > 20ft,0.0,1,1.0,Driver,West,Backing,Pedestrian,South,Proceeding Straight,POINT (-122.403885 37.776253),32.0,1.0,10.0,34.0,12
3031,vw_geo_sfpd_cr_switrs_all_types_col_cty_union.fid-c18a0c2_186644fdb18_-40d7,19014,25999000.0,,150972216,37.771688274023504,-122.433734772559,SFPD-CROSSROADS,CITY STREET,11/07/2015 12:46:00 PM,2015 November 07,12:46:00,2015,November,Saturday,HAIGHT ST,PIERCE ST,0.0,Clear,Injury (Other Visible),Vehicle/Pedestrian,Pedestrian,Crossing in Crosswalk at Intersection,Dry,No Unusual Condition,Daylight,Intersection <= 20ft,0.0,2,,Bicyclist,West,Making Left Turn,Pedestrian,South,Proceeding Straight,POINT (-122.43373 37.771687),26.0,4.0,11.0,3.0,12
3037,vw_geo_sfpd_cr_switrs_all_types_col_cty_union.fid-c18a0c2_186644fdb18_-4d56,26036,24941000.0,,140168237,37.786939706966,-122.411515767762,SFPD-CROSSROADS,CITY STREET,02/26/2014 01:30:00 PM,2014 February 26,13:30:00,2014,February,Wednesday,GEARY ST,TAYLOR ST,0.0,Clear,Injury (Complaint of Pain),Vehicle/Pedestrian,Pedestrian,Crossing in Crosswalk at Intersection,Dry,No Unusual Condition,Daylight,Intersection <= 20ft,0.0,1,1.0,Driver,North,Proceeding Straight,Pedestrian,West,Proceeding Straight,POINT (-122.411514 37.78694),20.0,6.0,3.0,36.0,13
3047,vw_geo_sfpd_cr_switrs_all_types_col_cty_union.fid-c18a0c2_186644fdb18_-386c,31412,26633000.0,,160939165,37.7886969405045,-122.435485563895,SFPD-CROSSROADS,CITY STREET,11/18/2016 07:55:00 AM,2016 November 18,07:55:00,2016,November,Friday,CALIFORNIA ST,STEINER ST,0.0,Clear,Injury (Severe),Vehicle/Pedestrian,Pedestrian,Crossing in Crosswalk at Intersection,Dry,No Unusual Condition,Daylight,Intersection <= 20ft,0.0,1,1.0,Driver,East,Making Left Turn,Pedestrian,North,Not Stated,POINT (-122.435486 37.788696),103.0,4.0,6.0,30.0,07
3048,vw_geo_sfpd_cr_switrs_all_types_col_cty_union.fid-c18a0c2_186644fdb18_-452b,29576,26514000.0,,150359028,37.7849538797029,-122.427988927016,SFPD-CROSSROADS,CITY STREET,04/24/2015 11:35:00 PM,2015 April 24,23:35:00,2015,April,Friday,LAGUNA ST,GEARY BLVD,0.0,Raining,Injury (Other Visible),Vehicle/Pedestrian,Pedestrian,Crossing in Crosswalk at Intersection,Wet,No Unusual Condition,Dark - Street Lights,Intersection <= 20ft,0.0,1,1.0,Driver,North,Making Left Turn,Pedestrian,South,Proceeding Straight,POINT (-122.427986 37.784954),100.0,4.0,11.0,39.0,23
3055,vw_geo_sfpd_cr_switrs_all_types_col_cty_union.fid-c18a0c2_186644fdb18_-4ae1,8297,23551000.000000004,,140548015,37.7553898854026,-122.388001121033,SFPD-CROSSROADS,CITY STREET,07/02/2014 09:21:00 AM,2014 July 02,09:21:00,2014,July,Wednesday,03RD ST,23RD ST,0.0,Clear,Injury (Other Visible),Vehicle/Pedestrian,Pedestrian,Crossing in Crosswalk at Intersection,Dry,No Unusual Condition,Daylight,Intersection <= 20ft,0.0,1,1.0,Pedestrian,East,Proceeding Straight,Driver,South,Proceeding Straight,POINT (-122.388 37.75539),55.0,2.0,9.0,26.0,09
3062,vw_geo_sfpd_cr_switrs_all_types_col_cty_union.fid-c18a0c2_186644fdb18_-4a2d,13356,33033000.0,6741000.0,140681035,37.7686544481765,-122.413394819324,SFPD-CROSSROADS,CITY STREET,08/14/2014 08:46:00 PM,2014 August 14,20:46:00,2014,August,Thursday,HARRISON ST,14TH ST,6.0,Clear,Injury (Other Visible),Vehicle/Pedestrian,Pedestrian,Crossing in Crosswalk at Intersection,Dry,No Unusual Condition,Dark - Street Lights,Intersection <= 20ft,0.0,1,1.0,Driver,South,Making Right Turn,Pedestrian,West,Proceeding Straight,POINT (-122.41339 37.768654),53.0,3.0,2.0,20.0,20
3063,vw_geo_sfpd_cr_switrs_all_types_col_cty_union.fid-c18a0c2_186644fdb18_-4db9,7832,24070000.0,,140116117,37.7523059786712,-122.417357817481,SFPD-CROSSROADS,CITY STREET,02/09/2014 12:02:00 AM,2014 February 09,00:02:00,2014,February,Sunday,24TH ST,CAPP ST,0.0,Raining,Injury (Complaint of Pain),Vehicle/Pedestrian,Pedestrian,Crossing in Crosswalk at Intersection,Wet,No Unusual Condition,Dark - Street Lights,Intersection <= 20ft,0.0,1,1.0,Driver,East,Making Left Turn,Pedestrian,South,Proceeding Straight,POINT (-122.41736 37.752304),53.0,3.0,2.0,20.0,00
3082,vw_geo_sfpd_cr_switrs_all_types_col_cty_union.fid-c18a0c2_186644fdb18_-3abe,16848,24285000.0,,160662974,37.780535386375,-122.408160793737,SFPD-CROSSROADS,CITY STREET,08/16/2016 09:25:00 PM,2016 August 16,21:25:00,2016,August,Tuesday,06TH ST,MINNA ST,0.0,Clear,Injury (Complaint of Pain),Vehicle/Pedestrian,Pedestrian,Crossing Not in Crosswalk,Dry,No Unusual Condition,Dark - Street Lights,Intersection <= 20ft,0.0,1,2.0,Pedestrian,West,Proceeding Straight,Driver,North,Other,POINT (-122.40816 37.780537),32.0,1.0,10.0,34.0,21
3089,vw_geo_sfpd_cr_switrs_all_types_col_cty_union.fid-c18a0c2_186644fdb18_-4b58,54613,25792000.0,,210180374,37.7609547393,-122.433903579,SFPD-INTERIM DB,CITY STREET,03/22/2021 04:48:00 PM,2021 March 22,16:48:00,2021,March,Monday,HARTFORD ST,18TH ST,0.0,Clear,Injury (Severe),Vehicle/Pedestrian,Pedestrian,Crossing Not in Crosswalk,Dry,No Unusual Condition,Daylight,Intersection <= 20ft,0.0,1,1.0,Pedestrian,North,Entering Traffic,Driver,West,Proceeding Straight,POINT (-122.43391 37.760956),38.0,3.0,5.0,5.0,16
3091,vw_geo_sfpd_cr_switrs_all_types_col_cty_union.fid-c18a0c2_186644fdb18_-475a,7801,24068000.0,1439000.0,150051791,37.750701416435,-122.417263390363,SFPD-CROSSROADS,CITY STREET,01/17/2015 12:42:00 PM,2015 January 17,12:42:00,2015,January,Saturday,CAPP ST,21ST ST,17.0,Clear,Injury (Severe),Broadside,Pedestrian,Crossing in Crosswalk at Intersection,Dry,No Unusual Condition,Daylight,Intersection <= 20ft,0.0,1,2.0,Driver,West,Stopped In Road,Pedestrian,South,Stopped In Road,POINT (-122.41727 37.7507),53.0,3.0,2.0,20.0,12
3100,vw_geo_sfpd_cr_switrs_all_types_col_cty_union.fid-c18a0c2_186644fdb18_-4dd5,6959,21326000.0,,140098571,37.7410274078673,-122.42284057702,SFPD-CROSSROADS,CITY STREET,02/03/2014 07:00:00 AM,2014 February 03,07:00:00,2014,February,Monday,MISSION ST,CORTLAND AVE,0.0,Clear,Injury (Complaint of Pain),Vehicle/Pedestrian,Pedestrian,Crossing in Crosswalk at Intersection,Dry,No Unusual Condition,Daylight,Intersection <= 20ft,0.0,1,1.0,Driver,West,Making Left Turn,Pedestrian,East,Proceeding Straight,POINT (-122.422844 37.741028),83.0,9.0,2.0,2.0,07
3101,vw_geo_sfpd_cr_switrs_all_types_col_cty_union.fid-c18a0c2_186644fdb18_-3b38,28963,25186000.0,,160593501,37.7828941222,-122.420817003265,SFPD-CROSSROADS,CITY STREET,07/23/2016 11:54:00 AM,2016 July 23,11:54:00,2016,July,Saturday,VAN NESS AVE,EDDY ST,0.0,Clear,Injury (Complaint of Pain),Vehicle/Pedestrian,Pedestrian,Crossing Not in Crosswalk,Dry,No Unusual Condition,Daylight,Intersection <= 20ft,0.0,1,1.0,Pedestrian,East,Entering Traffic,Driver,North,Proceeding Straight,POINT (-122.420815 37.782894),20.0,4.0,10.0,36.0,11
3102,vw_geo_sfpd_cr_switrs_all_types_col_cty_union.fid-c18a0c2_186644fdb18_-45ae,14669,23799000.0,,150280514,37.7781256975028,-122.391840525049,SFPD-CROSSROADS,CITY STREET,03/30/2015 04:44:00 PM,2015 March 30,16:44:00,2015,March,Monday,03RD ST,KING ST,0.0,Clear,Injury (Complaint of Pain),Sideswipe,Pedestrian,Crossing in Crosswalk at Intersection,Dry,No Unusual Condition,Daylight,Intersection <= 20ft,0.0,1,1.0,Driver,North,Making Right Turn,Pedestrian,East,Proceeding Straight,POINT (-122.39184 37.778126),34.0,1.0,10.0,4.0,16
3103,vw_geo_sfpd_cr_switrs_all_types_col_cty_union.fid-c18a0c2_186644fdb18_-3b66,14556,23798000.0,,160576278,37.7763329763919,-122.394035066169,SFPD-CROSSROADS,CITY STREET,07/17/2016 12:19:00 PM,2016 July 17,12:19:00,2016,July,Sunday,KING ST,04TH ST,0.0,Cloudy,Injury (Severe),Vehicle/Pedestrian,Pedestrian,Crossing Not in Crosswalk,Dry,No Unusual Condition,Daylight,Intersection <= 20ft,0.0,1,1.0,Pedestrian,South,Entering Traffic,Driver,East,Proceeding Straight,POINT (-122.394035 37.776333),34.0,1.0,10.0,4.0,12
3108,vw_geo_sfpd_cr_switrs_all_types_col_cty_union.fid-c18a0c2_186644fdb18_-4b46,17048,30740000.0,8750101.0,140484801,37.7813998390816,-122.411273926352,SFPD-CROSSROADS,CITY STREET,06/20/2014 10:43:00 AM,2014 June 20,10:43:00,2014,June,Friday,MARKET ST,MCALLISTER ST,124.0,Clear,Injury (Complaint of Pain),Vehicle/Pedestrian,Pedestrian,Crossing Not in Crosswalk,Dry,No Unusual Condition,Daylight,Midblock > 20ft,0.0,1,1.0,Pedestrian,South,Other,Driver,West,Backing,POINT (-122.41127 37.7814),32.0,5.0,10.0,34.0,10
3115,vw_geo_sfpd_cr_switrs_all_types_col_cty_union.fid-c18a0c2_186644fdb18_-38f7,24917,24926000.0,,160874458,37.7850745964433,-122.411139801256,SFPD-CROSSROADS,CITY STREET,10/27/2016 06:14:00 AM,2016 October 27,06:14:00,2016,October,Thursday,ELLIS ST,TAYLOR ST,0.0,Clear,Injury (Complaint of Pain),Vehicle/Pedestrian,Pedestrian,Crossing in Crosswalk at Intersection,Dry,No Unusual Condition,Dark - Street Lights,Intersection <= 20ft,0.0,1,1.0,Driver,West,Making Left Turn,Pedestrian,South,Proceeding Straight,POINT (-122.41114 37.785076),20.0,5.0,10.0,36.0,06
3118,vw_geo_sfpd_cr_switrs_all_types_col_cty_union.fid-c18a0c2_186644fdb18_-4670,1842,51086000.0,9174201.0,150190270,37.7189518627915,-122.439174187867,SFPD-CROSSROADS,CITY STREET,03/02/2015 04:45:00 PM,2015 March 02,16:45:00,2015,March,Monday,MISSION ST,ITALY AVE,200.0,Clear,Injury (Other Visible),Vehicle/Pedestrian,Pedestrian,Crossing Not in Crosswalk,Dry,No Unusual Condition,Daylight,Midblock > 20ft,0.0,2,1.0,Pedestrian,East,Proceeding Straight,Driver,North,Proceeding Straight,POINT (-122.43917 37.718952),80.0,9.0,1.0,7.0,16