,id,unique_id,cnn_intrsctn_fkey,cnn_sgmt_fkey,case_id_pkey,tb_latitude,tb_longitude,geocode_source,geocode_location,collision_datetime,collision_date,collision_time,accident_year,month,day_of_week,primary_rd,secondary_rd,distance,weather_1,collision_severity,type_of_collision,mviw,ped_action,road_surface,road_cond_1,lighting,intersection,number_killed,number_injured,party_at_fault,party1_type,party1_dir_of_travel,party1_move_pre_acc,party2_type,party2_dir_of_travel,party2_move_pre_acc,point,Neighborhoods,Current Police Districts,Current Supervisor Districts,Analysis Neighborhoods,hour
3121,vw_geo_sfpd_cr_switrs_all_types_col_cty_union.fid-c18a0c2_186644fdb18_-4d19,39020,23259000.0,,140200118,37.7406636624779,-122.487346349988,SFPD-CROSSROADS,CITY STREET,03/08/2014 06:15:00 PM,2014 March 08,18:15:00,2014,March,Saturday,30TH AVE,ULLOA ST,0.0,Clear,Injury (Complaint of Pain),Vehicle/Pedestrian,Pedestrian,Crossing Not in Crosswalk,Dry,No Unusual Condition,Dusk - Dawn,Intersection <= 20ft,0.0,1,1.0,Driver,South,Proceeding Straight,Pedestrian,East,Stopped In Road,POINT (-122.48734 37.740665),40.0,10.0,7.0,35.0,18
3124,vw_geo_sfpd_cr_switrs_all_types_col_cty_union.fid-c18a0c2_186644fdb18_-4923,23709,24627000.0,,140862649,37.7832592361041,-122.402708153812,SFPD-CROSSROADS,CITY STREET,10/12/2014 02:15:00 PM,2014 October 12,14:15:00,2014,October,Sunday,04TH ST,HOWARD ST,0.0,Clear,Injury (Complaint of Pain),Vehicle/Pedestrian,Pedestrian,"In Road, Including Shoulder",Dry,No Unusual Condition,Daylight,Intersection <= 20ft,0.0,1,1.0,Driver,South,Stopped In Road,Pedestrian,North,Other,POINT (-122.40271 37.78326),32.0,1.0,10.0,34.0,14
3126,vw_geo_sfpd_cr_switrs_all_types_col_cty_union.fid-c18a0c2_186644fdb18_-4c49,42087,26445000.0,,140329445,37.7719304046184,-122.454083217237,SFPD-CROSSROADS,CITY STREET,04/20/2014 09:45:00 PM,2014 April 20,21:45:00,2014,April,Sunday,FELL ST,STANYAN ST,0.0,Clear,Injury (Complaint of Pain),Vehicle/Pedestrian,Pedestrian,Crossing in Crosswalk at Intersection,Dry,No Unusual Condition,Dark - Street Lights,Intersection <= 20ft,0.0,2,1.0,Driver,West,Making Right Turn,Pedestrian,South,Proceeding Straight,POINT (-122.45409 37.77193),9.0,7.0,4.0,12.0,21
3142,vw_geo_sfpd_cr_switrs_all_types_col_cty_union.fid-c18a0c2_186644fdb18_-419b,33338,25032000.0,,150875347,37.7969019056771,-122.406827677686,SFPD-CROSSROADS,CITY STREET,10/06/2015 01:57:00 PM,2015 October 06,13:57:00,2015,October,Tuesday,PACIFIC AVE,GRANT AVE,0.0,Clear,Injury (Complaint of Pain),Vehicle/Pedestrian,Pedestrian,Crossing Not in Crosswalk,Dry,No Unusual Condition,Daylight,Intersection <= 20ft,0.0,1,1.0,Driver,West,Making Left Turn,Pedestrian,South,Proceeding Straight,POINT (-122.40683 37.7969),104.0,6.0,3.0,6.0,13
3143,vw_geo_sfpd_cr_switrs_all_types_col_cty_union.fid-c18a0c2_186644fdb18_-4816,8656,24064000.0,,141032764,37.752439645714,-122.415172289159,SFPD-CROSSROADS,CITY STREET,12/08/2014 10:30:00 AM,2014 December 08,10:30:00,2014,December,Monday,SHOTWELL ST,24TH ST,0.0,Clear,Injury (Complaint of Pain),Vehicle/Pedestrian,Pedestrian,Crossing in Crosswalk at Intersection,Dry,No Unusual Condition,Daylight,Intersection <= 20ft,0.0,1,1.0,Driver,North,Making Left Turn,Pedestrian,West,Proceeding Straight,POINT (-122.41517 37.75244),53.0,3.0,2.0,20.0,10
3148,vw_geo_sfpd_cr_switrs_all_types_col_cty_union.fid-c18a0c2_186644fdb18_-39c5,38999,23177000.0,12798000.0,160783906,37.7410447147939,-122.478735341304,SFPD-CROSSROADS,CITY STREET,09/27/2016 08:30:00 AM,2016 September 27,08:30:00,2016,September,Tuesday,ULLOA ST,22ND AVE,11.0,Clear,Injury (Other Visible),Vehicle/Pedestrian,Pedestrian,Crossing in Crosswalk at Intersection,Dry,No Unusual Condition,Daylight,Intersection <= 20ft,0.0,1,1.0,Driver,East,Proceeding Straight,Pedestrian,North,Proceeding Straight,POINT (-122.47874 37.741043),40.0,10.0,7.0,35.0,08
3161,vw_geo_sfpd_cr_switrs_all_types_col_cty_union.fid-c18a0c2_186644fdb18_-3fc4,27628,24724000.0,,140980401,37.7907600957035,-122.404030723642,SFPD-CROSSROADS,CITY STREET,11/19/2014 12:37:00 PM,2014 November 19,12:37:00,2014,November,Wednesday,KEARNY ST,BUSH ST,0.0,Cloudy,Injury (Complaint of Pain),Vehicle/Pedestrian,Pedestrian,Crossing in Crosswalk at Intersection,Wet,No Unusual Condition,Daylight,Intersection <= 20ft,0.0,1,1.0,Driver,North,Making Left Turn,Pedestrian,West,Proceeding Straight,POINT (-122.40403 37.79076),19.0,6.0,3.0,8.0,12
3162,vw_geo_sfpd_cr_switrs_all_types_col_cty_union.fid-c18a0c2_186644fdb18_-3a53,1424,21475000.0,,160722584,37.7160388196479,-122.44025513476,SFPD-CROSSROADS,CITY STREET,09/08/2016 09:40:00 AM,2016 September 08,09:40:00,2016,September,Thursday,GENEVA AVE,LONDON ST,0.0,Clear,Injury (Complaint of Pain),Vehicle/Pedestrian,Pedestrian,Crossing in Crosswalk at Intersection,Dry,No Unusual Condition,Daylight,Intersection <= 20ft,0.0,1,1.0,Driver,East,Proceeding Straight,Pedestrian,North,Proceeding Straight,POINT (-122.440254 37.716038),58.0,9.0,1.0,7.0,09
3168,vw_geo_sfpd_cr_switrs_all_types_col_cty_union.fid-c18a0c2_186644fdb18_-3e71,19015,25999000.0,,160182289,37.771688274023504,-122.433734772559,SFPD-CROSSROADS,CITY STREET,03/02/2016 12:55:00 PM,2016 March 02,12:55:00,2016,March,Wednesday,HAIGHT ST,PIERCE ST,0.0,Clear,Injury (Other Visible),Sideswipe,Pedestrian,Crossing in Crosswalk at Intersection,Dry,No Unusual Condition,Daylight,Intersection <= 20ft,0.0,1,1.0,Driver,East,Making Left Turn,Pedestrian,North,Not Stated,POINT (-122.43373 37.771687),26.0,4.0,11.0,3.0,12
3169,vw_geo_sfpd_cr_switrs_all_types_col_cty_union.fid-c18a0c2_186644fdb18_-3d9a,24332,24924000.0,,160282011,37.7832143127917,-122.410764828286,SFPD-CROSSROADS,CITY STREET,04/05/2016 11:32:00 PM,2016 April 05,23:32:00,2016,April,Tuesday,TAYLOR ST,TURK ST,0.0,Clear,Injury (Complaint of Pain),Broadside,Pedestrian,Not in Road,Dry,No Unusual Condition,Dark - Street Lights,Intersection <= 20ft,0.0,1,1.0,Driver,West,Proceeding Straight,Driver,North,Proceeding Straight,POINT (-122.41077 37.783215),20.0,5.0,10.0,36.0,23
3170,vw_geo_sfpd_cr_switrs_all_types_col_cty_union.fid-c18a0c2_186644fdb18_-4b6d,8390,23625000.0,,140464104,37.7576507852722,-122.39312262847,SFPD-CROSSROADS,CITY STREET,06/04/2014 07:06:00 AM,2014 June 04,07:06:00,2014,June,Wednesday,PENNSYLVANIA AVE,22ND ST,0.0,Clear,Injury (Complaint of Pain),Vehicle/Pedestrian,Pedestrian,Crossing in Crosswalk at Intersection,Dry,No Unusual Condition,Daylight,Intersection <= 20ft,0.0,1,1.0,Driver,South,Making Right Turn,Pedestrian,East,Other,POINT (-122.39312 37.757652),54.0,2.0,9.0,26.0,07
3171,vw_geo_sfpd_cr_switrs_all_types_col_cty_union.fid-c18a0c2_186644fdb18_-490d,17483,25835000.0,6575103.0,140870573,37.7680801831661,-122.424392299402,SFPD-CROSSROADS,CITY STREET,10/14/2014 09:12:00 PM,2014 October 14,21:12:00,2014,October,Tuesday,GUERRERO ST,14TH ST,29.0,Clear,Injury (Severe),Broadside,Pedestrian,"In Road, Including Shoulder",Dry,No Unusual Condition,Dark - Street Lights,Midblock > 20ft,0.0,1,1.0,Pedestrian,South,Proceeding Straight,Driver,North,Proceeding Straight,POINT (-122.42439 37.76808),37.0,3.0,5.0,20.0,21
3172,vw_geo_sfpd_cr_switrs_all_types_col_cty_union.fid-c18a0c2_186644fdb18_-46f3,22268,26053000.0,,150109920,37.774991947509,-122.437798747311,SFPD-CROSSROADS,CITY STREET,02/05/2015 12:04:00 AM,2015 February 05,00:04:00,2015,February,Thursday,DIVISADERO ST,HAYES ST,0.0,Clear,Injury (Other Visible),Vehicle/Pedestrian,Pedestrian,Crossing in Crosswalk at Intersection,Dry,No Unusual Condition,Dark - Street Lights,Intersection <= 20ft,0.0,1,1.0,Pedestrian,East,Proceeding Straight,Driver,North,Proceeding Straight,POINT (-122.4378 37.77499),24.0,4.0,11.0,9.0,00
3179,vw_geo_sfpd_cr_switrs_all_types_col_cty_union.fid-c18a0c2_186644fdb18_-4957,1013,21396000.0,6146101.0,140834961,37.7132945204244,-122.434022763387,SFPD-CROSSROADS,CITY STREET,10/03/2014 08:25:00 PM,2014 October 03,20:25:00,2014,October,Friday,GENEVA AVE,PRAGUE ST,640.0,Clear,Injury (Other Visible),Vehicle/Pedestrian,Pedestrian,Crossing Not in Crosswalk,Dry,No Unusual Condition,Dark - Street Lights,Midblock > 20ft,0.0,1,1.0,Pedestrian,South,Other,Driver,West,Proceeding Straight,POINT (-122.43402 37.713295),90.0,9.0,1.0,7.0,20
3180,vw_geo_sfpd_cr_switrs_all_types_col_cty_union.fid-c18a0c2_186644fdb18_-3937,16992,24294000.000000004,,160842637,37.7813981342936,-122.409245442968,SFPD-CROSSROADS,CITY STREET,10/16/2016 05:52:00 AM,2016 October 16,05:52:00,2016,October,Sunday,06TH ST,JESSIE ST,0.0,Cloudy,Injury (Other Visible),Broadside,Pedestrian,Crossing in Crosswalk at Intersection,Wet,No Unusual Condition,Dark - Street Lights,Intersection <= 20ft,0.0,1,1.0,Driver,South,Proceeding Straight,Pedestrian,East,Proceeding Straight,POINT (-122.40925 37.7814),32.0,5.0,10.0,34.0,05
3181,vw_geo_sfpd_cr_switrs_all_types_col_cty_union.fid-c18a0c2_186644fdb18_-4945,3571,20897000.0,,140839319,37.7320826696415,-122.406763715841,SFPD-CROSSROADS,CITY STREET,10/04/2014 08:25:00 AM,2014 October 04,08:25:00,2014,October,Saturday,SILVER AVE,BARNEVELD AVE,0.0,Clear,Injury (Complaint of Pain),Vehicle/Pedestrian,Pedestrian,Crossing in Crosswalk at Intersection,Dry,No Unusual Condition,Daylight,Intersection <= 20ft,0.0,1,,Driver,East,Proceeding Straight,Pedestrian,North,Proceeding Straight,POINT (-122.40676 37.732082),91.0,2.0,2.0,25.0,08
3182,vw_geo_sfpd_cr_switrs_all_types_col_cty_union.fid-c18a0c2_186644fdb18_-4840,29974,25170000.0,,141005501,37.7861010396505,-122.418088097502,SFPD-CROSSROADS,CITY STREET,11/28/2014 07:43:00 AM,2014 November 28,07:43:00,2014,November,Friday,LARKIN ST,GEARY ST,0.0,Cloudy,Injury (Complaint of Pain),Vehicle/Pedestrian,Pedestrian,Crossing Not in Crosswalk,Wet,No Unusual Condition,Daylight,Intersection <= 20ft,0.0,1,1.0,Driver,West,Making Left Turn,Pedestrian,South,Proceeding Straight,POINT (-122.41809 37.786102),20.0,6.0,10.0,36.0,07
3185,vw_geo_sfpd_cr_switrs_all_types_col_cty_union.fid-c18a0c2_186644fdb18_-3ee5,17225,24333000.0,,160122382,37.7807191769573,-122.415315615362,SFPD-CROSSROADS,CITY STREET,02/10/2016 04:22:00 PM,2016 February 10,16:22:00,2016,February,Wednesday,MCALLISTER ST,HYDE ST,0.0,Clear,Injury (Other Visible),Vehicle/Pedestrian,Pedestrian,Crossing in Crosswalk at Intersection,Dry,No Unusual Condition,Daylight,Intersection <= 20ft,0.0,1,1.0,Pedestrian,North,Other,Driver,West,Proceeding Straight,POINT (-122.41531 37.78072),21.0,5.0,10.0,36.0,16
3198,vw_geo_sfpd_cr_switrs_all_types_col_cty_union.fid-c18a0c2_186644fdb18_-45ce,28491,24758000.0,13410000.0,150268140,37.7955231594496,-122.403386293388,SFPD-CROSSROADS,CITY STREET,03/26/2015 06:30:00 PM,2015 March 26,18:30:00,2015,March,Thursday,WASHINGTON ST,MONTGOMERY ST,20.0,Clear,Injury (Severe),Vehicle/Pedestrian,Pedestrian,Crossing in Crosswalk at Intersection,Dry,No Unusual Condition,Dark - Street Lights,Intersection <= 20ft,0.0,1,1.0,Pedestrian,South,Entering Traffic,Driver,West,Proceeding Straight,POINT (-122.40339 37.795525),104.0,6.0,3.0,6.0,18
3208,vw_geo_sfpd_cr_switrs_all_types_col_cty_union.fid-c18a0c2_186644fdb18_-40b5,26122,24945000.0,7570000.0,150990923,37.7858915219451,-122.412990460475,SFPD-CROSSROADS,CITY STREET,11/13/2015 09:30:00 PM,2015 November 13,21:30:00,2015,November,Friday,JONES ST,OFARRELL ST,38.0,Clear,Injury (Other Visible),Vehicle/Pedestrian,Pedestrian,Crossing Not in Crosswalk,Dry,No Unusual Condition,Dark - Street Lights,Midblock > 20ft,0.0,1,1.0,Pedestrian,West,Other,Driver,South,Proceeding Straight,POINT (-122.41299 37.785892),20.0,5.0,10.0,36.0,21
3210,vw_geo_sfpd_cr_switrs_all_types_col_cty_union.fid-c18a0c2_186644fdb18_-3b49,10790,25787000.0,9617000.0,160588295,37.7594102729356,-122.432636523744,SFPD-CROSSROADS,CITY STREET,07/21/2016 02:52:00 PM,2016 July 21,14:52:00,2016,July,Thursday,NOE ST,19TH ST,5.0,Clear,Injury (Other Visible),Vehicle/Pedestrian,Pedestrian,Crossing in Crosswalk at Intersection,Dry,No Unusual Condition,Daylight,Intersection <= 20ft,0.0,1,1.0,Driver,South,Proceeding Straight,Pedestrian,East,Proceeding Straight,POINT (-122.43264 37.75941),115.0,3.0,5.0,5.0,14
3211,vw_geo_sfpd_cr_switrs_all_types_col_cty_union.fid-c18a0c2_186644fdb18_-3a63,17476,25835000.0,589000.0,160714155,37.7680271351152,-122.424067835973,SFPD-CROSSROADS,CITY STREET,09/03/2016 01:00:00 AM,2016 September 03,01:00:00,2016,September,Saturday,14TH ST,GUERRERO ST,100.0,Clear,Injury (Severe),Vehicle/Pedestrian,Pedestrian,Crossing Not in Crosswalk,Dry,No Unusual Condition,Dark - Street Lights,Midblock > 20ft,0.0,1,1.0,Pedestrian,South,Other,Driver,East,Proceeding Straight,POINT (-122.424065 37.76803),37.0,3.0,5.0,20.0,01
3212,vw_geo_sfpd_cr_switrs_all_types_col_cty_union.fid-c18a0c2_186644fdb18_-4244,24908,24926000.0,,130631222,37.7850745964433,-122.411139801256,SFPD-CROSSROADS,CITY STREET,07/31/2013 03:25:00 PM,2013 July 31,15:25:00,2013,July,Wednesday,TAYLOR ST,ELLIS ST,0.0,Clear,Injury (Other Visible),Vehicle/Pedestrian,Pedestrian,Crossing in Crosswalk at Intersection,Dry,No Unusual Condition,Daylight,Intersection <= 20ft,0.0,3,1.0,Driver,North,Making Left Turn,Pedestrian,East,Proceeding Straight,POINT (-122.41114 37.785076),20.0,5.0,10.0,36.0,15
3215,vw_geo_sfpd_cr_switrs_all_types_col_cty_union.fid-c18a0c2_186644fdb18_-4fc5,16287,23937000.0,,130982116,37.7802649727995,-122.4033872092,SFPD-CROSSROADS,CITY STREET,11/19/2013 10:22:00 PM,2013 November 19,22:22:00,2013,November,Tuesday,05TH ST,FOLSOM ST,0.0,Raining,Injury (Complaint of Pain),Head-On,Pedestrian,Crossing in Crosswalk at Intersection,Wet,No Unusual Condition,Dark - Street Lights,Intersection <= 20ft,0.0,1,1.0,Driver,North,Making Left Turn,Pedestrian,West,Proceeding Straight,POINT (-122.40339 37.780266),32.0,1.0,10.0,34.0,22
3225,vw_geo_sfpd_cr_switrs_all_types_col_cty_union.fid-c18a0c2_186644fdb18_-3e91,10528,24113000.0,9123000.0,160164390,37.7564610815575,-122.418845892788,SFPD-CROSSROADS,CITY STREET,01/26/2016 12:00:00 PM,2016 January 26,12:00:00,2016,January,Tuesday,MISSION ST,21ST ST,210.0,Clear,Injury (Severe),Vehicle/Pedestrian,Pedestrian,Crossing Not in Crosswalk,Dry,No Unusual Condition,Daylight,Midblock > 20ft,0.0,1,1.0,Driver,South,Proceeding Straight,Pedestrian,East,Other,POINT (-122.418846 37.756462),53.0,3.0,2.0,20.0,12
3232,vw_geo_sfpd_cr_switrs_all_types_col_cty_union.fid-c18a0c2_186644fdb18_-4056,561,20458000.0,7490000.0,151042399,37.720073059438,-122.394967990028,SFPD-CROSSROADS,CITY STREET,12/01/2015 03:50:00 PM,2015 December 01,15:50:00,2015,December,Tuesday,JENNINGS ST,INGERSON AVE,50.0,Clear,Injury (Other Visible),Vehicle/Pedestrian,Pedestrian,Not in Road,Dry,No Unusual Condition,Daylight,Midblock > 20ft,0.0,1,1.0,Driver,West,Backing,Pedestrian,North,Not Stated,POINT (-122.394966 37.720074),88.0,2.0,9.0,1.0,15
3238,vw_geo_sfpd_cr_switrs_all_types_col_cty_union.fid-c18a0c2_186644fdb18_-4c8f,16406,24282000.0,331000.0,140287718,37.7800854557182,-122.407595154052,SFPD-CROSSROADS,CITY STREET,04/07/2014 07:46:00 AM,2014 April 07,07:46:00,2014,April,Monday,06TH ST,NATOMA ST,40.0,Clear,Injury (Other Visible),Vehicle/Pedestrian,Pedestrian,"In Road, Including Shoulder",Dry,No Unusual Condition,Daylight,Midblock > 20ft,0.0,1,1.0,Pedestrian,South,Stopped In Road,Driver,South,Proceeding Straight,POINT (-122.40759 37.780087),32.0,1.0,10.0,34.0,07
3239,vw_geo_sfpd_cr_switrs_all_types_col_cty_union.fid-c18a0c2_186644fdb18_-3e15,21151,25965000.0,,160221401,37.7776999251786,-122.431574642304,SFPD-CROSSROADS,CITY STREET,03/16/2016 02:56:00 PM,2016 March 16,14:56:00,2016,March,Wednesday,FILLMORE ST,FULTON ST,0.0,Clear,Injury (Complaint of Pain),Vehicle/Pedestrian,Pedestrian,Crossing in Crosswalk at Intersection,Dry,No Unusual Condition,Daylight,Intersection <= 20ft,0.0,1,1.0,Driver,South,Making Left Turn,Pedestrian,East,Proceeding Straight,POINT (-122.43157 37.7777),22.0,4.0,11.0,9.0,14
3243,vw_geo_sfpd_cr_switrs_all_types_col_cty_union.fid-c18a0c2_186644fdb18_-3ebe,3916,33693000.0,,160140265,37.7369971325225,-122.408789648572,SFPD-CROSSROADS,CITY STREET,02/17/2016 09:00:00 PM,2016 February 17,21:00:00,2016,February,Wednesday,SAN BRUNO AVE,ALEMANY BLVD,0.0,Clear,Injury (Other Visible),Vehicle/Pedestrian,Pedestrian,Crossing Not in Crosswalk,Dry,No Unusual Condition,Dark - Street Lights,Intersection <= 20ft,0.0,1,1.0,Pedestrian,West,Proceeding Straight,Driver,South,Proceeding Straight,POINT (-122.40879 37.736996),83.0,9.0,2.0,2.0,21
3251,vw_geo_sfpd_cr_switrs_all_types_col_cty_union.fid-c18a0c2_186644fdb18_-414d,43151,27293000.000000004,,150913129,37.7770390126317,-122.468292594128,SFPD-CROSSROADS,CITY STREET,10/19/2015 08:30:00 AM,2015 October 19,08:30:00,2015,October,Monday,BALBOA ST,10TH AVE,0.0,Clear,Injury (Complaint of Pain),Vehicle/Pedestrian,Pedestrian,Crossing in Crosswalk at Intersection,Dry,No Unusual Condition,Daylight,Intersection <= 20ft,0.0,1,1.0,Driver,West,Making Left Turn,Pedestrian,West,Proceeding Straight,POINT (-122.46829 37.77704),5.0,8.0,4.0,11.0,08
3257,vw_geo_sfpd_cr_switrs_all_types_col_cty_union.fid-c18a0c2_186644fdb18_-40b7,2694,20507000.0,12830000.0,150990230,37.7300605226511,-122.392337638099,SFPD-CROSSROADS,CITY STREET,11/13/2015 04:50:00 PM,2015 November 13,16:50:00,2015,November,Friday,UNDERWOOD AVE,03RD ST,4.0,Clear,Injury (Other Visible),Vehicle/Pedestrian,Pedestrian,Crossing in Crosswalk at Intersection,Dry,No Unusual Condition,Dusk - Dawn,Intersection <= 20ft,0.0,2,1.0,Pedestrian,South,Proceeding Straight,Pedestrian,South,Proceeding Straight,POINT (-122.392334 37.73006),86.0,2.0,9.0,1.0,16
3261,vw_geo_sfpd_cr_switrs_all_types_col_cty_union.fid-c18a0c2_186644fdb18_-3c4f,34962,26696000.0,,160458472,37.8013037197644,-122.424538325534,SFPD-CROSSROADS,CITY STREET,06/05/2016 12:17:00 PM,2016 June 05,12:17:00,2016,June,Sunday,LOMBARD ST,VAN NESS AVE,0.0,Clear,Injury (Other Visible),Vehicle/Pedestrian,Pedestrian,Crossing in Crosswalk at Intersection,Dry,No Unusual Condition,Daylight,Intersection <= 20ft,0.0,1,1.0,Driver,North,Making Left Turn,Pedestrian,West,Proceeding Straight,POINT (-122.42454 37.801304),17.0,4.0,6.0,13.0,12
3279,vw_geo_sfpd_cr_switrs_all_types_col_cty_union.fid-c18a0c2_186644fdb18_-4181,474,35061000.0,6546000.0,150885374,37.7195848026135,-122.385943087483,SFPD-CROSSROADS,CITY STREET,10/09/2015 07:36:00 PM,2015 October 09,19:36:00,2015,October,Friday,GRIFFITH ST,CAMERON WAY,200.0,Clear,Injury (Complaint of Pain),Broadside,Pedestrian,"In Road, Including Shoulder",Dry,No Unusual Condition,Dark - Street Lights,Midblock > 20ft,0.0,1,2.0,Pedestrian,South,Other,Driver,North,Proceeding Straight,POINT (-122.38594 37.719585),88.0,2.0,9.0,1.0,19
3284,vw_geo_sfpd_cr_switrs_all_types_col_cty_union.fid-c18a0c2_186644fdb18_-3e5e,20802,24451000.0,5802000.0,160192454,37.7771036011871,-122.421333010116,SFPD-CROSSROADS,CITY STREET,03/05/2016 11:03:00 PM,2016 March 05,23:03:00,2016,March,Saturday,FRANKLIN ST,HAYES ST,5.0,Raining,Injury (Severe),Vehicle/Pedestrian,Pedestrian,Crossing in Crosswalk at Intersection,Dry,No Unusual Condition,Dark - Street Lights,Intersection <= 20ft,0.0,2,1.0,Driver,North,Making Left Turn,Pedestrian,East,Proceeding Straight,POINT (-122.42133 37.777103),21.0,4.0,11.0,9.0,23
3288,vw_geo_sfpd_cr_switrs_all_types_col_cty_union.fid-c18a0c2_186644fdb18_-4a89,22325,26351000.0,,130800916,37.7745674820945,-122.441110417149,SFPD-CROSSROADS,CITY STREET,09/13/2013 09:29:00 AM,2013 September 13,09:29:00,2013,September,Friday,BAKER ST,HAYES ST,0.0,Clear,Injury (Severe),Vehicle/Pedestrian,Pedestrian,Crossing in Crosswalk at Intersection,Dry,No Unusual Condition,Daylight,Intersection <= 20ft,0.0,1,1.0,Pedestrian,West,Proceeding Straight,Driver,South,Proceeding Straight,POINT (-122.44111 37.774567),24.0,7.0,11.0,9.0,09
3303,vw_geo_sfpd_cr_switrs_all_types_col_cty_union.fid-c18a0c2_186644fdb18_-42d8,3990,21741000.0,,150702665,37.7240049087298,-122.435312569931,SFPD-CROSSROADS,CITY STREET,08/12/2015 12:50:00 PM,2015 August 12,12:50:00,2015,August,Wednesday,MISSION ST,SAN JUAN AVE,0.0,Clear,Injury (Complaint of Pain),Vehicle/Pedestrian,Pedestrian,Crossing Not in Crosswalk,Dry,No Unusual Condition,Daylight,Intersection <= 20ft,0.0,1,1.0,Pedestrian,East,Proceeding Straight,Driver,South,Proceeding Straight,POINT (-122.43531 37.724007),90.0,9.0,1.0,7.0,12
3304,vw_geo_sfpd_cr_switrs_all_types_col_cty_union.fid-c18a0c2_186644fdb18_-4391,26274,24903000.0,,140640871,37.7873592617475,-122.408226725588,SFPD-CROSSROADS,CITY STREET,08/02/2014 02:37:00 AM,2014 August 02,02:37:00,2014,August,Saturday,POWELL ST,GEARY ST,0.0,Clear,Injury (Complaint of Pain),Vehicle/Pedestrian,Pedestrian,Crossing in Crosswalk at Intersection,Dry,No Unusual Condition,Dark - Street Lights,Intersection <= 20ft,0.0,1,1.0,Driver,North,Making Right Turn,Pedestrian,East,Proceeding Straight,POINT (-122.408226 37.78736),19.0,6.0,3.0,8.0,02
3309,vw_geo_sfpd_cr_switrs_all_types_col_cty_union.fid-c18a0c2_186644fdb18_-4b65,46242,25485000.0,,190257482,37.8074825138,-122.413975007,SFPD-INTERIM DB,CITY STREET,04/11/2019 12:00:00 AM,2019 April 11,00:00:00,2019,April,Thursday,MASON ST,BEACH ST,0.0,Clear,Injury (Other Visible),Vehicle/Pedestrian,Pedestrian,Crossing Not in Crosswalk,Dry,No Unusual Condition,Daylight,Intersection <= 20ft,0.0,1,1.0,Pedestrian,South,Proceeding Straight,Driver,South,Making Left Turn,POINT (-122.41398 37.807484),99.0,6.0,3.0,23.0,00
3320,vw_geo_sfpd_cr_switrs_all_types_col_cty_union.fid-c18a0c2_186644fdb18_-4cb4,27487,24679000.000000004,11543000.0,140256688,37.7912076864142,-122.400750216406,SFPD-CROSSROADS,CITY STREET,03/27/2014 10:45:00 AM,2014 March 27,10:45:00,2014,March,Thursday,SANSOME ST,BUSH ST,11.0,Clear,Injury (Complaint of Pain),Vehicle/Pedestrian,Pedestrian,Crossing in Crosswalk at Intersection,Dry,No Unusual Condition,Daylight,Intersection <= 20ft,0.0,1,1.0,Driver,North,Proceeding Straight,Pedestrian,West,Proceeding Straight,POINT (-122.40075 37.791206),108.0,6.0,3.0,8.0,10
3321,vw_geo_sfpd_cr_switrs_all_types_col_cty_union.fid-c18a0c2_186644fdb18_-4db5,11998,24183000.0,,140116264,37.7649173782156,-122.421886445814,SFPD-CROSSROADS,CITY STREET,02/09/2014 01:45:00 AM,2014 February 09,01:45:00,2014,February,Sunday,16TH ST,VALENCIA ST,0.0,Raining,Injury (Other Visible),Vehicle/Pedestrian,Pedestrian,Crossing in Crosswalk at Intersection,Wet,No Unusual Condition,Dark - Street Lights,Intersection <= 20ft,0.0,1,1.0,Driver,West,Making Left Turn,Pedestrian,South,Proceeding Straight,POINT (-122.42189 37.76492),37.0,3.0,5.0,20.0,01
3330,vw_geo_sfpd_cr_switrs_all_types_col_cty_union.fid-c18a0c2_186644fdb18_-420c,36591,22477000.0,9037000.0,150814834,37.7157522069578,-122.459983722707,SFPD-CROSSROADS,CITY STREET,09/16/2015 09:36:00 PM,2015 September 16,21:36:00,2015,September,Wednesday,MINERVA ST,CAPITOL AVE,269.0,Cloudy,Injury (Other Visible),Vehicle/Pedestrian,Pedestrian,Crossing Not in Crosswalk,Wet,No Unusual Condition,Dark - Street Lights,Midblock > 20ft,0.0,1,1.0,Pedestrian,North,Proceeding Straight,Driver,East,Proceeding Straight,POINT (-122.459984 37.71575),81.0,10.0,1.0,24.0,21
3335,vw_geo_sfpd_cr_switrs_all_types_col_cty_union.fid-c18a0c2_186644fdb18_-3f3b,35668,26705000.0,2784000.0,160071701,37.8041483246687,-122.42509003274,SFPD-CROSSROADS,CITY STREET,01/25/2016 03:15:00 PM,2016 January 25,15:15:00,2016,January,Monday,BAY ST,VAN NESS AVE,6.0,Clear,Injury (Other Visible),Vehicle/Pedestrian,Pedestrian,Crossing in Crosswalk at Intersection,Dry,No Unusual Condition,Daylight,Intersection <= 20ft,0.0,1,1.0,Pedestrian,North,Not Stated,Driver,West,Proceeding Straight,POINT (-122.42509 37.80415),98.0,6.0,6.0,32.0,15
3339,vw_geo_sfpd_cr_switrs_all_types_col_cty_union.fid-c18a0c2_186644fdb18_-4e40,40493,26308000.0,,140037018,37.764310945715,-122.454217264742,SFPD-CROSSROADS,CITY STREET,01/13/2014 08:47:00 PM,2014 January 13,20:47:00,2014,January,Monday,PARNASSUS AVE,WILLARD ST,0.0,Clear,Injury (Complaint of Pain),Vehicle/Pedestrian,Pedestrian,Crossing in Crosswalk at Intersection,Dry,No Unusual Condition,Dark - No Street Lights,Intersection <= 20ft,0.0,1,1.0,Driver,West,Proceeding Straight,Pedestrian,North,Proceeding Straight,POINT (-122.454216 37.764313),110.0,7.0,11.0,14.0,20