,id,unique_id,cnn_intrsctn_fkey,cnn_sgmt_fkey,case_id_pkey,tb_latitude,tb_longitude,geocode_source,geocode_location,collision_datetime,collision_date,collision_time,accident_year,month,day_of_week,primary_rd,secondary_rd,distance,weather_1,collision_severity,type_of_collision,mviw,ped_action,road_surface,road_cond_1,lighting,intersection,number_killed,number_injured,party_at_fault,party1_type,party1_dir_of_travel,party1_move_pre_acc,party2_type,party2_dir_of_travel,party2_move_pre_acc,point,Neighborhoods,Current Police Districts,Current Supervisor Districts,Analysis Neighborhoods,hour
3340,vw_geo_sfpd_cr_switrs_all_types_col_cty_union.fid-c18a0c2_186644fdb18_-444d,32518,26540000.0,13161201.0,150495810,37.7930656468957,-122.422858866206,SFPD-CROSSROADS,CITY STREET,06/06/2015 09:25:00 PM,2015 June 06,21:25:00,2015,June,Saturday,VAN NESS AVE,WASHINGTON ST,9.0,Cloudy,Injury (Severe),Head-On,Pedestrian,Crossing in Crosswalk at Intersection,Dry,No Unusual Condition,Dark - Street Lights,Intersection <= 20ft,0.0,1,1.0,Pedestrian,West,Proceeding Straight,Driver,South,Proceeding Straight,POINT (-122.42286 37.793064),105.0,4.0,3.0,32.0,21
3342,vw_geo_sfpd_cr_switrs_all_types_col_cty_union.fid-c18a0c2_186644fdb18_-4d31,22250,26030000.0,,140183859,37.7742766787505,-122.435940327923,SFPD-CROSSROADS,CITY STREET,03/03/2014 06:44:00 PM,2014 March 03,18:44:00,2014,March,Monday,SCOTT ST,FELL ST,0.0,Raining,Injury (Other Visible),Vehicle/Pedestrian,Pedestrian,Crossing in Crosswalk at Intersection,Wet,No Unusual Condition,Dark - Street Lights,Intersection <= 20ft,0.0,1,1.0,Driver,West,Making Right Turn,Pedestrian,South,Proceeding Straight,POINT (-122.43594 37.774277),23.0,4.0,11.0,9.0,18
3343,vw_geo_sfpd_cr_switrs_all_types_col_cty_union.fid-c18a0c2_186644fdb18_-42f0,15451,24272000.0,,150691648,37.7749917920084,-122.410062770637,SFPD-CROSSROADS,CITY STREET,08/08/2015 09:25:00 PM,2015 August 08,21:25:00,2015,August,Saturday,FOLSOM ST,08TH ST,0.0,Clear,Injury (Complaint of Pain),Vehicle/Pedestrian,Pedestrian,Crossing in Crosswalk at Intersection,Dry,No Unusual Condition,Dark - Street Lights,Intersection <= 20ft,0.0,1,1.0,Driver,East,Making Left Turn,Pedestrian,North,Other,POINT (-122.410065 37.77499),32.0,1.0,10.0,34.0,21
3348,vw_geo_sfpd_cr_switrs_all_types_col_cty_union.fid-c18a0c2_186644fdb18_-41b3,28473,25018000.000000004,13415000.0,150864481,37.7950447148672,-122.407258481436,SFPD-CROSSROADS,CITY STREET,10/02/2015 07:18:00 PM,2015 October 02,19:18:00,2015,October,Friday,WASHINGTON ST,ROSS ALY,2.0,Clear,Injury (Complaint of Pain),Vehicle/Pedestrian,Pedestrian,Crossing Not in Crosswalk,Dry,No Unusual Condition,Dark - Street Lights,Intersection <= 20ft,0.0,1,1.0,Pedestrian,North,Proceeding Straight,Driver,West,Proceeding Straight,POINT (-122.40726 37.795044),104.0,6.0,3.0,6.0,19
3352,vw_geo_sfpd_cr_switrs_all_types_col_cty_union.fid-c18a0c2_186644fdb18_-44bc,24544,24923000.0,,140136256,37.7830040784257,-122.412411746528,SFPD-CROSSROADS,CITY STREET,02/15/2014 02:25:00 PM,2014 February 15,14:25:00,2014,February,Saturday,JONES ST,TURK ST,0.0,Cloudy,Injury (Complaint of Pain),Vehicle/Pedestrian,Pedestrian,Crossing in Crosswalk Not at Intersection,Dry,No Unusual Condition,Daylight,Intersection <= 20ft,0.0,1,1.0,Driver,West,Making Left Turn,Pedestrian,West,Not Stated,POINT (-122.412415 37.783005),20.0,5.0,10.0,36.0,14
3353,vw_geo_sfpd_cr_switrs_all_types_col_cty_union.fid-c18a0c2_186644fdb18_-446d,18046,25876000.0,,150483003,37.7686745998671,-122.429053785463,SFPD-CROSSROADS,CITY STREET,06/02/2015 10:15:00 PM,2015 June 02,22:15:00,2015,June,Tuesday,CHURCH ST,RESERVOIR ST,0.0,Clear,Injury (Complaint of Pain),Vehicle/Pedestrian,Pedestrian,Crossing Not in Crosswalk,Dry,No Unusual Condition,Dark - Street Lights,Intersection <= 20ft,0.0,1,1.0,Pedestrian,West,Entering Traffic,Driver,East,Making Left Turn,POINT (-122.429054 37.768673),28.0,7.0,5.0,5.0,22
3355,vw_geo_sfpd_cr_switrs_all_types_col_cty_union.fid-c18a0c2_186644fdb18_-4736,26130,25153000.0,9729000.0,150068871,37.7856263189163,-122.41426842986,SFPD-CROSSROADS,CITY STREET,01/22/2015 11:50:00 PM,2015 January 22,23:50:00,2015,January,Thursday,LEAVENWORTH ST,ELLIS ST,101.0,Clear,Injury (Other Visible),Vehicle/Pedestrian,Pedestrian,Crossing Not in Crosswalk,Dry,No Unusual Condition,Dark - Street Lights,Midblock > 20ft,0.0,1,2.0,Driver,North,Proceeding Straight,Pedestrian,East,Other,POINT (-122.41427 37.785625),20.0,5.0,10.0,36.0,23
3357,vw_geo_sfpd_cr_switrs_all_types_col_cty_union.fid-c18a0c2_186644fdb18_-4d0b,37955,23070000.0,7707201.0,140212044,37.7309961477106,-122.47183522029,SFPD-CROSSROADS,CITY STREET,03/12/2014 06:04:00 PM,2014 March 12,18:04:00,2014,March,Wednesday,JUNIPERO SERRA BLVD,OCEAN AVE,21.0,Clear,Injury (Complaint of Pain),Broadside,Pedestrian,Crossing in Crosswalk at Intersection,Dry,No Unusual Condition,Daylight,Midblock > 20ft,0.0,1,1.0,Driver,West,Making Left Turn,Pedestrian,East,Proceeding Straight,POINT (-122.47183 37.730995),41.0,10.0,8.0,41.0,18
3362,vw_geo_sfpd_cr_switrs_all_types_col_cty_union.fid-c18a0c2_186644fdb18_-48ef,26453,25156000.0,,140884320,37.7872452100208,-122.416638697232,SFPD-CROSSROADS,CITY STREET,10/19/2014 08:45:00 AM,2014 October 19,08:45:00,2014,October,Sunday,POST ST,HYDE ST,0.0,Clear,Injury (Complaint of Pain),Vehicle/Pedestrian,Pedestrian,Crossing in Crosswalk at Intersection,Dry,No Unusual Condition,Daylight,Intersection <= 20ft,0.0,1,1.0,Driver,South,Making Left Turn,Pedestrian,North,Not Stated,POINT (-122.41664 37.787247),50.0,6.0,3.0,21.0,08
3366,vw_geo_sfpd_cr_switrs_all_types_col_cty_union.fid-c18a0c2_186644fdb18_-3ffa,16592,24287000.0,7044000.0,151092394,37.7789665127178,-122.408137390909,SFPD-CROSSROADS,CITY STREET,12/18/2015 07:04:00 PM,2015 December 18,19:04:00,2015,December,Friday,HOWARD ST,RUSS ST,55.0,Raining,Injury (Severe),Vehicle/Pedestrian,Pedestrian,Crossing Not in Crosswalk,Wet,No Unusual Condition,Dark - Street Lights,Midblock > 20ft,0.0,1,1.0,Pedestrian,North,Other,Driver,West,Proceeding Straight,POINT (-122.408134 37.778965),32.0,1.0,10.0,34.0,19
3367,vw_geo_sfpd_cr_switrs_all_types_col_cty_union.fid-c18a0c2_186644fdb18_-4330,3785,33270000.0,2804000.0,150654969,37.7342869253567,-122.405494483915,SFPD-CROSSROADS,CITY STREET,07/27/2015 11:21:00 PM,2015 July 27,23:21:00,2015,July,Monday,BAY SHORE BLVD,BOUTWELL ST,60.0,Clear,Injury (Other Visible),Vehicle/Pedestrian,Pedestrian,Crossing Not in Crosswalk,Dry,No Unusual Condition,Dark - Street Lights,Midblock > 20ft,0.0,1,1.0,Pedestrian,North,Not Stated,Driver,North,Other,POINT (-122.405495 37.734287),91.0,2.0,9.0,1.0,23
3373,vw_geo_sfpd_cr_switrs_all_types_col_cty_union.fid-c18a0c2_186644fdb18_-433f,30698,26600000.0,,150648354,37.7863039627653,-122.431552024522,SFPD-CROSSROADS,CITY STREET,07/25/2015 08:36:00 PM,2015 July 25,20:36:00,2015,July,Saturday,WEBSTER ST,SUTTER ST,0.0,Clear,Injury (Other Visible),Broadside,Pedestrian,Crossing in Crosswalk at Intersection,Dry,No Unusual Condition,Dark - Street Lights,Intersection <= 20ft,0.0,1,1.0,Driver,West,Making Left Turn,Pedestrian,North,Proceeding Straight,POINT (-122.43155 37.786304),101.0,4.0,11.0,15.0,20
3383,vw_geo_sfpd_cr_switrs_all_types_col_cty_union.fid-c18a0c2_186644fdb18_-3fa8,33243,24697000.0,5872000.0,160012959,37.7969331110856,-122.399508851599,SFPD-CROSSROADS,CITY STREET,01/05/2016 07:45:00 PM,2016 January 05,19:45:00,2016,January,Tuesday,FRONT ST,JACKSON ST,2.0,Raining,Injury (Complaint of Pain),Vehicle/Pedestrian,Pedestrian,Crossing in Crosswalk at Intersection,Wet,No Unusual Condition,Dark - Street Lights,Intersection <= 20ft,0.0,1,1.0,Driver,North,Making Left Turn,Pedestrian,West,Proceeding Straight,POINT (-122.399506 37.796932),77.0,6.0,3.0,8.0,19
3389,vw_geo_sfpd_cr_switrs_all_types_col_cty_union.fid-c18a0c2_186644fdb18_-3f12,28064,24674000.0,5868000.0,160098119,37.7933196202102,-122.398773600327,SFPD-CROSSROADS,CITY STREET,02/02/2016 10:03:00 PM,2016 February 02,22:03:00,2016,February,Tuesday,FRONT ST,CALIFORNIA ST,15.0,Clear,Injury (Complaint of Pain),Vehicle/Pedestrian,Pedestrian,Crossing in Crosswalk at Intersection,Dry,No Unusual Condition,Dark - Street Lights,Intersection <= 20ft,0.0,1,1.0,Driver,West,Making Left Turn,Pedestrian,South,Proceeding Straight,POINT (-122.39877 37.79332),108.0,6.0,3.0,8.0,22
3393,vw_geo_sfpd_cr_switrs_all_types_col_cty_union.fid-c18a0c2_186644fdb18_-468e,40211,27400000.000000004,,150175686,37.7537685469056,-122.487183012015,SFPD-CROSSROADS,CITY STREET,02/26/2015 08:02:00 AM,2015 February 26,08:02:00,2015,February,Thursday,NORIEGA ST,29TH AVE,0.0,Clear,Injury (Complaint of Pain),Vehicle/Pedestrian,Pedestrian,Crossing in Crosswalk at Intersection,Dry,No Unusual Condition,Daylight,Intersection <= 20ft,0.0,1,1.0,Driver,West,Proceeding Straight,Pedestrian,South,Proceeding Straight,POINT (-122.48718 37.75377),39.0,10.0,7.0,35.0,08
3397,vw_geo_sfpd_cr_switrs_all_types_col_cty_union.fid-c18a0c2_186644fdb18_-490f,25914,24895000.0,,140869950,37.7853882489005,-122.408667084232,SFPD-CROSSROADS,CITY STREET,03/04/2014 07:08:00 PM,2014 March 04,19:08:00,2014,March,Tuesday,CYRIL MAGNIN ST,ELLIS ST,0.0,Clear,Injury (Complaint of Pain),Vehicle/Pedestrian,Pedestrian,Crossing in Crosswalk at Intersection,Dry,No Unusual Condition,Dark - Street Lights,Intersection <= 20ft,0.0,1,1.0,Driver,North,Making Right Turn,Pedestrian,East,Other,POINT (-122.40867 37.78539),19.0,5.0,10.0,36.0,19
3404,vw_geo_sfpd_cr_switrs_all_types_col_cty_union.fid-c18a0c2_186644fdb18_-407e,27763,24958000.0,,151013679,37.7888075433493,-122.411885658063,SFPD-CROSSROADS,CITY STREET,11/21/2015 11:01:00 AM,2015 November 21,11:01:00,2015,November,Saturday,SUTTER ST,TAYLOR ST,0.0,Clear,Injury (Other Visible),Vehicle/Pedestrian,Pedestrian,Crossing in Crosswalk at Intersection,Dry,No Unusual Condition,Daylight,Intersection <= 20ft,0.0,1,1.0,Driver,West,Making Left Turn,Pedestrian,South,Proceeding Straight,POINT (-122.41189 37.788807),50.0,6.0,3.0,21.0,11
3405,vw_geo_sfpd_cr_switrs_all_types_col_cty_union.fid-c18a0c2_186644fdb18_-3ca9,31116,26623000.0,,160409607,37.784318673607,-122.439684678504,SFPD-CROSSROADS,CITY STREET,05/19/2016 12:53:00 PM,2016 May 19,12:53:00,2016,May,Thursday,POST ST,DIVISADERO ST,0.0,Clear,Injury (Complaint of Pain),Vehicle/Pedestrian,Pedestrian,"In Road, Including Shoulder",Dry,No Unusual Condition,Daylight,Intersection <= 20ft,0.0,1,1.0,Driver,West,Backing,Pedestrian,West,Entering Traffic,POINT (-122.43968 37.784317),103.0,4.0,11.0,15.0,12
3407,vw_geo_sfpd_cr_switrs_all_types_col_cty_union.fid-c18a0c2_186644fdb18_-3da2,2507,20489000.0,,160276359,37.7254756501814,-122.394243493281,SFPD-CROSSROADS,CITY STREET,04/04/2016 08:15:00 AM,2016 April 04,08:15:00,2016,April,Monday,03RD ST,CARROLL AVE,0.0,Clear,Injury (Complaint of Pain),Head-On,Pedestrian,Crossing in Crosswalk at Intersection,Dry,No Unusual Condition,Daylight,Intersection <= 20ft,0.0,1,,Driver,North,Making Left Turn,Pedestrian,West,Entering Traffic,POINT (-122.39424 37.725475),86.0,2.0,9.0,1.0,08
3408,vw_geo_sfpd_cr_switrs_all_types_col_cty_union.fid-c18a0c2_186644fdb18_-39ec,35768,25533000.0,,160770492,37.8051696498633,-122.417226193631,SFPD-CROSSROADS,CITY STREET,09/22/2016 05:10:00 PM,2016 September 22,17:10:00,2016,September,Thursday,BAY ST,COLUMBUS AVE,0.0,Clear,Injury (Complaint of Pain),Broadside,Pedestrian,Crossing in Crosswalk at Intersection,Dry,No Unusual Condition,Daylight,Intersection <= 20ft,0.0,1,1.0,Bicyclist,East,Making Right Turn,Pedestrian,North,Proceeding Straight,POINT (-122.41723 37.80517),99.0,6.0,6.0,32.0,17
3411,vw_geo_sfpd_cr_switrs_all_types_col_cty_union.fid-c18a0c2_186644fdb18_-4807,19298,26342000.0,,141043404,37.7702101745611,-122.445344990058,SFPD-CROSSROADS,CITY STREET,12/11/2014 09:03:00 PM,2014 December 11,21:03:00,2014,December,Thursday,MASONIC AVE,HAIGHT ST,0.0,Raining,Injury (Complaint of Pain),Vehicle/Pedestrian,Pedestrian,Crossing in Crosswalk at Intersection,Wet,No Unusual Condition,Dark - Street Lights,Intersection <= 20ft,0.0,1,1.0,Driver,North,Making Left Turn,Pedestrian,East,Proceeding Straight,POINT (-122.44534 37.77021),25.0,7.0,11.0,3.0,21
3413,vw_geo_sfpd_cr_switrs_all_types_col_cty_union.fid-c18a0c2_186644fdb18_-45df,25981,24942000.000000004,12430000.0,150249645,37.7860125448683,-122.411328869385,SFPD-CROSSROADS,CITY STREET,03/21/2015 01:00:00 AM,2015 March 21,01:00:00,2015,March,Saturday,TAYLOR ST,OFARRELL ST,6.0,Cloudy,Injury (Other Visible),Vehicle/Pedestrian,Pedestrian,Crossing in Crosswalk at Intersection,Snowy or Icy,No Unusual Condition,Dark - Street Lights,Intersection <= 20ft,0.0,2,1.0,Driver,North,Making Left Turn,Pedestrian,West,Proceeding Straight,POINT (-122.41133 37.78601),20.0,5.0,10.0,36.0,01
3418,vw_geo_sfpd_cr_switrs_all_types_col_cty_union.fid-c18a0c2_186644fdb18_-389d,41960,27183000.0,,160918216,37.7672000000121,-122.458637160993,SFPD-CROSSROADS,CITY STREET,11/11/2016 07:35:00 AM,2016 November 11,07:35:00,2016,November,Friday,KEZAR DR,MARTIN LUTHER KING JR DR,0.0,Clear,Injury (Complaint of Pain),Vehicle/Pedestrian,Pedestrian,Crossing in Crosswalk at Intersection,Dry,No Unusual Condition,Daylight,Intersection <= 20ft,0.0,2,1.0,Driver,East,Making Left Turn,Pedestrian,South,Not Stated,POINT (-122.45863 37.7672),9.0,7.0,11.0,12.0,07
3421,vw_geo_sfpd_cr_switrs_all_types_col_cty_union.fid-c18a0c2_186644fdb18_-3792,33746,25332000.0,13093000.0,161047442,37.7986929186515,-122.407898976999,SFPD-CROSSROADS,CITY STREET,12/26/2016 12:00:00 PM,2016 December 26,12:00:00,2016,December,Monday,VALLEJO ST,COLUMBUS AVE,9.0,Clear,Injury (Complaint of Pain),Vehicle/Pedestrian,Pedestrian,Crossing in Crosswalk at Intersection,Dry,No Unusual Condition,Daylight,Intersection <= 20ft,0.0,1,1.0,Driver,East,Making Right Turn,Pedestrian,North,Proceeding Straight,POINT (-122.4079 37.798695),106.0,6.0,3.0,6.0,12
3429,vw_geo_sfpd_cr_switrs_all_types_col_cty_union.fid-c18a0c2_186644fdb18_-3e76,12410,25706000.0,,160181178,37.7646456881905,-122.426381708022,SFPD-CROSSROADS,CITY STREET,03/02/2016 12:15:00 AM,2016 March 02,00:15:00,2016,March,Wednesday,DOLORES ST,16TH ST,0.0,Clear,Injury (Complaint of Pain),Vehicle/Pedestrian,Pedestrian,"In Road, Including Shoulder",Dry,No Unusual Condition,Dark - Street Lights,Intersection <= 20ft,0.0,1,1.0,Driver,North,Proceeding Straight,Pedestrian,North,Proceeding Straight,POINT (-122.426384 37.764645),37.0,3.0,5.0,5.0,00
3432,vw_geo_sfpd_cr_switrs_all_types_col_cty_union.fid-c18a0c2_186644fdb18_-40ab,13386,24336000.000000004,,150996012,37.7685373867516,-122.415613781476,SFPD-CROSSROADS,CITY STREET,11/15/2015 07:52:00 PM,2015 November 15,19:52:00,2015,November,Sunday,FOLSOM ST,14TH ST,0.0,Clear,Injury (Other Visible),Vehicle/Pedestrian,Pedestrian,Crossing in Crosswalk at Intersection,Dry,No Unusual Condition,Dark - Street Lights,Intersection <= 20ft,0.0,1,1.0,Driver,North,Making Right Turn,Pedestrian,West,Not Stated,POINT (-122.41561 37.768536),53.0,3.0,2.0,20.0,19
3438,vw_geo_sfpd_cr_switrs_all_types_col_cty_union.fid-c18a0c2_186644fdb18_-44f1,13108,23857000.0,,150395022,37.7673732173696,-122.402806995442,SFPD-CROSSROADS,CITY STREET,05/06/2015 06:10:00 PM,2015 May 06,18:10:00,2015,May,Wednesday,15TH ST,RHODE ISLAND ST,0.0,Clear,Injury (Complaint of Pain),Vehicle/Pedestrian,Pedestrian,Crossing Not in Crosswalk,Dry,No Unusual Condition,Daylight,Intersection <= 20ft,0.0,1,,Driver,West,Proceeding Straight,Pedestrian,South,Proceeding Straight,POINT (-122.40281 37.767372),33.0,1.0,9.0,4.0,18
3444,vw_geo_sfpd_cr_switrs_all_types_col_cty_union.fid-c18a0c2_186644fdb18_-3bfe,25931,24900000.000000004,,160494056,37.7852829172846,-122.409497525508,SFPD-CROSSROADS,CITY STREET,06/18/2016 12:03:00 AM,2016 June 18,00:03:00,2016,June,Saturday,MASON ST,ELLIS ST,0.0,Clear,Injury (Complaint of Pain),Vehicle/Pedestrian,Pedestrian,Crossing in Crosswalk at Intersection,Dry,No Unusual Condition,Dark - Street Lights,Intersection <= 20ft,0.0,1,1.0,Driver,West,Making Left Turn,Pedestrian,West,Other,POINT (-122.4095 37.785282),20.0,5.0,10.0,36.0,00
3447,vw_geo_sfpd_cr_switrs_all_types_col_cty_union.fid-c18a0c2_186644fdb18_-48e4,8857,23967000.0,,140891325,37.7568337344117,-122.406699001208,SFPD-CROSSROADS,CITY STREET,10/21/2014 03:15:00 PM,2014 October 21,15:15:00,2014,October,Tuesday,POTRERO AVE,22ND ST,0.0,Clear,Injury (Complaint of Pain),Vehicle/Pedestrian,Pedestrian,Crossing in Crosswalk at Intersection,Dry,No Unusual Condition,Daylight,Intersection <= 20ft,0.0,1,1.0,Driver,South,Making Left Turn,Pedestrian,East,Proceeding Straight,POINT (-122.4067 37.756832),53.0,3.0,2.0,20.0,15
3453,vw_geo_sfpd_cr_switrs_all_types_col_cty_union.fid-c18a0c2_186644fdb18_-41d3,30536,25223000.0,,150843015,37.7884896430512,-122.421948584977,SFPD-CROSSROADS,CITY STREET,09/25/2015 10:40:00 PM,2015 September 25,22:40:00,2015,September,Friday,VAN NESS AVE,BUSH ST,0.0,Clear,Injury (Complaint of Pain),Vehicle/Pedestrian,Pedestrian,Crossing in Crosswalk at Intersection,Dry,No Unusual Condition,Dark - Street Lights,Intersection <= 20ft,0.0,2,1.0,Pedestrian,East,Proceeding Straight,Driver,South,Proceeding Straight,POINT (-122.42195 37.78849),100.0,4.0,6.0,39.0,22
3456,vw_geo_sfpd_cr_switrs_all_types_col_cty_union.fid-c18a0c2_186644fdb18_-3b01,14387,34167000.0,,160973696,37.774327550655,-122.391634135316,SFPD-CROSSROADS,CITY STREET,11/30/2016 12:50:00 PM,2016 November 30,12:50:00,2016,November,Wednesday,04TH ST,CHANNEL ST,0.0,Raining,Injury (Complaint of Pain),Vehicle/Pedestrian,Pedestrian,Crossing in Crosswalk at Intersection,Wet,No Unusual Condition,Daylight,Intersection <= 20ft,0.0,1,1.0,Driver,East,Making Right Turn,Pedestrian,East,Proceeding Straight,POINT (-122.39163 37.774326),34.0,1.0,10.0,4.0,12
3462,vw_geo_sfpd_cr_switrs_all_types_col_cty_union.fid-c18a0c2_186644fdb18_-49f7,26955,24552000.0,,140733705,37.7932304920746,-122.393181331577,SFPD-CROSSROADS,CITY STREET,08/31/2014 07:36:00 PM,2014 August 31,19:36:00,2014,August,Sunday,MISSION ST,STEUART ST,0.0,Clear,Injury (Complaint of Pain),Vehicle/Pedestrian,Pedestrian,Crossing in Crosswalk at Intersection,Dry,No Unusual Condition,Dusk - Dawn,Intersection <= 20ft,0.0,2,1.0,Pedestrian,North,Proceeding Straight,Pedestrian,North,Proceeding Straight,POINT (-122.39318 37.793232),108.0,1.0,3.0,8.0,19
3464,vw_geo_sfpd_cr_switrs_all_types_col_cty_union.fid-c18a0c2_186644fdb18_-40cb,5142,22256000.0,,150976553,37.7315306468977,-122.45341134388,SFPD-CROSSROADS,CITY STREET,11/09/2015 08:00:00 AM,2015 November 09,08:00:00,2015,November,Monday,MONTEREY BLVD,RIDGEWOOD AVE,0.0,Raining,Injury (Complaint of Pain),Vehicle/Pedestrian,Pedestrian,Crossing in Crosswalk at Intersection,Wet,No Unusual Condition,Daylight,Intersection <= 20ft,0.0,1,1.0,Driver,East,Stopped In Road,Pedestrian,South,Proceeding Straight,POINT (-122.453415 37.73153),71.0,9.0,8.0,41.0,08
3465,vw_geo_sfpd_cr_switrs_all_types_col_cty_union.fid-c18a0c2_186644fdb18_-3de3,30437,25219000.0,,160246120,37.7875481397435,-122.421758104408,SFPD-CROSSROADS,CITY STREET,03/24/2016 08:51:00 PM,2016 March 24,20:51:00,2016,March,Thursday,VAN NESS AVE,SUTTER ST,0.0,Clear,Injury (Complaint of Pain),Broadside,Pedestrian,Crossing in Crosswalk at Intersection,Dry,No Unusual Condition,Dark - Street Lights,Intersection <= 20ft,0.0,1,1.0,Pedestrian,East,Proceeding Straight,Driver,North,Proceeding Straight,POINT (-122.42176 37.787548),100.0,4.0,6.0,39.0,20
3466,vw_geo_sfpd_cr_switrs_all_types_col_cty_union.fid-c18a0c2_186644fdb18_-44e6,20179,30748000.000000004,,150403409,37.7751470744979,-122.419255606436,SFPD-CROSSROADS,CITY STREET,05/08/2015 04:30:00 PM,2015 May 08,16:30:00,2015,May,Friday,VAN NESS AVE,MARKET ST,0.0,Clear,Injury (Complaint of Pain),Vehicle/Pedestrian,Pedestrian,Crossing in Crosswalk at Intersection,Dry,No Unusual Condition,Daylight,Intersection <= 20ft,0.0,1,1.0,Pedestrian,West,Proceeding Straight,Driver,North,Proceeding Straight,POINT (-122.41926 37.775146),32.0,1.0,10.0,20.0,16
3471,vw_geo_sfpd_cr_switrs_all_types_col_cty_union.fid-c18a0c2_186644fdb18_-4b83,16987,24294000.000000004,,140450056,37.7813981342936,-122.409245442968,SFPD-CROSSROADS,CITY STREET,05/29/2014 11:03:00 PM,2014 May 29,23:03:00,2014,May,Thursday,06TH ST,JESSIE ST,0.0,Clear,Injury (Other Visible),Vehicle/Pedestrian,Pedestrian,Crossing in Crosswalk at Intersection,Dry,No Unusual Condition,Dark - Street Lights,Intersection <= 20ft,0.0,1,1.0,Pedestrian,East,Proceeding Straight,Driver,South,Backing,POINT (-122.40925 37.7814),32.0,5.0,10.0,34.0,23
3472,vw_geo_sfpd_cr_switrs_all_types_col_cty_union.fid-c18a0c2_186644fdb18_-3a68,24333,24924000.0,,160712870,37.7832143127917,-122.410764828286,SFPD-CROSSROADS,CITY STREET,09/02/2016 05:41:00 PM,2016 September 02,17:41:00,2016,September,Friday,TURK ST,TAYLOR ST,0.0,Clear,Injury (Complaint of Pain),Vehicle/Pedestrian,Pedestrian,Crossing in Crosswalk at Intersection,Dry,No Unusual Condition,Daylight,Intersection <= 20ft,0.0,1,1.0,Driver,West,Making Left Turn,Pedestrian,South,Other,POINT (-122.41077 37.783215),20.0,5.0,10.0,36.0,17
3485,vw_geo_sfpd_cr_switrs_all_types_col_cty_union.fid-c18a0c2_186644fdb18_-4791,16896,24285000.0,9044000.0,150021136,37.7806123604665,-122.408063330192,SFPD-CROSSROADS,CITY STREET,01/07/2015 08:08:00 PM,2015 January 07,20:08:00,2015,January,Wednesday,06TH ST,MISSION ST,41.0,Clear,Injury (Complaint of Pain),Vehicle/Pedestrian,Pedestrian,Crossing Not in Crosswalk,Dry,No Unusual Condition,Dark - Street Lights,Midblock > 20ft,0.0,1,1.0,Pedestrian,North,Other,Driver,South,Slowing/Stopping,POINT (-122.408066 37.780613),32.0,1.0,10.0,34.0,20
3486,vw_geo_sfpd_cr_switrs_all_types_col_cty_union.fid-c18a0c2_186644fdb18_-3e4e,16297,23937000.0,,160196644,37.7802649727995,-122.4033872092,SFPD-CROSSROADS,CITY STREET,03/07/2016 02:07:00 PM,2016 March 07,14:07:00,2016,March,Monday,05TH AVE,FOLSOM ST,0.0,Raining,Injury (Complaint of Pain),Vehicle/Pedestrian,Pedestrian,Crossing in Crosswalk at Intersection,Wet,No Unusual Condition,Daylight,Intersection <= 20ft,0.0,1,1.0,Driver,North,Making Left Turn,Pedestrian,West,Proceeding Straight,POINT (-122.40339 37.780266),32.0,1.0,10.0,34.0,14
3491,vw_geo_sfpd_cr_switrs_all_types_col_cty_union.fid-c18a0c2_186644fdb18_-435a,24573,24933000.0,12719000.0,150634115,37.7826285263347,-122.415353237394,SFPD-CROSSROADS,CITY STREET,07/21/2015 01:23:00 PM,2015 July 21,13:23:00,2015,July,Tuesday,TURK ST,HYDE ST,100.0,Clear,Injury (Complaint of Pain),Vehicle/Pedestrian,Pedestrian,Not in Road,Dry,No Unusual Condition,Daylight,Midblock > 20ft,0.0,1,1.0,Driver,South,Backing,Pedestrian,West,Other,POINT (-122.41535 37.782627),20.0,5.0,10.0,36.0,13
3505,vw_geo_sfpd_cr_switrs_all_types_col_cty_union.fid-c18a0c2_186644fdb18_-4a08,2532,20151000.0,,140719250,37.7270441469792,-122.388672812032,SFPD-CROSSROADS,CITY STREET,06/26/2014 07:06:00 PM,2014 June 26,19:06:00,2014,June,Thursday,JENNINGS ST,VAN DYKE AVE,0.0,Clear,Injury (Complaint of Pain),Vehicle/Pedestrian,Pedestrian,Crossing in Crosswalk at Intersection,Dry,No Unusual Condition,Daylight,Intersection <= 20ft,0.0,1,1.0,Pedestrian,West,Proceeding Straight,Driver,South,Making Left Turn,POINT (-122.38867 37.727043),86.0,2.0,9.0,1.0,19
3507,vw_geo_sfpd_cr_switrs_all_types_col_cty_union.fid-c18a0c2_186644fdb18_-3e62,20181,30748000.000000004,,160189978,37.7751470744979,-122.419255606436,SFPD-CROSSROADS,CITY STREET,03/04/2016 10:45:00 PM,2016 March 04,22:45:00,2016,March,Friday,MARKET ST,VAN NESS AVE,0.0,Raining,Injury (Other Visible),Vehicle/Pedestrian,Pedestrian,Crossing in Crosswalk at Intersection,Wet,No Unusual Condition,Dark - Street Lights,Intersection <= 20ft,0.0,1,,Pedestrian,West,Proceeding Straight,Driver,South,Proceeding Straight,POINT (-122.41926 37.775146),32.0,1.0,10.0,20.0,22