,id,unique_id,cnn_intrsctn_fkey,cnn_sgmt_fkey,case_id_pkey,tb_latitude,tb_longitude,geocode_source,geocode_location,collision_datetime,collision_date,collision_time,accident_year,month,day_of_week,primary_rd,secondary_rd,distance,weather_1,collision_severity,type_of_collision,mviw,ped_action,road_surface,road_cond_1,lighting,intersection,number_killed,number_injured,party_at_fault,party1_type,party1_dir_of_travel,party1_move_pre_acc,party2_type,party2_dir_of_travel,party2_move_pre_acc,point,Neighborhoods,Current Police Districts,Current Supervisor Districts,Analysis Neighborhoods,hour
3511,vw_geo_sfpd_cr_switrs_all_types_col_cty_union.fid-c18a0c2_186644fdb18_-4756,29933,25197000.000000004,,150053690,37.785685802716,-122.421393307554,SFPD-CROSSROADS,CITY STREET,01/18/2015 08:00:00 AM,2015 January 18,08:00:00,2015,January,Sunday,GEARY ST,VAN NESS AVE,0.0,Clear,Injury (Other Visible),Vehicle/Pedestrian,Pedestrian,Crossing in Crosswalk at Intersection,Dry,No Unusual Condition,Daylight,Intersection <= 20ft,0.0,1,1.0,Driver,East,Making Left Turn,Pedestrian,West,Proceeding Straight,POINT (-122.421394 37.785686),100.0,4.0,11.0,39.0,08
3512,vw_geo_sfpd_cr_switrs_all_types_col_cty_union.fid-c18a0c2_186644fdb18_-48ed,8651,23990000.0,5698000.0,140885469,37.75257084473,-122.414092029091,SFPD-CROSSROADS,CITY STREET,10/19/2014 07:27:00 PM,2014 October 19,19:27:00,2014,October,Sunday,FOLSOM ST,24TH ST,24.0,Clear,Injury (Other Visible),Broadside,Pedestrian,Crossing Not in Crosswalk,Dry,No Unusual Condition,Dark - Street Lights,Midblock > 20ft,0.0,1,1.0,Pedestrian,West,Proceeding Straight,Driver,North,Making Right Turn,POINT (-122.41409 37.75257),53.0,3.0,2.0,20.0,19
3513,vw_geo_sfpd_cr_switrs_all_types_col_cty_union.fid-c18a0c2_186644fdb18_-4418,17098,30742000.0,,150526142,37.7804785121773,-122.41251225633,SFPD-CROSSROADS,CITY STREET,06/16/2015 03:38:00 PM,2015 June 16,15:38:00,2015,June,Tuesday,MARKET ST,07TH ST,0.0,Clear,Injury (Other Visible),Vehicle/Pedestrian,Pedestrian,Crossing in Crosswalk at Intersection,Dry,No Unusual Condition,Daylight,Intersection <= 20ft,0.0,1,1.0,Driver,West,Making Left Turn,Pedestrian,South,Other,POINT (-122.41251 37.78048),32.0,5.0,10.0,34.0,15
3517,vw_geo_sfpd_cr_switrs_all_types_col_cty_union.fid-c18a0c2_186644fdb18_-4962,7608,33362000.0,2490102.0,140831694,37.7479983926721,-122.421819467542,SFPD-CROSSROADS,CITY STREET,10/02/2014 07:32:00 PM,2014 October 02,19:32:00,2014,October,Thursday,CESAR CHAVEZ ST,GUERRERO ST,192.0,Clear,Injury (Complaint of Pain),Vehicle/Pedestrian,Pedestrian,"In Road, Including Shoulder",Dry,No Unusual Condition,Dark - Street Lights,Midblock > 20ft,0.0,1,1.0,Pedestrian,East,Proceeding Straight,Driver,West,Changing Lanes,POINT (-122.42182 37.747997),83.0,3.0,2.0,22.0,19
3520,vw_geo_sfpd_cr_switrs_all_types_col_cty_union.fid-c18a0c2_186644fdb18_-412a,32388,26611000.000000004,,150925362,37.7889062840612,-122.433839654462,SFPD-CROSSROADS,CITY STREET,10/23/2015 12:03:00 AM,2015 October 23,00:03:00,2015,October,Friday,CALIFORNIA ST,FILLMORE ST,0.0,Clear,Injury (Complaint of Pain),Vehicle/Pedestrian,Pedestrian,Crossing in Crosswalk at Intersection,Dry,No Unusual Condition,Dark - Street Lights,Intersection <= 20ft,0.0,2,1.0,Driver,East,Making Left Turn,Pedestrian,North,Not Stated,POINT (-122.43384 37.788906),103.0,4.0,6.0,30.0,00
3521,vw_geo_sfpd_cr_switrs_all_types_col_cty_union.fid-c18a0c2_186644fdb18_-4c3f,38339,23167000.0,13475000.0,140335856,37.737408051583,-122.476352105976,SFPD-CROSSROADS,CITY STREET,04/23/2014 07:36:00 AM,2014 April 23,07:36:00,2014,April,Wednesday,WAWONA ST,20TH AVE,5.0,Clear,Injury (Severe),Vehicle/Pedestrian,Pedestrian,Crossing in Crosswalk at Intersection,Dry,No Unusual Condition,Daylight,Intersection <= 20ft,0.0,1,1.0,Driver,East,Proceeding Straight,Pedestrian,North,Proceeding Straight,POINT (-122.47635 37.737408),40.0,10.0,7.0,35.0,07
3526,vw_geo_sfpd_cr_switrs_all_types_col_cty_union.fid-c18a0c2_186644fdb18_-4fb1,13963,24206000.0,,130996587,37.7715786773086,-122.411277936994,SFPD-CROSSROADS,CITY STREET,11/24/2013 01:43:00 PM,2013 November 24,13:43:00,2013,November,Sunday,10TH ST,HARRISON ST,0.0,Clear,Injury (Complaint of Pain),Head-On,Pedestrian,Crossing in Crosswalk at Intersection,Dry,No Unusual Condition,Daylight,Intersection <= 20ft,0.0,1,1.0,Driver,West,Making Left Turn,Pedestrian,East,Proceeding Straight,POINT (-122.41128 37.77158),32.0,1.0,10.0,34.0,13
3527,vw_geo_sfpd_cr_switrs_all_types_col_cty_union.fid-c18a0c2_186644fdb18_-3fc8,18543,24388000.0,,151120456,37.773053453993,-122.418618216707,SFPD-CROSSROADS,CITY STREET,12/29/2015 04:07:00 PM,2015 December 29,16:07:00,2015,December,Tuesday,MISSION ST,VAN NESS AVE,0.0,Clear,Injury (Complaint of Pain),Vehicle/Pedestrian,Pedestrian,Crossing in Crosswalk at Intersection,Dry,No Unusual Condition,Daylight,Intersection <= 20ft,0.0,1,1.0,Driver,West,Proceeding Straight,Pedestrian,South,Proceeding Straight,POINT (-122.41862 37.773052),32.0,1.0,10.0,20.0,16
3563,vw_geo_sfpd_cr_switrs_all_types_col_cty_union.fid-c18a0c2_186644fdb18_-3904,38964,23176000.0,,160870199,37.7391357980925,-122.479718314736,SFPD-CROSSROADS,CITY STREET,10/25/2016 06:33:00 PM,2016 October 25,18:33:00,2016,October,Tuesday,VICENTE ST,23RD AVE,0.0,Clear,Injury (Severe),Vehicle/Pedestrian,Pedestrian,Crossing in Crosswalk at Intersection,Dry,No Unusual Condition,Dusk - Dawn,Intersection <= 20ft,0.0,1,1.0,Driver,West,Proceeding Straight,Pedestrian,North,Proceeding Straight,POINT (-122.47972 37.739136),40.0,10.0,7.0,35.0,18
3566,vw_geo_sfpd_cr_switrs_all_types_col_cty_union.fid-c18a0c2_186644fdb18_-4f57,3675,20770000.0,11924000.0,130110715,37.7324349180302,-122.405619693925,SFPD-CROSSROADS,CITY STREET,02/07/2013 10:24:00 PM,2013 February 07,22:24:00,2013,February,Thursday,SILVER AVE,SAN BRUNO AVE,4.0,Cloudy,Injury (Severe),Vehicle/Pedestrian,Pedestrian,Crossing in Crosswalk at Intersection,Wet,No Unusual Condition,Dark - Street Lights,Intersection <= 20ft,0.0,1,1.0,Driver,North,Making Left Turn,Pedestrian,East,Other,POINT (-122.40562 37.732433),91.0,2.0,2.0,25.0,22
3570,vw_geo_sfpd_cr_switrs_all_types_col_cty_union.fid-c18a0c2_186644fdb18_-3f9c,35590,27023000.0,,160016575,37.8003858245922,-122.447130573145,SFPD-CROSSROADS,CITY STREET,01/07/2016 07:35:00 AM,2016 January 07,07:35:00,2016,January,Thursday,RICHARDSON AVE,FRANCISCO ST,0.0,Cloudy,Injury (Other Visible),Vehicle/Pedestrian,Pedestrian,Crossing in Crosswalk at Intersection,Wet,No Unusual Condition,Daylight,Intersection <= 20ft,0.0,1,1.0,Driver,North,Making Right Turn,Pedestrian,East,Proceeding Straight,POINT (-122.44713 37.800385),14.0,4.0,6.0,13.0,07
3585,vw_geo_sfpd_cr_switrs_all_types_col_cty_union.fid-c18a0c2_186644fdb18_-4922,11833,24168000.0,,140863192,37.7651099551722,-122.418698425482,SFPD-CROSSROADS,CITY STREET,10/12/2014 05:50:00 PM,2014 October 12,17:50:00,2014,October,Sunday,16TH ST,CAPP ST,0.0,Clear,Injury (Other Visible),Vehicle/Pedestrian,Pedestrian,Crossing in Crosswalk at Intersection,Dry,No Unusual Condition,Daylight,Intersection <= 20ft,0.0,1,1.0,Driver,North,Making Left Turn,Pedestrian,East,Proceeding Straight,POINT (-122.4187 37.76511),53.0,3.0,2.0,20.0,17
3586,vw_geo_sfpd_cr_switrs_all_types_col_cty_union.fid-c18a0c2_186644fdb18_-3eaa,22051,25966000.0,,160148269,37.7797827938853,-122.4302332366,SFPD-CROSSROADS,CITY STREET,02/19/2016 02:26:00 PM,2016 February 19,14:26:00,2016,February,Friday,WEBSTER ST,GOLDEN GATE AVE,0.0,Raining,Injury (Severe),Vehicle/Pedestrian,Pedestrian,Crossing in Crosswalk at Intersection,Wet,No Unusual Condition,Daylight,Intersection <= 20ft,0.0,1,1.0,Driver,East,Making Right Turn,Pedestrian,South,Proceeding Straight,POINT (-122.43024 37.77978),97.0,4.0,11.0,39.0,14
3587,vw_geo_sfpd_cr_switrs_all_types_col_cty_union.fid-c18a0c2_186644fdb18_-381c,37928,22645000.0,9281101.0,160983112,37.7313399566305,-122.455721195457,SFPD-CROSSROADS,CITY STREET,12/03/2016 05:27:00 PM,2016 December 03,17:27:00,2016,December,Saturday,MONTEREY BLVD,VALDEZ AVE,14.0,Clear,Fatal,Vehicle/Pedestrian,Pedestrian,Crossing in Crosswalk at Intersection,Dry,No Unusual Condition,Dark - Street Lights,Intersection <= 20ft,1.0,1,1.0,Driver,East,Proceeding Straight,Pedestrian,North,Not Stated,POINT (-122.45572 37.73134),71.0,9.0,8.0,41.0,17
3596,vw_geo_sfpd_cr_switrs_all_types_col_cty_union.fid-c18a0c2_186644fdb18_-3bcb,23267,30016000.0,6809000.0,160519767,37.7851047550132,-122.398365397569,SFPD-CROSSROADS,CITY STREET,06/27/2016 12:19:00 AM,2016 June 27,00:19:00,2016,June,Monday,HAWTHORNE ST,FOLSOM ST,226.0,Clear,Injury (Complaint of Pain),Sideswipe,Pedestrian,"In Road, Including Shoulder",Dry,No Unusual Condition,Dark - Street Lights,Midblock > 20ft,0.0,1,1.0,Driver,South,Proceeding Straight,Pedestrian,South,Stopped In Road,POINT (-122.39837 37.785107),32.0,1.0,10.0,8.0,00
3610,vw_geo_sfpd_cr_switrs_all_types_col_cty_union.fid-c18a0c2_186644fdb18_-4e15,43258,27217000.000000004,,140059692,37.7814311401638,-122.455523985596,SFPD-CROSSROADS,CITY STREET,01/21/2014 07:30:00 AM,2014 January 21,07:30:00,2014,January,Tuesday,GEARY BLVD,COMMONWEALTH AVE,0.0,Clear,Injury (Complaint of Pain),Vehicle/Pedestrian,Pedestrian,Crossing in Crosswalk at Intersection,Dry,No Unusual Condition,Daylight,Intersection <= 20ft,0.0,1,1.0,Driver,West,Proceeding Straight,Pedestrian,South,Proceeding Straight,POINT (-122.45552 37.78143),12.0,8.0,4.0,18.0,07
3613,vw_geo_sfpd_cr_switrs_all_types_col_cty_union.fid-c18a0c2_186644fdb18_-4ba3,13922,24198000.0,,140428871,37.7712907920161,-122.408531081992,SFPD-CROSSROADS,CITY STREET,05/22/2014 03:58:00 PM,2014 May 22,15:58:00,2014,May,Thursday,BRYANT ST,09TH ST,0.0,Clear,Injury (Complaint of Pain),Vehicle/Pedestrian,Pedestrian,Crossing in Crosswalk at Intersection,Dry,No Unusual Condition,Daylight,Intersection <= 20ft,0.0,1,1.0,Driver,North,Making Left Turn,Pedestrian,East,Not Stated,POINT (-122.40853 37.77129),33.0,1.0,10.0,34.0,15
3616,vw_geo_sfpd_cr_switrs_all_types_col_cty_union.fid-c18a0c2_186644fdb18_-400b,2918,20638000.0,,151085913,37.7273743005073,-122.404593827188,SFPD-CROSSROADS,CITY STREET,12/16/2015 06:09:00 PM,2015 December 16,18:09:00,2015,December,Wednesday,BACON ST,GIRARD ST,0.0,Clear,Injury (Severe),Vehicle/Pedestrian,Pedestrian,Crossing in Crosswalk at Intersection,Dry,No Unusual Condition,Dark - Street Lights,Intersection <= 20ft,0.0,1,1.0,Driver,East,Making Left Turn,Pedestrian,North,Other,POINT (-122.404594 37.727375),91.0,2.0,2.0,25.0,18
3625,vw_geo_sfpd_cr_switrs_all_types_col_cty_union.fid-c18a0c2_186644fdb18_-464e,24684,30739000.0,,130364382,37.7839914868634,-122.408066547888,SFPD-CROSSROADS,CITY STREET,05/04/2013 10:05:00 AM,2013 May 04,10:05:00,2013,May,Saturday,MARKET ST,05TH ST,0.0,Clear,Injury (Other Visible),Vehicle/Pedestrian,Pedestrian,Crossing in Crosswalk at Intersection,Dry,No Unusual Condition,Daylight,Intersection <= 20ft,0.0,1,1.0,Pedestrian,North,Proceeding Straight,Bicyclist,East,Proceeding Straight,POINT (-122.408066 37.783993),19.0,5.0,10.0,34.0,10
3634,vw_geo_sfpd_cr_switrs_all_types_col_cty_union.fid-c18a0c2_186644fdb18_-3980,42138,26475000.0,12084000.0,160814852,37.7741982798508,-122.454550709561,SFPD-CROSSROADS,CITY STREET,10/06/2016 11:30:00 PM,2016 October 06,23:30:00,2016,October,Thursday,STANYAN ST,FULTON ST,207.0,Clear,Injury (Severe),Vehicle/Pedestrian,Pedestrian,Crossing Not in Crosswalk,Dry,No Unusual Condition,Dark - Street Lights,Midblock > 20ft,0.0,1,1.0,Pedestrian,West,Entering Traffic,Driver,South,Proceeding Straight,POINT (-122.45455 37.774197),12.0,7.0,4.0,18.0,23
3636,vw_geo_sfpd_cr_switrs_all_types_col_cty_union.fid-c18a0c2_186644fdb18_-428f,35608,27010000.0,,150740762,37.8017873432252,-122.446609576332,SFPD-CROSSROADS,CITY STREET,08/24/2015 02:10:00 PM,2015 August 24,14:10:00,2015,August,Monday,BAY ST,BAKER ST,0.0,Clear,Injury (Severe),Vehicle/Pedestrian,Pedestrian,Crossing Not in Crosswalk,Dry,No Unusual Condition,Daylight,Intersection <= 20ft,0.0,1,1.0,Pedestrian,South,Proceeding Straight,Driver,West,Proceeding Straight,POINT (-122.44661 37.80179),17.0,4.0,6.0,13.0,14
3641,vw_geo_sfpd_cr_switrs_all_types_col_cty_union.fid-c18a0c2_186644fdb18_-387a,18997,25993000.0,12120000.0,160934466,37.7716652749619,-122.432045552111,SFPD-CROSSROADS,CITY STREET,11/16/2016 05:40:00 PM,2016 November 16,17:40:00,2016,November,Wednesday,STEINER ST,HAIGHT ST,86.0,Clear,Injury (Severe),Broadside,Pedestrian,"In Road, Including Shoulder",Dry,No Unusual Condition,Dark - Street Lights,Midblock > 20ft,0.0,1,1.0,Pedestrian,West,Proceeding Straight,Driver,North,Proceeding Straight,POINT (-122.432045 37.771664),26.0,4.0,11.0,9.0,17
3659,vw_geo_sfpd_cr_switrs_all_types_col_cty_union.fid-c18a0c2_186644fdb18_-3a1d,11886,24170000.0,,160749243,37.7650513370665,-122.419668972502,SFPD-CROSSROADS,CITY STREET,09/15/2016 11:30:00 AM,2016 September 15,11:30:00,2016,September,Thursday,16TH ST,MISSION ST,0.0,Clear,Injury (Complaint of Pain),Vehicle/Pedestrian,Pedestrian,Crossing in Crosswalk at Intersection,Dry,No Unusual Condition,Daylight,Intersection <= 20ft,0.0,1,,Driver,East,Proceeding Straight,Pedestrian,South,Proceeding Straight,POINT (-122.41967 37.765053),53.0,3.0,2.0,20.0,11
3662,vw_geo_sfpd_cr_switrs_all_types_col_cty_union.fid-c18a0c2_186644fdb18_-4000,33499,24808000.0,,151091205,37.7995314477082,-122.40124024106,SFPD-CROSSROADS,CITY STREET,12/18/2015 12:50:00 PM,2015 December 18,12:50:00,2015,December,Friday,VALLEJO ST,BATTERY ST,0.0,Cloudy,Injury (Complaint of Pain),Vehicle/Pedestrian,Pedestrian,Crossing in Crosswalk at Intersection,Dry,No Unusual Condition,Daylight,Intersection <= 20ft,0.0,1,1.0,Driver,West,Proceeding Straight,Pedestrian,North,Proceeding Straight,POINT (-122.40124 37.79953),77.0,6.0,3.0,8.0,12
3670,vw_geo_sfpd_cr_switrs_all_types_col_cty_union.fid-c18a0c2_186644fdb18_-4dcb,38844,22954000.0,12790000.0,140105251,37.7414266450808,-122.470069847398,SFPD-CROSSROADS,CITY STREET,02/05/2014 09:30:00 AM,2014 February 05,09:30:00,2014,February,Wednesday,ULLOA ST,14TH AVE,10.0,Clear,Injury (Complaint of Pain),Vehicle/Pedestrian,Pedestrian,Crossing in Crosswalk at Intersection,Dry,No Unusual Condition,Daylight,Intersection <= 20ft,0.0,1,1.0,Driver,East,Making Left Turn,Pedestrian,North,Proceeding Straight,POINT (-122.47007 37.74143),46.0,10.0,8.0,41.0,09
3687,vw_geo_sfpd_cr_switrs_all_types_col_cty_union.fid-c18a0c2_186644fdb18_-3799,7539,21304000.0,9128000.0,161038093,37.7482577818022,-122.418184486426,SFPD-CROSSROADS,CITY STREET,12/22/2016 12:25:00 PM,2016 December 22,12:25:00,2016,December,Thursday,MISSION ST,CESAR CHAVEZ ST,35.0,Clear,Injury (Complaint of Pain),Vehicle/Pedestrian,Pedestrian,"In Road, Including Shoulder",Dry,No Unusual Condition,Daylight,Midblock > 20ft,0.0,1,1.0,Driver,North,Backing,Pedestrian,East,Other,POINT (-122.41818 37.748257),53.0,3.0,2.0,20.0,12
3695,vw_geo_sfpd_cr_switrs_all_types_col_cty_union.fid-c18a0c2_186644fdb18_-38f9,12507,25804000.0,,160873955,37.7641957129503,-122.433074471299,SFPD-CROSSROADS,CITY STREET,10/26/2016 09:44:00 PM,2016 October 26,21:44:00,2016,October,Wednesday,MARKET ST,16TH ST,0.0,Clear,Injury (Severe),Vehicle/Pedestrian,Pedestrian,Crossing in Crosswalk at Intersection,Dry,No Unusual Condition,Dark - Street Lights,Intersection <= 20ft,0.0,1,1.0,Pedestrian,South,Other,Driver,East,Proceeding Straight,POINT (-122.433075 37.764194),38.0,3.0,5.0,5.0,21
3698,vw_geo_sfpd_cr_switrs_all_types_col_cty_union.fid-c18a0c2_186644fdb18_-4b2e,11625,25793000.0,,140501358,37.7625508244015,-122.434062387245,SFPD-CROSSROADS,CITY STREET,06/17/2014 07:18:00 AM,2014 June 17,07:18:00,2014,June,Tuesday,HARTFORD ST,17TH ST,0.0,Clear,Injury (Complaint of Pain),Vehicle/Pedestrian,Pedestrian,Not in Road,Dry,No Unusual Condition,Daylight,Intersection <= 20ft,0.0,1,,Driver,South,Proceeding Straight,Pedestrian,South,Other,POINT (-122.43406 37.76255),38.0,3.0,5.0,5.0,07
3699,vw_geo_sfpd_cr_switrs_all_types_col_cty_union.fid-c18a0c2_186644fdb18_-4546,5848,20808000.0,,150343667,37.7449822761093,-122.400311436956,SFPD-CROSSROADS,CITY STREET,04/20/2015 05:56:00 AM,2015 April 20,05:56:00,2015,April,Monday,JERROLD AVE,UPTON ST,0.0,Clear,Injury (Severe),Vehicle/Pedestrian,Pedestrian,Crossing Not in Crosswalk,Dry,No Unusual Condition,Dark - No Street Lights,Intersection <= 20ft,0.0,1,2.0,Driver,West,Proceeding Straight,Pedestrian,North,Entering Traffic,POINT (-122.400314 37.744984),85.0,2.0,9.0,1.0,05
3710,vw_geo_sfpd_cr_switrs_all_types_col_cty_union.fid-c18a0c2_186644fdb18_-3b8b,10696,24130000.000000004,3676000.0,160557886,37.758809082361,-122.417975311318,SFPD-CROSSROADS,CITY STREET,07/10/2016 06:37:00 PM,2016 July 10,18:37:00,2016,July,Sunday,CAPP ST,20TH ST,40.0,Clear,Injury (Complaint of Pain),Vehicle/Pedestrian,Pedestrian,Crossing Not in Crosswalk,Dry,No Unusual Condition,Daylight,Midblock > 20ft,0.0,1,1.0,Pedestrian,North,Proceeding Straight,Driver,North,Backing,POINT (-122.41798 37.75881),53.0,3.0,2.0,20.0,18
3719,vw_geo_sfpd_cr_switrs_all_types_col_cty_union.fid-c18a0c2_186644fdb18_-41b8,17044,24325000.0,,150862548,37.7811361599708,-122.412024074075,SFPD-CROSSROADS,CITY STREET,10/02/2015 08:49:00 AM,2015 October 02,08:49:00,2015,October,Friday,MCALLISTER ST,JONES ST,0.0,Clear,Injury (Other Visible),Vehicle/Pedestrian,Pedestrian,Crossing in Crosswalk at Intersection,Dry,No Unusual Condition,Daylight,Intersection <= 20ft,0.0,1,1.0,Pedestrian,North,Proceeding Straight,Driver,East,Backing,POINT (-122.412025 37.781136),20.0,5.0,10.0,36.0,08
3724,vw_geo_sfpd_cr_switrs_all_types_col_cty_union.fid-c18a0c2_186644fdb18_-3e55,30292,25208000.0,,160192498,37.7877566523916,-122.420116074798,SFPD-CROSSROADS,CITY STREET,03/05/2016 11:55:00 PM,2016 March 05,23:55:00,2016,March,Saturday,SUTTER ST,POLK ST,0.0,Raining,Injury (Complaint of Pain),Vehicle/Pedestrian,Pedestrian,Crossing in Crosswalk at Intersection,Wet,No Unusual Condition,Dark - Street Lights,Intersection <= 20ft,0.0,1,1.0,Driver,South,Making Right Turn,Pedestrian,East,Proceeding Straight,POINT (-122.42011 37.787758),50.0,4.0,3.0,21.0,23
3738,vw_geo_sfpd_cr_switrs_all_types_col_cty_union.fid-c18a0c2_186644fdb18_-4341,18057,25977000.0,,150647958,37.7675952408579,-122.431191120069,SFPD-CROSSROADS,CITY STREET,07/25/2015 06:15:00 PM,2015 July 25,18:15:00,2015,July,Saturday,14TH ST,SANCHEZ ST,0.0,Clear,Injury (Other Visible),Vehicle/Pedestrian,Pedestrian,Crossing in Crosswalk at Intersection,Dry,No Unusual Condition,Daylight,Intersection <= 20ft,0.0,1,1.0,Driver,East,Making Left Turn,Pedestrian,North,Proceeding Straight,POINT (-122.43119 37.767593),28.0,7.0,5.0,5.0,18
3741,vw_geo_sfpd_cr_switrs_all_types_col_cty_union.fid-c18a0c2_186644fdb18_-45a7,19731,26058000.0,,150286841,37.7738471195227,-122.439276798449,SFPD-CROSSROADS,CITY STREET,04/01/2015 05:36:00 PM,2015 April 01,17:36:00,2015,April,Wednesday,BRODERICK ST,FELL ST,0.0,Clear,Injury (Complaint of Pain),Vehicle/Pedestrian,Pedestrian,Crossing in Crosswalk at Intersection,Dry,No Unusual Condition,Daylight,Intersection <= 20ft,0.0,1,1.0,Driver,South,Making Left Turn,Pedestrian,East,Proceeding Straight,POINT (-122.43928 37.773846),24.0,7.0,11.0,9.0,17
3751,vw_geo_sfpd_cr_switrs_all_types_col_cty_union.fid-c18a0c2_186644fdb18_-4cd7,2739,20574000.0,,140239941,37.7236162093319,-122.400784747601,SFPD-CROSSROADS,CITY STREET,03/21/2014 04:35:00 PM,2014 March 21,16:35:00,2014,March,Friday,PAUL AVE,BAY SHORE BLVD,0.0,Clear,Injury (Complaint of Pain),Vehicle/Pedestrian,Pedestrian,Crossing in Crosswalk at Intersection,Dry,No Unusual Condition,Daylight,Intersection <= 20ft,0.0,1,1.0,Driver,South,Making Left Turn,Pedestrian,East,Other,POINT (-122.40079 37.723618),91.0,2.0,9.0,25.0,16
3752,vw_geo_sfpd_cr_switrs_all_types_col_cty_union.fid-c18a0c2_186644fdb18_-4409,26101,24945000.0,,140111935,37.785789584658,-122.412969666794,SFPD-CROSSROADS,CITY STREET,02/07/2014 01:32:00 PM,2014 February 07,13:32:00,2014,February,Friday,JONES ST,OFARRELL ST,0.0,Raining,Injury (Complaint of Pain),Vehicle/Pedestrian,Pedestrian,Crossing Not in Crosswalk,Wet,No Unusual Condition,Daylight,Intersection <= 20ft,0.0,1,2.0,Driver,North,Backing,Pedestrian,East,Proceeding Straight,POINT (-122.41297 37.78579),20.0,5.0,10.0,36.0,13
3760,vw_geo_sfpd_cr_switrs_all_types_col_cty_union.fid-c18a0c2_186644fdb18_-3ddb,32929,26663000.0,13115000.0,160247645,37.7952281665297,-122.43509496458,SFPD-CROSSROADS,CITY STREET,03/25/2016 10:24:00 AM,2016 March 25,10:24:00,2016,March,Friday,VALLEJO ST,FILLMORE ST,5.0,Clear,Injury (Complaint of Pain),Vehicle/Pedestrian,Pedestrian,Crossing in Crosswalk at Intersection,Dry,No Unusual Condition,Daylight,Intersection <= 20ft,0.0,1,1.0,Driver,East,Making Left Turn,Pedestrian,North,Proceeding Straight,POINT (-122.4351 37.795227),102.0,4.0,6.0,30.0,10
3761,vw_geo_sfpd_cr_switrs_all_types_col_cty_union.fid-c18a0c2_186644fdb18_-49c1,10579,24113000.0,,140771313,37.7570354019375,-122.418901028816,SFPD-CROSSROADS,CITY STREET,09/13/2014 02:17:00 AM,2014 September 13,02:17:00,2014,September,Saturday,MISSION ST,21ST ST,0.0,Clear,Injury (Complaint of Pain),Vehicle/Pedestrian,Pedestrian,Crossing Not in Crosswalk,Dry,No Unusual Condition,Dark - Street Lights Not Functioning,Intersection <= 20ft,0.0,1,1.0,Pedestrian,East,Other,Driver,South,Proceeding Straight,POINT (-122.4189 37.757034),53.0,3.0,2.0,20.0,02
3766,vw_geo_sfpd_cr_switrs_all_types_col_cty_union.fid-c18a0c2_186644fdb18_-4072,27307,24662000.0,,151019285,37.7896315970217,-122.405398672766,SFPD-CROSSROADS,CITY STREET,11/23/2015 10:11:00 AM,2015 November 23,10:11:00,2015,November,Monday,SUTTER ST,GRANT AVE,0.0,Clear,Injury (Complaint of Pain),Vehicle/Pedestrian,Pedestrian,Crossing in Crosswalk at Intersection,Dry,No Unusual Condition,Daylight,Intersection <= 20ft,0.0,2,1.0,Driver,North,Making Left Turn,Pedestrian,North,Not Stated,POINT (-122.405396 37.78963),19.0,6.0,3.0,8.0,10
3767,vw_geo_sfpd_cr_switrs_all_types_col_cty_union.fid-c18a0c2_186644fdb18_-4511,41440,27751000.0,,150373658,37.753295682105,-122.497902527452,SFPD-CROSSROADS,CITY STREET,04/29/2015 07:10:00 PM,2015 April 29,19:10:00,2015,April,Wednesday,NORIEGA ST,39TH AVE,0.0,Clear,Injury (Complaint of Pain),Vehicle/Pedestrian,Pedestrian,Crossing in Crosswalk at Intersection,Dry,No Unusual Condition,Daylight,Intersection <= 20ft,0.0,1,1.0,Driver,West,Proceeding Straight,Pedestrian,South,Proceeding Straight,POINT (-122.4979 37.753296),39.0,10.0,7.0,35.0,19
3772,vw_geo_sfpd_cr_switrs_all_types_col_cty_union.fid-c18a0c2_186644fdb18_-3d0b,30152,25216000.000000004,,160355696,37.7864023199057,-122.423213871937,SFPD-CROSSROADS,CITY STREET,05/01/2016 08:33:00 AM,2016 May 01,08:33:00,2016,May,Sunday,POST ST,FRANKLIN ST,0.0,Clear,Injury (Other Visible),Vehicle/Pedestrian,Pedestrian,Crossing in Crosswalk at Intersection,Dry,No Unusual Condition,Daylight,Intersection <= 20ft,0.0,1,1.0,Driver,East,Making Left Turn,Pedestrian,West,Proceeding Straight,POINT (-122.42321 37.786404),100.0,4.0,6.0,39.0,08
3774,vw_geo_sfpd_cr_switrs_all_types_col_cty_union.fid-c18a0c2_186644fdb18_-4124,28693,25262000.000000004,7582000.0,150927772,37.7949768443545,-122.414823339818,SFPD-CROSSROADS,CITY STREET,10/23/2015 07:07:00 PM,2015 October 23,19:07:00,2015,October,Friday,JONES ST,JACKSON ST,4.0,Cloudy,Injury (Complaint of Pain),Vehicle/Pedestrian,Pedestrian,Crossing in Crosswalk at Intersection,Dry,No Unusual Condition,Dark - Street Lights,Intersection <= 20ft,0.0,1,1.0,Driver,North,Making Left Turn,Pedestrian,East,Not Stated,POINT (-122.414825 37.794975),16.0,6.0,3.0,21.0,19
3778,vw_geo_sfpd_cr_switrs_all_types_col_cty_union.fid-c18a0c2_186644fdb18_-37b2,28590,25095000.0,12444000.0,161024484,37.7934595538395,-122.412834776426,SFPD-CROSSROADS,CITY STREET,12/17/2016 06:36:00 PM,2016 December 17,18:36:00,2016,December,Saturday,TAYLOR ST,CLAY ST,10.0,Clear,Injury (Other Visible),Vehicle/Pedestrian,Pedestrian,Crossing in Crosswalk at Intersection,Dry,No Unusual Condition,Dark - Street Lights,Intersection <= 20ft,0.0,1,1.0,Driver,North,Proceeding Straight,Pedestrian,East,Proceeding Straight,POINT (-122.412834 37.79346),16.0,6.0,3.0,21.0,18