,id,unique_id,cnn_intrsctn_fkey,cnn_sgmt_fkey,case_id_pkey,tb_latitude,tb_longitude,geocode_source,geocode_location,collision_datetime,collision_date,collision_time,accident_year,month,day_of_week,primary_rd,secondary_rd,distance,weather_1,collision_severity,type_of_collision,mviw,ped_action,road_surface,road_cond_1,lighting,intersection,number_killed,number_injured,party_at_fault,party1_type,party1_dir_of_travel,party1_move_pre_acc,party2_type,party2_dir_of_travel,party2_move_pre_acc,point,Neighborhoods,Current Police Districts,Current Supervisor Districts,Analysis Neighborhoods,hour
3786,vw_geo_sfpd_cr_switrs_all_types_col_cty_union.fid-c18a0c2_186644fdb18_-3924,3925,21073000.0,,160854262,37.7369995692402,-122.412239392164,SFPD-CROSSROADS,CITY STREET,10/20/2016 07:44:00 AM,2016 October 20,07:44:00,2016,October,Thursday,TOMPKINS AVE,PRENTISS ST,0.0,Clear,Injury (Complaint of Pain),Vehicle/Pedestrian,Pedestrian,Crossing in Crosswalk at Intersection,Dry,No Unusual Condition,Dusk - Dawn,Intersection <= 20ft,0.0,1,1.0,Driver,North,Making Left Turn,Pedestrian,South,Proceeding Straight,POINT (-122.41224 37.737),83.0,9.0,2.0,2.0,07
3787,vw_geo_sfpd_cr_switrs_all_types_col_cty_union.fid-c18a0c2_186644fdb18_-47b6,29157,25178000.000000004,5179000.0,141091936,37.7839854771378,-122.419714178006,SFPD-CROSSROADS,CITY STREET,12/28/2014 04:03:00 PM,2014 December 28,16:03:00,2014,December,Sunday,POLK ST,POST ST,100.0,Clear,Injury (Complaint of Pain),Vehicle/Pedestrian,Pedestrian,"In Road, Including Shoulder",Dry,No Unusual Condition,Daylight,Midblock > 20ft,0.0,1,1.0,Pedestrian,North,Other,Driver,North,Parking Maneuver,POINT (-122.419716 37.783985),20.0,4.0,10.0,36.0,16
3788,vw_geo_sfpd_cr_switrs_all_types_col_cty_union.fid-c18a0c2_186644fdb18_-390a,23608,24532000.0,107000.0,160867425,37.7885213194409,-122.396016431513,SFPD-CROSSROADS,CITY STREET,10/24/2016 08:09:00 PM,2016 October 24,20:09:00,2016,October,Monday,01ST ST,HOWARD ST,8.0,Raining,Injury (Complaint of Pain),Vehicle/Pedestrian,Pedestrian,Crossing in Crosswalk at Intersection,Wet,No Unusual Condition,Dark - Street Lights,Intersection <= 20ft,0.0,1,1.0,Driver,West,Making Left Turn,Pedestrian,East,Proceeding Straight,POINT (-122.39602 37.78852),32.0,1.0,10.0,8.0,20
3797,vw_geo_sfpd_cr_switrs_all_types_col_cty_union.fid-c18a0c2_186644fdb18_-485a,31846,25206000.0,8140000.0,140987560,37.7898567553987,-122.418848070687,SFPD-CROSSROADS,CITY STREET,11/21/2014 08:35:00 PM,2014 November 21,20:35:00,2014,November,Friday,PINE ST,LARKIN ST,10.0,Clear,Injury (Complaint of Pain),Broadside,Pedestrian,Crossing in Crosswalk at Intersection,Wet,No Unusual Condition,Dark - Street Lights,Intersection <= 20ft,0.0,1,,Driver,North,Making Left Turn,Pedestrian,South,Proceeding Straight,POINT (-122.418846 37.789856),16.0,6.0,3.0,21.0,20
3799,vw_geo_sfpd_cr_switrs_all_types_col_cty_union.fid-c18a0c2_186644fdb18_-4721,10771,25782000.0,8325000.0,150080245,37.7571309481744,-122.43059472855,SFPD-CROSSROADS,CITY STREET,01/26/2015 07:53:00 PM,2015 January 26,19:53:00,2015,January,Monday,STEINER ST,GERMANIA ST,20.0,Clear,Injury (Complaint of Pain),Vehicle/Pedestrian,Pedestrian,Crossing Not in Crosswalk,Dry,No Unusual Condition,Dark - Street Lights,Intersection <= 20ft,0.0,1,1.0,Pedestrian,West,Proceeding Straight,Bicyclist,South,Proceeding Straight,POINT (-122.430595 37.75713),52.0,3.0,5.0,5.0,19
3801,vw_geo_sfpd_cr_switrs_all_types_col_cty_union.fid-c18a0c2_186644fdb18_-49a4,24328,24924000.0,,140786237,37.7832143127917,-122.410764828286,SFPD-CROSSROADS,CITY STREET,09/18/2014 08:35:00 AM,2014 September 18,08:35:00,2014,September,Thursday,TURK ST,TAYLOR ST,0.0,Clear,Injury (Complaint of Pain),Vehicle/Pedestrian,Pedestrian,Crossing in Crosswalk at Intersection,Dry,No Unusual Condition,Daylight,Intersection <= 20ft,0.0,1,1.0,Driver,West,Proceeding Straight,Pedestrian,North,Proceeding Straight,POINT (-122.41077 37.783215),20.0,5.0,10.0,36.0,08
3806,vw_geo_sfpd_cr_switrs_all_types_col_cty_union.fid-c18a0c2_186644fdb18_-38da,5950,20725000.0,5339000.0,160888584,37.7472456038688,-122.395978766498,SFPD-CROSSROADS,CITY STREET,10/31/2016 09:30:00 PM,2016 October 31,21:30:00,2016,October,Monday,NAPOLEON ST,EVANS AVE,12.0,Raining,Injury (Other Visible),Head-On,Pedestrian,Crossing in Crosswalk at Intersection,Wet,No Unusual Condition,Dark - Street Lights,Intersection <= 20ft,0.0,1,2.0,Driver,West,Proceeding Straight,Pedestrian,South,Other,POINT (-122.39598 37.747246),85.0,2.0,9.0,1.0,21
3810,vw_geo_sfpd_cr_switrs_all_types_col_cty_union.fid-c18a0c2_186644fdb18_-38ef,24886,24897000.0,5059000.0,160877189,37.7843106154458,-122.409614028381,SFPD-CROSSROADS,CITY STREET,10/28/2016 01:20:00 AM,2016 October 28,01:20:00,2016,October,Friday,EDDY ST,MASON ST,89.0,Raining,Injury (Complaint of Pain),Vehicle/Pedestrian,Pedestrian,Crossing Not in Crosswalk,Wet,No Unusual Condition,Dark - Street Lights,Midblock > 20ft,0.0,1,1.0,Pedestrian,South,Entering Traffic,Driver,East,Proceeding Straight,POINT (-122.409615 37.78431),20.0,5.0,10.0,36.0,01
3820,vw_geo_sfpd_cr_switrs_all_types_col_cty_union.fid-c18a0c2_186644fdb18_-457a,28216,24748000.0,3531000.0,150314969,37.7926428794566,-122.404386655549,SFPD-CROSSROADS,CITY STREET,04/10/2015 10:00:00 PM,2015 April 10,22:00:00,2015,April,Friday,CALIFORNIA ST,KEARNY ST,9.0,Clear,Fatal,Vehicle/Pedestrian,Pedestrian,Crossing in Crosswalk at Intersection,Dry,No Unusual Condition,Dark - Street Lights,Intersection <= 20ft,1.0,0,,Driver,East,Proceeding Straight,Pedestrian,South,Not Stated,POINT (-122.40439 37.792645),108.0,6.0,3.0,8.0,22
3823,vw_geo_sfpd_cr_switrs_all_types_col_cty_union.fid-c18a0c2_186644fdb18_-4b6f,43387,27248000.0,,140463134,37.7811109958066,-122.462139278163,SFPD-CROSSROADS,CITY STREET,06/03/2014 06:42:00 PM,2014 June 03,18:42:00,2014,June,Tuesday,04TH AVE,GEARY BLVD,0.0,Clear,Injury (Complaint of Pain),Vehicle/Pedestrian,Pedestrian,Crossing Not in Crosswalk,Dry,No Unusual Condition,Dusk - Dawn,Intersection <= 20ft,0.0,1,1.0,Driver,North,Making Right Turn,Pedestrian,West,Other,POINT (-122.46214 37.781113),5.0,8.0,4.0,11.0,18
3829,vw_geo_sfpd_cr_switrs_all_types_col_cty_union.fid-c18a0c2_186644fdb18_-48fc,13828,23856000.0,,140879901,37.7730511015404,-122.403205081166,SFPD-CROSSROADS,CITY STREET,10/17/2014 07:01:00 PM,2014 October 17,19:01:00,2014,October,Friday,07TH ST,BRANNAN ST,0.0,Clear,Injury (Complaint of Pain),Vehicle/Pedestrian,Pedestrian,Crossing in Crosswalk at Intersection,Dry,No Unusual Condition,Dark - Street Lights,Intersection <= 20ft,0.0,1,1.0,Driver,West,Making Left Turn,Pedestrian,South,Other,POINT (-122.403206 37.773052),32.0,1.0,10.0,34.0,19
3836,vw_geo_sfpd_cr_switrs_all_types_col_cty_union.fid-c18a0c2_186644fdb18_-4466,21581,24463000.0,,150482920,37.7812357671788,-122.41880845024,SFPD-CROSSROADS,CITY STREET,06/03/2015 12:32:00 AM,2015 June 03,00:32:00,2015,June,Wednesday,POLK ST,GOLDEN GATE AVE,0.0,Clear,Injury (Complaint of Pain),Vehicle/Pedestrian,Pedestrian,Crossing in Crosswalk at Intersection,Dry,No Unusual Condition,Dark - Street Lights,Intersection <= 20ft,0.0,1,1.0,Driver,South,Proceeding Straight,Pedestrian,East,Proceeding Straight,POINT (-122.41881 37.781235),21.0,4.0,10.0,36.0,00
3840,vw_geo_sfpd_cr_switrs_all_types_col_cty_union.fid-c18a0c2_186644fdb18_-436a,11802,24142000.0,12023000.0,150623613,37.7648421943926,-122.4174539741,SFPD-CROSSROADS,CITY STREET,07/17/2015 09:25:00 PM,2015 July 17,21:25:00,2015,July,Friday,VAN NESS AVE,16TH ST,124.0,Clear,Fatal,Vehicle/Pedestrian,Pedestrian,Crossing Not in Crosswalk,Dry,No Unusual Condition,Dark - Street Lights,Midblock > 20ft,1.0,0,,Pedestrian,East,Not Stated,Driver,South,Proceeding Straight,POINT (-122.41746 37.764843),53.0,3.0,2.0,20.0,21
3860,vw_geo_sfpd_cr_switrs_all_types_col_cty_union.fid-c18a0c2_186644fdb18_-39ae,40316,27426000.0,,160795644,37.759453919144,-122.485437353652,SFPD-CROSSROADS,CITY STREET,09/30/2016 06:40:00 PM,2016 September 30,18:40:00,2016,September,Friday,KIRKHAM ST,27TH AVE,0.0,Clear,Injury (Severe),Vehicle/Pedestrian,Pedestrian,Crossing Not in Crosswalk,Dry,No Unusual Condition,Dusk - Dawn,Intersection <= 20ft,0.0,1,1.0,Driver,West,Proceeding Straight,Pedestrian,South,Proceeding Straight,POINT (-122.485435 37.759453),39.0,10.0,7.0,35.0,18
3863,vw_geo_sfpd_cr_switrs_all_types_col_cty_union.fid-c18a0c2_186644fdb18_-4b85,798,20573000.0,,160627677,37.7215343987564,-122.401074129988,SFPD-CROSSROADS,CITY STREET,08/04/2016 09:10:00 AM,2016 August 04,09:10:00,2016,August,Thursday,SAN BRUNO AVE,MANSELL ST,0.0,Cloudy,Injury (Other Visible),Vehicle/Pedestrian,Pedestrian,Crossing Not in Crosswalk,Dry,No Unusual Condition,Daylight,Intersection <= 20ft,0.0,1,1.0,Pedestrian,West,Other,Driver,North,Slowing/Stopping,POINT (-122.40108 37.721535),91.0,2.0,9.0,25.0,09
3871,vw_geo_sfpd_cr_switrs_all_types_col_cty_union.fid-c18a0c2_186644fdb18_-494d,35245,26760000.0,,140837755,37.8030568860564,-122.43332795611,SFPD-CROSSROADS,CITY STREET,10/04/2014 07:43:00 PM,2014 October 04,19:43:00,2014,October,Saturday,BAY ST,BUCHANAN ST,0.0,Clear,Injury (Severe),Vehicle/Pedestrian,Pedestrian,Crossing in Crosswalk at Intersection,Dry,No Unusual Condition,Dark - Street Lights,Intersection <= 20ft,0.0,1,1.0,Driver,East,Making Left Turn,Pedestrian,North,Proceeding Straight,POINT (-122.43333 37.80306),17.0,4.0,6.0,13.0,19
3874,vw_geo_sfpd_cr_switrs_all_types_col_cty_union.fid-c18a0c2_186644fdb18_-4497,1386,21480000.0,,150449958,37.7146606192584,-122.442564962969,SFPD-CROSSROADS,CITY STREET,05/23/2015 03:12:00 PM,2015 May 23,15:12:00,2015,May,Saturday,ALLISON ST,MISSION ST,0.0,Clear,Injury (Other Visible),Vehicle/Pedestrian,Pedestrian,Crossing in Crosswalk at Intersection,Dry,No Unusual Condition,Daylight,Intersection <= 20ft,0.0,1,1.0,Pedestrian,South,Other,Driver,East,Proceeding Straight,POINT (-122.442566 37.71466),80.0,9.0,1.0,7.0,15
3892,vw_geo_sfpd_cr_switrs_all_types_col_cty_union.fid-c18a0c2_186644fdb18_-4836,263,20313000.0,,141012669,37.7111885727436,-122.403650107456,SFPD-CROSSROADS,CITY STREET,11/30/2014 06:34:00 PM,2014 November 30,18:34:00,2014,November,Sunday,BAY SHORE BLVD,LELAND AVE,0.0,Raining,Injury (Complaint of Pain),Vehicle/Pedestrian,Pedestrian,Crossing in Crosswalk at Intersection,Wet,No Unusual Condition,Dark - Street Lights,Intersection <= 20ft,0.0,1,1.0,Driver,East,Making Left Turn,Pedestrian,West,Proceeding Straight,POINT (-122.40365 37.71119),89.0,9.0,9.0,1.0,18
3893,vw_geo_sfpd_cr_switrs_all_types_col_cty_union.fid-c18a0c2_186644fdb18_-3b54,43059,27446000.0,,160583922,37.7750033359772,-122.471905103466,SFPD-CROSSROADS,CITY STREET,07/19/2016 11:56:00 PM,2016 July 19,23:56:00,2016,July,Tuesday,PARK PRESIDIO BLVD,CABRILLO ST,0.0,Clear,Injury (Other Visible),Head-On,Pedestrian,Crossing in Crosswalk at Intersection,Dry,No Unusual Condition,Dark - Street Lights,Intersection <= 20ft,0.0,1,1.0,Pedestrian,West,Not Stated,Driver,South,Proceeding Straight,POINT (-122.47191 37.775),5.0,8.0,4.0,29.0,23
3897,vw_geo_sfpd_cr_switrs_all_types_col_cty_union.fid-c18a0c2_186644fdb18_-3ec3,39423,23209000.0,,160137717,37.7466379273952,-122.479166139196,SFPD-CROSSROADS,CITY STREET,02/16/2016 07:56:00 AM,2016 February 16,07:56:00,2016,February,Tuesday,RIVERA ST,22ND AVE,0.0,Clear,Injury (Complaint of Pain),Vehicle/Pedestrian,Pedestrian,Crossing in Crosswalk at Intersection,Dry,No Unusual Condition,Daylight,Intersection <= 20ft,0.0,2,1.0,Driver,East,Making Left Turn,Pedestrian,North,Proceeding Straight,POINT (-122.479164 37.74664),40.0,10.0,7.0,35.0,07
3901,vw_geo_sfpd_cr_switrs_all_types_col_cty_union.fid-c18a0c2_186644fdb18_-4964,42865,27199000.0,,140829730,37.7745547125066,-122.456283640526,SFPD-CROSSROADS,CITY STREET,10/02/2014 08:20:00 AM,2014 October 02,08:20:00,2014,October,Thursday,FULTON ST,WILLARD ST,0.0,Clear,Injury (Severe),Vehicle/Pedestrian,Pedestrian,Crossing in Crosswalk at Intersection,Dry,No Unusual Condition,Daylight,Intersection <= 20ft,0.0,1,1.0,Driver,West,Proceeding Straight,Pedestrian,South,Proceeding Straight,POINT (-122.45628 37.774555),9.0,8.0,4.0,12.0,08
3902,vw_geo_sfpd_cr_switrs_all_types_col_cty_union.fid-c18a0c2_186644fdb18_-4763,13488,24216000.000000004,,150047035,37.7694111910927,-122.410931087581,SFPD-CROSSROADS,CITY STREET,01/16/2015 06:20:00 AM,2015 January 16,06:20:00,2015,January,Friday,13TH ST,BRYANT ST,0.0,Clear,Injury (Other Visible),Vehicle/Pedestrian,Pedestrian,Crossing Not in Crosswalk,Dry,No Unusual Condition,Dark - Street Lights,Intersection <= 20ft,0.0,1,1.0,Pedestrian,South,Proceeding Straight,Driver,East,Proceeding Straight,POINT (-122.410934 37.769413),32.0,3.0,10.0,20.0,06
3908,vw_geo_sfpd_cr_switrs_all_types_col_cty_union.fid-c18a0c2_186644fdb18_-3d91,30997,26811000.0,6044101.0,160285924,37.7828670747032,-122.442739018894,SFPD-CROSSROADS,CITY STREET,04/07/2016 08:50:00 AM,2016 April 07,08:50:00,2016,April,Thursday,GEARY BLVD,SAINT JOSEPHS AVE,20.0,Clear,Injury (Complaint of Pain),Head-On,Pedestrian,Crossing in Crosswalk at Intersection,Dry,No Unusual Condition,Daylight,Intersection <= 20ft,0.0,1,1.0,Driver,East,Making Left Turn,Pedestrian,South,Other,POINT (-122.44274 37.782867),13.0,8.0,6.0,39.0,08
3909,vw_geo_sfpd_cr_switrs_all_types_col_cty_union.fid-c18a0c2_186644fdb18_-3f7c,16516,24265000.0,7047000.0,160036006,37.7779666757507,-122.409400168692,SFPD-CROSSROADS,CITY STREET,01/13/2016 06:27:00 PM,2016 January 13,18:27:00,2016,January,Wednesday,HOWARD ST,07TH ST,5.0,Clear,Injury (Other Visible),Vehicle/Pedestrian,Pedestrian,Crossing in Crosswalk at Intersection,Dry,No Unusual Condition,Dark - Street Lights,Intersection <= 20ft,0.0,1,1.0,Driver,West,Making Left Turn,Pedestrian,North,Not Stated,POINT (-122.4094 37.777966),32.0,1.0,10.0,34.0,18
3912,vw_geo_sfpd_cr_switrs_all_types_col_cty_union.fid-c18a0c2_186644fdb18_-4cbc,15342,23919000.0,,140253032,37.7772727026578,-122.404070256701,SFPD-CROSSROADS,CITY STREET,03/26/2014 05:00:00 AM,2014 March 26,05:00:00,2014,March,Wednesday,HARRISON ST,06TH ST,0.0,Clear,Injury (Complaint of Pain),Head-On,Pedestrian,Crossing in Crosswalk at Intersection,Wet,No Unusual Condition,Dark - Street Lights,Intersection <= 20ft,0.0,1,1.0,Driver,South,Making Left Turn,Pedestrian,West,Proceeding Straight,POINT (-122.40407 37.77727),32.0,1.0,10.0,34.0,05
3920,vw_geo_sfpd_cr_switrs_all_types_col_cty_union.fid-c18a0c2_186644fdb18_-392f,1956,22174000.0,11459000.0,160849809,37.7194693599251,-122.447570287737,SFPD-CROSSROADS,CITY STREET,10/18/2016 04:40:00 PM,2016 October 18,16:40:00,2016,October,Tuesday,SAN JOSE AVE,NIAGARA AVE,5.0,Clear,Injury (Other Visible),Vehicle/Pedestrian,Pedestrian,Crossing in Crosswalk at Intersection,Dry,No Unusual Condition,Daylight,Intersection <= 20ft,0.0,1,1.0,Pedestrian,East,Proceeding Straight,Driver,South,Making Left Turn,POINT (-122.44757 37.71947),80.0,9.0,1.0,28.0,16
3922,vw_geo_sfpd_cr_switrs_all_types_col_cty_union.fid-c18a0c2_186644fdb18_-3a17,9740,24018000.0,,160752826,37.7658422713755,-122.40655282465,SFPD-CROSSROADS,CITY STREET,09/16/2016 04:04:00 PM,2016 September 16,16:04:00,2016,September,Friday,UTAH ST,16TH ST,0.0,Clear,Injury (Other Visible),Vehicle/Pedestrian,Pedestrian,Crossing Not in Crosswalk,Dry,No Unusual Condition,Daylight,Intersection <= 20ft,0.0,1,1.0,Pedestrian,East,Other,Driver,South,Making Left Turn,POINT (-122.406555 37.765842),54.0,3.0,9.0,20.0,16
3925,vw_geo_sfpd_cr_switrs_all_types_col_cty_union.fid-c18a0c2_186644fdb18_-4892,25682,30735000.0,,140942116,37.7887211522174,-122.402065729925,SFPD-CROSSROADS,CITY STREET,11/06/2014 10:17:00 PM,2014 November 06,22:17:00,2014,November,Thursday,MARKET ST,NEW MONTGOMERY ST,0.0,Clear,Injury (Severe),Vehicle/Pedestrian,Pedestrian,Crossing in Crosswalk at Intersection,Dry,No Unusual Condition,Dark - Street Lights,Intersection <= 20ft,0.0,2,1.0,Pedestrian,South,Other,Driver,East,Proceeding Straight,POINT (-122.40207 37.788723),19.0,6.0,3.0,8.0,22
3933,vw_geo_sfpd_cr_switrs_all_types_col_cty_union.fid-c18a0c2_186644fdb18_-39ce,14608,23821000.0,,160780833,37.7770893330736,-122.394981480847,SFPD-CROSSROADS,CITY STREET,09/26/2016 10:22:00 AM,2016 September 26,10:22:00,2016,September,Monday,04TH ST,TOWNSEND ST,0.0,Clear,Injury (Complaint of Pain),Vehicle/Pedestrian,Pedestrian,Crossing in Crosswalk at Intersection,Dry,Construction or Repair Zone,Daylight,Intersection <= 20ft,0.0,1,1.0,Driver,North,Making Right Turn,Pedestrian,East,Not Stated,POINT (-122.39498 37.77709),34.0,1.0,10.0,34.0,10
3938,vw_geo_sfpd_cr_switrs_all_types_col_cty_union.fid-c18a0c2_186644fdb18_-38c7,30077,25213000.0,5817000.0,160469247,37.7854602589516,-122.423023148444,SFPD-CROSSROADS,CITY STREET,06/09/2016 10:49:00 AM,2016 June 09,10:49:00,2016,June,Thursday,FRANKLIN ST,GEARY BLVD,8.0,Clear,Fatal,Vehicle/Pedestrian,Pedestrian,Crossing in Crosswalk at Intersection,Dry,No Unusual Condition,Daylight,Intersection <= 20ft,1.0,0,1.0,Pedestrian,West,Not Stated,Driver,North,Proceeding Straight,POINT (-122.42302 37.78546),100.0,4.0,11.0,39.0,10
3944,vw_geo_sfpd_cr_switrs_all_types_col_cty_union.fid-c18a0c2_186644fdb18_-45b5,25500,24610000.0,,130337549,37.7874504990266,-122.400503096115,SFPD-CROSSROADS,CITY STREET,04/25/2013 08:10:00 AM,2013 April 25,08:10:00,2013,April,Thursday,MISSION ST,NEW MONTGOMERY ST,0.0,Cloudy,Injury (Other Visible),Vehicle/Pedestrian,Pedestrian,Crossing in Crosswalk at Intersection,Dry,No Unusual Condition,Daylight,Intersection <= 20ft,0.0,1,1.0,Driver,East,Making Left Turn,Pedestrian,South,Proceeding Straight,POINT (-122.400505 37.78745),32.0,1.0,10.0,8.0,08
3949,vw_geo_sfpd_cr_switrs_all_types_col_cty_union.fid-c18a0c2_186644fdb18_-4c8d,15202,23898000.0,,140288493,37.7764700678261,-122.401979136823,SFPD-CROSSROADS,CITY STREET,04/07/2014 12:12:00 PM,2014 April 07,12:12:00,2014,April,Monday,MORRIS ST,BRYANT ST,0.0,Clear,Injury (Complaint of Pain),Vehicle/Pedestrian,Pedestrian,Crossing Not in Crosswalk,Dry,No Unusual Condition,Daylight,Intersection <= 20ft,0.0,1,1.0,Driver,North,Backing,Pedestrian,West,Proceeding Straight,POINT (-122.40198 37.77647),32.0,1.0,10.0,34.0,12
3957,vw_geo_sfpd_cr_switrs_all_types_col_cty_union.fid-c18a0c2_186644fdb18_-4dd0,11829,24168000.0,,140102382,37.7651099551722,-122.418698425482,SFPD-CROSSROADS,CITY STREET,02/04/2014 11:00:00 AM,2014 February 04,11:00:00,2014,February,Tuesday,16TH ST,CAPP ST,0.0,Clear,Injury (Complaint of Pain),Vehicle/Pedestrian,Pedestrian,Crossing in Crosswalk at Intersection,Dry,No Unusual Condition,Daylight,Intersection <= 20ft,0.0,1,1.0,Driver,West,Proceeding Straight,Pedestrian,South,Other,POINT (-122.4187 37.76511),53.0,3.0,2.0,20.0,11
3959,vw_geo_sfpd_cr_switrs_all_types_col_cty_union.fid-c18a0c2_186644fdb18_-3985,24239,24326000.0,6260000.0,160812210,37.782068713166,-122.412254888206,SFPD-CROSSROADS,CITY STREET,10/06/2016 08:14:00 AM,2016 October 06,08:14:00,2016,October,Thursday,GOLDEN GATE AVE,JONES ST,10.0,Clear,Injury (Complaint of Pain),Vehicle/Pedestrian,Pedestrian,Crossing in Crosswalk at Intersection,Dry,No Unusual Condition,Daylight,Intersection <= 20ft,0.0,1,1.0,Pedestrian,North,Proceeding Straight,Driver,East,Not Stated,POINT (-122.412254 37.78207),20.0,5.0,10.0,36.0,08
3967,vw_geo_sfpd_cr_switrs_all_types_col_cty_union.fid-c18a0c2_186644fdb18_-3e79,42723,27527000.0,,160178448,37.7724230777979,-122.487398289679,SFPD-CROSSROADS,CITY STREET,03/01/2016 07:33:00 AM,2016 March 01,07:33:00,2016,March,Tuesday,FULTON ST,28TH AVE,0.0,Clear,Injury (Complaint of Pain),Head-On,Pedestrian,Crossing in Crosswalk at Intersection,Dry,No Unusual Condition,Daylight,Intersection <= 20ft,0.0,1,1.0,Driver,West,Proceeding Straight,Pedestrian,South,Not Stated,POINT (-122.4874 37.772423),8.0,8.0,4.0,29.0,07
3968,vw_geo_sfpd_cr_switrs_all_types_col_cty_union.fid-c18a0c2_186644fdb18_-3cb8,6597,33287000.0,2479203.0,160396606,37.7488331937533,-122.406678907602,SFPD-CROSSROADS,CITY STREET,05/15/2016 09:47:00 AM,2016 May 15,09:47:00,2016,May,Sunday,CESAR CHAVEZ ST,HAMPSHIRE ST,30.0,Clear,Injury (Severe),Vehicle/Pedestrian,Pedestrian,"In Road, Including Shoulder",Dry,No Unusual Condition,Daylight,Midblock > 20ft,0.0,1,1.0,Pedestrian,South,Other,Driver,West,Proceeding Straight,POINT (-122.40668 37.748833),53.0,3.0,2.0,20.0,09
3971,vw_geo_sfpd_cr_switrs_all_types_col_cty_union.fid-c18a0c2_186644fdb18_-47a8,35324,26965000.0,,150000055,37.7994253121592,-122.439336653196,SFPD-CROSSROADS,CITY STREET,01/01/2015 12:19:00 AM,2015 January 01,00:19:00,2015,January,Thursday,LOMBARD ST,PIERCE ST,0.0,Clear,Injury (Severe),Vehicle/Pedestrian,Pedestrian,Crossing in Crosswalk at Intersection,Dry,No Unusual Condition,Dark - Street Lights,Intersection <= 20ft,0.0,1,1.0,Pedestrian,South,Other,Driver,East,Proceeding Straight,POINT (-122.43934 37.799427),17.0,4.0,6.0,13.0,00
3974,vw_geo_sfpd_cr_switrs_all_types_col_cty_union.fid-c18a0c2_186644fdb18_-4ea4,35495,26751000.0,8460201.0,130662459,37.7998620124653,-122.436098588006,SFPD-CROSSROADS,CITY STREET,08/11/2013 12:32:00 AM,2013 August 11,00:32:00,2013,August,Sunday,LOMBARD ST,FILLMORE ST,20.0,Clear,Injury (Other Visible),Vehicle/Pedestrian,Pedestrian,Crossing Not in Crosswalk,Dry,No Unusual Condition,Dark - Street Lights,Intersection <= 20ft,0.0,2,1.0,Pedestrian,North,Proceeding Straight,Pedestrian,North,Proceeding Straight,POINT (-122.4361 37.799862),17.0,4.0,6.0,13.0,00
3986,vw_geo_sfpd_cr_switrs_all_types_col_cty_union.fid-c18a0c2_186644fdb18_-3aa8,8076,22336000.0,,160674452,37.7467652174833,-122.443960752681,SFPD-CROSSROADS,CITY STREET,08/20/2016 08:22:00 PM,2016 August 20,20:22:00,2016,August,Saturday,DIAMOND HEIGHTS BLVD,CLIPPER ST,0.0,Clear,Injury (Complaint of Pain),Head-On,Pedestrian,Crossing in Crosswalk at Intersection,Dry,No Unusual Condition,Dark - Street Lights,Intersection <= 20ft,0.0,1,1.0,Driver,East,Making Right Turn,Pedestrian,North,Proceeding Straight,POINT (-122.44396 37.746765),57.0,3.0,5.0,22.0,20
3988,vw_geo_sfpd_cr_switrs_all_types_col_cty_union.fid-c18a0c2_186644fdb18_-4924,34760,26685000.0,,140860869,37.7994845326145,-122.424170564239,SFPD-CROSSROADS,CITY STREET,10/11/2014 09:45:00 PM,2014 October 11,21:45:00,2014,October,Saturday,VAN NESS AVE,FILBERT ST,0.0,Clear,Injury (Other Visible),Vehicle/Pedestrian,Pedestrian,Crossing in Crosswalk at Intersection,Dry,No Unusual Condition,Dark - Street Lights,Intersection <= 20ft,0.0,1,2.0,Pedestrian,East,Other,Driver,North,Proceeding Straight,POINT (-122.42417 37.799484),107.0,4.0,6.0,32.0,21
3998,vw_geo_sfpd_cr_switrs_all_types_col_cty_union.fid-c18a0c2_186644fdb18_-4f12,18397,30756000.0,,130934822,37.7718856441297,-122.423396760844,SFPD-CROSSROADS,CITY STREET,11/04/2013 12:01:00 AM,2013 November 04,00:01:00,2013,November,Monday,MARKET ST,OCTAVIA ST,0.0,Clear,Fatal,Vehicle/Pedestrian,Pedestrian,Crossing in Crosswalk at Intersection,Dry,No Unusual Condition,Dark - Street Lights,Intersection <= 20ft,1.0,0,2.0,Driver,South,Proceeding Straight,Pedestrian,East,Proceeding Straight,POINT (-122.42339 37.771885),32.0,1.0,5.0,20.0,00
4001,vw_geo_sfpd_cr_switrs_all_types_col_cty_union.fid-c18a0c2_186644fdb18_-3c6e,5729,21213000.0,,160443978,37.7390616991138,-122.416519600388,SFPD-CROSSROADS,CITY STREET,05/31/2016 10:43:00 AM,2016 May 31,10:43:00,2016,May,Tuesday,CORTLAND AVE,ANDOVER ST,0.0,Clear,Injury (Complaint of Pain),Vehicle/Pedestrian,Pedestrian,Crossing in Crosswalk at Intersection,Dry,No Unusual Condition,Daylight,Intersection <= 20ft,0.0,1,,Driver,East,Making Left Turn,Pedestrian,North,Other,POINT (-122.41652 37.739063),83.0,9.0,2.0,2.0,10
4012,vw_geo_sfpd_cr_switrs_all_types_col_cty_union.fid-c18a0c2_186644fdb18_-3f77,30796,26532000.0,,160039232,37.7883683128389,-122.430355917721,SFPD-CROSSROADS,CITY STREET,01/14/2016 07:05:00 PM,2016 January 14,19:05:00,2016,January,Thursday,PINE ST,BUCHANAN ST,0.0,Raining,Injury (Complaint of Pain),Sideswipe,Pedestrian,Crossing in Crosswalk at Intersection,Dry,Loose Material on Roadway,Dark - Street Lights,Intersection <= 20ft,0.0,1,,Driver,West,Making Right Turn,Pedestrian,South,Not Stated,POINT (-122.43036 37.78837),102.0,4.0,6.0,30.0,19