,id,unique_id,cnn_intrsctn_fkey,cnn_sgmt_fkey,case_id_pkey,tb_latitude,tb_longitude,geocode_source,geocode_location,collision_datetime,collision_date,collision_time,accident_year,month,day_of_week,primary_rd,secondary_rd,distance,weather_1,collision_severity,type_of_collision,mviw,ped_action,road_surface,road_cond_1,lighting,intersection,number_killed,number_injured,party_at_fault,party1_type,party1_dir_of_travel,party1_move_pre_acc,party2_type,party2_dir_of_travel,party2_move_pre_acc,point,Neighborhoods,Current Police Districts,Current Supervisor Districts,Analysis Neighborhoods,hour
4015,vw_geo_sfpd_cr_switrs_all_types_col_cty_union.fid-c18a0c2_186644fdb18_-4c97,18491,35007000.0,9875402.0,140280320,37.7722586240352,-122.423543234791,SFPD-CROSSROADS,CITY STREET,04/04/2014 04:06:00 PM,2014 April 04,16:06:00,2014,April,Friday,OCTAVIA ST,MARKET ST,144.0,Cloudy,Injury (Other Visible),Vehicle/Pedestrian,Pedestrian,"In Road, Including Shoulder",Wet,No Unusual Condition,Daylight,Midblock > 20ft,0.0,1,1.0,Pedestrian,South,Other,Driver,North,Proceeding Straight,POINT (-122.423546 37.77226),26.0,4.0,11.0,9.0,16
4018,vw_geo_sfpd_cr_switrs_all_types_col_cty_union.fid-c18a0c2_186644fdb18_-4d2b,35962,26756000.000000004,9699000.0,140186847,37.8040256795719,-122.433585478182,SFPD-CROSSROADS,CITY STREET,03/04/2014 06:50:00 PM,2014 March 04,18:50:00,2014,March,Tuesday,NORTH POINT ST,BUCHANAN ST,18.0,Clear,Injury (Complaint of Pain),Vehicle/Pedestrian,Pedestrian,Crossing in Crosswalk at Intersection,Dry,No Unusual Condition,Dark - Street Lights,Intersection <= 20ft,0.0,1,1.0,Pedestrian,North,Proceeding Straight,Driver,West,Proceeding Straight,POINT (-122.433586 37.804028),17.0,4.0,6.0,13.0,18
4031,vw_geo_sfpd_cr_switrs_all_types_col_cty_union.fid-c18a0c2_186644fdb18_-4be2,21077,25932000.0,,130108340,37.776464305897,-122.426263345102,SFPD-CROSSROADS,CITY STREET,02/07/2013 09:00:00 AM,2013 February 07,09:00:00,2013,February,Thursday,LAGUNA ST,HAYES ST,0.0,Raining,Injury (Complaint of Pain),Vehicle/Pedestrian,Pedestrian,Crossing in Crosswalk at Intersection,Wet,No Unusual Condition,Daylight,Intersection <= 20ft,0.0,1,1.0,Driver,West,Making Right Turn,Pedestrian,South,Proceeding Straight,POINT (-122.42626 37.776463),22.0,4.0,11.0,9.0,09
4034,vw_geo_sfpd_cr_switrs_all_types_col_cty_union.fid-c18a0c2_186644fdb18_-4429,1108,21550000.0,,150513246,37.709543368801,-122.45049893027,SFPD-CROSSROADS,CITY STREET,06/12/2015 12:25:00 PM,2015 June 12,12:25:00,2015,June,Friday,MISSION ST,OLIVER ST,0.0,Clear,Fatal,Sideswipe,Pedestrian,Crossing in Crosswalk at Intersection,Dry,No Unusual Condition,Daylight,Intersection <= 20ft,1.0,0,1.0,Driver,North,Proceeding Straight,Pedestrian,West,Not Stated,POINT (-122.4505 37.709545),66.0,9.0,1.0,28.0,12
4046,vw_geo_sfpd_cr_switrs_all_types_col_cty_union.fid-c18a0c2_186644fdb18_-4d75,2917,20638000.0,2580000.0,130920451,37.7273910012324,-122.404529491991,SFPD-CROSSROADS,CITY STREET,10/30/2013 08:57:00 AM,2013 October 30,08:57:00,2013,October,Wednesday,BACON ST,GIRARD ST,20.0,Clear,Injury (Other Visible),Sideswipe,Pedestrian,Crossing Not in Crosswalk,Dry,No Unusual Condition,Daylight,Intersection <= 20ft,0.0,3,1.0,Pedestrian,South,Proceeding Straight,Driver,East,Proceeding Straight,POINT (-122.404526 37.72739),91.0,2.0,2.0,25.0,08
4061,vw_geo_sfpd_cr_switrs_all_types_col_cty_union.fid-c18a0c2_186644fdb18_-384b,41746,27950000.0,7684000.0,160949346,37.7603599251222,-122.507386776222,SFPD-CROSSROADS,CITY STREET,11/21/2016 06:51:00 PM,2016 November 21,18:51:00,2016,November,Monday,JUDAH ST,47TH AVE,112.0,Clear,Injury (Other Visible),Vehicle/Pedestrian,Pedestrian,Crossing Not in Crosswalk,Dry,No Unusual Condition,Dark - Street Lights,Midblock > 20ft,0.0,1,1.0,Driver,West,Proceeding Straight,Pedestrian,North,Entering Traffic,POINT (-122.507385 37.76036),39.0,10.0,7.0,35.0,18
4067,vw_geo_sfpd_cr_switrs_all_types_col_cty_union.fid-c18a0c2_186644fdb18_-471b,39992,27753000.0,,150083443,37.7513337667466,-122.499914456346,SFPD-CROSSROADS,CITY STREET,01/27/2015 07:26:00 PM,2015 January 27,19:26:00,2015,January,Tuesday,ORTEGA ST,41ST AVE,0.0,Clear,Injury (Other Visible),Vehicle/Pedestrian,Pedestrian,Crossing in Crosswalk at Intersection,Dry,No Unusual Condition,Dark - Street Lights,Intersection <= 20ft,0.0,1,1.0,Driver,West,Making Left Turn,Pedestrian,South,Proceeding Straight,POINT (-122.499916 37.751335),39.0,10.0,7.0,35.0,19
4069,vw_geo_sfpd_cr_switrs_all_types_col_cty_union.fid-c18a0c2_186644fdb18_-40d2,33278,24766000.0,7367000.0,150973264,37.7963371714363,-122.404133901124,SFPD-CROSSROADS,CITY STREET,11/07/2015 07:01:00 PM,2015 November 07,19:01:00,2015,November,Saturday,JACKSON ST,COLUMBUS AVE,81.0,Clear,Injury (Complaint of Pain),Vehicle/Pedestrian,Pedestrian,Crossing Not in Crosswalk,Dry,No Unusual Condition,Dark - Street Lights,Midblock > 20ft,0.0,1,1.0,Pedestrian,South,Entering Traffic,Driver,East,Proceeding Straight,POINT (-122.40414 37.796337),106.0,6.0,3.0,6.0,19
4070,vw_geo_sfpd_cr_switrs_all_types_col_cty_union.fid-c18a0c2_186644fdb18_-4ada,32525,26541000.0,,140555957,37.7939350053823,-122.423048803808,SFPD-CROSSROADS,CITY STREET,07/05/2014 12:31:00 AM,2014 July 05,00:31:00,2014,July,Saturday,JACKSON ST,VAN NESS AVE,0.0,Clear,Injury (Other Visible),Vehicle/Pedestrian,Pedestrian,Crossing in Crosswalk at Intersection,Dry,No Unusual Condition,Dark - Street Lights,Intersection <= 20ft,0.0,1,1.0,Pedestrian,North,Proceeding Straight,Driver,West,Proceeding Straight,POINT (-122.42305 37.793934),102.0,4.0,6.0,30.0,00
4075,vw_geo_sfpd_cr_switrs_all_types_col_cty_union.fid-c18a0c2_186644fdb18_-4d4b,27825,24957000.000000004,,140169627,37.7897399068881,-122.41207586824,SFPD-CROSSROADS,CITY STREET,02/26/2014 10:00:00 PM,2014 February 26,22:00:00,2014,February,Wednesday,TAYLOR ST,BUSH ST,0.0,Raining,Injury (Complaint of Pain),Vehicle/Pedestrian,Pedestrian,Crossing in Crosswalk at Intersection,Wet,No Unusual Condition,Dark - Street Lights,Intersection <= 20ft,0.0,1,1.0,Driver,North,Making Left Turn,Pedestrian,West,Proceeding Straight,POINT (-122.41208 37.78974),50.0,6.0,3.0,21.0,22
4081,vw_geo_sfpd_cr_switrs_all_types_col_cty_union.fid-c18a0c2_186644fdb18_-4449,42887,27191000.0,,150497593,37.7743088953789,-122.458371098871,SFPD-CROSSROADS,CITY STREET,06/07/2015 02:10:00 PM,2015 June 07,14:10:00,2015,June,Sunday,FULTON ST,ARGUELLO BLVD,0.0,Clear,Injury (Other Visible),Vehicle/Pedestrian,Pedestrian,Crossing in Crosswalk at Intersection,Dry,No Unusual Condition,Daylight,Intersection <= 20ft,0.0,1,1.0,Driver,West,Making Right Turn,Pedestrian,North,Proceeding Straight,POINT (-122.458374 37.774307),9.0,8.0,4.0,12.0,14
4082,vw_geo_sfpd_cr_switrs_all_types_col_cty_union.fid-c18a0c2_186644fdb18_-4f7b,2883,33158000.0,2809000.0,131029806,37.7280114048659,-122.402179011483,SFPD-CROSSROADS,CITY STREET,12/06/2013 05:34:00 PM,2013 December 06,17:34:00,2013,December,Friday,BAY SHORE BLVD,BACON ST,34.0,Cloudy,Injury (Complaint of Pain),Vehicle/Pedestrian,Pedestrian,Crossing in Crosswalk at Intersection,Dry,No Unusual Condition,Dark - Street Lights,Midblock > 20ft,0.0,1,1.0,Driver,South,Making Left Turn,Pedestrian,East,Other,POINT (-122.402176 37.728012),87.0,2.0,9.0,1.0,17
4086,vw_geo_sfpd_cr_switrs_all_types_col_cty_union.fid-c18a0c2_186644fdb18_-4399,41035,27360000.0,,150598903,37.763655790748,-122.474985193912,SFPD-CROSSROADS,CITY STREET,07/09/2015 09:29:00 PM,2015 July 09,21:29:00,2015,July,Thursday,17TH AVE,IRVING ST,0.0,Raining,Injury (Complaint of Pain),Vehicle/Pedestrian,Pedestrian,Crossing in Crosswalk at Intersection,Wet,No Unusual Condition,Dark - Street Lights,Intersection <= 20ft,0.0,1,1.0,Driver,West,Proceeding Straight,Pedestrian,North,Stopped In Road,POINT (-122.47498 37.763657),109.0,10.0,11.0,14.0,21
4087,vw_geo_sfpd_cr_switrs_all_types_col_cty_union.fid-c18a0c2_186644fdb18_-46ce,30434,25219000.0,,150126225,37.7875481397435,-122.421758104408,SFPD-CROSSROADS,CITY STREET,02/10/2015 04:14:00 PM,2015 February 10,16:14:00,2015,February,Tuesday,VAN NESS AVE,SUTTER ST,0.0,Clear,Injury (Other Visible),Rear End,Pedestrian,Crossing in Crosswalk at Intersection,Dry,No Unusual Condition,Daylight,Intersection <= 20ft,0.0,1,1.0,Driver,South,Making Left Turn,Pedestrian,West,Proceeding Straight,POINT (-122.42176 37.787548),100.0,4.0,6.0,39.0,16
4095,vw_geo_sfpd_cr_switrs_all_types_col_cty_union.fid-c18a0c2_186644fdb18_-40b2,43286,27229000.0,,150991238,37.7813145865213,-122.457733043491,SFPD-CROSSROADS,CITY STREET,11/14/2015 12:05:00 AM,2015 November 14,00:05:00,2015,November,Saturday,GEARY BLVD,PALM AVE,0.0,Clear,Injury (Other Visible),Vehicle/Pedestrian,Pedestrian,Crossing in Crosswalk at Intersection,Dry,No Unusual Condition,Dark - Street Lights,Intersection <= 20ft,0.0,1,1.0,Pedestrian,North,Entering Traffic,Driver,East,Proceeding Straight,POINT (-122.45773 37.781315),11.0,8.0,4.0,18.0,00
4098,vw_geo_sfpd_cr_switrs_all_types_col_cty_union.fid-c18a0c2_186644fdb18_-4488,12475,25804000.0,8767201.0,150460750,37.7636876087577,-122.4338819215,SFPD-CROSSROADS,CITY STREET,05/27/2015 12:30:00 AM,2015 May 27,00:30:00,2015,May,Wednesday,MARKET ST,NOE ST,296.0,Clear,Injury (Severe),Vehicle/Pedestrian,Pedestrian,Crossing Not in Crosswalk,Dry,No Unusual Condition,Dark - Street Lights,Midblock > 20ft,0.0,1,1.0,Pedestrian,South,Not Stated,Driver,East,Proceeding Straight,POINT (-122.43388 37.763687),28.0,3.0,5.0,5.0,00
4101,vw_geo_sfpd_cr_switrs_all_types_col_cty_union.fid-c18a0c2_186644fdb18_-3c69,40613,27149000.0,,160446182,37.7641308696304,-122.464172022818,SFPD-CROSSROADS,CITY STREET,05/31/2016 09:16:00 PM,2016 May 31,21:16:00,2016,May,Tuesday,07TH AVE,IRVING ST,0.0,Clear,Injury (Severe),Vehicle/Pedestrian,Pedestrian,Crossing in Crosswalk at Intersection,Dry,No Unusual Condition,Dark - Street Lights,Intersection <= 20ft,0.0,1,1.0,Pedestrian,West,Entering Traffic,Driver,South,Proceeding Straight,POINT (-122.46417 37.76413),109.0,7.0,11.0,14.0,21
4112,vw_geo_sfpd_cr_switrs_all_types_col_cty_union.fid-c18a0c2_186644fdb18_-4515,10798,25811000.0,,150372274,37.7592891708319,-122.434853680839,SFPD-CROSSROADS,CITY STREET,04/29/2015 11:35:00 AM,2015 April 29,11:35:00,2015,April,Wednesday,CASTRO ST,19TH ST,0.0,Clear,Injury (Other Visible),Head-On,Pedestrian,Crossing in Crosswalk at Intersection,Dry,No Unusual Condition,Daylight,Intersection <= 20ft,0.0,1,1.0,Driver,East,Making Left Turn,Pedestrian,North,Proceeding Straight,POINT (-122.43485 37.75929),38.0,3.0,5.0,5.0,11
4121,vw_geo_sfpd_cr_switrs_all_types_col_cty_union.fid-c18a0c2_186644fdb18_-3d77,13945,24206000.0,490000.0,160302089,37.7712286958487,-122.41083922105,SFPD-CROSSROADS,CITY STREET,04/12/2016 06:35:00 PM,2016 April 12,18:35:00,2016,April,Tuesday,11TH ST,HARRISON ST,180.0,Clear,Injury (Complaint of Pain),Vehicle/Pedestrian,Pedestrian,Not in Road,Dry,No Unusual Condition,Daylight,Midblock > 20ft,0.0,1,1.0,Driver,East,Entering Traffic,Pedestrian,South,Proceeding Straight,POINT (-122.41084 37.77123),32.0,1.0,10.0,34.0,18
4131,vw_geo_sfpd_cr_switrs_all_types_col_cty_union.fid-c18a0c2_186644fdb18_-46aa,14140,24209000.0,,150154298,37.7725264437977,-122.410076848136,SFPD-CROSSROADS,CITY STREET,02/19/2015 05:02:00 PM,2015 February 19,17:02:00,2015,February,Thursday,09TH ST,HARRISON ST,0.0,Clear,Injury (Complaint of Pain),Head-On,Pedestrian,Crossing in Crosswalk at Intersection,Dry,No Unusual Condition,Dusk - Dawn,Intersection <= 20ft,0.0,1,1.0,Driver,West,Proceeding Straight,Pedestrian,North,Proceeding Straight,POINT (-122.41008 37.772526),32.0,1.0,10.0,34.0,17
4139,vw_geo_sfpd_cr_switrs_all_types_col_cty_union.fid-c18a0c2_186644fdb18_-4944,30695,26600000.0,,140840394,37.7863039627653,-122.431552024522,SFPD-CROSSROADS,CITY STREET,10/05/2014 04:15:00 PM,2014 October 05,16:15:00,2014,October,Sunday,SUTTER ST,WEBSTER ST,0.0,Clear,Injury (Severe),Vehicle/Pedestrian,Pedestrian,Crossing in Crosswalk at Intersection,Dry,No Unusual Condition,Daylight,Intersection <= 20ft,0.0,1,1.0,Driver,South,Making Left Turn,Pedestrian,East,Not Stated,POINT (-122.43155 37.786304),101.0,4.0,11.0,15.0,16
4150,vw_geo_sfpd_cr_switrs_all_types_col_cty_union.fid-c18a0c2_186644fdb18_-40e9,43530,27289000.0,,150959628,37.7808797148475,-122.46748765243,SFPD-CROSSROADS,CITY STREET,11/03/2015 08:42:00 AM,2015 November 03,08:42:00,2015,November,Tuesday,GEARY BLVD,09TH AVE,0.0,Clear,Injury (Other Visible),Vehicle/Pedestrian,Pedestrian,Crossing in Crosswalk at Intersection,Dry,No Unusual Condition,Daylight,Intersection <= 20ft,0.0,1,1.0,Driver,South,Making Left Turn,Pedestrian,North,Proceeding Straight,POINT (-122.46749 37.78088),5.0,8.0,4.0,11.0,08
4161,vw_geo_sfpd_cr_switrs_all_types_col_cty_union.fid-c18a0c2_186644fdb18_-45f1,22048,25966000.0,,150240154,37.7797827938853,-122.4302332366,SFPD-CROSSROADS,CITY STREET,03/18/2015 07:00:00 AM,2015 March 18,07:00:00,2015,March,Wednesday,WEBSTER ST,GOLDEN GATE AVE,0.0,Clear,Injury (Complaint of Pain),Vehicle/Pedestrian,Pedestrian,Crossing in Crosswalk at Intersection,Dry,No Unusual Condition,Dusk - Dawn,Intersection <= 20ft,0.0,1,1.0,Driver,North,Proceeding Straight,Pedestrian,West,Proceeding Straight,POINT (-122.43024 37.77978),97.0,4.0,11.0,39.0,07
4162,vw_geo_sfpd_cr_switrs_all_types_col_cty_union.fid-c18a0c2_186644fdb18_-4d30,25739,30738000.0,8745201.0,140183984,37.787510497477,-122.403674799878,SFPD-CROSSROADS,CITY STREET,03/03/2014 07:46:00 PM,2014 March 03,19:46:00,2014,March,Monday,MARKET ST,KEARNY ST,84.0,Raining,Injury (Severe),Vehicle/Pedestrian,Pedestrian,Crossing Not in Crosswalk,Wet,No Unusual Condition,Dark - Street Lights,Midblock > 20ft,0.0,1,1.0,Pedestrian,North,Proceeding Straight,Driver,West,Proceeding Straight,POINT (-122.40367 37.78751),19.0,5.0,10.0,8.0,19
4192,vw_geo_sfpd_cr_switrs_all_types_col_cty_union.fid-c18a0c2_186644fdb18_-4390,39832,23512000.0,2076000.0,150605859,37.7446943443675,-122.506979147222,SFPD-CROSSROADS,CITY STREET,07/12/2015 01:35:00 AM,2015 July 12,01:35:00,2015,July,Sunday,48TH AVE,RIVERA ST,261.0,Cloudy,Injury (Other Visible),Vehicle/Pedestrian,Pedestrian,"In Road, Including Shoulder",Dry,No Unusual Condition,Dark - Street Lights Not Functioning,Midblock > 20ft,0.0,1,1.0,Driver,South,Parking Maneuver,Pedestrian,North,Other,POINT (-122.50698 37.744694),39.0,10.0,7.0,35.0,01
4193,vw_geo_sfpd_cr_switrs_all_types_col_cty_union.fid-c18a0c2_186644fdb18_-47d7,14072,24238000.0,,141069789,37.7718637062541,-122.414026707203,SFPD-CROSSROADS,CITY STREET,12/21/2014 09:09:00 PM,2014 December 21,21:09:00,2014,December,Sunday,11TH ST,FOLSOM ST,0.0,Raining,Injury (Complaint of Pain),Vehicle/Pedestrian,Pedestrian,Crossing in Crosswalk at Intersection,Wet,No Unusual Condition,Dark - Street Lights,Intersection <= 20ft,0.0,1,1.0,Driver,West,Making Left Turn,Pedestrian,North,Proceeding Straight,POINT (-122.414024 37.771862),32.0,1.0,10.0,34.0,21
4198,vw_geo_sfpd_cr_switrs_all_types_col_cty_union.fid-c18a0c2_186644fdb18_-4b4f,25755,30738000.0,,140478230,37.7876418487555,-122.403430799949,SFPD-CROSSROADS,CITY STREET,06/08/2014 08:34:00 PM,2014 June 08,20:34:00,2014,June,Sunday,MARKET ST,03RD ST,0.0,Clear,Injury (Other Visible),Head-On,Pedestrian,Crossing in Crosswalk at Intersection,Dry,No Unusual Condition,Dusk - Dawn,Intersection <= 20ft,0.0,1,1.0,Driver,East,Making Left Turn,Pedestrian,North,Proceeding Straight,POINT (-122.40343 37.787643),32.0,6.0,3.0,8.0,20
4211,vw_geo_sfpd_cr_switrs_all_types_col_cty_union.fid-c18a0c2_186644fdb18_-433e,16346,23946000.0,,150648633,37.7797389057742,-122.407159488403,SFPD-CROSSROADS,CITY STREET,07/25/2015 10:50:00 PM,2015 July 25,22:50:00,2015,July,Saturday,06TH ST,HOWARD ST,0.0,Clear,Injury (Complaint of Pain),Vehicle/Pedestrian,Pedestrian,Crossing in Crosswalk at Intersection,Dry,No Unusual Condition,Dark - Street Lights,Intersection <= 20ft,0.0,1,1.0,Driver,South,Making Left Turn,Pedestrian,West,Proceeding Straight,POINT (-122.40716 37.77974),32.0,1.0,10.0,34.0,22
4218,vw_geo_sfpd_cr_switrs_all_types_col_cty_union.fid-c18a0c2_186644fdb18_-45c7,28892,25148000.0,,150268582,37.7833108898927,-122.417528773168,SFPD-CROSSROADS,CITY STREET,03/26/2015 08:26:00 PM,2015 March 26,20:26:00,2015,March,Thursday,EDDY ST,LARKIN ST,0.0,Clear,Injury (Complaint of Pain),Vehicle/Pedestrian,Pedestrian,Crossing in Crosswalk at Intersection,Dry,No Unusual Condition,Daylight,Intersection <= 20ft,0.0,1,1.0,Driver,West,Making Left Turn,Pedestrian,North,Proceeding Straight,POINT (-122.41753 37.78331),20.0,5.0,10.0,36.0,20
4221,vw_geo_sfpd_cr_switrs_all_types_col_cty_union.fid-c18a0c2_186644fdb18_-4527,5305,20225000.0,5986000.0,150362134,37.7407716260726,-122.38788365651,SFPD-CROSSROADS,CITY STREET,04/26/2015 01:57:00 AM,2015 April 26,01:57:00,2015,April,Sunday,GALVEZ AVE,NEWHALL ST,63.0,Clear,Injury (Other Visible),Head-On,Pedestrian,Crossing Not in Crosswalk,Dry,No Unusual Condition,Dark - Street Lights,Midblock > 20ft,0.0,1,1.0,Driver,East,Proceeding Straight,Pedestrian,South,Other,POINT (-122.387886 37.740772),86.0,2.0,9.0,1.0,01
4223,vw_geo_sfpd_cr_switrs_all_types_col_cty_union.fid-c18a0c2_186644fdb18_-3cb1,2978,20619000.0,10408000.0,160404679,37.7302750676485,-122.399882086597,SFPD-CROSSROADS,CITY STREET,05/17/2016 06:20:00 PM,2016 May 17,18:20:00,2016,May,Tuesday,PHELPS ST,WILLIAMS AVE,8.0,Clear,Injury (Complaint of Pain),Vehicle/Pedestrian,Pedestrian,Crossing in Crosswalk at Intersection,Dry,No Unusual Condition,Daylight,Intersection <= 20ft,0.0,1,1.0,Driver,South,Proceeding Straight,Pedestrian,North,Not Stated,POINT (-122.39988 37.730274),86.0,2.0,9.0,1.0,18
4231,vw_geo_sfpd_cr_switrs_all_types_col_cty_union.fid-c18a0c2_186644fdb18_-416d,23875,24583000.0,5661000.0,150895771,37.7838046705417,-122.39890528762,SFPD-CROSSROADS,CITY STREET,10/13/2015 10:50:00 AM,2015 October 13,10:50:00,2015,October,Tuesday,FOLSOM ST,03RD ST,10.0,Clear,Injury (Complaint of Pain),Vehicle/Pedestrian,Pedestrian,Crossing in Crosswalk at Intersection,Dry,No Unusual Condition,Daylight,Intersection <= 20ft,0.0,1,1.0,Pedestrian,South,Proceeding Straight,Driver,East,Proceeding Straight,POINT (-122.3989 37.783806),32.0,1.0,10.0,8.0,10
4239,vw_geo_sfpd_cr_switrs_all_types_col_cty_union.fid-c18a0c2_186644fdb18_-3f17,1123,21552000.0,,160094571,37.7088063372727,-122.45266472081,SFPD-CROSSROADS,CITY STREET,02/01/2016 07:33:00 PM,2016 February 01,19:33:00,2016,February,Monday,SICKLES AVE,MISSION ST,0.0,Clear,Injury (Complaint of Pain),Vehicle/Pedestrian,Pedestrian,Crossing in Crosswalk at Intersection,Dry,No Unusual Condition,Dark - Street Lights,Intersection <= 20ft,0.0,1,1.0,Driver,East,Making Left Turn,Pedestrian,East,Proceeding Straight,POINT (-122.45267 37.708805),66.0,9.0,1.0,28.0,19
4240,vw_geo_sfpd_cr_switrs_all_types_col_cty_union.fid-c18a0c2_186644fdb18_-4f05,21050,25953000.0,5537000.0,131080723,37.7755753444203,-122.431146595962,SFPD-CROSSROADS,CITY STREET,12/24/2013 06:54:00 PM,2013 December 24,18:54:00,2013,December,Tuesday,FILLMORE ST,HAYES ST,95.0,Clear,Injury (Other Visible),Vehicle/Pedestrian,Pedestrian,Crossing Not in Crosswalk,Dry,No Unusual Condition,Dark - Street Lights,Midblock > 20ft,0.0,1,1.0,Driver,North,Backing,Pedestrian,West,Proceeding Straight,POINT (-122.431145 37.775574),22.0,4.0,11.0,9.0,18
4254,vw_geo_sfpd_cr_switrs_all_types_col_cty_union.fid-c18a0c2_186644fdb18_-37c3,12884,26205000.0,,161019849,37.7618804433281,-122.445309434739,SFPD-CROSSROADS,CITY STREET,12/16/2016 11:00:00 AM,2016 December 16,11:00:00,2016,December,Friday,17TH ST,ROOSEVELT WAY,0.0,Clear,Injury (Complaint of Pain),Sideswipe,Pedestrian,Crossing in Crosswalk at Intersection,Dry,No Unusual Condition,Daylight,Intersection <= 20ft,0.0,1,1.0,Driver,East,Making Left Turn,Pedestrian,North,Proceeding Straight,POINT (-122.44531 37.76188),115.0,7.0,5.0,5.0,11
4258,vw_geo_sfpd_cr_switrs_all_types_col_cty_union.fid-c18a0c2_186644fdb18_-385c,23843,24885000.0,290000.0,160945548,37.7833341481728,-122.407237685,SFPD-CROSSROADS,CITY STREET,11/20/2016 12:26:00 PM,2016 November 20,12:26:00,2016,November,Sunday,05TH AVE,STEVENSON ST,100.0,Cloudy,Injury (Complaint of Pain),Vehicle/Pedestrian,Pedestrian,"In Road, Including Shoulder",Wet,No Unusual Condition,Daylight,Midblock > 20ft,0.0,1,1.0,Pedestrian,East,Stopped In Road,Driver,South,Proceeding Straight,POINT (-122.407234 37.783333),32.0,5.0,10.0,34.0,12
4265,vw_geo_sfpd_cr_switrs_all_types_col_cty_union.fid-c18a0c2_186644fdb18_-4430,5567,20788000.000000004,7206201.0,130891385,37.7387148340202,-122.404274421419,SFPD-CROSSROADS,CITY STREET,10/21/2013 09:21:00 AM,2013 October 21,09:21:00,2013,October,Monday,INDUSTRIAL ST,BARNEVELD AVE,5.0,Clear,Injury (Other Visible),Vehicle/Pedestrian,Pedestrian,Crossing in Crosswalk at Intersection,Dry,No Unusual Condition,Daylight,Intersection <= 20ft,0.0,1,1.0,Driver,West,Proceeding Straight,Pedestrian,North,Not Stated,POINT (-122.404274 37.738716),82.0,2.0,9.0,1.0,09
4269,vw_geo_sfpd_cr_switrs_all_types_col_cty_union.fid-c18a0c2_186644fdb18_-3c06,15561,24312000.0,,160488736,37.7758006862786,-122.414173205358,SFPD-CROSSROADS,CITY STREET,06/16/2016 10:35:00 AM,2016 June 16,10:35:00,2016,June,Thursday,09TH ST,MINNA ST,0.0,Clear,Injury (Severe),Vehicle/Pedestrian,Pedestrian,Crossing Not in Crosswalk,Dry,No Unusual Condition,Daylight,Intersection <= 20ft,0.0,1,1.0,Pedestrian,West,Stopped In Road,Driver,North,Proceeding Straight,POINT (-122.41418 37.7758),32.0,1.0,10.0,34.0,10
4271,vw_geo_sfpd_cr_switrs_all_types_col_cty_union.fid-c18a0c2_186644fdb18_-3a70,845,20425000.0,11644000.0,160708562,37.7094859533412,-122.419555010342,SFPD-CROSSROADS,CITY STREET,09/01/2016 10:00:00 AM,2016 September 01,10:00:00,2016,September,Thursday,SANTOS ST,VELASCO AVE,178.0,Cloudy,Fatal,Vehicle/Pedestrian,Pedestrian,"In Road, Including Shoulder",Dry,No Unusual Condition,Daylight,Midblock > 20ft,1.0,0,1.0,Driver,South,Proceeding Straight,Pedestrian,South,Not Stated,POINT (-122.419556 37.709484),74.0,9.0,9.0,40.0,10
4273,vw_geo_sfpd_cr_switrs_all_types_col_cty_union.fid-c18a0c2_186644fdb18_-4748,4505,52189000.0,10390000.0,150062011,37.7242540971333,-122.452343804925,SFPD-CROSSROADS,CITY STREET,01/20/2015 09:45:00 PM,2015 January 20,21:45:00,2015,January,Tuesday,PHELAN AVE,OCEAN AVE,427.0,Clear,Injury (Complaint of Pain),Vehicle/Pedestrian,Pedestrian,Crossing in Crosswalk at Intersection,Dry,No Unusual Condition,Dark - Street Lights,Midblock > 20ft,0.0,1,1.0,Driver,South,Proceeding Straight,Pedestrian,East,Proceeding Straight,POINT (-122.45235 37.724255),71.0,9.0,8.0,41.0,21
4276,vw_geo_sfpd_cr_switrs_all_types_col_cty_union.fid-c18a0c2_186644fdb18_-3bd4,26853,24554000.0,,160513719,37.7911528083193,-122.395813421411,SFPD-CROSSROADS,CITY STREET,06/24/2016 11:32:00 PM,2016 June 24,23:32:00,2016,June,Friday,MISSION ST,BEALE ST,0.0,Clear,Injury (Complaint of Pain),Vehicle/Pedestrian,Pedestrian,Crossing in Crosswalk at Intersection,Dry,No Unusual Condition,Dark - Street Lights,Intersection <= 20ft,0.0,1,1.0,Driver,East,Making Left Turn,Pedestrian,South,Proceeding Straight,POINT (-122.39581 37.791153),108.0,1.0,10.0,8.0,23
4280,vw_geo_sfpd_cr_switrs_all_types_col_cty_union.fid-c18a0c2_186644fdb18_-4d5a,27858,25165000.0,,140163378,37.7893198488077,-122.415371921764,SFPD-CROSSROADS,CITY STREET,02/24/2014 07:44:00 PM,2014 February 24,19:44:00,2014,February,Monday,LEAVENWORTH ST,BUSH ST,0.0,Clear,Injury (Other Visible),Vehicle/Pedestrian,Pedestrian,Crossing in Crosswalk at Intersection,Dry,No Unusual Condition,Dark - Street Lights,Intersection <= 20ft,0.0,2,1.0,Driver,North,Making Left Turn,Pedestrian,West,Proceeding Straight,POINT (-122.415375 37.789318),50.0,6.0,3.0,21.0,19