,id,unique_id,cnn_intrsctn_fkey,cnn_sgmt_fkey,case_id_pkey,tb_latitude,tb_longitude,geocode_source,geocode_location,collision_datetime,collision_date,collision_time,accident_year,month,day_of_week,primary_rd,secondary_rd,distance,weather_1,collision_severity,type_of_collision,mviw,ped_action,road_surface,road_cond_1,lighting,intersection,number_killed,number_injured,party_at_fault,party1_type,party1_dir_of_travel,party1_move_pre_acc,party2_type,party2_dir_of_travel,party2_move_pre_acc,point,Neighborhoods,Current Police Districts,Current Supervisor Districts,Analysis Neighborhoods,hour
4282,vw_geo_sfpd_cr_switrs_all_types_col_cty_union.fid-c18a0c2_186644fdb18_-40a3,7672,21918000.000000004,,150997480,37.7459600410009,-122.429116241731,SFPD-CROSSROADS,CITY STREET,11/16/2015 10:00:00 AM,2015 November 16,10:00:00,2015,November,Monday,SANCHEZ ST,DUNCAN ST,0.0,Clear,Injury (Other Visible),Vehicle/Pedestrian,Pedestrian,Crossing in Crosswalk at Intersection,Dry,No Unusual Condition,Daylight,Intersection <= 20ft,0.0,1,1.0,Driver,East,Making Left Turn,Pedestrian,North,Not Stated,POINT (-122.429115 37.74596),84.0,9.0,5.0,22.0,10
4285,vw_geo_sfpd_cr_switrs_all_types_col_cty_union.fid-c18a0c2_186644fdb18_-4949,2991,20650000.0,11376000.0,140838195,37.7288477241621,-122.404104920594,SFPD-CROSSROADS,CITY STREET,10/04/2014 12:06:00 PM,2014 October 04,12:06:00,2014,October,Saturday,SAN BRUNO AVE,BURROWS ST,5.0,Clear,Injury (Complaint of Pain),Vehicle/Pedestrian,Pedestrian,Crossing in Crosswalk at Intersection,Dry,No Unusual Condition,Daylight,Intersection <= 20ft,0.0,1,1.0,Driver,South,Proceeding Straight,Pedestrian,West,Not Stated,POINT (-122.404106 37.728848),91.0,2.0,2.0,25.0,12
4296,vw_geo_sfpd_cr_switrs_all_types_col_cty_union.fid-c18a0c2_186644fdb18_-48da,10401,24112000.0,1191000.0,140895424,37.7553664276039,-122.419847059035,SFPD-CROSSROADS,CITY STREET,10/22/2014 08:54:00 PM,2014 October 22,20:54:00,2014,October,Wednesday,22ND ST,BARTLETT ST,3.0,Clear,Injury (Other Visible),Broadside,Pedestrian,Crossing in Crosswalk at Intersection,Dry,No Unusual Condition,Dark - Street Lights,Intersection <= 20ft,0.0,1,1.0,Driver,East,Proceeding Straight,Pedestrian,South,Proceeding Straight,POINT (-122.419846 37.755367),53.0,3.0,2.0,20.0,20
4301,vw_geo_sfpd_cr_switrs_all_types_col_cty_union.fid-c18a0c2_186644fdb18_-4245,27306,24662000.0,,150779727,37.7896315970217,-122.405398672766,SFPD-CROSSROADS,CITY STREET,09/05/2015 09:50:00 AM,2015 September 05,09:50:00,2015,September,Saturday,GRANT AVE,SUTTER ST,0.0,Clear,Injury (Complaint of Pain),Vehicle/Pedestrian,Pedestrian,Crossing in Crosswalk at Intersection,Dry,No Unusual Condition,Daylight,Intersection <= 20ft,0.0,1,1.0,Driver,North,Making Left Turn,Pedestrian,East,Proceeding Straight,POINT (-122.405396 37.78963),19.0,6.0,3.0,8.0,09
4308,vw_geo_sfpd_cr_switrs_all_types_col_cty_union.fid-c18a0c2_186644fdb18_-3824,13974,24206000.0,,160982415,37.7715786773086,-122.411277936994,SFPD-CROSSROADS,CITY STREET,12/03/2016 01:39:00 PM,2016 December 03,13:39:00,2016,December,Saturday,10TH ST,HARRISON ST,0.0,Clear,Injury (Complaint of Pain),Vehicle/Pedestrian,Pedestrian,Crossing in Crosswalk at Intersection,Dry,No Unusual Condition,Daylight,Intersection <= 20ft,0.0,1,1.0,Driver,South,Making Left Turn,Pedestrian,East,Stopped In Road,POINT (-122.41128 37.77158),32.0,1.0,10.0,34.0,13
4309,vw_geo_sfpd_cr_switrs_all_types_col_cty_union.fid-c18a0c2_186644fdb18_-3933,24156,24922000.0,,160847176,37.7822305745026,-122.410292026986,SFPD-CROSSROADS,CITY STREET,10/17/2016 06:35:00 PM,2016 October 17,18:35:00,2016,October,Monday,MARKET ST,06TH ST,0.0,Clear,Injury (Other Visible),Vehicle/Pedestrian,Pedestrian,Crossing in Crosswalk Not at Intersection,Dry,No Unusual Condition,Dark - Street Lights,Intersection <= 20ft,0.0,1,1.0,Pedestrian,North,Proceeding Straight,Driver,East,Proceeding Straight,POINT (-122.41029 37.78223),32.0,5.0,10.0,34.0,18
4313,vw_geo_sfpd_cr_switrs_all_types_col_cty_union.fid-c18a0c2_186644fdb18_-3aac,5855,20812000.0,2734000.0,160671856,37.74473393782,-122.402989001853,SFPD-CROSSROADS,CITY STREET,08/19/2016 09:19:00 PM,2016 August 19,21:19:00,2016,August,Friday,BARNEVELD AVE,MCKINNON AVE,350.0,Clear,Injury (Complaint of Pain),Vehicle/Pedestrian,Pedestrian,"In Road, Including Shoulder",Dry,No Unusual Condition,Dark - Street Lights,Midblock > 20ft,0.0,1,1.0,Driver,South,Proceeding Straight,Pedestrian,West,Stopped In Road,POINT (-122.40299 37.744736),85.0,2.0,9.0,1.0,21
4318,vw_geo_sfpd_cr_switrs_all_types_col_cty_union.fid-c18a0c2_186644fdb18_-4426,25571,24597000.0,,150514818,37.7880071607011,-122.39979802372,SFPD-CROSSROADS,CITY STREET,06/12/2015 09:47:00 PM,2015 June 12,21:47:00,2015,June,Friday,02ND ST,MISSION ST,0.0,Clear,Injury (Complaint of Pain),Vehicle/Pedestrian,Pedestrian,Crossing in Crosswalk at Intersection,Dry,No Unusual Condition,Dark - Street Lights,Intersection <= 20ft,0.0,1,1.0,Pedestrian,East,Not Stated,Driver,South,Proceeding Straight,POINT (-122.399796 37.788006),32.0,1.0,10.0,8.0,21
4324,vw_geo_sfpd_cr_switrs_all_types_col_cty_union.fid-c18a0c2_186644fdb18_-484b,18137,25893000.0,4985000.0,140994236,37.7694269718752,-122.429598326978,SFPD-CROSSROADS,CITY STREET,11/24/2014 08:47:00 AM,2014 November 24,08:47:00,2014,November,Monday,DUBOCE AVE,CHURCH ST,141.0,Clear,Injury (Complaint of Pain),Vehicle/Pedestrian,Pedestrian,Crossing Not in Crosswalk,Dry,No Unusual Condition,Daylight,Midblock > 20ft,0.0,1,1.0,Pedestrian,South,Proceeding Straight,Driver,East,Proceeding Straight,POINT (-122.429596 37.76943),28.0,7.0,5.0,9.0,08
4325,vw_geo_sfpd_cr_switrs_all_types_col_cty_union.fid-c18a0c2_186644fdb18_-4273,12151,24142000.0,,150763021,37.7651831347103,-122.417486596367,SFPD-CROSSROADS,CITY STREET,08/31/2015 09:45:00 AM,2015 August 31,09:45:00,2015,August,Monday,16TH ST,VAN NESS AVE,0.0,Clear,Injury (Complaint of Pain),Vehicle/Pedestrian,Pedestrian,Crossing in Crosswalk at Intersection,Dry,No Unusual Condition,Daylight,Intersection <= 20ft,0.0,1,1.0,Driver,East,Making Left Turn,Pedestrian,North,Not Stated,POINT (-122.41749 37.765182),53.0,3.0,2.0,20.0,09
4334,vw_geo_sfpd_cr_switrs_all_types_col_cty_union.fid-c18a0c2_186644fdb18_-3cbc,16505,23947000.0,7042000.0,160394967,37.7808772049688,-122.405720217552,SFPD-CROSSROADS,CITY STREET,05/14/2016 05:20:00 PM,2016 May 14,17:20:00,2016,May,Saturday,NATOMA ST,06TH ST,282.0,Clear,Injury (Other Visible),Vehicle/Pedestrian,Pedestrian,"In Road, Including Shoulder",Dry,No Unusual Condition,Daylight,Midblock > 20ft,0.0,1,1.0,Driver,East,Proceeding Straight,Pedestrian,North,Proceeding Straight,POINT (-122.40572 37.780876),32.0,1.0,10.0,34.0,17
4341,vw_geo_sfpd_cr_switrs_all_types_col_cty_union.fid-c18a0c2_186644fdb18_-3d95,23012,24490000.0,3280000.0,160284835,37.7830741452329,-122.393622769998,SFPD-CROSSROADS,CITY STREET,04/06/2016 07:30:00 PM,2016 April 06,19:30:00,2016,April,Wednesday,BRYANT ST,02ND ST,2.0,Clear,Injury (Other Visible),Head-On,Pedestrian,Crossing in Crosswalk at Intersection,Dry,No Unusual Condition,Dusk - Dawn,Intersection <= 20ft,0.0,1,1.0,Pedestrian,South,Entering Traffic,Driver,East,Proceeding Straight,POINT (-122.39362 37.783073),31.0,1.0,10.0,8.0,19
4348,vw_geo_sfpd_cr_switrs_all_types_col_cty_union.fid-c18a0c2_186644fdb18_-3fbf,22121,25972000.0,,151126341,37.7807155730299,-122.43042441516,SFPD-CROSSROADS,CITY STREET,12/31/2015 03:15:00 PM,2015 December 31,15:15:00,2015,December,Thursday,WEBSTER ST,TURK ST,0.0,Clear,Injury (Complaint of Pain),Vehicle/Pedestrian,Pedestrian,Crossing in Crosswalk at Intersection,Dry,No Unusual Condition,Daylight,Intersection <= 20ft,0.0,1,1.0,Driver,North,Making Right Turn,Pedestrian,West,Proceeding Straight,POINT (-122.43043 37.780716),97.0,4.0,11.0,39.0,15
4353,vw_geo_sfpd_cr_switrs_all_types_col_cty_union.fid-c18a0c2_186644fdb18_-38e5,39001,23177000.0,,160882398,37.7410429799883,-122.478774377612,SFPD-CROSSROADS,CITY STREET,10/29/2016 08:00:00 PM,2016 October 29,20:00:00,2016,October,Saturday,ULLOA ST,22ND AVE,0.0,Clear,Injury (Severe),Vehicle/Pedestrian,Pedestrian,"In Road, Including Shoulder",Dry,No Unusual Condition,Dark - Street Lights,Intersection <= 20ft,0.0,1,1.0,Pedestrian,South,Proceeding Straight,Driver,West,Proceeding Straight,POINT (-122.478775 37.741043),40.0,10.0,7.0,35.0,20
4355,vw_geo_sfpd_cr_switrs_all_types_col_cty_union.fid-c18a0c2_186644fdb18_-4284,28644,25098000.000000004,,150749021,37.7945266526906,-122.411364043208,SFPD-CROSSROADS,CITY STREET,08/26/2015 10:07:00 PM,2015 August 26,22:07:00,2015,August,Wednesday,MASON ST,WASHINGTON ST,0.0,Clear,Injury (Complaint of Pain),Vehicle/Pedestrian,Pedestrian,Crossing in Crosswalk at Intersection,Dry,No Unusual Condition,Dark - Street Lights,Intersection <= 20ft,0.0,1,1.0,Driver,North,Making Left Turn,Pedestrian,North,Proceeding Straight,POINT (-122.41136 37.794525),16.0,6.0,3.0,21.0,22
4362,vw_geo_sfpd_cr_switrs_all_types_col_cty_union.fid-c18a0c2_186644fdb18_-47ac,45318,27859000.0,,141100430,37.7815772950465,-122.494519751468,SFPD-CROSSROADS,CITY STREET,12/31/2014 02:17:00 PM,2014 December 31,14:17:00,2014,December,Wednesday,34TH AVE,CLEMENT ST,0.0,Clear,Injury (Complaint of Pain),Vehicle/Pedestrian,Pedestrian,Crossing in Crosswalk at Intersection,Dry,No Unusual Condition,Daylight,Intersection <= 20ft,0.0,1,1.0,Driver,West,Making Right Turn,Pedestrian,South,Proceeding Straight,POINT (-122.49452 37.781578),8.0,8.0,4.0,17.0,14
4366,vw_geo_sfpd_cr_switrs_all_types_col_cty_union.fid-c18a0c2_186644fdb18_-4b2f,44416,27908000.0,1951000.0,140500554,37.7755559755008,-122.503754449419,SFPD-CROSSROADS,CITY STREET,06/16/2014 10:50:00 PM,2014 June 16,22:50:00,2014,June,Monday,43RD AVE,BALBOA ST,49.0,Cloudy,Injury (Complaint of Pain),Vehicle/Pedestrian,Pedestrian,"In Road, Including Shoulder",Dry,No Unusual Condition,Dark - Street Lights,Midblock > 20ft,0.0,1,1.0,Pedestrian,North,Other Unsafe Turning,Driver,North,Proceeding Straight,POINT (-122.50375 37.775555),6.0,8.0,4.0,29.0,22
4367,vw_geo_sfpd_cr_switrs_all_types_col_cty_union.fid-c18a0c2_186644fdb18_-4d9a,33917,25364000.0,,140129875,37.8003154992467,-122.410206544202,SFPD-CROSSROADS,CITY STREET,02/13/2014 12:55:00 PM,2014 February 13,12:55:00,2014,February,Thursday,COLUMBUS AVE,UNION ST,0.0,Clear,Injury (Complaint of Pain),Vehicle/Pedestrian,Pedestrian,Crossing in Crosswalk at Intersection,Dry,No Unusual Condition,Daylight,Intersection <= 20ft,0.0,1,1.0,Driver,South,Making Right Turn,Pedestrian,East,Proceeding Straight,POINT (-122.41021 37.800316),106.0,6.0,3.0,6.0,12
4372,vw_geo_sfpd_cr_switrs_all_types_col_cty_union.fid-c18a0c2_186644fdb18_-4dd4,35829,25574000.0,,140101453,37.8057202558543,-122.420369046671,SFPD-CROSSROADS,CITY STREET,02/03/2014 10:36:00 PM,2014 February 03,22:36:00,2014,February,Monday,NORTH POINT ST,HYDE ST,0.0,Clear,Injury (Complaint of Pain),Vehicle/Pedestrian,Pedestrian,Crossing in Crosswalk at Intersection,Dry,No Unusual Condition,Daylight,Intersection <= 20ft,0.0,1,1.0,Pedestrian,North,Proceeding Straight,Driver,West,Proceeding Straight,POINT (-122.42037 37.80572),98.0,6.0,6.0,32.0,22
4377,vw_geo_sfpd_cr_switrs_all_types_col_cty_union.fid-c18a0c2_186644fdb18_-4a2c,22445,26072000.0,,140681110,37.777586768086,-122.440026922254,SFPD-CROSSROADS,CITY STREET,08/14/2014 08:30:00 PM,2014 August 14,20:30:00,2014,August,Thursday,MCALLISTER ST,BRODERICK ST,0.0,Clear,Injury (Complaint of Pain),Vehicle/Pedestrian,Pedestrian,Crossing in Crosswalk at Intersection,Dry,No Unusual Condition,Dusk - Dawn,Intersection <= 20ft,0.0,1,1.0,Driver,West,Making Right Turn,Pedestrian,West,Proceeding Straight,POINT (-122.440025 37.777588),97.0,7.0,11.0,39.0,20
4385,vw_geo_sfpd_cr_switrs_all_types_col_cty_union.fid-c18a0c2_186644fdb18_-4ccc,30895,26802000.0,,140248049,37.7824504809551,-122.43929762499,SFPD-CROSSROADS,CITY STREET,03/24/2014 02:10:00 PM,2014 March 24,14:10:00,2014,March,Monday,DIVISADERO ST,OFARRELL ST,0.0,Clear,Injury (Other Visible),Sideswipe,Pedestrian,Crossing in Crosswalk at Intersection,Dry,No Unusual Condition,Daylight,Intersection <= 20ft,0.0,1,1.0,Driver,East,Making Left Turn,Pedestrian,South,Proceeding Straight,POINT (-122.4393 37.78245),97.0,4.0,11.0,39.0,14
4387,vw_geo_sfpd_cr_switrs_all_types_col_cty_union.fid-c18a0c2_186644fdb18_-42a4,22251,26030000.0,,150727500,37.7742766787505,-122.435940327923,SFPD-CROSSROADS,CITY STREET,08/20/2015 12:35:00 PM,2015 August 20,12:35:00,2015,August,Thursday,FELL ST,SCOTT ST,0.0,Clear,Injury (Complaint of Pain),Vehicle/Pedestrian,Pedestrian,Crossing in Crosswalk at Intersection,Dry,No Unusual Condition,Daylight,Intersection <= 20ft,0.0,1,1.0,Driver,West,Making Left Turn,Pedestrian,South,Proceeding Straight,POINT (-122.43594 37.774277),23.0,4.0,11.0,9.0,12
4391,vw_geo_sfpd_cr_switrs_all_types_col_cty_union.fid-c18a0c2_186644fdb18_-3e7f,24366,24924000.0,12717000.0,160176696,37.7831466615236,-122.411294789724,SFPD-CROSSROADS,CITY STREET,02/29/2016 03:53:00 PM,2016 February 29,15:53:00,2016,February,Monday,TURK ST,TAYLOR ST,155.0,Clear,Injury (Complaint of Pain),Vehicle/Pedestrian,Pedestrian,Crossing Not in Crosswalk,Dry,No Unusual Condition,Daylight,Midblock > 20ft,0.0,1,1.0,Pedestrian,North,Entering Traffic,Driver,East,Backing,POINT (-122.41129 37.783146),20.0,5.0,10.0,36.0,15
4399,vw_geo_sfpd_cr_switrs_all_types_col_cty_union.fid-c18a0c2_186644fdb18_-4dc3,26210,25154000.0,6115000.0,140110216,37.7865106724041,-122.414878330331,SFPD-CROSSROADS,CITY STREET,02/06/2014 09:08:00 PM,2014 February 06,21:08:00,2014,February,Thursday,GEARY ST,LEAVENWORTH ST,21.0,Clear,Injury (Complaint of Pain),Vehicle/Pedestrian,Pedestrian,Crossing Not in Crosswalk,Wet,No Unusual Condition,Dark - Street Lights,Midblock > 20ft,0.0,1,1.0,Pedestrian,South,Entering Traffic,Driver,East,Making Left Turn,POINT (-122.41488 37.78651),20.0,6.0,10.0,36.0,21
4403,vw_geo_sfpd_cr_switrs_all_types_col_cty_union.fid-c18a0c2_186644fdb18_-4a5b,36927,22605000.0,6363000.0,140648477,37.7200186190667,-122.461026576769,SFPD-CROSSROADS,CITY STREET,08/04/2014 06:11:00 PM,2014 August 04,18:11:00,2014,August,Monday,GRAFTON AVE,JULES AVE,60.0,Clear,Injury (Complaint of Pain),Vehicle/Pedestrian,Pedestrian,"In Road, Including Shoulder",Dry,No Unusual Condition,Daylight,Midblock > 20ft,0.0,1,1.0,Pedestrian,South,Entering Traffic,Driver,West,Proceeding Straight,POINT (-122.46103 37.72002),64.0,10.0,1.0,24.0,18
4405,vw_geo_sfpd_cr_switrs_all_types_col_cty_union.fid-c18a0c2_186644fdb18_-396a,5099,22230000.0,9276101.0,160820843,37.7315082905183,-122.447059989569,SFPD-CROSSROADS,CITY STREET,10/08/2016 07:30:00 PM,2016 October 08,19:30:00,2016,October,Saturday,MONTEREY BLVD,EDNA ST,139.0,Clear,Injury (Other Visible),Vehicle/Pedestrian,Pedestrian,Crossing Not in Crosswalk,Dry,No Unusual Condition,Dark - Street Lights,Midblock > 20ft,0.0,1,1.0,Pedestrian,North,Proceeding Straight,Driver,East,Proceeding Straight,POINT (-122.44706 37.73151),95.0,9.0,8.0,41.0,19
4406,vw_geo_sfpd_cr_switrs_all_types_col_cty_union.fid-c18a0c2_186644fdb18_-3e36,25065,25139000.0,,160211004,37.7846571408095,-122.414430198089,SFPD-CROSSROADS,CITY STREET,03/12/2016 06:44:00 PM,2016 March 12,18:44:00,2016,March,Saturday,ELLIS ST,LEAVENWORTH ST,0.0,Raining,Fatal,Vehicle/Pedestrian,Pedestrian,Crossing Not in Crosswalk,Wet,No Unusual Condition,Dark - Street Lights,Intersection <= 20ft,1.0,1,1.0,Driver,West,Proceeding Straight,Pedestrian,South,Not Stated,POINT (-122.41443 37.784657),20.0,5.0,10.0,36.0,18
4407,vw_geo_sfpd_cr_switrs_all_types_col_cty_union.fid-c18a0c2_186644fdb18_-47f2,7720,21306000.0,9127000.0,141054821,37.7495150372626,-122.418180486878,SFPD-CROSSROADS,CITY STREET,12/15/2014 10:40:00 PM,2014 December 15,22:40:00,2014,December,Monday,MISSION ST,26TH ST,173.0,Raining,Injury (Severe),Vehicle/Pedestrian,Pedestrian,Crossing Not in Crosswalk,Wet,No Unusual Condition,Dark - Street Lights,Midblock > 20ft,0.0,1,1.0,Pedestrian,East,Other,Driver,North,Proceeding Straight,POINT (-122.41818 37.749516),53.0,3.0,2.0,20.0,22
4417,vw_geo_sfpd_cr_switrs_all_types_col_cty_union.fid-c18a0c2_186644fdb18_-479b,33782,25352000.0,6453000.0,150007738,37.7995264909745,-122.408736741135,SFPD-CROSSROADS,CITY STREET,01/03/2015 04:34:00 PM,2015 January 03,16:34:00,2015,January,Saturday,GREEN ST,COLUMBUS AVE,81.0,Clear,Injury (Other Visible),Vehicle/Pedestrian,Pedestrian,Crossing Not in Crosswalk,Dry,No Unusual Condition,Daylight,Midblock > 20ft,0.0,1,1.0,Pedestrian,North,Entering Traffic,Driver,East,Backing,POINT (-122.40874 37.799526),106.0,6.0,3.0,23.0,16
4427,vw_geo_sfpd_cr_switrs_all_types_col_cty_union.fid-c18a0c2_186644fdb18_-4e00,12586,25840000.0,,140073658,37.7662679223802,-122.426538464938,SFPD-CROSSROADS,CITY STREET,01/25/2014 03:07:00 PM,2014 January 25,15:07:00,2014,January,Saturday,DOLORES ST,15TH ST,0.0,Clear,Injury (Other Visible),Broadside,Pedestrian,Crossing in Crosswalk at Intersection,Dry,Construction or Repair Zone,Daylight,Intersection <= 20ft,0.0,1,1.0,Driver,South,Proceeding Straight,Pedestrian,West,Proceeding Straight,POINT (-122.42654 37.76627),37.0,3.0,5.0,5.0,15
4430,vw_geo_sfpd_cr_switrs_all_types_col_cty_union.fid-c18a0c2_186644fdb18_-4f77,6891,21836000.000000004,,131029919,37.7398837050876,-122.423580239944,SFPD-CROSSROADS,CITY STREET,12/06/2013 06:06:00 PM,2013 December 06,18:06:00,2013,December,Friday,MISSION ST,RANDALL ST,0.0,Raining,Injury (Complaint of Pain),Vehicle/Pedestrian,Pedestrian,Crossing in Crosswalk at Intersection,Wet,No Unusual Condition,Dark - Street Lights,Intersection <= 20ft,0.0,1,1.0,Driver,South,Proceeding Straight,Pedestrian,West,Proceeding Straight,POINT (-122.423584 37.739883),61.0,9.0,5.0,2.0,18
4431,vw_geo_sfpd_cr_switrs_all_types_col_cty_union.fid-c18a0c2_186644fdb18_-4cbb,8571,23958000.0,,140253117,37.7527955842745,-122.409129908842,SFPD-CROSSROADS,CITY STREET,03/26/2014 06:22:00 AM,2014 March 26,06:22:00,2014,March,Wednesday,BRYANT ST,24TH ST,0.0,Raining,Injury (Complaint of Pain),Vehicle/Pedestrian,Pedestrian,Crossing in Crosswalk at Intersection,Wet,No Unusual Condition,Dark - Street Lights,Intersection <= 20ft,0.0,1,1.0,Driver,North,Making Left Turn,Pedestrian,West,Proceeding Straight,POINT (-122.40913 37.752796),53.0,3.0,2.0,20.0,06
4434,vw_geo_sfpd_cr_switrs_all_types_col_cty_union.fid-c18a0c2_186644fdb18_-383f,25138,25144000.000000004,7117000.0,160954721,37.7842897293493,-122.416039475672,SFPD-CROSSROADS,CITY STREET,11/23/2016 01:12:00 PM,2016 November 23,13:12:00,2016,November,Wednesday,HYDE ST,ELLIS ST,59.0,Clear,Injury (Complaint of Pain),Vehicle/Pedestrian,Pedestrian,"In Road, Including Shoulder",Dry,No Unusual Condition,Daylight,Midblock > 20ft,0.0,1,1.0,Driver,South,Not Stated,Pedestrian,South,Other,POINT (-122.41604 37.78429),20.0,5.0,10.0,36.0,13
4449,vw_geo_sfpd_cr_switrs_all_types_col_cty_union.fid-c18a0c2_186644fdb18_-474d,18043,25876000.0,4008000.0,150060178,37.7686094310388,-122.429047925676,SFPD-CROSSROADS,CITY STREET,01/20/2015 12:45:00 PM,2015 January 20,12:45:00,2015,January,Tuesday,CHURCH ST,DUBOCE AVE,309.0,Clear,Injury (Other Visible),Vehicle/Pedestrian,Pedestrian,Crossing Not in Crosswalk,Dry,No Unusual Condition,Daylight,Midblock > 20ft,0.0,1,1.0,Pedestrian,East,Other,Driver,West,Making Left Turn,POINT (-122.42905 37.76861),28.0,7.0,5.0,5.0,12
4456,vw_geo_sfpd_cr_switrs_all_types_col_cty_union.fid-c18a0c2_186644fdb18_-37cd,876,21362000.0,6149201.0,161017906,37.7098307016392,-122.424329763188,SFPD-CROSSROADS,CITY STREET,12/08/2016 10:30:00 AM,2016 December 08,10:30:00,2016,December,Thursday,GENEVA AVE,BROOKDALE AVE,115.0,Clear,Injury (Complaint of Pain),Vehicle/Pedestrian,Pedestrian,"In Road, Including Shoulder",Dry,No Unusual Condition,Daylight,Midblock > 20ft,0.0,1,1.0,Driver,West,Stopped In Road,Pedestrian,East,Other,POINT (-122.42433 37.70983),58.0,9.0,1.0,7.0,10
4461,vw_geo_sfpd_cr_switrs_all_types_col_cty_union.fid-c18a0c2_186644fdb18_-38cb,17228,24333000.0,,160893602,37.7807191769573,-122.415315615362,SFPD-CROSSROADS,CITY STREET,11/02/2016 05:14:00 PM,2016 November 02,17:14:00,2016,November,Wednesday,MCALLISTER ST,HYDE ST,0.0,Clear,Injury (Severe),Vehicle/Pedestrian,Pedestrian,Crossing in Crosswalk at Intersection,Dry,No Unusual Condition,Daylight,Intersection <= 20ft,0.0,1,1.0,Pedestrian,North,Not Stated,Driver,East,Proceeding Straight,POINT (-122.41531 37.78072),21.0,5.0,10.0,36.0,17
4464,vw_geo_sfpd_cr_switrs_all_types_col_cty_union.fid-c18a0c2_186644fdb18_-4717,23792,24634000.0,9097000.0,140930371,37.7827068951091,-122.4065107331,SFPD-CROSSROADS,CITY STREET,11/03/2014 08:34:00 AM,2014 November 03,08:34:00,2014,November,Monday,MISSION ST,05TH ST,13.0,Clear,Injury (Complaint of Pain),Vehicle/Pedestrian,Pedestrian,Crossing in Crosswalk at Intersection,Dry,No Unusual Condition,Daylight,Intersection <= 20ft,0.0,1,1.0,Driver,West,Making Right Turn,Pedestrian,South,Proceeding Straight,POINT (-122.40651 37.782707),32.0,1.0,10.0,34.0,08
4467,vw_geo_sfpd_cr_switrs_all_types_col_cty_union.fid-c18a0c2_186644fdb18_-4319,26414,24952000.0,12434000.0,130738072,37.7878854369338,-122.411701742841,SFPD-CROSSROADS,CITY STREET,09/04/2013 10:40:00 AM,2013 September 04,10:40:00,2013,September,Wednesday,TAYLOR ST,POST ST,5.0,Clear,Injury (Complaint of Pain),Vehicle/Pedestrian,Pedestrian,Crossing in Crosswalk at Intersection,Dry,No Unusual Condition,Daylight,Intersection <= 20ft,0.0,1,1.0,Driver,North,Making Left Turn,Pedestrian,East,Proceeding Straight,POINT (-122.411705 37.787884),50.0,6.0,3.0,21.0,10
4470,vw_geo_sfpd_cr_switrs_all_types_col_cty_union.fid-c18a0c2_186644fdb18_-4841,1680,21486000.0,6138201.0,141003759,37.7162817590611,-122.440921637747,SFPD-CROSSROADS,CITY STREET,11/27/2014 09:54:00 AM,2014 November 27,09:54:00,2014,November,Thursday,GENEVA AVE,MISSION ST,62.0,Clear,Injury (Other Visible),Vehicle/Pedestrian,Pedestrian,"In Road, Including Shoulder",Dry,No Unusual Condition,Daylight,Midblock > 20ft,0.0,1,1.0,Pedestrian,North,Ran Off Road,Driver,East,Entering Traffic,POINT (-122.44092 37.71628),58.0,9.0,1.0,7.0,09
4472,vw_geo_sfpd_cr_switrs_all_types_col_cty_union.fid-c18a0c2_186644fdb18_-4e84,42048,26443000.0,,140979335,37.7709296593946,-122.455289746292,SFPD-CROSSROADS,CITY STREET,11/19/2014 01:56:00 AM,2014 November 19,01:56:00,2014,November,Wednesday,KEZAR DR,JOHN F KENNEDY DR,0.0,Clear,Injury (Other Visible),Broadside,Pedestrian,Crossing in Crosswalk Not at Intersection,Dry,No Unusual Condition,Dark - Street Lights,Intersection <= 20ft,0.0,1,,Pedestrian,South,Proceeding Straight,Driver,East,Proceeding Straight,POINT (-122.45529 37.77093),9.0,7.0,11.0,12.0,01
4478,vw_geo_sfpd_cr_switrs_all_types_col_cty_union.fid-c18a0c2_186644fdb18_-4dbe,23985,24632000.0,,140113373,37.7844787450467,-122.404266872764,SFPD-CROSSROADS,CITY STREET,02/08/2014 12:58:00 AM,2014 February 08,00:58:00,2014,February,Saturday,04TH ST,MISSION ST,0.0,Raining,Injury (Complaint of Pain),Vehicle/Pedestrian,Pedestrian,Crossing in Crosswalk at Intersection,Wet,No Unusual Condition,Dark - Street Lights,Intersection <= 20ft,0.0,1,1.0,Pedestrian,West,Proceeding Straight,Driver,South,Proceeding Straight,POINT (-122.40427 37.784477),32.0,1.0,10.0,34.0,00
4479,vw_geo_sfpd_cr_switrs_all_types_col_cty_union.fid-c18a0c2_186644fdb18_-386f,28939,25176000.0,5064000.0,160937783,37.7831445518702,-122.418841225376,SFPD-CROSSROADS,CITY STREET,11/17/2016 06:53:00 PM,2016 November 17,18:53:00,2016,November,Thursday,EDDY ST,POLK ST,100.0,Clear,Injury (Complaint of Pain),Vehicle/Pedestrian,Pedestrian,Crossing Not in Crosswalk,Dry,No Unusual Condition,Dark - Street Lights,Midblock > 20ft,0.0,1,1.0,Pedestrian,South,Not Stated,Driver,East,Proceeding Straight,POINT (-122.41884 37.783146),20.0,5.0,10.0,36.0,18