,id,unique_id,cnn_intrsctn_fkey,cnn_sgmt_fkey,case_id_pkey,tb_latitude,tb_longitude,geocode_source,geocode_location,collision_datetime,collision_date,collision_time,accident_year,month,day_of_week,primary_rd,secondary_rd,distance,weather_1,collision_severity,type_of_collision,mviw,ped_action,road_surface,road_cond_1,lighting,intersection,number_killed,number_injured,party_at_fault,party1_type,party1_dir_of_travel,party1_move_pre_acc,party2_type,party2_dir_of_travel,party2_move_pre_acc,point,Neighborhoods,Current Police Districts,Current Supervisor Districts,Analysis Neighborhoods,hour
4482,vw_geo_sfpd_cr_switrs_all_types_col_cty_union.fid-c18a0c2_186644fdb18_-4494,15549,24414000.0,484000.0,150451420,37.7750617206039,-122.415644467234,SFPD-CROSSROADS,CITY STREET,05/23/2015 11:40:00 PM,2015 May 23,23:40:00,2015,May,Saturday,10TH ST,MISSION ST,108.0,Clear,Fatal,Vehicle/Pedestrian,Pedestrian,Crossing Not in Crosswalk,Dry,No Unusual Condition,Dark - Street Lights,Midblock > 20ft,1.0,0,1.0,Pedestrian,East,Proceeding Straight,Driver,South,Proceeding Straight,POINT (-122.41564 37.775063),32.0,1.0,10.0,34.0,23
4486,vw_geo_sfpd_cr_switrs_all_types_col_cty_union.fid-c18a0c2_186644fdb18_-4e1d,11632,25814000.0,3790000.0,140055537,37.7626294890994,-122.435180405221,SFPD-CROSSROADS,CITY STREET,01/19/2014 06:17:00 PM,2014 January 19,18:17:00,2014,January,Sunday,CASTRO ST,17TH ST,15.0,Clear,Injury (Other Visible),Vehicle/Pedestrian,Pedestrian,Crossing in Crosswalk at Intersection,Dry,No Unusual Condition,Dark - Street Lights,Intersection <= 20ft,0.0,1,1.0,Pedestrian,East,Proceeding Straight,Driver,South,Proceeding Straight,POINT (-122.43518 37.76263),38.0,3.0,5.0,5.0,18
4493,vw_geo_sfpd_cr_switrs_all_types_col_cty_union.fid-c18a0c2_186644fdb18_-3c5c,15493,24298000.0,,160452173,37.7757938038527,-122.411069442508,SFPD-CROSSROADS,CITY STREET,06/02/2016 06:41:00 PM,2016 June 02,18:41:00,2016,June,Thursday,08TH ST,TEHAMA ST,0.0,Clear,Injury (Complaint of Pain),Vehicle/Pedestrian,Pedestrian,Crossing Not in Crosswalk,Dry,No Unusual Condition,Daylight,Intersection <= 20ft,0.0,1,1.0,Pedestrian,West,Other,Driver,South,Ran Off Road,POINT (-122.41107 37.775795),32.0,1.0,10.0,34.0,18
4496,vw_geo_sfpd_cr_switrs_all_types_col_cty_union.fid-c18a0c2_186644fdb18_-37f3,37411,22223000.0,,160997420,37.7234570073183,-122.454115753319,SFPD-CROSSROADS,CITY STREET,12/08/2016 07:05:00 PM,2016 December 08,19:05:00,2016,December,Thursday,OCEAN AVE,LEE AVE,0.0,Clear,Injury (Complaint of Pain),Vehicle/Pedestrian,Pedestrian,Crossing in Crosswalk at Intersection,Wet,No Unusual Condition,Dusk - Dawn,Intersection <= 20ft,0.0,1,1.0,Driver,East,Making Right Turn,Pedestrian,North,Proceeding Straight,POINT (-122.45412 37.723457),64.0,10.0,8.0,24.0,19
4501,vw_geo_sfpd_cr_switrs_all_types_col_cty_union.fid-c18a0c2_186644fdb18_-4f56,14337,24248000.0,,131050760,37.7740433278922,-122.414367689718,SFPD-CROSSROADS,CITY STREET,12/14/2013 01:00:00 PM,2013 December 14,13:00:00,2013,December,Saturday,HOWARD ST,10TH ST,0.0,Clear,Injury (Other Visible),Vehicle/Pedestrian,Pedestrian,Crossing in Crosswalk at Intersection,Dry,No Unusual Condition,Daylight,Intersection <= 20ft,0.0,1,1.0,Driver,South,Making Left Turn,Pedestrian,East,Proceeding Straight,POINT (-122.41437 37.774044),32.0,1.0,10.0,34.0,13
4503,vw_geo_sfpd_cr_switrs_all_types_col_cty_union.fid-c18a0c2_186644fdb18_-37ad,25794,30738000.0,8744202.0,161029876,37.7876705311289,-122.403421283455,SFPD-CROSSROADS,CITY STREET,12/19/2016 07:00:00 PM,2016 December 19,19:00:00,2016,December,Monday,MARKET ST,03RD ST,12.0,Clear,Injury (Severe),Vehicle/Pedestrian,Pedestrian,Crossing Not in Crosswalk,Dry,No Unusual Condition,Dark - Street Lights,Intersection <= 20ft,0.0,1,1.0,Pedestrian,North,Not Stated,Driver,West,Not Stated,POINT (-122.40342 37.78767),19.0,6.0,3.0,8.0,19
4506,vw_geo_sfpd_cr_switrs_all_types_col_cty_union.fid-c18a0c2_186644fdb18_-386b,12307,24376000.000000004,13059000.0,160939228,37.7656804486654,-122.421960405397,SFPD-CROSSROADS,CITY STREET,11/18/2016 08:38:00 AM,2016 November 18,08:38:00,2016,November,Friday,VALENCIA ST,SPARROW ST,15.0,Clear,Injury (Complaint of Pain),Vehicle/Pedestrian,Pedestrian,Crossing Not in Crosswalk,Dry,No Unusual Condition,Daylight,Intersection <= 20ft,0.0,1,1.0,Pedestrian,West,Proceeding Straight,Driver,North,Backing,POINT (-122.42196 37.765682),53.0,3.0,2.0,20.0,08
4511,vw_geo_sfpd_cr_switrs_all_types_col_cty_union.fid-c18a0c2_186644fdb18_-4053,27418,30732000.0,,150862899,37.7908053757667,-122.399504510879,SFPD-CROSSROADS,CITY STREET,10/02/2015 11:17:00 AM,2015 October 02,11:17:00,2015,October,Friday,MARKET ST,BATTERY ST,0.0,Clear,Injury (Complaint of Pain),Broadside,Pedestrian,Crossing in Crosswalk at Intersection,Dry,No Unusual Condition,Daylight,Intersection <= 20ft,0.0,1,1.0,Driver,East,Making Left Turn,Pedestrian,North,Proceeding Straight,POINT (-122.399506 37.790806),108.0,6.0,3.0,8.0,11
4515,vw_geo_sfpd_cr_switrs_all_types_col_cty_union.fid-c18a0c2_186644fdb18_-3d5a,4754,33323000.0,2924000.0,160318898,37.7322974486311,-122.426561594088,SFPD-CROSSROADS,CITY STREET,04/18/2016 05:44:00 PM,2016 April 18,17:44:00,2016,April,Monday,BENTON AVE,GENEBERN WAY,528.0,Clear,Injury (Other Visible),Vehicle/Pedestrian,Pedestrian,"In Road, Including Shoulder",Dry,No Unusual Condition,Daylight,Midblock > 20ft,0.0,1,1.0,Driver,North,Stopped In Road,Pedestrian,North,Not Stated,POINT (-122.42656 37.732296),93.0,9.0,2.0,2.0,17
4516,vw_geo_sfpd_cr_switrs_all_types_col_cty_union.fid-c18a0c2_186644fdb18_-3f48,34368,25524000.0,,160063996,37.8054171720975,-122.415241485487,SFPD-CROSSROADS,CITY STREET,01/22/2016 10:50:00 PM,2016 January 22,22:50:00,2016,January,Friday,BAY ST,TAYLOR ST,0.0,Cloudy,Injury (Complaint of Pain),Vehicle/Pedestrian,Pedestrian,Crossing in Crosswalk at Intersection,Wet,No Unusual Condition,Dark - Street Lights,Intersection <= 20ft,0.0,1,1.0,Driver,East,Making Left Turn,Pedestrian,South,Proceeding Straight,POINT (-122.415245 37.805416),106.0,6.0,3.0,23.0,22
4529,vw_geo_sfpd_cr_switrs_all_types_col_cty_union.fid-c18a0c2_186644fdb18_-4d1f,28824,25184000.0,,140194464,37.7819607656433,-122.420638250202,SFPD-CROSSROADS,CITY STREET,03/06/2014 09:15:00 PM,2014 March 06,21:15:00,2014,March,Thursday,TURK ST,VAN NESS AVE,0.0,Clear,Injury (Severe),Vehicle/Pedestrian,Pedestrian,Crossing Not in Crosswalk,Dry,No Unusual Condition,Dark - Street Lights,Intersection <= 20ft,0.0,1,1.0,Pedestrian,South,Other,Driver,West,Proceeding Straight,POINT (-122.42064 37.78196),100.0,4.0,11.0,39.0,21
4530,vw_geo_sfpd_cr_switrs_all_types_col_cty_union.fid-c18a0c2_186644fdb18_-4dba,2307,22102000.0,,140115335,37.7229665717039,-122.444746624942,SFPD-CROSSROADS,CITY STREET,02/08/2014 06:41:00 PM,2014 February 08,18:41:00,2014,February,Saturday,OCEAN AVE,SAN JOSE AVE,0.0,Raining,Injury (Complaint of Pain),Vehicle/Pedestrian,Pedestrian,Crossing in Crosswalk at Intersection,Wet,No Unusual Condition,Dark - Street Lights,Intersection <= 20ft,0.0,1,1.0,Driver,East,Making Left Turn,Pedestrian,East,Proceeding Straight,POINT (-122.44475 37.722965),94.0,9.0,1.0,28.0,18
4534,vw_geo_sfpd_cr_switrs_all_types_col_cty_union.fid-c18a0c2_186644fdb18_-48fd,15447,24272000.0,,140879309,37.7749917920084,-122.410062770637,SFPD-CROSSROADS,CITY STREET,10/17/2014 04:13:00 PM,2014 October 17,16:13:00,2014,October,Friday,FOLSOM ST,08TH ST,0.0,Clear,Injury (Complaint of Pain),Vehicle/Pedestrian,Pedestrian,Crossing in Crosswalk at Intersection,Dry,No Unusual Condition,Daylight,Intersection <= 20ft,0.0,1,1.0,Driver,East,Making Left Turn,Pedestrian,South,Proceeding Straight,POINT (-122.410065 37.77499),32.0,1.0,10.0,34.0,16
4538,vw_geo_sfpd_cr_switrs_all_types_col_cty_union.fid-c18a0c2_186644fdb18_-4c90,17946,25881000.0,8764101.0,140287025,37.7674674064192,-122.428968715264,SFPD-CROSSROADS,CITY STREET,04/06/2014 11:06:00 PM,2014 April 06,23:06:00,2014,April,Sunday,MARKET ST,CHURCH ST,16.0,Clear,Injury (Complaint of Pain),Vehicle/Pedestrian,Pedestrian,Crossing in Crosswalk at Intersection,Dry,No Unusual Condition,Dark - Street Lights,Intersection <= 20ft,0.0,1,2.0,Driver,West,Proceeding Straight,Pedestrian,North,Entering Traffic,POINT (-122.42897 37.767467),37.0,3.0,5.0,5.0,23
4540,vw_geo_sfpd_cr_switrs_all_types_col_cty_union.fid-c18a0c2_186644fdb18_-37ff,34311,25480000.0,,160994783,37.8067580832717,-122.412141424594,SFPD-CROSSROADS,CITY STREET,12/07/2016 08:48:00 PM,2016 December 07,20:48:00,2016,December,Wednesday,POWELL ST,NORTH POINT ST,0.0,Raining,Injury (Severe),Vehicle/Pedestrian,Pedestrian,Crossing in Crosswalk at Intersection,Wet,No Unusual Condition,Dark - Street Lights,Intersection <= 20ft,0.0,1,1.0,Driver,East,Making Left Turn,Pedestrian,West,Proceeding Straight,POINT (-122.41214 37.80676),99.0,6.0,3.0,23.0,20
4544,vw_geo_sfpd_cr_switrs_all_types_col_cty_union.fid-c18a0c2_186644fdb18_-4fa8,42125,26446000.0,,130282875,37.7728951784271,-122.454285116292,SFPD-CROSSROADS,CITY STREET,04/06/2013 10:20:00 PM,2013 April 06,22:20:00,2013,April,Saturday,STANYAN ST,HAYES ST,0.0,Cloudy,Injury (Other Visible),Vehicle/Pedestrian,Pedestrian,Crossing in Crosswalk at Intersection,Dry,No Unusual Condition,Dark - Street Lights,Intersection <= 20ft,0.0,1,1.0,Driver,East,Making Right Turn,Pedestrian,South,Proceeding Straight,POINT (-122.454285 37.772896),12.0,7.0,4.0,18.0,22
4551,vw_geo_sfpd_cr_switrs_all_types_col_cty_union.fid-c18a0c2_186644fdb18_-483e,25064,25139000.0,,141008367,37.7846571408095,-122.414430198089,SFPD-CROSSROADS,CITY STREET,11/29/2014 07:56:00 AM,2014 November 29,07:56:00,2014,November,Saturday,LEAVENWORTH ST,ELLIS ST,0.0,Cloudy,Injury (Complaint of Pain),Vehicle/Pedestrian,Pedestrian,Crossing in Crosswalk at Intersection,Wet,No Unusual Condition,Daylight,Intersection <= 20ft,0.0,1,1.0,Driver,North,Making Right Turn,Pedestrian,South,Not Stated,POINT (-122.41443 37.784657),20.0,5.0,10.0,36.0,07
4558,vw_geo_sfpd_cr_switrs_all_types_col_cty_union.fid-c18a0c2_186644fdb18_-3a5d,30089,25213000.0,,160717507,37.7854822439204,-122.423027552363,SFPD-CROSSROADS,CITY STREET,09/04/2016 10:16:00 AM,2016 September 04,10:16:00,2016,September,Sunday,GEARY BLVD,FRANKLIN ST,0.0,Clear,Injury (Complaint of Pain),Vehicle/Pedestrian,Pedestrian,Crossing in Crosswalk at Intersection,Dry,No Unusual Condition,Daylight,Intersection <= 20ft,0.0,1,1.0,Driver,North,Making Left Turn,Pedestrian,South,Proceeding Straight,POINT (-122.42303 37.78548),100.0,4.0,11.0,39.0,10
4561,vw_geo_sfpd_cr_switrs_all_types_col_cty_union.fid-c18a0c2_186644fdb18_-4ec0,1307,21507000.0,,131098588,37.7133620908476,-122.443951628492,SFPD-CROSSROADS,CITY STREET,12/31/2013 07:22:00 PM,2013 December 31,19:22:00,2013,December,Tuesday,MISSION ST,FLORENTINE AVE,0.0,Clear,Injury (Severe),Vehicle/Pedestrian,Pedestrian,Crossing in Crosswalk at Intersection,Dry,No Unusual Condition,Dark - Street Lights Not Functioning,Intersection <= 20ft,0.0,1,1.0,Driver,South,Proceeding Straight,Pedestrian,East,Proceeding Straight,POINT (-122.443954 37.713364),66.0,9.0,1.0,28.0,19
4564,vw_geo_sfpd_cr_switrs_all_types_col_cty_union.fid-c18a0c2_186644fdb18_-4fd5,24841,24893000.0,4570000.0,130114074,37.7846364335232,-122.408527310715,SFPD-CROSSROADS,CITY STREET,02/08/2013 11:05:00 PM,2013 February 08,23:05:00,2013,February,Friday,CYRIL MAGNIN ST,EDDY ST,68.0,Clear,Injury (Other Visible),Vehicle/Pedestrian,Pedestrian,"In Road, Including Shoulder",Dry,No Unusual Condition,Dark - Street Lights,Midblock > 20ft,0.0,1,1.0,Driver,North,Parking Maneuver,Pedestrian,North,Not Stated,POINT (-122.40852 37.784637),19.0,5.0,3.0,36.0,23
4580,vw_geo_sfpd_cr_switrs_all_types_col_cty_union.fid-c18a0c2_186644fdb18_-3adb,13387,24336000.000000004,,160647023,37.7685373867516,-122.415613781476,SFPD-CROSSROADS,CITY STREET,08/11/2016 08:42:00 AM,2016 August 11,08:42:00,2016,August,Thursday,14TH ST,FOLSOM ST,0.0,Clear,Injury (Complaint of Pain),Vehicle/Pedestrian,Pedestrian,Crossing in Crosswalk at Intersection,Dry,No Unusual Condition,Daylight,Intersection <= 20ft,0.0,1,,Driver,East,Making Right Turn,Pedestrian,North,Proceeding Straight,POINT (-122.41561 37.768536),53.0,3.0,2.0,20.0,08
4583,vw_geo_sfpd_cr_switrs_all_types_col_cty_union.fid-c18a0c2_186644fdb18_-4b1e,1274,21426000.0,6144201.0,140509108,37.714197925085,-122.436163094843,SFPD-CROSSROADS,CITY STREET,06/19/2014 04:17:00 PM,2014 June 19,16:17:00,2014,June,Thursday,GENEVA AVE,NAPLES ST,6.0,Clear,Injury (Complaint of Pain),Head-On,Pedestrian,Crossing in Crosswalk at Intersection,Dry,No Unusual Condition,Daylight,Intersection <= 20ft,0.0,1,1.0,Driver,East,Making Right Turn,Pedestrian,North,Proceeding Straight,POINT (-122.436165 37.7142),58.0,9.0,1.0,7.0,16
4586,vw_geo_sfpd_cr_switrs_all_types_col_cty_union.fid-c18a0c2_186644fdb18_-3f37,2969,20612000.0,13659000.0,160072282,37.7301520197131,-122.398881777045,SFPD-CROSSROADS,CITY STREET,01/25/2016 06:41:00 PM,2016 January 25,18:41:00,2016,January,Monday,WILLIAMS AVE,APOLLO ST,26.0,Clear,Injury (Severe),Vehicle/Pedestrian,Pedestrian,Crossing in Crosswalk at Intersection,Dry,No Unusual Condition,Dark - Street Lights,Midblock > 20ft,0.0,2,1.0,Driver,West,Proceeding Straight,Pedestrian,South,Other,POINT (-122.39888 37.730152),87.0,2.0,9.0,1.0,18
4588,vw_geo_sfpd_cr_switrs_all_types_col_cty_union.fid-c18a0c2_186644fdb18_-3c9c,12446,25726000.0,,160416602,37.76450761329,-122.428665129355,SFPD-CROSSROADS,CITY STREET,05/21/2016 10:49:00 PM,2016 May 21,22:49:00,2016,May,Saturday,16TH ST,CHURCH ST,0.0,Clear,Injury (Complaint of Pain),Vehicle/Pedestrian,Pedestrian,Crossing in Crosswalk at Intersection,Dry,No Unusual Condition,Dark - Street Lights,Intersection <= 20ft,0.0,1,1.0,Pedestrian,North,Proceeding Straight,Driver,South,Making Right Turn,POINT (-122.428665 37.764507),37.0,3.0,5.0,5.0,22
4595,vw_geo_sfpd_cr_switrs_all_types_col_cty_union.fid-c18a0c2_186644fdb18_-4757,11776,24165000.0,797000.0,150053173,37.7634221337582,-122.419635012251,SFPD-CROSSROADS,CITY STREET,01/18/2015 12:11:00 AM,2015 January 18,00:11:00,2015,January,Sunday,MISSION ST,19TH ST,32.0,Clear,Injury (Other Visible),Vehicle/Pedestrian,Pedestrian,"In Road, Including Shoulder",Dry,No Unusual Condition,Dark - No Street Lights,Midblock > 20ft,0.0,1,1.0,Pedestrian,West,Proceeding Straight,Driver,South,Proceeding Straight,POINT (-122.41963 37.763424),53.0,3.0,2.0,20.0,00
4597,vw_geo_sfpd_cr_switrs_all_types_col_cty_union.fid-c18a0c2_186644fdb18_-4c70,21684,24476000.0,5807000.0,140299989,37.7808057332187,-122.422083696422,SFPD-CROSSROADS,CITY STREET,04/11/2014 12:58:00 AM,2014 April 11,00:58:00,2014,April,Friday,FRANKLIN ST,GOLDEN GATE AVE,6.0,Clear,Injury (Severe),Vehicle/Pedestrian,Pedestrian,Crossing in Crosswalk at Intersection,Dry,No Unusual Condition,Dark - Street Lights,Intersection <= 20ft,0.0,1,1.0,Pedestrian,West,Proceeding Straight,Driver,North,Proceeding Straight,POINT (-122.42208 37.780807),21.0,4.0,11.0,39.0,00
4600,vw_geo_sfpd_cr_switrs_all_types_col_cty_union.fid-c18a0c2_186644fdb18_-4c1c,4435,21740000.0,,140356711,37.7248407631234,-122.43701075772,SFPD-CROSSROADS,CITY STREET,04/30/2014 08:05:00 AM,2014 April 30,08:05:00,2014,April,Wednesday,ALEMANY BLVD,SAN JUAN AVE,0.0,Clear,Injury (Other Visible),Vehicle/Pedestrian,Pedestrian,Crossing in Crosswalk at Intersection,Dry,No Unusual Condition,Daylight,Intersection <= 20ft,0.0,1,1.0,Driver,North,Making Left Turn,Pedestrian,West,Other,POINT (-122.43701 37.724842),94.0,9.0,1.0,28.0,08
4616,vw_geo_sfpd_cr_switrs_all_types_col_cty_union.fid-c18a0c2_186644fdb18_-4978,26186,24960000.0,6114000.0,140814515,37.7867224085867,-122.413218939944,SFPD-CROSSROADS,CITY STREET,09/27/2014 02:04:00 AM,2014 September 27,02:04:00,2014,September,Saturday,GEARY ST,JONES ST,17.0,Clear,Injury (Other Visible),Vehicle/Pedestrian,Pedestrian,Crossing Not in Crosswalk,Dry,No Unusual Condition,Dark - Street Lights,Intersection <= 20ft,0.0,2,1.0,Pedestrian,North,Other,Driver,West,Proceeding Straight,POINT (-122.413216 37.786724),20.0,6.0,3.0,36.0,02
4617,vw_geo_sfpd_cr_switrs_all_types_col_cty_union.fid-c18a0c2_186644fdb18_-40ee,20862,25939000.0,6556000.0,150956884,37.7778170443334,-122.423151167719,SFPD-CROSSROADS,CITY STREET,11/02/2015 11:00:00 AM,2015 November 02,11:00:00,2015,November,Monday,GROVE ST,GOUGH ST,4.0,Clear,Injury (Complaint of Pain),Vehicle/Pedestrian,Pedestrian,Crossing in Crosswalk at Intersection,Wet,No Unusual Condition,Daylight,Intersection <= 20ft,0.0,1,1.0,Driver,East,Making Left Turn,Pedestrian,North,Proceeding Straight,POINT (-122.42315 37.777817),21.0,4.0,11.0,9.0,11
4620,vw_geo_sfpd_cr_switrs_all_types_col_cty_union.fid-c18a0c2_186644fdb18_-419c,14226,24246000.0,,150874816,37.7737693466575,-122.411610116918,SFPD-CROSSROADS,CITY STREET,10/06/2015 12:12:00 PM,2015 October 06,12:12:00,2015,October,Tuesday,09TH ST,FOLSOM ST,0.0,Clear,Injury (Other Visible),Vehicle/Pedestrian,Pedestrian,Crossing in Crosswalk at Intersection,Dry,No Unusual Condition,Daylight,Intersection <= 20ft,0.0,1,1.0,Driver,East,Making Left Turn,Pedestrian,West,Proceeding Straight,POINT (-122.41161 37.77377),32.0,1.0,10.0,34.0,12
4622,vw_geo_sfpd_cr_switrs_all_types_col_cty_union.fid-c18a0c2_186644fdb18_-4852,41220,27377000.000000004,,140992832,37.7653991356794,-122.478324821118,SFPD-CROSSROADS,CITY STREET,11/23/2014 05:18:00 PM,2014 November 23,17:18:00,2014,November,Sunday,LINCOLN WAY,20TH AVE,0.0,Clear,Injury (Complaint of Pain),Vehicle/Pedestrian,Pedestrian,Crossing in Crosswalk at Intersection,Dry,No Unusual Condition,Dark - Street Lights,Intersection <= 20ft,0.0,1,1.0,Driver,West,Making Left Turn,Pedestrian,South,Proceeding Straight,POINT (-122.478325 37.7654),39.0,10.0,4.0,12.0,17
4638,vw_geo_sfpd_cr_switrs_all_types_col_cty_union.fid-c18a0c2_186644fdb18_-3e42,12297,24182000.0,,160204128,37.766599218263,-122.421056630664,SFPD-CROSSROADS,CITY STREET,03/10/2016 09:00:00 AM,2016 March 10,09:00:00,2016,March,Thursday,15TH ST,JULIAN AVE,0.0,Cloudy,Injury (Other Visible),Vehicle/Pedestrian,Pedestrian,Crossing in Crosswalk at Intersection,Dry,No Unusual Condition,Daylight,Intersection <= 20ft,0.0,1,1.0,Driver,East,Backing,Pedestrian,South,Proceeding Straight,POINT (-122.42106 37.766598),53.0,3.0,2.0,20.0,09
4639,vw_geo_sfpd_cr_switrs_all_types_col_cty_union.fid-c18a0c2_186644fdb18_-434b,14594,23821000.0,12663000.0,150643564,37.7769683391695,-122.395134684688,SFPD-CROSSROADS,CITY STREET,07/24/2015 12:30:00 PM,2015 July 24,12:30:00,2015,July,Friday,TOWNSEND ST,04TH ST,62.0,Clear,Injury (Complaint of Pain),Vehicle/Pedestrian,Pedestrian,Crossing Not in Crosswalk,Dry,No Unusual Condition,Daylight,Midblock > 20ft,0.0,1,1.0,Pedestrian,North,Proceeding Straight,Driver,East,Proceeding Straight,POINT (-122.395134 37.77697),32.0,1.0,10.0,34.0,12
4640,vw_geo_sfpd_cr_switrs_all_types_col_cty_union.fid-c18a0c2_186644fdb18_-3dc6,15922,30745000.0,446000.0,160256555,37.7773958244021,-122.41616905599,SFPD-CROSSROADS,CITY STREET,03/28/2016 02:25:00 PM,2016 March 28,14:25:00,2016,March,Monday,09TH ST,MARKET ST,50.0,Clear,Injury (Complaint of Pain),Vehicle/Pedestrian,Pedestrian,Crossing Not in Crosswalk,Dry,No Unusual Condition,Daylight,Midblock > 20ft,0.0,1,1.0,Pedestrian,East,Entering Traffic,Driver,North,Proceeding Straight,POINT (-122.41617 37.777397),32.0,5.0,10.0,34.0,14
4655,vw_geo_sfpd_cr_switrs_all_types_col_cty_union.fid-c18a0c2_186644fdb18_-3c86,10025,24048000.0,716000.0,160430492,37.765606538658,-122.410475042474,SFPD-CROSSROADS,CITY STREET,05/26/2016 12:30:00 PM,2016 May 26,12:30:00,2016,May,Thursday,16TH ST,BRYANT ST,3.0,Clear,Injury (Complaint of Pain),Vehicle/Pedestrian,Pedestrian,Crossing in Crosswalk at Intersection,Dry,No Unusual Condition,Daylight,Intersection <= 20ft,0.0,1,,Driver,East,Making Right Turn,Pedestrian,North,Proceeding Straight,POINT (-122.41048 37.765606),53.0,3.0,9.0,20.0,12
4659,vw_geo_sfpd_cr_switrs_all_types_col_cty_union.fid-c18a0c2_186644fdb18_-4547,11533,25703000.0,,150342960,37.763030870163,-122.426228478791,SFPD-CROSSROADS,CITY STREET,04/19/2015 09:23:00 PM,2015 April 19,21:23:00,2015,April,Sunday,DOLORES ST,17TH ST,0.0,Clear,Injury (Other Visible),Vehicle/Pedestrian,Pedestrian,Crossing Not in Crosswalk,Dry,No Unusual Condition,Dark - Street Lights,Intersection <= 20ft,0.0,1,1.0,Pedestrian,West,Proceeding Straight,Driver,North,Proceeding Straight,POINT (-122.42623 37.76303),37.0,3.0,5.0,5.0,21
4662,vw_geo_sfpd_cr_switrs_all_types_col_cty_union.fid-c18a0c2_186644fdb18_-3c10,9796,24022000.0,,160483861,37.7657832994918,-122.407534229607,SFPD-CROSSROADS,CITY STREET,06/14/2016 05:28:00 PM,2016 June 14,17:28:00,2016,June,Tuesday,POTRERO AVE,16TH ST,0.0,Clear,Injury (Severe),Vehicle/Pedestrian,Pedestrian,Crossing Not in Crosswalk,Dry,No Unusual Condition,Daylight,Intersection <= 20ft,0.0,1,1.0,Pedestrian,East,Not Stated,Driver,South,Proceeding Straight,POINT (-122.40753 37.76578),54.0,3.0,9.0,20.0,17
4664,vw_geo_sfpd_cr_switrs_all_types_col_cty_union.fid-c18a0c2_186644fdb18_-3f03,2593,20493000.0,,160105413,37.7269798324036,-122.393570156568,SFPD-CROSSROADS,CITY STREET,02/05/2016 06:56:00 AM,2016 February 05,06:56:00,2016,February,Friday,03RD ST,ARMSTRONG AVE,0.0,Clear,Injury (Complaint of Pain),Vehicle/Pedestrian,Pedestrian,Crossing in Crosswalk at Intersection,Dry,No Unusual Condition,Daylight,Intersection <= 20ft,0.0,1,1.0,Driver,South,Making Left Turn,Pedestrian,West,Not Stated,POINT (-122.39357 37.72698),86.0,2.0,9.0,1.0,06
4671,vw_geo_sfpd_cr_switrs_all_types_col_cty_union.fid-c18a0c2_186644fdb18_-4777,24851,24897000.0,,150037161,37.7843492692832,-122.409309179335,SFPD-CROSSROADS,CITY STREET,01/13/2015 07:03:00 AM,2015 January 13,07:03:00,2015,January,Tuesday,MASON ST,EDDY ST,0.0,Clear,Injury (Complaint of Pain),Vehicle/Pedestrian,Pedestrian,Crossing in Crosswalk at Intersection,Dry,No Unusual Condition,Daylight,Intersection <= 20ft,0.0,1,,Driver,South,Making Left Turn,Pedestrian,West,Proceeding Straight,POINT (-122.40931 37.784348),20.0,5.0,10.0,36.0,07
4672,vw_geo_sfpd_cr_switrs_all_types_col_cty_union.fid-c18a0c2_186644fdb18_-4ee0,29276,25179000.0,,131090841,37.7849602593393,-122.41954785355,SFPD-CROSSROADS,CITY STREET,12/28/2013 08:33:00 PM,2013 December 28,20:33:00,2013,December,Saturday,OFARRELL ST,POLK ST,0.0,Clear,Injury (Other Visible),Broadside,Pedestrian,Crossing in Crosswalk at Intersection,Dry,No Unusual Condition,Dark - Street Lights,Intersection <= 20ft,0.0,1,1.0,Pedestrian,North,Backing,Driver,East,Proceeding Straight,POINT (-122.41955 37.78496),20.0,4.0,10.0,36.0,20
4678,vw_geo_sfpd_cr_switrs_all_types_col_cty_union.fid-c18a0c2_186644fdb18_-3949,41724,27783000.0,,160834270,37.7626641017986,-122.497484004158,SFPD-CROSSROADS,CITY STREET,10/13/2016 10:13:00 AM,2016 October 13,10:13:00,2016,October,Thursday,38TH AVE,IRVING ST,0.0,Clear,Injury (Complaint of Pain),Vehicle/Pedestrian,Pedestrian,Crossing in Crosswalk at Intersection,Dry,No Unusual Condition,Daylight,Intersection <= 20ft,0.0,1,1.0,Driver,North,Proceeding Straight,Pedestrian,East,Proceeding Straight,POINT (-122.49748 37.762665),39.0,10.0,7.0,35.0,10
4680,vw_geo_sfpd_cr_switrs_all_types_col_cty_union.fid-c18a0c2_186644fdb18_-44d8,9792,24022000.0,,150413113,37.7657832994918,-122.407534229607,SFPD-CROSSROADS,CITY STREET,05/12/2015 01:53:00 PM,2015 May 12,13:53:00,2015,May,Tuesday,16TH ST,POTRERO AVE,0.0,Clear,Injury (Severe),Vehicle/Pedestrian,Pedestrian,Crossing in Crosswalk at Intersection,Dry,No Unusual Condition,Daylight,Intersection <= 20ft,0.0,1,1.0,Driver,West,Proceeding Straight,Pedestrian,South,Other,POINT (-122.40753 37.76578),54.0,3.0,9.0,20.0,13
4681,vw_geo_sfpd_cr_switrs_all_types_col_cty_union.fid-c18a0c2_186644fdb18_-37e5,34967,26696000.0,13170201.0,161001090,37.801317219415,-122.424531425196,SFPD-CROSSROADS,CITY STREET,12/10/2016 12:30:00 AM,2016 December 10,00:30:00,2016,December,Saturday,VAN NESS AVE,LOMBARD ST,6.0,Raining,Injury (Complaint of Pain),Vehicle/Pedestrian,Pedestrian,Crossing in Crosswalk at Intersection,Wet,No Unusual Condition,Dark - Street Lights,Intersection <= 20ft,0.0,1,,Driver,North,Making Left Turn,Pedestrian,East,Proceeding Straight,POINT (-122.42453 37.80132),107.0,4.0,6.0,32.0,00