,id,unique_id,cnn_intrsctn_fkey,cnn_sgmt_fkey,case_id_pkey,tb_latitude,tb_longitude,geocode_source,geocode_location,collision_datetime,collision_date,collision_time,accident_year,month,day_of_week,primary_rd,secondary_rd,distance,weather_1,collision_severity,type_of_collision,mviw,ped_action,road_surface,road_cond_1,lighting,intersection,number_killed,number_injured,party_at_fault,party1_type,party1_dir_of_travel,party1_move_pre_acc,party2_type,party2_dir_of_travel,party2_move_pre_acc,point,Neighborhoods,Current Police Districts,Current Supervisor Districts,Analysis Neighborhoods,hour
4690,vw_geo_sfpd_cr_switrs_all_types_col_cty_union.fid-c18a0c2_186644fdb18_-4bca,37538,22662000.0,,140404887,37.7249497014961,-122.46121054772,SFPD-CROSSROADS,CITY STREET,05/14/2014 05:50:00 PM,2014 May 14,17:50:00,2014,May,Wednesday,OCEAN AVE,JULES AVE,0.0,Clear,Injury (Complaint of Pain),Vehicle/Pedestrian,Pedestrian,Crossing Not in Crosswalk,Dry,No Unusual Condition,Daylight,Intersection <= 20ft,0.0,1,1.0,Pedestrian,South,Proceeding Straight,Driver,West,Proceeding Straight,POINT (-122.46121 37.72495),68.0,10.0,8.0,24.0,17
4692,vw_geo_sfpd_cr_switrs_all_types_col_cty_union.fid-c18a0c2_186644fdb18_-4a0c,5479,20244000.0,,140708015,37.743527927716,-122.387629453864,SFPD-CROSSROADS,CITY STREET,08/23/2014 01:48:00 PM,2014 August 23,13:48:00,2014,August,Saturday,03RD ST,DAVIDSON AVE,0.0,Clear,Injury (Complaint of Pain),Vehicle/Pedestrian,Pedestrian,Crossing in Crosswalk Not at Intersection,Dry,No Unusual Condition,Daylight,Intersection <= 20ft,0.0,1,1.0,Pedestrian,East,Proceeding Straight,Driver,North,Proceeding Straight,POINT (-122.38763 37.743526),76.0,2.0,9.0,1.0,13
4694,vw_geo_sfpd_cr_switrs_all_types_col_cty_union.fid-c18a0c2_186644fdb18_-3eae,33427,30765000.0,,160144596,37.7985800538962,-122.401051293017,SFPD-CROSSROADS,CITY STREET,02/18/2016 11:00:00 AM,2016 February 18,11:00:00,2016,February,Thursday,BATTERY ST,BROADWAY,0.0,Cloudy,Injury (Complaint of Pain),Vehicle/Pedestrian,Pedestrian,Crossing in Crosswalk at Intersection,Wet,No Unusual Condition,Daylight,Intersection <= 20ft,0.0,1,1.0,Driver,South,Making Left Turn,Pedestrian,South,Proceeding Straight,POINT (-122.401054 37.79858),77.0,6.0,3.0,8.0,11
4698,vw_geo_sfpd_cr_switrs_all_types_col_cty_union.fid-c18a0c2_186644fdb18_-426f,3710,21011000.000000004,6032000.0,150762744,37.7338982866861,-122.406906042305,SFPD-CROSSROADS,CITY STREET,08/31/2015 07:23:00 AM,2015 August 31,07:23:00,2015,August,Monday,GAVEN ST,SAN BRUNO AVE,121.0,Clear,Fatal,Vehicle/Pedestrian,Pedestrian,"In Road, Including Shoulder",Dry,No Unusual Condition,Daylight,Midblock > 20ft,1.0,0,1.0,Driver,East,Proceeding Straight,Pedestrian,East,Parked,POINT (-122.406906 37.7339),91.0,2.0,2.0,25.0,07
4699,vw_geo_sfpd_cr_switrs_all_types_col_cty_union.fid-c18a0c2_186644fdb18_-3e3d,15956,30745000.0,8752202.0,160205847,37.7776048467328,-122.416220406986,SFPD-CROSSROADS,CITY STREET,03/10/2016 10:39:00 PM,2016 March 10,22:39:00,2016,March,Thursday,MARKET ST,09TH ST,43.0,Raining,Injury (Complaint of Pain),Vehicle/Pedestrian,Pedestrian,Crossing in Crosswalk at Intersection,Wet,No Unusual Condition,Dark - Street Lights,Midblock > 20ft,0.0,1,1.0,Driver,East,Making Right Turn,Pedestrian,North,Proceeding Straight,POINT (-122.41622 37.777603),21.0,5.0,10.0,34.0,22
4709,vw_geo_sfpd_cr_switrs_all_types_col_cty_union.fid-c18a0c2_186644fdb18_-3eb9,25385,24892000.0,8746103.0,140888134,37.7859357076501,-122.405510263122,SFPD-CROSSROADS,CITY STREET,10/20/2014 04:30:00 PM,2014 October 20,16:30:00,2014,October,Monday,MARKET ST,04TH ST,115.0,Clear,Injury (Other Visible),Vehicle/Pedestrian,Pedestrian,"In Road, Including Shoulder",Dry,No Unusual Condition,Daylight,Midblock > 20ft,0.0,1,1.0,Pedestrian,South,Other,Driver,West,Proceeding Straight,POINT (-122.40551 37.785934),32.0,5.0,10.0,8.0,16
4713,vw_geo_sfpd_cr_switrs_all_types_col_cty_union.fid-c18a0c2_186644fdb18_-47bb,18184,25989000.0,,141088319,37.7700348591237,-122.431717011802,SFPD-CROSSROADS,CITY STREET,12/27/2014 10:50:00 AM,2014 December 27,10:50:00,2014,December,Saturday,STEINER ST,HERMANN ST,0.0,Clear,Injury (Other Visible),Vehicle/Pedestrian,Pedestrian,Crossing in Crosswalk at Intersection,Dry,No Unusual Condition,Daylight,Intersection <= 20ft,0.0,1,1.0,Driver,South,Proceeding Straight,Pedestrian,East,Other,POINT (-122.43172 37.770035),28.0,7.0,5.0,3.0,10
4714,vw_geo_sfpd_cr_switrs_all_types_col_cty_union.fid-c18a0c2_186644fdb18_-3feb,39529,27318000.0,,151103123,37.7524239474328,-122.475276422337,SFPD-CROSSROADS,CITY STREET,12/22/2015 08:15:00 PM,2015 December 22,20:15:00,2015,December,Tuesday,ORTEGA ST,18TH AVE,0.0,Cloudy,Injury (Complaint of Pain),Vehicle/Pedestrian,Pedestrian,Crossing in Crosswalk at Intersection,Wet,No Unusual Condition,Dark - Street Lights,Intersection <= 20ft,0.0,1,1.0,Driver,West,Proceeding Straight,Pedestrian,North,Other,POINT (-122.47527 37.752422),44.0,10.0,8.0,14.0,20
4717,vw_geo_sfpd_cr_switrs_all_types_col_cty_union.fid-c18a0c2_186644fdb18_-48e9,34396,25481000.0,,140889013,37.806554632923,-122.413786659393,SFPD-CROSSROADS,CITY STREET,10/20/2014 09:15:00 PM,2014 October 20,21:15:00,2014,October,Monday,MASON ST,NORTH POINT ST,0.0,Clear,Injury (Complaint of Pain),Vehicle/Pedestrian,Pedestrian,Crossing in Crosswalk at Intersection,Dry,No Unusual Condition,Dark - Street Lights,Intersection <= 20ft,0.0,1,1.0,Driver,North,Making Right Turn,Pedestrian,West,Proceeding Straight,POINT (-122.41379 37.806553),99.0,6.0,3.0,23.0,21
4720,vw_geo_sfpd_cr_switrs_all_types_col_cty_union.fid-c18a0c2_186644fdb18_-4933,41059,27372000.0,,140850876,37.7635594983087,-122.477174111578,SFPD-CROSSROADS,CITY STREET,10/08/2014 06:21:00 PM,2014 October 08,18:21:00,2014,October,Wednesday,IRVING ST,19TH AVE,0.0,Clear,Injury (Complaint of Pain),Vehicle/Pedestrian,Pedestrian,"In Road, Including Shoulder",Dry,No Unusual Condition,Daylight,Intersection <= 20ft,0.0,1,1.0,Pedestrian,South,Entering Traffic,Driver,East,Backing,POINT (-122.47717 37.76356),39.0,10.0,7.0,14.0,18
4732,vw_geo_sfpd_cr_switrs_all_types_col_cty_union.fid-c18a0c2_186644fdb18_-40fd,6181,33752000.0,7504000.0,130502435,37.7467697928904,-122.402989487702,SFPD-CROSSROADS,CITY STREET,06/19/2013 05:52:00 AM,2013 June 19,05:52:00,2013,June,Wednesday,JERROLD AVE,BARNEVELD AVE,180.0,Clear,Injury (Other Visible),Broadside,Pedestrian,Crossing Not in Crosswalk,Dry,No Unusual Condition,Daylight,Midblock > 20ft,0.0,2,1.0,Pedestrian,North,Proceeding Straight,Pedestrian,North,Proceeding Straight,POINT (-122.40299 37.74677),85.0,2.0,9.0,1.0,05
4738,vw_geo_sfpd_cr_switrs_all_types_col_cty_union.fid-c18a0c2_186644fdb18_-4982,11436,25712000.0,887000.0,140806136,37.7613188246142,-122.427869754313,SFPD-CROSSROADS,CITY STREET,09/24/2014 11:59:00 AM,2014 September 24,11:59:00,2014,September,Wednesday,18TH ST,CHURCH ST,140.0,Clear,Injury (Complaint of Pain),Vehicle/Pedestrian,Pedestrian,Crossing Not in Crosswalk,Dry,No Unusual Condition,Daylight,Midblock > 20ft,0.0,1,1.0,Pedestrian,South,Entering Traffic,Driver,East,Slowing/Stopping,POINT (-122.42787 37.76132),37.0,3.0,5.0,5.0,11
4743,vw_geo_sfpd_cr_switrs_all_types_col_cty_union.fid-c18a0c2_186644fdb18_-4118,19529,26318000.0,10181000.0,150937696,37.7717658100196,-122.440651059193,SFPD-CROSSROADS,CITY STREET,10/26/2015 10:02:00 PM,2015 October 26,22:02:00,2015,October,Monday,PAGE ST,DIVISADERO ST,1000.0,Clear,Injury (Other Visible),Sideswipe,Pedestrian,"In Road, Including Shoulder",Dry,No Unusual Condition,Dark - Street Lights,Midblock > 20ft,0.0,1,1.0,Pedestrian,East,Proceeding Straight,Driver,West,Backing,POINT (-122.44065 37.771767),112.0,7.0,11.0,3.0,22
4745,vw_geo_sfpd_cr_switrs_all_types_col_cty_union.fid-c18a0c2_186644fdb18_-4f36,227,20298000.0,,131061820,37.7121794860998,-122.40245947948,SFPD-CROSSROADS,CITY STREET,12/18/2013 08:31:00 AM,2013 December 18,08:31:00,2013,December,Wednesday,BAY SHORE BLVD,ARLETA AVE,0.0,Clear,Injury (Complaint of Pain),Vehicle/Pedestrian,Pedestrian,Crossing in Crosswalk at Intersection,Dry,No Unusual Condition,Daylight,Intersection <= 20ft,0.0,2,1.0,Driver,East,Not Stated,Pedestrian,West,Proceeding Straight,POINT (-122.40246 37.71218),75.0,9.0,9.0,40.0,08
4752,vw_geo_sfpd_cr_switrs_all_types_col_cty_union.fid-c18a0c2_186644fdb18_-4b43,29575,26514000.0,,140484704,37.7849538797029,-122.427988927016,SFPD-CROSSROADS,CITY STREET,06/11/2014 10:20:00 AM,2014 June 11,10:20:00,2014,June,Wednesday,LAGUNA ST,GEARY BLVD,0.0,Clear,Injury (Other Visible),Vehicle/Pedestrian,Pedestrian,Crossing in Crosswalk at Intersection,Dry,No Unusual Condition,Daylight,Intersection <= 20ft,0.0,2,1.0,Driver,South,Stopped In Road,Pedestrian,South,Other,POINT (-122.427986 37.784954),100.0,4.0,11.0,39.0,10
4761,vw_geo_sfpd_cr_switrs_all_types_col_cty_union.fid-c18a0c2_186644fdb18_-4bd9,15580,24414000.0,,140399915,37.7752720604298,-122.415908179158,SFPD-CROSSROADS,CITY STREET,05/13/2014 08:05:00 AM,2014 May 13,08:05:00,2014,May,Tuesday,MISSION ST,10TH ST,0.0,Clear,Injury (Other Visible),Vehicle/Pedestrian,Pedestrian,Crossing in Crosswalk at Intersection,Dry,No Unusual Condition,Daylight,Intersection <= 20ft,0.0,1,1.0,Driver,East,Making Left Turn,Pedestrian,South,Other,POINT (-122.41591 37.775272),32.0,1.0,10.0,34.0,08
4777,vw_geo_sfpd_cr_switrs_all_types_col_cty_union.fid-c18a0c2_186644fdb18_-48ee,24307,24898000.0,8799000.0,140885362,37.7833068019204,-122.408967692228,SFPD-CROSSROADS,CITY STREET,10/19/2014 06:29:00 PM,2014 October 19,18:29:00,2014,October,Sunday,MASON ST,TURK ST,8.0,Clear,Injury (Complaint of Pain),Vehicle/Pedestrian,Pedestrian,Crossing in Crosswalk at Intersection,Dry,No Unusual Condition,Dusk - Dawn,Intersection <= 20ft,0.0,2,1.0,Driver,South,Proceeding Straight,Pedestrian,East,Proceeding Straight,POINT (-122.408966 37.783306),19.0,5.0,10.0,36.0,18
4781,vw_geo_sfpd_cr_switrs_all_types_col_cty_union.fid-c18a0c2_186644fdb18_-466a,24425,24431000.0,,130500188,37.7816542616751,-122.415505178752,SFPD-CROSSROADS,CITY STREET,06/18/2013 11:45:00 AM,2013 June 18,11:45:00,2013,June,Tuesday,GOLDEN GATE AVE,HYDE ST,0.0,Clear,Injury (Complaint of Pain),Vehicle/Pedestrian,Pedestrian,Crossing in Crosswalk at Intersection,Dry,No Unusual Condition,Daylight,Intersection <= 20ft,0.0,1,1.0,Driver,East,Proceeding Straight,Pedestrian,North,Proceeding Straight,POINT (-122.415504 37.781654),21.0,5.0,10.0,36.0,11
4785,vw_geo_sfpd_cr_switrs_all_types_col_cty_union.fid-c18a0c2_186644fdb18_-38ab,9455,24051000.0,,160911298,37.7622292141628,-122.412843801145,SFPD-CROSSROADS,CITY STREET,11/08/2016 07:34:00 PM,2016 November 08,19:34:00,2016,November,Tuesday,HARRISON ST,18TH ST,0.0,Clear,Injury (Complaint of Pain),Vehicle/Pedestrian,Pedestrian,Crossing in Crosswalk at Intersection,Dry,No Unusual Condition,Dark - Street Lights,Intersection <= 20ft,0.0,1,1.0,Driver,North,Slowing/Stopping,Pedestrian,West,Proceeding Straight,POINT (-122.41284 37.76223),53.0,3.0,2.0,20.0,19
4798,vw_geo_sfpd_cr_switrs_all_types_col_cty_union.fid-c18a0c2_186644fdb18_-482b,32097,25252000.0,,141021002,37.7909731915997,-122.417391334523,SFPD-CROSSROADS,CITY STREET,12/03/2014 07:50:00 PM,2014 December 03,19:50:00,2014,December,Wednesday,CALIFORNIA ST,HYDE ST,0.0,Cloudy,Injury (Complaint of Pain),Vehicle/Pedestrian,Pedestrian,Crossing in Crosswalk at Intersection,Wet,No Unusual Condition,Dark - Street Lights,Intersection <= 20ft,0.0,1,1.0,Driver,South,Making Left Turn,Pedestrian,North,Proceeding Straight,POINT (-122.41739 37.790974),16.0,6.0,3.0,21.0,19
4803,vw_geo_sfpd_cr_switrs_all_types_col_cty_union.fid-c18a0c2_186644fdb18_-387c,6878,21252000.0,,160932943,37.7397589662402,-122.419720090235,SFPD-CROSSROADS,CITY STREET,11/16/2016 09:55:00 AM,2016 November 16,09:55:00,2016,November,Wednesday,CORTLAND AVE,ELSIE ST,0.0,Clear,Injury (Complaint of Pain),Vehicle/Pedestrian,Pedestrian,Crossing in Crosswalk at Intersection,Dry,No Unusual Condition,Daylight,Intersection <= 20ft,0.0,1,1.0,Driver,South,Making Right Turn,Pedestrian,West,Not Stated,POINT (-122.41972 37.739758),61.0,9.0,2.0,2.0,09
4804,vw_geo_sfpd_cr_switrs_all_types_col_cty_union.fid-c18a0c2_186644fdb18_-4129,11450,25720000.0,,150925635,37.7611554766248,-122.430573567837,SFPD-CROSSROADS,CITY STREET,10/21/2015 07:06:00 AM,2015 October 21,07:06:00,2015,October,Wednesday,18TH ST,SANCHEZ ST,0.0,Clear,Injury (Complaint of Pain),Vehicle/Pedestrian,Pedestrian,Crossing in Crosswalk at Intersection,Dry,No Unusual Condition,Dusk - Dawn,Intersection <= 20ft,0.0,1,1.0,Driver,North,Proceeding Straight,Pedestrian,East,Other,POINT (-122.43057 37.761154),52.0,3.0,5.0,5.0,07
4806,vw_geo_sfpd_cr_switrs_all_types_col_cty_union.fid-c18a0c2_186644fdb18_-48c1,24911,24926000.0,,140911547,37.7850745964433,-122.411139801256,SFPD-CROSSROADS,CITY STREET,10/27/2014 11:50:00 PM,2014 October 27,23:50:00,2014,October,Monday,TAYLOR ST,ELLIS ST,0.0,Clear,Injury (Other Visible),Sideswipe,Pedestrian,Crossing in Crosswalk at Intersection,Dry,No Unusual Condition,Dark - Street Lights,Intersection <= 20ft,0.0,1,1.0,Driver,North,Making Right Turn,Pedestrian,West,Proceeding Straight,POINT (-122.41114 37.785076),20.0,5.0,10.0,36.0,23
4811,vw_geo_sfpd_cr_switrs_all_types_col_cty_union.fid-c18a0c2_186644fdb18_-487a,16924,24293000.0,,140963009,37.780971183063,-122.408708673534,SFPD-CROSSROADS,CITY STREET,11/13/2014 06:53:00 PM,2014 November 13,18:53:00,2014,November,Thursday,MISSION ST,06TH ST,0.0,Clear,Injury (Severe),Vehicle/Pedestrian,Pedestrian,Crossing Not in Crosswalk,Dry,No Unusual Condition,Dark - Street Lights,Intersection <= 20ft,0.0,1,1.0,Pedestrian,North,Other,Driver,West,Proceeding Straight,POINT (-122.40871 37.78097),32.0,1.0,10.0,34.0,18
4816,vw_geo_sfpd_cr_switrs_all_types_col_cty_union.fid-c18a0c2_186644fdb18_-3bc7,20480,25913000.0,,160522130,37.7755245459237,-122.426070324097,SFPD-CROSSROADS,CITY STREET,06/27/2016 06:50:00 PM,2016 June 27,18:50:00,2016,June,Monday,FELL ST,LAGUNA ST,0.0,Clear,Injury (Other Visible),Vehicle/Pedestrian,Pedestrian,Crossing in Crosswalk at Intersection,Dry,No Unusual Condition,Daylight,Intersection <= 20ft,0.0,1,1.0,Driver,West,Making Left Turn,Pedestrian,North,Proceeding Straight,POINT (-122.42607 37.775524),22.0,4.0,11.0,9.0,18
4824,vw_geo_sfpd_cr_switrs_all_types_col_cty_union.fid-c18a0c2_186644fdb18_-455a,29278,25179000.0,,150333618,37.7849602593393,-122.41954785355,SFPD-CROSSROADS,CITY STREET,04/16/2015 09:33:00 PM,2015 April 16,21:33:00,2015,April,Thursday,POLK ST,OFARRELL ST,0.0,Clear,Injury (Other Visible),Vehicle/Pedestrian,Pedestrian,Crossing Not in Crosswalk,Dry,No Unusual Condition,Dark - Street Lights,Intersection <= 20ft,0.0,1,1.0,Pedestrian,West,Proceeding Straight,Driver,South,Making Right Turn,POINT (-122.41955 37.78496),20.0,4.0,10.0,36.0,21
4828,vw_geo_sfpd_cr_switrs_all_types_col_cty_union.fid-c18a0c2_186644fdb18_-45f6,24405,24326000.0,6260000.0,130906100,37.7819802832593,-122.412948432486,SFPD-CROSSROADS,CITY STREET,10/25/2013 03:47:00 PM,2013 October 25,15:47:00,2013,October,Friday,GOLDEN GATE AVE,JONES ST,213.0,Clear,Injury (Severe),Vehicle/Pedestrian,Pedestrian,Crossing Not in Crosswalk,Dry,No Unusual Condition,Daylight,Midblock > 20ft,0.0,1,1.0,Pedestrian,North,Other Unsafe Turning,Driver,East,Proceeding Straight,POINT (-122.41295 37.78198),20.0,5.0,10.0,36.0,15
4841,vw_geo_sfpd_cr_switrs_all_types_col_cty_union.fid-c18a0c2_186644fdb18_-3d3a,28554,24995000.0,,150859620,37.7940602974411,-122.407903302441,SFPD-CROSSROADS,CITY STREET,10/01/2015 06:20:00 AM,2015 October 01,06:20:00,2015,October,Thursday,STOCKTON ST,CLAY ST,0.0,Clear,Injury (Complaint of Pain),Vehicle/Pedestrian,Pedestrian,Crossing in Crosswalk at Intersection,Dry,No Unusual Condition,Dark - Street Lights,Intersection <= 20ft,0.0,1,1.0,Bicyclist,East,Proceeding Straight,Pedestrian,South,Proceeding Straight,POINT (-122.407906 37.79406),104.0,6.0,3.0,6.0,06
4842,vw_geo_sfpd_cr_switrs_all_types_col_cty_union.fid-c18a0c2_186644fdb18_-42c8,25503,24610000.0,,150709194,37.7874504990266,-122.400503096115,SFPD-CROSSROADS,CITY STREET,08/14/2015 01:17:00 PM,2015 August 14,13:17:00,2015,August,Friday,NEW MONTGOMERY ST,MISSION ST,0.0,Clear,Injury (Other Visible),Sideswipe,Pedestrian,Crossing in Crosswalk at Intersection,Dry,No Unusual Condition,Daylight,Intersection <= 20ft,0.0,1,1.0,Driver,South,Making Right Turn,Pedestrian,South,Proceeding Straight,POINT (-122.400505 37.78745),32.0,1.0,10.0,8.0,13
4844,vw_geo_sfpd_cr_switrs_all_types_col_cty_union.fid-c18a0c2_186644fdb18_-4381,40119,27335000.000000004,,150614076,37.7542421878259,-122.476423521548,SFPD-CROSSROADS,CITY STREET,07/14/2015 07:12:00 PM,2015 July 14,19:12:00,2015,July,Tuesday,19TH AVE,NORIEGA ST,0.0,Clear,Injury (Other Visible),Vehicle/Pedestrian,Pedestrian,Crossing in Crosswalk at Intersection,Dry,No Unusual Condition,Daylight,Intersection <= 20ft,0.0,1,1.0,Driver,North,Making Left Turn,Pedestrian,West,Proceeding Straight,POINT (-122.476425 37.754242),39.0,10.0,7.0,35.0,19
4846,vw_geo_sfpd_cr_switrs_all_types_col_cty_union.fid-c18a0c2_186644fdb18_-47eb,12407,25706000.0,,141058588,37.7646456881905,-122.426381708022,SFPD-CROSSROADS,CITY STREET,12/17/2014 07:05:00 AM,2014 December 17,07:05:00,2014,December,Wednesday,DOLORES ST,16TH ST,0.0,Cloudy,Injury (Complaint of Pain),Vehicle/Pedestrian,Pedestrian,Crossing in Crosswalk at Intersection,Wet,No Unusual Condition,Dusk - Dawn,Intersection <= 20ft,0.0,1,1.0,Driver,North,Making Left Turn,Pedestrian,North,Proceeding Straight,POINT (-122.426384 37.764645),37.0,3.0,5.0,5.0,07
4848,vw_geo_sfpd_cr_switrs_all_types_col_cty_union.fid-c18a0c2_186644fdb18_-37d8,10555,24119000.0,1112000.0,161011817,37.7569031931441,-122.421097857684,SFPD-CROSSROADS,CITY STREET,12/13/2016 06:18:00 PM,2016 December 13,18:18:00,2016,December,Tuesday,21ST ST,VALENCIA ST,6.0,Raining,Injury (Complaint of Pain),Vehicle/Pedestrian,Pedestrian,Crossing in Crosswalk at Intersection,Wet,No Unusual Condition,Dark - Street Lights,Intersection <= 20ft,0.0,1,1.0,Driver,East,Making Left Turn,Pedestrian,North,Other,POINT (-122.4211 37.756905),53.0,3.0,2.0,20.0,18
4883,vw_geo_sfpd_cr_switrs_all_types_col_cty_union.fid-c18a0c2_186644fdb18_-4720,23737,28147000.000000004,7039001.0,160309897,37.782109290677,-122.40416227727,SFPD-CROSSROADS,CITY STREET,04/15/2016 12:52:00 PM,2016 April 15,12:52:00,2016,April,Friday,HOWARD ST,05TH ST,315.0,Clear,Injury (Other Visible),Vehicle/Pedestrian,Pedestrian,Crossing Not in Crosswalk,Dry,No Unusual Condition,Daylight,Midblock > 20ft,0.0,1,1.0,Driver,East,Backing,Pedestrian,North,Proceeding Straight,POINT (-122.40416 37.78211),32.0,1.0,10.0,34.0,12
4886,vw_geo_sfpd_cr_switrs_all_types_col_cty_union.fid-c18a0c2_186644fdb18_-4859,3550,33313000.0,,140987736,37.7321408236506,-122.406574847748,SFPD-CROSSROADS,CITY STREET,11/21/2014 09:38:00 PM,2014 November 21,21:38:00,2014,November,Friday,SILVER AVE,GIRARD ST,0.0,Clear,Injury (Complaint of Pain),Head-On,Pedestrian,Crossing in Crosswalk at Intersection,Dry,No Unusual Condition,Dark - Street Lights,Intersection <= 20ft,0.0,2,1.0,Driver,West,Making U Turn,Pedestrian,South,Proceeding Straight,POINT (-122.40658 37.73214),91.0,2.0,2.0,25.0,21
4888,vw_geo_sfpd_cr_switrs_all_types_col_cty_union.fid-c18a0c2_186644fdb18_-38aa,26035,24941000.0,,130724297,37.786939706966,-122.411515767762,SFPD-CROSSROADS,CITY STREET,08/30/2013 05:14:00 PM,2013 August 30,17:14:00,2013,August,Friday,GEARY ST,TAYLOR ST,0.0,Clear,Injury (Complaint of Pain),Vehicle/Pedestrian,Pedestrian,Crossing in Crosswalk at Intersection,Dry,No Unusual Condition,Daylight,Intersection <= 20ft,0.0,1,,Driver,West,Making Left Turn,Pedestrian,South,Proceeding Straight,POINT (-122.411514 37.78694),20.0,6.0,3.0,36.0,17
4892,vw_geo_sfpd_cr_switrs_all_types_col_cty_union.fid-c18a0c2_186644fdb18_-4247,24892,24900000.000000004,8800000.0,130918989,37.785091637334,-122.409458938628,SFPD-CROSSROADS,CITY STREET,10/29/2013 05:15:00 PM,2013 October 29,17:15:00,2013,October,Tuesday,MASON ST,ELLIS ST,70.0,Clear,Injury (Other Visible),Vehicle/Pedestrian,Pedestrian,Crossing Not in Crosswalk,Dry,No Unusual Condition,Daylight,Midblock > 20ft,0.0,1,1.0,Driver,North,Backing,Pedestrian,East,Other,POINT (-122.40946 37.78509),20.0,5.0,10.0,36.0,17
4896,vw_geo_sfpd_cr_switrs_all_types_col_cty_union.fid-c18a0c2_186644fdb18_-4901,34883,26730000.0,3349000.0,140876587,37.7984288628291,-122.432390603907,SFPD-CROSSROADS,CITY STREET,10/16/2014 06:07:00 PM,2014 October 16,18:07:00,2014,October,Thursday,BUCHANAN ST,FILBERT ST,4.0,Clear,Injury (Severe),Vehicle/Pedestrian,Pedestrian,Crossing in Crosswalk at Intersection,Dry,No Unusual Condition,Daylight,Intersection <= 20ft,0.0,1,1.0,Driver,South,Entering Traffic,Pedestrian,West,Proceeding Straight,POINT (-122.43239 37.798428),15.0,4.0,6.0,13.0,18
4914,vw_geo_sfpd_cr_switrs_all_types_col_cty_union.fid-c18a0c2_186644fdb18_-40f2,25096,24936000.0,,150955723,37.7848662451966,-122.412782128208,SFPD-CROSSROADS,CITY STREET,11/01/2015 10:12:00 PM,2015 November 01,22:12:00,2015,November,Sunday,ELLIS ST,JONES ST,0.0,Raining,Injury (Complaint of Pain),Vehicle/Pedestrian,Pedestrian,Crossing in Crosswalk at Intersection,Wet,No Unusual Condition,Dark - Street Lights,Intersection <= 20ft,0.0,1,1.0,Driver,South,Making Left Turn,Pedestrian,West,Not Stated,POINT (-122.41278 37.784866),20.0,5.0,10.0,36.0,22
4916,vw_geo_sfpd_cr_switrs_all_types_col_cty_union.fid-c18a0c2_186644fdb18_-3b80,39036,23179000.0,12392000.0,160564035,37.7431590245908,-122.473201695573,SFPD-CROSSROADS,CITY STREET,07/12/2016 07:20:00 PM,2016 July 12,19:20:00,2016,July,Tuesday,TARAVAL ST,17TH AVE,102.0,Clear,Injury (Complaint of Pain),Vehicle/Pedestrian,Pedestrian,"In Road, Including Shoulder",Dry,No Unusual Condition,Daylight,Midblock > 20ft,0.0,1,1.0,Driver,West,Proceeding Straight,Pedestrian,North,Other,POINT (-122.4732 37.74316),44.0,10.0,8.0,41.0,19
4917,vw_geo_sfpd_cr_switrs_all_types_col_cty_union.fid-c18a0c2_186644fdb18_-4b72,42281,27258000.0,393000.0,140460174,37.7735206856066,-122.465892025902,SFPD-CROSSROADS,CITY STREET,06/02/2014 06:30:00 PM,2014 June 02,18:30:00,2014,June,Monday,08TH AVE,FULTON ST,45.0,Cloudy,Injury (Complaint of Pain),Vehicle/Pedestrian,Pedestrian,Crossing Not in Crosswalk,Dry,No Unusual Condition,Daylight,Midblock > 20ft,0.0,2,1.0,Pedestrian,East,Proceeding Straight,Bicyclist,North,Proceeding Straight,POINT (-122.46589 37.77352),5.0,8.0,4.0,11.0,18
4924,vw_geo_sfpd_cr_switrs_all_types_col_cty_union.fid-c18a0c2_186644fdb18_-482a,40960,27411000.0,,141021068,37.7615588308846,-122.480206543703,SFPD-CROSSROADS,CITY STREET,12/03/2014 07:33:00 PM,2014 December 03,19:33:00,2014,December,Wednesday,22ND AVE,JUDAH ST,0.0,Clear,Injury (Complaint of Pain),Vehicle/Pedestrian,Pedestrian,Crossing Not in Crosswalk,Wet,No Unusual Condition,Dark - Street Lights,Intersection <= 20ft,0.0,1,1.0,Pedestrian,East,Other,Driver,South,Proceeding Straight,POINT (-122.48021 37.76156),39.0,10.0,7.0,35.0,19
4928,vw_geo_sfpd_cr_switrs_all_types_col_cty_union.fid-c18a0c2_186644fdb18_-4be8,21612,24468000.0,,140393810,37.7810308421747,-122.420439517708,SFPD-CROSSROADS,CITY STREET,05/10/2014 07:49:00 PM,2014 May 10,19:49:00,2014,May,Saturday,VAN NESS AVE,GOLDEN GATE AVE,0.0,Clear,Injury (Other Visible),Vehicle/Pedestrian,Pedestrian,Crossing in Crosswalk at Intersection,Dry,No Unusual Condition,Daylight,Intersection <= 20ft,0.0,1,1.0,Pedestrian,West,Proceeding Straight,Driver,South,Proceeding Straight,POINT (-122.42044 37.781033),100.0,4.0,10.0,36.0,19
4933,vw_geo_sfpd_cr_switrs_all_types_col_cty_union.fid-c18a0c2_186644fdb18_-3dd7,14673,23799000.0,,160249447,37.7781256975028,-122.391840525049,SFPD-CROSSROADS,CITY STREET,03/25/2016 11:49:00 PM,2016 March 25,23:49:00,2016,March,Friday,KING ST,03RD ST,0.0,Clear,Injury (Severe),Vehicle/Pedestrian,Pedestrian,Crossing Not in Crosswalk,Dry,No Unusual Condition,Dark - Street Lights,Intersection <= 20ft,0.0,1,1.0,Pedestrian,North,Stopped In Road,Driver,East,Proceeding Straight,POINT (-122.39184 37.778126),34.0,1.0,10.0,4.0,23