,id,unique_id,cnn_intrsctn_fkey,cnn_sgmt_fkey,case_id_pkey,tb_latitude,tb_longitude,geocode_source,geocode_location,collision_datetime,collision_date,collision_time,accident_year,month,day_of_week,primary_rd,secondary_rd,distance,weather_1,collision_severity,type_of_collision,mviw,ped_action,road_surface,road_cond_1,lighting,intersection,number_killed,number_injured,party_at_fault,party1_type,party1_dir_of_travel,party1_move_pre_acc,party2_type,party2_dir_of_travel,party2_move_pre_acc,point,Neighborhoods,Current Police Districts,Current Supervisor Districts,Analysis Neighborhoods,hour
4940,vw_geo_sfpd_cr_switrs_all_types_col_cty_union.fid-c18a0c2_186644fdb18_-42cb,24247,24326000.0,,150708710,37.7820730676135,-122.412220735952,SFPD-CROSSROADS,CITY STREET,08/14/2015 09:40:00 AM,2015 August 14,09:40:00,2015,August,Friday,GOLDEN GATE AVE,JONES ST,0.0,Clear,Injury (Other Visible),Vehicle/Pedestrian,Pedestrian,Crossing in Crosswalk at Intersection,Dry,No Unusual Condition,Daylight,Intersection <= 20ft,0.0,1,,Driver,East,Proceeding Straight,Pedestrian,North,Not Stated,POINT (-122.412224 37.782074),20.0,5.0,10.0,36.0,09
4945,vw_geo_sfpd_cr_switrs_all_types_col_cty_union.fid-c18a0c2_186644fdb18_-3e5f,24548,24923000.0,,160190044,37.7830040784257,-122.412411746528,SFPD-CROSSROADS,CITY STREET,03/04/2016 10:55:00 PM,2016 March 04,22:55:00,2016,March,Friday,TURK ST,JONES ST,0.0,Raining,Injury (Other Visible),Vehicle/Pedestrian,Pedestrian,Crossing in Crosswalk at Intersection,Wet,No Unusual Condition,Dark - Street Lights,Intersection <= 20ft,0.0,1,1.0,Pedestrian,South,Proceeding Straight,Driver,West,Making Right Turn,POINT (-122.412415 37.783005),20.0,5.0,10.0,36.0,22
4947,vw_geo_sfpd_cr_switrs_all_types_col_cty_union.fid-c18a0c2_186644fdb18_-4ae3,14552,23798000.0,,140544182,37.7763329763919,-122.394035066169,SFPD-CROSSROADS,CITY STREET,06/30/2014 09:51:00 PM,2014 June 30,21:51:00,2014,June,Monday,KING ST,04TH ST,0.0,Clear,Injury (Complaint of Pain),Vehicle/Pedestrian,Pedestrian,Crossing in Crosswalk at Intersection,Dry,No Unusual Condition,Dark - Street Lights,Intersection <= 20ft,0.0,1,1.0,Driver,South,Ran Off Road,Pedestrian,East,Proceeding Straight,POINT (-122.394035 37.776333),34.0,1.0,10.0,4.0,21
4949,vw_geo_sfpd_cr_switrs_all_types_col_cty_union.fid-c18a0c2_186644fdb18_-4a9e,35161,26737000.000000004,,140601152,37.8002601138287,-122.432760489446,SFPD-CROSSROADS,CITY STREET,07/19/2014 11:59:00 PM,2014 July 19,23:59:00,2014,July,Saturday,LOMBARD ST,BUCHANAN ST,0.0,Clear,Injury (Severe),Vehicle/Pedestrian,Pedestrian,Crossing in Crosswalk at Intersection,Dry,No Unusual Condition,Dark - Street Lights,Intersection <= 20ft,0.0,1,1.0,Pedestrian,North,Proceeding Straight,Driver,West,Proceeding Straight,POINT (-122.43276 37.80026),15.0,4.0,6.0,13.0,23
4956,vw_geo_sfpd_cr_switrs_all_types_col_cty_union.fid-c18a0c2_186644fdb18_-44cc,33318,24791000.0,,150420515,37.7969090572956,-122.405288397379,SFPD-CROSSROADS,CITY STREET,05/17/2015 07:01:00 PM,2015 May 17,19:01:00,2015,May,Sunday,COLUMBUS AVE,KEARNY ST,0.0,Clear,Injury (Complaint of Pain),Vehicle/Pedestrian,Pedestrian,Crossing Not in Crosswalk,Dry,No Unusual Condition,Daylight,Intersection <= 20ft,0.0,1,1.0,Pedestrian,North,Proceeding Straight,Driver,East,Entering Traffic,POINT (-122.40529 37.79691),104.0,6.0,3.0,6.0,19
4957,vw_geo_sfpd_cr_switrs_all_types_col_cty_union.fid-c18a0c2_186644fdb18_-4786,25367,24892000.0,8746103.0,150024196,37.7857463959049,-122.405817874668,SFPD-CROSSROADS,CITY STREET,01/08/2015 06:10:00 PM,2015 January 08,18:10:00,2015,January,Thursday,MARKET ST,04TH ST,5.0,Clear,Injury (Complaint of Pain),Vehicle/Pedestrian,Pedestrian,Crossing in Crosswalk at Intersection,Dry,No Unusual Condition,Dark - Street Lights,Intersection <= 20ft,0.0,1,1.0,Driver,West,Proceeding Straight,Pedestrian,South,Proceeding Straight,POINT (-122.405815 37.785748),32.0,5.0,10.0,8.0,18
4961,vw_geo_sfpd_cr_switrs_all_types_col_cty_union.fid-c18a0c2_186644fdb18_-4bcb,5330,20673000.0,,140403726,37.7379612054303,-122.392965086427,SFPD-CROSSROADS,CITY STREET,05/14/2014 12:00:00 PM,2014 May 14,12:00:00,2014,May,Wednesday,PHELPS ST,MCKINNON AVE,0.0,Clear,Injury (Complaint of Pain),Vehicle/Pedestrian,Pedestrian,Crossing in Crosswalk at Intersection,Dry,No Unusual Condition,Daylight,Intersection <= 20ft,0.0,1,1.0,Pedestrian,West,Proceeding Straight,Driver,North,Entering Traffic,POINT (-122.39297 37.73796),86.0,2.0,9.0,1.0,12
4963,vw_geo_sfpd_cr_switrs_all_types_col_cty_union.fid-c18a0c2_186644fdb18_-3fdd,26228,25166000.0,,151109115,37.7863102180456,-122.416449123063,SFPD-CROSSROADS,CITY STREET,12/25/2015 12:35:00 AM,2015 December 25,00:35:00,2015,December,Friday,GEARY ST,HYDE ST,0.0,Clear,Injury (Complaint of Pain),Vehicle/Pedestrian,Pedestrian,Crossing in Crosswalk at Intersection,Dry,No Unusual Condition,Dark - Street Lights,Intersection <= 20ft,0.0,1,1.0,Pedestrian,North,Proceeding Straight,Driver,West,Making Left Turn,POINT (-122.41645 37.786312),20.0,6.0,10.0,36.0,00
4967,vw_geo_sfpd_cr_switrs_all_types_col_cty_union.fid-c18a0c2_186644fdb18_-37a2,34648,25562000.0,6467000.0,161034637,37.7978225380711,-122.422166830857,SFPD-CROSSROADS,CITY STREET,12/21/2016 11:13:00 AM,2016 December 21,11:13:00,2016,December,Wednesday,GREEN ST,POLK ST,6.0,Clear,Injury (Other Visible),Vehicle/Pedestrian,Pedestrian,Crossing in Crosswalk at Intersection,Dry,No Unusual Condition,Daylight,Intersection <= 20ft,0.0,1,,Driver,West,Proceeding Straight,Pedestrian,South,Not Stated,POINT (-122.422165 37.79782),105.0,4.0,3.0,32.0,11
4970,vw_geo_sfpd_cr_switrs_all_types_col_cty_union.fid-c18a0c2_186644fdb18_-434f,16293,23937000.0,,150663841,37.7802649727995,-122.4033872092,SFPD-CROSSROADS,CITY STREET,07/30/2015 08:00:00 PM,2015 July 30,20:00:00,2015,July,Thursday,FOLSOM ST,05TH ST,0.0,Clear,Injury (Other Visible),Vehicle/Pedestrian,Pedestrian,Crossing in Crosswalk at Intersection,Dry,No Unusual Condition,Daylight,Intersection <= 20ft,0.0,1,,Driver,East,Making Left Turn,Pedestrian,North,Proceeding Straight,POINT (-122.40339 37.780266),32.0,1.0,10.0,34.0,20
4971,vw_geo_sfpd_cr_switrs_all_types_col_cty_union.fid-c18a0c2_186644fdb18_-39e6,43298,27230000.0,6056101.0,160772034,37.781245547294,-122.458827762855,SFPD-CROSSROADS,CITY STREET,09/23/2016 09:15:00 AM,2016 September 23,09:15:00,2016,September,Friday,GEARY BLVD,ARGUELLO BLVD,11.0,Clear,Injury (Complaint of Pain),Vehicle/Pedestrian,Pedestrian,Crossing in Crosswalk at Intersection,Dry,No Unusual Condition,Daylight,Intersection <= 20ft,0.0,1,1.0,Driver,East,Making Left Turn,Pedestrian,South,Proceeding Straight,POINT (-122.458824 37.781246),12.0,8.0,4.0,18.0,09
4976,vw_geo_sfpd_cr_switrs_all_types_col_cty_union.fid-c18a0c2_186644fdb18_-3fb8,13969,24206000.0,,160005590,37.7715786773086,-122.411277936994,SFPD-CROSSROADS,CITY STREET,01/03/2016 01:13:00 AM,2016 January 03,01:13:00,2016,January,Sunday,10TH ST,HARRISON ST,0.0,Clear,Injury (Other Visible),Vehicle/Pedestrian,Pedestrian,Crossing Not in Crosswalk,Dry,No Unusual Condition,Dark - Street Lights,Intersection <= 20ft,0.0,1,1.0,Pedestrian,East,Proceeding Straight,Driver,South,Proceeding Straight,POINT (-122.41128 37.77158),32.0,1.0,10.0,34.0,01
4977,vw_geo_sfpd_cr_switrs_all_types_col_cty_union.fid-c18a0c2_186644fdb18_-4019,26038,24941000.0,,151078532,37.786939706966,-122.411515767762,SFPD-CROSSROADS,CITY STREET,12/14/2015 09:55:00 AM,2015 December 14,09:55:00,2015,December,Monday,TAYLOR ST,GEARY ST,0.0,Clear,Injury (Complaint of Pain),Vehicle/Pedestrian,Pedestrian,Crossing in Crosswalk at Intersection,Dry,No Unusual Condition,Daylight,Intersection <= 20ft,0.0,1,1.0,Driver,North,Making Right Turn,Pedestrian,West,Proceeding Straight,POINT (-122.411514 37.78694),20.0,6.0,3.0,36.0,09
4983,vw_geo_sfpd_cr_switrs_all_types_col_cty_union.fid-c18a0c2_186644fdb18_-4d10,28596,25119000.0,,140204154,37.7941098069868,-122.41464763171,SFPD-CROSSROADS,CITY STREET,03/10/2014 09:55:00 AM,2014 March 10,09:55:00,2014,March,Monday,WASHINGTON ST,JONES ST,0.0,Clear,Injury (Complaint of Pain),Vehicle/Pedestrian,Pedestrian,Crossing in Crosswalk at Intersection,Dry,No Unusual Condition,Daylight,Intersection <= 20ft,0.0,1,1.0,Driver,South,Proceeding Straight,Pedestrian,East,Proceeding Straight,POINT (-122.41465 37.79411),16.0,6.0,3.0,21.0,09
4988,vw_geo_sfpd_cr_switrs_all_types_col_cty_union.fid-c18a0c2_186644fdb18_-4f38,11148,24149000.000000004,9120000.0,131060816,37.7616879884205,-122.41934511107,SFPD-CROSSROADS,CITY STREET,12/17/2013 08:26:00 PM,2013 December 17,20:26:00,2013,December,Tuesday,MISSION ST,18TH ST,54.0,Clear,Injury (Complaint of Pain),Vehicle/Pedestrian,Pedestrian,"In Road, Including Shoulder",Dry,No Unusual Condition,Dark - Street Lights,Midblock > 20ft,0.0,1,1.0,Driver,North,Entering Traffic,Pedestrian,North,Other,POINT (-122.41934 37.76169),53.0,3.0,2.0,20.0,20
4999,vw_geo_sfpd_cr_switrs_all_types_col_cty_union.fid-c18a0c2_186644fdb18_-39b2,3895,21187000.0,,160793632,37.734888281748,-122.416823585789,SFPD-CROSSROADS,CITY STREET,09/29/2016 08:12:00 AM,2016 September 29,08:12:00,2016,September,Thursday,CRESCENT AVE,ANDOVER ST,0.0,Clear,Injury (Severe),Vehicle/Pedestrian,Pedestrian,Crossing in Crosswalk at Intersection,Dry,No Unusual Condition,Daylight,Intersection <= 20ft,0.0,1,,Pedestrian,North,Proceeding Straight,Driver,East,Proceeding Straight,POINT (-122.416824 37.73489),61.0,9.0,2.0,2.0,08
5003,vw_geo_sfpd_cr_switrs_all_types_col_cty_union.fid-c18a0c2_186644fdb18_-43ba,24686,30739000.0,,130640831,37.7839914868634,-122.408066547888,SFPD-CROSSROADS,CITY STREET,08/03/2013 05:12:00 PM,2013 August 03,17:12:00,2013,August,Saturday,MARKET ST,05TH ST,0.0,Clear,Injury (Other Visible),Vehicle/Pedestrian,Pedestrian,"In Road, Including Shoulder",Dry,No Unusual Condition,Daylight,Intersection <= 20ft,0.0,1,1.0,Pedestrian,North,Other,Driver,East,Proceeding Straight,POINT (-122.408066 37.783993),19.0,5.0,10.0,34.0,17
5007,vw_geo_sfpd_cr_switrs_all_types_col_cty_union.fid-c18a0c2_186644fdb18_-4545,24852,24897000.0,,150344013,37.7843492692832,-122.409309179335,SFPD-CROSSROADS,CITY STREET,04/20/2015 09:32:00 AM,2015 April 20,09:32:00,2015,April,Monday,MASON ST,EDDY ST,0.0,Cloudy,Injury (Other Visible),Vehicle/Pedestrian,Pedestrian,Crossing in Crosswalk at Intersection,Dry,No Unusual Condition,Daylight,Intersection <= 20ft,0.0,1,1.0,Driver,East,Making Left Turn,Pedestrian,North,Proceeding Straight,POINT (-122.40931 37.784348),20.0,5.0,10.0,36.0,09
5010,vw_geo_sfpd_cr_switrs_all_types_col_cty_union.fid-c18a0c2_186644fdb18_-4080,34654,26551000.0,,151012916,37.7976165821203,-122.423792964596,SFPD-CROSSROADS,CITY STREET,11/21/2015 01:21:00 AM,2015 November 21,01:21:00,2015,November,Saturday,VAN NESS AVE,GREEN ST,0.0,Clear,Injury (Other Visible),Vehicle/Pedestrian,Pedestrian,Crossing in Crosswalk at Intersection,Dry,No Unusual Condition,Dark - Street Lights,Intersection <= 20ft,0.0,1,1.0,Driver,South,Making Right Turn,Pedestrian,West,Proceeding Straight,POINT (-122.42379 37.797615),105.0,4.0,3.0,32.0,01
5029,vw_geo_sfpd_cr_switrs_all_types_col_cty_union.fid-c18a0c2_186644fdb18_-3782,7496,21304000.0,2488101.0,151041921,37.7481302187434,-122.418118940618,SFPD-CROSSROADS,CITY STREET,12/01/2015 01:08:00 PM,2015 December 01,13:08:00,2015,December,Tuesday,CESAR CHAVEZ ST,MISSION ST,36.0,Clear,Injury (Complaint of Pain),Vehicle/Pedestrian,Pedestrian,Crossing Not in Crosswalk,Dry,No Unusual Condition,Daylight,Midblock > 20ft,0.0,1,1.0,Driver,East,Making Right Turn,Pedestrian,North,Proceeding Straight,POINT (-122.41812 37.74813),83.0,3.0,2.0,2.0,13
5034,vw_geo_sfpd_cr_switrs_all_types_col_cty_union.fid-c18a0c2_186644fdb18_-4aef,34834,26583000.0,12868000.0,140540196,37.797713201891,-122.430582630767,SFPD-CROSSROADS,CITY STREET,06/29/2014 07:10:00 PM,2014 June 29,19:10:00,2014,June,Sunday,UNION ST,LAGUNA ST,7.0,Clear,Injury (Other Visible),Vehicle/Pedestrian,Pedestrian,Crossing Not in Crosswalk,Dry,No Unusual Condition,Daylight,Intersection <= 20ft,0.0,1,1.0,Pedestrian,South,Entering Traffic,Driver,West,Proceeding Straight,POINT (-122.43058 37.797714),15.0,4.0,6.0,13.0,19
5059,vw_geo_sfpd_cr_switrs_all_types_col_cty_union.fid-c18a0c2_186644fdb18_-3fd8,16710,24429000.0,404000.0,151110463,37.7787014917095,-122.41471881297,SFPD-CROSSROADS,CITY STREET,12/25/2015 07:25:00 PM,2015 December 25,19:25:00,2015,December,Friday,08TH ST,MARKET ST,9.0,Cloudy,Injury (Complaint of Pain),Vehicle/Pedestrian,Pedestrian,Crossing in Crosswalk at Intersection,Dry,No Unusual Condition,Dark - Street Lights,Intersection <= 20ft,0.0,1,1.0,Pedestrian,East,Proceeding Straight,Driver,South,Proceeding Straight,POINT (-122.41472 37.7787),32.0,5.0,10.0,34.0,19
5062,vw_geo_sfpd_cr_switrs_all_types_col_cty_union.fid-c18a0c2_186644fdb18_-3d14,40260,27345000.0,1009000.0,160353173,37.7570691874342,-122.477749064393,SFPD-CROSSROADS,CITY STREET,04/30/2016 11:50:00 AM,2016 April 30,11:50:00,2016,April,Saturday,20TH AVE,LAWTON ST,310.0,Clear,Injury (Severe),Vehicle/Pedestrian,Pedestrian,"In Road, Including Shoulder",Dry,No Unusual Condition,Daylight,Midblock > 20ft,0.0,1,1.0,Pedestrian,South,Not Stated,Driver,South,Proceeding Straight,POINT (-122.47775 37.75707),39.0,10.0,7.0,35.0,11
5063,vw_geo_sfpd_cr_switrs_all_types_col_cty_union.fid-c18a0c2_186644fdb18_-4183,38978,23160000.0,12795000.0,150884627,37.7412329357929,-122.474523561586,SFPD-CROSSROADS,CITY STREET,10/09/2015 03:00:00 PM,2015 October 09,15:00:00,2015,October,Friday,ULLOA ST,18TH AVE,8.0,Clear,Injury (Severe),Vehicle/Pedestrian,Pedestrian,Crossing in Crosswalk at Intersection,Dry,No Unusual Condition,Daylight,Intersection <= 20ft,0.0,1,1.0,Driver,West,Proceeding Straight,Pedestrian,South,Proceeding Straight,POINT (-122.474525 37.741234),46.0,10.0,8.0,41.0,15
5071,vw_geo_sfpd_cr_switrs_all_types_col_cty_union.fid-c18a0c2_186644fdb18_-4996,10062,24213000.0,,140796703,37.7669034447845,-122.410609801526,SFPD-CROSSROADS,CITY STREET,09/21/2014 03:19:00 PM,2014 September 21,15:19:00,2014,September,Sunday,BRYANT ST,15TH ST,0.0,Clear,Injury (Complaint of Pain),Vehicle/Pedestrian,Pedestrian,Crossing in Crosswalk at Intersection,Dry,No Unusual Condition,Daylight,Intersection <= 20ft,0.0,2,1.0,Driver,South,Proceeding Straight,Pedestrian,West,Proceeding Straight,POINT (-122.41061 37.766903),53.0,3.0,2.0,20.0,15
5087,vw_geo_sfpd_cr_switrs_all_types_col_cty_union.fid-c18a0c2_186644fdb18_-447b,11520,25813000.0,3790000.0,150470533,37.7610493769534,-122.435015446905,SFPD-CROSSROADS,CITY STREET,05/30/2015 12:20:00 AM,2015 May 30,00:20:00,2015,May,Saturday,CASTRO ST,18TH ST,59.0,Clear,Injury (Complaint of Pain),Vehicle/Pedestrian,Pedestrian,Crossing Not in Crosswalk,Dry,No Unusual Condition,Dark - Street Lights,Midblock > 20ft,0.0,1,1.0,Pedestrian,East,Proceeding Straight,Driver,South,Proceeding Straight,POINT (-122.43501 37.76105),38.0,3.0,5.0,5.0,00
5089,vw_geo_sfpd_cr_switrs_all_types_col_cty_union.fid-c18a0c2_186644fdb18_-4e16,42168,27233000.0,5909000.0,140059238,37.7739849932869,-122.460915013935,SFPD-CROSSROADS,CITY STREET,01/20/2014 11:30:00 PM,2014 January 20,23:30:00,2014,January,Monday,FULTON ST,03RD AVE,106.0,Clear,Injury (Complaint of Pain),Sideswipe,Pedestrian,"In Road, Including Shoulder",Dry,No Unusual Condition,Dark - Street Lights,Midblock > 20ft,0.0,1,1.0,Pedestrian,East,Proceeding Straight,Driver,East,Proceeding Straight,POINT (-122.460915 37.773987),5.0,8.0,4.0,11.0,23
5091,vw_geo_sfpd_cr_switrs_all_types_col_cty_union.fid-c18a0c2_186644fdb18_-4251,21608,24468000.0,13147101.0,150774523,37.7810174127502,-122.420446113412,SFPD-CROSSROADS,CITY STREET,09/03/2015 07:40:00 PM,2015 September 03,19:40:00,2015,September,Thursday,VAN NESS AVE,GOLDEN GATE AVE,6.0,Clear,Injury (Complaint of Pain),Broadside,Pedestrian,Crossing in Crosswalk at Intersection,Dry,No Unusual Condition,Dark - Street Lights,Intersection <= 20ft,0.0,1,1.0,Pedestrian,East,Proceeding Straight,Driver,North,Proceeding Straight,POINT (-122.42045 37.781017),21.0,4.0,11.0,39.0,19
5093,vw_geo_sfpd_cr_switrs_all_types_col_cty_union.fid-c18a0c2_186644fdb18_-38b4,6155,23627000.000000004,1412000.0,160906625,37.7524267069814,-122.394588537815,SFPD-CROSSROADS,CITY STREET,11/07/2016 08:42:00 AM,2016 November 07,08:42:00,2016,November,Monday,DAKOTA ST,25TH ST,69.0,Clear,Injury (Complaint of Pain),Vehicle/Pedestrian,Pedestrian,"In Road, Including Shoulder",Dry,No Unusual Condition,Daylight,Midblock > 20ft,0.0,1,1.0,Driver,South,Backing,Pedestrian,West,Not Stated,POINT (-122.39459 37.752426),54.0,2.0,9.0,1.0,08
5095,vw_geo_sfpd_cr_switrs_all_types_col_cty_union.fid-c18a0c2_186644fdb18_-3e23,3268,20615000.0,,160217143,37.7332781156028,-122.397689472034,SFPD-CROSSROADS,CITY STREET,03/15/2016 04:44:00 AM,2016 March 15,04:44:00,2016,March,Tuesday,BRIDGEVIEW DR,TOPEKA AVE,0.0,Cloudy,Injury (Severe),Vehicle/Pedestrian,Pedestrian,Crossing in Crosswalk at Intersection,Dry,No Unusual Condition,Dark - Street Lights,Intersection <= 20ft,0.0,1,1.0,Driver,North,Proceeding Straight,Pedestrian,East,Other,POINT (-122.39769 37.733276),87.0,2.0,9.0,1.0,04
5097,vw_geo_sfpd_cr_switrs_all_types_col_cty_union.fid-c18a0c2_186644fdb18_-3f31,2284,22186000.0,,160082128,37.720482068628,-122.450103173879,SFPD-CROSSROADS,CITY STREET,01/28/2016 06:33:00 PM,2016 January 28,18:33:00,2016,January,Thursday,LOUISBURG ST,NIAGARA AVE,0.0,Clear,Injury (Complaint of Pain),Vehicle/Pedestrian,Pedestrian,Crossing in Crosswalk at Intersection,Dry,No Unusual Condition,Dark - Street Lights,Intersection <= 20ft,0.0,1,1.0,Driver,North,Making Left Turn,Pedestrian,East,Proceeding Straight,POINT (-122.4501 37.72048),81.0,10.0,1.0,24.0,18
5116,vw_geo_sfpd_cr_switrs_all_types_col_cty_union.fid-c18a0c2_186644fdb18_-4e25,16045,23910000.0,,140049938,37.7794587153476,-122.402377492041,SFPD-CROSSROADS,CITY STREET,01/17/2014 07:34:00 PM,2014 January 17,19:34:00,2014,January,Friday,05TH ST,CLARA ST,0.0,Clear,Injury (Complaint of Pain),Vehicle/Pedestrian,Pedestrian,Crossing Not in Crosswalk,Dry,No Unusual Condition,Dark - Street Lights,Intersection <= 20ft,0.0,1,1.0,Pedestrian,East,Proceeding Straight,Driver,South,Proceeding Straight,POINT (-122.402374 37.779457),32.0,1.0,10.0,34.0,19
5117,vw_geo_sfpd_cr_switrs_all_types_col_cty_union.fid-c18a0c2_186644fdb18_-3d8d,25444,24904000.0,9722000.0,130179012,37.7864795161761,-122.40747990856,SFPD-CROSSROADS,CITY STREET,03/02/2013 04:55:00 PM,2013 March 02,16:55:00,2013,March,Saturday,OFARRELL ST,POWELL ST,163.0,Clear,Injury (Complaint of Pain),Vehicle/Pedestrian,Pedestrian,"In Road, Including Shoulder",Dry,No Unusual Condition,Daylight,Midblock > 20ft,0.0,1,1.0,Pedestrian,East,Proceeding Straight,Driver,West,Backing,POINT (-122.40748 37.78648),19.0,6.0,3.0,8.0,16
5120,vw_geo_sfpd_cr_switrs_all_types_col_cty_union.fid-c18a0c2_186644fdb18_-413a,1758,22047000.0,9176201.0,150920390,37.7172806545546,-122.44041767724,SFPD-CROSSROADS,CITY STREET,10/21/2015 12:22:00 PM,2015 October 21,12:22:00,2015,October,Wednesday,AMAZON AVE,MISSION ST,30.0,Clear,Injury (Other Visible),Vehicle/Pedestrian,Pedestrian,Crossing Not in Crosswalk,Dry,No Unusual Condition,Daylight,Midblock > 20ft,0.0,1,1.0,Driver,East,Making Left Turn,Pedestrian,North,Proceeding Straight,POINT (-122.440414 37.71728),80.0,9.0,1.0,7.0,12
5125,vw_geo_sfpd_cr_switrs_all_types_col_cty_union.fid-c18a0c2_186644fdb18_-429e,24829,24893000.0,,140422334,37.7844527300713,-122.408493157816,SFPD-CROSSROADS,CITY STREET,05/20/2014 04:23:00 PM,2014 May 20,16:23:00,2014,May,Tuesday,CYRIL MAGNIN ST,EDDY ST,0.0,Clear,Injury (Complaint of Pain),Vehicle/Pedestrian,Pedestrian,Crossing Not in Crosswalk,Dry,No Unusual Condition,Daylight,Intersection <= 20ft,0.0,1,1.0,Pedestrian,East,Other,Driver,South,Proceeding Straight,POINT (-122.40849 37.784454),19.0,5.0,3.0,36.0,16
5128,vw_geo_sfpd_cr_switrs_all_types_col_cty_union.fid-c18a0c2_186644fdb18_-38ca,33413,24800000.0,,160893975,37.7987290013683,-122.399873457949,SFPD-CROSSROADS,CITY STREET,11/02/2016 07:54:00 PM,2016 November 02,19:54:00,2016,November,Wednesday,FRONT ST,BROADWAY,0.0,Clear,Injury (Complaint of Pain),Broadside,Pedestrian,Crossing Not in Crosswalk,Dry,No Unusual Condition,Dark - Street Lights,Intersection <= 20ft,0.0,1,1.0,Pedestrian,South,Proceeding Straight,Driver,North,Making Left Turn,POINT (-122.39987 37.79873),77.0,6.0,3.0,8.0,19
5138,vw_geo_sfpd_cr_switrs_all_types_col_cty_union.fid-c18a0c2_186644fdb18_-3c96,30998,26811000.0,11309000.0,160422643,37.7828780986124,-122.442790099481,SFPD-CROSSROADS,CITY STREET,05/23/2016 10:10:00 PM,2016 May 23,22:10:00,2016,May,Monday,SAINT JOSEPHS AVE,GEARY BLVD,3.0,Clear,Injury (Complaint of Pain),Vehicle/Pedestrian,Pedestrian,Crossing in Crosswalk at Intersection,Dry,No Unusual Condition,Dark - Street Lights,Intersection <= 20ft,0.0,1,,Pedestrian,East,Proceeding Straight,Driver,South,Making U Turn,POINT (-122.44279 37.78288),13.0,8.0,6.0,39.0,22
5146,vw_geo_sfpd_cr_switrs_all_types_col_cty_union.fid-c18a0c2_186644fdb18_-4dbb,28580,25249000.0,,140115313,37.7930136084045,-122.416113016602,SFPD-CROSSROADS,CITY STREET,02/08/2014 06:49:00 PM,2014 February 08,18:49:00,2014,February,Saturday,LEAVENWORTH ST,CLAY ST,0.0,Raining,Injury (Other Visible),Vehicle/Pedestrian,Pedestrian,Crossing in Crosswalk at Intersection,Wet,No Unusual Condition,Dark - Street Lights,Intersection <= 20ft,0.0,1,1.0,Driver,North,Proceeding Straight,Pedestrian,West,Other,POINT (-122.416115 37.793015),16.0,6.0,3.0,32.0,18
5149,vw_geo_sfpd_cr_switrs_all_types_col_cty_union.fid-c18a0c2_186644fdb18_-4952,4126,20992000.0,11906000.0,140836070,37.7290478327434,-122.419475167746,SFPD-CROSSROADS,CITY STREET,10/04/2014 08:45:00 AM,2014 October 04,08:45:00,2014,October,Saturday,SILVER AVE,CAMBRIDGE ST,3.0,Clear,Injury (Other Visible),Vehicle/Pedestrian,Pedestrian,Crossing in Crosswalk at Intersection,Dry,No Unusual Condition,Daylight,Intersection <= 20ft,0.0,1,1.0,Driver,East,Making Left Turn,Pedestrian,South,Proceeding Straight,POINT (-122.41947 37.72905),92.0,2.0,2.0,25.0,08
5150,vw_geo_sfpd_cr_switrs_all_types_col_cty_union.fid-c18a0c2_186644fdb18_-4dcc,16411,24282000.0,,140104219,37.7801620258685,-122.407691415018,SFPD-CROSSROADS,CITY STREET,02/04/2014 08:38:00 PM,2014 February 04,20:38:00,2014,February,Tuesday,06TH ST,NATOMA ST,0.0,Clear,Injury (Severe),Vehicle/Pedestrian,Pedestrian,Crossing Not in Crosswalk,Dry,No Unusual Condition,Dark - Street Lights,Intersection <= 20ft,0.0,1,1.0,Pedestrian,East,Proceeding Straight,Driver,South,Proceeding Straight,POINT (-122.40769 37.780163),32.0,1.0,10.0,34.0,20
5151,vw_geo_sfpd_cr_switrs_all_types_col_cty_union.fid-c18a0c2_186644fdb18_-44a2,18881,24456000.0,,150446857,37.7740849748937,-122.422407116539,SFPD-CROSSROADS,CITY STREET,05/22/2015 04:24:00 PM,2015 May 22,16:24:00,2015,May,Friday,GOUGH ST,PAGE ST,0.0,Clear,Injury (Complaint of Pain),Vehicle/Pedestrian,Pedestrian,Crossing in Crosswalk at Intersection,Dry,No Unusual Condition,Daylight,Intersection <= 20ft,0.0,1,,Pedestrian,South,Proceeding Straight,Driver,South,Proceeding Straight,POINT (-122.42241 37.774086),21.0,4.0,11.0,9.0,16
5155,vw_geo_sfpd_cr_switrs_all_types_col_cty_union.fid-c18a0c2_186644fdb18_-4f90,5442,20239000.0,5334000.0,131016370,37.7427171384986,-122.387952997602,SFPD-CROSSROADS,CITY STREET,12/02/2013 09:15:00 AM,2013 December 02,09:15:00,2013,December,Monday,EVANS AVE,03RD ST,9.0,Clear,Fatal,Vehicle/Pedestrian,Pedestrian,Crossing in Crosswalk at Intersection,Dry,No Unusual Condition,Daylight,Intersection <= 20ft,1.0,0,1.0,Driver,East,Making Right Turn,Pedestrian,North,Proceeding Straight,POINT (-122.387955 37.742718),86.0,2.0,9.0,1.0,09