,id,unique_id,cnn_intrsctn_fkey,cnn_sgmt_fkey,case_id_pkey,tb_latitude,tb_longitude,geocode_source,geocode_location,collision_datetime,collision_date,collision_time,accident_year,month,day_of_week,primary_rd,secondary_rd,distance,weather_1,collision_severity,type_of_collision,mviw,ped_action,road_surface,road_cond_1,lighting,intersection,number_killed,number_injured,party_at_fault,party1_type,party1_dir_of_travel,party1_move_pre_acc,party2_type,party2_dir_of_travel,party2_move_pre_acc,point,Neighborhoods,Current Police Districts,Current Supervisor Districts,Analysis Neighborhoods,hour
5157,vw_geo_sfpd_cr_switrs_all_types_col_cty_union.fid-c18a0c2_186644fdb18_-4f1c,16903,24293000.0,329000.0,130887748,37.7808731466194,-122.408585422808,SFPD-CROSSROADS,CITY STREET,10/19/2013 11:20:00 PM,2013 October 19,23:20:00,2013,October,Saturday,06TH ST,MISSION ST,50.0,Clear,Injury (Complaint of Pain),Vehicle/Pedestrian,Pedestrian,Crossing Not in Crosswalk,Dry,No Unusual Condition,Dark - Street Lights,Midblock > 20ft,0.0,1,1.0,Pedestrian,East,Proceeding Straight,Driver,South,Proceeding Straight,POINT (-122.408585 37.780872),32.0,1.0,10.0,34.0,23
5158,vw_geo_sfpd_cr_switrs_all_types_col_cty_union.fid-c18a0c2_186644fdb18_-3d4c,15742,24314000.0,9104000.0,160325940,37.7764829715331,-122.41439139304,SFPD-CROSSROADS,CITY STREET,04/20/2016 11:11:00 PM,2016 April 20,23:11:00,2016,April,Wednesday,MISSION ST,LASKIE ST,116.0,Clear,Injury (Severe),Rear End,Pedestrian,"In Road, Including Shoulder",Dry,No Unusual Condition,Dark - Street Lights,Intersection Rear End <= 150ft,0.0,3,1.0,Driver,West,Proceeding Straight,Driver,West,Stopped In Road,POINT (-122.41439 37.77648),32.0,1.0,10.0,34.0,23
5164,vw_geo_sfpd_cr_switrs_all_types_col_cty_union.fid-c18a0c2_186644fdb18_-48ce,27305,24662000.0,,140903726,37.7896315970217,-122.405398672766,SFPD-CROSSROADS,CITY STREET,10/25/2014 12:20:00 PM,2014 October 25,12:20:00,2014,October,Saturday,GRANT AVE,SUTTER ST,0.0,Clear,Injury (Other Visible),Vehicle/Pedestrian,Pedestrian,Crossing in Crosswalk at Intersection,Dry,No Unusual Condition,Daylight,Intersection <= 20ft,0.0,1,1.0,Driver,West,Making Left Turn,Pedestrian,North,Proceeding Straight,POINT (-122.405396 37.78963),19.0,6.0,3.0,8.0,12
5166,vw_geo_sfpd_cr_switrs_all_types_col_cty_union.fid-c18a0c2_186644fdb18_-4384,2495,20517000.0,224201.0,150613874,37.7262209471329,-122.393925182168,SFPD-CROSSROADS,CITY STREET,07/14/2015 05:35:00 PM,2015 July 14,17:35:00,2015,July,Tuesday,03RD ST,BANCROFT AVE,10.0,Cloudy,Injury (Other Visible),Vehicle/Pedestrian,Pedestrian,Crossing in Crosswalk at Intersection,Dry,No Unusual Condition,Daylight,Intersection <= 20ft,0.0,1,1.0,Pedestrian,East,Proceeding Straight,Driver,North,Proceeding Straight,POINT (-122.39393 37.72622),86.0,2.0,9.0,1.0,17
5167,vw_geo_sfpd_cr_switrs_all_types_col_cty_union.fid-c18a0c2_186644fdb18_-4457,7502,21304000.0,,150487362,37.7481656887797,-122.418221170335,SFPD-CROSSROADS,CITY STREET,06/04/2015 08:30:00 AM,2015 June 04,08:30:00,2015,June,Thursday,MISSION ST,CESAR CHAVEZ ST,0.0,Clear,Injury (Complaint of Pain),Broadside,Pedestrian,Crossing in Crosswalk at Intersection,Dry,No Unusual Condition,Daylight,Intersection <= 20ft,0.0,1,1.0,Pedestrian,East,Proceeding Straight,Driver,East,Making Right Turn,POINT (-122.41822 37.748165),83.0,3.0,2.0,2.0,08
5181,vw_geo_sfpd_cr_switrs_all_types_col_cty_union.fid-c18a0c2_186644fdb18_-421a,1740,21486000.0,9177000.0,150808520,37.7167127365106,-122.440825470672,SFPD-CROSSROADS,CITY STREET,09/14/2015 08:57:00 PM,2015 September 14,20:57:00,2015,September,Monday,MISSION ST,GENEVA AVE,108.0,Raining,Injury (Other Visible),Vehicle/Pedestrian,Pedestrian,Crossing Not in Crosswalk,Wet,No Unusual Condition,Dark - Street Lights,Midblock > 20ft,0.0,1,1.0,Pedestrian,East,Other,Driver,North,Proceeding Straight,POINT (-122.44083 37.716713),80.0,9.0,1.0,28.0,20
5188,vw_geo_sfpd_cr_switrs_all_types_col_cty_union.fid-c18a0c2_186644fdb18_-37ee,16849,24285000.0,,160997919,37.780535386375,-122.408160793737,SFPD-CROSSROADS,CITY STREET,12/08/2016 10:35:00 PM,2016 December 08,22:35:00,2016,December,Thursday,06TH ST,MINNA ST,0.0,Cloudy,Injury (Other Visible),Vehicle/Pedestrian,Pedestrian,Crossing Not in Crosswalk,Wet,No Unusual Condition,Dark - Street Lights,Intersection <= 20ft,0.0,1,1.0,Pedestrian,East,Not Stated,Driver,North,Proceeding Straight,POINT (-122.40816 37.780537),32.0,1.0,10.0,34.0,22
5190,vw_geo_sfpd_cr_switrs_all_types_col_cty_union.fid-c18a0c2_186644fdb18_-4c60,26390,24919000.000000004,,140309685,37.788082187514,-122.410056929791,SFPD-CROSSROADS,CITY STREET,04/14/2014 01:41:00 PM,2014 April 14,13:41:00,2014,April,Monday,POST ST,MASON ST,0.0,Clear,Injury (Complaint of Pain),Vehicle/Pedestrian,Pedestrian,Crossing in Crosswalk at Intersection,Dry,No Unusual Condition,Daylight,Intersection <= 20ft,0.0,1,,Driver,East,Proceeding Straight,Pedestrian,North,Other,POINT (-122.41006 37.788082),50.0,6.0,3.0,21.0,13
5195,vw_geo_sfpd_cr_switrs_all_types_col_cty_union.fid-c18a0c2_186644fdb18_-4ddb,31967,26507000.0,,140095072,37.7889946996516,-122.425422980137,SFPD-CROSSROADS,CITY STREET,02/01/2014 06:01:00 PM,2014 February 01,18:01:00,2014,February,Saturday,GOUGH ST,PINE ST,0.0,Clear,Injury (Complaint of Pain),Vehicle/Pedestrian,Pedestrian,Crossing in Crosswalk at Intersection,Dry,No Unusual Condition,Dark - Street Lights,Intersection <= 20ft,0.0,2,1.0,Driver,South,Making Left Turn,Pedestrian,West,Other,POINT (-122.42542 37.788994),100.0,4.0,6.0,39.0,18
5199,vw_geo_sfpd_cr_switrs_all_types_col_cty_union.fid-c18a0c2_186644fdb18_-4da2,11089,25684000.0,886000.0,140125378,37.7614315643231,-122.42600372164,SFPD-CROSSROADS,CITY STREET,02/12/2014 12:41:00 AM,2014 February 12,00:41:00,2014,February,Wednesday,18TH ST,DOLORES ST,21.0,Clear,Injury (Other Visible),Head-On,Pedestrian,Crossing in Crosswalk at Intersection,Dry,No Unusual Condition,Dark - Street Lights,Midblock > 20ft,0.0,1,1.0,Driver,West,Making Left Turn,Pedestrian,East,Not Stated,POINT (-122.426 37.761433),37.0,3.0,5.0,20.0,00
5203,vw_geo_sfpd_cr_switrs_all_types_col_cty_union.fid-c18a0c2_186644fdb18_-4a63,24246,24326000.0,,140645655,37.7820730676135,-122.412220735952,SFPD-CROSSROADS,CITY STREET,08/03/2014 09:27:00 PM,2014 August 03,21:27:00,2014,August,Sunday,GOLDEN GATE AVE,JONES ST,0.0,Clear,Injury (Other Visible),Broadside,Pedestrian,Crossing in Crosswalk at Intersection,Dry,No Unusual Condition,Dark - Street Lights,Intersection <= 20ft,0.0,1,1.0,Driver,East,Proceeding Straight,Pedestrian,North,Proceeding Straight,POINT (-122.412224 37.782074),20.0,5.0,10.0,36.0,21
5207,vw_geo_sfpd_cr_switrs_all_types_col_cty_union.fid-c18a0c2_186644fdb18_-3aba,12505,25804000.0,,160665699,37.7641957129503,-122.433074471299,SFPD-CROSSROADS,CITY STREET,08/16/2016 04:00:00 PM,2016 August 16,16:00:00,2016,August,Tuesday,MARKET ST,16TH ST,0.0,Clear,Injury (Severe),Vehicle/Pedestrian,Pedestrian,Crossing in Crosswalk at Intersection,Dry,No Unusual Condition,Daylight,Intersection <= 20ft,0.0,1,,Driver,West,Proceeding Straight,Pedestrian,North,Proceeding Straight,POINT (-122.433075 37.764194),38.0,3.0,5.0,5.0,16
5208,vw_geo_sfpd_cr_switrs_all_types_col_cty_union.fid-c18a0c2_186644fdb18_-3d65,274,20315000.0,,160312179,37.7116105818856,-122.404803415821,SFPD-CROSSROADS,CITY STREET,04/16/2016 09:19:00 AM,2016 April 16,09:19:00,2016,April,Saturday,LELAND AVE,DESMOND ST,0.0,Clear,Injury (Complaint of Pain),Vehicle/Pedestrian,Pedestrian,Crossing in Crosswalk at Intersection,Dry,No Unusual Condition,Daylight,Intersection <= 20ft,0.0,1,1.0,Driver,East,Making Right Turn,Pedestrian,South,Proceeding Straight,POINT (-122.4048 37.71161),75.0,9.0,9.0,40.0,09
5218,vw_geo_sfpd_cr_switrs_all_types_col_cty_union.fid-c18a0c2_186644fdb18_-4b27,13965,24206000.0,,140506154,37.7715786773086,-122.411277936994,SFPD-CROSSROADS,CITY STREET,06/18/2014 03:40:00 PM,2014 June 18,15:40:00,2014,June,Wednesday,HARRISON ST,10TH ST,0.0,Clear,Injury (Complaint of Pain),Vehicle/Pedestrian,Pedestrian,Crossing in Crosswalk at Intersection,Dry,No Unusual Condition,Daylight,Intersection <= 20ft,0.0,1,1.0,Driver,East,Making Right Turn,Pedestrian,North,Proceeding Straight,POINT (-122.41128 37.77158),32.0,1.0,10.0,34.0,15
5219,vw_geo_sfpd_cr_switrs_all_types_col_cty_union.fid-c18a0c2_186644fdb18_-4c6c,15643,24262000.0,372000.0,140302526,37.7767281344646,-122.407819502106,SFPD-CROSSROADS,CITY STREET,04/11/2014 09:24:00 PM,2014 April 11,21:24:00,2014,April,Friday,07TH ST,FOLSOM ST,9.0,Clear,Injury (Other Visible),Vehicle/Pedestrian,Pedestrian,Crossing in Crosswalk at Intersection,Dry,No Unusual Condition,Dark - Street Lights,Intersection <= 20ft,0.0,1,1.0,Pedestrian,West,Proceeding Straight,Driver,North,Making Right Turn,POINT (-122.40782 37.77673),32.0,1.0,10.0,34.0,21
5220,vw_geo_sfpd_cr_switrs_all_types_col_cty_union.fid-c18a0c2_186644fdb18_-4746,35209,26752000.000000004,,150062657,37.8010266405185,-122.434602344799,SFPD-CROSSROADS,CITY STREET,01/21/2015 06:40:00 AM,2015 January 21,06:40:00,2015,January,Wednesday,CHESTNUT ST,WEBSTER ST,0.0,Clear,Injury (Complaint of Pain),Vehicle/Pedestrian,Pedestrian,Crossing in Crosswalk at Intersection,Dry,No Unusual Condition,Dark - Street Lights,Intersection <= 20ft,0.0,1,1.0,Driver,West,Making Left Turn,Pedestrian,North,Proceeding Straight,POINT (-122.4346 37.801025),17.0,4.0,6.0,13.0,06
5223,vw_geo_sfpd_cr_switrs_all_types_col_cty_union.fid-c18a0c2_186644fdb18_-4b81,12268,24171000.0,,140451991,37.7666736014155,-122.419825234445,SFPD-CROSSROADS,CITY STREET,05/30/2014 05:42:00 PM,2014 May 30,17:42:00,2014,May,Friday,MISSION ST,15TH ST,0.0,Clear,Injury (Complaint of Pain),Vehicle/Pedestrian,Pedestrian,Crossing Not in Crosswalk,Dry,No Unusual Condition,Daylight,Intersection <= 20ft,0.0,1,1.0,Pedestrian,East,Other,Driver,South,Making Left Turn,POINT (-122.41982 37.766674),53.0,3.0,2.0,20.0,17
5231,vw_geo_sfpd_cr_switrs_all_types_col_cty_union.fid-c18a0c2_186644fdb18_-462d,14141,24209000.0,,150212852,37.7725264437977,-122.410076848136,SFPD-CROSSROADS,CITY STREET,03/09/2015 05:39:00 PM,2015 March 09,17:39:00,2015,March,Monday,09TH ST,HARRISON ST,0.0,Clear,Injury (Complaint of Pain),Vehicle/Pedestrian,Pedestrian,Crossing in Crosswalk at Intersection,Dry,No Unusual Condition,Daylight,Intersection <= 20ft,0.0,1,1.0,Driver,West,Making Left Turn,Pedestrian,North,Proceeding Straight,POINT (-122.41008 37.772526),32.0,1.0,10.0,34.0,17
5232,vw_geo_sfpd_cr_switrs_all_types_col_cty_union.fid-c18a0c2_186644fdb18_-4f7f,14211,24256000.000000004,6731000.0,131026608,37.7740667664502,-122.408127730035,SFPD-CROSSROADS,CITY STREET,12/05/2013 03:12:00 PM,2013 December 05,15:12:00,2013,December,Thursday,HARRISON ST,08TH ST,158.0,Clear,Injury (Other Visible),Vehicle/Pedestrian,Pedestrian,"In Road, Including Shoulder",Dry,No Unusual Condition,Daylight,Midblock > 20ft,0.0,1,1.0,Pedestrian,South,Entering Traffic,Driver,West,Slowing/Stopping,POINT (-122.40813 37.774067),32.0,1.0,10.0,34.0,15
5251,vw_geo_sfpd_cr_switrs_all_types_col_cty_union.fid-c18a0c2_186644fdb18_-4ade,4402,21743000.0,,140550402,37.7239094031274,-122.435385085534,SFPD-CROSSROADS,CITY STREET,07/02/2014 10:41:00 PM,2014 July 02,22:41:00,2014,July,Wednesday,MISSION ST,OCEAN AVE,0.0,Clear,Injury (Complaint of Pain),Vehicle/Pedestrian,Pedestrian,Crossing in Crosswalk at Intersection,Dry,No Unusual Condition,Dark - Street Lights,Intersection <= 20ft,0.0,1,1.0,Driver,South,Making Right Turn,Pedestrian,West,Not Stated,POINT (-122.43539 37.72391),94.0,9.0,1.0,28.0,22
5260,vw_geo_sfpd_cr_switrs_all_types_col_cty_union.fid-c18a0c2_186644fdb18_-3903,2508,20489000.0,,160871222,37.7254756501814,-122.394243493281,SFPD-CROSSROADS,CITY STREET,10/26/2016 07:37:00 AM,2016 October 26,07:37:00,2016,October,Wednesday,03RD ST,CARROLL AVE,0.0,Clear,Injury (Complaint of Pain),Vehicle/Pedestrian,Pedestrian,Crossing in Crosswalk at Intersection,Dry,No Unusual Condition,Daylight,Intersection <= 20ft,0.0,1,1.0,Driver,South,Making Left Turn,Pedestrian,East,Proceeding Straight,POINT (-122.39424 37.725475),86.0,2.0,9.0,1.0,07
5266,vw_geo_sfpd_cr_switrs_all_types_col_cty_union.fid-c18a0c2_186644fdb18_-408e,9962,33040000.0,715000.0,151008573,37.765748841364,-122.408107590806,SFPD-CROSSROADS,CITY STREET,11/19/2015 05:20:00 PM,2015 November 19,17:20:00,2015,November,Thursday,16TH ST,POTRERO AVE,166.0,Clear,Injury (Complaint of Pain),Broadside,Pedestrian,Crossing Not in Crosswalk,Dry,No Unusual Condition,Dark - Street Lights,Midblock > 20ft,0.0,1,1.0,Driver,North,Proceeding Straight,Driver,East,Proceeding Straight,POINT (-122.408104 37.765747),53.0,3.0,9.0,20.0,17
5277,vw_geo_sfpd_cr_switrs_all_types_col_cty_union.fid-c18a0c2_186644fdb18_-4196,32733,26547000.0,13164201.0,150876191,37.7957511781395,-122.423403854584,SFPD-CROSSROADS,CITY STREET,10/06/2015 07:34:00 PM,2015 October 06,19:34:00,2015,October,Tuesday,VAN NESS AVE,BROADWAY,7.0,Clear,Injury (Other Visible),Vehicle/Pedestrian,Pedestrian,Crossing in Crosswalk at Intersection,Dry,No Unusual Condition,Dark - Street Lights,Intersection <= 20ft,0.0,1,1.0,Driver,East,Making Left Turn,Pedestrian,East,Proceeding Straight,POINT (-122.4234 37.79575),105.0,4.0,3.0,32.0,19
5289,vw_geo_sfpd_cr_switrs_all_types_col_cty_union.fid-c18a0c2_186644fdb18_-49b1,26179,24960000.0,,140779323,37.7867297451637,-122.413161444531,SFPD-CROSSROADS,CITY STREET,09/15/2014 10:58:00 PM,2014 September 15,22:58:00,2014,September,Monday,GEARY ST,JONES ST,0.0,Clear,Injury (Complaint of Pain),Vehicle/Pedestrian,Pedestrian,Crossing in Crosswalk at Intersection,Dry,No Unusual Condition,Dark - Street Lights,Intersection <= 20ft,0.0,1,1.0,Driver,South,Making Left Turn,Pedestrian,West,Proceeding Straight,POINT (-122.41316 37.786728),20.0,6.0,10.0,36.0,22
5291,vw_geo_sfpd_cr_switrs_all_types_col_cty_union.fid-c18a0c2_186644fdb18_-4979,28535,25010000.0,11234000.0,140813670,37.793022768085,-122.408951883397,SFPD-CROSSROADS,CITY STREET,09/26/2014 08:24:00 PM,2014 September 26,20:24:00,2014,September,Friday,SACRAMENTO ST,POWELL ST,120.0,Clear,Injury (Severe),Vehicle/Pedestrian,Pedestrian,"In Road, Including Shoulder",Dry,No Unusual Condition,Dark - Street Lights,Midblock > 20ft,0.0,1,1.0,Driver,West,Backing,Pedestrian,North,Parked,POINT (-122.40895 37.793022),16.0,6.0,3.0,6.0,20
5294,vw_geo_sfpd_cr_switrs_all_types_col_cty_union.fid-c18a0c2_186644fdb18_-4ab9,23509,23603000.0,,140581811,37.7881345024189,-122.390319484135,SFPD-CROSSROADS,CITY STREET,07/13/2014 04:11:00 PM,2014 July 13,16:11:00,2014,July,Sunday,HARRISON ST,MAIN ST,0.0,Clear,Injury (Other Visible),Head-On,Pedestrian,Not in Road,Dry,No Unusual Condition,Daylight,Intersection <= 20ft,0.0,1,1.0,Driver,West,Making Left Turn,Pedestrian,South,Other,POINT (-122.39032 37.788136),30.0,1.0,10.0,8.0,16
5297,vw_geo_sfpd_cr_switrs_all_types_col_cty_union.fid-c18a0c2_186644fdb18_-40a0,11142,24133000.0,877000.0,150999157,37.7618802574862,-122.418624086067,SFPD-CROSSROADS,CITY STREET,11/16/2015 03:00:00 PM,2015 November 16,15:00:00,2015,November,Monday,18TH ST,CAPP ST,102.0,Clear,Injury (Other Visible),Vehicle/Pedestrian,Pedestrian,Crossing Not in Crosswalk,Dry,No Unusual Condition,Daylight,Midblock > 20ft,0.0,1,1.0,Pedestrian,South,Entering Traffic,Driver,West,Proceeding Straight,POINT (-122.418625 37.76188),53.0,3.0,2.0,20.0,15
5305,vw_geo_sfpd_cr_switrs_all_types_col_cty_union.fid-c18a0c2_186644fdb18_-3d81,16766,24434000.0,,160293240,37.7786578558534,-122.416580343569,SFPD-CROSSROADS,CITY STREET,04/09/2016 08:15:00 PM,2016 April 09,20:15:00,2016,April,Saturday,LARKIN ST,GROVE ST,0.0,Raining,Injury (Complaint of Pain),Vehicle/Pedestrian,Pedestrian,Crossing in Crosswalk at Intersection,Wet,No Unusual Condition,Dark - Street Lights,Intersection <= 20ft,0.0,1,1.0,Driver,West,Proceeding Straight,Pedestrian,South,Stopped In Road,POINT (-122.41658 37.778656),21.0,5.0,10.0,36.0,20
5313,vw_geo_sfpd_cr_switrs_all_types_col_cty_union.fid-c18a0c2_186644fdb18_-4c24,44383,27850000.0,,140350365,37.7758132788511,-122.495174854177,SFPD-CROSSROADS,CITY STREET,04/27/2014 11:30:00 PM,2014 April 27,23:30:00,2014,April,Sunday,BALBOA ST,35TH AVE,0.0,Clear,Injury (Complaint of Pain),Vehicle/Pedestrian,Pedestrian,Crossing in Crosswalk at Intersection,Dry,No Unusual Condition,Dark - Street Lights,Intersection <= 20ft,0.0,2,1.0,Driver,West,Proceeding Straight,Pedestrian,North,Proceeding Straight,POINT (-122.49518 37.775814),8.0,8.0,4.0,29.0,23
5325,vw_geo_sfpd_cr_switrs_all_types_col_cty_union.fid-c18a0c2_186644fdb18_-4a23,24516,24934000.0,12719000.0,140684192,37.7827866774061,-122.414114607835,SFPD-CROSSROADS,CITY STREET,08/15/2014 09:15:00 PM,2014 August 15,21:15:00,2014,August,Friday,TURK ST,LEAVENWORTH ST,18.0,Clear,Injury (Complaint of Pain),Vehicle/Pedestrian,Pedestrian,"In Road, Including Shoulder",Dry,No Unusual Condition,Dark - Street Lights,Intersection <= 20ft,0.0,1,1.0,Pedestrian,West,Entering Traffic,Driver,East,Making Left Turn,POINT (-122.414116 37.782787),20.0,5.0,10.0,36.0,21
5326,vw_geo_sfpd_cr_switrs_all_types_col_cty_union.fid-c18a0c2_186644fdb18_-4aaa,27871,25090000.0,7576000.0,140593101,37.7904510424109,-122.413913455629,SFPD-CROSSROADS,CITY STREET,07/17/2014 08:55:00 AM,2014 July 17,08:55:00,2014,July,Thursday,JONES ST,PINE ST,4.0,Cloudy,Injury (Severe),Vehicle/Pedestrian,Pedestrian,Crossing in Crosswalk at Intersection,Dry,No Unusual Condition,Daylight,Intersection <= 20ft,0.0,1,1.0,Driver,South,Making Left Turn,Pedestrian,West,Proceeding Straight,POINT (-122.41391 37.79045),50.0,6.0,3.0,21.0,08
5340,vw_geo_sfpd_cr_switrs_all_types_col_cty_union.fid-c18a0c2_186644fdb18_-3de0,24381,24334000.0,,160246443,37.781863339059,-122.413865604238,SFPD-CROSSROADS,CITY STREET,03/24/2016 11:56:00 PM,2016 March 24,23:56:00,2016,March,Thursday,LEAVENWORTH ST,GOLDEN GATE AVE,0.0,Clear,Injury (Complaint of Pain),Vehicle/Pedestrian,Pedestrian,Crossing Not in Crosswalk,Dry,No Unusual Condition,Dark - Street Lights,Intersection <= 20ft,0.0,1,1.0,Pedestrian,East,Proceeding Straight,Driver,North,Making Left Turn,POINT (-122.413864 37.781864),20.0,5.0,10.0,36.0,23
5364,vw_geo_sfpd_cr_switrs_all_types_col_cty_union.fid-c18a0c2_186644fdb18_-3f4d,41602,27781000.000000004,,160061382,37.7589344119092,-122.497221909894,SFPD-CROSSROADS,CITY STREET,01/22/2016 04:00:00 AM,2016 January 22,04:00:00,2016,January,Friday,KIRKHAM ST,38TH AVE,0.0,Raining,Injury (Complaint of Pain),Vehicle/Pedestrian,Pedestrian,"In Road, Including Shoulder",Wet,No Unusual Condition,Dark - Street Lights,Intersection <= 20ft,0.0,1,1.0,Pedestrian,North,Proceeding Straight,Driver,West,Proceeding Straight,POINT (-122.49722 37.758934),39.0,10.0,7.0,35.0,04
5366,vw_geo_sfpd_cr_switrs_all_types_col_cty_union.fid-c18a0c2_186644fdb18_-4b9a,7499,21304000.0,,140433864,37.7481656887797,-122.418221170335,SFPD-CROSSROADS,CITY STREET,05/24/2014 12:10:00 PM,2014 May 24,12:10:00,2014,May,Saturday,MISSION ST,CESAR CHAVEZ ST,0.0,Clear,Injury (Complaint of Pain),Vehicle/Pedestrian,Pedestrian,Crossing in Crosswalk at Intersection,Dry,No Unusual Condition,Daylight,Intersection <= 20ft,0.0,1,1.0,Driver,South,Making Left Turn,Pedestrian,North,Proceeding Straight,POINT (-122.41822 37.748165),83.0,3.0,2.0,2.0,12
5368,vw_geo_sfpd_cr_switrs_all_types_col_cty_union.fid-c18a0c2_186644fdb18_-4f49,9779,24022000.0,,130910123,37.7657832994918,-122.407534229607,SFPD-CROSSROADS,CITY STREET,10/26/2013 11:36:00 PM,2013 October 26,23:36:00,2013,October,Saturday,POTRERO AVE,16TH ST,0.0,Cloudy,Fatal,Vehicle/Pedestrian,Pedestrian,Crossing in Crosswalk at Intersection,Dry,No Unusual Condition,Dark - Street Lights,Intersection <= 20ft,1.0,0,1.0,Pedestrian,East,Proceeding Straight,Driver,North,Proceeding Straight,POINT (-122.40753 37.76578),54.0,3.0,9.0,20.0,23
5370,vw_geo_sfpd_cr_switrs_all_types_col_cty_union.fid-c18a0c2_186644fdb18_-3b00,9708,23779000.0,,160629510,37.7659581889856,-122.404623336845,SFPD-CROSSROADS,CITY STREET,08/04/2016 10:10:00 PM,2016 August 04,22:10:00,2016,August,Thursday,VERMONT ST,16TH ST,0.0,Raining,Injury (Complaint of Pain),Vehicle/Pedestrian,Pedestrian,Crossing Not in Crosswalk,Wet,No Unusual Condition,Dark - Street Lights,Intersection <= 20ft,0.0,1,1.0,Pedestrian,East,Other,Driver,North,Not Stated,POINT (-122.404625 37.765957),54.0,1.0,9.0,20.0,22
5372,vw_geo_sfpd_cr_switrs_all_types_col_cty_union.fid-c18a0c2_186644fdb18_-42df,29527,26585000.0,,150698763,37.7825698890392,-122.430797880756,SFPD-CROSSROADS,CITY STREET,08/11/2015 11:21:00 AM,2015 August 11,11:21:00,2015,August,Tuesday,WEBSTER ST,ELLIS ST,0.0,Clear,Injury (Complaint of Pain),Vehicle/Pedestrian,Pedestrian,Crossing in Crosswalk at Intersection,Dry,No Unusual Condition,Daylight,Intersection <= 20ft,0.0,1,1.0,Pedestrian,East,Proceeding Straight,Driver,South,Proceeding Straight,POINT (-122.4308 37.78257),97.0,4.0,11.0,39.0,11
5375,vw_geo_sfpd_cr_switrs_all_types_col_cty_union.fid-c18a0c2_186644fdb18_-42be,28828,25184000.0,,150711882,37.7819607656433,-122.420638250202,SFPD-CROSSROADS,CITY STREET,08/15/2015 10:25:00 AM,2015 August 15,10:25:00,2015,August,Saturday,TURK ST,VAN NESS AVE,0.0,Clear,Injury (Other Visible),Vehicle/Pedestrian,Pedestrian,Crossing in Crosswalk at Intersection,Dry,No Unusual Condition,Daylight,Intersection <= 20ft,0.0,1,1.0,Pedestrian,North,Proceeding Straight,Driver,West,Proceeding Straight,POINT (-122.42064 37.78196),100.0,4.0,11.0,39.0,10
5380,vw_geo_sfpd_cr_switrs_all_types_col_cty_union.fid-c18a0c2_186644fdb18_-401d,18168,25987000.0,,151075958,37.7693071617623,-122.431570380697,SFPD-CROSSROADS,CITY STREET,12/13/2015 08:20:00 AM,2015 December 13,08:20:00,2015,December,Sunday,DUBOCE AVE,STEINER ST,0.0,Raining,Injury (Complaint of Pain),Vehicle/Pedestrian,Pedestrian,Crossing Not in Crosswalk,Wet,No Unusual Condition,Daylight,Intersection <= 20ft,0.0,1,2.0,Driver,East,Proceeding Straight,Pedestrian,South,Proceeding Straight,POINT (-122.43157 37.769306),28.0,7.0,5.0,5.0,08
5381,vw_geo_sfpd_cr_switrs_all_types_col_cty_union.fid-c18a0c2_186644fdb18_-3e29,17074,30742000.0,8751101.0,160214456,37.7803833362804,-122.412563991805,SFPD-CROSSROADS,CITY STREET,03/14/2016 11:01:00 AM,2016 March 14,11:01:00,2016,March,Monday,MARKET ST,07TH ST,35.0,Clear,Injury (Complaint of Pain),Vehicle/Pedestrian,Pedestrian,Crossing in Crosswalk at Intersection,Dry,No Unusual Condition,Daylight,Midblock > 20ft,0.0,1,1.0,Pedestrian,North,Proceeding Straight,Driver,East,Proceeding Straight,POINT (-122.41257 37.780384),32.0,5.0,10.0,34.0,11
5385,vw_geo_sfpd_cr_switrs_all_types_col_cty_union.fid-c18a0c2_186644fdb18_-498a,18056,25977000.0,,140802651,37.7675952408579,-122.431191120069,SFPD-CROSSROADS,CITY STREET,09/23/2014 11:29:00 AM,2014 September 23,11:29:00,2014,September,Tuesday,SANCHEZ ST,14TH ST,0.0,Clear,Injury (Other Visible),Vehicle/Pedestrian,Pedestrian,Crossing Not in Crosswalk,Dry,No Unusual Condition,Daylight,Intersection <= 20ft,0.0,1,1.0,Pedestrian,North,Stopped In Road,Driver,North,Making Right Turn,POINT (-122.43119 37.767593),28.0,7.0,5.0,5.0,11
5395,vw_geo_sfpd_cr_switrs_all_types_col_cty_union.fid-c18a0c2_186644fdb18_-4143,25634,30737000.0,8744102.0,150916543,37.7879991348934,-122.402900294687,SFPD-CROSSROADS,CITY STREET,10/20/2015 09:50:00 AM,2015 October 20,09:50:00,2015,October,Tuesday,MARKET ST,03RD ST,200.0,Clear,Injury (Complaint of Pain),Vehicle/Pedestrian,Pedestrian,Crossing Not in Crosswalk,Dry,No Unusual Condition,Daylight,Midblock > 20ft,0.0,1,1.0,Pedestrian,North,Other,Bicyclist,East,Proceeding Straight,POINT (-122.4029 37.788),32.0,6.0,10.0,8.0,09
5399,vw_geo_sfpd_cr_switrs_all_types_col_cty_union.fid-c18a0c2_186644fdb18_-41b9,29881,25182000.000000004,,150861700,37.785892900731,-122.41973873387,SFPD-CROSSROADS,CITY STREET,10/01/2015 10:40:00 PM,2015 October 01,22:40:00,2015,October,Thursday,GEARY ST,POLK ST,0.0,Clear,Injury (Complaint of Pain),Vehicle/Pedestrian,Pedestrian,Crossing in Crosswalk at Intersection,Dry,No Unusual Condition,Dark - Street Lights,Intersection <= 20ft,0.0,1,1.0,Driver,West,Making Left Turn,Pedestrian,East,Proceeding Straight,POINT (-122.41974 37.785892),20.0,4.0,10.0,36.0,22