,id,unique_id,cnn_intrsctn_fkey,cnn_sgmt_fkey,case_id_pkey,tb_latitude,tb_longitude,geocode_source,geocode_location,collision_datetime,collision_date,collision_time,accident_year,month,day_of_week,primary_rd,secondary_rd,distance,weather_1,collision_severity,type_of_collision,mviw,ped_action,road_surface,road_cond_1,lighting,intersection,number_killed,number_injured,party_at_fault,party1_type,party1_dir_of_travel,party1_move_pre_acc,party2_type,party2_dir_of_travel,party2_move_pre_acc,point,Neighborhoods,Current Police Districts,Current Supervisor Districts,Analysis Neighborhoods,hour
5400,vw_geo_sfpd_cr_switrs_all_types_col_cty_union.fid-c18a0c2_186644fdb18_-4f75,26224,25166000.0,,131030267,37.7863102180456,-122.416449123063,SFPD-CROSSROADS,CITY STREET,12/06/2013 08:39:00 PM,2013 December 06,20:39:00,2013,December,Friday,GEARY ST,HYDE ST,0.0,Raining,Injury (Complaint of Pain),Vehicle/Pedestrian,Pedestrian,Crossing in Crosswalk at Intersection,Wet,No Unusual Condition,Dark - Street Lights,Intersection <= 20ft,0.0,1,1.0,Driver,South,Making Left Turn,Pedestrian,West,Proceeding Straight,POINT (-122.41645 37.786312),20.0,6.0,10.0,36.0,20
5403,vw_geo_sfpd_cr_switrs_all_types_col_cty_union.fid-c18a0c2_186644fdb18_-48a9,8739,23971000.0,1182000.0,140929415,37.7559849790469,-122.409656451908,SFPD-CROSSROADS,CITY STREET,11/02/2014 06:13:00 PM,2014 November 02,18:13:00,2014,November,Sunday,22ND ST,BRYANT ST,65.0,Clear,Injury (Other Visible),Vehicle/Pedestrian,Pedestrian,Crossing Not in Crosswalk,Dry,No Unusual Condition,Dark - Street Lights,Midblock > 20ft,0.0,1,1.0,Pedestrian,North,Proceeding Straight,Driver,West,Proceeding Straight,POINT (-122.40965 37.755985),53.0,3.0,2.0,20.0,18
5404,vw_geo_sfpd_cr_switrs_all_types_col_cty_union.fid-c18a0c2_186644fdb18_-4e56,11467,25791000.0,,130086699,37.7610213111565,-122.432793506126,SFPD-CROSSROADS,CITY STREET,01/31/2013 01:05:00 AM,2013 January 31,01:05:00,2013,January,Thursday,18TH ST,NOE ST,0.0,Clear,Injury (Complaint of Pain),Vehicle/Pedestrian,Pedestrian,Crossing in Crosswalk at Intersection,Dry,No Unusual Condition,Dark - Street Lights,Intersection <= 20ft,0.0,1,1.0,Driver,North,Proceeding Straight,Pedestrian,East,Proceeding Straight,POINT (-122.43279 37.76102),52.0,3.0,5.0,5.0,01
5408,vw_geo_sfpd_cr_switrs_all_types_col_cty_union.fid-c18a0c2_186644fdb18_-4344,33171,24572000.0,12554201.0,150645526,37.7970038965617,-122.395497066211,SFPD-CROSSROADS,CITY STREET,07/24/2015 11:10:00 PM,2015 July 24,23:10:00,2015,July,Friday,THE EMBARCADERO,WASHINGTON ST,110.0,Clear,Injury (Severe),Head-On,Pedestrian,Not in Road,Dry,No Unusual Condition,Dark - Street Lights,Midblock > 20ft,0.0,1,1.0,Pedestrian,North,Proceeding Straight,Bicyclist,South,Proceeding Straight,POINT (-122.3955 37.797005),77.0,6.0,3.0,8.0,23
5409,vw_geo_sfpd_cr_switrs_all_types_col_cty_union.fid-c18a0c2_186644fdb18_-4f3c,12352,25701000.0,,130590032,37.7664057674624,-122.424258113149,SFPD-CROSSROADS,CITY STREET,07/17/2013 11:17:00 PM,2013 July 17,23:17:00,2013,July,Wednesday,15TH ST,GUERRERO ST,0.0,Clear,Injury (Complaint of Pain),Vehicle/Pedestrian,Pedestrian,Crossing Not in Crosswalk,Dry,No Unusual Condition,Dark - Street Lights,Intersection <= 20ft,0.0,1,2.0,Driver,West,Proceeding Straight,Pedestrian,South,Not Stated,POINT (-122.424255 37.766407),37.0,3.0,5.0,20.0,23
5421,vw_geo_sfpd_cr_switrs_all_types_col_cty_union.fid-c18a0c2_186644fdb18_-403d,37722,23067000.000000004,,151059849,37.7268880899475,-122.474233173763,SFPD-CROSSROADS,CITY STREET,12/07/2015 06:02:00 PM,2015 December 07,18:02:00,2015,December,Monday,WINSTON DR,STONECREST DR,0.0,Clear,Injury (Complaint of Pain),Vehicle/Pedestrian,Pedestrian,Crossing Not in Crosswalk,Dry,No Unusual Condition,Dark - Street Lights,Intersection <= 20ft,0.0,1,1.0,Driver,West,Proceeding Straight,Pedestrian,North,Proceeding Straight,POINT (-122.474236 37.726887),41.0,10.0,8.0,41.0,18
5428,vw_geo_sfpd_cr_switrs_all_types_col_cty_union.fid-c18a0c2_186644fdb18_-3d86,7573,21345000.0,2489202.0,160291056,37.7481287808348,-122.420263331891,SFPD-CROSSROADS,CITY STREET,04/08/2016 11:59:00 PM,2016 April 08,23:59:00,2016,April,Friday,CESAR CHAVEZ ST,VALENCIA ST,5.0,Raining,Injury (Complaint of Pain),Vehicle/Pedestrian,Pedestrian,Crossing in Crosswalk at Intersection,Wet,No Unusual Condition,Dark - Street Lights,Intersection <= 20ft,0.0,1,1.0,Driver,East,Making Left Turn,Pedestrian,South,Proceeding Straight,POINT (-122.420265 37.748127),53.0,3.0,2.0,2.0,23
5429,vw_geo_sfpd_cr_switrs_all_types_col_cty_union.fid-c18a0c2_186644fdb18_-4795,725,20872000.0,8672101.0,150011836,37.7181640734828,-122.413518158176,SFPD-CROSSROADS,CITY STREET,01/05/2015 06:58:00 AM,2015 January 05,06:58:00,2015,January,Monday,CARTER ST,GENEVA AVE,80.0,Clear,Injury (Complaint of Pain),Vehicle/Pedestrian,Pedestrian,Crossing Not in Crosswalk,Dry,No Unusual Condition,Dark - No Street Lights,Midblock > 20ft,0.0,1,1.0,Pedestrian,East,Entering Traffic,Driver,South,Proceeding Straight,POINT (-122.41352 37.718163),73.0,9.0,9.0,19.0,06
5437,vw_geo_sfpd_cr_switrs_all_types_col_cty_union.fid-c18a0c2_186644fdb18_-3bf7,31180,26836000.000000004,,160498729,37.7823916423034,-122.447301514459,SFPD-CROSSROADS,CITY STREET,06/19/2016 07:58:00 PM,2016 June 19,19:58:00,2016,June,Sunday,MASONIC AVE,GEARY BLVD,0.0,Clear,Injury (Complaint of Pain),Vehicle/Pedestrian,Pedestrian,Crossing in Crosswalk at Intersection,Dry,No Unusual Condition,Daylight,Intersection <= 20ft,0.0,1,1.0,Driver,South,Making Right Turn,Pedestrian,East,Proceeding Straight,POINT (-122.4473 37.78239),13.0,8.0,6.0,18.0,19
5446,vw_geo_sfpd_cr_switrs_all_types_col_cty_union.fid-c18a0c2_186644fdb18_-4609,992,33723000.0,,150232991,37.7129143734659,-122.432857501209,SFPD-CROSSROADS,CITY STREET,03/15/2015 11:22:00 PM,2015 March 15,23:22:00,2015,March,Sunday,GENEVA AVE,MUNICH ST,0.0,Clear,Injury (Other Visible),Vehicle/Pedestrian,Pedestrian,"In Road, Including Shoulder",Dry,No Unusual Condition,Dark - Street Lights,Intersection <= 20ft,0.0,1,1.0,Pedestrian,North,Stopped In Road,Driver,East,Merging,POINT (-122.43285 37.712914),58.0,9.0,1.0,7.0,23
5448,vw_geo_sfpd_cr_switrs_all_types_col_cty_union.fid-c18a0c2_186644fdb18_-4677,17499,25835000.0,,150186627,37.7680064252401,-122.424411690028,SFPD-CROSSROADS,CITY STREET,03/01/2015 12:55:00 PM,2015 March 01,12:55:00,2015,March,Sunday,GUERRERO ST,14TH ST,0.0,Clear,Injury (Other Visible),Vehicle/Pedestrian,Pedestrian,Crossing Not in Crosswalk,Dry,No Unusual Condition,Daylight,Intersection <= 20ft,0.0,1,1.0,Pedestrian,South,Proceeding Straight,Driver,East,Proceeding Straight,POINT (-122.42441 37.768005),37.0,3.0,5.0,20.0,12
5450,vw_geo_sfpd_cr_switrs_all_types_col_cty_union.fid-c18a0c2_186644fdb18_-4fd0,12936,26313000.0,,130981287,37.7652708585941,-122.441241682571,SFPD-CROSSROADS,CITY STREET,11/19/2013 08:00:00 PM,2013 November 19,20:00:00,2013,November,Tuesday,ROOSEVELT WAY,MUSEUM WAY,0.0,Raining,Injury (Severe),Vehicle/Pedestrian,Pedestrian,Crossing in Crosswalk at Intersection,Wet,No Unusual Condition,Dark - Street Lights,Intersection <= 20ft,0.0,2,1.0,Driver,East,Making Right Turn,Pedestrian,West,Other,POINT (-122.44124 37.76527),113.0,7.0,5.0,5.0,20
5456,vw_geo_sfpd_cr_switrs_all_types_col_cty_union.fid-c18a0c2_186644fdb18_-477f,16472,23944000.0,,150032440,37.7814995083039,-122.404933346348,SFPD-CROSSROADS,CITY STREET,01/11/2015 04:54:00 PM,2015 January 11,16:54:00,2015,January,Sunday,HOWARD ST,05TH ST,0.0,Clear,Injury (Complaint of Pain),Vehicle/Pedestrian,Pedestrian,Crossing in Crosswalk at Intersection,Dry,No Unusual Condition,Daylight,Intersection <= 20ft,0.0,1,1.0,Driver,West,Making Left Turn,Pedestrian,East,Proceeding Straight,POINT (-122.40493 37.781498),32.0,1.0,10.0,34.0,16
5460,vw_geo_sfpd_cr_switrs_all_types_col_cty_union.fid-c18a0c2_186644fdb18_-3f42,30605,26505000.0,10644000.0,160068322,37.7857818114572,-122.428168016976,SFPD-CROSSROADS,CITY STREET,01/24/2016 12:40:00 PM,2016 January 24,12:40:00,2016,January,Sunday,POST ST,LAGUNA ST,6.0,Clear,Injury (Complaint of Pain),Vehicle/Pedestrian,Pedestrian,Crossing in Crosswalk at Intersection,Dry,No Unusual Condition,Daylight,Intersection <= 20ft,0.0,1,1.0,Driver,West,Making Right Turn,Pedestrian,North,Not Stated,POINT (-122.42817 37.78578),101.0,4.0,11.0,15.0,12
5463,vw_geo_sfpd_cr_switrs_all_types_col_cty_union.fid-c18a0c2_186644fdb18_-468d,53581,27764000.000000004,,200570887,37.7512863942,-122.500987489,SFPD-INTERIM DB,CITY STREET,09/22/2020 09:56:00 AM,2020 September 22,09:56:00,2020,September,Tuesday,ORTEGA ST,42ND AVE,0.0,Cloudy,Injury (Complaint of Pain),Vehicle/Pedestrian,Pedestrian,"In Road, Including Shoulder",Dry,No Unusual Condition,Daylight,Intersection <= 20ft,0.0,1,1.0,Driver,West,Proceeding Straight,Pedestrian,East,Stopped,POINT (-122.500984 37.751286),39.0,10.0,7.0,35.0,09
5469,vw_geo_sfpd_cr_switrs_all_types_col_cty_union.fid-c18a0c2_186644fdb18_-3f91,6407,21142000.0,2483201.0,130944489,37.7483660223673,-122.410416013046,SFPD-CROSSROADS,CITY STREET,11/07/2013 09:30:00 AM,2013 November 07,09:30:00,2013,November,Thursday,CESAR CHAVEZ ST,ALABAMA ST,38.0,Clear,Injury (Severe),Vehicle/Pedestrian,Pedestrian,Crossing in Crosswalk at Intersection,Dry,Obstruction on Roadway,Daylight,Midblock > 20ft,0.0,1,1.0,Driver,South,Stopped In Road,Pedestrian,North,Proceeding Straight,POINT (-122.410416 37.748367),53.0,3.0,2.0,20.0,09
5481,vw_geo_sfpd_cr_switrs_all_types_col_cty_union.fid-c18a0c2_186644fdb18_-47c6,33562,24795000.0,,141082214,37.7980169563702,-122.40547307034,SFPD-CROSSROADS,CITY STREET,12/24/2014 08:31:00 PM,2014 December 24,20:31:00,2014,December,Wednesday,BROADWAY,KEARNY ST,0.0,Clear,Injury (Other Visible),Vehicle/Pedestrian,Pedestrian,Crossing in Crosswalk at Intersection,Dry,No Unusual Condition,Dusk - Dawn,Intersection <= 20ft,0.0,1,,Driver,West,Making Left Turn,Pedestrian,South,Proceeding Straight,POINT (-122.40547 37.798016),106.0,6.0,3.0,23.0,20
5492,vw_geo_sfpd_cr_switrs_all_types_col_cty_union.fid-c18a0c2_186644fdb18_-3dbe,20489,25914000.0,9880301.0,160259822,37.7757314503672,-122.424333003083,SFPD-CROSSROADS,CITY STREET,03/29/2016 04:38:00 PM,2016 March 29,16:38:00,2016,March,Tuesday,OCTAVIA ST,FELL ST,9.0,Clear,Injury (Complaint of Pain),Vehicle/Pedestrian,Pedestrian,Crossing in Crosswalk at Intersection,Dry,No Unusual Condition,Daylight,Intersection <= 20ft,0.0,1,1.0,Driver,South,Making Left Turn,Pedestrian,East,Proceeding Straight,POINT (-122.42433 37.77573),22.0,4.0,11.0,9.0,16
5499,vw_geo_sfpd_cr_switrs_all_types_col_cty_union.fid-c18a0c2_186644fdb18_-4e6d,3078,20157000.0,,130086542,37.7318574703788,-122.387166512472,SFPD-CROSSROADS,CITY STREET,01/31/2013 12:25:00 AM,2013 January 31,00:25:00,2013,January,Thursday,KEITH ST,PALOU AVE,0.0,Clear,Injury (Complaint of Pain),Vehicle/Pedestrian,Pedestrian,Crossing in Crosswalk at Intersection,Dry,No Unusual Condition,Dark - Street Lights,Intersection <= 20ft,0.0,1,1.0,Driver,North,Slowing/Stopping,Pedestrian,West,Not Stated,POINT (-122.38717 37.731857),86.0,2.0,9.0,1.0,00
5505,vw_geo_sfpd_cr_switrs_all_types_col_cty_union.fid-c18a0c2_186644fdb18_-3c83,10698,24144000.0,9121000.0,160432335,37.7588788698858,-122.419076185136,SFPD-CROSSROADS,CITY STREET,05/27/2016 12:33:00 AM,2016 May 27,00:33:00,2016,May,Friday,MISSION ST,20TH ST,90.0,Clear,Injury (Severe),Vehicle/Pedestrian,Pedestrian,Crossing Not in Crosswalk,Dry,No Unusual Condition,Dark - Street Lights,Midblock > 20ft,0.0,1,1.0,Pedestrian,East,Proceeding Straight,Driver,South,Proceeding Straight,POINT (-122.419075 37.75888),53.0,3.0,2.0,20.0,00
5510,vw_geo_sfpd_cr_switrs_all_types_col_cty_union.fid-c18a0c2_186644fdb18_-47ee,23909,24590000.0,,141057364,37.7850302847929,-122.400468484027,SFPD-CROSSROADS,CITY STREET,12/16/2014 06:20:00 PM,2014 December 16,18:20:00,2014,December,Tuesday,03RD ST,HOWARD ST,0.0,Raining,Injury (Complaint of Pain),Vehicle/Pedestrian,Pedestrian,Crossing in Crosswalk at Intersection,Wet,No Unusual Condition,Dark - Street Lights,Intersection <= 20ft,0.0,1,1.0,Driver,North,Making Right Turn,Pedestrian,West,Proceeding Straight,POINT (-122.40047 37.78503),32.0,1.0,10.0,8.0,18
5512,vw_geo_sfpd_cr_switrs_all_types_col_cty_union.fid-c18a0c2_186644fdb18_-3f98,30482,26502000.0,,160021784,37.7871304339874,-122.425046952546,SFPD-CROSSROADS,CITY STREET,01/08/2016 07:01:00 PM,2016 January 08,19:01:00,2016,January,Friday,GOUGH ST,SUTTER ST,0.0,Clear,Injury (Complaint of Pain),Vehicle/Pedestrian,Pedestrian,Crossing in Crosswalk at Intersection,Dry,No Unusual Condition,Dark - Street Lights,Intersection <= 20ft,0.0,1,1.0,Driver,South,Making Left Turn,Pedestrian,West,Proceeding Straight,POINT (-122.42505 37.787132),100.0,4.0,11.0,30.0,19
5514,vw_geo_sfpd_cr_switrs_all_types_col_cty_union.fid-c18a0c2_186644fdb18_-4e36,38830,22928000.0,,140043275,37.7408919748173,-122.46582902375,SFPD-CROSSROADS,CITY STREET,01/15/2014 06:40:00 PM,2014 January 15,18:40:00,2014,January,Wednesday,WEST PORTAL AVE,ULLOA ST,0.0,Clear,Injury (Complaint of Pain),Vehicle/Pedestrian,Pedestrian,Crossing Not in Crosswalk,Dry,No Unusual Condition,Dark - Street Lights,Intersection <= 20ft,0.0,1,1.0,Pedestrian,North,Other,Driver,West,Proceeding Straight,POINT (-122.46583 37.74089),46.0,10.0,8.0,41.0,18
5516,vw_geo_sfpd_cr_switrs_all_types_col_cty_union.fid-c18a0c2_186644fdb18_-40c0,3609,20656000.0,2805000.0,150985275,37.7329363742439,-122.404650650711,SFPD-CROSSROADS,CITY STREET,11/12/2015 06:52:00 AM,2015 November 12,06:52:00,2015,November,Thursday,BAY SHORE BLVD,SILVER AVE,5.0,Clear,Injury (Severe),Vehicle/Pedestrian,Pedestrian,Crossing in Crosswalk at Intersection,Dry,No Unusual Condition,Daylight,Intersection <= 20ft,0.0,1,1.0,Driver,South,Making Left Turn,Pedestrian,West,Proceeding Straight,POINT (-122.40465 37.732937),87.0,2.0,9.0,1.0,06
5526,vw_geo_sfpd_cr_switrs_all_types_col_cty_union.fid-c18a0c2_186644fdb18_-3df8,34808,26580000.0,,160237050,37.7967832611132,-122.430370570142,SFPD-CROSSROADS,CITY STREET,03/21/2016 07:24:00 PM,2016 March 21,19:24:00,2016,March,Monday,GREEN ST,LAGUNA ST,0.0,Cloudy,Injury (Complaint of Pain),Vehicle/Pedestrian,Pedestrian,Crossing in Crosswalk at Intersection,Wet,No Unusual Condition,Dark - Street Lights,Intersection <= 20ft,0.0,1,1.0,Driver,West,Making Right Turn,Pedestrian,South,Not Stated,POINT (-122.430374 37.796783),15.0,4.0,6.0,13.0,19
5533,vw_geo_sfpd_cr_switrs_all_types_col_cty_union.fid-c18a0c2_186644fdb18_-3d41,20183,30748000.000000004,,160332064,37.7751470744979,-122.419255606436,SFPD-CROSSROADS,CITY STREET,04/22/2016 08:58:00 PM,2016 April 22,20:58:00,2016,April,Friday,VAN NESS AVE,MARKET ST,0.0,Clear,Injury (Other Visible),Vehicle/Pedestrian,Pedestrian,Crossing in Crosswalk at Intersection,Dry,No Unusual Condition,Dark - Street Lights,Intersection <= 20ft,0.0,1,1.0,Pedestrian,East,Proceeding Straight,Driver,North,Proceeding Straight,POINT (-122.41926 37.775146),32.0,1.0,10.0,20.0,20
5535,vw_geo_sfpd_cr_switrs_all_types_col_cty_union.fid-c18a0c2_186644fdb18_-384a,2548,20126000.0,,160949528,37.7305817185743,-122.381439388718,SFPD-CROSSROADS,CITY STREET,11/21/2016 08:12:00 PM,2016 November 21,20:12:00,2016,November,Monday,INGALLS ST,LA SALLE AVE,0.0,Clear,Injury (Severe),Vehicle/Pedestrian,Pedestrian,Crossing in Crosswalk at Intersection,Dry,No Unusual Condition,Dark - Street Lights,Intersection <= 20ft,0.0,1,1.0,Driver,North,Proceeding Straight,Pedestrian,East,Not Stated,POINT (-122.38144 37.730583),86.0,2.0,9.0,1.0,20
5539,vw_geo_sfpd_cr_switrs_all_types_col_cty_union.fid-c18a0c2_186644fdb18_-4649,4980,21865000.0,11314000.0,140242132,37.7349361305642,-122.428402495697,SFPD-CROSSROADS,CITY STREET,03/21/2014 04:00:00 PM,2014 March 21,16:00:00,2014,March,Friday,SAINT MARYS AVE,SAN JOSE AVE,46.0,Clear,Injury (Complaint of Pain),Rear End,Pedestrian,Crossing Not in Crosswalk,Dry,No Unusual Condition,Daylight,Intersection Rear End <= 150ft,0.0,1,1.0,Driver,West,Backing,Pedestrian,North,Proceeding Straight,POINT (-122.428406 37.734936),93.0,9.0,5.0,28.0,16
5543,vw_geo_sfpd_cr_switrs_all_types_col_cty_union.fid-c18a0c2_186644fdb18_-3c48,10663,24144000.0,1056000.0,160460502,37.7586300581682,-122.419094135211,SFPD-CROSSROADS,CITY STREET,06/06/2016 08:55:00 AM,2016 June 06,08:55:00,2016,June,Monday,20TH ST,MISSION ST,12.0,Clear,Injury (Complaint of Pain),Vehicle/Pedestrian,Pedestrian,Crossing in Crosswalk at Intersection,Dry,No Unusual Condition,Daylight,Intersection <= 20ft,0.0,1,,Driver,West,Making Right Turn,Pedestrian,South,Stopped In Road,POINT (-122.4191 37.75863),53.0,3.0,2.0,20.0,08
5549,vw_geo_sfpd_cr_switrs_all_types_col_cty_union.fid-c18a0c2_186644fdb18_-4751,12729,25815000.0,,150057460,37.7608239951451,-122.436114108811,SFPD-CROSSROADS,CITY STREET,01/19/2015 02:40:00 PM,2015 January 19,14:40:00,2015,January,Monday,COLLINGWOOD ST,18TH ST,0.0,Clear,Injury (Complaint of Pain),Vehicle/Pedestrian,Pedestrian,Crossing in Crosswalk at Intersection,Dry,No Unusual Condition,Daylight,Intersection <= 20ft,0.0,1,1.0,Driver,South,Making Left Turn,Pedestrian,East,Other,POINT (-122.43611 37.760822),38.0,3.0,5.0,5.0,14
5552,vw_geo_sfpd_cr_switrs_all_types_col_cty_union.fid-c18a0c2_186644fdb18_-3e69,2313,22102000.0,,160186736,37.7229665717039,-122.444746624942,SFPD-CROSSROADS,CITY STREET,03/03/2016 08:20:00 PM,2016 March 03,20:20:00,2016,March,Thursday,SAN JOSE AVE,OCEAN AVE,0.0,Clear,Injury (Complaint of Pain),Head-On,Pedestrian,Crossing in Crosswalk at Intersection,Wet,No Unusual Condition,Dark - Street Lights,Intersection <= 20ft,0.0,1,1.0,Driver,South,Making Left Turn,Pedestrian,West,Not Stated,POINT (-122.44475 37.722965),94.0,9.0,1.0,28.0,20
5553,vw_geo_sfpd_cr_switrs_all_types_col_cty_union.fid-c18a0c2_186644fdb18_-47d5,16611,24315000.0,,141070297,37.7792116855019,-122.410936573592,SFPD-CROSSROADS,CITY STREET,12/21/2014 02:19:00 AM,2014 December 21,02:19:00,2014,December,Sunday,MISSION ST,07TH ST,0.0,Raining,Injury (Complaint of Pain),Vehicle/Pedestrian,Pedestrian,Crossing in Crosswalk at Intersection,Wet,No Unusual Condition,Dark - Street Lights,Intersection <= 20ft,0.0,1,1.0,Driver,West,Making Left Turn,Pedestrian,North,Proceeding Straight,POINT (-122.410934 37.779213),32.0,1.0,10.0,34.0,02
5556,vw_geo_sfpd_cr_switrs_all_types_col_cty_union.fid-c18a0c2_186644fdb18_-4b3e,8700,24075000.000000004,,140487435,37.7539677695818,-122.416413488692,SFPD-CROSSROADS,CITY STREET,06/12/2014 08:04:00 AM,2014 June 12,08:04:00,2014,June,Thursday,VAN NESS AVE,23RD ST,0.0,Clear,Injury (Other Visible),Vehicle/Pedestrian,Pedestrian,Crossing in Crosswalk at Intersection,Dry,No Unusual Condition,Daylight,Intersection <= 20ft,0.0,1,1.0,Pedestrian,East,Proceeding Straight,Driver,North,Parking Maneuver,POINT (-122.41641 37.753967),53.0,3.0,2.0,20.0,08
5567,vw_geo_sfpd_cr_switrs_all_types_col_cty_union.fid-c18a0c2_186644fdb18_-4760,41624,27934000.0,,150049138,37.7586063997752,-122.504725452122,SFPD-CROSSROADS,CITY STREET,01/16/2015 06:32:00 PM,2015 January 16,18:32:00,2015,January,Friday,KIRKHAM ST,45TH AVE,0.0,Clear,Injury (Other Visible),Vehicle/Pedestrian,Pedestrian,Crossing Not in Crosswalk,Dry,No Unusual Condition,Dark - Street Lights,Intersection <= 20ft,0.0,1,1.0,Driver,East,Proceeding Straight,Pedestrian,North,Stopped In Road,POINT (-122.50472 37.758606),39.0,10.0,7.0,35.0,18
5571,vw_geo_sfpd_cr_switrs_all_types_col_cty_union.fid-c18a0c2_186644fdb18_-3eb3,35759,26708000.0,,160143203,37.8050779028552,-122.425298564369,SFPD-CROSSROADS,CITY STREET,02/17/2016 07:20:00 PM,2016 February 17,19:20:00,2016,February,Wednesday,NORTH POINT ST,VAN NESS AVE,0.0,Raining,Injury (Other Visible),Vehicle/Pedestrian,Pedestrian,Crossing in Crosswalk at Intersection,Wet,No Unusual Condition,Dark - Street Lights,Intersection <= 20ft,0.0,1,1.0,Driver,East,Making Left Turn,Pedestrian,South,Other,POINT (-122.4253 37.805077),98.0,6.0,6.0,13.0,19
5589,vw_geo_sfpd_cr_switrs_all_types_col_cty_union.fid-c18a0c2_186644fdb18_-3ffd,14934,23811000.0,178000.0,151092203,37.7800983321373,-122.394310808972,SFPD-CROSSROADS,CITY STREET,12/18/2015 06:52:00 PM,2015 December 18,18:52:00,2015,December,Friday,03RD ST,BRANNAN ST,4.0,Raining,Injury (Complaint of Pain),Vehicle/Pedestrian,Pedestrian,Crossing in Crosswalk at Intersection,Wet,No Unusual Condition,Dark - Street Lights,Intersection <= 20ft,0.0,1,,Driver,North,Making Left Turn,Pedestrian,West,Not Stated,POINT (-122.39431 37.780098),31.0,1.0,10.0,8.0,18
5599,vw_geo_sfpd_cr_switrs_all_types_col_cty_union.fid-c18a0c2_186644fdb18_-47f3,40499,27062000.0,,141054605,37.7648100687889,-122.457718188051,SFPD-CROSSROADS,CITY STREET,12/15/2014 06:45:00 PM,2014 December 15,18:45:00,2014,December,Monday,ARGUELLO BLVD,CARL ST,0.0,Raining,Injury (Other Visible),Vehicle/Pedestrian,Pedestrian,Not in Road,Wet,No Unusual Condition,Dark - Street Lights,Intersection <= 20ft,0.0,1,1.0,Driver,East,Proceeding Straight,Pedestrian,South,Proceeding Straight,POINT (-122.45772 37.76481),109.0,7.0,11.0,14.0,18
5606,vw_geo_sfpd_cr_switrs_all_types_col_cty_union.fid-c18a0c2_186644fdb18_-4dc2,18147,25887000.000000004,13520000.0,140098872,37.7704829003743,-122.428432459811,SFPD-CROSSROADS,CITY STREET,02/03/2014 09:11:00 AM,2014 February 03,09:11:00,2014,February,Monday,WEBSTER ST,HERMANN ST,12.0,Clear,Injury (Complaint of Pain),Vehicle/Pedestrian,Pedestrian,Crossing in Crosswalk at Intersection,Dry,No Unusual Condition,Daylight,Intersection <= 20ft,0.0,1,1.0,Driver,North,Making Left Turn,Pedestrian,West,Not Stated,POINT (-122.42843 37.77048),27.0,7.0,11.0,9.0,09
5610,vw_geo_sfpd_cr_switrs_all_types_col_cty_union.fid-c18a0c2_186644fdb18_-3e0d,4481,21772000.0,,160225118,37.7267192199263,-122.435990945294,SFPD-CROSSROADS,CITY STREET,03/17/2016 05:36:00 PM,2016 March 17,17:36:00,2016,March,Thursday,SANTA ROSA AVE,ALEMANY BLVD,0.0,Clear,Injury (Complaint of Pain),Vehicle/Pedestrian,Pedestrian,Crossing in Crosswalk at Intersection,Dry,No Unusual Condition,Daylight,Intersection <= 20ft,0.0,1,1.0,Driver,West,Making Left Turn,Pedestrian,East,Proceeding Straight,POINT (-122.43599 37.72672),94.0,9.0,1.0,28.0,17
5619,vw_geo_sfpd_cr_switrs_all_types_col_cty_union.fid-c18a0c2_186644fdb18_-3f15,25821,24901000.0,,160097547,37.7875680248231,-122.406589883749,SFPD-CROSSROADS,CITY STREET,02/02/2016 06:45:00 PM,2016 February 02,18:45:00,2016,February,Tuesday,GEARY ST,STOCKTON ST,0.0,Clear,Injury (Severe),Hit Object,Pedestrian,Not in Road,Dry,Construction or Repair Zone,Dark - Street Lights,Intersection <= 20ft,0.0,1,,Driver,West,Proceeding Straight,Pedestrian,South,Stopped In Road,POINT (-122.40659 37.787567),19.0,6.0,3.0,8.0,18
5627,vw_geo_sfpd_cr_switrs_all_types_col_cty_union.fid-c18a0c2_186644fdb18_-4dcf,18049,25977000.0,597000.0,140765639,37.7675998051738,-122.431115390978,SFPD-CROSSROADS,CITY STREET,09/11/2014 09:50:00 AM,2014 September 11,09:50:00,2014,September,Thursday,14TH ST,SANCHEZ ST,22.0,Clear,Injury (Complaint of Pain),Vehicle/Pedestrian,Pedestrian,Crossing in Crosswalk at Intersection,Dry,No Unusual Condition,Daylight,Midblock > 20ft,0.0,1,1.0,Driver,East,Making Left Turn,Pedestrian,North,Proceeding Straight,POINT (-122.431114 37.7676),28.0,7.0,5.0,5.0,09
5628,vw_geo_sfpd_cr_switrs_all_types_col_cty_union.fid-c18a0c2_186644fdb18_-4804,25949,24926000.0,12429000.0,141043705,37.7855184211091,-122.411229265364,SFPD-CROSSROADS,CITY STREET,12/12/2014 12:39:00 AM,2014 December 12,00:39:00,2014,December,Friday,TURK ST,TAYLOR ST,6.0,Raining,Injury (Severe),Vehicle/Pedestrian,Pedestrian,Crossing in Crosswalk at Intersection,Wet,No Unusual Condition,Dark - Street Lights,Intersection <= 20ft,0.0,1,1.0,Driver,North,Making Left Turn,Pedestrian,North,Proceeding Straight,POINT (-122.41123 37.78552),20.0,5.0,10.0,36.0,00