,id,unique_id,cnn_intrsctn_fkey,cnn_sgmt_fkey,case_id_pkey,tb_latitude,tb_longitude,geocode_source,geocode_location,collision_datetime,collision_date,collision_time,accident_year,month,day_of_week,primary_rd,secondary_rd,distance,weather_1,collision_severity,type_of_collision,mviw,ped_action,road_surface,road_cond_1,lighting,intersection,number_killed,number_injured,party_at_fault,party1_type,party1_dir_of_travel,party1_move_pre_acc,party2_type,party2_dir_of_travel,party2_move_pre_acc,point,Neighborhoods,Current Police Districts,Current Supervisor Districts,Analysis Neighborhoods,hour
5634,vw_geo_sfpd_cr_switrs_all_types_col_cty_union.fid-c18a0c2_186644fdb18_-4d1b,1104,21550000.0,9194000.0,140197894,37.7095469724555,-122.450488281623,SFPD-CROSSROADS,CITY STREET,03/07/2014 10:31:00 PM,2014 March 07,22:31:00,2014,March,Friday,MISSION ST,OLIVER ST,3.0,Clear,Injury (Complaint of Pain),Vehicle/Pedestrian,Pedestrian,Crossing in Crosswalk at Intersection,Dry,No Unusual Condition,Dark - Street Lights,Intersection <= 20ft,0.0,1,1.0,Driver,South,Proceeding Straight,Pedestrian,West,Not Stated,POINT (-122.450485 37.709545),58.0,9.0,1.0,7.0,22
5635,vw_geo_sfpd_cr_switrs_all_types_col_cty_union.fid-c18a0c2_186644fdb18_-3b40,19319,26342000.0,6618000.0,160589839,37.7701729386654,-122.445637048711,SFPD-CROSSROADS,CITY STREET,07/22/2016 12:40:00 AM,2016 July 22,00:40:00,2016,July,Friday,HAIGHT ST,MASONIC AVE,86.0,Clear,Injury (Severe),Head-On,Pedestrian,Crossing Not in Crosswalk,Dry,No Unusual Condition,Dark - Street Lights,Midblock > 20ft,0.0,1,1.0,Pedestrian,North,Proceeding Straight,Driver,East,Proceeding Straight,POINT (-122.44564 37.770172),25.0,7.0,11.0,3.0,00
5648,vw_geo_sfpd_cr_switrs_all_types_col_cty_union.fid-c18a0c2_186644fdb18_-42b4,24331,24924000.0,,150719789,37.7832143127917,-122.410764828286,SFPD-CROSSROADS,CITY STREET,08/18/2015 02:40:00 AM,2015 August 18,02:40:00,2015,August,Tuesday,TAYLOR ST,TURK ST,0.0,Clear,Injury (Complaint of Pain),Vehicle/Pedestrian,Pedestrian,Crossing in Crosswalk at Intersection,Dry,No Unusual Condition,Dark - Street Lights,Intersection <= 20ft,0.0,1,1.0,Pedestrian,East,Proceeding Straight,Driver,North,Proceeding Straight,POINT (-122.41077 37.783215),20.0,5.0,10.0,36.0,02
5651,vw_geo_sfpd_cr_switrs_all_types_col_cty_union.fid-c18a0c2_186644fdb18_-479c,4871,21940000.0,4773000.0,150007578,37.7335054957247,-122.434157699768,SFPD-CROSSROADS,CITY STREET,01/03/2015 03:19:00 PM,2015 January 03,15:19:00,2015,January,Saturday,BOSWORTH ST,DIAMOND ST,8.0,Clear,Injury (Complaint of Pain),Vehicle/Pedestrian,Pedestrian,Crossing in Crosswalk at Intersection,Dry,No Unusual Condition,Daylight,Intersection <= 20ft,0.0,1,1.0,Driver,West,Making Right Turn,Pedestrian,North,Proceeding Straight,POINT (-122.43416 37.733505),96.0,9.0,5.0,41.0,15
5656,vw_geo_sfpd_cr_switrs_all_types_col_cty_union.fid-c18a0c2_186644fdb18_-4b7a,11831,24168000.0,,140455175,37.7651099551722,-122.418698425482,SFPD-CROSSROADS,CITY STREET,05/31/2014 07:45:00 PM,2014 May 31,19:45:00,2014,May,Saturday,16TH ST,CAPP ST,0.0,Clear,Injury (Severe),Vehicle/Pedestrian,Pedestrian,Crossing in Crosswalk at Intersection,Dry,No Unusual Condition,Daylight,Intersection <= 20ft,0.0,1,1.0,Driver,West,Proceeding Straight,Pedestrian,South,Other,POINT (-122.4187 37.76511),53.0,3.0,2.0,20.0,19
5657,vw_geo_sfpd_cr_switrs_all_types_col_cty_union.fid-c18a0c2_186644fdb18_-4f50,16981,24294000.000000004,328000.0,131053203,37.781324104088,-122.409152371644,SFPD-CROSSROADS,CITY STREET,12/15/2013 12:48:00 PM,2013 December 15,12:48:00,2013,December,Sunday,06TH ST,JESSIE ST,38.0,Clear,Injury (Severe),Sideswipe,Pedestrian,Crossing Not in Crosswalk,Dry,No Unusual Condition,Daylight,Midblock > 20ft,0.0,1,1.0,Pedestrian,East,Entering Traffic,Driver,South,Proceeding Straight,POINT (-122.40915 37.781322),32.0,5.0,10.0,34.0,12
5666,vw_geo_sfpd_cr_switrs_all_types_col_cty_union.fid-c18a0c2_186644fdb18_-46f8,52544,27538000.0,,200032360,37.7802258185,-122.481515723,SFPD-INTERIM DB,CITY STREET,01/13/2020 06:06:00 PM,2020 January 13,18:06:00,2020,January,Monday,GEARY BLVD,22ND AVE,0.0,Clear,Injury (Complaint of Pain),Vehicle/Pedestrian,Pedestrian,Crossing in Crosswalk at Intersection,Dry,No Unusual Condition,Dark - Street Lights,Intersection <= 20ft,0.0,1,,Driver,West,Making Right Turn,Pedestrian,South,Proceeding Straight,POINT (-122.481514 37.780228),8.0,8.0,4.0,29.0,18
5668,vw_geo_sfpd_cr_switrs_all_types_col_cty_union.fid-c18a0c2_186644fdb18_-3afa,33802,25352000.0,4295000.0,160633470,37.7995658187983,-122.4091241089,SFPD-CROSSROADS,CITY STREET,08/06/2016 11:44:00 AM,2016 August 06,11:44:00,2016,August,Saturday,COLUMBUS AVE,GREEN ST,42.0,Clear,Injury (Other Visible),Vehicle/Pedestrian,Pedestrian,"In Road, Including Shoulder",Dry,No Unusual Condition,Daylight,Midblock > 20ft,0.0,1,1.0,Pedestrian,South,Other,Driver,South,Proceeding Straight,POINT (-122.40913 37.799564),106.0,6.0,3.0,6.0,11
5669,vw_geo_sfpd_cr_switrs_all_types_col_cty_union.fid-c18a0c2_186644fdb18_-497d,12792,26165000.000000004,8773201.0,140811884,37.7610857979796,-122.441001259705,SFPD-CROSSROADS,CITY STREET,09/26/2014 10:54:00 AM,2014 September 26,10:54:00,2014,September,Friday,MARKET ST,HATTIE ST,7.0,Clear,Injury (Complaint of Pain),Vehicle/Pedestrian,Pedestrian,Crossing in Crosswalk at Intersection,Dry,No Unusual Condition,Daylight,Intersection <= 20ft,0.0,1,1.0,Driver,West,Proceeding Straight,Pedestrian,South,Proceeding Straight,POINT (-122.441 37.761086),115.0,3.0,5.0,5.0,10
5672,vw_geo_sfpd_cr_switrs_all_types_col_cty_union.fid-c18a0c2_186644fdb18_-3d17,21924,25968000.0,,160352012,37.7786320376331,-122.431763220242,SFPD-CROSSROADS,CITY STREET,04/29/2016 09:16:00 PM,2016 April 29,21:16:00,2016,April,Friday,MCALLISTER ST,FILLMORE ST,0.0,Clear,Injury (Severe),Vehicle/Pedestrian,Pedestrian,Crossing in Crosswalk at Intersection,Dry,No Unusual Condition,Dark - Street Lights,Intersection <= 20ft,0.0,1,1.0,Driver,West,Making Left Turn,Pedestrian,East,Not Stated,POINT (-122.43176 37.778633),97.0,4.0,11.0,39.0,21
5678,vw_geo_sfpd_cr_switrs_all_types_col_cty_union.fid-c18a0c2_186644fdb18_-48f9,38905,22970000.0,12386000.0,140880704,37.7434681961671,-122.467116827286,SFPD-CROSSROADS,CITY STREET,10/18/2014 01:10:00 AM,2014 October 18,01:10:00,2014,October,Saturday,TARAVAL ST,MADRONE AVE,75.0,Clear,Injury (Other Visible),Rear End,Pedestrian,"In Road, Including Shoulder",Dry,No Unusual Condition,Dark - Street Lights,Intersection Rear End <= 150ft,0.0,1,1.0,Pedestrian,West,Proceeding Straight,Driver,West,Proceeding Straight,POINT (-122.46712 37.74347),45.0,10.0,8.0,41.0,01
5679,vw_geo_sfpd_cr_switrs_all_types_col_cty_union.fid-c18a0c2_186644fdb18_-46e9,33963,30710000.0,,150115466,37.8011251327968,-122.411376271076,SFPD-CROSSROADS,CITY STREET,02/06/2015 08:50:00 PM,2015 February 06,20:50:00,2015,February,Friday,COLUMBUS AVE,FILBERT ST,0.0,Raining,Injury (Other Visible),Vehicle/Pedestrian,Pedestrian,Crossing in Crosswalk at Intersection,Wet,No Unusual Condition,Dark - Street Lights,Intersection <= 20ft,0.0,2,,Driver,South,Making Left Turn,Pedestrian,East,Proceeding Straight,POINT (-122.41138 37.801125),107.0,6.0,3.0,6.0,20
5684,vw_geo_sfpd_cr_switrs_all_types_col_cty_union.fid-c18a0c2_186644fdb18_-4e28,21290,24459000.0,6554000.0,140049643,37.7782599035649,-122.419848532497,SFPD-CROSSROADS,CITY STREET,01/17/2014 06:06:00 PM,2014 January 17,18:06:00,2014,January,Friday,GROVE ST,VAN NESS AVE,11.0,Clear,Injury (Complaint of Pain),Broadside,Pedestrian,Crossing in Crosswalk at Intersection,Dry,No Unusual Condition,Dark - Street Lights,Intersection <= 20ft,0.0,1,1.0,Driver,East,Making Left Turn,Pedestrian,South,Proceeding Straight,POINT (-122.419846 37.77826),21.0,4.0,10.0,36.0,18
5687,vw_geo_sfpd_cr_switrs_all_types_col_cty_union.fid-c18a0c2_186644fdb18_-416e,19038,25901000.0,,150895470,37.7732478005473,-122.42899005179,SFPD-CROSSROADS,CITY STREET,10/13/2015 08:48:00 AM,2015 October 13,08:48:00,2015,October,Tuesday,PAGE ST,WEBSTER ST,0.0,Clear,Injury (Complaint of Pain),Vehicle/Pedestrian,Pedestrian,Crossing in Crosswalk at Intersection,Dry,No Unusual Condition,Daylight,Intersection <= 20ft,0.0,1,1.0,Driver,East,Making Left Turn,Pedestrian,North,Other,POINT (-122.42899 37.773247),26.0,4.0,11.0,9.0,08
5690,vw_geo_sfpd_cr_switrs_all_types_col_cty_union.fid-c18a0c2_186644fdb18_-4039,25760,30738000.0,,151064503,37.7876418487555,-122.403430799949,SFPD-CROSSROADS,CITY STREET,12/09/2015 08:27:00 AM,2015 December 09,08:27:00,2015,December,Wednesday,MARKET ST,03RD ST,0.0,Cloudy,Injury (Other Visible),Broadside,Pedestrian,Crossing Not in Crosswalk,Wet,No Unusual Condition,Daylight,Intersection <= 20ft,0.0,1,1.0,Pedestrian,North,Stopped In Road,Driver,East,Stopped In Road,POINT (-122.40343 37.787643),32.0,6.0,3.0,8.0,08
5696,vw_geo_sfpd_cr_switrs_all_types_col_cty_union.fid-c18a0c2_186644fdb18_-37ae,30883,26800000.0,,161028602,37.7815203527819,-122.439113935684,SFPD-CROSSROADS,CITY STREET,12/15/2016 05:00:00 PM,2016 December 15,17:00:00,2016,December,Thursday,ELLIS ST,DIVISADERO ST,0.0,Raining,Injury (Complaint of Pain),Sideswipe,Pedestrian,Crossing in Crosswalk at Intersection,Wet,No Unusual Condition,Dusk - Dawn,Intersection <= 20ft,0.0,1,1.0,Driver,North,Making Right Turn,Pedestrian,West,Proceeding Straight,POINT (-122.43912 37.78152),13.0,4.0,11.0,39.0,17
5706,vw_geo_sfpd_cr_switrs_all_types_col_cty_union.fid-c18a0c2_186644fdb18_-3a01,15868,24311000.0,,160761695,37.7774574201244,-122.41315769137,SFPD-CROSSROADS,CITY STREET,09/19/2016 06:04:00 PM,2016 September 19,18:04:00,2016,September,Monday,08TH ST,MISSION ST,0.0,Clear,Injury (Complaint of Pain),Vehicle/Pedestrian,Pedestrian,Crossing in Crosswalk at Intersection,Dry,No Unusual Condition,Daylight,Intersection <= 20ft,0.0,1,,Driver,East,Making Left Turn,Pedestrian,South,Not Stated,POINT (-122.413155 37.77746),32.0,1.0,10.0,34.0,18
5713,vw_geo_sfpd_cr_switrs_all_types_col_cty_union.fid-c18a0c2_186644fdb18_-4347,9498,23683000.0,,150645009,37.7637357274456,-122.398580416641,SFPD-CROSSROADS,CITY STREET,07/24/2015 07:36:00 PM,2015 July 24,19:36:00,2015,July,Friday,MARIPOSA ST,ARKANSAS ST,0.0,Clear,Injury (Other Visible),Vehicle/Pedestrian,Pedestrian,Crossing in Crosswalk at Intersection,Dry,No Unusual Condition,Dusk - Dawn,Intersection <= 20ft,0.0,2,1.0,Driver,West,Proceeding Straight,Pedestrian,South,Not Stated,POINT (-122.39858 37.763737),54.0,2.0,9.0,26.0,19
5714,vw_geo_sfpd_cr_switrs_all_types_col_cty_union.fid-c18a0c2_186644fdb18_-3870,16351,23946000.0,,160937595,37.7797389057742,-122.407159488403,SFPD-CROSSROADS,CITY STREET,11/17/2016 05:24:00 PM,2016 November 17,17:24:00,2016,November,Thursday,HOWARD ST,06TH ST,0.0,Clear,Injury (Complaint of Pain),Vehicle/Pedestrian,Pedestrian,Crossing in Crosswalk at Intersection,Dry,No Unusual Condition,Dark - Street Lights,Intersection <= 20ft,0.0,1,1.0,Driver,West,Making Left Turn,Pedestrian,East,Proceeding Straight,POINT (-122.40716 37.77974),32.0,1.0,10.0,34.0,17
5719,vw_geo_sfpd_cr_switrs_all_types_col_cty_union.fid-c18a0c2_186644fdb18_-40a4,20865,25939000.0,,150997418,37.7778152462434,-122.423165553354,SFPD-CROSSROADS,CITY STREET,11/16/2015 09:40:00 AM,2015 November 16,09:40:00,2015,November,Monday,GOUGH ST,GROVE ST,0.0,Clear,Injury (Other Visible),Vehicle/Pedestrian,Pedestrian,Crossing in Crosswalk at Intersection,Dry,No Unusual Condition,Daylight,Intersection <= 20ft,0.0,1,1.0,Driver,West,Making Left Turn,Pedestrian,East,Proceeding Straight,POINT (-122.423164 37.777817),21.0,4.0,11.0,9.0,09
5723,vw_geo_sfpd_cr_switrs_all_types_col_cty_union.fid-c18a0c2_186644fdb18_-3d1e,2048,21750000.0,,160349962,37.7216263844607,-122.43864176051,SFPD-CROSSROADS,CITY STREET,04/29/2016 09:30:00 AM,2016 April 29,09:30:00,2016,April,Friday,ALEMANY BLVD,ONONDAGA AVE,0.0,Clear,Injury (Complaint of Pain),Vehicle/Pedestrian,Pedestrian,Crossing in Crosswalk at Intersection,Dry,No Unusual Condition,Daylight,Intersection <= 20ft,0.0,1,1.0,Driver,North,Making Left Turn,Pedestrian,East,Other,POINT (-122.438644 37.721626),80.0,9.0,1.0,28.0,09
5727,vw_geo_sfpd_cr_switrs_all_types_col_cty_union.fid-c18a0c2_186644fdb18_-4548,19046,25901000.0,10173000.0,15063508,37.7732635666584,-122.42886610032,SFPD-CROSSROADS,CITY STREET,01/21/2015 11:40:00 AM,2015 January 21,11:40:00,2015,January,Wednesday,OAK ST,WEBSTER ST,36.0,Clear,Injury (Complaint of Pain),Vehicle/Pedestrian,Pedestrian,"In Road, Including Shoulder",Dry,No Unusual Condition,Daylight,Midblock > 20ft,0.0,1,,Driver,East,Making Left Turn,Pedestrian,North,Other,POINT (-122.42886 37.773262),26.0,4.0,11.0,9.0,11
5728,vw_geo_sfpd_cr_switrs_all_types_col_cty_union.fid-c18a0c2_186644fdb18_-3f49,7638,21897000.000000004,6588101.0,160063899,37.7480501637243,-122.422476782876,SFPD-CROSSROADS,CITY STREET,01/22/2016 10:33:00 PM,2016 January 22,22:33:00,2016,January,Friday,GUERRERO ST,CESAR CHAVEZ ST,14.0,Raining,Injury (Complaint of Pain),Vehicle/Pedestrian,Pedestrian,Crossing in Crosswalk at Intersection,Wet,No Unusual Condition,Dark - Street Lights,Intersection <= 20ft,0.0,1,1.0,Driver,North,Making Right Turn,Pedestrian,West,Other,POINT (-122.42248 37.74805),53.0,3.0,5.0,20.0,22
5740,vw_geo_sfpd_cr_switrs_all_types_col_cty_union.fid-c18a0c2_186644fdb18_-41d6,26882,24557000.000000004,,150769035,37.7918420902338,-122.394940237395,SFPD-CROSSROADS,CITY STREET,09/02/2015 05:20:00 AM,2015 September 02,05:20:00,2015,September,Wednesday,MISSION ST,MAIN ST,0.0,Clear,Injury (Complaint of Pain),Vehicle/Pedestrian,Pedestrian,Crossing in Crosswalk at Intersection,Dry,No Unusual Condition,Dark - Street Lights,Intersection <= 20ft,0.0,1,1.0,Driver,North,Making Left Turn,Pedestrian,North,Other,POINT (-122.39494 37.791843),108.0,1.0,10.0,8.0,05
5742,vw_geo_sfpd_cr_switrs_all_types_col_cty_union.fid-c18a0c2_186644fdb18_-4fc9,40063,27104000.0,,130981538,37.7585381809149,-122.463781527859,SFPD-CROSSROADS,CITY STREET,11/19/2013 06:30:00 PM,2013 November 19,18:30:00,2013,November,Tuesday,07TH AVE,LAWTON ST,0.0,Raining,Injury (Complaint of Pain),Vehicle/Pedestrian,Pedestrian,Crossing in Crosswalk at Intersection,Wet,No Unusual Condition,Dark - Street Lights,Intersection <= 20ft,0.0,1,1.0,Driver,North,Making Left Turn,Pedestrian,East,Proceeding Straight,POINT (-122.46378 37.758537),111.0,7.0,8.0,14.0,18
5743,vw_geo_sfpd_cr_switrs_all_types_col_cty_union.fid-c18a0c2_186644fdb18_-3df3,17214,24324000.0,8238000.0,160240401,37.7811753139524,-122.413726568307,SFPD-CROSSROADS,CITY STREET,03/22/2016 07:50:00 PM,2016 March 22,19:50:00,2016,March,Tuesday,LEAVENWORTH ST,MCALLISTER ST,92.0,Clear,Injury (Complaint of Pain),Vehicle/Pedestrian,Pedestrian,"In Road, Including Shoulder",Dry,No Unusual Condition,Dark - Street Lights,Midblock > 20ft,0.0,1,1.0,Pedestrian,North,Crossed Into Opposing Lane - Unplanned,Driver,North,Proceeding Straight,POINT (-122.41373 37.781174),21.0,5.0,10.0,36.0,19
5746,vw_geo_sfpd_cr_switrs_all_types_col_cty_union.fid-c18a0c2_186644fdb18_-49dd,6130,23633000.0,4352000.0,140757573,37.7499275397238,-122.396290562712,SFPD-CROSSROADS,CITY STREET,09/08/2014 07:00:00 PM,2014 September 08,19:00:00,2014,September,Monday,CONNECTICUT ST,CESAR CHAVEZ ST,66.0,Cloudy,Injury (Complaint of Pain),Vehicle/Pedestrian,Pedestrian,Crossing Not in Crosswalk,Dry,No Unusual Condition,Daylight,Midblock > 20ft,0.0,1,1.0,Pedestrian,East,Other,Driver,North,Proceeding Straight,POINT (-122.39629 37.749928),54.0,2.0,9.0,1.0,19
5751,vw_geo_sfpd_cr_switrs_all_types_col_cty_union.fid-c18a0c2_186644fdb18_-4fb4,38977,23160000.0,,130288629,37.7412342722269,-122.474494224185,SFPD-CROSSROADS,CITY STREET,04/08/2013 10:36:00 PM,2013 April 08,22:36:00,2013,April,Monday,ULLOA ST,18TH AVE,0.0,Clear,Injury (Severe),Vehicle/Pedestrian,Pedestrian,Crossing in Crosswalk at Intersection,Dry,No Unusual Condition,Dark - Street Lights,Intersection <= 20ft,0.0,1,1.0,Driver,East,Proceeding Straight,Pedestrian,North,Proceeding Straight,POINT (-122.474495 37.741234),46.0,10.0,8.0,41.0,22
5755,vw_geo_sfpd_cr_switrs_all_types_col_cty_union.fid-c18a0c2_186644fdb18_-4cb5,24158,24922000.0,,160970062,37.7822305745026,-122.410292026986,SFPD-CROSSROADS,CITY STREET,11/29/2016 08:10:00 AM,2016 November 29,08:10:00,2016,November,Tuesday,MARKET ST,06TH ST,0.0,Clear,Injury (Complaint of Pain),Vehicle/Pedestrian,Pedestrian,Crossing in Crosswalk at Intersection,Dry,No Unusual Condition,Daylight,Intersection <= 20ft,0.0,1,1.0,Pedestrian,East,Proceeding Straight,Driver,South,Proceeding Straight,POINT (-122.41029 37.78223),32.0,5.0,10.0,34.0,08
5763,vw_geo_sfpd_cr_switrs_all_types_col_cty_union.fid-c18a0c2_186644fdb18_-42ba,34194,25463000.0,,150715436,37.8037613013948,-122.41322278599,SFPD-CROSSROADS,CITY STREET,08/16/2015 05:05:00 PM,2015 August 16,17:05:00,2015,August,Sunday,CHESTNUT ST,MASON ST,0.0,Clear,Injury (Other Visible),Vehicle/Pedestrian,Pedestrian,"In Road, Including Shoulder",Dry,No Unusual Condition,Daylight,Intersection <= 20ft,0.0,1,1.0,Pedestrian,North,Entering Traffic,Driver,East,Proceeding Straight,POINT (-122.41322 37.80376),106.0,6.0,3.0,23.0,17
5765,vw_geo_sfpd_cr_switrs_all_types_col_cty_union.fid-c18a0c2_186644fdb18_-40ea,32414,26639000.0,,150959559,37.7898369723958,-122.434027088844,SFPD-CROSSROADS,CITY STREET,11/03/2015 08:05:00 AM,2015 November 03,08:05:00,2015,November,Tuesday,SACRAMENTO ST,FILLMORE ST,0.0,Clear,Injury (Complaint of Pain),Vehicle/Pedestrian,Pedestrian,Crossing in Crosswalk at Intersection,Dry,No Unusual Condition,Daylight,Intersection <= 20ft,0.0,2,1.0,Driver,East,Making Left Turn,Pedestrian,North,Proceeding Straight,POINT (-122.43403 37.789837),102.0,4.0,6.0,30.0,08
5775,vw_geo_sfpd_cr_switrs_all_types_col_cty_union.fid-c18a0c2_186644fdb18_-3e3c,35343,26976000.0,8465101.0,160205922,37.7987774300072,-122.444331346061,SFPD-CROSSROADS,CITY STREET,03/10/2016 08:50:00 PM,2016 March 10,20:50:00,2016,March,Thursday,LOMBARD ST,BRODERICK ST,8.0,Raining,Injury (Other Visible),Vehicle/Pedestrian,Pedestrian,Crossing in Crosswalk at Intersection,Wet,No Unusual Condition,Dark - Street Lights,Intersection <= 20ft,0.0,1,1.0,Driver,West,Making Left Turn,Pedestrian,South,Proceeding Straight,POINT (-122.44433 37.79878),14.0,4.0,6.0,13.0,20
5776,vw_geo_sfpd_cr_switrs_all_types_col_cty_union.fid-c18a0c2_186644fdb18_-378a,27055,24568000.0,,161057598,37.7935086036109,-122.397608332604,SFPD-CROSSROADS,CITY STREET,12/29/2016 07:43:00 PM,2016 December 29,19:43:00,2016,December,Thursday,DAVIS ST,CALIFORNIA ST,0.0,Clear,Injury (Complaint of Pain),Vehicle/Pedestrian,Pedestrian,Crossing in Crosswalk at Intersection,Dry,No Unusual Condition,Dark - Street Lights,Intersection <= 20ft,0.0,1,1.0,Driver,South,Making Right Turn,Pedestrian,East,Proceeding Straight,POINT (-122.397606 37.79351),108.0,6.0,3.0,8.0,19
5777,vw_geo_sfpd_cr_switrs_all_types_col_cty_union.fid-c18a0c2_186644fdb18_-3cfc,29116,25149000.0,,160362942,37.7842357397013,-122.417706750087,SFPD-CROSSROADS,CITY STREET,05/02/2016 09:45:00 AM,2016 May 02,09:45:00,2016,May,Monday,LARKIN ST,ELLIS ST,0.0,Clear,Injury (Complaint of Pain),Vehicle/Pedestrian,Pedestrian,Crossing in Crosswalk at Intersection,Dry,No Unusual Condition,Daylight,Intersection <= 20ft,0.0,1,1.0,Driver,North,Making Right Turn,Pedestrian,West,Proceeding Straight,POINT (-122.41771 37.784237),20.0,5.0,10.0,36.0,09
5783,vw_geo_sfpd_cr_switrs_all_types_col_cty_union.fid-c18a0c2_186644fdb18_-4c91,21640,24468000.0,13148201.0,140286992,37.7811003016072,-122.420401378679,SFPD-CROSSROADS,CITY STREET,04/06/2014 11:04:00 PM,2014 April 06,23:04:00,2014,April,Sunday,VAN NESS AVE,GOLDEN GATE AVE,33.0,Clear,Fatal,Vehicle/Pedestrian,Pedestrian,Crossing Not in Crosswalk,Dry,No Unusual Condition,Dark - Street Lights,Midblock > 20ft,1.0,0,1.0,Pedestrian,East,Proceeding Straight,Driver,North,Proceeding Straight,POINT (-122.4204 37.7811),21.0,4.0,10.0,36.0,23
5785,vw_geo_sfpd_cr_switrs_all_types_col_cty_union.fid-c18a0c2_186644fdb18_-480f,16648,24315000.0,9101000.0,141038182,37.7789101128397,-122.41131840894,SFPD-CROSSROADS,CITY STREET,12/09/2014 09:22:00 PM,2014 December 09,21:22:00,2014,December,Tuesday,MISSION ST,07TH ST,156.0,Clear,Injury (Other Visible),Head-On,Pedestrian,Crossing Not in Crosswalk,Dry,No Unusual Condition,Dark - Street Lights,Midblock > 20ft,0.0,2,,Pedestrian,North,Proceeding Straight,Bicyclist,East,Proceeding Straight,POINT (-122.411316 37.77891),32.0,1.0,10.0,34.0,21
5786,vw_geo_sfpd_cr_switrs_all_types_col_cty_union.fid-c18a0c2_186644fdb18_-4ad0,38634,23367000.0,,140565360,37.7366350872484,-122.494053817788,SFPD-CROSSROADS,CITY STREET,07/08/2014 07:55:00 AM,2014 July 08,07:55:00,2014,July,Tuesday,SUNSET BLVD,WAWONA ST,0.0,Clear,Injury (Other Visible),Vehicle/Pedestrian,Pedestrian,Crossing in Crosswalk at Intersection,Dry,No Unusual Condition,Daylight,Intersection <= 20ft,0.0,1,1.0,Driver,North,Proceeding Straight,Pedestrian,East,Proceeding Straight,POINT (-122.49406 37.736633),40.0,10.0,7.0,35.0,07
5794,vw_geo_sfpd_cr_switrs_all_types_col_cty_union.fid-c18a0c2_186644fdb18_-4fd4,1728,21486000.0,,6072944,37.7164595455178,-122.441019562439,SFPD-CROSSROADS,CITY STREET,11/14/2012 04:44:00 PM,2012 November 14,16:44:00,2012,November,Wednesday,MISSION ST,GENEVA AVE,0.0,Clear,Injury (Complaint of Pain),Vehicle/Pedestrian,Pedestrian,Crossing in Crosswalk at Intersection,Dry,No Unusual Condition,Daylight,Intersection <= 20ft,0.0,2,,Driver,South,Stopped In Road,Pedestrian,East,Proceeding Straight,POINT (-122.44102 37.71646),80.0,9.0,1.0,28.0,16
5801,vw_geo_sfpd_cr_switrs_all_types_col_cty_union.fid-c18a0c2_186644fdb18_-4b07,6640,23952000.0,,140521873,37.7517262093811,-122.406219413136,SFPD-CROSSROADS,CITY STREET,06/23/2014 09:08:00 PM,2014 June 23,21:08:00,2014,June,Monday,POTRERO AVE,25TH ST,0.0,Clear,Injury (Other Visible),Vehicle/Pedestrian,Pedestrian,Crossing in Crosswalk at Intersection,Dry,No Unusual Condition,Daylight,Intersection <= 20ft,0.0,1,1.0,Driver,North,Proceeding Straight,Pedestrian,West,Not Stated,POINT (-122.40622 37.751728),54.0,3.0,2.0,20.0,21
5808,vw_geo_sfpd_cr_switrs_all_types_col_cty_union.fid-c18a0c2_186644fdb18_-3db0,12209,24170000.0,9115000.0,160268895,37.765597787498,-122.419721608116,SFPD-CROSSROADS,CITY STREET,04/01/2016 02:52:00 PM,2016 April 01,14:52:00,2016,April,Friday,MISSION ST,16TH ST,200.0,Clear,Injury (Complaint of Pain),Vehicle/Pedestrian,Pedestrian,Crossing Not in Crosswalk,Dry,No Unusual Condition,Daylight,Midblock > 20ft,0.0,1,1.0,Pedestrian,West,Not Stated,Driver,South,Proceeding Straight,POINT (-122.41972 37.7656),53.0,3.0,2.0,20.0,14
5816,vw_geo_sfpd_cr_switrs_all_types_col_cty_union.fid-c18a0c2_186644fdb18_-4517,8101,22325000.0,,150371339,37.7481832155815,-122.442519008752,SFPD-CROSSROADS,CITY STREET,04/29/2015 07:09:00 AM,2015 April 29,07:09:00,2015,April,Wednesday,CLIPPER ST,GRAND VIEW AVE,0.0,Clear,Injury (Complaint of Pain),Vehicle/Pedestrian,Pedestrian,Crossing in Crosswalk Not at Intersection,Dry,No Unusual Condition,Daylight,Intersection <= 20ft,0.0,1,1.0,Pedestrian,East,Proceeding Straight,Driver,South,Proceeding Straight,POINT (-122.44252 37.748184),51.0,3.0,5.0,22.0,07
5831,vw_geo_sfpd_cr_switrs_all_types_col_cty_union.fid-c18a0c2_186644fdb18_-43f1,14074,24238000.0,,150545829,37.7718637062541,-122.414026707203,SFPD-CROSSROADS,CITY STREET,06/23/2015 08:02:00 AM,2015 June 23,08:02:00,2015,June,Tuesday,11TH ST,FOLSOM ST,0.0,Clear,Injury (Complaint of Pain),Vehicle/Pedestrian,Pedestrian,Crossing in Crosswalk at Intersection,Dry,No Unusual Condition,Daylight,Intersection <= 20ft,0.0,1,1.0,Driver,East,Making Left Turn,Pedestrian,North,Proceeding Straight,POINT (-122.414024 37.771862),32.0,1.0,10.0,34.0,08
5833,vw_geo_sfpd_cr_switrs_all_types_col_cty_union.fid-c18a0c2_186644fdb18_-425a,37840,33717000.0,19003000.0,150771681,37.7300581315578,-122.475942052105,SFPD-CROSSROADS,CITY STREET,03/18/2015 12:23:00 PM,2015 March 18,12:23:00,2015,March,Wednesday,20TH AVE,BUCKINGHAM WAY,22.0,Clear,Injury (Other Visible),Vehicle/Pedestrian,Pedestrian,Crossing in Crosswalk at Intersection,Dry,No Unusual Condition,Daylight,Midblock > 20ft,0.0,1,1.0,Driver,South,Proceeding Straight,Pedestrian,West,Proceeding Straight,POINT (-122.475945 37.730057),41.0,10.0,8.0,16.0,12