,id,unique_id,cnn_intrsctn_fkey,cnn_sgmt_fkey,case_id_pkey,tb_latitude,tb_longitude,geocode_source,geocode_location,collision_datetime,collision_date,collision_time,accident_year,month,day_of_week,primary_rd,secondary_rd,distance,weather_1,collision_severity,type_of_collision,mviw,ped_action,road_surface,road_cond_1,lighting,intersection,number_killed,number_injured,party_at_fault,party1_type,party1_dir_of_travel,party1_move_pre_acc,party2_type,party2_dir_of_travel,party2_move_pre_acc,point,Neighborhoods,Current Police Districts,Current Supervisor Districts,Analysis Neighborhoods,hour
5841,vw_geo_sfpd_cr_switrs_all_types_col_cty_union.fid-c18a0c2_186644fdb18_-439e,19837,26345000.0,,150595404,37.7720803942368,-122.445716665312,SFPD-CROSSROADS,CITY STREET,07/08/2015 06:22:00 PM,2015 July 08,18:22:00,2015,July,Wednesday,MASONIC AVE,OAK ST,0.0,Clear,Injury (Severe),Vehicle/Pedestrian,Pedestrian,Crossing in Crosswalk at Intersection,Dry,No Unusual Condition,Daylight,Intersection <= 20ft,0.0,2,1.0,Pedestrian,West,Other,Pedestrian,West,Other,POINT (-122.44572 37.77208),24.0,7.0,11.0,12.0,18
5862,vw_geo_sfpd_cr_switrs_all_types_col_cty_union.fid-c18a0c2_186644fdb18_-4ec1,1264,21428000.0,9497101.0,131098027,37.7135530720678,-122.436628551686,SFPD-CROSSROADS,CITY STREET,12/31/2013 03:29:00 PM,2013 December 31,15:29:00,2013,December,Tuesday,NAPLES ST,ROLPH ST,5.0,Clear,Fatal,Broadside,Pedestrian,Crossing in Crosswalk at Intersection,Dry,No Unusual Condition,Daylight,Intersection <= 20ft,1.0,0,1.0,Driver,South,Proceeding Straight,Pedestrian,East,Proceeding Straight,POINT (-122.43663 37.713554),58.0,9.0,1.0,7.0,15
5871,vw_geo_sfpd_cr_switrs_all_types_col_cty_union.fid-c18a0c2_186644fdb18_-4822,12808,25827000.0,,141026262,37.7618954741694,-122.437298719871,SFPD-CROSSROADS,CITY STREET,12/05/2014 06:05:00 PM,2014 December 05,18:05:00,2014,December,Friday,DIAMOND ST,MARKET ST,0.0,Clear,Injury (Severe),Vehicle/Pedestrian,Pedestrian,Crossing in Crosswalk at Intersection,Wet,No Unusual Condition,Dark - Street Lights,Intersection <= 20ft,0.0,1,1.0,Driver,North,Making Right Turn,Pedestrian,West,Other,POINT (-122.4373 37.761894),115.0,3.0,5.0,5.0,18
5886,vw_geo_sfpd_cr_switrs_all_types_col_cty_union.fid-c18a0c2_186644fdb18_-3c03,2079,21744000.0,10363000.0,160491701,37.7231015191687,-122.435917202337,SFPD-CROSSROADS,CITY STREET,06/17/2016 09:39:00 AM,2016 June 17,09:39:00,2016,June,Friday,PERSIA AVE,MISSION ST,20.0,Cloudy,Injury (Other Visible),Vehicle/Pedestrian,Pedestrian,Crossing Not in Crosswalk,Dry,No Unusual Condition,Daylight,Intersection <= 20ft,0.0,1,1.0,Pedestrian,South,Proceeding Straight,Driver,East,Proceeding Straight,POINT (-122.43592 37.723103),90.0,9.0,1.0,7.0,09
5893,vw_geo_sfpd_cr_switrs_all_types_col_cty_union.fid-c18a0c2_186644fdb18_-3f2e,7128,21841000.0,1666000.0,160085354,37.74223255621,-122.424295121001,SFPD-CROSSROADS,CITY STREET,01/29/2016 06:34:00 PM,2016 January 29,18:34:00,2016,January,Friday,30TH ST,DOLORES ST,18.0,Raining,Fatal,Vehicle/Pedestrian,Pedestrian,Crossing in Crosswalk at Intersection,Wet,No Unusual Condition,Dark - Street Lights,Intersection <= 20ft,1.0,0,1.0,Pedestrian,North,Not Stated,Driver,West,Making Left Turn,POINT (-122.42429 37.742233),59.0,9.0,5.0,22.0,18
5901,vw_geo_sfpd_cr_switrs_all_types_col_cty_union.fid-c18a0c2_186644fdb18_-4edb,28954,25186000.0,,130846017,37.7828941222,-122.420817003265,SFPD-CROSSROADS,CITY STREET,10/07/2013 12:25:00 AM,2013 October 07,00:25:00,2013,October,Monday,VAN NESS AVE,EDDY ST,0.0,Clear,Injury (Complaint of Pain),Vehicle/Pedestrian,Pedestrian,Crossing in Crosswalk at Intersection,Dry,No Unusual Condition,Dark - Street Lights,Intersection <= 20ft,0.0,1,1.0,Driver,South,Slowing/Stopping,Pedestrian,West,Other,POINT (-122.420815 37.782894),20.0,4.0,10.0,36.0,00
5911,vw_geo_sfpd_cr_switrs_all_types_col_cty_union.fid-c18a0c2_186644fdb18_-3e6d,27632,24724000.0,,160184633,37.7907600957035,-122.404030723642,SFPD-CROSSROADS,CITY STREET,03/03/2016 07:38:00 AM,2016 March 03,07:38:00,2016,March,Thursday,KEARNY ST,BUSH ST,0.0,Cloudy,Injury (Other Visible),Vehicle/Pedestrian,Pedestrian,Crossing in Crosswalk at Intersection,Wet,No Unusual Condition,Daylight,Intersection <= 20ft,0.0,1,1.0,Driver,North,Making Left Turn,Pedestrian,West,Proceeding Straight,POINT (-122.40403 37.79076),19.0,6.0,3.0,8.0,07
5914,vw_geo_sfpd_cr_switrs_all_types_col_cty_union.fid-c18a0c2_186644fdb18_-3bf6,14822,23834000.0,,160499476,37.7795669109024,-122.398059939952,SFPD-CROSSROADS,CITY STREET,06/20/2016 07:00:00 AM,2016 June 20,07:00:00,2016,June,Monday,BRYANT ST,04TH ST,0.0,Clear,Injury (Complaint of Pain),Vehicle/Pedestrian,Pedestrian,Crossing in Crosswalk at Intersection,Dry,No Unusual Condition,Daylight,Intersection <= 20ft,0.0,1,1.0,Driver,East,Making Left Turn,Pedestrian,North,Proceeding Straight,POINT (-122.39806 37.779568),32.0,1.0,10.0,34.0,07
5944,vw_geo_sfpd_cr_switrs_all_types_col_cty_union.fid-c18a0c2_186644fdb18_-4d4f,34231,25525000.000000004,,140169188,37.8043559461322,-122.416051423615,SFPD-CROSSROADS,CITY STREET,02/26/2014 07:00:00 PM,2014 February 26,19:00:00,2014,February,Wednesday,COLUMBUS AVE,FRANCISCO ST,0.0,Raining,Injury (Complaint of Pain),Vehicle/Pedestrian,Pedestrian,Crossing in Crosswalk at Intersection,Wet,No Unusual Condition,Dark - Street Lights,Intersection <= 20ft,0.0,1,1.0,Driver,South,Making Left Turn,Pedestrian,East,Proceeding Straight,POINT (-122.41605 37.804356),106.0,6.0,3.0,23.0,19
5959,vw_geo_sfpd_cr_switrs_all_types_col_cty_union.fid-c18a0c2_186644fdb18_-436b,24463,24933000.0,7115000.0,150623588,37.7822761920585,-122.415631260854,SFPD-CROSSROADS,CITY STREET,07/17/2015 09:29:00 PM,2015 July 17,21:29:00,2015,July,Friday,HYDE ST,TURK ST,114.0,Clear,Injury (Other Visible),Vehicle/Pedestrian,Pedestrian,Crossing Not in Crosswalk,Dry,No Unusual Condition,Dark - Street Lights,Midblock > 20ft,0.0,1,1.0,Pedestrian,West,Other,Pedestrian,West,Other,POINT (-122.415634 37.782276),20.0,5.0,10.0,36.0,21
5977,vw_geo_sfpd_cr_switrs_all_types_col_cty_union.fid-c18a0c2_186644fdb18_-3b88,1928,22091000.0,,160558721,37.7170802290825,-122.445807537988,SFPD-CROSSROADS,CITY STREET,07/11/2016 07:15:00 AM,2016 July 11,07:15:00,2016,July,Monday,CAYUGA AVE,MOUNT VERNON AVE,0.0,Clear,Injury (Complaint of Pain),Vehicle/Pedestrian,Pedestrian,Crossing in Crosswalk at Intersection,Dry,No Unusual Condition,Daylight,Intersection <= 20ft,0.0,1,1.0,Driver,East,Making Right Turn,Pedestrian,South,Proceeding Straight,POINT (-122.44581 37.71708),80.0,9.0,1.0,28.0,07
5980,vw_geo_sfpd_cr_switrs_all_types_col_cty_union.fid-c18a0c2_186644fdb18_-45ac,35230,26720000.0,3973000.0,150283988,37.8016525210593,-122.429677815467,SFPD-CROSSROADS,CITY STREET,03/31/2015 06:31:00 PM,2015 March 31,18:31:00,2015,March,Tuesday,CHESTNUT ST,OCTAVIA ST,3.0,Clear,Injury (Complaint of Pain),Vehicle/Pedestrian,Pedestrian,Crossing in Crosswalk at Intersection,Dry,No Unusual Condition,Daylight,Intersection <= 20ft,0.0,1,1.0,Driver,West,Proceeding Straight,Pedestrian,South,Proceeding Straight,POINT (-122.42968 37.80165),17.0,4.0,6.0,13.0,18
5981,vw_geo_sfpd_cr_switrs_all_types_col_cty_union.fid-c18a0c2_186644fdb18_-4287,12471,25822000.000000004,8767201.0,150748578,37.7635523497363,-122.434048954381,SFPD-CROSSROADS,CITY STREET,08/26/2015 06:56:00 PM,2015 August 26,18:56:00,2015,August,Wednesday,MARKET ST,NOE ST,365.0,Clear,Injury (Complaint of Pain),Vehicle/Pedestrian,Pedestrian,Crossing Not in Crosswalk,Dry,No Unusual Condition,Daylight,Midblock > 20ft,0.0,1,1.0,Pedestrian,South,Proceeding Straight,Driver,West,Backing,POINT (-122.43405 37.763554),28.0,3.0,5.0,5.0,18
5986,vw_geo_sfpd_cr_switrs_all_types_col_cty_union.fid-c18a0c2_186644fdb18_-4d2f,30284,25208000.0,,140184277,37.7877566523916,-122.420116074798,SFPD-CROSSROADS,CITY STREET,03/03/2014 10:15:00 PM,2014 March 03,22:15:00,2014,March,Monday,POLK ST,SUTTER ST,0.0,Raining,Injury (Other Visible),Vehicle/Pedestrian,Pedestrian,Crossing in Crosswalk at Intersection,Wet,No Unusual Condition,Dark - Street Lights,Intersection <= 20ft,0.0,1,1.0,Driver,South,Making Left Turn,Pedestrian,West,Proceeding Straight,POINT (-122.42011 37.787758),50.0,4.0,3.0,21.0,22
5988,vw_geo_sfpd_cr_switrs_all_types_col_cty_union.fid-c18a0c2_186644fdb18_-4d17,23083,24513000.0,,140200390,37.7825535929632,-122.397385537837,SFPD-CROSSROADS,CITY STREET,03/08/2014 07:47:00 PM,2014 March 08,19:47:00,2014,March,Saturday,HARRISON ST,03RD ST,0.0,Clear,Injury (Other Visible),Vehicle/Pedestrian,Pedestrian,Crossing Not in Crosswalk,Dry,No Unusual Condition,Dark - Street Lights,Intersection <= 20ft,0.0,1,1.0,Pedestrian,South,Proceeding Straight,Driver,West,Making Left Turn,POINT (-122.397385 37.782555),32.0,1.0,10.0,8.0,19
5995,vw_geo_sfpd_cr_switrs_all_types_col_cty_union.fid-c18a0c2_186644fdb18_-40e4,16066,23933000.0,11828000.0,150964661,37.7780805397339,-122.40505387466,SFPD-CROSSROADS,CITY STREET,11/04/2015 04:48:00 PM,2015 November 04,16:48:00,2015,November,Wednesday,SHIPLEY ST,06TH ST,6.0,Clear,Injury (Complaint of Pain),Broadside,Pedestrian,Crossing in Crosswalk at Intersection,Dry,No Unusual Condition,Dark - Street Lights,Intersection <= 20ft,0.0,1,1.0,Pedestrian,North,Not Stated,Driver,West,Entering Traffic,POINT (-122.40505 37.77808),32.0,1.0,10.0,34.0,16
5997,vw_geo_sfpd_cr_switrs_all_types_col_cty_union.fid-c18a0c2_186644fdb18_-4c2c,35714,26705000.0,2784000.0,140347124,37.8041478899442,-122.425093449886,SFPD-CROSSROADS,CITY STREET,04/26/2014 06:25:00 PM,2014 April 26,18:25:00,2014,April,Saturday,BAY ST,VAN NESS AVE,5.0,Clear,Injury (Complaint of Pain),Vehicle/Pedestrian,Pedestrian,Crossing in Crosswalk at Intersection,Dry,No Unusual Condition,Daylight,Intersection <= 20ft,0.0,1,1.0,Driver,East,Making Right Turn,Pedestrian,South,Proceeding Straight,POINT (-122.425095 37.80415),98.0,6.0,6.0,32.0,18
5999,vw_geo_sfpd_cr_switrs_all_types_col_cty_union.fid-c18a0c2_186644fdb18_-3b44,22767,26800000.0,4809101.0,160589522,37.7814861122013,-122.439132150486,SFPD-CROSSROADS,CITY STREET,07/21/2016 10:22:00 PM,2016 July 21,22:22:00,2016,July,Thursday,DIVISADERO ST,ELLIS ST,16.0,Clear,Injury (Severe),Broadside,Pedestrian,Crossing Not in Crosswalk,Dry,No Unusual Condition,Dark - Street Lights,Intersection <= 20ft,0.0,1,1.0,Pedestrian,East,Proceeding Straight,Driver,South,Proceeding Straight,POINT (-122.43913 37.781487),13.0,4.0,11.0,39.0,22
6001,vw_geo_sfpd_cr_switrs_all_types_col_cty_union.fid-c18a0c2_186644fdb18_-3b1d,16966,24293000.0,9099000.0,160608019,37.7811555683717,-122.408475190483,SFPD-CROSSROADS,CITY STREET,07/28/2016 12:43:00 PM,2016 July 28,12:43:00,2016,July,Thursday,MISSION ST,06TH ST,95.0,Clear,Injury (Severe),Vehicle/Pedestrian,Pedestrian,Crossing Not in Crosswalk,Dry,No Unusual Condition,Daylight,Midblock > 20ft,0.0,1,1.0,Pedestrian,South,Not Stated,Driver,West,Traveling Wrong Way,POINT (-122.40848 37.781155),32.0,1.0,10.0,34.0,12
6002,vw_geo_sfpd_cr_switrs_all_types_col_cty_union.fid-c18a0c2_186644fdb18_-4aa5,5625,20298000.0,,140595044,37.712179486,-122.402459479,SFPD-CROSSROADS,CITY STREET,07/17/2014 06:08:00 PM,2014 July 17,18:08:00,2014,July,Thursday,SAN BRUNO AVE,BAY SHORE BLVD,0.0,Clear,Injury (Complaint of Pain),Vehicle/Pedestrian,Pedestrian,Crossing in Crosswalk at Intersection,Dry,No Unusual Condition,Daylight,Intersection <= 20ft,0.0,1,1.0,Pedestrian,East,Entering Traffic,Driver,South,Proceeding Straight,POINT (-122.40246 37.71218),75.0,9.0,9.0,40.0,18
6009,vw_geo_sfpd_cr_switrs_all_types_col_cty_union.fid-c18a0c2_186644fdb18_-458c,10449,25630000.0,,150307152,37.7550749827853,-122.424822691728,SFPD-CROSSROADS,CITY STREET,04/08/2015 01:06:00 PM,2015 April 08,13:06:00,2015,April,Wednesday,22ND ST,QUANE ST,0.0,Clear,Injury (Other Visible),Vehicle/Pedestrian,Pedestrian,"In Road, Including Shoulder",Dry,No Unusual Condition,Daylight,Intersection <= 20ft,0.0,1,1.0,Pedestrian,West,Entering Traffic,Driver,West,Proceeding Straight,POINT (-122.42482 37.755074),52.0,3.0,5.0,20.0,13
6013,vw_geo_sfpd_cr_switrs_all_types_col_cty_union.fid-c18a0c2_186644fdb18_-4ecc,7131,21849000.0,,131096247,37.7421405906643,-122.425813590081,SFPD-CROSSROADS,CITY STREET,12/30/2013 07:12:00 PM,2013 December 30,19:12:00,2013,December,Monday,30TH ST,CHENERY ST,0.0,Clear,Injury (Complaint of Pain),Vehicle/Pedestrian,Pedestrian,Crossing in Crosswalk at Intersection,Dry,No Unusual Condition,Dark - Street Lights,Intersection <= 20ft,0.0,1,1.0,Driver,West,Proceeding Straight,Pedestrian,South,Proceeding Straight,POINT (-122.42581 37.74214),59.0,9.0,5.0,10.0,19
6022,vw_geo_sfpd_cr_switrs_all_types_col_cty_union.fid-c18a0c2_186644fdb18_-4e5c,19377,26434000.000000004,12091000.0,140033903,37.7691446571699,-122.453532745118,SFPD-CROSSROADS,CITY STREET,01/12/2014 09:10:00 PM,2014 January 12,21:10:00,2014,January,Sunday,STANYAN ST,HAIGHT ST,8.0,Clear,Injury (Complaint of Pain),Vehicle/Pedestrian,Pedestrian,Crossing in Crosswalk at Intersection,Dry,No Unusual Condition,Dark - Street Lights,Intersection <= 20ft,0.0,1,1.0,Driver,South,Making Left Turn,Pedestrian,East,Proceeding Straight,POINT (-122.45353 37.769146),9.0,7.0,11.0,3.0,21
6025,vw_geo_sfpd_cr_switrs_all_types_col_cty_union.fid-c18a0c2_186644fdb18_-4ca0,16874,24293000.0,9100000.0,140272446,37.7805744500379,-122.409211027468,SFPD-CROSSROADS,CITY STREET,04/01/2014 09:30:00 PM,2014 April 01,21:30:00,2014,April,Tuesday,MISSION ST,06TH ST,205.0,Raining,Injury (Complaint of Pain),Vehicle/Pedestrian,Pedestrian,Crossing Not in Crosswalk,Wet,No Unusual Condition,Dark - Street Lights,Midblock > 20ft,0.0,1,1.0,Pedestrian,South,Proceeding Straight,Driver,West,Proceeding Straight,POINT (-122.40921 37.780575),32.0,1.0,10.0,34.0,21
6047,vw_geo_sfpd_cr_switrs_all_types_col_cty_union.fid-c18a0c2_186644fdb18_-43af,18763,30754000.0,,150584695,37.7729091227551,-122.422186439102,SFPD-CROSSROADS,CITY STREET,07/05/2015 02:11:00 PM,2015 July 05,14:11:00,2015,July,Sunday,MARKET ST,GOUGH ST,0.0,Clear,Injury (Severe),Vehicle/Pedestrian,Pedestrian,Crossing in Crosswalk at Intersection,Dry,No Unusual Condition,Daylight,Intersection <= 20ft,0.0,1,1.0,Driver,East,Making Right Turn,Pedestrian,South,Proceeding Straight,POINT (-122.42219 37.772907),26.0,1.0,11.0,9.0,14
6049,vw_geo_sfpd_cr_switrs_all_types_col_cty_union.fid-c18a0c2_186644fdb18_-48c2,5818,20816000.0,,140911177,37.7430512048885,-122.405242386568,SFPD-CROSSROADS,CITY STREET,10/27/2014 09:00:00 PM,2014 October 27,21:00:00,2014,October,Monday,BAY SHORE BLVD,OAKDALE AVE,0.0,Clear,Injury (Other Visible),Vehicle/Pedestrian,Pedestrian,Crossing in Crosswalk Not at Intersection,Dry,No Unusual Condition,Dark - Street Lights,Intersection <= 20ft,0.0,1,1.0,Driver,South,Proceeding Straight,Pedestrian,West,Not Stated,POINT (-122.40524 37.74305),85.0,2.0,9.0,1.0,21
6050,vw_geo_sfpd_cr_switrs_all_types_col_cty_union.fid-c18a0c2_186644fdb18_-482e,13829,23856000.0,,141018532,37.7730511015404,-122.403205081166,SFPD-CROSSROADS,CITY STREET,12/02/2014 08:05:00 PM,2014 December 02,20:05:00,2014,December,Tuesday,07TH ST,BRANNAN ST,0.0,Raining,Injury (Severe),Vehicle/Pedestrian,Pedestrian,Crossing in Crosswalk at Intersection,Wet,No Unusual Condition,Dark - Street Lights,Intersection <= 20ft,0.0,1,1.0,Driver,North,Making Left Turn,Pedestrian,East,Proceeding Straight,POINT (-122.403206 37.773052),32.0,1.0,10.0,34.0,20
6052,vw_geo_sfpd_cr_switrs_all_types_col_cty_union.fid-c18a0c2_186644fdb18_-4b7e,21698,24476000.0,,140161435,37.7808210481836,-122.42208679258,SFPD-CROSSROADS,CITY STREET,02/24/2014 08:58:00 AM,2014 February 24,08:58:00,2014,February,Monday,FRANKLIN ST,GOLDEN GATE AVE,0.0,Clear,Injury (Complaint of Pain),Vehicle/Pedestrian,Pedestrian,Crossing in Crosswalk at Intersection,Dry,No Unusual Condition,Daylight,Intersection <= 20ft,0.0,1,1.0,Driver,North,Making Left Turn,Pedestrian,East,Proceeding Straight,POINT (-122.42209 37.780823),100.0,4.0,11.0,39.0,08
6061,vw_geo_sfpd_cr_switrs_all_types_col_cty_union.fid-c18a0c2_186644fdb18_-4210,9524,23753000.000000004,,150813187,37.7648392366241,-122.401598998541,SFPD-CROSSROADS,CITY STREET,09/16/2015 01:27:00 PM,2015 September 16,13:27:00,2015,September,Wednesday,17TH ST,DE HARO ST,0.0,Cloudy,Injury (Complaint of Pain),Vehicle/Pedestrian,Pedestrian,Crossing in Crosswalk at Intersection,Dry,No Unusual Condition,Daylight,Intersection <= 20ft,0.0,1,1.0,Driver,East,Proceeding Straight,Pedestrian,North,Proceeding Straight,POINT (-122.401596 37.76484),54.0,1.0,9.0,4.0,13
6066,vw_geo_sfpd_cr_switrs_all_types_col_cty_union.fid-c18a0c2_186644fdb18_-4e3c,36510,33434000.0,3239201.0,140037228,37.7119251683956,-122.463734634301,SFPD-CROSSROADS,CITY STREET,01/13/2014 08:54:00 PM,2014 January 13,20:54:00,2014,January,Monday,BROTHERHOOD WAY,SAGAMORE ST,215.0,Clear,Injury (Severe),Vehicle/Pedestrian,Pedestrian,Crossing in Crosswalk Not at Intersection,Dry,No Unusual Condition,Dark - Street Lights,Midblock > 20ft,0.0,1,1.0,Driver,North,Proceeding Straight,Pedestrian,East,Proceeding Straight,POINT (-122.46374 37.711926),65.0,10.0,8.0,24.0,20
6079,vw_geo_sfpd_cr_switrs_all_types_col_cty_union.fid-c18a0c2_186644fdb18_-3939,37789,23069000.0,13685101.0,160842132,37.7269865590782,-122.474909309656,SFPD-CROSSROADS,CITY STREET,10/15/2016 10:50:00 PM,2016 October 15,22:50:00,2016,October,Saturday,WINSTON DR,19TH AVE,3.0,Clear,Injury (Complaint of Pain),Vehicle/Pedestrian,Pedestrian,Crossing in Crosswalk at Intersection,Wet,No Unusual Condition,Dark - Street Lights,Intersection <= 20ft,0.0,1,1.0,Driver,South,Proceeding Straight,Pedestrian,East,Other,POINT (-122.47491 37.726986),41.0,10.0,8.0,16.0,22
6084,vw_geo_sfpd_cr_switrs_all_types_col_cty_union.fid-c18a0c2_186644fdb18_-4294,26361,24918000.0,,150738955,37.7882931940268,-122.408401551217,SFPD-CROSSROADS,CITY STREET,08/23/2015 11:08:00 PM,2015 August 23,23:08:00,2015,August,Sunday,POST ST,POWELL ST,0.0,Clear,Injury (Complaint of Pain),Vehicle/Pedestrian,Pedestrian,Crossing in Crosswalk at Intersection,Dry,No Unusual Condition,Dark - Street Lights,Intersection <= 20ft,0.0,1,1.0,Driver,North,Making Left Turn,Pedestrian,East,Proceeding Straight,POINT (-122.4084 37.788292),19.0,6.0,3.0,8.0,23
6092,vw_geo_sfpd_cr_switrs_all_types_col_cty_union.fid-c18a0c2_186644fdb18_-39e2,4201,21765000.0,,160773305,37.7287295485047,-122.43129384332,SFPD-CROSSROADS,CITY STREET,09/23/2016 03:54:00 PM,2016 September 23,15:54:00,2016,September,Friday,MISSION ST,SILVER AVE,0.0,Clear,Injury (Other Visible),Vehicle/Pedestrian,Pedestrian,Crossing in Crosswalk at Intersection,Dry,No Unusual Condition,Daylight,Intersection <= 20ft,0.0,1,1.0,Driver,South,Making Left Turn,Pedestrian,East,Proceeding Straight,POINT (-122.4313 37.72873),94.0,9.0,1.0,28.0,15
6094,vw_geo_sfpd_cr_switrs_all_types_col_cty_union.fid-c18a0c2_186644fdb18_-470e,33919,25364000.0,,150088415,37.8003154992467,-122.410206544202,SFPD-CROSSROADS,CITY STREET,01/29/2015 12:05:00 PM,2015 January 29,12:05:00,2015,January,Thursday,COLUMBUS AVE,UNION ST,0.0,Clear,Injury (Complaint of Pain),Vehicle/Pedestrian,Pedestrian,Crossing in Crosswalk at Intersection,Dry,No Unusual Condition,Daylight,Intersection <= 20ft,0.0,1,1.0,Driver,South,Making Left Turn,Pedestrian,East,Proceeding Straight,POINT (-122.41021 37.800316),106.0,6.0,3.0,6.0,12
6096,vw_geo_sfpd_cr_switrs_all_types_col_cty_union.fid-c18a0c2_186644fdb18_-40ca,15116,50077999.99999999,,150976973,37.7748351018734,-122.40544379155,SFPD-CROSSROADS,CITY STREET,11/09/2015 10:58:00 AM,2015 November 09,10:58:00,2015,November,Monday,07TH ST,I-80 E OFF RAMP,0.0,Raining,Injury (Complaint of Pain),Vehicle/Pedestrian,Pedestrian,Crossing in Crosswalk Not at Intersection,Wet,No Unusual Condition,Daylight,Intersection <= 20ft,0.0,1,,Driver,North,Making Left Turn,Pedestrian,South,Proceeding Straight,POINT (-122.40544 37.774834),32.0,1.0,10.0,34.0,10
6112,vw_geo_sfpd_cr_switrs_all_types_col_cty_union.fid-c18a0c2_186644fdb18_-3e4d,30689,26600000.0,13540101.0,160196939,37.7862976762307,-122.43155827763,SFPD-CROSSROADS,CITY STREET,03/07/2016 03:40:00 PM,2016 March 07,15:40:00,2016,March,Monday,WEBSTER ST,SUTTER ST,4.0,Clear,Injury (Other Visible),Vehicle/Pedestrian,Pedestrian,Crossing in Crosswalk at Intersection,Dry,No Unusual Condition,Daylight,Intersection <= 20ft,0.0,1,1.0,Driver,South,Making Left Turn,Pedestrian,East,Proceeding Straight,POINT (-122.43156 37.786297),101.0,4.0,11.0,15.0,15
6117,vw_geo_sfpd_cr_switrs_all_types_col_cty_union.fid-c18a0c2_186644fdb18_-3e63,15405,24263000.0,,160189768,37.7771792985908,-122.407293680536,SFPD-CROSSROADS,CITY STREET,03/04/2016 09:33:00 PM,2016 March 04,21:33:00,2016,March,Friday,FOLSOM ST,MOSS ST,0.0,Clear,Injury (Complaint of Pain),Vehicle/Pedestrian,Pedestrian,Crossing Not in Crosswalk,Dry,No Unusual Condition,Dark - Street Lights,Intersection <= 20ft,0.0,1,1.0,Pedestrian,North,Other,Driver,East,Making Left Turn,POINT (-122.407295 37.77718),32.0,1.0,10.0,34.0,21
6120,vw_geo_sfpd_cr_switrs_all_types_col_cty_union.fid-c18a0c2_186644fdb18_-4246,26773,24545000.0,,15077928,37.7908269488135,-122.390012346546,SFPD-CROSSROADS,CITY STREET,09/05/2015 10:01:00 AM,2015 September 05,10:01:00,2015,September,Saturday,THE EMBARCADERO,FOLSOM ST,0.0,Clear,Injury (Severe),Vehicle/Pedestrian,Pedestrian,Crossing in Crosswalk at Intersection,Dry,No Unusual Condition,Daylight,Intersection <= 20ft,0.0,1,1.0,Driver,North,Making Left Turn,Pedestrian,West,Proceeding Straight,POINT (-122.390015 37.79083),108.0,1.0,10.0,8.0,10
6126,vw_geo_sfpd_cr_switrs_all_types_col_cty_union.fid-c18a0c2_186644fdb18_-433a,29683,26587000.0,,150651448,37.7845682408087,-122.431204945141,SFPD-CROSSROADS,CITY STREET,07/26/2015 09:20:00 PM,2015 July 26,21:20:00,2015,July,Sunday,GEARY BLVD,WEBSTER ST,0.0,Clear,Injury (Complaint of Pain),Vehicle/Pedestrian,Pedestrian,Crossing Not in Crosswalk,Dry,No Unusual Condition,Dark - Street Lights,Intersection <= 20ft,0.0,1,1.0,Pedestrian,North,Proceeding Straight,Driver,West,Making Left Turn,POINT (-122.431206 37.78457),101.0,4.0,11.0,15.0,21
6131,vw_geo_sfpd_cr_switrs_all_types_col_cty_union.fid-c18a0c2_186644fdb18_-441b,6170,20807000.000000004,,150522695,37.7459538561808,-122.402026702617,SFPD-CROSSROADS,CITY STREET,06/15/2015 11:56:00 AM,2015 June 15,11:56:00,2015,June,Monday,JERROLD AVE,NAPOLEON ST,0.0,Clear,Injury (Other Visible),Vehicle/Pedestrian,Pedestrian,Crossing Not in Crosswalk,Dry,No Unusual Condition,Daylight,Intersection <= 20ft,0.0,1,,Driver,South,Proceeding Straight,Pedestrian,East,Other,POINT (-122.40202 37.745953),85.0,2.0,9.0,1.0,11
6134,vw_geo_sfpd_cr_switrs_all_types_col_cty_union.fid-c18a0c2_186644fdb18_-4cb1,39819,23475000.0,1964000.0,140259648,37.7440826812155,-122.501557121664,SFPD-CROSSROADS,CITY STREET,03/28/2014 09:41:00 AM,2014 March 28,09:41:00,2014,March,Friday,43RD AVE,SANTIAGO ST,109.0,Clear,Injury (Other Visible),Vehicle/Pedestrian,Pedestrian,Not in Road,Dry,No Unusual Condition,Daylight,Midblock > 20ft,0.0,1,1.0,Driver,East,Backing,Pedestrian,South,Proceeding Straight,POINT (-122.50156 37.744083),39.0,10.0,7.0,35.0,09
6137,vw_geo_sfpd_cr_switrs_all_types_col_cty_union.fid-c18a0c2_186644fdb18_-3825,20824,25918000.0,6815000.0,160982045,37.7768878575252,-122.422943750868,SFPD-CROSSROADS,CITY STREET,12/03/2016 11:10:00 AM,2016 December 03,11:10:00,2016,December,Saturday,HAYES ST,GOUGH ST,10.0,Clear,Injury (Complaint of Pain),Vehicle/Pedestrian,Pedestrian,Crossing in Crosswalk at Intersection,Dry,No Unusual Condition,Daylight,Intersection <= 20ft,0.0,1,1.0,Driver,East,Making Left Turn,Pedestrian,North,Proceeding Straight,POINT (-122.42294 37.776886),21.0,4.0,11.0,9.0,11