,id,unique_id,cnn_intrsctn_fkey,cnn_sgmt_fkey,case_id_pkey,tb_latitude,tb_longitude,geocode_source,geocode_location,collision_datetime,collision_date,collision_time,accident_year,month,day_of_week,primary_rd,secondary_rd,distance,weather_1,collision_severity,type_of_collision,mviw,ped_action,road_surface,road_cond_1,lighting,intersection,number_killed,number_injured,party_at_fault,party1_type,party1_dir_of_travel,party1_move_pre_acc,party2_type,party2_dir_of_travel,party2_move_pre_acc,point,Neighborhoods,Current Police Districts,Current Supervisor Districts,Analysis Neighborhoods,hour
6139,vw_geo_sfpd_cr_switrs_all_types_col_cty_union.fid-c18a0c2_186644fdb18_-42a7,26581,23606000.0,,140279000,37.7888377793697,-122.389428941973,SFPD-CROSSROADS,CITY STREET,04/04/2014 09:48:00 AM,2014 April 04,09:48:00,2014,April,Friday,SPEAR ST,HARRISON ST,0.0,Clear,Injury (Complaint of Pain),Vehicle/Pedestrian,Pedestrian,Crossing in Crosswalk at Intersection,Dry,No Unusual Condition,Daylight,Intersection <= 20ft,0.0,1,1.0,Driver,South,Making Left Turn,Pedestrian,South,Proceeding Straight,POINT (-122.38943 37.788837),30.0,1.0,10.0,8.0,09
6141,vw_geo_sfpd_cr_switrs_all_types_col_cty_union.fid-c18a0c2_186644fdb18_-395f,27389,24969000.0,3432000.0,160827071,37.790459150231,-122.40641374529,SFPD-CROSSROADS,CITY STREET,10/10/2016 07:59:00 PM,2016 October 10,19:59:00,2016,October,Monday,BUSH ST,STOCKTON ST,210.0,Clear,Injury (Complaint of Pain),Vehicle/Pedestrian,Pedestrian,Crossing Not in Crosswalk,Dry,No Unusual Condition,Dark - Street Lights,Midblock > 20ft,0.0,1,1.0,Pedestrian,South,Proceeding Straight,Driver,East,Proceeding Straight,POINT (-122.40641 37.79046),104.0,6.0,3.0,8.0,19
6144,vw_geo_sfpd_cr_switrs_all_types_col_cty_union.fid-c18a0c2_186644fdb18_-3c31,25246,24613000.0,,160467382,37.7862481515276,-122.402025419823,SFPD-CROSSROADS,CITY STREET,06/08/2016 03:04:00 PM,2016 June 08,15:04:00,2016,June,Wednesday,03RD ST,MISSION ST,0.0,Clear,Injury (Complaint of Pain),Vehicle/Pedestrian,Pedestrian,Crossing in Crosswalk at Intersection,Dry,No Unusual Condition,Daylight,Intersection <= 20ft,0.0,1,,Driver,East,Making Right Turn,Pedestrian,North,Proceeding Straight,POINT (-122.40202 37.786247),32.0,1.0,10.0,8.0,15
6147,vw_geo_sfpd_cr_switrs_all_types_col_cty_union.fid-c18a0c2_186644fdb18_-3959,13439,24190000.0,,160828756,37.7692440101305,-122.408007203383,SFPD-CROSSROADS,CITY STREET,10/11/2016 01:01:00 PM,2016 October 11,13:01:00,2016,October,Tuesday,10TH ST,DIVISION ST,0.0,Clear,Injury (Complaint of Pain),Vehicle/Pedestrian,Pedestrian,Crossing in Crosswalk at Intersection,Dry,No Unusual Condition,Daylight,Intersection <= 20ft,0.0,1,1.0,Driver,South,Proceeding Straight,Pedestrian,East,Not Stated,POINT (-122.408005 37.769245),33.0,3.0,10.0,20.0,13
6150,vw_geo_sfpd_cr_switrs_all_types_col_cty_union.fid-c18a0c2_186644fdb18_-4862,2943,33647000.0,2580000.0,140984265,37.7276292484821,-122.403611684405,SFPD-CROSSROADS,CITY STREET,11/20/2014 06:35:00 PM,2014 November 20,18:35:00,2014,November,Thursday,BACON ST,SAN BRUNO AVE,6.0,Raining,Injury (Complaint of Pain),Vehicle/Pedestrian,Pedestrian,Crossing in Crosswalk at Intersection,Wet,No Unusual Condition,Dark - Street Lights,Intersection <= 20ft,0.0,1,1.0,Driver,West,Making Left Turn,Pedestrian,North,Proceeding Straight,POINT (-122.40361 37.72763),91.0,2.0,2.0,25.0,18
6152,vw_geo_sfpd_cr_switrs_all_types_col_cty_union.fid-c18a0c2_186644fdb18_-3d7e,25040,25138000.0,,160293682,37.7835156410232,-122.415882538545,SFPD-CROSSROADS,CITY STREET,04/09/2016 10:41:00 PM,2016 April 09,22:41:00,2016,April,Saturday,HYDE ST,EDDY ST,0.0,Raining,Injury (Other Visible),Vehicle/Pedestrian,Pedestrian,Crossing Not in Crosswalk,Wet,No Unusual Condition,Dark - Street Lights,Intersection <= 20ft,0.0,1,1.0,Driver,South,Making Right Turn,Pedestrian,East,Proceeding Straight,POINT (-122.415886 37.783516),20.0,5.0,10.0,36.0,22
6157,vw_geo_sfpd_cr_switrs_all_types_col_cty_union.fid-c18a0c2_186644fdb18_-380f,32475,25303000.0,,160987857,37.7932578676262,-122.421229981259,SFPD-CROSSROADS,CITY STREET,12/05/2016 01:55:00 PM,2016 December 05,13:55:00,2016,December,Monday,POLK ST,WASHINGTON ST,0.0,Cloudy,Injury (Other Visible),Vehicle/Pedestrian,Pedestrian,Crossing in Crosswalk at Intersection,Dry,No Unusual Condition,Daylight,Intersection <= 20ft,0.0,1,1.0,Pedestrian,West,Entering Traffic,Driver,North,Making Left Turn,POINT (-122.42123 37.79326),105.0,4.0,3.0,32.0,13
6159,vw_geo_sfpd_cr_switrs_all_types_col_cty_union.fid-c18a0c2_186644fdb18_-4f1f,22494,26379000.0,,130478284,37.7758015922906,-122.446470829739,SFPD-CROSSROADS,CITY STREET,06/10/2013 06:00:00 PM,2013 June 10,18:00:00,2013,June,Monday,FULTON ST,MASONIC AVE,0.0,Clear,Injury (Other Visible),Head-On,Pedestrian,Crossing in Crosswalk at Intersection,Dry,No Unusual Condition,Daylight,Intersection <= 20ft,0.0,1,1.0,Driver,North,Making Right Turn,Pedestrian,East,Proceeding Straight,POINT (-122.44647 37.775803),97.0,7.0,11.0,18.0,18
6162,vw_geo_sfpd_cr_switrs_all_types_col_cty_union.fid-c18a0c2_186644fdb18_-3efd,16990,24294000.000000004,,160110070,37.7813981342936,-122.409245442968,SFPD-CROSSROADS,CITY STREET,02/06/2016 04:20:00 PM,2016 February 06,16:20:00,2016,February,Saturday,06TH ST,JESSIE ST,0.0,Clear,Injury (Complaint of Pain),Vehicle/Pedestrian,Pedestrian,Crossing Not in Crosswalk,Dry,No Unusual Condition,Daylight,Intersection <= 20ft,0.0,1,1.0,Driver,South,Backing,Pedestrian,West,Other,POINT (-122.40925 37.7814),32.0,5.0,10.0,34.0,16
6172,vw_geo_sfpd_cr_switrs_all_types_col_cty_union.fid-c18a0c2_186644fdb18_-4568,12949,26401000.0,,150329758,37.7651387344408,-122.447634628631,SFPD-CROSSROADS,CITY STREET,04/15/2015 06:30:00 PM,2015 April 15,18:30:00,2015,April,Wednesday,CLAYTON ST,PARNASSUS AVE,0.0,Clear,Injury (Other Visible),Vehicle/Pedestrian,Pedestrian,Not in Road,Dry,No Unusual Condition,Daylight,Intersection <= 20ft,0.0,1,1.0,Driver,North,Stopped In Road,Pedestrian,North,Proceeding Straight,POINT (-122.44763 37.76514),114.0,7.0,11.0,3.0,18
6189,vw_geo_sfpd_cr_switrs_all_types_col_cty_union.fid-c18a0c2_186644fdb18_-3ae7,34532,25484000.0,,160642277,37.80862484942,-122.412523835614,SFPD-CROSSROADS,CITY STREET,08/09/2016 04:50:00 PM,2016 August 09,16:50:00,2016,August,Tuesday,THE EMBARCADERO,POWELL ST,0.0,Clear,Injury (Complaint of Pain),Vehicle/Pedestrian,Pedestrian,Not in Road,Dry,No Unusual Condition,Daylight,Intersection <= 20ft,0.0,1,1.0,Driver,North,Proceeding Straight,Pedestrian,West,Stopped In Road,POINT (-122.41252 37.808624),99.0,6.0,3.0,23.0,16
6191,vw_geo_sfpd_cr_switrs_all_types_col_cty_union.fid-c18a0c2_186644fdb18_-4d34,29277,25179000.0,,140178537,37.7849602593393,-122.41954785355,SFPD-CROSSROADS,CITY STREET,03/01/2014 09:34:00 PM,2014 March 01,21:34:00,2014,March,Saturday,OFARRELL ST,POLK ST,0.0,Clear,Injury (Complaint of Pain),Vehicle/Pedestrian,Pedestrian,Crossing in Crosswalk at Intersection,Dry,No Unusual Condition,Daylight,Intersection <= 20ft,0.0,1,1.0,Pedestrian,North,Proceeding Straight,Driver,South,Making Right Turn,POINT (-122.41955 37.78496),20.0,4.0,10.0,36.0,21
6193,vw_geo_sfpd_cr_switrs_all_types_col_cty_union.fid-c18a0c2_186644fdb18_-488a,11601,25813000.0,3790000.0,140948415,37.7617259360243,-122.43507762527,SFPD-CROSSROADS,CITY STREET,11/08/2014 11:22:00 PM,2014 November 08,23:22:00,2014,November,Saturday,CASTRO ST,18TH ST,306.0,Clear,Injury (Other Visible),Vehicle/Pedestrian,Pedestrian,Crossing Not in Crosswalk,Dry,No Unusual Condition,Dark - Street Lights,Midblock > 20ft,0.0,1,1.0,Pedestrian,East,Entering Traffic,Driver,South,Proceeding Straight,POINT (-122.435074 37.761726),38.0,3.0,5.0,5.0,23
6202,vw_geo_sfpd_cr_switrs_all_types_col_cty_union.fid-c18a0c2_186644fdb18_-3e52,7564,21345000.0,,160194541,37.7481252837144,-122.420278830663,SFPD-CROSSROADS,CITY STREET,03/06/2016 06:45:00 PM,2016 March 06,18:45:00,2016,March,Sunday,CESAR CHAVEZ ST,VALENCIA ST,0.0,Raining,Injury (Other Visible),Vehicle/Pedestrian,Pedestrian,Crossing in Crosswalk at Intersection,Wet,No Unusual Condition,Dark - Street Lights,Intersection <= 20ft,0.0,2,1.0,Driver,West,Making Left Turn,Pedestrian,North,Proceeding Straight,POINT (-122.42028 37.748127),53.0,3.0,5.0,20.0,18
6206,vw_geo_sfpd_cr_switrs_all_types_col_cty_union.fid-c18a0c2_186644fdb18_-4099,3558,20770000.0,11373000.0,151003363,37.7323088817456,-122.405551211719,SFPD-CROSSROADS,CITY STREET,11/18/2015 07:51:00 AM,2015 November 18,07:51:00,2015,November,Wednesday,SAN BRUNO AVE,SILVER AVE,50.0,Clear,Injury (Complaint of Pain),Vehicle/Pedestrian,Pedestrian,Crossing Not in Crosswalk,Dry,No Unusual Condition,Daylight,Midblock > 20ft,0.0,1,1.0,Pedestrian,West,Entering Traffic,Driver,South,Proceeding Straight,POINT (-122.40555 37.732307),91.0,2.0,2.0,25.0,07
6209,vw_geo_sfpd_cr_switrs_all_types_col_cty_union.fid-c18a0c2_186644fdb18_-3fef,15863,24311000.0,,151100351,37.7774574201244,-122.41315769137,SFPD-CROSSROADS,CITY STREET,12/21/2015 06:46:00 PM,2015 December 21,18:46:00,2015,December,Monday,08TH ST,MISSION ST,0.0,Raining,Injury (Complaint of Pain),Vehicle/Pedestrian,Pedestrian,Crossing in Crosswalk at Intersection,Wet,No Unusual Condition,Dark - Street Lights Not Functioning,Intersection <= 20ft,0.0,1,1.0,Pedestrian,North,Not Stated,Driver,West,Not Stated,POINT (-122.413155 37.77746),32.0,1.0,10.0,34.0,18
6210,vw_geo_sfpd_cr_switrs_all_types_col_cty_union.fid-c18a0c2_186644fdb18_-4b87,40809,27176000.0,8351201.0,140449548,37.7657691554353,-122.470821625003,SFPD-CROSSROADS,CITY STREET,05/29/2014 06:06:00 PM,2014 May 29,18:06:00,2014,May,Thursday,LINCOLN WAY,FUNSTON AVE,32.0,Clear,Injury (Other Visible),Vehicle/Pedestrian,Pedestrian,Crossing Not in Crosswalk,Dry,No Unusual Condition,Daylight,Midblock > 20ft,0.0,1,1.0,Pedestrian,South,Proceeding Straight,Driver,West,Making Left Turn,POINT (-122.470825 37.76577),9.0,10.0,11.0,14.0,18
6215,vw_geo_sfpd_cr_switrs_all_types_col_cty_union.fid-c18a0c2_186644fdb18_-46a3,2741,20574000.0,,150161782,37.7236162093319,-122.400784747601,SFPD-CROSSROADS,CITY STREET,02/23/2015 11:10:00 PM,2015 February 23,23:10:00,2015,February,Monday,PAUL AVE,BAY SHORE BLVD,0.0,Clear,Injury (Complaint of Pain),Vehicle/Pedestrian,Pedestrian,Crossing in Crosswalk at Intersection,Dry,No Unusual Condition,Dark - Street Lights,Intersection <= 20ft,0.0,1,1.0,Driver,West,Making Right Turn,Pedestrian,South,Not Stated,POINT (-122.40079 37.723618),91.0,2.0,9.0,25.0,23
6218,vw_geo_sfpd_cr_switrs_all_types_col_cty_union.fid-c18a0c2_186644fdb18_-4d88,33543,24795000.0,3150000.0,140137674,37.7980660298655,-122.405089562587,SFPD-CROSSROADS,CITY STREET,02/16/2014 01:20:00 AM,2014 February 16,01:20:00,2014,February,Sunday,BROADWAY,KEARNY ST,112.0,Clear,Injury (Complaint of Pain),Vehicle/Pedestrian,Pedestrian,Crossing Not in Crosswalk,Wet,No Unusual Condition,Dark - Street Lights,Midblock > 20ft,0.0,1,1.0,Pedestrian,South,Stopped In Road,Driver,West,Proceeding Straight,POINT (-122.40509 37.798065),106.0,6.0,3.0,23.0,01
6234,vw_geo_sfpd_cr_switrs_all_types_col_cty_union.fid-c18a0c2_186644fdb18_-49a1,17094,30742000.0,,140791076,37.7804785121773,-122.41251225633,SFPD-CROSSROADS,CITY STREET,09/19/2014 06:00:00 PM,2014 September 19,18:00:00,2014,September,Friday,MARKET ST,07TH ST,0.0,Clear,Injury (Complaint of Pain),Vehicle/Pedestrian,Pedestrian,Crossing Not in Crosswalk,Dry,No Unusual Condition,Daylight,Intersection <= 20ft,0.0,4,1.0,Pedestrian,North,Proceeding Straight,Driver,East,Proceeding Straight,POINT (-122.41251 37.78048),32.0,5.0,10.0,34.0,18
6246,vw_geo_sfpd_cr_switrs_all_types_col_cty_union.fid-c18a0c2_186644fdb18_-4597,25031,25138000.0,5062000.0,150296919,37.7835699448068,-122.41545441441,SFPD-CROSSROADS,CITY STREET,04/04/2015 10:52:00 PM,2015 April 04,22:52:00,2015,April,Saturday,EDDY ST,HYDE ST,125.0,Clear,Injury (Complaint of Pain),Vehicle/Pedestrian,Pedestrian,Not in Road,Dry,No Unusual Condition,Dark - Street Lights,Midblock > 20ft,0.0,1,1.0,Driver,North,Backing,Pedestrian,West,Proceeding Straight,POINT (-122.41545 37.78357),20.0,5.0,10.0,36.0,22
6260,vw_geo_sfpd_cr_switrs_all_types_col_cty_union.fid-c18a0c2_186644fdb18_-3c16,1296,21508000.0,5615000.0,160483510,37.7124241094161,-122.443543555426,SFPD-CROSSROADS,CITY STREET,06/14/2016 04:26:00 PM,2016 June 14,16:26:00,2016,June,Tuesday,FLORENTINE AVE,MORSE ST,198.0,Clear,Injury (Other Visible),Vehicle/Pedestrian,Pedestrian,Crossing Not in Crosswalk,Dry,No Unusual Condition,Daylight,Midblock > 20ft,0.0,1,1.0,Driver,East,Proceeding Straight,Pedestrian,North,Other,POINT (-122.44354 37.712425),58.0,9.0,1.0,7.0,16
6262,vw_geo_sfpd_cr_switrs_all_types_col_cty_union.fid-c18a0c2_186644fdb18_-4f6d,11646,25814000.0,,131038205,37.7626707070612,-122.435187961923,SFPD-CROSSROADS,CITY STREET,12/09/2013 10:21:00 PM,2013 December 09,22:21:00,2013,December,Monday,CASTRO ST,MARKET ST,0.0,Clear,Injury (Other Visible),Vehicle/Pedestrian,Pedestrian,Crossing in Crosswalk at Intersection,Dry,No Unusual Condition,Dark - Street Lights,Intersection <= 20ft,0.0,1,1.0,Driver,South,Proceeding Straight,Pedestrian,East,Other,POINT (-122.43519 37.762672),113.0,3.0,5.0,5.0,22
6271,vw_geo_sfpd_cr_switrs_all_types_col_cty_union.fid-c18a0c2_186644fdb18_-4a90,899,20432000.0,11642000.0,140609532,37.7116865915786,-122.418758817705,SFPD-CROSSROADS,CITY STREET,07/22/2014 07:03:00 PM,2014 July 22,19:03:00,2014,July,Tuesday,SANTOS ST,BROOKDALE AVE,90.0,Clear,Injury (Complaint of Pain),Vehicle/Pedestrian,Pedestrian,Crossing Not in Crosswalk,Dry,No Unusual Condition,Daylight,Midblock > 20ft,0.0,1,1.0,Pedestrian,West,Stopped In Road,Driver,North,Stopped In Road,POINT (-122.41876 37.711685),74.0,9.0,9.0,40.0,19
6275,vw_geo_sfpd_cr_switrs_all_types_col_cty_union.fid-c18a0c2_186644fdb18_-3dff,26073,25153000.0,,160232157,37.7855824742843,-122.414617207568,SFPD-CROSSROADS,CITY STREET,03/20/2016 01:40:00 AM,2016 March 20,01:40:00,2016,March,Sunday,LEAVENWORTH ST,OFARRELL ST,0.0,Clear,Injury (Complaint of Pain),Vehicle/Pedestrian,Pedestrian,Crossing Not in Crosswalk,Dry,No Unusual Condition,Dark - Street Lights,Intersection <= 20ft,0.0,1,1.0,Pedestrian,West,Not Stated,Driver,North,Making Left Turn,POINT (-122.41462 37.785583),20.0,5.0,10.0,36.0,01
6278,vw_geo_sfpd_cr_switrs_all_types_col_cty_union.fid-c18a0c2_186644fdb18_-4093,3447,20679000.0,9789000.0,151006862,37.7367201155469,-122.394077808531,SFPD-CROSSROADS,CITY STREET,11/19/2015 08:28:00 AM,2015 November 19,08:28:00,2015,November,Thursday,OAKDALE AVE,PHELPS ST,5.0,Clear,Injury (Other Visible),Vehicle/Pedestrian,Pedestrian,Crossing in Crosswalk at Intersection,Dry,No Unusual Condition,Daylight,Intersection <= 20ft,0.0,4,1.0,Driver,East,Proceeding Straight,Pedestrian,South,Not Stated,POINT (-122.39408 37.73672),87.0,2.0,9.0,1.0,08
6287,vw_geo_sfpd_cr_switrs_all_types_col_cty_union.fid-c18a0c2_186644fdb18_-3ccc,43447,27284000.0,6061101.0,160390250,37.7809617421031,-122.463972072841,SFPD-CROSSROADS,CITY STREET,05/13/2016 01:21:00 AM,2016 May 13,01:21:00,2016,May,Friday,GEARY BLVD,06TH AVE,87.0,Clear,Injury (Complaint of Pain),Vehicle/Pedestrian,Pedestrian,Crossing Not in Crosswalk,Dry,No Unusual Condition,Dark - Street Lights,Midblock > 20ft,0.0,1,1.0,Pedestrian,South,Proceeding Straight,Driver,East,Proceeding Straight,POINT (-122.463974 37.78096),5.0,8.0,4.0,11.0,01
6288,vw_geo_sfpd_cr_switrs_all_types_col_cty_union.fid-c18a0c2_186644fdb18_-399c,16899,24285000.0,329000.0,160801558,37.7806962355814,-122.408363011851,SFPD-CROSSROADS,CITY STREET,10/02/2016 08:09:00 PM,2016 October 02,20:09:00,2016,October,Sunday,06TH ST,MISSION ST,141.0,Clear,Injury (Other Visible),Vehicle/Pedestrian,Pedestrian,Crossing Not in Crosswalk,Dry,No Unusual Condition,Dark - Street Lights,Midblock > 20ft,0.0,1,1.0,Pedestrian,East,Other,Driver,North,Proceeding Straight,POINT (-122.40836 37.780697),32.0,1.0,10.0,34.0,20
6301,vw_geo_sfpd_cr_switrs_all_types_col_cty_union.fid-c18a0c2_186644fdb18_-40d9,24485,24934000.0,,150970618,37.7827944462295,-122.414053764459,SFPD-CROSSROADS,CITY STREET,11/06/2015 08:12:00 PM,2015 November 06,20:12:00,2015,November,Friday,LEAVENWORTH ST,TURK ST,0.0,Clear,Injury (Complaint of Pain),Vehicle/Pedestrian,Pedestrian,Crossing in Crosswalk at Intersection,Dry,No Unusual Condition,Dark - Street Lights,Intersection <= 20ft,0.0,1,1.0,Driver,West,Making Left Turn,Pedestrian,North,Other,POINT (-122.414055 37.782795),20.0,5.0,10.0,36.0,20
6314,vw_geo_sfpd_cr_switrs_all_types_col_cty_union.fid-c18a0c2_186644fdb18_-4eb2,32694,25315000.0,,140000140,37.7959454025902,-122.421768167336,SFPD-CROSSROADS,CITY STREET,01/01/2014 01:02:00 AM,2014 January 01,01:02:00,2014,January,Wednesday,POLK ST,BROADWAY,0.0,Clear,Injury (Other Visible),Vehicle/Pedestrian,Pedestrian,Crossing in Crosswalk at Intersection,Dry,No Unusual Condition,Dark - Street Lights,Intersection <= 20ft,0.0,1,1.0,Pedestrian,North,Proceeding Straight,Driver,West,Proceeding Straight,POINT (-122.42177 37.795944),105.0,4.0,3.0,32.0,01
6320,vw_geo_sfpd_cr_switrs_all_types_col_cty_union.fid-c18a0c2_186644fdb18_-4431,26919,30729000.000000004,2863000.0,150511494,37.7923412442955,-122.397302886742,SFPD-CROSSROADS,CITY STREET,06/11/2015 09:08:00 PM,2015 June 11,21:08:00,2015,June,Thursday,BEALE ST,MARKET ST,33.0,Clear,Injury (Other Visible),Broadside,Pedestrian,Crossing in Crosswalk at Intersection,Dry,No Unusual Condition,Dark - Street Lights,Midblock > 20ft,0.0,1,2.0,Driver,South,Proceeding Straight,Pedestrian,East,Proceeding Straight,POINT (-122.3973 37.792343),108.0,6.0,10.0,8.0,21
6323,vw_geo_sfpd_cr_switrs_all_types_col_cty_union.fid-c18a0c2_186644fdb18_-4805,23790,24634000.0,293000.0,141043692,37.7826692026759,-122.406400829974,SFPD-CROSSROADS,CITY STREET,12/12/2014 12:25:00 AM,2014 December 12,00:25:00,2014,December,Friday,MISSION ST,05TH ST,32.0,Raining,Injury (Complaint of Pain),Vehicle/Pedestrian,Pedestrian,Crossing Not in Crosswalk,Wet,No Unusual Condition,Dark - Street Lights,Midblock > 20ft,0.0,1,1.0,Pedestrian,South,Other,Driver,East,Proceeding Straight,POINT (-122.4064 37.78267),32.0,1.0,10.0,34.0,00
6328,vw_geo_sfpd_cr_switrs_all_types_col_cty_union.fid-c18a0c2_186644fdb18_-3b5a,7031,21331000.0,,160579727,37.7431226644583,-122.421485450448,SFPD-CROSSROADS,CITY STREET,07/18/2016 04:32:00 PM,2016 July 18,16:32:00,2016,July,Monday,MISSION ST,VIRGINIA AVE,0.0,Clear,Injury (Other Visible),Vehicle/Pedestrian,Pedestrian,Crossing in Crosswalk at Intersection,Dry,No Unusual Condition,Daylight,Intersection <= 20ft,0.0,1,1.0,Pedestrian,West,Not Stated,Driver,North,Making Right Turn,POINT (-122.421486 37.743122),83.0,9.0,2.0,2.0,16
6334,vw_geo_sfpd_cr_switrs_all_types_col_cty_union.fid-c18a0c2_186644fdb18_-3a26,3936,20959000.0,,160744679,37.7252207414902,-122.417906413236,SFPD-CROSSROADS,CITY STREET,09/13/2016 08:48:00 PM,2016 September 13,20:48:00,2016,September,Tuesday,CAMBRIDGE ST,BURROWS ST,0.0,Clear,Injury (Complaint of Pain),Vehicle/Pedestrian,Pedestrian,Crossing Not in Crosswalk,Dry,No Unusual Condition,Dark - Street Lights,Intersection <= 20ft,0.0,1,1.0,Pedestrian,East,Other,Driver,South,Proceeding Straight,POINT (-122.41791 37.72522),92.0,2.0,2.0,7.0,20
6335,vw_geo_sfpd_cr_switrs_all_types_col_cty_union.fid-c18a0c2_186644fdb18_-4f10,19332,26409000.000000004,,130923273,37.7697978506529,-122.448578817283,SFPD-CROSSROADS,CITY STREET,10/31/2013 12:23:00 AM,2013 October 31,00:23:00,2013,October,Thursday,CLAYTON ST,HAIGHT ST,0.0,Clear,Injury (Complaint of Pain),Vehicle/Pedestrian,Pedestrian,Crossing in Crosswalk at Intersection,Dry,No Unusual Condition,Dark - Street Lights,Intersection <= 20ft,0.0,1,1.0,Driver,North,Proceeding Straight,Pedestrian,East,Not Stated,POINT (-122.44858 37.7698),25.0,7.0,11.0,3.0,00
6340,vw_geo_sfpd_cr_switrs_all_types_col_cty_union.fid-c18a0c2_186644fdb18_-4bda,24582,24933000.0,,140399874,37.7825850335311,-122.415693873471,SFPD-CROSSROADS,CITY STREET,05/13/2014 07:26:00 AM,2014 May 13,07:26:00,2014,May,Tuesday,HYDE ST,TURK ST,0.0,Clear,Injury (Other Visible),Vehicle/Pedestrian,Pedestrian,Crossing in Crosswalk at Intersection,Dry,No Unusual Condition,Daylight,Intersection <= 20ft,0.0,1,1.0,Pedestrian,East,Proceeding Straight,Driver,South,Proceeding Straight,POINT (-122.415695 37.782585),20.0,5.0,10.0,36.0,07
6342,vw_geo_sfpd_cr_switrs_all_types_col_cty_union.fid-c18a0c2_186644fdb18_-46ee,11999,24183000.0,,150112713,37.7649173782156,-122.421886445814,SFPD-CROSSROADS,CITY STREET,02/05/2015 10:03:00 PM,2015 February 05,22:03:00,2015,February,Thursday,VALENCIA ST,16TH ST,0.0,Clear,Injury (Complaint of Pain),Vehicle/Pedestrian,Pedestrian,Crossing in Crosswalk at Intersection,Dry,No Unusual Condition,Dark - Street Lights,Intersection <= 20ft,0.0,1,1.0,Driver,North,Making Right Turn,Pedestrian,North,Proceeding Straight,POINT (-122.42189 37.76492),37.0,3.0,5.0,20.0,22
6343,vw_geo_sfpd_cr_switrs_all_types_col_cty_union.fid-c18a0c2_186644fdb18_-3f0e,1279,21426000.0,,160099838,37.7142094837665,-122.436176465367,SFPD-CROSSROADS,CITY STREET,02/03/2016 02:35:00 PM,2016 February 03,14:35:00,2016,February,Wednesday,GENEVA AVE,NAPLES ST,0.0,Clear,Injury (Other Visible),Vehicle/Pedestrian,Pedestrian,Crossing in Crosswalk at Intersection,Dry,No Unusual Condition,Daylight,Intersection <= 20ft,0.0,1,1.0,Driver,East,Making Left Turn,Pedestrian,South,Proceeding Straight,POINT (-122.43618 37.71421),58.0,9.0,1.0,7.0,14
6355,vw_geo_sfpd_cr_switrs_all_types_col_cty_union.fid-c18a0c2_186644fdb18_-3c76,6779,24062000.0,12031000.0,150642798,37.7508101749876,-122.416111473545,SFPD-CROSSROADS,CITY STREET,07/24/2015 07:14:00 AM,2015 July 24,07:14:00,2015,July,Friday,VAN NESS AVE,25TH ST,14.0,Clear,Injury (Other Visible),Vehicle/Pedestrian,Pedestrian,Crossing in Crosswalk at Intersection,Dry,No Unusual Condition,Daylight,Intersection <= 20ft,0.0,1,1.0,Driver,North,Making Left Turn,Pedestrian,West,Proceeding Straight,POINT (-122.416115 37.75081),53.0,3.0,2.0,20.0,07
6359,vw_geo_sfpd_cr_switrs_all_types_col_cty_union.fid-c18a0c2_186644fdb18_-4cf4,30086,25213000.0,,140225508,37.7854822439204,-122.423027552363,SFPD-CROSSROADS,CITY STREET,03/10/2014 08:30:00 AM,2014 March 10,08:30:00,2014,March,Monday,FRANKLIN ST,GEARY BLVD,0.0,Clear,Injury (Other Visible),Broadside,Pedestrian,Crossing in Crosswalk at Intersection,Dry,No Unusual Condition,Daylight,Intersection <= 20ft,0.0,1,,Driver,North,Making Left Turn,Pedestrian,North,Proceeding Straight,POINT (-122.42303 37.78548),100.0,4.0,11.0,39.0,08
6361,vw_geo_sfpd_cr_switrs_all_types_col_cty_union.fid-c18a0c2_186644fdb18_-4652,22663,26077000.0,,150200039,37.7796596303491,-122.438740183526,SFPD-CROSSROADS,CITY STREET,03/05/2015 01:59:00 PM,2015 March 05,13:59:00,2015,March,Thursday,TURK ST,DIVISADERO ST,0.0,Clear,Injury (Complaint of Pain),Vehicle/Pedestrian,Pedestrian,Crossing in Crosswalk at Intersection,Dry,No Unusual Condition,Daylight,Intersection <= 20ft,0.0,1,1.0,Driver,South,Making Left Turn,Pedestrian,East,Proceeding Straight,POINT (-122.43874 37.77966),97.0,4.0,11.0,39.0,13
6373,vw_geo_sfpd_cr_switrs_all_types_col_cty_union.fid-c18a0c2_186644fdb18_-3f8a,27703,24980000.000000004,,130697882,37.7922511634481,-122.40751895106,SFPD-CROSSROADS,CITY STREET,08/22/2013 03:55:00 AM,2013 August 22,03:55:00,2013,August,Thursday,STOCKTON ST,CALIFORNIA ST,0.0,Clear,Injury (Other Visible),Vehicle/Pedestrian,Pedestrian,Crossing in Crosswalk at Intersection,Dry,No Unusual Condition,Dark - Street Lights,Intersection <= 20ft,0.0,1,1.0,Driver,South,Making Right Turn,Pedestrian,East,Proceeding Straight,POINT (-122.40752 37.79225),16.0,6.0,3.0,8.0,03
6380,vw_geo_sfpd_cr_switrs_all_types_col_cty_union.fid-c18a0c2_186644fdb18_-4367,28597,25119000.0,,150626184,37.7941098069868,-122.41464763171,SFPD-CROSSROADS,CITY STREET,07/18/2015 08:00:00 PM,2015 July 18,20:00:00,2015,July,Saturday,JONES ST,WASHINGTON ST,0.0,Clear,Injury (Complaint of Pain),Vehicle/Pedestrian,Pedestrian,Crossing in Crosswalk at Intersection,Dry,No Unusual Condition,Daylight,Intersection <= 20ft,0.0,1,1.0,Driver,South,Stopped In Road,Pedestrian,East,Not Stated,POINT (-122.41465 37.79411),16.0,6.0,3.0,21.0,20