,id,unique_id,cnn_intrsctn_fkey,cnn_sgmt_fkey,case_id_pkey,tb_latitude,tb_longitude,geocode_source,geocode_location,collision_datetime,collision_date,collision_time,accident_year,month,day_of_week,primary_rd,secondary_rd,distance,weather_1,collision_severity,type_of_collision,mviw,ped_action,road_surface,road_cond_1,lighting,intersection,number_killed,number_injured,party_at_fault,party1_type,party1_dir_of_travel,party1_move_pre_acc,party2_type,party2_dir_of_travel,party2_move_pre_acc,point,Neighborhoods,Current Police Districts,Current Supervisor Districts,Analysis Neighborhoods,hour
6386,vw_geo_sfpd_cr_switrs_all_types_col_cty_union.fid-c18a0c2_186644fdb18_-4f09,14497,30021000.0,,131074726,37.7763001450442,-122.390025039741,SFPD-CROSSROADS,CITY STREET,12/22/2013 12:50:00 PM,2013 December 22,12:50:00,2013,December,Sunday,03RD ST,TERRY A FRANCOIS BLVD,0.0,Clear,Injury (Complaint of Pain),Vehicle/Pedestrian,Pedestrian,Crossing in Crosswalk at Intersection,Dry,No Unusual Condition,Daylight,Intersection <= 20ft,0.0,1,1.0,Driver,West,Stopped In Road,Pedestrian,South,Proceeding Straight,POINT (-122.39002 37.7763),34.0,1.0,10.0,4.0,12
6392,vw_geo_sfpd_cr_switrs_all_types_col_cty_union.fid-c18a0c2_186644fdb18_-4d97,2308,22102000.0,,140130850,37.7229665717039,-122.444746624942,SFPD-CROSSROADS,CITY STREET,02/14/2014 06:10:00 PM,2014 February 14,18:10:00,2014,February,Friday,SAN JOSE AVE,OCEAN AVE,0.0,Clear,Injury (Complaint of Pain),Vehicle/Pedestrian,Pedestrian,Crossing in Crosswalk at Intersection,Dry,No Unusual Condition,Dark - Street Lights,Intersection <= 20ft,0.0,1,1.0,Driver,South,Making Left Turn,Pedestrian,West,Proceeding Straight,POINT (-122.44475 37.722965),94.0,9.0,1.0,28.0,18
6393,vw_geo_sfpd_cr_switrs_all_types_col_cty_union.fid-c18a0c2_186644fdb18_-3ced,53,50768000.00000001,9781000.0,160369540,37.7287436485604,-122.38008048009,SFPD-CROSSROADS,CITY STREET,05/05/2016 05:21:00 PM,2016 May 05,17:21:00,2016,May,Thursday,OAKDALE AVE,GRIFFITH ST,321.0,Clear,Injury (Complaint of Pain),Vehicle/Pedestrian,Pedestrian,Crossing Not in Crosswalk,Dry,No Unusual Condition,Daylight,Midblock > 20ft,0.0,1,1.0,Driver,East,Other Unsafe Turning,Pedestrian,West,Not Stated,POINT (-122.38008 37.728745),78.0,2.0,9.0,1.0,17
6401,vw_geo_sfpd_cr_switrs_all_types_col_cty_union.fid-c18a0c2_186644fdb18_-3f99,12316,24377000.0,13058000.0,160019472,37.7665003635252,-122.42204000499,SFPD-CROSSROADS,CITY STREET,01/08/2016 01:40:00 AM,2016 January 08,01:40:00,2016,January,Friday,VALENCIA ST,15TH ST,14.0,Clear,Injury (Complaint of Pain),Vehicle/Pedestrian,Pedestrian,Crossing in Crosswalk at Intersection,Dry,No Unusual Condition,Dark - Street Lights,Intersection <= 20ft,0.0,1,1.0,Driver,East,Making Left Turn,Pedestrian,East,Proceeding Straight,POINT (-122.42204 37.7665),53.0,3.0,2.0,20.0,01
6412,vw_geo_sfpd_cr_switrs_all_types_col_cty_union.fid-c18a0c2_186644fdb18_-440c,7213,21349000.0,,150532995,37.7439422414132,-122.422669445264,SFPD-CROSSROADS,CITY STREET,06/18/2015 06:36:00 PM,2015 June 18,18:36:00,2015,June,Thursday,SAN JOSE AVE,29TH ST,0.0,Clear,Injury (Complaint of Pain),Vehicle/Pedestrian,Pedestrian,Crossing in Crosswalk at Intersection,Dry,No Unusual Condition,Daylight,Intersection <= 20ft,0.0,1,1.0,Driver,North,Making Right Turn,Pedestrian,East,Proceeding Straight,POINT (-122.42267 37.743942),84.0,9.0,5.0,22.0,18
6418,vw_geo_sfpd_cr_switrs_all_types_col_cty_union.fid-c18a0c2_186644fdb18_-3f1d,1896,22088000.0,,160091903,37.7189286728199,-122.443696073964,SFPD-CROSSROADS,CITY STREET,01/31/2016 09:57:00 PM,2016 January 31,21:57:00,2016,January,Sunday,GENEVA AVE,CAYUGA AVE,0.0,Clear,Injury (Other Visible),Vehicle/Pedestrian,Pedestrian,Crossing in Crosswalk at Intersection,Dry,No Unusual Condition,Dark - Street Lights,Intersection <= 20ft,0.0,1,1.0,Driver,North,Making Left Turn,Pedestrian,South,Proceeding Straight,POINT (-122.443695 37.71893),80.0,9.0,1.0,28.0,21
6420,vw_geo_sfpd_cr_switrs_all_types_col_cty_union.fid-c18a0c2_186644fdb18_-4045,44676,27251000.000000004,,151052304,37.7829892038089,-122.463350525169,SFPD-CROSSROADS,CITY STREET,12/04/2015 10:05:00 PM,2015 December 04,22:05:00,2015,December,Friday,CLEMENT ST,05TH AVE,0.0,Clear,Injury (Complaint of Pain),Vehicle/Pedestrian,Pedestrian,Crossing in Crosswalk at Intersection,Dry,No Unusual Condition,Dark - Street Lights,Intersection <= 20ft,0.0,1,1.0,Driver,East,Backing,Pedestrian,West,Proceeding Straight,POINT (-122.46335 37.78299),5.0,8.0,4.0,11.0,22
6437,vw_geo_sfpd_cr_switrs_all_types_col_cty_union.fid-c18a0c2_186644fdb18_-2244,16583,24317000.000000004,9101000.0,180704584,37.7783456376,-122.412033118,SFPD-INTERIM DB,CITY STREET,09/17/2018 12:25:00 PM,2018 September 17,12:25:00,2018,September,Monday,MISSION ST,JULIA ST,155.0,Clear,Injury (Complaint of Pain),Vehicle/Pedestrian,Pedestrian,Crossing Not in Crosswalk,Dry,No Unusual Condition,Daylight,Midblock > 20ft,0.0,1,1.0,Pedestrian,South,Other,Driver,East,Backing,POINT (-122.41203 37.778347),32.0,1.0,10.0,34.0,12
6451,vw_geo_sfpd_cr_switrs_all_types_col_cty_union.fid-c18a0c2_186644fdb18_-2ded,22291,26052000.0,,171005468,37.7752059309871,-122.436128964251,SFPD-CROSSROADS,CITY STREET,12/12/2017 06:00:00 PM,2017 December 12,18:00:00,2017,December,Tuesday,HAYES ST,SCOTT ST,0.0,Clear,Injury (Other Visible),Vehicle/Pedestrian,Pedestrian,Crossing in Crosswalk at Intersection,Dry,Construction or Repair Zone,Dark - Street Lights,Intersection <= 20ft,0.0,1,,Driver,East,Making Left Turn,Pedestrian,North,Proceeding Straight,POINT (-122.43613 37.775208),23.0,4.0,11.0,9.0,18
6454,vw_geo_sfpd_cr_switrs_all_types_col_cty_union.fid-c18a0c2_186644fdb18_-2622,12337,24377000.0,655000.0,180454745,37.7665379086,-122.422071393,SFPD-INTERIM DB,CITY STREET,06/19/2018 02:00:00 PM,2018 June 19,14:00:00,2018,June,Tuesday,15TH ST,VALENCIA ST,8.0,Clear,Injury (Complaint of Pain),Broadside,Pedestrian,Crossing in Crosswalk at Intersection,Dry,No Unusual Condition,Daylight,Intersection <= 20ft,0.0,1,1.0,Driver,West,Making Right Turn,Pedestrian,North,Proceeding Straight,POINT (-122.42207 37.766537),37.0,3.0,5.0,20.0,14
6455,vw_geo_sfpd_cr_switrs_all_types_col_cty_union.fid-c18a0c2_186644fdb18_-2807,39172,23185000.000000004,844000.0,180335167,37.7450188988,-122.474757729,SFPD-INTERIM DB,CITY STREET,05/05/2018 09:50:00 PM,2018 May 05,21:50:00,2018,May,Saturday,18TH AVE,SANTIAGO ST,20.0,Clear,Injury (Complaint of Pain),Vehicle/Pedestrian,Pedestrian,Crossing in Crosswalk at Intersection,Dry,No Unusual Condition,Dark - Street Lights,Intersection <= 20ft,0.0,1,1.0,Driver,East,Proceeding Straight,Pedestrian,North,Proceeding Straight,POINT (-122.474754 37.745018),44.0,10.0,8.0,41.0,21
6457,vw_geo_sfpd_cr_switrs_all_types_col_cty_union.fid-c18a0c2_186644fdb18_-2253,14586,23821000.0,12663000.0,150400433,37.7767262168603,-122.395441263012,SFPD-CROSSROADS,CITY STREET,05/08/2015 10:03:00 AM,2015 May 08,10:03:00,2015,May,Friday,TOWNSEND ST,04TH ST,187.0,Clear,Injury (Severe),Vehicle/Pedestrian,Pedestrian,Crossing Not in Crosswalk,Dry,No Unusual Condition,Daylight,Midblock > 20ft,0.0,1,1.0,Pedestrian,North,Proceeding Straight,Driver,East,Proceeding Straight,POINT (-122.39544 37.776726),34.0,1.0,10.0,4.0,10
6461,vw_geo_sfpd_cr_switrs_all_types_col_cty_union.fid-c18a0c2_186644fdb18_-2224,12182,24142000.0,,180709409,37.7651831345,-122.417486595,SFPD-INTERIM DB,CITY STREET,09/19/2018 02:40:00 AM,2018 September 19,02:40:00,2018,September,Wednesday,SOUTH VAN NESS AVE,16TH ST,0.0,Clear,Injury (Other Visible),Rear End,Pedestrian,Crossing Not in Crosswalk,Dry,No Unusual Condition,Dark - Street Lights,Intersection <= 20ft,0.0,1,1.0,Pedestrian,West,Proceeding Straight,Driver,North,Proceeding Straight,POINT (-122.41749 37.765182),53.0,3.0,2.0,20.0,02
6462,vw_geo_sfpd_cr_switrs_all_types_col_cty_union.fid-c18a0c2_186644fdb18_-2819,34301,25407000.0,2773000.0,180027621,37.8061207969,-122.409574693,SFPD-INTERIM DB,CITY STREET,01/11/2018 04:55:00 AM,2018 January 11,04:55:00,2018,January,Thursday,BAY ST,MIDWAY ST,25.0,Clear,Injury (Other Visible),Vehicle/Pedestrian,Pedestrian,"In Road, Including Shoulder",Dry,No Unusual Condition,Dark - Street Lights,Midblock > 20ft,0.0,1,1.0,Pedestrian,West,Stopped In Road,Driver,East,Proceeding Straight,POINT (-122.40958 37.80612),99.0,6.0,3.0,23.0,04
6464,vw_geo_sfpd_cr_switrs_all_types_col_cty_union.fid-c18a0c2_186644fdb18_-228c,34862,26709000.0,6346000.0,170622855,37.79809313721,-122.427260601995,SFPD-CROSSROADS,CITY STREET,07/31/2017 08:00:00 AM,2017 July 31,08:00:00,2017,July,Monday,GOUGH ST,UNION ST,15.0,Clear,Injury (Complaint of Pain),Vehicle/Pedestrian,Pedestrian,Crossing in Crosswalk at Intersection,Dry,No Unusual Condition,Daylight,Intersection <= 20ft,0.0,1,1.0,Driver,West,Proceeding Straight,Pedestrian,South,Proceeding Straight,POINT (-122.42726 37.79809),15.0,4.0,6.0,13.0,08
6469,vw_geo_sfpd_cr_switrs_all_types_col_cty_union.fid-c18a0c2_186644fdb18_-2783,41625,27935000.0,7885000.0,180377006,37.7585613385,-122.505755375,SFPD-INTERIM DB,CITY STREET,05/20/2018 10:00:00 PM,2018 May 20,22:00:00,2018,May,Sunday,KIRKHAM ST,46TH AVE,12.0,Clear,Injury (Complaint of Pain),Vehicle/Pedestrian,Pedestrian,Crossing in Crosswalk at Intersection,Dry,No Unusual Condition,Dark - Street Lights,Intersection <= 20ft,0.0,1,1.0,Driver,East,Making Right Turn,Pedestrian,South,Other,POINT (-122.50575 37.75856),39.0,10.0,7.0,35.0,22
6470,vw_geo_sfpd_cr_switrs_all_types_col_cty_union.fid-c18a0c2_186644fdb18_-1f6a,3394,20213000.0,,180887550,37.7363901946,-122.390145052,SFPD-INTERIM DB,CITY STREET,11/23/2018 01:17:00 AM,2018 November 23,01:17:00,2018,November,Friday,03RD ST,MCKINNON AVE,0.0,Raining,Injury (Other Visible),Vehicle/Pedestrian,Pedestrian,Crossing in Crosswalk at Intersection,Wet,No Unusual Condition,Dark - Street Lights,Intersection <= 20ft,0.0,1,1.0,Driver,East,Making Right Turn,Pedestrian,North,Not Stated,POINT (-122.390144 37.73639),86.0,2.0,9.0,1.0,01
6492,vw_geo_sfpd_cr_switrs_all_types_col_cty_union.fid-c18a0c2_186644fdb18_-27dc,28931,25176000.0,10555000.0,160509627,37.7831081388216,-122.419183029278,SFPD-CROSSROADS,CITY STREET,06/23/2016 04:48:00 PM,2016 June 23,16:48:00,2016,June,Thursday,POLK ST,EDDY ST,2.0,Clear,Injury (Other Visible),Vehicle/Pedestrian,Pedestrian,Crossing in Crosswalk at Intersection,Dry,No Unusual Condition,Daylight,Intersection <= 20ft,0.0,1,1.0,Pedestrian,West,Entering Traffic,Driver,North,Proceeding Straight,POINT (-122.41918 37.783108),20.0,4.0,10.0,36.0,16
6496,vw_geo_sfpd_cr_switrs_all_types_col_cty_union.fid-c18a0c2_186644fdb18_-371c,26388,24919000.000000004,,130148493,37.788082187514,-122.410056929791,SFPD-CROSSROADS,CITY STREET,02/20/2013 02:25:00 PM,2013 February 20,14:25:00,2013,February,Wednesday,MASON ST,POST ST,0.0,Clear,Injury (Complaint of Pain),Vehicle/Pedestrian,Pedestrian,Crossing in Crosswalk at Intersection,Dry,No Unusual Condition,Daylight,Intersection <= 20ft,0.0,1,,Driver,South,Making Right Turn,Pedestrian,West,Proceeding Straight,POINT (-122.41006 37.788082),50.0,6.0,3.0,21.0,14
6504,vw_geo_sfpd_cr_switrs_all_types_col_cty_union.fid-c18a0c2_186644fdb18_-2454,32204,26536000.0,13158101.0,140676490,37.7912101690796,-122.422577005993,SFPD-CROSSROADS,CITY STREET,08/13/2014 03:42:00 PM,2014 August 13,15:42:00,2014,August,Wednesday,VAN NESS AVE,SACRAMENTO ST,45.0,Clear,Injury (Severe),Vehicle/Pedestrian,Pedestrian,Crossing Not in Crosswalk,Dry,No Unusual Condition,Daylight,Midblock > 20ft,0.0,1,1.0,Pedestrian,East,Stopped In Road,Driver,South,Stopped In Road,POINT (-122.42258 37.79121),102.0,4.0,6.0,30.0,15
6505,vw_geo_sfpd_cr_switrs_all_types_col_cty_union.fid-c18a0c2_186644fdb18_-2f92,43821,27500000.0,6073101.0,170860011,37.7804302741348,-122.475697449583,SFPD-CROSSROADS,CITY STREET,10/21/2017 01:35:00 AM,2017 October 21,01:35:00,2017,October,Saturday,GEARY BLVD,17TH AVE,135.0,Clear,Injury (Complaint of Pain),Vehicle/Pedestrian,Pedestrian,"In Road, Including Shoulder",Dry,No Unusual Condition,Dark - Street Lights,Midblock > 20ft,0.0,1,,Driver,East,Not Stated,Parked Vehicle,East,Not Stated,POINT (-122.4757 37.78043),5.0,8.0,4.0,29.0,01
6510,vw_geo_sfpd_cr_switrs_all_types_col_cty_union.fid-c18a0c2_186644fdb18_-2ca7,2972,20612000.0,13659000.0,170362766,37.7301549155825,-122.398902167714,SFPD-CROSSROADS,CITY STREET,05/03/2017 12:21:00 PM,2017 May 03,12:21:00,2017,May,Wednesday,WILLIAMS AVE,APOLLO ST,20.0,Clear,Injury (Complaint of Pain),Head-On,Pedestrian,Crossing in Crosswalk Not at Intersection,Dry,No Unusual Condition,Daylight,Intersection <= 20ft,0.0,1,1.0,Driver,East,Making Right Turn,Pedestrian,North,Proceeding Straight,POINT (-122.3989 37.730156),87.0,2.0,9.0,1.0,12
6521,vw_geo_sfpd_cr_switrs_all_types_col_cty_union.fid-c18a0c2_186644fdb18_-2eaa,1882,22084000.0,6134102.0,170941809,37.7184001503737,-122.442956494092,SFPD-CROSSROADS,CITY STREET,11/19/2017 02:56:00 PM,2017 November 19,14:56:00,2017,November,Sunday,GENEVA AVE,BANNOCK ST,43.0,Clear,Injury (Complaint of Pain),Vehicle/Pedestrian,Pedestrian,Crossing Not in Crosswalk,Dry,No Unusual Condition,Daylight,Midblock > 20ft,0.0,1,2.0,Driver,East,Proceeding Straight,Pedestrian,North,Proceeding Straight,POINT (-122.442955 37.7184),80.0,9.0,1.0,28.0,14
6525,vw_geo_sfpd_cr_switrs_all_types_col_cty_union.fid-c18a0c2_186644fdb18_-28ab,37589,22744000.0,,180283419,37.7260015564,-122.464220184,SFPD-INTERIM DB,CITY STREET,04/17/2018 09:00:00 AM,2018 April 17,09:00:00,2018,April,Tuesday,OCEAN AVE,VICTORIA ST,0.0,Clear,Fatal,Vehicle/Pedestrian,Pedestrian,Crossing in Crosswalk at Intersection,Dry,No Unusual Condition,Daylight,Intersection <= 20ft,1.0,0,1.0,Driver,North,Making Right Turn,Pedestrian,West,Not Stated,POINT (-122.46422 37.726),67.0,10.0,8.0,41.0,09
6531,vw_geo_sfpd_cr_switrs_all_types_col_cty_union.fid-c18a0c2_186644fdb18_-27cb,2239,52261000.0,,180350610,37.7211553069,-122.447751555,SFPD-INTERIM DB,CITY STREET,05/11/2018 08:00:00 AM,2018 May 11,08:00:00,2018,May,Friday,GENEVA AVE,I-280 N OFF RAMP,0.0,Clear,Injury (Complaint of Pain),Vehicle/Pedestrian,Pedestrian,Crossing in Crosswalk at Intersection,Wet,No Unusual Condition,Daylight,Intersection <= 20ft,0.0,1,1.0,Driver,West,Making Right Turn,Pedestrian,North,Proceeding Straight,POINT (-122.447754 37.721157),80.0,9.0,1.0,28.0,08
6543,vw_geo_sfpd_cr_switrs_all_types_col_cty_union.fid-c18a0c2_186644fdb18_-26bf,29880,25182000.000000004,,150854410,37.785892900731,-122.41973873387,SFPD-CROSSROADS,CITY STREET,09/29/2015 05:38:00 PM,2015 September 29,17:38:00,2015,September,Tuesday,POLK ST,GEARY ST,0.0,Cloudy,Injury (Complaint of Pain),Sideswipe,Pedestrian,Crossing in Crosswalk at Intersection,Dry,No Unusual Condition,Daylight,Intersection <= 20ft,0.0,1,1.0,Pedestrian,South,Proceeding Straight,Driver,South,Making Right Turn,POINT (-122.41974 37.785892),20.0,4.0,10.0,36.0,17
6567,vw_geo_sfpd_cr_switrs_all_types_col_cty_union.fid-c18a0c2_186644fdb18_-3047,27169,30734000.0,,140175260,37.7892643223925,-122.40137549141,SFPD-CROSSROADS,CITY STREET,02/28/2014 05:45:00 PM,2014 February 28,17:45:00,2014,February,Friday,MARKET ST,02ND ST,0.0,Raining,Injury (Other Visible),Vehicle/Pedestrian,Pedestrian,Crossing in Crosswalk at Intersection,Wet,No Unusual Condition,Daylight,Intersection <= 20ft,0.0,1,1.0,Pedestrian,North,Proceeding Straight,Driver,East,Proceeding Straight,POINT (-122.401375 37.789265),108.0,6.0,3.0,8.0,17
6568,vw_geo_sfpd_cr_switrs_all_types_col_cty_union.fid-c18a0c2_186644fdb18_-2dbe,27890,25230000.0,,140627045,37.7902542993833,-122.415559086652,SFPD-CROSSROADS,CITY STREET,07/28/2014 05:28:00 PM,2014 July 28,17:28:00,2014,July,Monday,PINE ST,LEAVENWORTH ST,0.0,Clear,Injury (Other Visible),Vehicle/Pedestrian,Pedestrian,Crossing in Crosswalk at Intersection,Dry,No Unusual Condition,Daylight,Intersection <= 20ft,0.0,1,1.0,Driver,West,Making Left Turn,Pedestrian,North,Proceeding Straight,POINT (-122.41556 37.790253),50.0,6.0,3.0,21.0,17
6577,vw_geo_sfpd_cr_switrs_all_types_col_cty_union.fid-c18a0c2_186644fdb18_-232c,12721,25815000.0,4270000.0,180658975,37.7603695989,-122.436069443,SFPD-INTERIM DB,CITY STREET,08/31/2018 05:31:00 PM,2018 August 31,17:31:00,2018,August,Friday,COLLINGWOOD ST,18TH ST,166.0,Clear,Injury (Complaint of Pain),Vehicle/Pedestrian,Pedestrian,"In Road, Including Shoulder",Dry,No Unusual Condition,Daylight,Midblock > 20ft,0.0,1,1.0,Driver,South,Proceeding Straight,Pedestrian,South,Stopped In Road,POINT (-122.436066 37.76037),38.0,3.0,5.0,5.0,17
6581,vw_geo_sfpd_cr_switrs_all_types_col_cty_union.fid-c18a0c2_186644fdb18_-27d2,28993,25185000.0,,130124512,37.7817518042625,-122.422286646172,SFPD-CROSSROADS,CITY STREET,02/12/2013 03:00:00 PM,2013 February 12,15:00:00,2013,February,Tuesday,FRANKLIN ST,TURK ST,0.0,Clear,Injury (Complaint of Pain),Head-On,Pedestrian,Crossing in Crosswalk at Intersection,Dry,No Unusual Condition,Daylight,Intersection <= 20ft,0.0,1,1.0,Driver,North,Making Left Turn,Pedestrian,East,Not Stated,POINT (-122.42229 37.781754),100.0,4.0,11.0,39.0,15
6591,vw_geo_sfpd_cr_switrs_all_types_col_cty_union.fid-c18a0c2_186644fdb18_-2e66,26097,24945000.0,9729000.0,170969754,37.7857636687289,-122.413175824795,SFPD-CROSSROADS,CITY STREET,11/29/2017 07:25:00 PM,2017 November 29,19:25:00,2017,November,Wednesday,OFARRELL ST,JONES ST,60.0,Clear,Injury (Complaint of Pain),Vehicle/Pedestrian,Pedestrian,Crossing Not in Crosswalk,Dry,No Unusual Condition,Dark - Street Lights,Midblock > 20ft,0.0,1,1.0,Pedestrian,South,Entering Traffic,Driver,West,Backing,POINT (-122.41318 37.785763),20.0,5.0,10.0,36.0,19
6594,vw_geo_sfpd_cr_switrs_all_types_col_cty_union.fid-c18a0c2_186644fdb18_-3478,41748,27951000.0,7684000.0,170332781,37.7603489027115,-122.50763600179,SFPD-CROSSROADS,CITY STREET,04/23/2017 11:41:00 AM,2017 April 23,11:41:00,2017,April,Sunday,JUDAH ST,48TH AVE,125.0,Clear,Injury (Complaint of Pain),Vehicle/Pedestrian,Pedestrian,Crossing Not in Crosswalk,Dry,No Unusual Condition,Daylight,Midblock > 20ft,0.0,1,,Driver,West,Proceeding Straight,Pedestrian,South,Entering Traffic,POINT (-122.50764 37.76035),39.0,10.0,7.0,35.0,11
6600,vw_geo_sfpd_cr_switrs_all_types_col_cty_union.fid-c18a0c2_186644fdb18_-2474,32149,25294000.0,3548000.0,170602879,37.7907429665803,-122.419391065985,SFPD-CROSSROADS,CITY STREET,07/24/2017 05:22:00 PM,2017 July 24,17:22:00,2017,July,Monday,CALIFORNIA ST,LARKIN ST,104.0,Clear,Injury (Other Visible),Vehicle/Pedestrian,Pedestrian,"In Road, Including Shoulder",Dry,No Unusual Condition,Daylight,Midblock > 20ft,0.0,1,1.0,Pedestrian,South,Other,Driver,West,Proceeding Straight,POINT (-122.41939 37.790745),105.0,4.0,3.0,21.0,17
6606,vw_geo_sfpd_cr_switrs_all_types_col_cty_union.fid-c18a0c2_186644fdb18_-2fe3,33093,34069000.0,14088001.0,170821790,37.8217839788874,-122.375579842204,SFPD-CROSSROADS,CITY STREET,10/08/2017 02:20:00 PM,2017 October 08,14:20:00,2017,October,Sunday,AVENUE OF THE PALMS,9TH TI ST,350.0,Clear,Injury (Other Visible),Vehicle/Pedestrian,Pedestrian,Not in Road,Dry,Reduced Roadway Width,Daylight,Midblock > 20ft,0.0,1,,Driver,West,Backing,Pedestrian,North,Not Stated,POINT (-122.37558 37.821785),36.0,1.0,10.0,37.0,14
6608,vw_geo_sfpd_cr_switrs_all_types_col_cty_union.fid-c18a0c2_186644fdb18_-2376,1968,22184000.0,,180636551,37.7193548854,-122.450820652,SFPD-INTERIM DB,CITY STREET,08/23/2018 08:35:00 PM,2018 August 23,20:35:00,2018,August,Thursday,MOUNT VERNON AVE,LOUISBURG ST,0.0,Clear,Injury (Complaint of Pain),Vehicle/Pedestrian,Pedestrian,Crossing in Crosswalk at Intersection,Dry,No Unusual Condition,Dark - Street Lights,Intersection <= 20ft,0.0,1,1.0,Driver,North,Making Left Turn,Pedestrian,West,Proceeding Straight,POINT (-122.45082 37.719357),81.0,10.0,1.0,24.0,20
6616,vw_geo_sfpd_cr_switrs_all_types_col_cty_union.fid-c18a0c2_186644fdb18_-30eb,16451,23944000.0,296000.0,170710074,37.7814138306028,-122.404826041477,SFPD-CROSSROADS,CITY STREET,08/31/2017 11:28:00 AM,2017 August 31,11:28:00,2017,August,Thursday,05TH ST,HOWARD ST,44.0,Clear,Injury (Severe),Vehicle/Pedestrian,Pedestrian,Crossing Not in Crosswalk,Dry,No Unusual Condition,Daylight,Midblock > 20ft,0.0,1,1.0,Pedestrian,East,Entering Traffic,Driver,South,Making Left Turn,POINT (-122.40482 37.781414),32.0,1.0,10.0,34.0,11
6634,vw_geo_sfpd_cr_switrs_all_types_col_cty_union.fid-c18a0c2_186644fdb18_-2b10,16320,23937000.0,,180146425,37.7802649728,-122.403387209,SFPD-INTERIM DB,CITY STREET,02/24/2018 08:03:00 AM,2018 February 24,08:03:00,2018,February,Saturday,FOLSOM ST,05TH ST,0.0,Clear,Injury (Severe),Vehicle/Pedestrian,Pedestrian,Crossing in Crosswalk at Intersection,Dry,No Unusual Condition,Daylight,Intersection <= 20ft,0.0,1,1.0,Driver,East,Making Left Turn,Pedestrian,North,Proceeding Straight,POINT (-122.40339 37.780266),32.0,1.0,10.0,34.0,08
6636,vw_geo_sfpd_cr_switrs_all_types_col_cty_union.fid-c18a0c2_186644fdb18_-33b0,10225,50702999.99999999,13072000.0,170416686,37.7525890152607,-122.420709510318,SFPD-CROSSROADS,CITY STREET,05/21/2017 01:09:00 PM,2017 May 21,13:09:00,2017,May,Sunday,VALENCIA ST,24TH ST,177.0,Cloudy,Injury (Complaint of Pain),Vehicle/Pedestrian,Pedestrian,"In Road, Including Shoulder",Dry,No Unusual Condition,Daylight,Midblock > 20ft,0.0,1,1.0,Pedestrian,North,Not Stated,Driver,North,Proceeding Straight,POINT (-122.42071 37.75259),53.0,3.0,5.0,20.0,13
6637,vw_geo_sfpd_cr_switrs_all_types_col_cty_union.fid-c18a0c2_186644fdb18_-36d7,26775,24545000.0,,170058147,37.7908269488135,-122.390012346546,SFPD-CROSSROADS,CITY STREET,01/21/2017 09:30:00 PM,2017 January 21,21:30:00,2017,January,Saturday,THE EMBARCADERO,FOLSOM ST,0.0,Raining,Injury (Other Visible),Vehicle/Pedestrian,Pedestrian,Crossing in Crosswalk at Intersection,Wet,No Unusual Condition,Dark - Street Lights,Intersection <= 20ft,0.0,1,1.0,Driver,North,Stopped In Road,Pedestrian,East,Not Stated,POINT (-122.390015 37.79083),108.0,1.0,10.0,8.0,21
6641,vw_geo_sfpd_cr_switrs_all_types_col_cty_union.fid-c18a0c2_186644fdb18_-27eb,34349,25473000.0,,151062159,37.8056184799925,-122.413604168439,SFPD-CROSSROADS,CITY STREET,12/08/2015 01:11:00 PM,2015 December 08,13:11:00,2015,December,Tuesday,MASON ST,BAY ST,0.0,Clear,Injury (Complaint of Pain),Vehicle/Pedestrian,Pedestrian,Crossing in Crosswalk at Intersection,Dry,No Unusual Condition,Daylight,Intersection <= 20ft,0.0,1,1.0,Driver,South,Making Right Turn,Pedestrian,East,Proceeding Straight,POINT (-122.413605 37.80562),99.0,6.0,3.0,23.0,13
6652,vw_geo_sfpd_cr_switrs_all_types_col_cty_union.fid-c18a0c2_186644fdb18_-2b81,9584,24020000.0,10662000.0,180118684,37.7644716256,-122.407418305,SFPD-INTERIM DB,CITY STREET,02/13/2018 07:35:00 PM,2018 February 13,19:35:00,2018,February,Tuesday,POTRERO AVE,17TH ST,6.0,Clear,Injury (Other Visible),Vehicle/Pedestrian,Pedestrian,Crossing in Crosswalk at Intersection,Dry,No Unusual Condition,Dark - Street Lights,Intersection <= 20ft,0.0,1,1.0,Pedestrian,East,Other,Driver,South,Proceeding Straight,POINT (-122.40742 37.764473),53.0,3.0,9.0,20.0,19
6653,vw_geo_sfpd_cr_switrs_all_types_col_cty_union.fid-c18a0c2_186644fdb18_-2ffd,19788,26350000.0,,170810464,37.7736352963795,-122.440921792499,SFPD-CROSSROADS,CITY STREET,10/04/2017 05:22:00 PM,2017 October 04,17:22:00,2017,October,Wednesday,FELL ST,BAKER ST,0.0,Clear,Fatal,Vehicle/Pedestrian,Pedestrian,Crossing in Crosswalk at Intersection,Dry,No Unusual Condition,Daylight,Intersection <= 20ft,1.0,0,1.0,Driver,West,Proceeding Straight,Pedestrian,North,Proceeding Straight,POINT (-122.440926 37.773636),24.0,7.0,11.0,18.0,17
6665,vw_geo_sfpd_cr_switrs_all_types_col_cty_union.fid-c18a0c2_186644fdb18_-2a8c,34403,25481000.0,,180177555,37.8065546329,-122.413786659,SFPD-INTERIM DB,CITY STREET,03/07/2018 06:55:00 PM,2018 March 07,18:55:00,2018,March,Wednesday,MASON ST,NORTH POINT ST,0.0,Clear,Injury (Severe),Vehicle/Pedestrian,Pedestrian,Crossing Not in Crosswalk,Dry,No Unusual Condition,Dark - Street Lights,Intersection <= 20ft,0.0,1,1.0,Pedestrian,West,Proceeding Straight,Driver,South,Proceeding Straight,POINT (-122.41379 37.806553),99.0,6.0,3.0,23.0,18