,id,unique_id,cnn_intrsctn_fkey,cnn_sgmt_fkey,case_id_pkey,tb_latitude,tb_longitude,geocode_source,geocode_location,collision_datetime,collision_date,collision_time,accident_year,month,day_of_week,primary_rd,secondary_rd,distance,weather_1,collision_severity,type_of_collision,mviw,ped_action,road_surface,road_cond_1,lighting,intersection,number_killed,number_injured,party_at_fault,party1_type,party1_dir_of_travel,party1_move_pre_acc,party2_type,party2_dir_of_travel,party2_move_pre_acc,point,Neighborhoods,Current Police Districts,Current Supervisor Districts,Analysis Neighborhoods,hour
6666,vw_geo_sfpd_cr_switrs_all_types_col_cty_union.fid-c18a0c2_186644fdb18_-2351,669,20455000.0,,180649918,37.7232223346,-122.395264647,SFPD-INTERIM DB,CITY STREET,08/28/2018 04:01:00 PM,2018 August 28,16:01:00,2018,August,Tuesday,03RD ST,FITZGERALD AVE,0.0,Clear,Injury (Complaint of Pain),Vehicle/Pedestrian,Pedestrian,Crossing in Crosswalk at Intersection,Dry,No Unusual Condition,Dusk - Dawn,Intersection <= 20ft,0.0,1,1.0,Pedestrian,East,Proceeding Straight,Driver,North,Proceeding Straight,POINT (-122.39526 37.72322),88.0,2.0,9.0,1.0,16
6674,vw_geo_sfpd_cr_switrs_all_types_col_cty_union.fid-c18a0c2_186644fdb18_-2796,42005,27253000.0,,180369188,37.7687765298,-122.468334204,SFPD-INTERIM DB,CITY STREET,05/17/2018 10:25:00 PM,2018 May 17,22:25:00,2018,May,Thursday,MARTIN LUTHER KING JR DR,MUSIC CONCOURSE DR,0.0,Clear,Injury (Severe),Vehicle/Pedestrian,Pedestrian,Crossing in Crosswalk at Intersection,Dry,No Unusual Condition,Dark - Street Lights,Intersection <= 20ft,0.0,2,1.0,Driver,North,Making Left Turn,Pedestrian,West,Proceeding Straight,POINT (-122.46834 37.768776),9.0,8.0,11.0,12.0,22
6686,vw_geo_sfpd_cr_switrs_all_types_col_cty_union.fid-c18a0c2_186644fdb18_-2840,16496,23944000.0,,180318884,37.7814995085,-122.404933347,SFPD-INTERIM DB,CITY STREET,04/30/2018 05:43:00 AM,2018 April 30,05:43:00,2018,April,Monday,05TH ST,HOWARD ST,0.0,Cloudy,Injury (Complaint of Pain),Vehicle/Pedestrian,Pedestrian,Crossing in Crosswalk at Intersection,Dry,No Unusual Condition,Daylight,Intersection <= 20ft,0.0,1,1.0,Driver,South,Making Left Turn,Pedestrian,East,Proceeding Straight,POINT (-122.40493 37.781498),32.0,1.0,10.0,34.0,05
6689,vw_geo_sfpd_cr_switrs_all_types_col_cty_union.fid-c18a0c2_186644fdb18_-2141,43516,27288000.0,,180754028,37.7809245879,-122.466426903,SFPD-INTERIM DB,CITY STREET,10/05/2018 09:22:00 AM,2018 October 05,09:22:00,2018,October,Friday,GEARY BLVD,08TH AVE,0.0,Clear,Injury (Severe),Vehicle/Pedestrian,Pedestrian,Crossing in Crosswalk at Intersection,Dry,No Unusual Condition,Daylight,Intersection <= 20ft,0.0,1,1.0,Driver,East,Making Left Turn,Pedestrian,North,Proceeding Straight,POINT (-122.46643 37.780926),5.0,8.0,4.0,11.0,09
6691,vw_geo_sfpd_cr_switrs_all_types_col_cty_union.fid-c18a0c2_186644fdb18_-2d2d,22980,23803000.0,146000.0,180013363,37.7818523933,-122.392085233,SFPD-INTERIM DB,CITY STREET,01/05/2018 07:30:00 PM,2018 January 05,19:30:00,2018,January,Friday,02ND ST,BRANNAN ST,3.0,Raining,Injury (Complaint of Pain),Vehicle/Pedestrian,Pedestrian,Crossing in Crosswalk at Intersection,Wet,No Unusual Condition,Dark - Street Lights,Intersection <= 20ft,0.0,1,1.0,Driver,North,Making Left Turn,Pedestrian,East,Proceeding Straight,POINT (-122.39208 37.781853),31.0,1.0,10.0,8.0,19
6692,vw_geo_sfpd_cr_switrs_all_types_col_cty_union.fid-c18a0c2_186644fdb18_-25de,33669,25066000.0,3156000.0,180464619,37.7974875052,-122.409733499,SFPD-INTERIM DB,CITY STREET,06/22/2018 11:16:00 PM,2018 June 22,23:16:00,2018,June,Friday,BROADWAY,POWELL ST,155.0,Clear,Injury (Other Visible),Vehicle/Pedestrian,Pedestrian,Crossing Not in Crosswalk,Snowy or Icy,No Unusual Condition,Dark - Street Lights,Midblock > 20ft,0.0,1,1.0,Pedestrian,South,Entering Traffic,Driver,West,Proceeding Straight,POINT (-122.40974 37.79749),106.0,6.0,3.0,6.0,23
6698,vw_geo_sfpd_cr_switrs_all_types_col_cty_union.fid-c18a0c2_186644fdb18_-23b4,25085,24936000.0,7566000.0,180620485,37.7848391021,-122.412776698,SFPD-INTERIM DB,CITY STREET,08/18/2018 03:08:00 AM,2018 August 18,03:08:00,2018,August,Saturday,JONES ST,ELLIS ST,10.0,Clear,Fatal,Vehicle/Pedestrian,Pedestrian,Crossing in Crosswalk at Intersection,Dry,No Unusual Condition,Dark - Street Lights,Intersection <= 20ft,1.0,0,1.0,Driver,South,Proceeding Straight,Pedestrian,West,Not Stated,POINT (-122.41277 37.78484),20.0,5.0,10.0,36.0,03
6707,vw_geo_sfpd_cr_switrs_all_types_col_cty_union.fid-c18a0c2_186644fdb18_-3071,2163,22105000.0,,170761958,37.720724223985,-122.446608650168,SFPD-CROSSROADS,CITY STREET,09/18/2017 08:00:00 AM,2017 September 18,08:00:00,2017,September,Monday,SAN JOSE AVE,GENEVA AVE,0.0,Clear,Injury (Other Visible),Vehicle/Pedestrian,Pedestrian,Crossing in Crosswalk at Intersection,Dry,No Unusual Condition,Daylight,Intersection <= 20ft,0.0,1,1.0,Pedestrian,South,Not Stated,Driver,East,Proceeding Straight,POINT (-122.44661 37.720726),80.0,9.0,1.0,28.0,08
6721,vw_geo_sfpd_cr_switrs_all_types_col_cty_union.fid-c18a0c2_186644fdb18_-2bf8,627,20472000.0,,160816137,37.7224316039158,-122.39562276028,SFPD-CROSSROADS,CITY STREET,10/07/2016 12:33:00 PM,2016 October 07,12:33:00,2016,October,Friday,03RD ST,GILMAN AVE,0.0,Clear,Injury (Complaint of Pain),Vehicle/Pedestrian,Pedestrian,Crossing in Crosswalk at Intersection,Dry,No Unusual Condition,Daylight,Intersection <= 20ft,0.0,1,,Pedestrian,North,Proceeding Straight,Driver,North,Proceeding Straight,POINT (-122.39562 37.72243),88.0,2.0,9.0,1.0,12
6733,vw_geo_sfpd_cr_switrs_all_types_col_cty_union.fid-c18a0c2_186644fdb18_-2eb9,14269,24233000.000000004,,170935313,37.7728121599873,-122.412824226855,SFPD-CROSSROADS,CITY STREET,11/16/2017 09:57:00 PM,2017 November 16,21:57:00,2017,November,Thursday,10TH ST,FOLSOM ST,0.0,Raining,Injury (Complaint of Pain),Vehicle/Pedestrian,Pedestrian,Crossing in Crosswalk at Intersection,Wet,No Unusual Condition,Dark - Street Lights,Intersection <= 20ft,0.0,1,1.0,Driver,South,Making Left Turn,Pedestrian,South,Not Stated,POINT (-122.41283 37.77281),32.0,1.0,10.0,34.0,21
6737,vw_geo_sfpd_cr_switrs_all_types_col_cty_union.fid-c18a0c2_186644fdb18_-2b67,42987,27213000.000000004,12752000.0,180130791,37.7772514159,-122.458565261,SFPD-INTERIM DB,CITY STREET,02/18/2018 03:23:00 PM,2018 February 18,15:23:00,2018,February,Sunday,TURK BLVD,ARGUELLO BLVD,5.0,Clear,Injury (Other Visible),Vehicle/Pedestrian,Pedestrian,Crossing in Crosswalk at Intersection,Dry,No Unusual Condition,Daylight,Intersection <= 20ft,0.0,1,1.0,Driver,West,Making Right Turn,Pedestrian,South,Not Stated,POINT (-122.458565 37.777252),12.0,8.0,4.0,18.0,15
6741,vw_geo_sfpd_cr_switrs_all_types_col_cty_union.fid-c18a0c2_186644fdb18_-2d12,10666,24144000.0,1056000.0,180020051,37.758613184,-122.419373492,SFPD-INTERIM DB,CITY STREET,01/08/2018 12:46:00 PM,2018 January 08,12:46:00,2018,January,Monday,20TH ST,MISSION ST,93.0,Raining,Injury (Complaint of Pain),Vehicle/Pedestrian,Pedestrian,Crossing Not in Crosswalk,Wet,No Unusual Condition,Daylight,Midblock > 20ft,0.0,1,1.0,Pedestrian,South,Other,Driver,West,Proceeding Straight,POINT (-122.41937 37.758614),53.0,3.0,2.0,20.0,12
6750,vw_geo_sfpd_cr_switrs_all_types_col_cty_union.fid-c18a0c2_186644fdb18_-30c1,42207,27257000.0,,170727687,37.7726085231337,-122.465824686684,SFPD-CROSSROADS,CITY STREET,09/06/2017 01:12:00 PM,2017 September 06,13:12:00,2017,September,Wednesday,JOHN F KENNEDY DR,08TH AVE,0.0,Clear,Injury (Complaint of Pain),Vehicle/Pedestrian,Pedestrian,Crossing in Crosswalk at Intersection,Dry,No Unusual Condition,Daylight,Intersection <= 20ft,0.0,1,1.0,Driver,South,Making Left Turn,Pedestrian,North,Proceeding Straight,POINT (-122.46583 37.77261),9.0,8.0,4.0,12.0,13
6752,vw_geo_sfpd_cr_switrs_all_types_col_cty_union.fid-c18a0c2_186644fdb18_-251a,31612,26913000.0,,160180089,37.7860831370443,-122.450391250116,SFPD-CROSSROADS,CITY STREET,03/01/2016 04:41:00 PM,2016 March 01,16:41:00,2016,March,Tuesday,COLLINS ST,MAYFAIR DR,0.0,Clear,Injury (Complaint of Pain),Vehicle/Pedestrian,Pedestrian,Crossing in Crosswalk at Intersection,Dry,No Unusual Condition,Daylight,Intersection <= 20ft,0.0,1,1.0,Pedestrian,East,Other,Driver,South,Making Left Turn,POINT (-122.45039 37.786083),11.0,8.0,6.0,31.0,16
6760,vw_geo_sfpd_cr_switrs_all_types_col_cty_union.fid-c18a0c2_186644fdb18_-2f4e,19303,26342000.0,,170883041,37.7702101745611,-122.445344990058,SFPD-CROSSROADS,CITY STREET,10/29/2017 01:12:00 AM,2017 October 29,01:12:00,2017,October,Sunday,MASONIC AVE,HAIGHT ST,0.0,Clear,Injury (Other Visible),Vehicle/Pedestrian,Pedestrian,Crossing in Crosswalk at Intersection,Dry,No Unusual Condition,Dark - Street Lights,Intersection <= 20ft,0.0,1,1.0,Driver,East,Making Left Turn,Pedestrian,West,Proceeding Straight,POINT (-122.44534 37.77021),25.0,7.0,11.0,3.0,01
6761,vw_geo_sfpd_cr_switrs_all_types_col_cty_union.fid-c18a0c2_186644fdb18_-2319,14266,24233000.000000004,,170032947,37.7728121599873,-122.412824226855,SFPD-CROSSROADS,CITY STREET,01/13/2017 07:40:00 AM,2017 January 13,07:40:00,2017,January,Friday,FOLSOM ST,10TH ST,0.0,Clear,Injury (Other Visible),Vehicle/Pedestrian,Pedestrian,Crossing in Crosswalk at Intersection,Dry,No Unusual Condition,Daylight,Intersection <= 20ft,0.0,1,1.0,Driver,East,Making Left Turn,Pedestrian,South,Not Stated,POINT (-122.41283 37.77281),32.0,1.0,10.0,34.0,07
6774,vw_geo_sfpd_cr_switrs_all_types_col_cty_union.fid-c18a0c2_186644fdb18_-22f0,34847,26659000.0,12869000.0,170028322,37.7975134073592,-122.432153514014,SFPD-CROSSROADS,CITY STREET,01/11/2017 12:15:00 PM,2017 January 11,12:15:00,2017,January,Wednesday,UNION ST,BUCHANAN ST,15.0,Clear,Fatal,Vehicle/Pedestrian,Pedestrian,Crossing in Crosswalk at Intersection,Dry,No Unusual Condition,Daylight,Intersection <= 20ft,1.0,0,1.0,Driver,East,Making Left Turn,Pedestrian,North,Not Stated,POINT (-122.43215 37.797512),15.0,4.0,6.0,13.0,12
6775,vw_geo_sfpd_cr_switrs_all_types_col_cty_union.fid-c18a0c2_186644fdb18_-35c9,4996,21941000.0,,170184134,37.7342596157139,-122.433947184598,SFPD-CROSSROADS,CITY STREET,03/05/2017 05:09:00 PM,2017 March 05,17:09:00,2017,March,Sunday,DIAMOND ST,WILDER ST,0.0,Cloudy,Injury (Complaint of Pain),Vehicle/Pedestrian,Pedestrian,Crossing in Crosswalk at Intersection,Wet,No Unusual Condition,Daylight,Intersection <= 20ft,0.0,1,1.0,Driver,West,Backing,Pedestrian,North,Proceeding Straight,POINT (-122.433945 37.73426),96.0,9.0,5.0,10.0,17
6782,vw_geo_sfpd_cr_switrs_all_types_col_cty_union.fid-c18a0c2_186644fdb18_-2146,15131,23929000.0,6728000.0,140808483,37.7754901278441,-122.406326372755,SFPD-CROSSROADS,CITY STREET,09/25/2014 10:45:00 AM,2014 September 25,10:45:00,2014,September,Thursday,HARRISON ST,07TH ST,12.0,Clear,Injury (Complaint of Pain),Vehicle/Pedestrian,Pedestrian,Crossing Not in Crosswalk,Dry,No Unusual Condition,Daylight,Intersection <= 20ft,0.0,1,1.0,Driver,East,Backing,Pedestrian,South,Proceeding Straight,POINT (-122.40633 37.77549),32.0,1.0,10.0,34.0,10
6800,vw_geo_sfpd_cr_switrs_all_types_col_cty_union.fid-c18a0c2_186644fdb18_-2000,31809,25222000.0,10569000.0,180841772,37.7896312898,-122.420495641,SFPD-INTERIM DB,CITY STREET,11/05/2018 06:48:00 PM,2018 November 05,18:48:00,2018,November,Monday,POLK ST,PINE ST,4.0,Clear,Injury (Other Visible),Vehicle/Pedestrian,Pedestrian,Crossing in Crosswalk at Intersection,Dry,No Unusual Condition,Dark - Street Lights,Intersection <= 20ft,0.0,1,,Pedestrian,West,Other,Driver,North,Making Right Turn,POINT (-122.420494 37.78963),105.0,4.0,3.0,21.0,18
6806,vw_geo_sfpd_cr_switrs_all_types_col_cty_union.fid-c18a0c2_186644fdb18_-31e4,18548,24388000.0,,170602932,37.773053453993,-122.418618216707,SFPD-CROSSROADS,CITY STREET,07/24/2017 05:56:00 PM,2017 July 24,17:56:00,2017,July,Monday,MISSION ST,VAN NESS AVE,0.0,Clear,Injury (Complaint of Pain),Vehicle/Pedestrian,Pedestrian,Crossing Not in Crosswalk,Dry,No Unusual Condition,Daylight,Intersection <= 20ft,0.0,1,,Pedestrian,North,Proceeding Straight,Driver,East,Making Left Turn,POINT (-122.41862 37.773052),32.0,1.0,10.0,20.0,17
6821,vw_geo_sfpd_cr_switrs_all_types_col_cty_union.fid-c18a0c2_186644fdb18_-31a8,23333,24494000.0,,170630165,37.7860675325167,-122.392936685291,SFPD-CROSSROADS,CITY STREET,08/03/2017 07:42:00 AM,2017 August 03,07:42:00,2017,August,Thursday,HARRISON ST,01ST ST,0.0,Clear,Injury (Complaint of Pain),Sideswipe,Pedestrian,Crossing in Crosswalk at Intersection,Dry,No Unusual Condition,Daylight,Intersection <= 20ft,0.0,1,1.0,Driver,South,Making Right Turn,Pedestrian,South,Proceeding Straight,POINT (-122.39294 37.786068),30.0,1.0,10.0,8.0,07
6836,vw_geo_sfpd_cr_switrs_all_types_col_cty_union.fid-c18a0c2_186644fdb18_-26f7,29595,26514000.0,,180102148,37.7849538796,-122.427988927,SFPD-INTERIM DB,CITY STREET,02/07/2018 03:15:00 PM,2018 February 07,15:15:00,2018,February,Wednesday,LAGUNA ST,GEARY BLVD,0.0,Clear,Injury (Other Visible),Vehicle/Pedestrian,Pedestrian,Crossing in Crosswalk at Intersection,Dry,No Unusual Condition,Daylight,Intersection <= 20ft,0.0,1,1.0,Driver,North,Making Left Turn,Pedestrian,South,Proceeding Straight,POINT (-122.427986 37.784954),100.0,4.0,11.0,39.0,15
6846,vw_geo_sfpd_cr_switrs_all_types_col_cty_union.fid-c18a0c2_186644fdb18_-3749,33783,25352000.0,12212000.0,170018298,37.7994366626335,-122.409002429175,SFPD-CROSSROADS,CITY STREET,01/07/2017 02:32:00 PM,2017 January 07,14:32:00,2017,January,Saturday,STOCKTON ST,COLUMBUS AVE,20.0,Clear,Injury (Complaint of Pain),Vehicle/Pedestrian,Pedestrian,Crossing Not in Crosswalk,Dry,No Unusual Condition,Daylight,Intersection <= 20ft,0.0,1,1.0,Pedestrian,East,Proceeding Straight,Driver,South,Making Left Turn,POINT (-122.409004 37.79944),106.0,6.0,3.0,6.0,14
6853,vw_geo_sfpd_cr_switrs_all_types_col_cty_union.fid-c18a0c2_186644fdb18_-2b98,33647,25057000.0,3155001.0,180198880,37.7976128594,-122.408735912,SFPD-INTERIM DB,CITY STREET,03/15/2018 05:00:00 AM,2018 March 15,05:00:00,2018,March,Thursday,BROADWAY,STOCKTON ST,34.0,Raining,Fatal,Vehicle/Pedestrian,Pedestrian,Crossing Not in Crosswalk,Wet,Obstruction on Roadway,Dark - Street Lights,Midblock > 20ft,1.0,0,1.0,Pedestrian,North,Not Stated,Driver,West,Proceeding Straight,POINT (-122.40874 37.79761),104.0,6.0,3.0,6.0,05
6854,vw_geo_sfpd_cr_switrs_all_types_col_cty_union.fid-c18a0c2_186644fdb18_-28e0,42287,27279000.0,429000.0,180269867,37.7736206847,-122.466971094,SFPD-INTERIM DB,CITY STREET,04/12/2018 09:34:00 AM,2018 April 12,09:34:00,2018,April,Thursday,09TH AVE,FULTON ST,98.0,Clear,Injury (Complaint of Pain),Vehicle/Pedestrian,Pedestrian,Crossing Not in Crosswalk,Dry,No Unusual Condition,Daylight,Midblock > 20ft,0.0,1,1.0,Pedestrian,East,Proceeding Straight,Driver,North,Proceeding Straight,POINT (-122.46697 37.77362),5.0,8.0,4.0,11.0,09
6866,vw_geo_sfpd_cr_switrs_all_types_col_cty_union.fid-c18a0c2_186644fdb18_-2f8e,25041,25138000.0,,170861241,37.7835156410232,-122.415882538545,SFPD-CROSSROADS,CITY STREET,10/21/2017 02:31:00 PM,2017 October 21,14:31:00,2017,October,Saturday,HYDE ST,EDDY ST,0.0,Clear,Injury (Complaint of Pain),Vehicle/Pedestrian,Pedestrian,Crossing Not in Crosswalk,Dry,No Unusual Condition,Daylight,Intersection <= 20ft,0.0,1,1.0,Pedestrian,East,Other,Driver,South,Making Right Turn,POINT (-122.415886 37.783516),20.0,5.0,10.0,36.0,14
6873,vw_geo_sfpd_cr_switrs_all_types_col_cty_union.fid-c18a0c2_186644fdb18_-2941,15337,23919000.0,,180246649,37.7772727021,-122.404070257,SFPD-INTERIM DB,CITY STREET,04/03/2018 01:35:00 PM,2018 April 03,13:35:00,2018,April,Tuesday,06TH ST,HARRISON ST,0.0,Clear,Injury (Other Visible),Vehicle/Pedestrian,Pedestrian,Crossing in Crosswalk at Intersection,Dry,No Unusual Condition,Daylight,Intersection <= 20ft,0.0,1,1.0,Driver,South,Making Left Turn,Pedestrian,East,Not Stated,POINT (-122.40407 37.77727),32.0,1.0,10.0,34.0,13
6875,vw_geo_sfpd_cr_switrs_all_types_col_cty_union.fid-c18a0c2_186644fdb18_-2780,42391,27444000.0,,180377658,37.7731389478,-122.471762123,SFPD-INTERIM DB,CITY STREET,05/21/2018 07:49:00 AM,2018 May 21,07:49:00,2018,May,Monday,PARK PRESIDIO BLVD,FULTON ST,0.0,Clear,Injury (Complaint of Pain),Vehicle/Pedestrian,Pedestrian,Crossing in Crosswalk at Intersection,Dry,No Unusual Condition,Daylight,Intersection <= 20ft,0.0,1,1.0,Pedestrian,East,Proceeding Straight,Driver,North,Proceeding Straight,POINT (-122.47176 37.77314),5.0,8.0,4.0,11.0,07
6882,vw_geo_sfpd_cr_switrs_all_types_col_cty_union.fid-c18a0c2_186644fdb18_-36f3,32976,26855000.000000004,4820000.0,170049118,37.7915912562877,-122.441146895921,SFPD-CROSSROADS,CITY STREET,01/18/2017 06:39:00 PM,2017 January 18,18:39:00,2017,January,Wednesday,DIVISADERO ST,JACKSON ST,15.0,Raining,Injury (Complaint of Pain),Vehicle/Pedestrian,Pedestrian,Crossing in Crosswalk at Intersection,Wet,No Unusual Condition,Dark - Street Lights,Intersection <= 20ft,0.0,1,1.0,Driver,South,Proceeding Straight,Pedestrian,East,Other,POINT (-122.44115 37.79159),102.0,4.0,6.0,30.0,18
6885,vw_geo_sfpd_cr_switrs_all_types_col_cty_union.fid-c18a0c2_186644fdb18_-2c1b,28441,24770000.0,7758000.0,150529845,37.7944742553787,-122.404800609297,SFPD-CROSSROADS,CITY STREET,06/17/2015 06:00:00 PM,2015 June 17,18:00:00,2015,June,Wednesday,KEARNY ST,CLAY ST,8.0,Clear,Fatal,Head-On,Pedestrian,Crossing in Crosswalk at Intersection,Dry,No Unusual Condition,Daylight,Intersection <= 20ft,1.0,0,,Driver,North,Making Left Turn,Pedestrian,West,Not Stated,POINT (-122.4048 37.794476),104.0,6.0,3.0,6.0,18
6905,vw_geo_sfpd_cr_switrs_all_types_col_cty_union.fid-c18a0c2_186644fdb18_-2df1,33272,24760000.0,,160975824,37.7975049447493,-122.402040983135,SFPD-CROSSROADS,CITY STREET,12/01/2016 07:40:00 AM,2016 December 01,07:40:00,2016,December,Thursday,SANSOME ST,PACIFIC AVE,0.0,Clear,Injury (Complaint of Pain),Vehicle/Pedestrian,Pedestrian,Crossing in Crosswalk at Intersection,Dry,No Unusual Condition,Daylight,Intersection <= 20ft,0.0,1,1.0,Driver,South,Making Left Turn,Pedestrian,East,Proceeding Straight,POINT (-122.40204 37.797504),106.0,6.0,3.0,6.0,07
6922,vw_geo_sfpd_cr_switrs_all_types_col_cty_union.fid-c18a0c2_186644fdb18_-26ca,7702,21306000.0,,180418898,37.7490412875,-122.418135252,SFPD-INTERIM DB,CITY STREET,06/05/2018 08:10:00 PM,2018 June 05,20:10:00,2018,June,Tuesday,MISSION ST,26TH ST,0.0,Clear,Injury (Complaint of Pain),Vehicle/Pedestrian,Pedestrian,Crossing Not in Crosswalk,Dry,No Unusual Condition,Dusk - Dawn,Intersection <= 20ft,0.0,1,1.0,Pedestrian,East,Making Left Turn,Driver,South,Proceeding Straight,POINT (-122.41814 37.749043),53.0,3.0,2.0,20.0,20
6923,vw_geo_sfpd_cr_switrs_all_types_col_cty_union.fid-c18a0c2_186644fdb18_-28bc,11433,25712000.0,887000.0,130384120,37.7613313246347,-122.427662793674,SFPD-CROSSROADS,CITY STREET,05/10/2013 01:51:00 PM,2013 May 10,13:51:00,2013,May,Friday,18TH ST,CHURCH ST,200.0,Clear,Injury (Complaint of Pain),Vehicle/Pedestrian,Pedestrian,Crossing Not in Crosswalk,Dry,No Unusual Condition,Daylight,Midblock > 20ft,0.0,1,1.0,Pedestrian,South,Proceeding Straight,Driver,East,Proceeding Straight,POINT (-122.427666 37.76133),37.0,3.0,5.0,5.0,13
6924,vw_geo_sfpd_cr_switrs_all_types_col_cty_union.fid-c18a0c2_186644fdb18_-2489,14877,23805000.0,,180549829,37.7801824494,-122.391064584,SFPD-INTERIM DB,CITY STREET,07/24/2018 09:33:00 AM,2018 July 24,09:33:00,2018,July,Tuesday,TOWNSEND ST,STANFORD ST,0.0,Clear,Injury (Other Visible),Vehicle/Pedestrian,Pedestrian,Crossing Not in Crosswalk,Dry,No Unusual Condition,Daylight,Intersection <= 20ft,0.0,1,1.0,Pedestrian,South,Proceeding Straight,Bicyclist,East,Proceeding Straight,POINT (-122.39107 37.78018),31.0,1.0,10.0,8.0,09
6937,vw_geo_sfpd_cr_switrs_all_types_col_cty_union.fid-c18a0c2_186644fdb18_-3295,12125,25698000.0,6577201.0,170536444,37.7648078810035,-122.424114513692,SFPD-CROSSROADS,CITY STREET,07/01/2017 09:55:00 PM,2017 July 01,21:55:00,2017,July,Saturday,GUERRERO ST,16TH ST,10.0,Clear,Injury (Other Visible),Vehicle/Pedestrian,Pedestrian,Crossing in Crosswalk at Intersection,Dry,No Unusual Condition,Dark - Street Lights,Intersection <= 20ft,0.0,1,1.0,Driver,North,Making Right Turn,Pedestrian,West,Proceeding Straight,POINT (-122.42412 37.76481),37.0,3.0,5.0,20.0,21
6939,vw_geo_sfpd_cr_switrs_all_types_col_cty_union.fid-c18a0c2_186644fdb18_-27a7,16706,24429000.0,8752201.0,180365528,37.7786581075,-122.414889119,SFPD-INTERIM DB,CITY STREET,05/16/2018 04:37:00 PM,2018 May 16,16:37:00,2018,May,Wednesday,MARKET ST,08TH ST,50.0,Clear,Injury (Other Visible),Vehicle/Pedestrian,Pedestrian,Crossing Not in Crosswalk,Dry,No Unusual Condition,Daylight,Midblock > 20ft,0.0,1,1.0,Pedestrian,North,Proceeding Straight,Driver,East,Proceeding Straight,POINT (-122.41489 37.77866),21.0,5.0,10.0,36.0,16
6945,vw_geo_sfpd_cr_switrs_all_types_col_cty_union.fid-c18a0c2_186644fdb18_-2de6,7138,21329000.000000004,9136000.0,171008832,37.7425589447749,-122.421850049818,SFPD-CROSSROADS,CITY STREET,12/13/2017 08:14:00 PM,2017 December 13,20:14:00,2017,December,Wednesday,MISSION ST,30TH ST,75.0,Clear,Injury (Other Visible),Broadside,Pedestrian,Not in Road,Dry,No Unusual Condition,Dark - Street Lights,Midblock > 20ft,0.0,2,3.0,Driver,South,Ran Off Road,Driver,South,Ran Off Road,POINT (-122.42185 37.742558),83.0,9.0,2.0,2.0,20
6946,vw_geo_sfpd_cr_switrs_all_types_col_cty_union.fid-c18a0c2_186644fdb18_-1f20,37193,23021000.000000004,,180908184,37.7204426322,-122.475225476,SFPD-INTERIM DB,CITY STREET,12/01/2018 09:54:00 PM,2018 December 01,21:54:00,2018,December,Saturday,CRESPI DR,19TH AVE,0.0,Clear,Injury (Complaint of Pain),Vehicle/Pedestrian,Pedestrian,Crossing in Crosswalk at Intersection,Dry,No Unusual Condition,Dark - Street Lights,Intersection <= 20ft,0.0,1,1.0,Driver,West,Making Right Turn,Pedestrian,South,Proceeding Straight,POINT (-122.47523 37.720444),42.0,10.0,8.0,16.0,21
6947,vw_geo_sfpd_cr_switrs_all_types_col_cty_union.fid-c18a0c2_186644fdb18_-2a2b,29912,25182000.000000004,,180192694,37.7858929007,-122.419738734,SFPD-INTERIM DB,CITY STREET,03/13/2018 09:06:00 PM,2018 March 13,21:06:00,2018,March,Tuesday,GEARY ST,POLK ST,0.0,Raining,Injury (Complaint of Pain),Vehicle/Pedestrian,Pedestrian,Crossing in Crosswalk at Intersection,Wet,No Unusual Condition,Dark - Street Lights,Intersection <= 20ft,0.0,1,1.0,Driver,South,Making Left Turn,Pedestrian,West,Proceeding Straight,POINT (-122.41974 37.785892),20.0,4.0,10.0,36.0,21
6953,vw_geo_sfpd_cr_switrs_all_types_col_cty_union.fid-c18a0c2_186644fdb18_-3496,7072,21329000.000000004,,170321013,37.7423753982582,-122.421968762037,SFPD-CROSSROADS,CITY STREET,04/19/2017 01:48:00 PM,2017 April 19,13:48:00,2017,April,Wednesday,MISSION ST,30TH ST,0.0,Clear,Injury (Complaint of Pain),Vehicle/Pedestrian,Pedestrian,Crossing in Crosswalk at Intersection,Dry,No Unusual Condition,Daylight,Intersection <= 20ft,0.0,1,1.0,Driver,South,Making Right Turn,Pedestrian,West,Other,POINT (-122.42197 37.742374),83.0,9.0,2.0,2.0,13
6987,vw_geo_sfpd_cr_switrs_all_types_col_cty_union.fid-c18a0c2_186644fdb18_-2e49,2979,20619000.0,,170977666,37.7302919288035,-122.399866974808,SFPD-CROSSROADS,CITY STREET,12/02/2017 07:00:00 PM,2017 December 02,19:00:00,2017,December,Saturday,PHELPS ST,VESTA ST,0.0,Clear,Injury (Other Visible),Vehicle/Pedestrian,Pedestrian,Crossing in Crosswalk at Intersection,Dry,No Unusual Condition,Dark - Street Lights,Intersection <= 20ft,0.0,1,,Driver,West,Proceeding Straight,Pedestrian,North,Proceeding Straight,POINT (-122.399864 37.730293),87.0,2.0,9.0,1.0,19
6988,vw_geo_sfpd_cr_switrs_all_types_col_cty_union.fid-c18a0c2_186644fdb18_-24e7,28322,24698000.000000004,2757000.0,180517763,37.7946686361,-122.400258561,SFPD-INTERIM DB,CITY STREET,07/12/2018 05:40:00 PM,2018 July 12,17:40:00,2018,July,Thursday,BATTERY ST,CLAY ST,127.0,Clear,Injury (Complaint of Pain),Vehicle/Pedestrian,Pedestrian,Crossing Not in Crosswalk,Dry,No Unusual Condition,Daylight,Midblock > 20ft,0.0,1,1.0,Pedestrian,West,Other,Driver,South,Proceeding Straight,POINT (-122.40026 37.79467),108.0,6.0,3.0,6.0,17