,id,unique_id,cnn_intrsctn_fkey,cnn_sgmt_fkey,case_id_pkey,tb_latitude,tb_longitude,geocode_source,geocode_location,collision_datetime,collision_date,collision_time,accident_year,month,day_of_week,primary_rd,secondary_rd,distance,weather_1,collision_severity,type_of_collision,mviw,ped_action,road_surface,road_cond_1,lighting,intersection,number_killed,number_injured,party_at_fault,party1_type,party1_dir_of_travel,party1_move_pre_acc,party2_type,party2_dir_of_travel,party2_move_pre_acc,point,Neighborhoods,Current Police Districts,Current Supervisor Districts,Analysis Neighborhoods,hour
6991,vw_geo_sfpd_cr_switrs_all_types_col_cty_union.fid-c18a0c2_186644fdb18_-34e3,13857,24199000.0,3297000.0,170283372,37.7724786930262,-122.407028472334,SFPD-CROSSROADS,CITY STREET,04/06/2017 08:23:00 PM,2017 April 06,20:23:00,2017,April,Thursday,BRYANT ST,08TH ST,25.0,Raining,Injury (Complaint of Pain),Vehicle/Pedestrian,Pedestrian,Crossing Not in Crosswalk,Wet,No Unusual Condition,Dark - Street Lights,Midblock > 20ft,0.0,1,1.0,Pedestrian,South,Proceeding Straight,Driver,East,Proceeding Straight,POINT (-122.40703 37.77248),33.0,1.0,10.0,34.0,20
7000,vw_geo_sfpd_cr_switrs_all_types_col_cty_union.fid-c18a0c2_186644fdb18_-32d5,31754,25204000.0,3443000.0,170507194,37.7888300006236,-122.41928009209,SFPD-CROSSROADS,CITY STREET,06/22/2017 12:04:00 AM,2017 June 22,00:04:00,2017,June,Thursday,BUSH ST,LARKIN ST,183.0,Clear,Injury (Severe),Vehicle/Pedestrian,Pedestrian,"In Road, Including Shoulder",Dry,No Unusual Condition,Dark - Street Lights,Midblock > 20ft,0.0,1,1.0,Driver,East,Proceeding Straight,Driver,East,Stopped In Road,POINT (-122.41928 37.78883),50.0,4.0,3.0,21.0,00
7004,vw_geo_sfpd_cr_switrs_all_types_col_cty_union.fid-c18a0c2_186644fdb18_-2b62,2164,22105000.0,,170981485,37.720724223985,-122.446608650168,SFPD-CROSSROADS,CITY STREET,12/04/2017 11:37:00 AM,2017 December 04,11:37:00,2017,December,Monday,SAN JOSE AVE,GENEVA AVE,0.0,Clear,Injury (Other Visible),Vehicle/Pedestrian,Pedestrian,Crossing in Crosswalk at Intersection,Dry,No Unusual Condition,Daylight,Intersection <= 20ft,0.0,1,,Driver,South,Making Left Turn,Pedestrian,North,Proceeding Straight,POINT (-122.44661 37.720726),80.0,9.0,1.0,28.0,11
7009,vw_geo_sfpd_cr_switrs_all_types_col_cty_union.fid-c18a0c2_186644fdb18_-3056,35555,26978000.0,,170772450,37.801125699925,-122.44136827406,SFPD-CROSSROADS,CITY STREET,09/21/2017 06:27:00 PM,2017 September 21,18:27:00,2017,September,Thursday,FRANCISCO ST,SCOTT ST,0.0,Clear,Injury (Severe),Vehicle/Pedestrian,Pedestrian,Crossing Not in Crosswalk,Dry,No Unusual Condition,Daylight,Intersection <= 20ft,0.0,2,1.0,Pedestrian,South,Proceeding Straight,Pedestrian,South,Proceeding Straight,POINT (-122.44137 37.801125),17.0,4.0,6.0,13.0,18
7016,vw_geo_sfpd_cr_switrs_all_types_col_cty_union.fid-c18a0c2_186644fdb18_-2a6b,10377,24111000.000000004,,170210121,37.7554369364443,-122.418747574108,SFPD-CROSSROADS,CITY STREET,03/14/2017 01:37:00 PM,2017 March 14,13:37:00,2017,March,Tuesday,22ND ST,MISSION ST,0.0,Clear,Injury (Complaint of Pain),Vehicle/Pedestrian,Pedestrian,Crossing Not in Crosswalk,Dry,No Unusual Condition,Daylight,Intersection <= 20ft,0.0,1,1.0,Pedestrian,North,Proceeding Straight,Driver,East,Backing,POINT (-122.41875 37.755436),53.0,3.0,2.0,20.0,13
7019,vw_geo_sfpd_cr_switrs_all_types_col_cty_union.fid-c18a0c2_186644fdb18_-2115,34998,26691000.000000004,,170431913,37.8015580526464,-122.422901798105,SFPD-CROSSROADS,CITY STREET,05/25/2017 01:15:00 PM,2017 May 25,13:15:00,2017,May,Thursday,LOMBARD ST,POLK ST,0.0,Clear,Injury (Complaint of Pain),Sideswipe,Pedestrian,"In Road, Including Shoulder",Dry,No Unusual Condition,Daylight,Intersection <= 20ft,0.0,1,1.0,Pedestrian,East,Stopped In Road,Driver,West,Proceeding Straight,POINT (-122.422905 37.80156),107.0,4.0,6.0,32.0,13
7023,vw_geo_sfpd_cr_switrs_all_types_col_cty_union.fid-c18a0c2_186644fdb18_-294f,33402,25060000.000000004,,180243463,37.7978223023,-122.407016163,SFPD-INTERIM DB,CITY STREET,04/02/2018 11:33:00 AM,2018 April 02,11:33:00,2018,April,Monday,GRANT AVE,BROADWAY,0.0,Clear,Injury (Severe),Vehicle/Pedestrian,Pedestrian,Crossing in Crosswalk at Intersection,Dry,Construction or Repair Zone,Daylight,Intersection <= 20ft,0.0,1,1.0,Driver,West,Making Right Turn,Pedestrian,West,Not Stated,POINT (-122.40701 37.79782),104.0,6.0,3.0,6.0,11
7031,vw_geo_sfpd_cr_switrs_all_types_col_cty_union.fid-c18a0c2_186644fdb18_-27e7,23007,24486000.0,5438000.0,180345774,37.7827834283,-122.392913398,SFPD-INTERIM DB,CITY STREET,05/09/2018 03:42:00 PM,2018 May 09,15:42:00,2018,May,Wednesday,FEDERAL ST,02ND ST,69.0,Clear,Injury (Other Visible),Vehicle/Pedestrian,Pedestrian,Crossing Not in Crosswalk,Dry,No Unusual Condition,Daylight,Midblock > 20ft,0.0,1,1.0,Driver,East,Proceeding Straight,Pedestrian,North,Proceeding Straight,POINT (-122.392914 37.782784),31.0,1.0,10.0,8.0,15
7042,vw_geo_sfpd_cr_switrs_all_types_col_cty_union.fid-c18a0c2_186644fdb18_-29d3,18081,25982000.000000004,600000.0,180214094,37.7674569455,-122.433485169,SFPD-INTERIM DB,CITY STREET,03/22/2018 06:20:00 AM,2018 March 22,06:20:00,2018,March,Thursday,14TH ST,NOE ST,22.0,Raining,Injury (Other Visible),Vehicle/Pedestrian,Pedestrian,Crossing in Crosswalk at Intersection,Wet,No Unusual Condition,Dark - Street Lights,Midblock > 20ft,0.0,1,1.0,Driver,North,Making Left Turn,Pedestrian,West,Not Stated,POINT (-122.43349 37.767456),28.0,7.0,5.0,5.0,06
7044,vw_geo_sfpd_cr_switrs_all_types_col_cty_union.fid-c18a0c2_186644fdb18_-2bd8,17230,24333000.0,,171027387,37.7807191769573,-122.415315615362,SFPD-CROSSROADS,CITY STREET,12/20/2017 12:27:00 PM,2017 December 20,12:27:00,2017,December,Wednesday,MCALLISTER ST,HYDE ST,0.0,Clear,Injury (Other Visible),Vehicle/Pedestrian,Pedestrian,Crossing in Crosswalk at Intersection,Dry,No Unusual Condition,Daylight,Intersection <= 20ft,0.0,1,1.0,Driver,South,Making Left Turn,Pedestrian,East,Proceeding Straight,POINT (-122.41531 37.78072),21.0,5.0,10.0,36.0,12
7053,vw_geo_sfpd_cr_switrs_all_types_col_cty_union.fid-c18a0c2_186644fdb18_-266e,34515,25485000.0,,130246627,37.8074825126548,-122.413975007362,SFPD-CROSSROADS,CITY STREET,03/25/2013 12:55:00 PM,2013 March 25,12:55:00,2013,March,Monday,MASON ST,BEACH ST,0.0,Clear,Injury (Other Visible),Vehicle/Pedestrian,Pedestrian,Crossing Not in Crosswalk,Dry,No Unusual Condition,Daylight,Intersection <= 20ft,0.0,1,1.0,Pedestrian,West,Other,Driver,South,Making Left Turn,POINT (-122.41398 37.807484),99.0,6.0,3.0,23.0,12
7060,vw_geo_sfpd_cr_switrs_all_types_col_cty_union.fid-c18a0c2_186644fdb18_-29c8,6449,21177000.0,2486201.0,141065618,37.7482619736285,-122.413695979905,SFPD-CROSSROADS,CITY STREET,12/19/2014 01:22:00 PM,2014 December 19,13:22:00,2014,December,Friday,CESAR CHAVEZ ST,FOLSOM ST,9.0,Raining,Injury (Complaint of Pain),Vehicle/Pedestrian,Pedestrian,Crossing in Crosswalk at Intersection,Wet,No Unusual Condition,Daylight,Intersection <= 20ft,0.0,1,1.0,Driver,North,Making Left Turn,Pedestrian,North,Proceeding Straight,POINT (-122.4137 37.74826),53.0,3.0,2.0,2.0,13
7062,vw_geo_sfpd_cr_switrs_all_types_col_cty_union.fid-c18a0c2_186644fdb18_-3769,36870,22551000.0,,170007592,37.7161260716733,-122.47157204499,SFPD-CROSSROADS,CITY STREET,01/03/2017 08:00:00 PM,2017 January 03,20:00:00,2017,January,Tuesday,RANDOLPH ST,19TH AVE (N),0.0,Raining,Injury (Other Visible),Head-On,Pedestrian,Crossing in Crosswalk at Intersection,Wet,No Unusual Condition,Dark - Street Lights,Intersection <= 20ft,0.0,1,1.0,Driver,North,Proceeding Straight,Pedestrian,North,Proceeding Straight,POINT (-122.47157 37.716125),65.0,10.0,1.0,24.0,20
7065,vw_geo_sfpd_cr_switrs_all_types_col_cty_union.fid-c18a0c2_186644fdb18_-253a,13514,33031000.0,4932000.0,140694486,37.769839408273,-122.407904929017,SFPD-CROSSROADS,CITY STREET,08/19/2014 09:41:00 AM,2014 August 19,09:41:00,2014,August,Tuesday,DORE ST,BRANNAN ST,130.0,Cloudy,Injury (Complaint of Pain),Vehicle/Pedestrian,Pedestrian,"In Road, Including Shoulder",Dry,No Unusual Condition,Daylight,Midblock > 20ft,0.0,1,1.0,Driver,North,Backing,Pedestrian,West,Stopped In Road,POINT (-122.407906 37.76984),33.0,1.0,10.0,34.0,09
7066,vw_geo_sfpd_cr_switrs_all_types_col_cty_union.fid-c18a0c2_186644fdb18_-33b4,8785,24077000.0,5696000.0,170414903,37.7557223454193,-122.414389804225,SFPD-CROSSROADS,CITY STREET,05/20/2017 06:50:00 PM,2017 May 20,18:50:00,2017,May,Saturday,FOLSOM ST,22ND ST,8.0,Clear,Injury (Other Visible),Vehicle/Pedestrian,Pedestrian,Crossing in Crosswalk at Intersection,Dry,No Unusual Condition,Daylight,Intersection <= 20ft,0.0,1,,Driver,North,Making Right Turn,Pedestrian,East,Proceeding Straight,POINT (-122.41439 37.755722),53.0,3.0,2.0,20.0,18
7067,vw_geo_sfpd_cr_switrs_all_types_col_cty_union.fid-c18a0c2_186644fdb18_-340c,4880,21940000.0,,170376745,37.7335503435319,-122.434144537279,SFPD-CROSSROADS,CITY STREET,05/05/2017 02:15:00 PM,2017 May 05,14:15:00,2017,May,Friday,BOSWORTH ST,DIAMOND ST,0.0,Clear,Injury (Complaint of Pain),Sideswipe,Pedestrian,Crossing in Crosswalk at Intersection,Dry,No Unusual Condition,Daylight,Intersection <= 20ft,0.0,1,1.0,Driver,South,Backing,Pedestrian,East,Proceeding Straight,POINT (-122.43414 37.73355),96.0,9.0,5.0,41.0,14
7068,vw_geo_sfpd_cr_switrs_all_types_col_cty_union.fid-c18a0c2_186644fdb18_-2577,42205,27257000.0,,180486102,37.7726085231,-122.465824687,SFPD-INTERIM DB,CITY STREET,06/30/2018 06:20:00 PM,2018 June 30,18:20:00,2018,June,Saturday,JOHN F KENNEDY DR,08TH AVE,0.0,Clear,Injury (Other Visible),Broadside,Pedestrian,Crossing in Crosswalk at Intersection,Dry,No Unusual Condition,Daylight,Intersection <= 20ft,0.0,1,1.0,Driver,East,Making Left Turn,Pedestrian,North,Proceeding Straight,POINT (-122.46583 37.77261),9.0,8.0,4.0,12.0,18
7090,vw_geo_sfpd_cr_switrs_all_types_col_cty_union.fid-c18a0c2_186644fdb18_-3000,25608,24620000.000000004,,170809702,37.7878896135953,-122.401043045584,SFPD-CROSSROADS,CITY STREET,10/04/2017 01:05:00 PM,2017 October 04,13:05:00,2017,October,Wednesday,NEW MONTGOMERY ST,JESSIE ST,0.0,Clear,Injury (Complaint of Pain),Vehicle/Pedestrian,Pedestrian,"In Road, Including Shoulder",Dry,No Unusual Condition,Daylight,Intersection <= 20ft,0.0,1,,Driver,South,Proceeding Straight,Pedestrian,West,Other,POINT (-122.40105 37.78789),32.0,6.0,10.0,8.0,13
7091,vw_geo_sfpd_cr_switrs_all_types_col_cty_union.fid-c18a0c2_186644fdb18_-20f7,44020,27542000.0,6080201.0,180773410,37.7801512641,-122.483648049,SFPD-INTERIM DB,CITY STREET,10/12/2018 09:22:00 AM,2018 October 12,09:22:00,2018,October,Friday,GEARY BLVD,24TH AVE,5.0,Clear,Injury (Complaint of Pain),Vehicle/Pedestrian,Pedestrian,Crossing in Crosswalk at Intersection,Dry,No Unusual Condition,Daylight,Intersection <= 20ft,0.0,1,1.0,Driver,East,Making Left Turn,Pedestrian,South,Other,POINT (-122.48365 37.78015),8.0,8.0,4.0,29.0,09
7092,vw_geo_sfpd_cr_switrs_all_types_col_cty_union.fid-c18a0c2_186644fdb18_-2c3b,10133,24138000.0,,180073583,37.7653146395,-122.415308388,SFPD-INTERIM DB,CITY STREET,01/27/2018 11:49:00 PM,2018 January 27,23:49:00,2018,January,Saturday,FOLSOM ST,16TH ST,0.0,Clear,Injury (Complaint of Pain),Vehicle/Pedestrian,Pedestrian,Crossing Not in Crosswalk,Dry,No Unusual Condition,Dark - Street Lights,Intersection <= 20ft,0.0,1,1.0,Pedestrian,South,Crossed Into Opposing Lane,Driver,East,Proceeding Straight,POINT (-122.415306 37.765316),53.0,3.0,2.0,20.0,23
7094,vw_geo_sfpd_cr_switrs_all_types_col_cty_union.fid-c18a0c2_186644fdb18_-2072,15574,24414000.0,9108000.0,160975937,37.7752625940959,-122.41592013661,SFPD-CROSSROADS,CITY STREET,12/01/2016 08:40:00 AM,2016 December 01,08:40:00,2016,December,Thursday,MISSION ST,10TH ST,5.0,Clear,Injury (Severe),Vehicle/Pedestrian,Pedestrian,Crossing in Crosswalk at Intersection,Dry,No Unusual Condition,Daylight,Intersection <= 20ft,0.0,1,1.0,Driver,West,Backing,Pedestrian,South,Proceeding Straight,POINT (-122.41592 37.77526),32.0,1.0,10.0,34.0,08
7096,vw_geo_sfpd_cr_switrs_all_types_col_cty_union.fid-c18a0c2_186644fdb18_-3140,24826,24929000.0,5060000.0,170670321,37.7840293592506,-122.411832080738,SFPD-CROSSROADS,CITY STREET,08/17/2017 02:12:00 PM,2017 August 17,14:12:00,2017,August,Thursday,EDDY ST,JONES ST,223.0,Clear,Injury (Complaint of Pain),Head-On,Pedestrian,Not in Road,Dry,No Unusual Condition,Daylight,Midblock > 20ft,0.0,1,1.0,Bicyclist,West,Proceeding Straight,Pedestrian,North,Proceeding Straight,POINT (-122.411835 37.78403),20.0,5.0,10.0,36.0,14
7101,vw_geo_sfpd_cr_switrs_all_types_col_cty_union.fid-c18a0c2_186644fdb18_-3654,33550,24795000.0,3150000.0,170118155,37.7980577211476,-122.405154495237,SFPD-CROSSROADS,CITY STREET,02/11/2017 12:20:00 AM,2017 February 11,00:20:00,2017,February,Saturday,BROADWAY,KEARNY ST,93.0,Clear,Injury (Complaint of Pain),Vehicle/Pedestrian,Pedestrian,Crossing Not in Crosswalk,Dry,No Unusual Condition,Dark - Street Lights,Midblock > 20ft,0.0,2,,Pedestrian,North,Proceeding Straight,Driver,East,Proceeding Straight,POINT (-122.40515 37.798058),106.0,6.0,3.0,23.0,00
7108,vw_geo_sfpd_cr_switrs_all_types_col_cty_union.fid-c18a0c2_186644fdb18_-31be,16253,23906000.0,258000.0,170621841,37.7808013287258,-122.399628559308,SFPD-CROSSROADS,CITY STREET,07/31/2017 01:50:00 PM,2017 July 31,13:50:00,2017,July,Monday,04TH ST,HARRISON ST,5.0,Clear,Injury (Complaint of Pain),Vehicle/Pedestrian,Pedestrian,"In Road, Including Shoulder",Dry,No Unusual Condition,Daylight,Intersection <= 20ft,0.0,1,1.0,Driver,North,Making Right Turn,Pedestrian,East,Not Stated,POINT (-122.39963 37.7808),32.0,1.0,10.0,34.0,13
7118,vw_geo_sfpd_cr_switrs_all_types_col_cty_union.fid-c18a0c2_186644fdb18_-2dad,30811,26608000.0,5549000.0,171030857,37.7870034501784,-122.433456449031,SFPD-CROSSROADS,CITY STREET,12/21/2017 04:15:00 PM,2017 December 21,16:15:00,2017,December,Thursday,FILLMORE ST,BUSH ST,6.0,Clear,Injury (Complaint of Pain),Vehicle/Pedestrian,Pedestrian,Crossing in Crosswalk at Intersection,Dry,No Unusual Condition,Daylight,Intersection <= 20ft,0.0,1,1.0,Driver,South,Making Right Turn,Pedestrian,East,Proceeding Straight,POINT (-122.43346 37.787003),103.0,4.0,11.0,30.0,16
7120,vw_geo_sfpd_cr_switrs_all_types_col_cty_union.fid-c18a0c2_186644fdb18_-24e9,24187,24922000.0,,180517252,37.7822305756,-122.410292027,SFPD-INTERIM DB,CITY STREET,07/12/2018 03:40:00 PM,2018 July 12,15:40:00,2018,July,Thursday,MARKET ST,06TH ST,0.0,Clear,Injury (Other Visible),Vehicle/Pedestrian,Pedestrian,Crossing in Crosswalk at Intersection,Dry,No Unusual Condition,Daylight,Intersection <= 20ft,0.0,1,1.0,Pedestrian,East,Proceeding Straight,Driver,East,Proceeding Straight,POINT (-122.41029 37.78223),32.0,5.0,10.0,34.0,15
7132,vw_geo_sfpd_cr_switrs_all_types_col_cty_union.fid-c18a0c2_186644fdb18_-3076,14426,23819000.0,,170758585,37.7745780675587,-122.396261346565,SFPD-CROSSROADS,CITY STREET,09/16/2017 09:11:00 PM,2017 September 16,21:11:00,2017,September,Saturday,05TH ST,KING ST,0.0,Clear,Injury (Complaint of Pain),Vehicle/Pedestrian,Pedestrian,Crossing Not in Crosswalk,Dry,No Unusual Condition,Dark - Street Lights,Intersection <= 20ft,0.0,1,1.0,Pedestrian,South,Proceeding Straight,Driver,West,Proceeding Straight,POINT (-122.39626 37.77458),34.0,1.0,10.0,4.0,21
7140,vw_geo_sfpd_cr_switrs_all_types_col_cty_union.fid-c18a0c2_186644fdb18_-3193,10491,25641000.0,,170637854,37.7532917856356,-122.427583225376,SFPD-CROSSROADS,CITY STREET,08/05/2017 10:47:00 PM,2017 August 05,22:47:00,2017,August,Saturday,23RD ST,CHURCH ST,0.0,Clear,Injury (Complaint of Pain),Vehicle/Pedestrian,Pedestrian,Crossing in Crosswalk at Intersection,Dry,No Unusual Condition,Dark - Street Lights,Intersection <= 20ft,0.0,1,1.0,Driver,North,Making Left Turn,Pedestrian,West,Proceeding Straight,POINT (-122.42758 37.753292),52.0,3.0,5.0,22.0,22
7146,vw_geo_sfpd_cr_switrs_all_types_col_cty_union.fid-c18a0c2_186644fdb18_-1f5b,25882,24908000.0,,180895581,37.7884994798,-122.406771144,SFPD-INTERIM DB,CITY STREET,11/27/2018 05:50:00 AM,2018 November 27,05:50:00,2018,November,Tuesday,POST ST,STOCKTON ST,0.0,Clear,Injury (Other Visible),Vehicle/Pedestrian,Pedestrian,Crossing in Crosswalk at Intersection,Dry,No Unusual Condition,Dark - Street Lights,Intersection <= 20ft,0.0,1,1.0,Driver,East,Making Left Turn,Pedestrian,North,Proceeding Straight,POINT (-122.40677 37.788498),19.0,6.0,3.0,8.0,05
7151,vw_geo_sfpd_cr_switrs_all_types_col_cty_union.fid-c18a0c2_186644fdb18_-31b7,27027,30727000.000000004,,140857173,37.7932563499175,-122.396302004314,SFPD-CROSSROADS,CITY STREET,10/10/2014 05:16:00 PM,2014 October 10,17:16:00,2014,October,Friday,MARKET ST,DRUMM ST,0.0,Clear,Injury (Complaint of Pain),Vehicle/Pedestrian,Pedestrian,Crossing in Crosswalk at Intersection,Dry,No Unusual Condition,Daylight,Intersection <= 20ft,0.0,1,1.0,Driver,North,Proceeding Straight,Pedestrian,West,Proceeding Straight,POINT (-122.3963 37.793255),108.0,6.0,10.0,8.0,17
7157,vw_geo_sfpd_cr_switrs_all_types_col_cty_union.fid-c18a0c2_186644fdb18_-218c,34275,25461000.0,,170028883,37.8058249309143,-122.411950087032,SFPD-CROSSROADS,CITY STREET,01/11/2017 03:51:00 PM,2017 January 11,15:51:00,2017,January,Wednesday,BAY ST,POWELL ST,0.0,Clear,Injury (Complaint of Pain),Vehicle/Pedestrian,Pedestrian,Crossing in Crosswalk at Intersection,Dry,No Unusual Condition,Daylight,Intersection <= 20ft,0.0,1,1.0,Driver,East,Making Left Turn,Pedestrian,South,Proceeding Straight,POINT (-122.41195 37.805824),106.0,6.0,3.0,23.0,15
7163,vw_geo_sfpd_cr_switrs_all_types_col_cty_union.fid-c18a0c2_186644fdb18_-22a3,13823,23856000.0,,180687560,37.7730511016,-122.403205081,SFPD-INTERIM DB,CITY STREET,09/11/2018 10:49:00 AM,2018 September 11,10:49:00,2018,September,Tuesday,07TH ST,BRANNAN ST,0.0,Clear,Injury (Complaint of Pain),Vehicle/Pedestrian,Pedestrian,Crossing in Crosswalk at Intersection,Dry,No Unusual Condition,Daylight,Intersection <= 20ft,0.0,1,,Pedestrian,East,Proceeding Straight,Driver,North,Making Right Turn,POINT (-122.403206 37.773052),32.0,1.0,10.0,34.0,10
7170,vw_geo_sfpd_cr_switrs_all_types_col_cty_union.fid-c18a0c2_186644fdb18_-2895,34166,24881000.000000004,,170612925,37.8066736315686,-122.405658784448,SFPD-CROSSROADS,CITY STREET,07/28/2017 07:18:00 AM,2017 July 28,07:18:00,2017,July,Friday,BAY ST,THE EMBARCADERO,0.0,Clear,Injury (Complaint of Pain),Vehicle/Pedestrian,Pedestrian,Crossing in Crosswalk at Intersection,Dry,No Unusual Condition,Daylight,Intersection <= 20ft,0.0,1,1.0,Driver,East,Making Right Turn,Pedestrian,North,Proceeding Straight,POINT (-122.40566 37.806675),99.0,6.0,3.0,23.0,07
7174,vw_geo_sfpd_cr_switrs_all_types_col_cty_union.fid-c18a0c2_186644fdb18_-2d23,31217,26908000.000000004,,180014468,37.7821166036,-122.450092302,SFPD-INTERIM DB,CITY STREET,01/06/2018 08:25:00 AM,2018 January 06,08:25:00,2018,January,Saturday,GEARY BLVD,COLLINS ST,0.0,Clear,Injury (Complaint of Pain),Vehicle/Pedestrian,Pedestrian,Not in Road,Dry,No Unusual Condition,Daylight,Intersection <= 20ft,0.0,1,,Driver,South,Making Right Turn,Pedestrian,West,Proceeding Straight,POINT (-122.45009 37.782116),12.0,8.0,4.0,18.0,08
7175,vw_geo_sfpd_cr_switrs_all_types_col_cty_union.fid-c18a0c2_186644fdb18_-35fc,8090,22316000.0,,170157573,37.7486645010029,-122.438246125391,SFPD-CROSSROADS,CITY STREET,02/24/2017 01:32:00 PM,2017 February 24,13:32:00,2017,February,Friday,DOUGLASS ST,CLIPPER ST,0.0,Clear,Injury (Other Visible),Vehicle/Pedestrian,Pedestrian,Crossing in Crosswalk at Intersection,Dry,No Unusual Condition,Daylight,Intersection <= 20ft,0.0,1,1.0,Driver,West,Proceeding Straight,Pedestrian,North,Proceeding Straight,POINT (-122.43825 37.748665),51.0,3.0,5.0,22.0,13
7192,vw_geo_sfpd_cr_switrs_all_types_col_cty_union.fid-c18a0c2_186644fdb18_-25bf,23899,24590000.0,,180471200,37.7850302849,-122.400468484,SFPD-INTERIM DB,CITY STREET,06/25/2018 01:13:00 PM,2018 June 25,13:13:00,2018,June,Monday,HOWARD ST,03RD ST,0.0,Clear,Injury (Complaint of Pain),Vehicle/Pedestrian,Pedestrian,Crossing in Crosswalk at Intersection,Dry,Construction or Repair Zone,Daylight,Intersection <= 20ft,0.0,1,1.0,Driver,West,Making Left Turn,Pedestrian,South,Proceeding Straight,POINT (-122.40047 37.78503),32.0,1.0,10.0,8.0,13
7195,vw_geo_sfpd_cr_switrs_all_types_col_cty_union.fid-c18a0c2_186644fdb18_-224c,33522,24768000.0,,141042810,37.7982229714129,-122.40386301806,SFPD-CROSSROADS,CITY STREET,12/11/2014 02:17:00 PM,2014 December 11,14:17:00,2014,December,Thursday,BROADWAY,MONTGOMERY ST,0.0,Raining,Injury (Complaint of Pain),Vehicle/Pedestrian,Pedestrian,Crossing in Crosswalk at Intersection,Slippery,No Unusual Condition,Dark - Street Lights,Intersection <= 20ft,0.0,1,1.0,Driver,North,Making Left Turn,Pedestrian,South,Not Stated,POINT (-122.40386 37.79822),106.0,6.0,3.0,23.0,14
7197,vw_geo_sfpd_cr_switrs_all_types_col_cty_union.fid-c18a0c2_186644fdb18_-27f9,34333,25480000.0,,180245964,37.8067580833,-122.412141425,SFPD-INTERIM DB,CITY STREET,04/03/2018 09:47:00 AM,2018 April 03,09:47:00,2018,April,Tuesday,NORTH POINT ST,POWELL ST,0.0,Clear,Injury (Complaint of Pain),Vehicle/Pedestrian,Pedestrian,Crossing in Crosswalk at Intersection,Dry,No Unusual Condition,Daylight,Intersection <= 20ft,0.0,1,1.0,Driver,East,Stopped In Road,Pedestrian,North,Proceeding Straight,POINT (-122.41214 37.80676),99.0,6.0,3.0,23.0,09
7202,vw_geo_sfpd_cr_switrs_all_types_col_cty_union.fid-c18a0c2_186644fdb18_-281f,13208,23880000.0,,180327556,37.7696590105,-122.405939204,SFPD-INTERIM DB,CITY STREET,05/03/2018 07:51:00 AM,2018 May 03,07:51:00,2018,May,Thursday,DIVISION ST,SAN BRUNO AVE,0.0,Cloudy,Injury (Complaint of Pain),Rear End,Pedestrian,Crossing in Crosswalk at Intersection,Dry,No Unusual Condition,Daylight,Intersection <= 20ft,0.0,2,1.0,Driver,East,Proceeding Straight,Driver,East,Stopped In Road,POINT (-122.40594 37.769657),33.0,3.0,9.0,20.0,07
7204,vw_geo_sfpd_cr_switrs_all_types_col_cty_union.fid-c18a0c2_186644fdb18_-2bac,33622,25064000.0,10690000.0,140108697,37.7964715210182,-122.410071675137,SFPD-CROSSROADS,CITY STREET,02/06/2014 12:20:00 PM,2014 February 06,12:20:00,2014,February,Thursday,POWELL ST,PACIFIC AVE,8.0,Raining,Injury (Complaint of Pain),Vehicle/Pedestrian,Pedestrian,Crossing in Crosswalk at Intersection,Wet,No Unusual Condition,Daylight,Intersection <= 20ft,0.0,1,1.0,Driver,South,Making Left Turn,Pedestrian,West,Proceeding Straight,POINT (-122.41007 37.79647),104.0,6.0,3.0,6.0,12
7206,vw_geo_sfpd_cr_switrs_all_types_col_cty_union.fid-c18a0c2_186644fdb18_-3547,35513,26964000.0,3980000.0,170239842,37.8003750599845,-122.439727268951,SFPD-CROSSROADS,CITY STREET,03/22/2017 06:45:00 PM,2017 March 22,18:45:00,2017,March,Wednesday,CHESTNUT ST,PIERCE ST,65.0,Clear,Injury (Other Visible),Vehicle/Pedestrian,Pedestrian,"In Road, Including Shoulder",Dry,No Unusual Condition,Daylight,Midblock > 20ft,0.0,1,1.0,Driver,East,Parked,Pedestrian,East,Stopped In Road,POINT (-122.43973 37.800377),17.0,4.0,6.0,13.0,18
7213,vw_geo_sfpd_cr_switrs_all_types_col_cty_union.fid-c18a0c2_186644fdb18_-3081,13219,33031000.0,,170753632,37.7695860762677,-122.407587387413,SFPD-CROSSROADS,CITY STREET,09/15/2017 08:15:00 AM,2017 September 15,08:15:00,2017,September,Friday,BRANNAN ST,DORE ST,0.0,Clear,Fatal,Vehicle/Pedestrian,Pedestrian,"In Road, Including Shoulder",Dry,No Unusual Condition,Daylight,Intersection <= 20ft,1.0,0,1.0,Pedestrian,West,Not Stated,Driver,West,Making Right Turn,POINT (-122.407585 37.769585),33.0,1.0,10.0,20.0,08
7235,vw_geo_sfpd_cr_switrs_all_types_col_cty_union.fid-c18a0c2_186644fdb18_-2d16,7898,24101000.0,,180019559,37.7521036455,-122.420664801,SFPD-INTERIM DB,CITY STREET,01/08/2018 09:00:00 AM,2018 January 08,09:00:00,2018,January,Monday,VALENCIA ST,24TH ST,0.0,Raining,Injury (Complaint of Pain),Vehicle/Pedestrian,Pedestrian,Crossing in Crosswalk at Intersection,Wet,No Unusual Condition,Daylight,Intersection <= 20ft,0.0,1,1.0,Driver,North,Making Left Turn,Pedestrian,West,Not Stated,POINT (-122.42066 37.7521),53.0,3.0,2.0,20.0,09