,id,unique_id,cnn_intrsctn_fkey,cnn_sgmt_fkey,case_id_pkey,tb_latitude,tb_longitude,geocode_source,geocode_location,collision_datetime,collision_date,collision_time,accident_year,month,day_of_week,primary_rd,secondary_rd,distance,weather_1,collision_severity,type_of_collision,mviw,ped_action,road_surface,road_cond_1,lighting,intersection,number_killed,number_injured,party_at_fault,party1_type,party1_dir_of_travel,party1_move_pre_acc,party2_type,party2_dir_of_travel,party2_move_pre_acc,point,Neighborhoods,Current Police Districts,Current Supervisor Districts,Analysis Neighborhoods,hour
7237,vw_geo_sfpd_cr_switrs_all_types_col_cty_union.fid-c18a0c2_186644fdb18_-274a,7020,21301000.0,8542000.0,140474658,37.7433372631421,-122.419228192534,SFPD-CROSSROADS,CITY STREET,06/07/2014 03:40:00 PM,2014 June 07,15:40:00,2014,June,Saturday,LUNDYS LN,VIRGINIA AVE,366.0,Clear,Injury (Other Visible),Vehicle/Pedestrian,Pedestrian,Crossing Not in Crosswalk,Dry,No Unusual Condition,Daylight,Midblock > 20ft,0.0,1,1.0,Pedestrian,West,Entering Traffic,Driver,South,Stopped In Road,POINT (-122.41923 37.743336),83.0,9.0,2.0,2.0,15
7247,vw_geo_sfpd_cr_switrs_all_types_col_cty_union.fid-c18a0c2_186644fdb18_-2102,43103,27278000.000000004,2651000.0,180767736,37.7771372262,-122.466136397,SFPD-INTERIM DB,CITY STREET,10/10/2018 09:18:00 AM,2018 October 10,09:18:00,2018,October,Wednesday,BALBOA ST,08TH AVE,5.0,Clear,Injury (Other Visible),Vehicle/Pedestrian,Pedestrian,Crossing in Crosswalk at Intersection,Dry,No Unusual Condition,Daylight,Intersection <= 20ft,0.0,1,1.0,Driver,East,Proceeding Straight,Pedestrian,North,Other,POINT (-122.46613 37.777138),5.0,8.0,4.0,11.0,09
7260,vw_geo_sfpd_cr_switrs_all_types_col_cty_union.fid-c18a0c2_186644fdb18_-3713,6381,21173000.0,2484201.0,170033268,37.7483164430798,-122.411429983684,SFPD-CROSSROADS,CITY STREET,01/13/2017 10:10:00 AM,2017 January 13,10:10:00,2017,January,Friday,CESAR CHAVEZ ST,HARRISON ST,18.0,Clear,Injury (Complaint of Pain),Vehicle/Pedestrian,Pedestrian,Crossing in Crosswalk at Intersection,Dry,No Unusual Condition,Daylight,Intersection <= 20ft,0.0,3,1.0,Driver,East,Making Left Turn,Pedestrian,North,Not Stated,POINT (-122.41143 37.748318),53.0,3.0,2.0,20.0,10
7261,vw_geo_sfpd_cr_switrs_all_types_col_cty_union.fid-c18a0c2_186644fdb18_-2ced,33398,25060000.000000004,3153000.0,160414333,37.7978419377492,-122.406854556794,SFPD-CROSSROADS,CITY STREET,05/21/2016 02:14:00 AM,2016 May 21,02:14:00,2016,May,Saturday,BROADWAY,COLUMBUS AVE,55.0,Clear,Injury (Complaint of Pain),Vehicle/Pedestrian,Pedestrian,Crossing Not in Crosswalk,Dry,No Unusual Condition,Dark - Street Lights,Midblock > 20ft,0.0,1,1.0,Pedestrian,South,Proceeding Straight,Driver,West,Proceeding Straight,POINT (-122.40685 37.79784),104.0,6.0,3.0,6.0,02
7263,vw_geo_sfpd_cr_switrs_all_types_col_cty_union.fid-c18a0c2_186644fdb18_-300e,6254,33083000.0,8700000.0,170802869,37.7481287810065,-122.403363014695,SFPD-CROSSROADS,CITY STREET,10/02/2017 06:58:00 AM,2017 October 02,06:58:00,2017,October,Monday,MARIN ST,BAY SHORE BLVD EXT,51.0,Clear,Injury (Other Visible),Sideswipe,Pedestrian,Crossing Not in Crosswalk,Dry,No Unusual Condition,Daylight,Midblock > 20ft,0.0,1,1.0,Pedestrian,North,Backing,Driver,East,Proceeding Straight,POINT (-122.403366 37.748127),85.0,2.0,9.0,1.0,06
7273,vw_geo_sfpd_cr_switrs_all_types_col_cty_union.fid-c18a0c2_186644fdb18_-2693,30087,25213000.0,,140831202,37.7854822439204,-122.423027552363,SFPD-CROSSROADS,CITY STREET,10/02/2014 04:57:00 PM,2014 October 02,16:57:00,2014,October,Thursday,FRANKLIN ST,GEARY BLVD,0.0,Clear,Injury (Severe),Vehicle/Pedestrian,Pedestrian,Crossing in Crosswalk at Intersection,Dry,No Unusual Condition,Daylight,Intersection <= 20ft,0.0,1,1.0,Driver,West,Making Left Turn,Pedestrian,North,Proceeding Straight,POINT (-122.42303 37.78548),100.0,4.0,11.0,39.0,16
7276,vw_geo_sfpd_cr_switrs_all_types_col_cty_union.fid-c18a0c2_186644fdb18_-3256,33951,25443000.0,5505000.0,170562966,37.8010393547566,-122.412063992612,SFPD-CROSSROADS,CITY STREET,07/11/2017 03:18:00 PM,2017 July 11,15:18:00,2017,July,Tuesday,FILBERT ST,MASON ST,174.0,Clear,Injury (Other Visible),Vehicle/Pedestrian,Pedestrian,Crossing Not in Crosswalk,Dry,No Unusual Condition,Daylight,Midblock > 20ft,0.0,1,1.0,Pedestrian,South,Entering Traffic,Driver,East,Proceeding Straight,POINT (-122.41206 37.80104),107.0,6.0,3.0,6.0,15
7283,vw_geo_sfpd_cr_switrs_all_types_col_cty_union.fid-c18a0c2_186644fdb18_-2e9f,31025,26811000.0,6105000.0,170946611,37.7828832962045,-122.442809300851,SFPD-CROSSROADS,CITY STREET,11/21/2017 10:28:00 AM,2017 November 21,10:28:00,2017,November,Tuesday,GEARY BLVD,SAINT JOSEPHS AVE,5.0,Clear,Injury (Other Visible),Vehicle/Pedestrian,Pedestrian,Crossing in Crosswalk at Intersection,Dry,No Unusual Condition,Daylight,Intersection <= 20ft,0.0,1,1.0,Driver,West,Making Left Turn,Pedestrian,North,Not Stated,POINT (-122.44281 37.782883),13.0,8.0,6.0,31.0,10
7292,vw_geo_sfpd_cr_switrs_all_types_col_cty_union.fid-c18a0c2_186644fdb18_-28c1,40246,27341000.000000004,,180274258,37.7561102154,-122.476554289,SFPD-INTERIM DB,CITY STREET,04/13/2018 05:24:00 PM,2018 April 13,17:24:00,2018,April,Friday,19TH AVE,MORAGA ST,0.0,Clear,Injury (Other Visible),Vehicle/Pedestrian,Pedestrian,Crossing in Crosswalk at Intersection,Dry,No Unusual Condition,Daylight,Intersection <= 20ft,0.0,1,1.0,Driver,South,Making Left Turn,Pedestrian,East,Proceeding Straight,POINT (-122.476555 37.75611),39.0,10.0,7.0,35.0,17
7294,vw_geo_sfpd_cr_switrs_all_types_col_cty_union.fid-c18a0c2_186644fdb18_-2b4c,5864,33307000.000000004,,180135343,37.7427719715,-122.409989142,SFPD-INTERIM DB,CITY STREET,02/20/2018 07:20:00 AM,2018 February 20,07:20:00,2018,February,Tuesday,BERNAL HEIGHTS BLVD,CARVER ST,0.0,Clear,Injury (Complaint of Pain),Vehicle/Pedestrian,Pedestrian,Crossing in Crosswalk at Intersection,Dry,No Unusual Condition,Daylight,Intersection <= 20ft,0.0,1,1.0,Driver,East,Proceeding Straight,Pedestrian,North,Proceeding Straight,POINT (-122.40999 37.74277),83.0,9.0,2.0,2.0,07
7297,vw_geo_sfpd_cr_switrs_all_types_col_cty_union.fid-c18a0c2_186644fdb18_-275f,33368,50164000.0,4290000.0,180385344,37.7973171112,-122.405877499,SFPD-INTERIM DB,CITY STREET,05/23/2018 08:50:00 PM,2018 May 23,20:50:00,2018,May,Wednesday,COLUMBUS AVE,PACIFIC AVE,140.0,Clear,Injury (Complaint of Pain),Vehicle/Pedestrian,Pedestrian,Crossing Not in Crosswalk,Dry,No Unusual Condition,Dark - Street Lights,Midblock > 20ft,0.0,1,1.0,Pedestrian,East,Entering Traffic,Driver,South,Proceeding Straight,POINT (-122.405876 37.797318),106.0,6.0,3.0,23.0,20
7336,vw_geo_sfpd_cr_switrs_all_types_col_cty_union.fid-c18a0c2_186644fdb18_-238d,6914,21838000.0,,180632838,37.7398692297,-122.424147154,SFPD-INTERIM DB,CITY STREET,08/22/2018 05:35:00 PM,2018 August 22,17:35:00,2018,August,Wednesday,SAN JOSE AVE,RANDALL ST,0.0,Clear,Injury (Complaint of Pain),Vehicle/Pedestrian,Pedestrian,Crossing in Crosswalk at Intersection,Dry,No Unusual Condition,Daylight,Intersection <= 20ft,0.0,1,1.0,Driver,West,Making Left Turn,Pedestrian,West,Proceeding Straight,POINT (-122.42415 37.73987),59.0,9.0,5.0,10.0,17
7343,vw_geo_sfpd_cr_switrs_all_types_col_cty_union.fid-c18a0c2_186644fdb18_-3315,24589,24933000.0,,170480885,37.7825850335311,-122.415693873471,SFPD-CROSSROADS,CITY STREET,06/12/2017 11:27:00 PM,2017 June 12,23:27:00,2017,June,Monday,HYDE ST,TURK ST,0.0,Clear,Injury (Complaint of Pain),Vehicle/Pedestrian,Pedestrian,Crossing in Crosswalk at Intersection,Dry,No Unusual Condition,Dark - Street Lights,Intersection <= 20ft,0.0,1,1.0,Driver,South,Making Left Turn,Pedestrian,West,Proceeding Straight,POINT (-122.415695 37.782585),20.0,5.0,10.0,36.0,23
7344,vw_geo_sfpd_cr_switrs_all_types_col_cty_union.fid-c18a0c2_186644fdb18_-1f41,23463,24540000.0,,180901978,37.7867789496,-122.398256963,SFPD-INTERIM DB,CITY STREET,11/29/2018 03:00:00 PM,2018 November 29,15:00:00,2018,November,Thursday,02ND ST,HOWARD ST,0.0,Clear,Injury (Complaint of Pain),Vehicle/Pedestrian,Pedestrian,Crossing in Crosswalk at Intersection,Wet,No Unusual Condition,Daylight,Intersection <= 20ft,0.0,1,1.0,Driver,South,Making Left Turn,Pedestrian,West,Proceeding Straight,POINT (-122.398254 37.786777),32.0,1.0,10.0,8.0,15
7347,vw_geo_sfpd_cr_switrs_all_types_col_cty_union.fid-c18a0c2_186644fdb18_-20b5,34557,25594000.0,7457000.0,160925073,37.8081869192549,-122.416024595168,SFPD-CROSSROADS,CITY STREET,11/13/2016 03:31:00 PM,2016 November 13,15:31:00,2016,November,Sunday,JEFFERSON ST,TAYLOR ST,65.0,Clear,Injury (Complaint of Pain),Vehicle/Pedestrian,Pedestrian,Not in Road,Dry,No Unusual Condition,Daylight,Midblock > 20ft,0.0,1,1.0,Driver,West,Making Right Turn,Pedestrian,South,Not Stated,POINT (-122.41602 37.808186),99.0,6.0,3.0,23.0,15
7351,vw_geo_sfpd_cr_switrs_all_types_col_cty_union.fid-c18a0c2_186644fdb18_-2900,9776,24022000.0,,180260796,37.7657832995,-122.40753423,SFPD-INTERIM DB,CITY STREET,04/09/2018 06:35:00 AM,2018 April 09,06:35:00,2018,April,Monday,16TH ST,POTRERO AVE,0.0,Clear,Injury (Other Visible),Vehicle/Pedestrian,Pedestrian,Crossing in Crosswalk at Intersection,Dry,No Unusual Condition,Dark - Street Lights,Intersection <= 20ft,0.0,1,1.0,Pedestrian,East,Proceeding Straight,Driver,North,Proceeding Straight,POINT (-122.40753 37.76578),54.0,3.0,9.0,20.0,06
7353,vw_geo_sfpd_cr_switrs_all_types_col_cty_union.fid-c18a0c2_186644fdb18_-3563,8456,23953000.000000004,,170230527,37.7530040301625,-122.406336237242,SFPD-CROSSROADS,CITY STREET,03/20/2017 08:30:00 PM,2017 March 20,20:30:00,2017,March,Monday,POTRERO AVE,24TH ST,0.0,Raining,Injury (Complaint of Pain),Vehicle/Pedestrian,Pedestrian,Crossing in Crosswalk at Intersection,Wet,No Unusual Condition,Dark - Street Lights,Intersection <= 20ft,0.0,1,1.0,Driver,South,Making Left Turn,Pedestrian,West,Proceeding Straight,POINT (-122.406334 37.753002),54.0,3.0,9.0,20.0,20
7355,vw_geo_sfpd_cr_switrs_all_types_col_cty_union.fid-c18a0c2_186644fdb18_-22e2,3081,20157000.0,,180676369,37.7318574705,-122.387166512,SFPD-INTERIM DB,CITY STREET,09/07/2018 08:41:00 AM,2018 September 07,08:41:00,2018,September,Friday,KEITH ST,PALOU AVE,0.0,Clear,Injury (Complaint of Pain),Vehicle/Pedestrian,Pedestrian,Crossing in Crosswalk at Intersection,Dry,No Unusual Condition,Daylight,Intersection <= 20ft,0.0,1,1.0,Driver,North,Making Left Turn,Pedestrian,West,Proceeding Straight,POINT (-122.38717 37.731857),86.0,2.0,9.0,1.0,08
7358,vw_geo_sfpd_cr_switrs_all_types_col_cty_union.fid-c18a0c2_186644fdb18_-36e4,22968,23803000.0,,170053266,37.7818461702584,-122.392077449417,SFPD-CROSSROADS,CITY STREET,01/20/2017 07:00:00 AM,2017 January 20,07:00:00,2017,January,Friday,BRANNAN ST,02ND ST,0.0,Raining,Injury (Complaint of Pain),Vehicle/Pedestrian,Pedestrian,Crossing in Crosswalk at Intersection,Wet,No Unusual Condition,Dark - Street Lights,Intersection <= 20ft,0.0,1,1.0,Driver,North,Making Left Turn,Pedestrian,East,Proceeding Straight,POINT (-122.392075 37.781845),31.0,1.0,10.0,8.0,07
7372,vw_geo_sfpd_cr_switrs_all_types_col_cty_union.fid-c18a0c2_186644fdb18_-3552,3720,20905000.0,11920000.0,170235771,37.7315413597864,-122.408542311184,SFPD-CROSSROADS,CITY STREET,03/22/2017 04:30:00 PM,2017 March 22,16:30:00,2017,March,Wednesday,SILVER AVE,GOETTINGEN ST,10.0,Clear,Injury (Other Visible),Head-On,Pedestrian,Crossing in Crosswalk at Intersection,Dry,No Unusual Condition,Daylight,Intersection <= 20ft,0.0,1,1.0,Driver,East,Proceeding Straight,Pedestrian,South,Proceeding Straight,POINT (-122.40854 37.73154),91.0,2.0,2.0,25.0,16
7379,vw_geo_sfpd_cr_switrs_all_types_col_cty_union.fid-c18a0c2_186644fdb18_-276a,26736,24563000.0,,180382237,37.7897625986,-122.397574468,SFPD-INTERIM DB,CITY STREET,05/22/2018 06:10:00 PM,2018 May 22,18:10:00,2018,May,Tuesday,01ST ST,MISSION ST,0.0,Clear,Injury (Complaint of Pain),Vehicle/Pedestrian,Pedestrian,"In Road, Including Shoulder",Dry,No Unusual Condition,Daylight,Intersection <= 20ft,0.0,1,1.0,Driver,South,Making Right Turn,Pedestrian,South,Other,POINT (-122.397575 37.789764),108.0,1.0,10.0,8.0,18
7380,vw_geo_sfpd_cr_switrs_all_types_col_cty_union.fid-c18a0c2_186644fdb18_-29c4,23897,24590000.0,,180218353,37.7850302849,-122.400468484,SFPD-INTERIM DB,CITY STREET,03/23/2018 05:42:00 PM,2018 March 23,17:42:00,2018,March,Friday,03RD ST,HOWARD ST,0.0,Clear,Injury (Severe),Vehicle/Pedestrian,Pedestrian,Crossing in Crosswalk at Intersection,Dry,No Unusual Condition,Daylight,Intersection <= 20ft,0.0,1,1.0,Driver,North,Proceeding Straight,Pedestrian,East,Proceeding Straight,POINT (-122.40047 37.78503),32.0,1.0,10.0,8.0,17
7382,vw_geo_sfpd_cr_switrs_all_types_col_cty_union.fid-c18a0c2_186644fdb18_-3503,1827,21737000.000000004,,170267752,37.7184672256378,-122.43950037475,SFPD-CROSSROADS,CITY STREET,04/01/2017 06:30:00 PM,2017 April 01,18:30:00,2017,April,Saturday,MISSION ST,ITALY AVE,0.0,Clear,Injury (Other Visible),Vehicle/Pedestrian,Pedestrian,Crossing in Crosswalk at Intersection,Dry,No Unusual Condition,Daylight,Intersection <= 20ft,0.0,1,1.0,Driver,South,Making Left Turn,Pedestrian,East,Proceeding Straight,POINT (-122.4395 37.718468),80.0,9.0,1.0,28.0,18
7385,vw_geo_sfpd_cr_switrs_all_types_col_cty_union.fid-c18a0c2_186644fdb18_-301d,25603,24605000.0,130000.0,170797345,37.7886269789221,-122.400575753485,SFPD-CROSSROADS,CITY STREET,09/29/2017 10:04:00 PM,2017 September 29,22:04:00,2017,September,Friday,02ND ST,JESSIE ST,95.0,Clear,Injury (Other Visible),Vehicle/Pedestrian,Pedestrian,"In Road, Including Shoulder",Dry,No Unusual Condition,Dark - Street Lights,Midblock > 20ft,0.0,1,1.0,Driver,South,Stopped In Road,Pedestrian,South,Other,POINT (-122.40057 37.788628),108.0,6.0,10.0,8.0,22
7406,vw_geo_sfpd_cr_switrs_all_types_col_cty_union.fid-c18a0c2_186644fdb18_-36c4,25793,30738000.0,8744202.0,170067364,37.7876659520926,-122.403422802911,SFPD-CROSSROADS,CITY STREET,01/24/2017 10:10:00 PM,2017 January 24,22:10:00,2017,January,Tuesday,MARKET ST,KEARNY ST,10.0,Clear,Injury (Other Visible),Vehicle/Pedestrian,Pedestrian,"In Road, Including Shoulder",Dry,No Unusual Condition,Dark - Street Lights,Intersection <= 20ft,0.0,1,1.0,Pedestrian,North,Not Stated,Driver,West,Proceeding Straight,POINT (-122.40342 37.787666),19.0,6.0,3.0,8.0,22
7409,vw_geo_sfpd_cr_switrs_all_types_col_cty_union.fid-c18a0c2_186644fdb18_-376d,22235,26049000.0,,170007417,37.7812188027091,-122.433973157588,SFPD-CROSSROADS,CITY STREET,01/03/2017 06:35:00 PM,2017 January 03,18:35:00,2017,January,Tuesday,STEINER ST,EDDY ST,0.0,Raining,Injury (Complaint of Pain),Vehicle/Pedestrian,Pedestrian,Crossing in Crosswalk at Intersection,Wet,No Unusual Condition,Dark - Street Lights,Intersection <= 20ft,0.0,1,1.0,Driver,South,Proceeding Straight,Pedestrian,West,Proceeding Straight,POINT (-122.433975 37.78122),97.0,4.0,11.0,39.0,18
7410,vw_geo_sfpd_cr_switrs_all_types_col_cty_union.fid-c18a0c2_186644fdb18_-2332,34538,25484000.0,7455000.0,180656606,37.8085951318,-122.412763091,SFPD-INTERIM DB,CITY STREET,08/30/2018 09:10:00 PM,2018 August 30,21:10:00,2018,August,Thursday,JEFFERSON ST,POWELL ST,70.0,Clear,Injury (Complaint of Pain),Vehicle/Pedestrian,Pedestrian,Crossing Not in Crosswalk,Dry,No Unusual Condition,Dark - Street Lights,Midblock > 20ft,0.0,1,1.0,Pedestrian,South,Other,Driver,West,Proceeding Straight,POINT (-122.412766 37.808594),99.0,6.0,3.0,23.0,21
7418,vw_geo_sfpd_cr_switrs_all_types_col_cty_union.fid-c18a0c2_186644fdb18_-30d9,32551,26544000.0,,160049112,37.7937260217788,-122.424694143709,SFPD-CROSSROADS,CITY STREET,01/18/2016 11:46:00 AM,2016 January 18,11:46:00,2016,January,Monday,JACKSON ST,FRANKLIN ST,0.0,Raining,Injury (Complaint of Pain),Sideswipe,Pedestrian,Crossing in Crosswalk at Intersection,Wet,No Unusual Condition,Dark - Street Lights,Intersection <= 20ft,0.0,1,1.0,Driver,West,Making Right Turn,Pedestrian,North,Proceeding Straight,POINT (-122.4247 37.793728),102.0,4.0,6.0,30.0,11
7427,vw_geo_sfpd_cr_switrs_all_types_col_cty_union.fid-c18a0c2_186644fdb18_-2549,8001,25737000.0,9629000.0,160498155,37.7506038438647,-122.431791632918,SFPD-CROSSROADS,CITY STREET,06/19/2016 04:40:00 PM,2016 June 19,16:40:00,2016,June,Sunday,NOE ST,JERSEY ST,9.0,Clear,Injury (Severe),Sideswipe,Pedestrian,"In Road, Including Shoulder",Dry,No Unusual Condition,Daylight,Intersection <= 20ft,0.0,1,,Pedestrian,East,Proceeding Straight,Driver,South,Proceeding Straight,POINT (-122.43179 37.750603),84.0,3.0,5.0,22.0,16
7438,vw_geo_sfpd_cr_switrs_all_types_col_cty_union.fid-c18a0c2_186644fdb18_-3523,33946,25424000.0,4296000.0,170257634,37.8006721630687,-122.410721532409,SFPD-CROSSROADS,CITY STREET,03/29/2017 03:08:00 PM,2017 March 29,15:08:00,2017,March,Wednesday,COLUMBUS AVE,UNION ST,198.0,Clear,Injury (Severe),Vehicle/Pedestrian,Pedestrian,Crossing Not in Crosswalk,Dry,No Unusual Condition,Daylight,Midblock > 20ft,0.0,1,1.0,Pedestrian,West,Not Stated,Driver,North,Proceeding Straight,POINT (-122.41072 37.80067),106.0,6.0,3.0,6.0,15
7440,vw_geo_sfpd_cr_switrs_all_types_col_cty_union.fid-c18a0c2_186644fdb18_-22b6,9452,24051000.0,6748000.0,140810068,37.7622137812303,-122.412842234647,SFPD-CROSSROADS,CITY STREET,09/26/2014 05:38:00 PM,2014 September 26,17:38:00,2014,September,Friday,HARRISON ST,18TH ST,6.0,Clear,Injury (Other Visible),Vehicle/Pedestrian,Pedestrian,Crossing in Crosswalk at Intersection,Dry,No Unusual Condition,Daylight,Intersection <= 20ft,0.0,1,1.0,Bicyclist,North,Proceeding Straight,Pedestrian,West,Proceeding Straight,POINT (-122.41284 37.762215),53.0,3.0,2.0,20.0,17
7445,vw_geo_sfpd_cr_switrs_all_types_col_cty_union.fid-c18a0c2_186644fdb18_-2219,33762,25411000.0,,170671181,37.7983727039606,-122.410456158172,SFPD-CROSSROADS,CITY STREET,08/17/2017 03:15:00 PM,2017 August 17,15:15:00,2017,August,Thursday,POWELL ST,VALLEJO ST,0.0,Clear,Injury (Complaint of Pain),Head-On,Pedestrian,Crossing in Crosswalk at Intersection,Dry,No Unusual Condition,Daylight,Intersection <= 20ft,0.0,1,1.0,Driver,South,Proceeding Straight,Pedestrian,East,Proceeding Straight,POINT (-122.41045 37.798374),106.0,6.0,3.0,6.0,15
7448,vw_geo_sfpd_cr_switrs_all_types_col_cty_union.fid-c18a0c2_186644fdb18_-3665,43189,27225000.0,,170111579,37.7793331585482,-122.458731622438,SFPD-CROSSROADS,CITY STREET,02/08/2017 09:23:00 PM,2017 February 08,21:23:00,2017,February,Wednesday,ARGUELLO BLVD,ANZA ST,0.0,Clear,Injury (Other Visible),Vehicle/Pedestrian,Pedestrian,Crossing in Crosswalk at Intersection,Dry,No Unusual Condition,Dark - Street Lights,Intersection <= 20ft,0.0,1,1.0,Driver,South,Making Left Turn,Pedestrian,East,Proceeding Straight,POINT (-122.45873 37.779335),5.0,8.0,4.0,18.0,21
7453,vw_geo_sfpd_cr_switrs_all_types_col_cty_union.fid-c18a0c2_186644fdb18_-320b,21869,25946000.0,8898000.0,170587958,37.7792540061713,-122.426859908831,SFPD-CROSSROADS,CITY STREET,07/19/2017 06:07:00 PM,2017 July 19,18:07:00,2017,July,Wednesday,MCALLISTER ST,LAGUNA ST,9.0,Clear,Injury (Complaint of Pain),Vehicle/Pedestrian,Pedestrian,Crossing in Crosswalk at Intersection,Dry,No Unusual Condition,Daylight,Intersection <= 20ft,0.0,1,1.0,Pedestrian,North,Not Stated,Bicyclist,West,Proceeding Straight,POINT (-122.42686 37.779255),97.0,4.0,11.0,39.0,18
7456,vw_geo_sfpd_cr_switrs_all_types_col_cty_union.fid-c18a0c2_186644fdb18_-2b75,30660,26591000.0,,180121881,37.7853726471,-122.431366397,SFPD-INTERIM DB,CITY STREET,02/14/2018 10:13:00 PM,2018 February 14,22:13:00,2018,February,Wednesday,WEBSTER ST,POST ST,0.0,Clear,Injury (Complaint of Pain),Vehicle/Pedestrian,Pedestrian,Crossing in Crosswalk at Intersection,Dry,No Unusual Condition,Dark - Street Lights,Intersection <= 20ft,0.0,1,1.0,Driver,South,Making Left Turn,Pedestrian,East,Proceeding Straight,POINT (-122.431366 37.785374),101.0,4.0,11.0,15.0,22
7462,vw_geo_sfpd_cr_switrs_all_types_col_cty_union.fid-c18a0c2_186644fdb18_-363c,17699,33027000.000000004,,170129817,37.7701114486375,-122.420008320982,SFPD-CROSSROADS,CITY STREET,02/14/2017 10:51:00 PM,2017 February 14,22:51:00,2017,February,Tuesday,MISSION ST,DUBOCE AVE,0.0,Clear,Injury (Other Visible),Vehicle/Pedestrian,Pedestrian,Crossing in Crosswalk at Intersection,Dry,No Unusual Condition,Dark - Street Lights,Intersection <= 20ft,0.0,1,2.0,Pedestrian,South,Proceeding Straight,Driver,North,Proceeding Straight,POINT (-122.420006 37.77011),53.0,3.0,2.0,20.0,22
7472,vw_geo_sfpd_cr_switrs_all_types_col_cty_union.fid-c18a0c2_186644fdb18_-36e9,9662,23773000.0,,170052337,37.7660746077688,-122.402684956616,SFPD-CROSSROADS,CITY STREET,01/19/2017 06:35:00 PM,2017 January 19,18:35:00,2017,January,Thursday,16TH ST,RHODE ISLAND ST,0.0,Cloudy,Injury (Complaint of Pain),Vehicle/Pedestrian,Pedestrian,Crossing in Crosswalk at Intersection,Dry,No Unusual Condition,Dark - Street Lights,Intersection <= 20ft,0.0,1,1.0,Driver,West,Making Left Turn,Pedestrian,South,Proceeding Straight,POINT (-122.40269 37.766075),54.0,1.0,9.0,4.0,18
7475,vw_geo_sfpd_cr_switrs_all_types_col_cty_union.fid-c18a0c2_186644fdb18_-20bc,13767,23872000.0,3088002.0,180793800,37.7716453665,-122.404983266,SFPD-INTERIM DB,CITY STREET,10/19/2018 01:05:00 PM,2018 October 19,13:05:00,2018,October,Friday,BRANNAN ST,08TH ST,180.0,Clear,Injury (Other Visible),Vehicle/Pedestrian,Pedestrian,Crossing Not in Crosswalk,Dry,No Unusual Condition,Daylight,Midblock > 20ft,0.0,1,1.0,Pedestrian,South,Proceeding Straight,Driver,West,Backing,POINT (-122.40498 37.771645),33.0,1.0,10.0,34.0,13
7477,vw_geo_sfpd_cr_switrs_all_types_col_cty_union.fid-c18a0c2_186644fdb18_-204b,6417,21177000.0,2485201.0,180818163,37.7482633437,-122.413646819,SFPD-INTERIM DB,CITY STREET,10/28/2018 11:22:00 AM,2018 October 28,11:22:00,2018,October,Sunday,CESAR CHAVEZ ST,FOLSOM ST,7.0,Clear,Injury (Other Visible),Vehicle/Pedestrian,Pedestrian,Crossing in Crosswalk at Intersection,Dry,No Unusual Condition,Daylight,Intersection <= 20ft,0.0,1,1.0,Driver,East,Making Left Turn,Pedestrian,North,Proceeding Straight,POINT (-122.41365 37.748264),53.0,3.0,2.0,20.0,11
7486,vw_geo_sfpd_cr_switrs_all_types_col_cty_union.fid-c18a0c2_186644fdb18_-2f13,9163,23654000.0,,170905316,37.762755525795,-122.393612543575,SFPD-CROSSROADS,CITY STREET,11/06/2017 07:36:00 AM,2017 November 06,07:36:00,2017,November,Monday,18TH ST,PENNSYLVANIA AVE,0.0,Clear,Injury (Complaint of Pain),Vehicle/Pedestrian,Pedestrian,Crossing in Crosswalk at Intersection,Dry,No Unusual Condition,Daylight,Intersection <= 20ft,0.0,1,1.0,Driver,East,Making Left Turn,Pedestrian,North,Proceeding Straight,POINT (-122.393616 37.762756),54.0,2.0,9.0,26.0,07
7492,vw_geo_sfpd_cr_switrs_all_types_col_cty_union.fid-c18a0c2_186644fdb18_-2886,21645,24467000.0,,180295135,37.7798901058,-122.421891571,SFPD-INTERIM DB,CITY STREET,04/21/2018 09:22:00 AM,2018 April 21,09:22:00,2018,April,Saturday,MCALLISTER ST,FRANKLIN ST,0.0,Clear,Injury (Complaint of Pain),Vehicle/Pedestrian,Pedestrian,Crossing in Crosswalk at Intersection,Dry,No Unusual Condition,Daylight,Intersection <= 20ft,0.0,1,1.0,Driver,West,Making Left Turn,Pedestrian,South,Proceeding Straight,POINT (-122.42189 37.779892),21.0,4.0,11.0,39.0,09
7507,vw_geo_sfpd_cr_switrs_all_types_col_cty_union.fid-c18a0c2_186644fdb18_-2fd6,24490,24934000.0,,170826273,37.7827944462295,-122.414053764459,SFPD-CROSSROADS,CITY STREET,10/09/2017 11:20:00 PM,2017 October 09,23:20:00,2017,October,Monday,LEAVENWORTH ST,TURK ST,0.0,Clear,Injury (Complaint of Pain),Vehicle/Pedestrian,Pedestrian,Crossing Not in Crosswalk,Dry,No Unusual Condition,Dark - Street Lights,Intersection <= 20ft,0.0,1,1.0,Pedestrian,West,Proceeding Straight,Driver,North,Proceeding Straight,POINT (-122.414055 37.782795),20.0,5.0,10.0,36.0,23