,id,unique_id,cnn_intrsctn_fkey,cnn_sgmt_fkey,case_id_pkey,tb_latitude,tb_longitude,geocode_source,geocode_location,collision_datetime,collision_date,collision_time,accident_year,month,day_of_week,primary_rd,secondary_rd,distance,weather_1,collision_severity,type_of_collision,mviw,ped_action,road_surface,road_cond_1,lighting,intersection,number_killed,number_injured,party_at_fault,party1_type,party1_dir_of_travel,party1_move_pre_acc,party2_type,party2_dir_of_travel,party2_move_pre_acc,point,Neighborhoods,Current Police Districts,Current Supervisor Districts,Analysis Neighborhoods,hour
7803,vw_geo_sfpd_cr_switrs_all_types_col_cty_union.fid-c18a0c2_186644fdb18_-2327,17330,24372000.0,584000.0,180659995,37.7682911801,-122.419691318,SFPD-INTERIM DB,CITY STREET,09/01/2018 03:06:00 AM,2018 September 01,03:06:00,2018,September,Saturday,14TH ST,MISSION ST,84.0,Cloudy,Injury (Complaint of Pain),Vehicle/Pedestrian,Pedestrian,"In Road, Including Shoulder",Dry,Construction or Repair Zone,Dark - Street Lights,Midblock > 20ft,0.0,1,1.0,Pedestrian,South,Other,Driver,East,Proceeding Straight,POINT (-122.41969 37.76829),53.0,3.0,2.0,20.0,03
7813,vw_geo_sfpd_cr_switrs_all_types_col_cty_union.fid-c18a0c2_186644fdb18_-2a24,33898,25364000.0,12848000.0,160935812,37.8003627148195,-122.409836023076,SFPD-CROSSROADS,CITY STREET,11/17/2016 07:00:00 AM,2016 November 17,07:00:00,2016,November,Thursday,UNION ST,COLUMBUS AVE,108.0,Clear,Injury (Complaint of Pain),Vehicle/Pedestrian,Pedestrian,"In Road, Including Shoulder",Dry,No Unusual Condition,Daylight,Midblock > 20ft,0.0,1,1.0,Driver,West,Stopped In Road,Pedestrian,West,Stopped In Road,POINT (-122.409836 37.80036),106.0,6.0,3.0,23.0,07
7818,vw_geo_sfpd_cr_switrs_all_types_col_cty_union.fid-c18a0c2_186644fdb18_-2279,33412,24800000.0,,150893935,37.7987290013683,-122.399873457949,SFPD-CROSSROADS,CITY STREET,10/12/2015 04:38:00 PM,2015 October 12,16:38:00,2015,October,Monday,BROADWAY,FRONT ST,0.0,Clear,Injury (Complaint of Pain),Vehicle/Pedestrian,Pedestrian,Crossing in Crosswalk at Intersection,Dry,No Unusual Condition,Daylight,Intersection <= 20ft,0.0,1,1.0,Driver,West,Making Left Turn,Pedestrian,South,Proceeding Straight,POINT (-122.39987 37.79873),77.0,6.0,3.0,8.0,16
7831,vw_geo_sfpd_cr_switrs_all_types_col_cty_union.fid-c18a0c2_186644fdb18_-25e9,8222,25759000.0,,180463962,37.7503605556,-122.436222448,SFPD-INTERIM DB,CITY STREET,06/22/2018 07:18:00 PM,2018 June 22,19:18:00,2018,June,Friday,JERSEY ST,DIAMOND ST,0.0,Clear,Injury (Complaint of Pain),Vehicle/Pedestrian,Pedestrian,Crossing in Crosswalk at Intersection,Dry,No Unusual Condition,Daylight,Intersection <= 20ft,0.0,1,1.0,Driver,West,Proceeding Straight,Pedestrian,South,Proceeding Straight,POINT (-122.436226 37.750362),84.0,3.0,5.0,22.0,19
7836,vw_geo_sfpd_cr_switrs_all_types_col_cty_union.fid-c18a0c2_186644fdb18_-3351,12848,26162000.0,,170457492,37.7622268670472,-122.439491322427,SFPD-CROSSROADS,CITY STREET,06/04/2017 06:14:00 PM,2017 June 04,18:14:00,2017,June,Sunday,17TH ST,DOUGLASS ST,0.0,Clear,Injury (Other Visible),Vehicle/Pedestrian,Pedestrian,Crossing in Crosswalk at Intersection,Dry,No Unusual Condition,Daylight,Intersection <= 20ft,0.0,1,1.0,Driver,West,Proceeding Straight,Pedestrian,South,Proceeding Straight,POINT (-122.43949 37.762226),115.0,7.0,5.0,5.0,18
7837,vw_geo_sfpd_cr_switrs_all_types_col_cty_union.fid-c18a0c2_186644fdb18_-2ba5,16878,24292000.0,9100000.0,180109150,37.7798806292,-122.410089554,SFPD-INTERIM DB,CITY STREET,02/09/2018 11:17:00 PM,2018 February 09,23:17:00,2018,February,Friday,MISSION ST,07TH ST,345.0,Clear,Injury (Other Visible),Vehicle/Pedestrian,Pedestrian,Crossing Not in Crosswalk,Dry,No Unusual Condition,Dark - Street Lights,Midblock > 20ft,0.0,1,1.0,Pedestrian,North,Other,Driver,West,Proceeding Straight,POINT (-122.41009 37.77988),32.0,1.0,10.0,34.0,23
7839,vw_geo_sfpd_cr_switrs_all_types_col_cty_union.fid-c18a0c2_186644fdb18_-35bc,3305,33269000.000000004,212101.0,170188647,37.7343826866693,-122.390772162047,SFPD-CROSSROADS,CITY STREET,03/07/2017 08:34:00 AM,2017 March 07,08:34:00,2017,March,Tuesday,03RD ST,PALOU AVE,145.0,Clear,Injury (Complaint of Pain),Vehicle/Pedestrian,Pedestrian,Crossing Not in Crosswalk,Dry,No Unusual Condition,Daylight,Midblock > 20ft,0.0,2,1.0,Pedestrian,East,Proceeding Straight,Bicyclist,North,Proceeding Straight,POINT (-122.39077 37.734383),86.0,2.0,9.0,1.0,08
7840,vw_geo_sfpd_cr_switrs_all_types_col_cty_union.fid-c18a0c2_186644fdb18_-2675,30356,25202000.0,8136000.0,140268677,37.7881008248327,-122.418492245414,SFPD-CROSSROADS,CITY STREET,03/31/2014 04:30:00 PM,2014 March 31,16:30:00,2014,March,Monday,LARKIN ST,SUTTER ST,50.0,Raining,Injury (Complaint of Pain),Vehicle/Pedestrian,Pedestrian,Crossing Not in Crosswalk,Wet,No Unusual Condition,Daylight,Midblock > 20ft,0.0,1,1.0,Pedestrian,East,Proceeding Straight,Driver,North,Proceeding Straight,POINT (-122.418495 37.7881),50.0,6.0,3.0,21.0,16
7843,vw_geo_sfpd_cr_switrs_all_types_col_cty_union.fid-c18a0c2_186644fdb18_-1f34,10930,24129000.0,12026000.0,180903491,37.7603122253,-122.417020574,SFPD-INTERIM DB,CITY STREET,11/30/2018 06:43:00 AM,2018 November 30,06:43:00,2018,November,Friday,SOUTH VAN NESS AVE,19TH ST,20.0,Clear,Injury (Complaint of Pain),Vehicle/Pedestrian,Pedestrian,"In Road, Including Shoulder",Dry,No Unusual Condition,Daylight,Intersection <= 20ft,0.0,1,1.0,Driver,North,Parking Maneuver,Pedestrian,North,Stopped In Road,POINT (-122.41702 37.76031),53.0,3.0,2.0,20.0,06
7857,vw_geo_sfpd_cr_switrs_all_types_col_cty_union.fid-c18a0c2_186644fdb18_-2303,22225,26044000.0,,180668435,37.7814283707,-122.432328982,SFPD-INTERIM DB,CITY STREET,09/04/2018 11:34:00 AM,2018 September 04,11:34:00,2018,September,Tuesday,FILLMORE ST,EDDY ST,0.0,Clear,Injury (Other Visible),Vehicle/Pedestrian,Pedestrian,Crossing in Crosswalk at Intersection,Dry,No Unusual Condition,Daylight,Intersection <= 20ft,0.0,1,,Pedestrian,West,Proceeding Straight,Driver,North,Proceeding Straight,POINT (-122.43233 37.78143),97.0,4.0,11.0,39.0,11
7865,vw_geo_sfpd_cr_switrs_all_types_col_cty_union.fid-c18a0c2_186644fdb18_-323a,8385,23619000.0,7196000.0,130274189,37.7571784732922,-122.391118877386,SFPD-CROSSROADS,CITY STREET,04/04/2013 06:25:00 AM,2013 April 04,06:25:00,2013,April,Thursday,INDIANA ST,22ND ST,215.0,Clear,Injury (Complaint of Pain),Vehicle/Pedestrian,Pedestrian,"In Road, Including Shoulder",Dry,No Unusual Condition,Dark - Street Lights,Midblock > 20ft,0.0,1,1.0,Pedestrian,East,Proceeding Straight,Driver,West,Not Stated,POINT (-122.39112 37.75718),55.0,2.0,9.0,26.0,06
7868,vw_geo_sfpd_cr_switrs_all_types_col_cty_union.fid-c18a0c2_186644fdb18_-2350,34338,25461000.0,2775000.0,180650313,37.8057460207,-122.412582331,SFPD-INTERIM DB,CITY STREET,08/28/2018 12:03:00 AM,2018 August 28,00:03:00,2018,August,Tuesday,BAY ST,POWELL ST,185.0,Clear,Injury (Complaint of Pain),Vehicle/Pedestrian,Pedestrian,Crossing Not in Crosswalk,Dry,No Unusual Condition,Daylight,Midblock > 20ft,0.0,2,1.0,Pedestrian,South,Proceeding Straight,Pedestrian,South,Proceeding Straight,POINT (-122.41258 37.805744),106.0,6.0,3.0,23.0,00
7869,vw_geo_sfpd_cr_switrs_all_types_col_cty_union.fid-c18a0c2_186644fdb18_-34ed,16004,23908000.0,,170278408,37.7790321327699,-122.401843272924,SFPD-CROSSROADS,CITY STREET,04/05/2017 11:40:00 AM,2017 April 05,11:40:00,2017,April,Wednesday,HARRISON ST,05TH ST,0.0,Clear,Injury (Other Visible),Head-On,Pedestrian,Crossing Not in Crosswalk,Dry,No Unusual Condition,Daylight,Intersection <= 20ft,0.0,1,1.0,Pedestrian,South,Proceeding Straight,Driver,West,Proceeding Straight,POINT (-122.40184 37.779034),32.0,1.0,10.0,34.0,11
7882,vw_geo_sfpd_cr_switrs_all_types_col_cty_union.fid-c18a0c2_186644fdb18_-2ebf,27370,24720000.0,12319000.0,151088923,37.7898221724773,-122.403897998221,SFPD-CROSSROADS,CITY STREET,12/17/2015 04:56:00 PM,2015 December 17,16:56:00,2015,December,Thursday,SUTTER ST,KEARNY ST,16.0,Clear,Injury (Complaint of Pain),Vehicle/Pedestrian,Pedestrian,Crossing in Crosswalk at Intersection,Dry,No Unusual Condition,Dark - Street Lights,Intersection <= 20ft,0.0,1,1.0,Pedestrian,South,Proceeding Straight,Driver,West,Making Left Turn,POINT (-122.4039 37.78982),19.0,6.0,3.0,8.0,16
7888,vw_geo_sfpd_cr_switrs_all_types_col_cty_union.fid-c18a0c2_186644fdb18_-27bb,66,50768000.00000001,9522000.0,180357876,37.7296172507,-122.379758778,SFPD-INTERIM DB,CITY STREET,05/13/2018 10:33:00 PM,2018 May 13,22:33:00,2018,May,Sunday,NAVY RD,GRIFFITH ST,429.0,Clear,Injury (Complaint of Pain),Vehicle/Pedestrian,Pedestrian,Crossing Not in Crosswalk,Dry,No Unusual Condition,Dark - Street Lights,Midblock > 20ft,0.0,1,1.0,Pedestrian,South,Other,Driver,East,Proceeding Straight,POINT (-122.37976 37.729618),78.0,2.0,9.0,1.0,22
7891,vw_geo_sfpd_cr_switrs_all_types_col_cty_union.fid-c18a0c2_186644fdb18_-31e8,27441,30731000.0,,170601495,37.7910166492327,-122.399148598363,SFPD-CROSSROADS,CITY STREET,07/24/2017 10:45:00 AM,2017 July 24,10:45:00,2017,July,Monday,MARKET ST,BUSH ST,0.0,Clear,Injury (Complaint of Pain),Vehicle/Pedestrian,Pedestrian,"In Road, Including Shoulder",Dry,No Unusual Condition,Daylight,Intersection <= 20ft,0.0,1,1.0,Pedestrian,East,Entering Traffic,Driver,South,Making Right Turn,POINT (-122.39915 37.791016),108.0,6.0,10.0,8.0,10
7894,vw_geo_sfpd_cr_switrs_all_types_col_cty_union.fid-c18a0c2_186644fdb18_-370d,34140,25384000.000000004,,170036723,37.8064278140985,-122.407146281371,SFPD-CROSSROADS,CITY STREET,01/14/2017 01:02:00 PM,2017 January 14,13:02:00,2017,January,Saturday,BAY ST,KEARNY ST,0.0,Clear,Injury (Complaint of Pain),Vehicle/Pedestrian,Pedestrian,Crossing in Crosswalk at Intersection,Dry,No Unusual Condition,Daylight,Intersection <= 20ft,0.0,1,1.0,Driver,East,Making Left Turn,Pedestrian,North,Proceeding Straight,POINT (-122.40714 37.806427),99.0,6.0,3.0,23.0,13
7901,vw_geo_sfpd_cr_switrs_all_types_col_cty_union.fid-c18a0c2_186644fdb18_-35d5,26430,24965000.0,,170175917,37.7876635987877,-122.413353963378,SFPD-CROSSROADS,CITY STREET,03/02/2017 07:08:00 PM,2017 March 02,19:08:00,2017,March,Thursday,POST ST,JONES ST,0.0,Clear,Injury (Other Visible),Vehicle/Pedestrian,Pedestrian,Crossing in Crosswalk at Intersection,Dry,No Unusual Condition,Dark - Street Lights,Intersection <= 20ft,0.0,1,1.0,Driver,East,Making Left Turn,Pedestrian,North,Proceeding Straight,POINT (-122.41335 37.787663),50.0,6.0,3.0,36.0,19
7920,vw_geo_sfpd_cr_switrs_all_types_col_cty_union.fid-c18a0c2_186644fdb18_-3678,27047,30049000.0,,170106053,37.7936637783432,-122.396390414708,SFPD-CROSSROADS,CITY STREET,02/06/2017 10:35:00 PM,2017 February 06,22:35:00,2017,February,Monday,DRUMM ST,CALIFORNIA ST,0.0,Raining,Injury (Complaint of Pain),Vehicle/Pedestrian,Pedestrian,Crossing in Crosswalk at Intersection,Wet,No Unusual Condition,Dark - Street Lights,Intersection <= 20ft,0.0,1,,Driver,North,Making Left Turn,Pedestrian,East,Proceeding Straight,POINT (-122.39639 37.793663),108.0,6.0,3.0,8.0,22
7926,vw_geo_sfpd_cr_switrs_all_types_col_cty_union.fid-c18a0c2_186644fdb18_-2af6,3398,20666000.000000004,9553000.0,140569196,37.7362514355235,-122.39158295147,SFPD-CROSSROADS,CITY STREET,07/09/2014 12:24:00 PM,2014 July 09,12:24:00,2014,July,Wednesday,NEWCOMB AVE,NEWHALL ST,23.0,Clear,Injury (Complaint of Pain),Sideswipe,Pedestrian,Crossing Not in Crosswalk,Dry,No Unusual Condition,Daylight,Midblock > 20ft,0.0,1,1.0,Pedestrian,North,Other,Driver,East,Proceeding Straight,POINT (-122.39159 37.73625),86.0,2.0,9.0,1.0,12
7930,vw_geo_sfpd_cr_switrs_all_types_col_cty_union.fid-c18a0c2_186644fdb18_-1faa,9417,24125000.0,,180868419,37.7604332614,-122.415928746,SFPD-INTERIM DB,CITY STREET,11/15/2018 09:10:00 AM,2018 November 15,09:10:00,2018,November,Thursday,SHOTWELL ST,19TH ST,0.0,Clear,Injury (Complaint of Pain),Vehicle/Pedestrian,Pedestrian,Crossing in Crosswalk at Intersection,Dry,No Unusual Condition,Daylight,Intersection <= 20ft,0.0,1,1.0,Driver,West,Proceeding Straight,Pedestrian,North,Proceeding Straight,POINT (-122.41593 37.760433),53.0,3.0,2.0,20.0,09
7933,vw_geo_sfpd_cr_switrs_all_types_col_cty_union.fid-c18a0c2_186644fdb18_-2595,27583,24726000.0,10459000.0,180480665,37.7919206892,-122.402401226,SFPD-INTERIM DB,CITY STREET,06/28/2018 06:14:00 PM,2018 June 28,18:14:00,2018,June,Thursday,PINE ST,MONTGOMERY ST,50.0,Clear,Injury (Severe),Broadside,Pedestrian,Crossing Not in Crosswalk,Dry,No Unusual Condition,Daylight,Midblock > 20ft,0.0,2,1.0,Pedestrian,South,Not Stated,Driver,West,Proceeding Straight,POINT (-122.402405 37.79192),108.0,6.0,3.0,8.0,18
7939,vw_geo_sfpd_cr_switrs_all_types_col_cty_union.fid-c18a0c2_186644fdb18_-3649,7677,21916000.000000004,4032000.0,130398529,37.7475860172386,-122.42703486425,SFPD-CROSSROADS,CITY STREET,05/15/2013 09:07:00 AM,2013 May 15,09:07:00,2013,May,Wednesday,CHURCH ST,CESAR CHAVEZ ST,40.0,Clear,Injury (Complaint of Pain),Vehicle/Pedestrian,Pedestrian,Crossing in Crosswalk at Intersection,Dry,No Unusual Condition,Daylight,Midblock > 20ft,0.0,1,1.0,Pedestrian,West,Proceeding Straight,Driver,South,Proceeding Straight,POINT (-122.42703 37.747585),84.0,9.0,5.0,22.0,09
7940,vw_geo_sfpd_cr_switrs_all_types_col_cty_union.fid-c18a0c2_186644fdb18_-3737,30759,26525000.0,,170023924,37.7876505616898,-122.428525011035,SFPD-CROSSROADS,CITY STREET,01/09/2017 06:08:00 PM,2017 January 09,18:08:00,2017,January,Monday,BUSH ST,LAGUNA ST,0.0,Raining,Injury (Severe),Vehicle/Pedestrian,Pedestrian,Crossing in Crosswalk at Intersection,Wet,No Unusual Condition,Dark - Street Lights,Intersection <= 20ft,0.0,1,1.0,Driver,East,Making Left Turn,Pedestrian,North,Proceeding Straight,POINT (-122.42853 37.78765),101.0,4.0,11.0,30.0,18
7947,vw_geo_sfpd_cr_switrs_all_types_col_cty_union.fid-c18a0c2_186644fdb18_-30e1,24489,24934000.0,,170714634,37.7827944462295,-122.414053764459,SFPD-CROSSROADS,CITY STREET,09/01/2017 07:36:00 PM,2017 September 01,19:36:00,2017,September,Friday,TURK ST,LEAVENWORTH ST,0.0,Clear,Injury (Other Visible),Sideswipe,Pedestrian,Crossing in Crosswalk at Intersection,Dry,No Unusual Condition,Dusk - Dawn,Intersection <= 20ft,0.0,1,1.0,Driver,North,Making Left Turn,Pedestrian,North,Proceeding Straight,POINT (-122.414055 37.782795),20.0,5.0,10.0,36.0,19
7954,vw_geo_sfpd_cr_switrs_all_types_col_cty_union.fid-c18a0c2_186644fdb18_-2c3d,21882,25967000.000000004,,180073464,37.7788509281,-122.430047266,SFPD-INTERIM DB,CITY STREET,01/27/2018 10:40:00 PM,2018 January 27,22:40:00,2018,January,Saturday,WEBSTER ST,MCALLISTER ST,0.0,Clear,Injury (Complaint of Pain),Vehicle/Pedestrian,Pedestrian,Crossing in Crosswalk at Intersection,Dry,No Unusual Condition,Dark - Street Lights,Intersection <= 20ft,0.0,1,1.0,Driver,South,Proceeding Straight,Pedestrian,West,Ran Off Road,POINT (-122.430046 37.77885),97.0,4.0,11.0,39.0,22
7957,vw_geo_sfpd_cr_switrs_all_types_col_cty_union.fid-c18a0c2_186644fdb18_-25fe,30810,26608000.0,3452000.0,150007603,37.7870387734847,-122.433318084249,SFPD-CROSSROADS,CITY STREET,01/03/2015 03:22:00 PM,2015 January 03,15:22:00,2015,January,Saturday,FILLMORE ST,GEARY BLVD,39.0,Clear,Injury (Complaint of Pain),Head-On,Pedestrian,Crossing Not in Crosswalk,Dry,No Unusual Condition,Daylight,Midblock > 20ft,0.0,1,,Pedestrian,East,Proceeding Straight,Driver,South,Entering Traffic,POINT (-122.43332 37.787037),101.0,4.0,11.0,30.0,15
7958,vw_geo_sfpd_cr_switrs_all_types_col_cty_union.fid-c18a0c2_186644fdb18_-29cb,21436,24462000.0,8893000.0,180216937,37.7802624483,-122.418580325,SFPD-INTERIM DB,CITY STREET,03/23/2018 09:15:00 AM,2018 March 23,09:15:00,2018,March,Friday,MCALLISTER ST,POLK ST,5.0,Clear,Injury (Complaint of Pain),Broadside,Pedestrian,Crossing in Crosswalk at Intersection,Dry,No Unusual Condition,Daylight,Intersection <= 20ft,0.0,1,1.0,Driver,East,Making Left Turn,Pedestrian,South,Proceeding Straight,POINT (-122.41858 37.780262),21.0,4.0,10.0,36.0,09
7961,vw_geo_sfpd_cr_switrs_all_types_col_cty_union.fid-c18a0c2_186644fdb18_-2142,39243,23389000.000000004,,180753917,37.7424374367,-122.489620235,SFPD-INTERIM DB,CITY STREET,10/05/2018 08:40:00 AM,2018 October 05,08:40:00,2018,October,Friday,TARAVAL ST,32ND AVE,0.0,Clear,Injury (Other Visible),Vehicle/Pedestrian,Pedestrian,Crossing in Crosswalk at Intersection,Dry,No Unusual Condition,Daylight,Intersection <= 20ft,0.0,1,1.0,Driver,West,Making Right Turn,Pedestrian,South,Not Stated,POINT (-122.489624 37.74244),40.0,10.0,7.0,35.0,08
7962,vw_geo_sfpd_cr_switrs_all_types_col_cty_union.fid-c18a0c2_186644fdb18_-3165,8552,23963000.0,10669101.0,150175595,37.7551104927508,-122.406474014721,SFPD-CROSSROADS,CITY STREET,02/26/2015 06:48:00 AM,2015 February 26,06:48:00,2015,February,Thursday,POTRERO AVE,23RD ST,198.0,Clear,Injury (Complaint of Pain),Vehicle/Pedestrian,Pedestrian,Crossing Not in Crosswalk,Dry,No Unusual Condition,Daylight,Midblock > 20ft,0.0,1,2.0,Driver,South,Proceeding Straight,Pedestrian,West,Other,POINT (-122.40647 37.75511),54.0,3.0,9.0,20.0,06
7964,vw_geo_sfpd_cr_switrs_all_types_col_cty_union.fid-c18a0c2_186644fdb18_-2a4f,315,20348000.0,,180187673,37.7117015615,-122.408827363,SFPD-INTERIM DB,CITY STREET,03/12/2018 08:00:00 AM,2018 March 12,08:00:00,2018,March,Monday,VISITACION AVE,CORA ST,0.0,Clear,Injury (Complaint of Pain),Vehicle/Pedestrian,Pedestrian,Crossing in Crosswalk at Intersection,Dry,No Unusual Condition,Daylight,Intersection <= 20ft,0.0,2,1.0,Driver,East,Proceeding Straight,Pedestrian,South,Proceeding Straight,POINT (-122.40883 37.7117),75.0,9.0,9.0,40.0,08
7967,vw_geo_sfpd_cr_switrs_all_types_col_cty_union.fid-c18a0c2_186644fdb18_-2a16,3701,21010000.0,,180198448,37.7334871472,-122.406210473,SFPD-INTERIM DB,CITY STREET,03/15/2018 09:45:00 PM,2018 March 15,21:45:00,2018,March,Thursday,SAN BRUNO AVE,SWEENY ST,0.0,Cloudy,Injury (Complaint of Pain),Vehicle/Pedestrian,Pedestrian,Crossing in Crosswalk at Intersection,Wet,No Unusual Condition,Dark - Street Lights,Intersection <= 20ft,0.0,2,1.0,Driver,North,Making Left Turn,Pedestrian,West,Not Stated,POINT (-122.40621 37.733486),91.0,2.0,2.0,25.0,21
7973,vw_geo_sfpd_cr_switrs_all_types_col_cty_union.fid-c18a0c2_186644fdb18_-334f,24487,24934000.0,,170460279,37.7827944462295,-122.414053764459,SFPD-CROSSROADS,CITY STREET,06/05/2017 05:10:00 PM,2017 June 05,17:10:00,2017,June,Monday,TURK ST,LEAVENWORTH ST,0.0,Clear,Injury (Complaint of Pain),Vehicle/Pedestrian,Pedestrian,Crossing in Crosswalk at Intersection,Dry,No Unusual Condition,Daylight,Intersection <= 20ft,0.0,1,1.0,Driver,West,Proceeding Straight,Pedestrian,South,Other,POINT (-122.414055 37.782795),20.0,5.0,10.0,36.0,17
7979,vw_geo_sfpd_cr_switrs_all_types_col_cty_union.fid-c18a0c2_186644fdb18_-2038,34708,26686000.0,,140711905,37.7985524538834,-122.423982144405,SFPD-CROSSROADS,CITY STREET,08/24/2014 05:20:00 PM,2014 August 24,17:20:00,2014,August,Sunday,VAN NESS AVE,UNION ST,0.0,Clear,Injury (Other Visible),Vehicle/Pedestrian,Pedestrian,Crossing in Crosswalk at Intersection,Dry,No Unusual Condition,Daylight,Intersection <= 20ft,0.0,2,1.0,Driver,North,Making Left Turn,Pedestrian,West,Proceeding Straight,POINT (-122.42398 37.798553),107.0,4.0,6.0,32.0,17
7982,vw_geo_sfpd_cr_switrs_all_types_col_cty_union.fid-c18a0c2_186644fdb18_-2983,8252,25760000.0,,180231957,37.7511532215,-122.436298713,SFPD-INTERIM DB,CITY STREET,03/28/2018 07:54:00 PM,2018 March 28,19:54:00,2018,March,Wednesday,DIAMOND ST,24TH ST,0.0,Clear,Injury (Other Visible),Vehicle/Pedestrian,Pedestrian,Crossing in Crosswalk at Intersection,Dry,No Unusual Condition,Dark - Street Lights,Intersection <= 20ft,0.0,1,1.0,Driver,West,Making Left Turn,Pedestrian,East,Stopped In Road,POINT (-122.4363 37.751152),84.0,3.0,5.0,22.0,19
7993,vw_geo_sfpd_cr_switrs_all_types_col_cty_union.fid-c18a0c2_186644fdb18_-2870,30321,25202000.0,12328000.0,180137098,37.7879884172,-122.418293725,SFPD-INTERIM DB,CITY STREET,02/20/2018 06:48:00 PM,2018 February 20,18:48:00,2018,February,Tuesday,SUTTER ST,LARKIN ST,50.0,Clear,Injury (Complaint of Pain),Vehicle/Pedestrian,Pedestrian,"In Road, Including Shoulder",Dry,No Unusual Condition,Dark - Street Lights,Midblock > 20ft,0.0,1,,Driver,West,Proceeding Straight,Pedestrian,West,Stopped In Road,POINT (-122.4183 37.787987),50.0,6.0,3.0,21.0,18
7997,vw_geo_sfpd_cr_switrs_all_types_col_cty_union.fid-c18a0c2_186644fdb18_-3745,8972,24083000.0,,170019343,37.7571666428482,-122.416719594116,SFPD-CROSSROADS,CITY STREET,01/07/2017 09:52:00 PM,2017 January 07,21:52:00,2017,January,Saturday,21ST ST,VAN NESS AVE,0.0,Raining,Injury (Complaint of Pain),Vehicle/Pedestrian,Pedestrian,Crossing in Crosswalk at Intersection,Wet,No Unusual Condition,Dark - Street Lights,Intersection <= 20ft,0.0,1,,Driver,South,Making Left Turn,Pedestrian,West,Proceeding Straight,POINT (-122.41672 37.757168),53.0,3.0,2.0,20.0,21
8002,vw_geo_sfpd_cr_switrs_all_types_col_cty_union.fid-c18a0c2_186644fdb18_-29fe,3246,33269000.000000004,,180208144,37.7340138721,-122.39096789,SFPD-INTERIM DB,CITY STREET,03/19/2018 08:44:00 PM,2018 March 19,20:44:00,2018,March,Monday,PALOU AVE,03RD ST,0.0,Clear,Injury (Other Visible),Vehicle/Pedestrian,Pedestrian,Crossing in Crosswalk at Intersection,Dry,No Unusual Condition,Dark - Street Lights,Intersection <= 20ft,0.0,1,1.0,Driver,South,Making Left Turn,Pedestrian,East,Not Stated,POINT (-122.39097 37.734013),87.0,2.0,9.0,1.0,20
8009,vw_geo_sfpd_cr_switrs_all_types_col_cty_union.fid-c18a0c2_186644fdb18_-35ca,21369,24472000.0,5805000.0,170181845,37.7789792524718,-122.421713679607,SFPD-CROSSROADS,CITY STREET,03/04/2017 07:06:00 PM,2017 March 04,19:06:00,2017,March,Saturday,FRANKLIN ST,FULTON ST,8.0,Raining,Injury (Complaint of Pain),Vehicle/Pedestrian,Pedestrian,Crossing in Crosswalk at Intersection,Wet,No Unusual Condition,Dark - Street Lights,Intersection <= 20ft,0.0,1,1.0,Driver,North,Making Left Turn,Pedestrian,East,Not Stated,POINT (-122.421715 37.77898),21.0,4.0,11.0,9.0,19
8012,vw_geo_sfpd_cr_switrs_all_types_col_cty_union.fid-c18a0c2_186644fdb18_-297a,34014,25398000.0,,140874553,37.803236714722,-122.409749293637,SFPD-CROSSROADS,CITY STREET,10/16/2014 06:50:00 AM,2014 October 16,06:50:00,2014,October,Thursday,LOMBARD ST,STOCKTON ST,0.0,Clear,Injury (Complaint of Pain),Vehicle/Pedestrian,Pedestrian,Crossing in Crosswalk at Intersection,Dry,No Unusual Condition,Daylight,Intersection <= 20ft,0.0,1,1.0,Driver,West,Making Left Turn,Pedestrian,North,Not Stated,POINT (-122.40975 37.803238),106.0,6.0,3.0,23.0,06
8021,vw_geo_sfpd_cr_switrs_all_types_col_cty_union.fid-c18a0c2_186644fdb18_-2594,26752,24560000.0,,180480756,37.7904610675,-122.396689695,SFPD-INTERIM DB,CITY STREET,06/28/2018 06:40:00 PM,2018 June 28,18:40:00,2018,June,Thursday,MISSION ST,FREMONT ST,0.0,Clear,Injury (Complaint of Pain),Vehicle/Pedestrian,Pedestrian,Not in Road,Dry,No Unusual Condition,Daylight,Intersection <= 20ft,0.0,1,1.0,Driver,East,Proceeding Straight,Pedestrian,East,Slowing/Stopping,POINT (-122.39669 37.790462),108.0,1.0,10.0,8.0,18
8022,vw_geo_sfpd_cr_switrs_all_types_col_cty_union.fid-c18a0c2_186644fdb18_-34db,31819,25234000.0,,170286906,37.7900451413811,-122.417204800253,SFPD-CROSSROADS,CITY STREET,04/18/2017 12:10:00 AM,2017 April 18,00:10:00,2017,April,Tuesday,PINE ST,HYDE ST,0.0,Raining,Injury (Complaint of Pain),Vehicle/Pedestrian,Pedestrian,Crossing in Crosswalk at Intersection,Wet,No Unusual Condition,Dark - Street Lights,Intersection <= 20ft,0.0,2,1.0,Driver,West,Making Left Turn,Pedestrian,West,Proceeding Straight,POINT (-122.417206 37.790047),16.0,6.0,3.0,21.0,00
8051,vw_geo_sfpd_cr_switrs_all_types_col_cty_union.fid-c18a0c2_186644fdb18_-23e8,32429,26558000.0,,161008585,37.7922168981082,-122.429447191862,SFPD-CROSSROADS,CITY STREET,12/12/2016 04:15:00 PM,2016 December 12,16:15:00,2016,December,Monday,LAGUNA ST,WASHINGTON ST,0.0,Clear,Injury (Complaint of Pain),Vehicle/Pedestrian,Pedestrian,Crossing in Crosswalk at Intersection,Dry,No Unusual Condition,Daylight,Intersection <= 20ft,0.0,1,1.0,Driver,North,Proceeding Straight,Pedestrian,East,Proceeding Straight,POINT (-122.42945 37.792217),102.0,4.0,6.0,30.0,16