,id,unique_id,cnn_intrsctn_fkey,cnn_sgmt_fkey,case_id_pkey,tb_latitude,tb_longitude,geocode_source,geocode_location,collision_datetime,collision_date,collision_time,accident_year,month,day_of_week,primary_rd,secondary_rd,distance,weather_1,collision_severity,type_of_collision,mviw,ped_action,road_surface,road_cond_1,lighting,intersection,number_killed,number_injured,party_at_fault,party1_type,party1_dir_of_travel,party1_move_pre_acc,party2_type,party2_dir_of_travel,party2_move_pre_acc,point,Neighborhoods,Current Police Districts,Current Supervisor Districts,Analysis Neighborhoods,hour
8057,vw_geo_sfpd_cr_switrs_all_types_col_cty_union.fid-c18a0c2_186644fdb18_-2243,10548,24114000.0,1111000.0,170303704,37.7569674439198,-122.420030339357,SFPD-CROSSROADS,CITY STREET,04/13/2017 05:06:00 PM,2017 April 13,17:06:00,2017,April,Thursday,21ST ST,BARTLETT ST,6.0,Clear,Injury (Severe),Vehicle/Pedestrian,Pedestrian,Crossing in Crosswalk at Intersection,Dry,No Unusual Condition,Daylight,Intersection <= 20ft,0.0,1,1.0,Driver,West,Proceeding Straight,Pedestrian,North,Proceeding Straight,POINT (-122.42003 37.756966),53.0,3.0,2.0,20.0,17
8060,vw_geo_sfpd_cr_switrs_all_types_col_cty_union.fid-c18a0c2_186644fdb18_-1f86,15121,24251000.0,,170276189,37.7750930377651,-122.406828926344,SFPD-CROSSROADS,CITY STREET,04/04/2017 03:36:00 PM,2017 April 04,15:36:00,2017,April,Tuesday,HARRISON ST,LANGTON ST,0.0,Clear,Injury (Other Visible),Vehicle/Pedestrian,Pedestrian,Crossing Not in Crosswalk,Dry,No Unusual Condition,Daylight,Intersection <= 20ft,0.0,1,,Driver,West,Changing Lanes,Pedestrian,South,Proceeding Straight,POINT (-122.40683 37.775093),32.0,1.0,10.0,34.0,15
8064,vw_geo_sfpd_cr_switrs_all_types_col_cty_union.fid-c18a0c2_186644fdb18_-2352,8959,24083000.0,12028000.0,130749819,37.7571377330439,-122.416716827433,SFPD-CROSSROADS,CITY STREET,09/07/2013 05:42:00 PM,2013 September 07,17:42:00,2013,September,Saturday,VAN NESS AVE,21ST ST,11.0,Clear,Injury (Other Visible),Vehicle/Pedestrian,Pedestrian,Crossing in Crosswalk at Intersection,Dry,No Unusual Condition,Daylight,Intersection <= 20ft,0.0,1,1.0,Driver,South,Making Left Turn,Pedestrian,East,Proceeding Straight,POINT (-122.41672 37.757137),53.0,3.0,2.0,20.0,17
8065,vw_geo_sfpd_cr_switrs_all_types_col_cty_union.fid-c18a0c2_186644fdb18_-1fd7,1773,22049000.0,,180854214,37.7176653093,-122.440106607,SFPD-INTERIM DB,CITY STREET,11/10/2018 11:31:00 AM,2018 November 10,11:31:00,2018,November,Saturday,MISSION ST,SENECA AVE,0.0,Clear,Injury (Severe),Vehicle/Pedestrian,Pedestrian,Crossing in Crosswalk at Intersection,Dry,No Unusual Condition,Daylight,Intersection <= 20ft,0.0,1,1.0,Driver,North,Making Left Turn,Pedestrian,West,Other,POINT (-122.44011 37.717667),80.0,9.0,1.0,28.0,11
8066,vw_geo_sfpd_cr_switrs_all_types_col_cty_union.fid-c18a0c2_186644fdb18_-2f3b,8886,23968000.0,1097000.0,170889005,37.757707012705,-122.40771846966,SFPD-CROSSROADS,CITY STREET,10/31/2017 07:30:00 AM,2017 October 31,07:30:00,2017,October,Tuesday,21ST ST,HAMPSHIRE ST,10.0,Clear,Injury (Complaint of Pain),Vehicle/Pedestrian,Pedestrian,Crossing in Crosswalk at Intersection,Dry,No Unusual Condition,Dusk - Dawn,Intersection <= 20ft,0.0,1,1.0,Driver,East,Proceeding Straight,Pedestrian,South,Proceeding Straight,POINT (-122.407715 37.757706),53.0,3.0,2.0,20.0,07
8073,vw_geo_sfpd_cr_switrs_all_types_col_cty_union.fid-c18a0c2_186644fdb18_-1f17,26300,24917000.0,,180909273,37.7871491436,-122.409874016,SFPD-INTERIM DB,CITY STREET,12/02/2018 12:41:00 PM,2018 December 02,12:41:00,2018,December,Sunday,MASON ST,GEARY ST,0.0,Clear,Injury (Severe),Vehicle/Pedestrian,Pedestrian,Crossing in Crosswalk at Intersection,Dry,No Unusual Condition,Daylight,Intersection <= 20ft,0.0,1,1.0,Driver,West,Making Left Turn,Pedestrian,East,Proceeding Straight,POINT (-122.409874 37.787148),20.0,6.0,3.0,36.0,12
8085,vw_geo_sfpd_cr_switrs_all_types_col_cty_union.fid-c18a0c2_186644fdb18_-30d5,32554,26544000.0,5830000.0,150065952,37.7938478276021,-122.424718710814,SFPD-CROSSROADS,CITY STREET,01/22/2015 06:50:00 AM,2015 January 22,06:50:00,2015,January,Thursday,FRANKLIN ST,JACKSON ST,45.0,Clear,Injury (Complaint of Pain),Vehicle/Pedestrian,Pedestrian,Crossing Not in Crosswalk,Dry,No Unusual Condition,Dark - Street Lights,Midblock > 20ft,0.0,1,1.0,Pedestrian,West,Other,Driver,North,Proceeding Straight,POINT (-122.42472 37.793846),102.0,4.0,6.0,30.0,06
8087,vw_geo_sfpd_cr_switrs_all_types_col_cty_union.fid-c18a0c2_186644fdb18_-2212,31,21531000.000000004,,180714464,37.7083281209,-122.449846604,SFPD-INTERIM DB,CITY STREET,09/20/2018 06:02:00 PM,2018 September 20,18:02:00,2018,September,Thursday,BRUNSWICK ST,OLIVER ST,0.0,Clear,Injury (Other Visible),Vehicle/Pedestrian,Pedestrian,Crossing in Crosswalk at Intersection,Dry,No Unusual Condition,Daylight,Intersection <= 20ft,0.0,1,1.0,Driver,South,Slowing/Stopping,Pedestrian,East,Proceeding Straight,POINT (-122.449844 37.70833),58.0,9.0,1.0,7.0,18
8089,vw_geo_sfpd_cr_switrs_all_types_col_cty_union.fid-c18a0c2_186644fdb18_-2259,2461,20151000.0,13139000.0,180701568,37.7269422773,-122.388492581,SFPD-INTERIM DB,CITY STREET,09/16/2018 08:56:00 AM,2018 September 16,08:56:00,2018,September,Sunday,VAN DYKE AVE,JENNINGS ST,64.0,Clear,Injury (Complaint of Pain),Head-On,Pedestrian,Crossing Not in Crosswalk,Dry,No Unusual Condition,Daylight,Midblock > 20ft,0.0,1,1.0,Pedestrian,North,Proceeding Straight,Driver,East,Proceeding Straight,POINT (-122.38849 37.726944),86.0,2.0,9.0,1.0,08
8090,vw_geo_sfpd_cr_switrs_all_types_col_cty_union.fid-c18a0c2_186644fdb18_-2795,16885,24319000.0,12172000.0,180369417,37.7799087492,-122.412055746,SFPD-INTERIM DB,CITY STREET,05/18/2018 12:29:00 AM,2018 May 18,00:29:00,2018,May,Friday,STEVENSON ST,07TH ST,50.0,Clear,Injury (Complaint of Pain),Broadside,Pedestrian,"In Road, Including Shoulder",Dry,No Unusual Condition,Dark - Street Lights,Midblock > 20ft,0.0,1,1.0,Pedestrian,North,Proceeding Straight,Driver,East,Proceeding Straight,POINT (-122.412056 37.779907),32.0,5.0,10.0,34.0,00
8092,vw_geo_sfpd_cr_switrs_all_types_col_cty_union.fid-c18a0c2_186644fdb18_-2cd0,25251,24613000.0,,170142900,37.7862481515276,-122.402025419823,SFPD-CROSSROADS,CITY STREET,02/19/2017 11:31:00 AM,2017 February 19,11:31:00,2017,February,Sunday,MISSION ST,03RD ST,0.0,Raining,Injury (Complaint of Pain),Vehicle/Pedestrian,Pedestrian,Crossing in Crosswalk at Intersection,Wet,No Unusual Condition,Daylight,Intersection <= 20ft,0.0,1,1.0,Driver,West,Making Left Turn,Pedestrian,South,Proceeding Straight,POINT (-122.40202 37.786247),32.0,1.0,10.0,8.0,11
8094,vw_geo_sfpd_cr_switrs_all_types_col_cty_union.fid-c18a0c2_186644fdb18_-3613,3302,20662000.0,9786000.0,170143453,37.7344508534207,-122.390085907055,SFPD-CROSSROADS,CITY STREET,02/19/2017 02:50:00 PM,2017 February 19,14:50:00,2017,February,Sunday,OAKDALE AVE,MENDELL ST,92.0,Clear,Injury (Complaint of Pain),Vehicle/Pedestrian,Pedestrian,Crossing Not in Crosswalk,Dry,No Unusual Condition,Daylight,Midblock > 20ft,0.0,1,1.0,Pedestrian,South,Not Stated,Driver,West,Passing Other Vehicle,POINT (-122.39008 37.73445),86.0,2.0,9.0,1.0,14
8095,vw_geo_sfpd_cr_switrs_all_types_col_cty_union.fid-c18a0c2_186644fdb18_-3262,2912,33158000.0,2808000.0,170558642,37.7281147168892,-122.402214710629,SFPD-CROSSROADS,CITY STREET,07/10/2017 01:42:00 AM,2017 July 10,01:42:00,2017,July,Monday,BAY SHORE BLVD,BACON ST,5.0,Clear,Injury (Other Visible),Vehicle/Pedestrian,Pedestrian,Crossing in Crosswalk at Intersection,Dry,No Unusual Condition,Dark - Street Lights,Intersection <= 20ft,0.0,1,1.0,Driver,North,Proceeding Straight,Pedestrian,West,Proceeding Straight,POINT (-122.402214 37.728115),87.0,2.0,9.0,1.0,01
8097,vw_geo_sfpd_cr_switrs_all_types_col_cty_union.fid-c18a0c2_186644fdb18_-209b,35025,26695000.000000004,13171201.0,130509061,37.8022942379039,-122.424720767578,SFPD-CROSSROADS,CITY STREET,06/21/2013 08:30:00 AM,2013 June 21,08:30:00,2013,June,Friday,VAN NESS AVE,CHESTNUT ST,7.0,Clear,Injury (Complaint of Pain),Vehicle/Pedestrian,Pedestrian,Crossing in Crosswalk at Intersection,Dry,No Unusual Condition,Daylight,Intersection <= 20ft,0.0,1,1.0,Driver,North,Making Left Turn,Pedestrian,West,Proceeding Straight,POINT (-122.42472 37.802296),107.0,4.0,6.0,32.0,08
8098,vw_geo_sfpd_cr_switrs_all_types_col_cty_union.fid-c18a0c2_186644fdb18_-28ca,11277,25677000.0,6579101.0,141001424,37.7615723599709,-122.423799034275,SFPD-CROSSROADS,CITY STREET,11/26/2014 01:56:00 PM,2014 November 26,13:56:00,2014,November,Wednesday,18TH ST,GUERRERO ST,4.0,Clear,Injury (Complaint of Pain),Vehicle/Pedestrian,Pedestrian,Crossing in Crosswalk at Intersection,Dry,No Unusual Condition,Daylight,Intersection <= 20ft,0.0,1,1.0,Driver,South,Making Right Turn,Pedestrian,North,Proceeding Straight,POINT (-122.4238 37.761574),37.0,3.0,5.0,20.0,13
8100,vw_geo_sfpd_cr_switrs_all_types_col_cty_union.fid-c18a0c2_186644fdb18_-2e89,17802,24403000.0,,170953735,37.7698676980341,-122.422364819364,SFPD-CROSSROADS,CITY STREET,11/23/2017 11:30:00 PM,2017 November 23,23:30:00,2017,November,Thursday,DUBOCE AVE,VALENCIA ST,0.0,Clear,Injury (Complaint of Pain),Vehicle/Pedestrian,Pedestrian,Crossing in Crosswalk at Intersection,Dry,No Unusual Condition,Dark - Street Lights,Intersection <= 20ft,0.0,1,1.0,Driver,East,Making Left Turn,Pedestrian,North,Proceeding Straight,POINT (-122.42236 37.769867),53.0,3.0,2.0,20.0,23
8116,vw_geo_sfpd_cr_switrs_all_types_col_cty_union.fid-c18a0c2_186644fdb18_-26a9,29964,25170000.0,6116000.0,150469047,37.7861927023255,-122.417369894926,SFPD-CROSSROADS,CITY STREET,05/29/2015 03:30:00 PM,2015 May 29,15:30:00,2015,May,Friday,GEARY ST,LARKIN ST,210.0,Cloudy,Injury (Complaint of Pain),Vehicle/Pedestrian,Pedestrian,Crossing Not in Crosswalk,Dry,No Unusual Condition,Daylight,Midblock > 20ft,0.0,1,1.0,Pedestrian,South,Proceeding Straight,Driver,East,Backing,POINT (-122.41737 37.786194),20.0,6.0,10.0,36.0,15
8117,vw_geo_sfpd_cr_switrs_all_types_col_cty_union.fid-c18a0c2_186644fdb18_-2c9b,4336,21781000.0,,180047691,37.729775576,-122.433386844,SFPD-INTERIM DB,CITY STREET,01/18/2018 06:51:00 PM,2018 January 18,18:51:00,2018,January,Thursday,ALEMANY BLVD,SILVER AVE,0.0,Raining,Injury (Complaint of Pain),Vehicle/Pedestrian,Pedestrian,Crossing in Crosswalk at Intersection,Wet,No Unusual Condition,Dark - Street Lights,Intersection <= 20ft,0.0,1,1.0,Driver,West,Making Left Turn,Pedestrian,West,Proceeding Straight,POINT (-122.43339 37.729774),94.0,9.0,1.0,28.0,18
8118,vw_geo_sfpd_cr_switrs_all_types_col_cty_union.fid-c18a0c2_186644fdb18_-2d1d,32679,25315000.0,10575000.0,180015905,37.7958513401,-122.42174917,SFPD-INTERIM DB,CITY STREET,01/06/2018 06:35:00 PM,2018 January 06,18:35:00,2018,January,Saturday,POLK ST,BROADWAY,35.0,Clear,Injury (Complaint of Pain),Vehicle/Pedestrian,Pedestrian,"In Road, Including Shoulder",Dry,No Unusual Condition,Daylight,Midblock > 20ft,0.0,1,,Pedestrian,West,Entering Traffic,Driver,North,Proceeding Straight,POINT (-122.42175 37.795853),105.0,4.0,3.0,32.0,18
8120,vw_geo_sfpd_cr_switrs_all_types_col_cty_union.fid-c18a0c2_186644fdb18_-3099,2214,52261000.0,,170747146,37.7211553067383,-122.447751553348,SFPD-CROSSROADS,CITY STREET,09/13/2017 06:24:00 AM,2017 September 13,06:24:00,2017,September,Wednesday,GENEVA AVE,I-280 N OFF RAMP,0.0,Clear,Injury (Complaint of Pain),Vehicle/Pedestrian,Pedestrian,Crossing in Crosswalk at Intersection,Wet,No Unusual Condition,Dark - Street Lights,Intersection <= 20ft,0.0,1,1.0,Driver,East,Making Right Turn,Pedestrian,North,Proceeding Straight,POINT (-122.447754 37.721157),80.0,9.0,1.0,28.0,06
8121,vw_geo_sfpd_cr_switrs_all_types_col_cty_union.fid-c18a0c2_186644fdb18_-2c28,18145,25892000.0,4987000.0,170852115,37.7693769003848,-122.430486181286,SFPD-CROSSROADS,CITY STREET,10/18/2017 10:30:00 AM,2017 October 18,10:30:00,2017,October,Wednesday,DUBOCE AVE,BELCHER ST,69.0,Clear,Injury (Complaint of Pain),Vehicle/Pedestrian,Pedestrian,Crossing Not in Crosswalk,Dry,No Unusual Condition,Daylight,Midblock > 20ft,0.0,1,1.0,Pedestrian,South,Proceeding Straight,Driver,East,Proceeding Straight,POINT (-122.43049 37.76938),28.0,7.0,5.0,9.0,10
8127,vw_geo_sfpd_cr_switrs_all_types_col_cty_union.fid-c18a0c2_186644fdb18_-29a3,38234,23149000.0,11950104.0,180224491,37.7346228796,-122.47509645,SFPD-INTERIM DB,CITY STREET,03/26/2018 09:46:00 AM,2018 March 26,09:46:00,2018,March,Monday,SLOAT BLVD,19TH AVE,2.0,Clear,Injury (Severe),Vehicle/Pedestrian,Pedestrian,Crossing in Crosswalk at Intersection,Dry,No Unusual Condition,Daylight,Intersection <= 20ft,0.0,1,1.0,Driver,West,Making Right Turn,Pedestrian,South,Not Stated,POINT (-122.4751 37.734623),62.0,10.0,8.0,41.0,09
8132,vw_geo_sfpd_cr_switrs_all_types_col_cty_union.fid-c18a0c2_186644fdb18_-311d,16111,23941000.0,,170686033,37.7785051048409,-122.405615266463,SFPD-CROSSROADS,CITY STREET,08/22/2017 09:18:00 PM,2017 August 22,21:18:00,2017,August,Tuesday,06TH ST,FOLSOM ST,0.0,Cloudy,Injury (Complaint of Pain),Sideswipe,Pedestrian,Crossing in Crosswalk at Intersection,Dry,No Unusual Condition,Dark - Street Lights,Intersection <= 20ft,0.0,1,1.0,Driver,East,Making Left Turn,Pedestrian,West,Proceeding Straight,POINT (-122.40562 37.778503),32.0,1.0,10.0,34.0,21
8136,vw_geo_sfpd_cr_switrs_all_types_col_cty_union.fid-c18a0c2_186644fdb18_-1fb5,26498,24959000.0,,180864138,37.7885982037,-122.413541441,SFPD-INTERIM DB,CITY STREET,11/14/2018 08:30:00 AM,2018 November 14,08:30:00,2018,November,Wednesday,JONES ST,SUTTER ST,0.0,Clear,Injury (Complaint of Pain),Vehicle/Pedestrian,Pedestrian,Crossing in Crosswalk at Intersection,Dry,No Unusual Condition,Daylight,Intersection <= 20ft,0.0,1,1.0,Driver,South,Making Right Turn,Pedestrian,West,Proceeding Straight,POINT (-122.41354 37.788597),50.0,6.0,3.0,21.0,08
8141,vw_geo_sfpd_cr_switrs_all_types_col_cty_union.fid-c18a0c2_186644fdb18_-2ba4,39859,23469000.000000004,,180109586,37.7457860404,-122.498452832,SFPD-INTERIM DB,CITY STREET,02/10/2018 08:17:00 AM,2018 February 10,08:17:00,2018,February,Saturday,RIVERA ST,40TH AVE,0.0,Clear,Injury (Severe),Vehicle/Pedestrian,Pedestrian,Crossing Not in Crosswalk,Dry,No Unusual Condition,Daylight,Intersection <= 20ft,0.0,1,1.0,Driver,East,Making Left Turn,Pedestrian,North,Proceeding Straight,POINT (-122.49845 37.745785),39.0,10.0,7.0,35.0,08
8148,vw_geo_sfpd_cr_switrs_all_types_col_cty_union.fid-c18a0c2_186644fdb18_-232b,763,20596000.0,,180659014,37.7205086804,-122.40500937,SFPD-INTERIM DB,CITY STREET,08/31/2018 05:52:00 PM,2018 August 31,17:52:00,2018,August,Friday,MANSELL ST,SOMERSET ST,0.0,Clear,Injury (Complaint of Pain),Broadside,Pedestrian,Crossing in Crosswalk at Intersection,Dry,No Unusual Condition,Daylight,Intersection <= 20ft,0.0,1,1.0,Driver,West,Proceeding Straight,Pedestrian,South,Proceeding Straight,POINT (-122.40501 37.72051),91.0,2.0,2.0,25.0,17
8152,vw_geo_sfpd_cr_switrs_all_types_col_cty_union.fid-c18a0c2_186644fdb18_-3633,34134,25384000.000000004,2771000.0,170136771,37.8064315156356,-122.407115257355,SFPD-CROSSROADS,CITY STREET,02/17/2017 11:18:00 AM,2017 February 17,11:18:00,2017,February,Friday,BAY ST,KEARNY ST,9.0,Raining,Injury (Complaint of Pain),Vehicle/Pedestrian,Pedestrian,Crossing in Crosswalk at Intersection,Wet,No Unusual Condition,Daylight,Intersection <= 20ft,0.0,1,1.0,Driver,East,Making Left Turn,Pedestrian,North,Proceeding Straight,POINT (-122.40711 37.80643),99.0,6.0,3.0,23.0,11
8154,vw_geo_sfpd_cr_switrs_all_types_col_cty_union.fid-c18a0c2_186644fdb18_-2cf0,32658,26549000.0,,180024423,37.7946072957,-122.42487189,SFPD-INTERIM DB,CITY STREET,01/09/2018 07:59:00 PM,2018 January 09,19:59:00,2018,January,Tuesday,FRANKLIN ST,PACIFIC AVE,0.0,Clear,Injury (Severe),Vehicle/Pedestrian,Pedestrian,Crossing in Crosswalk at Intersection,Dry,No Unusual Condition,Dark - Street Lights,Intersection <= 20ft,0.0,1,1.0,Driver,North,Making Left Turn,Pedestrian,East,Proceeding Straight,POINT (-122.42487 37.79461),102.0,4.0,6.0,30.0,19
8156,vw_geo_sfpd_cr_switrs_all_types_col_cty_union.fid-c18a0c2_186644fdb18_-2ea9,33957,25425000.0,,170942299,37.8011697520746,-122.411018517014,SFPD-CROSSROADS,CITY STREET,11/19/2017 05:52:00 PM,2017 November 19,17:52:00,2017,November,Sunday,FILBERT ST,POWELL ST,0.0,Clear,Injury (Severe),Vehicle/Pedestrian,Pedestrian,Crossing in Crosswalk at Intersection,Dry,No Unusual Condition,Dusk - Dawn,Intersection <= 20ft,0.0,1,1.0,Driver,West,Proceeding Straight,Pedestrian,North,Proceeding Straight,POINT (-122.41102 37.80117),106.0,6.0,3.0,23.0,17
8163,vw_geo_sfpd_cr_switrs_all_types_col_cty_union.fid-c18a0c2_186644fdb18_-2ac4,33790,25352000.0,,170280817,37.7994898200135,-122.409014377412,SFPD-CROSSROADS,CITY STREET,04/06/2017 06:30:00 AM,2017 April 06,06:30:00,2017,April,Thursday,STOCKTON ST,COLUMBUS AVE,0.0,Cloudy,Injury (Complaint of Pain),Vehicle/Pedestrian,Pedestrian,Crossing in Crosswalk at Intersection,Dry,No Unusual Condition,Daylight,Intersection <= 20ft,0.0,1,1.0,Driver,North,Making Right Turn,Pedestrian,North,Proceeding Straight,POINT (-122.40901 37.799488),106.0,6.0,3.0,23.0,06
8168,vw_geo_sfpd_cr_switrs_all_types_col_cty_union.fid-c18a0c2_186644fdb18_-260f,18070,25980000.0,598000.0,180459654,37.7675438433,-122.432043787,SFPD-INTERIM DB,CITY STREET,06/21/2018 10:55:00 AM,2018 June 21,10:55:00,2018,June,Thursday,14TH ST,WALTER ST,74.0,Clear,Injury (Complaint of Pain),Vehicle/Pedestrian,Pedestrian,Crossing Not in Crosswalk,Dry,No Unusual Condition,Daylight,Midblock > 20ft,0.0,1,1.0,Driver,West,Proceeding Straight,Pedestrian,South,Proceeding Straight,POINT (-122.432045 37.767544),28.0,7.0,5.0,5.0,10
8170,vw_geo_sfpd_cr_switrs_all_types_col_cty_union.fid-c18a0c2_186644fdb18_-1f95,15506,24247000.0,7053000.0,180878145,37.7745201483,-122.413763922,SFPD-INTERIM DB,CITY STREET,11/19/2018 06:13:00 PM,2018 November 19,18:13:00,2018,November,Monday,HOWARD ST,DORE ST,2.0,Clear,Injury (Complaint of Pain),Vehicle/Pedestrian,Pedestrian,Crossing Not in Crosswalk,Dry,No Unusual Condition,Dark - Street Lights,Intersection <= 20ft,0.0,1,2.0,Pedestrian,South,Other,Driver,South,Proceeding Straight,POINT (-122.413765 37.77452),32.0,1.0,10.0,34.0,18
8182,vw_geo_sfpd_cr_switrs_all_types_col_cty_union.fid-c18a0c2_186644fdb18_-2cd4,14702,23810000.000000004,,180029536,37.7782303996,-122.393536575,SFPD-INTERIM DB,CITY STREET,01/11/2018 04:28:00 PM,2018 January 11,16:28:00,2018,January,Thursday,TOWNSEND ST,CLYDE ST,0.0,Clear,Injury (Other Visible),Vehicle/Pedestrian,Pedestrian,Crossing in Crosswalk at Intersection,Dry,No Unusual Condition,Daylight,Intersection <= 20ft,0.0,1,1.0,Pedestrian,South,Not Stated,Driver,West,Proceeding Straight,POINT (-122.39354 37.77823),32.0,1.0,10.0,34.0,16
8184,vw_geo_sfpd_cr_switrs_all_types_col_cty_union.fid-c18a0c2_186644fdb18_-215b,34428,25474000.0,7776000.0,170554402,37.8072155648678,-122.40729651963,SFPD-CROSSROADS,CITY STREET,07/08/2017 02:35:00 PM,2017 July 08,14:35:00,2017,July,Saturday,KEARNY ST,NORTH POINT ST,60.0,Clear,Injury (Complaint of Pain),Broadside,Pedestrian,Crossing Not in Crosswalk,Dry,No Unusual Condition,Daylight,Midblock > 20ft,0.0,1,1.0,Pedestrian,West,Entering Traffic,Driver,South,Proceeding Straight,POINT (-122.407295 37.807217),99.0,6.0,3.0,23.0,14
8193,vw_geo_sfpd_cr_switrs_all_types_col_cty_union.fid-c18a0c2_186644fdb18_-3384,42091,32856000.0,,170436496,37.7714283955386,-122.453979522009,SFPD-CROSSROADS,CITY STREET,05/27/2017 11:50:00 PM,2017 May 27,23:50:00,2017,May,Saturday,FELL ST,STANYAN ST,0.0,Clear,Injury (Severe),Vehicle/Pedestrian,Pedestrian,Crossing in Crosswalk at Intersection,Dry,No Unusual Condition,Dark - Street Lights,Intersection <= 20ft,0.0,1,1.0,Pedestrian,North,Proceeding Straight,Driver,South,Proceeding Straight,POINT (-122.45398 37.771427),24.0,7.0,11.0,12.0,23
8195,vw_geo_sfpd_cr_switrs_all_types_col_cty_union.fid-c18a0c2_186644fdb18_-2011,32027,25225000.0,,180836654,37.7903696595,-122.422328955,SFPD-INTERIM DB,CITY STREET,11/03/2018 11:00:00 PM,2018 November 03,23:00:00,2018,November,Saturday,VAN NESS AVE,CALIFORNIA ST,0.0,Clear,Injury (Severe),Vehicle/Pedestrian,Pedestrian,Crossing in Crosswalk at Intersection,Dry,No Unusual Condition,Dark - Street Lights,Intersection <= 20ft,0.0,1,1.0,Pedestrian,East,Proceeding Straight,Driver,South,Proceeding Straight,POINT (-122.42233 37.79037),102.0,4.0,6.0,30.0,23
8202,vw_geo_sfpd_cr_switrs_all_types_col_cty_union.fid-c18a0c2_186644fdb18_-2866,8503,23725000.0,,130045855,37.7545121198538,-122.402557509932,SFPD-CROSSROADS,CITY STREET,01/17/2013 09:19:00 AM,2013 January 17,09:19:00,2013,January,Thursday,23RD ST,KANSAS ST,0.0,Clear,Injury (Complaint of Pain),Vehicle/Pedestrian,Pedestrian,Crossing in Crosswalk at Intersection,Dry,No Unusual Condition,Daylight,Intersection <= 20ft,0.0,1,1.0,Driver,South,Making Right Turn,Pedestrian,East,Proceeding Straight,POINT (-122.40256 37.754513),54.0,2.0,9.0,26.0,09
8216,vw_geo_sfpd_cr_switrs_all_types_col_cty_union.fid-c18a0c2_186644fdb18_-331e,28965,25186000.0,,170475278,37.7828941222,-122.420817003265,SFPD-CROSSROADS,CITY STREET,06/10/2017 08:17:00 PM,2017 June 10,20:17:00,2017,June,Saturday,EDDY ST,VAN NESS AVE,0.0,Clear,Injury (Other Visible),Vehicle/Pedestrian,Pedestrian,Crossing in Crosswalk at Intersection,Dry,No Unusual Condition,Daylight,Intersection <= 20ft,0.0,1,1.0,Driver,North,Making Left Turn,Pedestrian,West,Proceeding Straight,POINT (-122.420815 37.782894),20.0,4.0,10.0,36.0,20
8220,vw_geo_sfpd_cr_switrs_all_types_col_cty_union.fid-c18a0c2_186644fdb18_-21b6,24681,30739000.0,,180735959,37.7839914867,-122.408066547,SFPD-INTERIM DB,CITY STREET,09/28/2018 01:42:00 PM,2018 September 28,13:42:00,2018,September,Friday,MARKET ST,CYRIL MAGNIN ST,0.0,Clear,Injury (Complaint of Pain),Sideswipe,Pedestrian,Crossing Not in Crosswalk,Dry,No Unusual Condition,Daylight,Intersection <= 20ft,0.0,1,1.0,Pedestrian,North,Proceeding Straight,Bicyclist,East,Proceeding Straight,POINT (-122.408066 37.783993),19.0,5.0,10.0,34.0,13
8221,vw_geo_sfpd_cr_switrs_all_types_col_cty_union.fid-c18a0c2_186644fdb18_-21f9,30501,30077000.0,13155102.0,180720358,37.788074223,-122.421969686,SFPD-INTERIM DB,CITY STREET,09/22/2018 08:57:00 PM,2018 September 22,20:57:00,2018,September,Saturday,VAN NESS AVE,FERN ST,27.0,Clear,Fatal,Vehicle/Pedestrian,Pedestrian,Crossing Not in Crosswalk,Dry,Construction or Repair Zone,Dark - Street Lights,Midblock > 20ft,1.0,0,1.0,Pedestrian,West,Other,Driver,North,Proceeding Straight,POINT (-122.42197 37.788074),100.0,4.0,6.0,39.0,20
8223,vw_geo_sfpd_cr_switrs_all_types_col_cty_union.fid-c18a0c2_186644fdb18_-315f,13851,23856000.0,375000.0,170661104,37.7730636148311,-122.403220783312,SFPD-CROSSROADS,CITY STREET,08/14/2017 09:27:00 AM,2017 August 14,09:27:00,2017,August,Monday,07TH ST,BRANNAN ST,6.0,Clear,Injury (Other Visible),Vehicle/Pedestrian,Pedestrian,Crossing in Crosswalk at Intersection,Dry,No Unusual Condition,Daylight,Intersection <= 20ft,0.0,1,1.0,Driver,North,Making Left Turn,Pedestrian,West,Proceeding Straight,POINT (-122.40322 37.773064),32.0,1.0,10.0,34.0,09
8224,vw_geo_sfpd_cr_switrs_all_types_col_cty_union.fid-c18a0c2_186644fdb18_-2404,32350,26556000.0,,160917042,37.7904594991011,-122.429092268391,SFPD-CROSSROADS,CITY STREET,11/10/2016 05:30:00 PM,2016 November 10,17:30:00,2016,November,Thursday,SACRAMENTO ST,LAGUNA ST,0.0,Clear,Injury (Other Visible),Vehicle/Pedestrian,Pedestrian,Crossing in Crosswalk at Intersection,Dry,No Unusual Condition,Dark - Street Lights,Intersection <= 20ft,0.0,1,1.0,Driver,South,Proceeding Straight,Pedestrian,West,Not Stated,POINT (-122.42909 37.79046),102.0,4.0,6.0,30.0,17
8246,vw_geo_sfpd_cr_switrs_all_types_col_cty_union.fid-c18a0c2_186644fdb18_-30ff,5719,21084000.0,,170699779,37.7388814891106,-122.414558859296,SFPD-CROSSROADS,CITY STREET,08/27/2017 06:22:00 PM,2017 August 27,18:22:00,2017,August,Sunday,CORTLAND AVE,ELLSWORTH ST,0.0,Clear,Injury (Complaint of Pain),Vehicle/Pedestrian,Pedestrian,Crossing in Crosswalk at Intersection,Dry,No Unusual Condition,Daylight,Intersection <= 20ft,0.0,1,1.0,Driver,West,Proceeding Straight,Pedestrian,North,Proceeding Straight,POINT (-122.41456 37.73888),83.0,9.0,2.0,2.0,18