,id,unique_id,cnn_intrsctn_fkey,cnn_sgmt_fkey,case_id_pkey,tb_latitude,tb_longitude,geocode_source,geocode_location,collision_datetime,collision_date,collision_time,accident_year,month,day_of_week,primary_rd,secondary_rd,distance,weather_1,collision_severity,type_of_collision,mviw,ped_action,road_surface,road_cond_1,lighting,intersection,number_killed,number_injured,party_at_fault,party1_type,party1_dir_of_travel,party1_move_pre_acc,party2_type,party2_dir_of_travel,party2_move_pre_acc,point,Neighborhoods,Current Police Districts,Current Supervisor Districts,Analysis Neighborhoods,hour
8247,vw_geo_sfpd_cr_switrs_all_types_col_cty_union.fid-c18a0c2_186644fdb18_-35f9,37109,23051000.0,,170158775,37.7185385604223,-122.478556027709,SFPD-CROSSROADS,CITY STREET,02/24/2017 08:18:00 PM,2017 February 24,20:18:00,2017,February,Friday,JUAN BAUTISTA CIR,FONT BLVD (W),0.0,Clear,Injury (Other Visible),Vehicle/Pedestrian,Pedestrian,Crossing Not in Crosswalk,Dry,No Unusual Condition,Dark - Street Lights,Intersection <= 20ft,0.0,1,1.0,Driver,North,Proceeding Straight,Pedestrian,West,Proceeding Straight,POINT (-122.47855 37.71854),42.0,10.0,8.0,16.0,20
8249,vw_geo_sfpd_cr_switrs_all_types_col_cty_union.fid-c18a0c2_186644fdb18_-31b2,27054,24568000.0,,150696472,37.7935086036109,-122.397608332604,SFPD-CROSSROADS,CITY STREET,08/10/2015 02:40:00 PM,2015 August 10,14:40:00,2015,August,Monday,CALIFORNIA ST,DAVIS ST,0.0,Clear,Injury (Complaint of Pain),Vehicle/Pedestrian,Pedestrian,Crossing in Crosswalk at Intersection,Dry,No Unusual Condition,Daylight,Intersection <= 20ft,0.0,1,1.0,Driver,South,Making Right Turn,Pedestrian,East,Proceeding Straight,POINT (-122.397606 37.79351),108.0,6.0,3.0,8.0,14
8250,vw_geo_sfpd_cr_switrs_all_types_col_cty_union.fid-c18a0c2_186644fdb18_-2967,17489,25835000.0,,180237262,37.768006425,-122.42441169,SFPD-INTERIM DB,CITY STREET,03/30/2018 07:32:00 PM,2018 March 30,19:32:00,2018,March,Friday,GUERRERO ST,14TH ST,0.0,Clear,Injury (Severe),Vehicle/Pedestrian,Pedestrian,Crossing Not in Crosswalk,Dry,No Unusual Condition,Dusk - Dawn,Intersection <= 20ft,0.0,1,1.0,Pedestrian,East,Proceeding Straight,Driver,South,Proceeding Straight,POINT (-122.42441 37.768005),37.0,3.0,5.0,20.0,19
8253,vw_geo_sfpd_cr_switrs_all_types_col_cty_union.fid-c18a0c2_186644fdb18_-28e3,30508,26498000.0,,180269588,37.7882797329,-122.423594072,SFPD-INTERIM DB,CITY STREET,04/12/2018 07:01:00 AM,2018 April 12,07:01:00,2018,April,Thursday,BUSH ST,FRANKLIN ST,0.0,Clear,Injury (Complaint of Pain),Sideswipe,Pedestrian,Crossing in Crosswalk at Intersection,Dry,No Unusual Condition,Daylight,Intersection <= 20ft,0.0,1,1.0,Driver,East,Making Left Turn,Pedestrian,East,Proceeding Straight,POINT (-122.42359 37.78828),100.0,4.0,6.0,39.0,07
8259,vw_geo_sfpd_cr_switrs_all_types_col_cty_union.fid-c18a0c2_186644fdb18_-25d8,17086,30742000.0,,180465623,37.7804785122,-122.412512256,SFPD-INTERIM DB,CITY STREET,06/26/2018 12:47:00 PM,2018 June 26,12:47:00,2018,June,Tuesday,MARKET ST,07TH ST,0.0,Clear,Injury (Complaint of Pain),Vehicle/Pedestrian,Pedestrian,Not in Road,Dry,No Unusual Condition,Daylight,Intersection <= 20ft,0.0,1,1.0,Driver,East,Ran Off Road,Pedestrian,South,Stopped In Road,POINT (-122.41251 37.78048),32.0,5.0,10.0,34.0,12
8261,vw_geo_sfpd_cr_switrs_all_types_col_cty_union.fid-c18a0c2_186644fdb18_-2761,22989,23802000.0,3072000.0,180383746,37.7826497322,-122.391060574,SFPD-INTERIM DB,CITY STREET,05/23/2018 09:00:00 AM,2018 May 23,09:00:00,2018,May,Wednesday,BRANNAN ST,COLIN P KELLY JR ST,101.0,Clear,Injury (Other Visible),Vehicle/Pedestrian,Pedestrian,Crossing Not in Crosswalk,Dry,No Unusual Condition,Daylight,Midblock > 20ft,0.0,1,1.0,Pedestrian,South,Proceeding Straight,Driver,North,Making Left Turn,POINT (-122.39106 37.78265),31.0,1.0,10.0,8.0,09
8264,vw_geo_sfpd_cr_switrs_all_types_col_cty_union.fid-c18a0c2_186644fdb18_-2b84,38644,23367000.0,12288201.0,180117874,37.7366499543,-122.494069687,SFPD-INTERIM DB,CITY STREET,02/13/2018 01:30:00 PM,2018 February 13,13:30:00,2018,February,Tuesday,SUNSET BLVD,WAWONA ST,9.0,Clear,Injury (Severe),Vehicle/Pedestrian,Pedestrian,Crossing in Crosswalk at Intersection,Dry,No Unusual Condition,Daylight,Intersection <= 20ft,0.0,1,1.0,Driver,North,Making Left Turn,Pedestrian,South,Not Stated,POINT (-122.49407 37.73665),40.0,10.0,7.0,35.0,13
8280,vw_geo_sfpd_cr_switrs_all_types_col_cty_union.fid-c18a0c2_186644fdb18_-2b43,2413,22192000.0,,160650725,37.7230802422331,-122.452331560824,SFPD-CROSSROADS,CITY STREET,08/12/2016 01:52:00 PM,2016 August 12,13:52:00,2016,August,Friday,OCEAN AVE,PHELAN AVE,0.0,Clear,Injury (Complaint of Pain),Vehicle/Pedestrian,Pedestrian,Crossing in Crosswalk at Intersection,Dry,No Unusual Condition,Daylight,Intersection <= 20ft,0.0,1,,Driver,South,Making Right Turn,Pedestrian,East,Proceeding Straight,POINT (-122.45233 37.72308),95.0,10.0,8.0,24.0,13
8287,vw_geo_sfpd_cr_switrs_all_types_col_cty_union.fid-c18a0c2_186644fdb18_-346d,30672,26592000.000000004,10646000.0,170340198,37.7851534627826,-122.433063861391,SFPD-CROSSROADS,CITY STREET,04/25/2017 09:46:00 PM,2017 April 25,21:46:00,2017,April,Tuesday,POST ST,FILLMORE ST,6.0,Clear,Injury (Complaint of Pain),Vehicle/Pedestrian,Pedestrian,Crossing in Crosswalk at Intersection,Dry,No Unusual Condition,Dark - Street Lights,Intersection <= 20ft,0.0,1,1.0,Driver,East,Making Left Turn,Pedestrian,North,Not Stated,POINT (-122.43307 37.785152),101.0,4.0,11.0,15.0,21
8289,vw_geo_sfpd_cr_switrs_all_types_col_cty_union.fid-c18a0c2_186644fdb18_-2899,16567,24291000.0,,180290787,37.7787853725,-122.410401493,SFPD-INTERIM DB,CITY STREET,04/19/2018 07:42:00 PM,2018 April 19,19:42:00,2018,April,Thursday,07TH ST,MINNA ST,0.0,Clear,Injury (Other Visible),Vehicle/Pedestrian,Pedestrian,Crossing Not in Crosswalk,Dry,No Unusual Condition,Dusk - Dawn,Intersection <= 20ft,0.0,1,1.0,Driver,West,Making Right Turn,Pedestrian,East,Proceeding Straight,POINT (-122.4104 37.778786),32.0,1.0,10.0,34.0,19
8296,vw_geo_sfpd_cr_switrs_all_types_col_cty_union.fid-c18a0c2_186644fdb18_-207c,35037,26695000.000000004,13171201.0,180119682,37.8025737936,-122.424685511,SFPD-INTERIM DB,CITY STREET,02/02/2018 08:10:00 AM,2018 February 02,08:10:00,2018,February,Friday,VAN NESS AVE,CHESTNUT ST,103.0,Clear,Injury (Other Visible),Vehicle/Pedestrian,Pedestrian,"In Road, Including Shoulder",Dry,Obstruction on Roadway,Daylight,Midblock > 20ft,0.0,1,1.0,Pedestrian,North,Not Stated,Driver,North,Proceeding Straight,POINT (-122.42468 37.802574),107.0,4.0,6.0,32.0,08
8298,vw_geo_sfpd_cr_switrs_all_types_col_cty_union.fid-c18a0c2_186644fdb18_-21fe,14578,23821000.0,12663000.0,180717509,37.7764306661021,-122.395815492061,SFPD-INTERIM DB,CITY STREET,09/21/2018 06:20:00 PM,2018 September 21,18:20:00,2018,September,Friday,TOWNSEND ST,04TH ST,340.0,Clear,Injury (Complaint of Pain),Vehicle/Pedestrian,Pedestrian,Crossing Not in Crosswalk,Dry,No Unusual Condition,Daylight,Midblock > 20ft,0.0,1,1.0,Pedestrian,North,Other,Driver,East,Proceeding Straight,POINT (-122.39581 37.776432),34.0,1.0,10.0,4.0,18
8302,vw_geo_sfpd_cr_switrs_all_types_col_cty_union.fid-c18a0c2_186644fdb18_-2bd7,19706,26050000.0,,180096121,37.7740616467,-122.437610624,SFPD-INTERIM DB,CITY STREET,02/05/2018 01:18:00 PM,2018 February 05,13:18:00,2018,February,Monday,FELL ST,DIVISADERO ST,0.0,Clear,Injury (Complaint of Pain),Vehicle/Pedestrian,Pedestrian,Crossing in Crosswalk at Intersection,Dry,No Unusual Condition,Daylight,Intersection <= 20ft,0.0,1,1.0,Pedestrian,South,Proceeding Straight,Driver,West,Making Right Turn,POINT (-122.43761 37.774063),23.0,4.0,11.0,9.0,13
8314,vw_geo_sfpd_cr_switrs_all_types_col_cty_union.fid-c18a0c2_186644fdb18_-1f29,12955,26302000.0,12096000.0,180904552,37.764219467,-122.452510862,SFPD-INTERIM DB,CITY STREET,11/30/2018 01:27:00 PM,2018 November 30,13:27:00,2018,November,Friday,STANYAN ST,PARNASSUS AVE,107.0,Clear,Injury (Complaint of Pain),Vehicle/Pedestrian,Pedestrian,Crossing Not in Crosswalk,Dry,No Unusual Condition,Daylight,Midblock > 20ft,0.0,1,1.0,Pedestrian,West,Other,Driver,South,Proceeding Straight,POINT (-122.452515 37.76422),110.0,7.0,11.0,14.0,13
8336,vw_geo_sfpd_cr_switrs_all_types_col_cty_union.fid-c18a0c2_186644fdb18_-3725,30662,26591000.0,10646000.0,130723039,37.7853700231504,-122.431386718305,SFPD-CROSSROADS,CITY STREET,08/30/2013 08:14:00 AM,2013 August 30,08:14:00,2013,August,Friday,POST ST,WEBSTER ST,6.0,Clear,Injury (Other Visible),Vehicle/Pedestrian,Pedestrian,Crossing in Crosswalk at Intersection,Dry,No Unusual Condition,Daylight,Intersection <= 20ft,0.0,1,,Driver,North,Making Right Turn,Pedestrian,West,Proceeding Straight,POINT (-122.43139 37.78537),101.0,4.0,11.0,15.0,08
8344,vw_geo_sfpd_cr_switrs_all_types_col_cty_union.fid-c18a0c2_186644fdb18_-2b23,10907,26260000.0,4067000.0,130090587,37.7590432956341,-122.448549007817,SFPD-CROSSROADS,CITY STREET,02/01/2013 08:05:00 AM,2013 February 01,08:05:00,2013,February,Friday,CLARENDON AVE,TWIN PEAKS BLVD,4.0,Clear,Injury (Complaint of Pain),Vehicle/Pedestrian,Pedestrian,Crossing in Crosswalk at Intersection,Dry,No Unusual Condition,Daylight,Intersection <= 20ft,0.0,1,1.0,Driver,East,Stopped In Road,Pedestrian,North,Proceeding Straight,POINT (-122.44855 37.759045),114.0,7.0,11.0,14.0,08
8345,vw_geo_sfpd_cr_switrs_all_types_col_cty_union.fid-c18a0c2_186644fdb18_-280b,12206,24170000.0,9115000.0,140931200,37.7655156630466,-122.419713697664,SFPD-CROSSROADS,CITY STREET,11/03/2014 01:49:00 PM,2014 November 03,13:49:00,2014,November,Monday,MISSION ST,16TH ST,170.0,Clear,Fatal,Vehicle/Pedestrian,Pedestrian,Crossing Not in Crosswalk,Dry,No Unusual Condition,Daylight,Midblock > 20ft,1.0,0,1.0,Pedestrian,South,Other,Driver,South,Proceeding Straight,POINT (-122.419716 37.765514),53.0,3.0,2.0,20.0,13
8357,vw_geo_sfpd_cr_switrs_all_types_col_cty_union.fid-c18a0c2_186644fdb18_-354b,5424,20239000.0,,170239030,37.7427031548732,-122.387926351557,SFPD-CROSSROADS,CITY STREET,03/23/2017 04:00:00 PM,2017 March 23,16:00:00,2017,March,Thursday,03RD ST,EVANS AVE,0.0,Clear,Injury (Severe),Vehicle/Pedestrian,Pedestrian,Crossing in Crosswalk at Intersection,Dry,No Unusual Condition,Daylight,Intersection <= 20ft,0.0,1,1.0,Driver,South,Proceeding Straight,Pedestrian,West,Proceeding Straight,POINT (-122.387924 37.742702),76.0,2.0,9.0,1.0,16
8358,vw_geo_sfpd_cr_switrs_all_types_col_cty_union.fid-c18a0c2_186644fdb18_-359d,8022,25639000.000000004,1359000.0,170205360,37.7516964858321,-122.427574199305,SFPD-CROSSROADS,CITY STREET,03/12/2017 11:22:00 PM,2017 March 12,23:22:00,2017,March,Sunday,24TH ST,CHURCH ST,40.0,Clear,Injury (Complaint of Pain),Vehicle/Pedestrian,Pedestrian,"In Road, Including Shoulder",Dry,No Unusual Condition,Dark - Street Lights,Midblock > 20ft,0.0,1,2.0,Driver,West,Parking Maneuver,Pedestrian,North,Not Stated,POINT (-122.427574 37.751698),84.0,3.0,5.0,22.0,23
8362,vw_geo_sfpd_cr_switrs_all_types_col_cty_union.fid-c18a0c2_186644fdb18_-3379,17700,33027000.000000004,,170445425,37.7701114486375,-122.420008320982,SFPD-CROSSROADS,CITY STREET,05/31/2017 10:15:00 AM,2017 May 31,10:15:00,2017,May,Wednesday,13TH ST,MISSION ST,0.0,Clear,Injury (Complaint of Pain),Vehicle/Pedestrian,Pedestrian,Crossing in Crosswalk at Intersection,Dry,No Unusual Condition,Daylight,Intersection <= 20ft,0.0,1,1.0,Pedestrian,North,Not Stated,Driver,East,Proceeding Straight,POINT (-122.420006 37.77011),53.0,3.0,2.0,20.0,10
8366,vw_geo_sfpd_cr_switrs_all_types_col_cty_union.fid-c18a0c2_186644fdb18_-220d,11013,24145000.0,9120000.0,170374711,37.7605955106561,-122.419240522033,SFPD-CROSSROADS,CITY STREET,05/07/2017 03:11:00 PM,2017 May 07,15:11:00,2017,May,Sunday,MISSION ST,19TH ST,132.0,Clear,Injury (Complaint of Pain),Sideswipe,Pedestrian,"In Road, Including Shoulder",Dry,No Unusual Condition,Daylight,Midblock > 20ft,0.0,1,1.0,Driver,South,Making U Turn,Pedestrian,North,Proceeding Straight,POINT (-122.41924 37.760597),53.0,3.0,2.0,20.0,15
8370,vw_geo_sfpd_cr_switrs_all_types_col_cty_union.fid-c18a0c2_186644fdb18_-313f,5123,22233000.0,,170671222,37.7323263159776,-122.44886865871,SFPD-CROSSROADS,CITY STREET,08/17/2017 06:49:00 PM,2017 August 17,18:49:00,2017,August,Thursday,FOERSTER ST,JOOST AVE,0.0,Clear,Injury (Severe),Vehicle/Pedestrian,Pedestrian,Crossing Not in Crosswalk,Dry,Construction or Repair Zone,Daylight,Intersection <= 20ft,0.0,1,1.0,Pedestrian,East,Not Stated,Driver,North,Proceeding Straight,POINT (-122.44887 37.732327),95.0,9.0,8.0,41.0,18
8374,vw_geo_sfpd_cr_switrs_all_types_col_cty_union.fid-c18a0c2_186644fdb18_-2755,27292,24644000.0,,180390785,37.7888944296,-122.403660677,SFPD-INTERIM DB,CITY STREET,05/24/2018 10:20:00 PM,2018 May 24,22:20:00,2018,May,Thursday,KEARNY ST,POST ST,0.0,Clear,Injury (Complaint of Pain),Vehicle/Pedestrian,Pedestrian,Crossing Not in Crosswalk,Dry,No Unusual Condition,Dark - Street Lights,Intersection <= 20ft,0.0,1,1.0,Pedestrian,East,Proceeding Straight,Driver,North,Stopped In Road,POINT (-122.40366 37.788895),19.0,6.0,3.0,8.0,22
8375,vw_geo_sfpd_cr_switrs_all_types_col_cty_union.fid-c18a0c2_186644fdb18_-36bc,13188,33614000.0,,170069893,37.7694625456635,-122.406213363881,SFPD-CROSSROADS,CITY STREET,01/25/2017 06:30:00 PM,2017 January 25,18:30:00,2017,January,Wednesday,09TH ST,DIVISION ST,0.0,Clear,Injury (Other Visible),Vehicle/Pedestrian,Pedestrian,Crossing in Crosswalk at Intersection,Dry,No Unusual Condition,Dusk - Dawn,Intersection <= 20ft,0.0,1,1.0,Driver,East,Proceeding Straight,Pedestrian,East,Proceeding Straight,POINT (-122.40621 37.769463),33.0,3.0,9.0,20.0,18
8384,vw_geo_sfpd_cr_switrs_all_types_col_cty_union.fid-c18a0c2_186644fdb18_-2228,33657,50174000.0,3154000.0,140211751,37.7976964667321,-122.408051772201,SFPD-CROSSROADS,CITY STREET,03/12/2014 04:06:00 PM,2014 March 12,16:06:00,2014,March,Wednesday,BROADWAY,STOCKTON ST,166.0,Clear,Injury (Complaint of Pain),Vehicle/Pedestrian,Pedestrian,"In Road, Including Shoulder",Dry,No Unusual Condition,Daylight,Midblock > 20ft,0.0,1,1.0,Pedestrian,West,Other,Driver,West,Proceeding Straight,POINT (-122.40805 37.797695),104.0,6.0,3.0,6.0,16
8390,vw_geo_sfpd_cr_switrs_all_types_col_cty_union.fid-c18a0c2_186644fdb18_-2598,31547,26818000.0,3562000.0,180479555,37.7880264917,-122.440761026,SFPD-INTERIM DB,CITY STREET,06/28/2018 11:00:00 AM,2018 June 28,11:00:00,2018,June,Thursday,CALIFORNIA ST,DIVISADERO ST,94.0,Clear,Injury (Complaint of Pain),Vehicle/Pedestrian,Pedestrian,Crossing Not in Crosswalk,Dry,No Unusual Condition,Daylight,Midblock > 20ft,0.0,1,1.0,Pedestrian,North,Proceeding Straight,Driver,East,Backing,POINT (-122.44076 37.788025),103.0,8.0,6.0,30.0,11
8391,vw_geo_sfpd_cr_switrs_all_types_col_cty_union.fid-c18a0c2_186644fdb18_-2e00,25165,25144000.000000004,5177000.0,170997147,37.7844185849979,-122.416303875422,SFPD-CROSSROADS,CITY STREET,12/09/2017 09:03:00 PM,2017 December 09,21:03:00,2017,December,Saturday,ELLIS ST,HYDE ST,68.0,Clear,Injury (Complaint of Pain),Sideswipe,Pedestrian,"In Road, Including Shoulder",Dry,No Unusual Condition,Dark - Street Lights,Midblock > 20ft,0.0,1,2.0,Driver,East,Entering Traffic,Driver,East,Entering Traffic,POINT (-122.416306 37.78442),20.0,5.0,10.0,36.0,21
8392,vw_geo_sfpd_cr_switrs_all_types_col_cty_union.fid-c18a0c2_186644fdb18_-2dd4,30409,25220000.000000004,,171015495,37.7873391636328,-122.42340359343,SFPD-CROSSROADS,CITY STREET,12/16/2017 05:15:00 AM,2017 December 16,05:15:00,2017,December,Saturday,SUTTER ST,FRANKLIN ST,0.0,Clear,Injury (Complaint of Pain),Vehicle/Pedestrian,Pedestrian,Crossing in Crosswalk at Intersection,Dry,No Unusual Condition,Dark - Street Lights,Intersection <= 20ft,0.0,1,,Driver,North,Proceeding Straight,Pedestrian,South,Proceeding Straight,POINT (-122.4234 37.78734),100.0,4.0,6.0,39.0,05
8393,vw_geo_sfpd_cr_switrs_all_types_col_cty_union.fid-c18a0c2_186644fdb18_-2a36,33883,30718000.0,11558000.0,130147423,37.8021510468489,-122.402970551212,SFPD-CROSSROADS,CITY STREET,02/20/2013 09:05:00 AM,2013 February 20,09:05:00,2013,February,Wednesday,SANSOME ST,UNION ST,335.0,Clear,Injury (Other Visible),Vehicle/Pedestrian,Pedestrian,Crossing Not in Crosswalk,Dry,No Unusual Condition,Daylight,Midblock > 20ft,0.0,1,2.0,Pedestrian,West,Proceeding Straight,Driver,North,Proceeding Straight,POINT (-122.40297 37.80215),77.0,6.0,3.0,8.0,09
8398,vw_geo_sfpd_cr_switrs_all_types_col_cty_union.fid-c18a0c2_186644fdb18_-2b03,43396,27244000.0,,130827368,37.7791386121481,-122.46307618058,SFPD-CROSSROADS,CITY STREET,10/01/2013 09:16:00 AM,2013 October 01,09:16:00,2013,October,Tuesday,ANZA ST,05TH AVE,0.0,Clear,Injury (Other Visible),Vehicle/Pedestrian,Pedestrian,Crossing in Crosswalk at Intersection,Dry,No Unusual Condition,Daylight,Intersection <= 20ft,0.0,1,1.0,Driver,East,Proceeding Straight,Pedestrian,North,Other,POINT (-122.46307 37.77914),5.0,8.0,4.0,11.0,09
8407,vw_geo_sfpd_cr_switrs_all_types_col_cty_union.fid-c18a0c2_186644fdb18_-2c7d,31920,25226000.0,,180056288,37.7894120619,-122.422135208,SFPD-INTERIM DB,CITY STREET,01/22/2018 05:40:00 AM,2018 January 22,05:40:00,2018,January,Monday,PINE ST,VAN NESS AVE,0.0,Raining,Injury (Complaint of Pain),Vehicle/Pedestrian,Pedestrian,Crossing in Crosswalk at Intersection,Wet,Construction or Repair Zone,Dark - Street Lights,Intersection <= 20ft,0.0,1,1.0,Driver,West,Making Left Turn,Pedestrian,East,Proceeding Straight,POINT (-122.422134 37.789413),105.0,4.0,3.0,21.0,05
8408,vw_geo_sfpd_cr_switrs_all_types_col_cty_union.fid-c18a0c2_186644fdb18_-23ff,2147,22105000.0,,180597373,37.7207242241,-122.44660865,SFPD-INTERIM DB,CITY STREET,08/10/2018 01:33:00 AM,2018 August 10,01:33:00,2018,August,Friday,SAN JOSE AVE,GENEVA AVE,0.0,Clear,Injury (Other Visible),Vehicle/Pedestrian,Pedestrian,Crossing in Crosswalk at Intersection,Dry,No Unusual Condition,Dark - Street Lights,Intersection <= 20ft,0.0,1,1.0,Driver,North,Making Left Turn,Pedestrian,South,Proceeding Straight,POINT (-122.44661 37.720726),80.0,9.0,1.0,28.0,01
8411,vw_geo_sfpd_cr_switrs_all_types_col_cty_union.fid-c18a0c2_186644fdb18_-242e,43328,27231000.0,,180580679,37.7812134778,-122.459999658,SFPD-INTERIM DB,CITY STREET,08/04/2018 01:22:00 AM,2018 August 04,01:22:00,2018,August,Saturday,GEARY BLVD,02ND AVE,0.0,Clear,Fatal,Vehicle/Pedestrian,Pedestrian,Crossing Not in Crosswalk,Dry,No Unusual Condition,Dark - Street Lights,Intersection <= 20ft,1.0,0,2.0,Driver,East,Proceeding Straight,Pedestrian,South,Not Stated,POINT (-122.46 37.78121),5.0,8.0,4.0,11.0,01
8414,vw_geo_sfpd_cr_switrs_all_types_col_cty_union.fid-c18a0c2_186644fdb18_-28db,11822,24168000.0,725000.0,140170486,37.7651012575159,-122.418842432768,SFPD-CROSSROADS,CITY STREET,02/27/2014 08:19:00 AM,2014 February 27,08:19:00,2014,February,Thursday,16TH ST,CAPP ST,42.0,Clear,Injury (Complaint of Pain),Vehicle/Pedestrian,Pedestrian,Crossing in Crosswalk at Intersection,Wet,No Unusual Condition,Daylight,Midblock > 20ft,0.0,1,1.0,Driver,West,Proceeding Straight,Pedestrian,South,Proceeding Straight,POINT (-122.418846 37.765102),53.0,3.0,2.0,20.0,08
8417,vw_geo_sfpd_cr_switrs_all_types_col_cty_union.fid-c18a0c2_186644fdb18_-299d,7268,21894000.0,,160694466,37.7428973375251,-122.426594156892,SFPD-CROSSROADS,CITY STREET,08/27/2016 12:25:00 PM,2016 August 27,12:25:00,2016,August,Saturday,DAY ST,CHURCH ST,0.0,Clear,Injury (Other Visible),Vehicle/Pedestrian,Pedestrian,Crossing in Crosswalk at Intersection,Dry,No Unusual Condition,Daylight,Intersection <= 20ft,0.0,1,1.0,Driver,South,Making Left Turn,Pedestrian,East,Proceeding Straight,POINT (-122.4266 37.742897),84.0,9.0,5.0,22.0,12
8428,vw_geo_sfpd_cr_switrs_all_types_col_cty_union.fid-c18a0c2_186644fdb18_-3021,8991,24008000.000000004,3310001.0,160671442,37.7590623991226,-122.409729970319,SFPD-CROSSROADS,CITY STREET,08/16/2016 09:15:00 AM,2016 August 16,09:15:00,2016,August,Tuesday,BRYANT ST,20TH ST,50.0,Clear,Injury (Other Visible),Vehicle/Pedestrian,Pedestrian,Not in Road,Dry,No Unusual Condition,Daylight,Midblock > 20ft,0.0,1,1.0,Driver,North,Passing Other Vehicle,Driver,North,Proceeding Straight,POINT (-122.40973 37.759064),53.0,3.0,2.0,20.0,09
8429,vw_geo_sfpd_cr_switrs_all_types_col_cty_union.fid-c18a0c2_186644fdb18_-3271,15094,23875000.0,,170550739,37.7742810406209,-122.404748492825,SFPD-CROSSROADS,CITY STREET,07/07/2017 09:25:00 AM,2017 July 07,09:25:00,2017,July,Friday,07TH ST,BRYANT ST,0.0,Clear,Injury (Severe),Vehicle/Pedestrian,Pedestrian,"In Road, Including Shoulder",Dry,No Unusual Condition,Daylight,Intersection <= 20ft,0.0,1,1.0,Bicyclist,North,Proceeding Straight,Pedestrian,East,Proceeding Straight,POINT (-122.40475 37.77428),32.0,1.0,10.0,34.0,09
8433,vw_geo_sfpd_cr_switrs_all_types_col_cty_union.fid-c18a0c2_186644fdb18_-25b8,25405,54124000.0,8746102.0,180473977,37.7863386714,-122.405000584,SFPD-INTERIM DB,CITY STREET,06/26/2018 12:09:00 PM,2018 June 26,12:09:00,2018,June,Tuesday,MARKET ST,YERBA BUENA LN,5.0,Clear,Injury (Other Visible),Vehicle/Pedestrian,Pedestrian,Not in Road,Dry,No Unusual Condition,Daylight,Intersection <= 20ft,0.0,2,,Driver,East,Slowing/Stopping,Pedestrian,South,Stopped In Road,POINT (-122.405 37.78634),32.0,5.0,10.0,8.0,12
8440,vw_geo_sfpd_cr_switrs_all_types_col_cty_union.fid-c18a0c2_186644fdb18_-284b,34223,25458000.0,5761000.0,151019423,37.8048176081747,-122.412381597033,SFPD-CROSSROADS,CITY STREET,11/23/2015 09:00:00 AM,2015 November 23,09:00:00,2015,November,Monday,FRANCISCO ST,POWELL ST,180.0,Clear,Injury (Other Visible),Vehicle/Pedestrian,Pedestrian,Crossing in Crosswalk Not at Intersection,Dry,No Unusual Condition,Daylight,Midblock > 20ft,0.0,1,1.0,Driver,West,Proceeding Straight,Pedestrian,North,Not Stated,POINT (-122.412384 37.804817),106.0,6.0,3.0,23.0,09
8450,vw_geo_sfpd_cr_switrs_all_types_col_cty_union.fid-c18a0c2_186644fdb18_-2d50,6730,23955000.0,1425000.0,180007601,37.751202707,-122.408945745,SFPD-INTERIM DB,CITY STREET,01/03/2018 06:48:00 PM,2018 January 03,18:48:00,2018,January,Wednesday,25TH ST,BRYANT ST,9.0,Raining,Injury (Other Visible),Vehicle/Pedestrian,Pedestrian,Crossing in Crosswalk at Intersection,Wet,No Unusual Condition,Dark - Street Lights,Intersection <= 20ft,0.0,1,1.0,Driver,East,Making Left Turn,Pedestrian,South,Proceeding Straight,POINT (-122.40894 37.7512),53.0,3.0,2.0,20.0,18
8452,vw_geo_sfpd_cr_switrs_all_types_col_cty_union.fid-c18a0c2_186644fdb18_-3443,37320,33541000.0,8049101.0,170352541,37.7222737431691,-122.485037470445,SFPD-CROSSROADS,CITY STREET,04/29/2017 11:28:00 PM,2017 April 29,23:28:00,2017,April,Saturday,LAKE MERCED BLVD,FONT BLVD,628.0,Clear,Fatal,Vehicle/Pedestrian,Pedestrian,Crossing Not in Crosswalk,Dry,No Unusual Condition,Dark - No Street Lights,Midblock > 20ft,1.0,1,1.0,Pedestrian,West,Not Stated,Driver,South,Proceeding Straight,POINT (-122.48504 37.722275),42.0,10.0,8.0,16.0,23
8458,vw_geo_sfpd_cr_switrs_all_types_col_cty_union.fid-c18a0c2_186644fdb18_-29a7,37246,23055000.0,,180224275,37.7207728013,-122.477020859,SFPD-INTERIM DB,CITY STREET,03/26/2018 08:00:00 AM,2018 March 26,08:00:00,2018,March,Monday,HOLLOWAY AVE,CARDENAS AVE,0.0,Clear,Injury (Complaint of Pain),Vehicle/Pedestrian,Pedestrian,Crossing in Crosswalk at Intersection,Dry,No Unusual Condition,Daylight,Intersection <= 20ft,0.0,1,1.0,Driver,East,Slowing/Stopping,Pedestrian,North,Proceeding Straight,POINT (-122.47702 37.72077),42.0,10.0,8.0,16.0,08
8459,vw_geo_sfpd_cr_switrs_all_types_col_cty_union.fid-c18a0c2_186644fdb18_-23d3,32467,25297000.0,8142000.0,170912747,37.7925515572989,-122.419393374593,SFPD-CROSSROADS,CITY STREET,11/08/2017 05:56:00 PM,2017 November 08,17:56:00,2017,November,Wednesday,LARKIN ST,CLAY ST,15.0,Clear,Injury (Complaint of Pain),Vehicle/Pedestrian,Pedestrian,Crossing in Crosswalk at Intersection,Dry,No Unusual Condition,Dark - Street Lights,Intersection <= 20ft,0.0,1,1.0,Driver,North,Proceeding Straight,Pedestrian,East,Proceeding Straight,POINT (-122.419395 37.792553),105.0,6.0,3.0,21.0,17