,id,unique_id,cnn_intrsctn_fkey,cnn_sgmt_fkey,case_id_pkey,tb_latitude,tb_longitude,geocode_source,geocode_location,collision_datetime,collision_date,collision_time,accident_year,month,day_of_week,primary_rd,secondary_rd,distance,weather_1,collision_severity,type_of_collision,mviw,ped_action,road_surface,road_cond_1,lighting,intersection,number_killed,number_injured,party_at_fault,party1_type,party1_dir_of_travel,party1_move_pre_acc,party2_type,party2_dir_of_travel,party2_move_pre_acc,point,Neighborhoods,Current Police Districts,Current Supervisor Districts,Analysis Neighborhoods,hour
8946,vw_geo_sfpd_cr_switrs_all_types_col_cty_union.fid-c18a0c2_186644fdb18_-32fe,26844,24548000.0,12159000.0,160480964,37.7922720793461,-122.391979756616,SFPD-CROSSROADS,CITY STREET,06/13/2016 04:25:00 PM,2016 June 13,16:25:00,2016,June,Monday,STEUART ST,HOWARD ST,137.0,Clear,Injury (Complaint of Pain),Vehicle/Pedestrian,Pedestrian,Crossing Not in Crosswalk,Dry,No Unusual Condition,Daylight,Midblock > 20ft,0.0,1,1.0,Driver,North,Backing,Pedestrian,West,Other,POINT (-122.39198 37.79227),108.0,1.0,10.0,8.0,16
8948,vw_geo_sfpd_cr_switrs_all_types_col_cty_union.fid-c18a0c2_186644fdb18_-2501,13613,33030000.0,19267002.0,150047687,37.7694789214058,-122.41418435226,SFPD-CROSSROADS,CITY STREET,01/16/2015 11:15:00 AM,2015 January 16,11:15:00,2015,January,Friday,12TH ST,VAN NESS AVE,62.0,Clear,Injury (Complaint of Pain),Vehicle/Pedestrian,Pedestrian,"In Road, Including Shoulder",Dry,No Unusual Condition,Daylight,Midblock > 20ft,0.0,1,1.0,Driver,North,Backing,Pedestrian,West,Proceeding Straight,POINT (-122.414185 37.769478),53.0,3.0,2.0,20.0,11
8951,vw_geo_sfpd_cr_switrs_all_types_col_cty_union.fid-c18a0c2_186644fdb18_-36ad,26429,24965000.0,,150610579,37.7876635987877,-122.413353963378,SFPD-CROSSROADS,CITY STREET,07/13/2015 04:54:00 PM,2015 July 13,16:54:00,2015,July,Monday,POST ST,JONES ST,0.0,Clear,Injury (Complaint of Pain),Vehicle/Pedestrian,Pedestrian,Crossing in Crosswalk at Intersection,Dry,No Unusual Condition,Daylight,Intersection <= 20ft,0.0,1,1.0,Driver,East,Parked,Pedestrian,South,Making Left Turn,POINT (-122.41335 37.787663),50.0,6.0,3.0,36.0,16
8952,vw_geo_sfpd_cr_switrs_all_types_col_cty_union.fid-c18a0c2_186644fdb18_-34bf,37939,22650000.0,9284201.0,170305205,37.7308964846629,-122.458127413866,SFPD-CROSSROADS,CITY STREET,04/14/2017 07:17:00 AM,2017 April 14,07:17:00,2017,April,Friday,MONTEREY BLVD,PLYMOUTH AVE (W),32.0,Clear,Injury (Complaint of Pain),Vehicle/Pedestrian,Pedestrian,Crossing Not in Crosswalk,Dry,No Unusual Condition,Daylight,Midblock > 20ft,0.0,1,1.0,Pedestrian,North,Other,Driver,East,Proceeding Straight,POINT (-122.45813 37.730896),70.0,9.0,8.0,41.0,07
8963,vw_geo_sfpd_cr_switrs_all_types_col_cty_union.fid-c18a0c2_186644fdb18_-290a,7362,22424000.0,,180257981,37.7445928955,-122.453364842,SFPD-INTERIM DB,CITY STREET,04/07/2018 06:39:00 PM,2018 April 07,18:39:00,2018,April,Saturday,PORTOLA DR,FOWLER AVE,0.0,Clear,Injury (Other Visible),Vehicle/Pedestrian,Pedestrian,Crossing in Crosswalk at Intersection,Dry,No Unusual Condition,Daylight,Intersection <= 20ft,0.0,1,1.0,Driver,South,Making Right Turn,Pedestrian,West,Proceeding Straight,POINT (-122.45336 37.744595),72.0,9.0,8.0,41.0,18
8965,vw_geo_sfpd_cr_switrs_all_types_col_cty_union.fid-c18a0c2_186644fdb18_-2be9,16420,24282000.0,330000.0,180092743,37.7801923696,-122.407729562,SFPD-INTERIM DB,CITY STREET,02/03/2018 11:25:00 PM,2018 February 03,23:25:00,2018,February,Saturday,06TH ST,NATOMA ST,15.0,Clear,Injury (Complaint of Pain),Vehicle/Pedestrian,Pedestrian,Crossing Not in Crosswalk,Dry,No Unusual Condition,Dark - Street Lights,Intersection <= 20ft,0.0,1,1.0,Pedestrian,West,Not Stated,Driver,North,Proceeding Straight,POINT (-122.40773 37.780193),32.0,1.0,10.0,34.0,23
8966,vw_geo_sfpd_cr_switrs_all_types_col_cty_union.fid-c18a0c2_186644fdb18_-23ba,30630,26524000.0,,180618587,37.7865038585,-122.429978934,SFPD-INTERIM DB,CITY STREET,08/17/2018 01:19:00 PM,2018 August 17,13:19:00,2018,August,Friday,SUTTER ST,BUCHANAN ST,0.0,Clear,Injury (Other Visible),Vehicle/Pedestrian,Pedestrian,Crossing in Crosswalk at Intersection,Dry,No Unusual Condition,Daylight,Intersection <= 20ft,0.0,2,1.0,Pedestrian,South,Proceeding Straight,Pedestrian,South,Proceeding Straight,POINT (-122.42998 37.786503),101.0,4.0,11.0,15.0,13
8968,vw_geo_sfpd_cr_switrs_all_types_col_cty_union.fid-c18a0c2_186644fdb18_-2e94,11926,24175000.0,,170950684,37.7649962696372,-122.420580608005,SFPD-CROSSROADS,CITY STREET,11/22/2017 03:39:00 AM,2017 November 22,03:39:00,2017,November,Wednesday,16TH ST,HOFF ST,0.0,Clear,Injury (Complaint of Pain),Vehicle/Pedestrian,Pedestrian,"In Road, Including Shoulder",Dry,No Unusual Condition,Daylight,Intersection <= 20ft,0.0,1,,Driver,West,Backing,Pedestrian,North,Stopped In Road,POINT (-122.42058 37.764996),53.0,3.0,2.0,20.0,03
8974,vw_geo_sfpd_cr_switrs_all_types_col_cty_union.fid-c18a0c2_186644fdb18_-22bc,9415,24123000.0,967000.0,131051279,37.7605007659631,-122.414810518712,SFPD-CROSSROADS,CITY STREET,12/14/2013 04:46:00 PM,2013 December 14,16:46:00,2013,December,Saturday,19TH ST,FOLSOM ST,9.0,Clear,Injury (Other Visible),Vehicle/Pedestrian,Pedestrian,Crossing in Crosswalk at Intersection,Dry,No Unusual Condition,Daylight,Intersection <= 20ft,0.0,1,1.0,Pedestrian,North,Proceeding Straight,Driver,West,Proceeding Straight,POINT (-122.41481 37.7605),53.0,3.0,2.0,20.0,16
8981,vw_geo_sfpd_cr_switrs_all_types_col_cty_union.fid-c18a0c2_186644fdb18_-20a7,29202,25190000.0,,180797222,37.7838241182,-122.42100836,SFPD-INTERIM DB,CITY STREET,10/20/2018 06:29:00 PM,2018 October 20,18:29:00,2018,October,Saturday,ELLIS ST,VAN NESS AVE,0.0,Clear,Injury (Complaint of Pain),Vehicle/Pedestrian,Pedestrian,Crossing in Crosswalk at Intersection,Dry,No Unusual Condition,Daylight,Intersection <= 20ft,0.0,1,1.0,Driver,West,Stopped In Road,Pedestrian,South,Proceeding Straight,POINT (-122.421005 37.783825),20.0,4.0,10.0,36.0,18
8993,vw_geo_sfpd_cr_switrs_all_types_col_cty_union.fid-c18a0c2_186644fdb18_-34c4,3665,20770000.0,,170301639,37.7324386577961,-122.405607548138,SFPD-CROSSROADS,CITY STREET,04/12/2017 10:20:00 PM,2017 April 12,22:20:00,2017,April,Wednesday,SAN BRUNO AVE,SILVER AVE,0.0,Raining,Injury (Complaint of Pain),Vehicle/Pedestrian,Pedestrian,Crossing in Crosswalk at Intersection,Wet,No Unusual Condition,Dark - Street Lights,Intersection <= 20ft,0.0,1,1.0,Driver,East,Making Left Turn,Pedestrian,West,Proceeding Straight,POINT (-122.40561 37.732437),91.0,2.0,2.0,25.0,22
9006,vw_geo_sfpd_cr_switrs_all_types_col_cty_union.fid-c18a0c2_186644fdb18_-2d08,1696,21486000.0,,180021366,37.7164595455,-122.441019562,SFPD-INTERIM DB,CITY STREET,01/08/2018 09:29:00 PM,2018 January 08,21:29:00,2018,January,Monday,MISSION ST,GENEVA AVE,0.0,Raining,Injury (Complaint of Pain),Vehicle/Pedestrian,Pedestrian,Crossing in Crosswalk at Intersection,Wet,No Unusual Condition,Dark - Street Lights,Intersection <= 20ft,0.0,1,1.0,Driver,West,Making Left Turn,Pedestrian,North,Proceeding Straight,POINT (-122.44102 37.71646),80.0,9.0,1.0,28.0,21
9013,vw_geo_sfpd_cr_switrs_all_types_col_cty_union.fid-c18a0c2_186644fdb18_-1ff0,4011,21769000.0,,180845570,37.7246825542228,-122.434798413788,SFPD-INTERIM DB,CITY STREET,11/07/2018 11:30:00 AM,2018 November 07,11:30:00,2018,November,Wednesday,MISSION ST.,BRAZIL AVE.,0.0,Clear,Injury (Complaint of Pain),Vehicle/Pedestrian,Pedestrian,Crossing in Crosswalk at Intersection,Dry,No Unusual Condition,Daylight,Intersection <= 20ft,0.0,1,1.0,Driver,North,Making Right Turn,Pedestrian,East,Proceeding Straight,POINT (-122.4348 37.72468),90.0,9.0,1.0,7.0,11
9020,vw_geo_sfpd_cr_switrs_all_types_col_cty_union.fid-c18a0c2_186644fdb18_-321b,33296,24766000.0,,170581790,37.7963020985703,-122.404412160888,SFPD-CROSSROADS,CITY STREET,07/17/2017 07:34:00 PM,2017 July 17,19:34:00,2017,July,Monday,COLUMBUS AVE,JACKSON ST,0.0,Clear,Injury (Complaint of Pain),Vehicle/Pedestrian,Pedestrian,Crossing in Crosswalk at Intersection,Dry,No Unusual Condition,Daylight,Intersection <= 20ft,0.0,1,1.0,Driver,North,Making Left Turn,Pedestrian,West,Proceeding Straight,POINT (-122.40441 37.796303),106.0,6.0,3.0,6.0,19
9021,vw_geo_sfpd_cr_switrs_all_types_col_cty_union.fid-c18a0c2_186644fdb18_-2dca,36588,22497000.0,10915000.0,171019425,37.7143054879737,-122.462884830717,SFPD-CROSSROADS,CITY STREET,12/17/2017 06:26:00 PM,2017 December 17,18:26:00,2017,December,Sunday,RANDOLPH ST,ORIZABA AVE,82.0,Clear,Injury (Complaint of Pain),Vehicle/Pedestrian,Pedestrian,Crossing Not in Crosswalk,Dry,No Unusual Condition,Daylight,Midblock > 20ft,0.0,1,1.0,Pedestrian,North,Proceeding Straight,Driver,West,Proceeding Straight,POINT (-122.46288 37.714306),65.0,10.0,1.0,24.0,18
9023,vw_geo_sfpd_cr_switrs_all_types_col_cty_union.fid-c18a0c2_186644fdb18_-2d5b,28215,24748000.0,7754000.0,160183077,37.7926265419872,-122.404415890151,SFPD-CROSSROADS,CITY STREET,03/02/2016 04:35:00 PM,2016 March 02,16:35:00,2016,March,Wednesday,KEARNY ST,CALIFORNIA ST,4.0,Clear,Injury (Complaint of Pain),Vehicle/Pedestrian,Pedestrian,Not in Road,Dry,No Unusual Condition,Daylight,Intersection <= 20ft,0.0,1,1.0,Driver,North,Making Right Turn,Pedestrian,West,Proceeding Straight,POINT (-122.40442 37.792625),104.0,6.0,3.0,8.0,16
9025,vw_geo_sfpd_cr_switrs_all_types_col_cty_union.fid-c18a0c2_186644fdb18_-328f,8225,25764000.0,,170538741,37.7502263555,-122.438396848322,SFPD-CROSSROADS,CITY STREET,07/02/2017 08:33:00 PM,2017 July 02,20:33:00,2017,July,Sunday,DOUGLASS ST,JERSEY ST,0.0,Clear,Injury (Other Visible),Vehicle/Pedestrian,Pedestrian,Crossing Not in Crosswalk,Dry,No Unusual Condition,Daylight,Intersection <= 20ft,0.0,1,1.0,Pedestrian,North,Making Right Turn,Driver,South,Proceeding Straight,POINT (-122.4384 37.750225),51.0,3.0,5.0,22.0,20
9031,vw_geo_sfpd_cr_switrs_all_types_col_cty_union.fid-c18a0c2_186644fdb18_-2e2e,87,20163000.000000004,,170985841,37.7319966001465,-122.375758215588,SFPD-CROSSROADS,CITY STREET,12/05/2017 08:29:00 PM,2017 December 05,20:29:00,2017,December,Tuesday,INNES AVE,GRIFFITH ST,0.0,Clear,Injury (Other Visible),Vehicle/Pedestrian,Pedestrian,Crossing Not in Crosswalk,Dry,No Unusual Condition,Dark - Street Lights,Intersection <= 20ft,0.0,1,1.0,Pedestrian,South,Proceeding Straight,Driver,East,Proceeding Straight,POINT (-122.375755 37.732),76.0,2.0,9.0,1.0,20
9032,vw_geo_sfpd_cr_switrs_all_types_col_cty_union.fid-c18a0c2_186644fdb18_-305a,34316,25480000.0,,170771305,37.8067580832717,-122.412141424594,SFPD-CROSSROADS,CITY STREET,09/21/2017 12:20:00 PM,2017 September 21,12:20:00,2017,September,Thursday,NORTH POINT ST,POWELL ST,0.0,Clear,Injury (Other Visible),Vehicle/Pedestrian,Pedestrian,Crossing in Crosswalk at Intersection,Dry,No Unusual Condition,Daylight,Intersection <= 20ft,0.0,1,,Driver,East,Making Left Turn,Pedestrian,South,Proceeding Straight,POINT (-122.41214 37.80676),99.0,6.0,3.0,23.0,12
9033,vw_geo_sfpd_cr_switrs_all_types_col_cty_union.fid-c18a0c2_186644fdb18_-32b2,35975,26758000.0,3357000.0,170521677,37.8048240442847,-122.433683988631,SFPD-CROSSROADS,CITY STREET,06/26/2017 05:40:00 PM,2017 June 26,17:40:00,2017,June,Monday,BUCHANAN ST,BEACH ST,90.0,Clear,Injury (Complaint of Pain),Vehicle/Pedestrian,Pedestrian,"In Road, Including Shoulder",Dry,No Unusual Condition,Daylight,Midblock > 20ft,0.0,1,1.0,Pedestrian,East,Other,Driver,South,Proceeding Straight,POINT (-122.433685 37.804825),17.0,4.0,6.0,13.0,17
9036,vw_geo_sfpd_cr_switrs_all_types_col_cty_union.fid-c18a0c2_186644fdb18_-2373,16382,23946000.0,,180637731,37.7797389056,-122.407159488,SFPD-INTERIM DB,CITY STREET,08/24/2018 01:15:00 AM,2018 August 24,01:15:00,2018,August,Friday,06TH ST,HOWARD ST,0.0,Clear,Injury (Other Visible),Vehicle/Pedestrian,Pedestrian,Crossing in Crosswalk at Intersection,Dry,No Unusual Condition,Daylight,Intersection <= 20ft,0.0,1,1.0,Driver,West,Making Left Turn,Pedestrian,East,Proceeding Straight,POINT (-122.40716 37.77974),32.0,1.0,10.0,34.0,01
9038,vw_geo_sfpd_cr_switrs_all_types_col_cty_union.fid-c18a0c2_186644fdb18_-34f3,4310,21763000.0,2161101.0,170275880,37.7293104654316,-122.43395121404,SFPD-CROSSROADS,CITY STREET,04/04/2017 02:45:00 PM,2017 April 04,14:45:00,2017,April,Tuesday,ALEMANY BLVD,TINGLEY ST,8.0,Clear,Injury (Complaint of Pain),Vehicle/Pedestrian,Pedestrian,Crossing in Crosswalk at Intersection,Dry,No Unusual Condition,Daylight,Intersection <= 20ft,0.0,1,1.0,Driver,North,Proceeding Straight,Pedestrian,East,Proceeding Straight,POINT (-122.43395 37.72931),94.0,9.0,1.0,28.0,14
9045,vw_geo_sfpd_cr_switrs_all_types_col_cty_union.fid-c18a0c2_186644fdb18_-3171,18036,25882000.0,4008000.0,170655185,37.7679351033541,-122.428987289807,SFPD-CROSSROADS,CITY STREET,08/11/2017 03:56:00 PM,2017 August 11,15:56:00,2017,August,Friday,CHURCH ST,14TH ST,75.0,Clear,Injury (Severe),Sideswipe,Pedestrian,Crossing Not in Crosswalk,Dry,No Unusual Condition,Daylight,Midblock > 20ft,0.0,1,1.0,Pedestrian,East,Entering Traffic,Driver,South,Proceeding Straight,POINT (-122.428986 37.767937),28.0,7.0,5.0,5.0,15
9049,vw_geo_sfpd_cr_switrs_all_types_col_cty_union.fid-c18a0c2_186644fdb18_-2ebe,34317,25480000.0,,170930993,37.8067580832717,-122.412141424594,SFPD-CROSSROADS,CITY STREET,11/15/2017 01:00:00 PM,2017 November 15,13:00:00,2017,November,Wednesday,NORTH POINT ST,POWELL ST,0.0,Cloudy,Injury (Severe),Vehicle/Pedestrian,Pedestrian,Crossing in Crosswalk at Intersection,Dry,No Unusual Condition,Daylight,Intersection <= 20ft,0.0,1,1.0,Pedestrian,North,Proceeding Straight,Driver,West,Proceeding Straight,POINT (-122.41214 37.80676),99.0,6.0,3.0,23.0,13
9051,vw_geo_sfpd_cr_switrs_all_types_col_cty_union.fid-c18a0c2_186644fdb18_-2e4e,32885,26571000.0,,170975303,37.7951056108567,-122.428344483799,SFPD-CROSSROADS,CITY STREET,12/01/2017 07:35:00 PM,2017 December 01,19:35:00,2017,December,Friday,OCTAVIA ST,BROADWAY,0.0,Clear,Injury (Complaint of Pain),Broadside,Pedestrian,Crossing in Crosswalk at Intersection,Dry,No Unusual Condition,Dark - Street Lights,Intersection <= 20ft,0.0,1,1.0,Driver,West,Making Right Turn,Pedestrian,North,Proceeding Straight,POINT (-122.428345 37.795105),102.0,4.0,6.0,30.0,19
9053,vw_geo_sfpd_cr_switrs_all_types_col_cty_union.fid-c18a0c2_186644fdb18_-25ff,30776,26528000.0,,160524738,37.7887868947336,-122.427059671957,SFPD-CROSSROADS,CITY STREET,06/28/2016 04:20:00 PM,2016 June 28,16:20:00,2016,June,Tuesday,PINE ST,OCTAVIA ST,0.0,Clear,Injury (Complaint of Pain),Vehicle/Pedestrian,Pedestrian,Crossing in Crosswalk at Intersection,Dry,No Unusual Condition,Daylight,Intersection <= 20ft,0.0,1,1.0,Driver,North,Making Left Turn,Pedestrian,South,Proceeding Straight,POINT (-122.42706 37.788788),102.0,4.0,6.0,30.0,16
9062,vw_geo_sfpd_cr_switrs_all_types_col_cty_union.fid-c18a0c2_186644fdb18_-35b8,41541,27931000.0,2024000.0,170190670,37.7552414331625,-122.505563316984,SFPD-CROSSROADS,CITY STREET,03/07/2017 09:25:00 PM,2017 March 07,21:25:00,2017,March,Tuesday,46TH AVE,MORAGA ST,150.0,Clear,Injury (Complaint of Pain),Vehicle/Pedestrian,Pedestrian,Crossing Not in Crosswalk,Dry,No Unusual Condition,Dark - Street Lights,Midblock > 20ft,0.0,1,1.0,Pedestrian,West,Entering Traffic,Bicyclist,North,Proceeding Straight,POINT (-122.50556 37.75524),39.0,10.0,7.0,35.0,21
9063,vw_geo_sfpd_cr_switrs_all_types_col_cty_union.fid-c18a0c2_186644fdb18_-33a9,9799,24022000.0,,170418604,37.7657832994918,-122.407534229607,SFPD-CROSSROADS,CITY STREET,05/22/2017 07:25:00 AM,2017 May 22,07:25:00,2017,May,Monday,16TH ST,POTRERO AVE,0.0,Clear,Injury (Complaint of Pain),Vehicle/Pedestrian,Pedestrian,Crossing in Crosswalk at Intersection,Dry,Construction or Repair Zone,Daylight,Intersection <= 20ft,0.0,1,1.0,Driver,East,Making Right Turn,Pedestrian,North,Not Stated,POINT (-122.40753 37.76578),54.0,3.0,9.0,20.0,07
9067,vw_geo_sfpd_cr_switrs_all_types_col_cty_union.fid-c18a0c2_186644fdb18_-2896,6740,23974000.000000004,1428000.0,140969160,37.7510901792261,-122.410835141283,SFPD-CROSSROADS,CITY STREET,11/15/2014 05:56:00 PM,2014 November 15,17:56:00,2014,November,Saturday,UTAH ST,25TH ST,7.0,Clear,Injury (Severe),Head-On,Pedestrian,Crossing in Crosswalk at Intersection,Dry,No Unusual Condition,Dark - Street Lights,Intersection <= 20ft,0.0,1,1.0,Driver,North,Making Left Turn,Pedestrian,West,Not Stated,POINT (-122.410835 37.75109),53.0,3.0,2.0,20.0,17
9069,vw_geo_sfpd_cr_switrs_all_types_col_cty_union.fid-c18a0c2_186644fdb18_-2a43,5243,20219000.0,206102.0,130453929,37.7387609847497,-122.389284368962,SFPD-CROSSROADS,CITY STREET,06/02/2013 11:30:00 AM,2013 June 02,11:30:00,2013,June,Sunday,03RD ST,JERROLD AVE,12.0,Clear,Injury (Complaint of Pain),Broadside,Pedestrian,Crossing in Crosswalk at Intersection,Dry,No Unusual Condition,Daylight,Intersection <= 20ft,0.0,1,1.0,Driver,West,Making Left Turn,Pedestrian,West,Proceeding Straight,POINT (-122.38928 37.73876),86.0,2.0,9.0,1.0,11
9070,vw_geo_sfpd_cr_switrs_all_types_col_cty_union.fid-c18a0c2_186644fdb18_-24a4,13473,24216000.000000004,,180544885,37.7694111911,-122.410931088,SFPD-INTERIM DB,CITY STREET,07/22/2018 01:44:00 PM,2018 July 22,13:44:00,2018,July,Sunday,BRYANT ST,BRYANT ST,0.0,Clear,Injury (Complaint of Pain),Vehicle/Pedestrian,Pedestrian,Crossing in Crosswalk at Intersection,Dry,No Unusual Condition,Daylight,Intersection <= 20ft,0.0,1,1.0,Driver,North,Making Left Turn,Pedestrian,West,Proceeding Straight,POINT (-122.410934 37.769413),32.0,3.0,10.0,20.0,13
9073,vw_geo_sfpd_cr_switrs_all_types_col_cty_union.fid-c18a0c2_186644fdb18_-25c5,39807,23506000.0,,180470133,37.7416730163,-122.506865452,SFPD-INTERIM DB,CITY STREET,06/25/2018 06:11:00 AM,2018 June 25,06:11:00,2018,June,Monday,48TH AVE,TARAVAL ST,0.0,Cloudy,Injury (Other Visible),Vehicle/Pedestrian,Pedestrian,Crossing in Crosswalk at Intersection,Dry,No Unusual Condition,Daylight,Intersection <= 20ft,0.0,1,1.0,Driver,North,Proceeding Straight,Pedestrian,East,Not Stated,POINT (-122.50687 37.741673),39.0,10.0,7.0,35.0,06
9074,vw_geo_sfpd_cr_switrs_all_types_col_cty_union.fid-c18a0c2_186644fdb18_-29ad,6983,21326000.0,9139000.0,160837622,37.741114546814,-122.422784220698,SFPD-CROSSROADS,CITY STREET,10/14/2016 10:48:00 AM,2016 October 14,10:48:00,2016,October,Friday,MISSION ST,CORTLAND AVE,35.0,Raining,Injury (Other Visible),Vehicle/Pedestrian,Pedestrian,Not in Road,Wet,No Unusual Condition,Daylight,Midblock > 20ft,0.0,1,,Bicyclist,North,Proceeding Straight,Pedestrian,South,Stopped In Road,POINT (-122.42278 37.741116),83.0,9.0,2.0,2.0,10
9079,vw_geo_sfpd_cr_switrs_all_types_col_cty_union.fid-c18a0c2_186644fdb18_-23bf,32523,26541000.0,13161101.0,160236535,37.793923408267,-122.423057957874,SFPD-CROSSROADS,CITY STREET,03/21/2016 04:56:00 PM,2016 March 21,16:56:00,2016,March,Monday,VAN NESS AVE,JACKSON ST,6.0,Raining,Injury (Complaint of Pain),Vehicle/Pedestrian,Pedestrian,Crossing in Crosswalk at Intersection,Wet,No Unusual Condition,Daylight,Intersection <= 20ft,0.0,1,1.0,Driver,South,Making Left Turn,Pedestrian,West,Not Stated,POINT (-122.42306 37.793922),102.0,4.0,6.0,30.0,16
9083,vw_geo_sfpd_cr_switrs_all_types_col_cty_union.fid-c18a0c2_186644fdb18_-20fb,12576,25727000.000000004,4011000.0,130631498,37.7660053627371,-122.428807313313,SFPD-CROSSROADS,CITY STREET,07/31/2013 04:45:00 PM,2013 July 31,16:45:00,2013,July,Wednesday,CHURCH ST,15TH ST,45.0,Clear,Injury (Complaint of Pain),Vehicle/Pedestrian,Pedestrian,Crossing Not in Crosswalk,Dry,No Unusual Condition,Daylight,Midblock > 20ft,0.0,1,1.0,Pedestrian,West,Proceeding Straight,Driver,North,Slowing/Stopping,POINT (-122.42881 37.766006),37.0,3.0,5.0,5.0,16
9086,vw_geo_sfpd_cr_switrs_all_types_col_cty_union.fid-c18a0c2_186644fdb18_-2fe6,21973,25971000.0,,170820968,37.7795641489844,-122.431951801773,SFPD-CROSSROADS,CITY STREET,10/08/2017 08:55:00 AM,2017 October 08,08:55:00,2017,October,Sunday,GOLDEN GATE AVE,FILLMORE ST,0.0,Clear,Injury (Complaint of Pain),Vehicle/Pedestrian,Pedestrian,Crossing in Crosswalk at Intersection,Dry,No Unusual Condition,Daylight,Intersection <= 20ft,0.0,1,1.0,Driver,East,Making Left Turn,Pedestrian,North,Proceeding Straight,POINT (-122.43195 37.779564),97.0,4.0,11.0,39.0,08
9091,vw_geo_sfpd_cr_switrs_all_types_col_cty_union.fid-c18a0c2_186644fdb18_-3397,21550,24440000.0,6263000.0,170428885,37.7814533420901,-122.417099222174,SFPD-CROSSROADS,CITY STREET,05/25/2017 12:55:00 PM,2017 May 25,12:55:00,2017,May,Thursday,GOLDEN GATE AVE,LARKIN ST,14.0,Clear,Injury (Complaint of Pain),Vehicle/Pedestrian,Pedestrian,"In Road, Including Shoulder",Dry,No Unusual Condition,Daylight,Intersection <= 20ft,0.0,1,1.0,Pedestrian,South,Traveling Wrong Way,Driver,East,Proceeding Straight,POINT (-122.4171 37.781452),21.0,5.0,10.0,36.0,12
9092,vw_geo_sfpd_cr_switrs_all_types_col_cty_union.fid-c18a0c2_186644fdb18_-3045,6188,33755000.0,13002000.0,161020711,37.7459814908406,-122.403846593349,SFPD-CROSSROADS,CITY STREET,12/16/2016 02:59:00 PM,2016 December 16,14:59:00,2016,December,Friday,BAY SHORE BLVD,BAY SHORE BLVD,90.0,Clear,Injury (Complaint of Pain),Vehicle/Pedestrian,Pedestrian,Not in Road,Dry,No Unusual Condition,Daylight,Midblock > 20ft,0.0,1,1.0,Driver,South,Backing,Pedestrian,West,Other,POINT (-122.40385 37.745983),85.0,2.0,2.0,1.0,14
9108,vw_geo_sfpd_cr_switrs_all_types_col_cty_union.fid-c18a0c2_186644fdb18_-2c53,33516,24768000.0,3149000.0,170268562,37.7982030989157,-122.404018330095,SFPD-CROSSROADS,CITY STREET,04/02/2017 02:28:00 AM,2017 April 02,02:28:00,2017,April,Sunday,BROADWAY,MONTGOMERY ST,45.0,Clear,Injury (Severe),Vehicle/Pedestrian,Pedestrian,"In Road, Including Shoulder",Dry,No Unusual Condition,Dark - Street Lights,Midblock > 20ft,0.0,1,1.0,Pedestrian,East,Entering Traffic,Driver,East,Proceeding Straight,POINT (-122.404015 37.798203),106.0,6.0,3.0,23.0,02
9109,vw_geo_sfpd_cr_switrs_all_types_col_cty_union.fid-c18a0c2_186644fdb18_-275a,26791,24504000.0,,180387685,37.7906126704,-122.393407939,SFPD-INTERIM DB,CITY STREET,05/24/2018 05:36:00 PM,2018 May 24,17:36:00,2018,May,Thursday,HOWARD ST,MAIN ST,0.0,Cloudy,Injury (Other Visible),Vehicle/Pedestrian,Pedestrian,Crossing in Crosswalk at Intersection,Dry,No Unusual Condition,Daylight,Intersection <= 20ft,0.0,1,2.0,Pedestrian,South,Proceeding Straight,Driver,East,Proceeding Straight,POINT (-122.39341 37.79061),108.0,1.0,10.0,8.0,17
9110,vw_geo_sfpd_cr_switrs_all_types_col_cty_union.fid-c18a0c2_186644fdb18_-2cb3,44898,27566000.0,2418000.0,180038719,37.7857628114,-122.4591854,SFPD-INTERIM DB,CITY STREET,01/15/2018 12:40:00 PM,2018 January 15,12:40:00,2018,January,Monday,ARGUELLO BLVD,CALIFORNIA ST,30.0,Clear,Injury (Other Visible),Vehicle/Pedestrian,Pedestrian,Crossing Not in Crosswalk,Dry,No Unusual Condition,Daylight,Midblock > 20ft,0.0,1,1.0,Pedestrian,East,Proceeding Straight,Driver,West,Entering Traffic,POINT (-122.45918 37.785763),10.0,8.0,6.0,31.0,12
9112,vw_geo_sfpd_cr_switrs_all_types_col_cty_union.fid-c18a0c2_186644fdb18_-2f7d,31873,25221000.0,,170868623,37.7905782588856,-122.420687383556,SFPD-CROSSROADS,CITY STREET,10/24/2017 09:17:00 AM,2017 October 24,09:17:00,2017,October,Tuesday,POLK ST,CALIFORNIA ST,0.0,Clear,Injury (Other Visible),Vehicle/Pedestrian,Pedestrian,Crossing in Crosswalk at Intersection,Dry,No Unusual Condition,Daylight,Intersection <= 20ft,0.0,1,1.0,Driver,East,Proceeding Straight,Pedestrian,North,Not Stated,POINT (-122.420685 37.790577),105.0,4.0,3.0,21.0,09
9114,vw_geo_sfpd_cr_switrs_all_types_col_cty_union.fid-c18a0c2_186644fdb18_-3142,30606,26505000.0,7964000.0,170669982,37.7858044982505,-122.428152227468,SFPD-CROSSROADS,CITY STREET,08/17/2017 12:45:00 PM,2017 August 17,12:45:00,2017,August,Thursday,LAGUNA ST,POST ST,7.0,Clear,Injury (Other Visible),Vehicle/Pedestrian,Pedestrian,Crossing in Crosswalk at Intersection,Dry,No Unusual Condition,Daylight,Intersection <= 20ft,0.0,1,1.0,Driver,North,Other,Pedestrian,West,Making Left Turn,POINT (-122.428154 37.785805),101.0,4.0,11.0,15.0,12