,id,unique_id,cnn_intrsctn_fkey,cnn_sgmt_fkey,case_id_pkey,tb_latitude,tb_longitude,geocode_source,geocode_location,collision_datetime,collision_date,collision_time,accident_year,month,day_of_week,primary_rd,secondary_rd,distance,weather_1,collision_severity,type_of_collision,mviw,ped_action,road_surface,road_cond_1,lighting,intersection,number_killed,number_injured,party_at_fault,party1_type,party1_dir_of_travel,party1_move_pre_acc,party2_type,party2_dir_of_travel,party2_move_pre_acc,point,Neighborhoods,Current Police Districts,Current Supervisor Districts,Analysis Neighborhoods,hour
9119,vw_geo_sfpd_cr_switrs_all_types_col_cty_union.fid-c18a0c2_186644fdb18_-20d8,12916,25824000.0,,160130818,37.7657274734705,-122.435471952622,SFPD-CROSSROADS,CITY STREET,02/13/2016 02:37:00 PM,2016 February 13,14:37:00,2016,February,Saturday,CASTRO ST,15TH ST,0.0,Clear,Injury (Complaint of Pain),Vehicle/Pedestrian,Pedestrian,Crossing in Crosswalk at Intersection,Dry,No Unusual Condition,Daylight,Intersection <= 20ft,0.0,1,1.0,Driver,South,Making Left Turn,Pedestrian,East,Not Stated,POINT (-122.43547 37.765728),28.0,7.0,5.0,5.0,14
9122,vw_geo_sfpd_cr_switrs_all_types_col_cty_union.fid-c18a0c2_186644fdb18_-2b89,26876,24557000.000000004,,180116478,37.7918420902,-122.394940237,SFPD-INTERIM DB,CITY STREET,02/12/2018 09:50:00 PM,2018 February 12,21:50:00,2018,February,Monday,MISSION ST,MAIN ST,0.0,Clear,Injury (Other Visible),Vehicle/Pedestrian,Pedestrian,Crossing in Crosswalk at Intersection,Dry,No Unusual Condition,Dark - Street Lights,Intersection <= 20ft,0.0,1,1.0,Driver,West,Making Left Turn,Pedestrian,North,Proceeding Straight,POINT (-122.39494 37.791843),108.0,1.0,10.0,8.0,21
9134,vw_geo_sfpd_cr_switrs_all_types_col_cty_union.fid-c18a0c2_186644fdb18_-2530,34449,25478000.0,,180507021,37.8069629108,-122.410497554,SFPD-INTERIM DB,CITY STREET,07/08/2018 07:27:00 PM,2018 July 08,19:27:00,2018,July,Sunday,NORTH POINT ST,STOCKTON ST,0.0,Clear,Injury (Complaint of Pain),Vehicle/Pedestrian,Pedestrian,Crossing in Crosswalk at Intersection,Dry,No Unusual Condition,Daylight,Intersection <= 20ft,0.0,1,1.0,Driver,West,Making Left Turn,Pedestrian,South,Proceeding Straight,POINT (-122.4105 37.80696),99.0,6.0,3.0,23.0,19
9138,vw_geo_sfpd_cr_switrs_all_types_col_cty_union.fid-c18a0c2_186644fdb18_-2831,8013,25649000.0,11529000.0,180323087,37.7512692537,-122.429628069,SFPD-INTERIM DB,CITY STREET,05/01/2018 04:06:00 PM,2018 May 01,16:06:00,2018,May,Tuesday,SANCHEZ ST,24TH ST,110.0,Clear,Injury (Other Visible),Sideswipe,Pedestrian,Crossing Not in Crosswalk,Dry,No Unusual Condition,Daylight,Midblock > 20ft,0.0,1,1.0,Pedestrian,West,Proceeding Straight,Driver,South,Proceeding Straight,POINT (-122.42963 37.75127),84.0,3.0,5.0,22.0,16
9141,vw_geo_sfpd_cr_switrs_all_types_col_cty_union.fid-c18a0c2_186644fdb18_-1f57,8303,23551000.000000004,191101.0,180896448,37.7554028757,-122.387995495,SFPD-INTERIM DB,CITY STREET,11/27/2018 02:10:00 PM,2018 November 27,14:10:00,2018,November,Tuesday,03RD ST,23RD ST,5.0,Raining,Injury (Severe),Vehicle/Pedestrian,Pedestrian,Crossing in Crosswalk at Intersection,Wet,No Unusual Condition,Daylight,Intersection <= 20ft,0.0,1,1.0,Driver,North,Proceeding Straight,Pedestrian,West,Proceeding Straight,POINT (-122.38799 37.7554),55.0,2.0,9.0,26.0,14
9154,vw_geo_sfpd_cr_switrs_all_types_col_cty_union.fid-c18a0c2_186644fdb18_-30a2,28739,25147000.0,,170740485,37.7823789436448,-122.417338880097,SFPD-CROSSROADS,CITY STREET,09/10/2017 08:37:00 PM,2017 September 10,20:37:00,2017,September,Sunday,TURK ST,LARKIN ST,0.0,Clear,Injury (Complaint of Pain),Vehicle/Pedestrian,Pedestrian,Crossing in Crosswalk at Intersection,Dry,No Unusual Condition,Dark - Street Lights,Intersection <= 20ft,0.0,1,1.0,Driver,West,Making Left Turn,Pedestrian,South,Not Stated,POINT (-122.417336 37.78238),20.0,5.0,10.0,36.0,20
9157,vw_geo_sfpd_cr_switrs_all_types_col_cty_union.fid-c18a0c2_186644fdb18_-2e3f,27474,24672000.0,,170348835,37.7913265332115,-122.399572029154,SFPD-CROSSROADS,CITY STREET,04/28/2017 04:15:00 PM,2017 April 28,16:15:00,2017,April,Friday,BUSH ST,BATTERY ST,0.0,Clear,Injury (Other Visible),Vehicle/Pedestrian,Pedestrian,Crossing in Crosswalk Not at Intersection,Dry,No Unusual Condition,Daylight,Intersection <= 20ft,0.0,1,1.0,Pedestrian,North,Entering Traffic,Driver,East,Proceeding Straight,POINT (-122.399574 37.79133),108.0,6.0,3.0,8.0,16
9165,vw_geo_sfpd_cr_switrs_all_types_col_cty_union.fid-c18a0c2_186644fdb18_-2b36,16637,24315000.0,,180138331,37.7792116855,-122.410936574,SFPD-INTERIM DB,CITY STREET,02/21/2018 09:10:00 AM,2018 February 21,09:10:00,2018,February,Wednesday,MISSION ST,07TH ST,0.0,Cloudy,Injury (Severe),Vehicle/Pedestrian,Pedestrian,Crossing in Crosswalk at Intersection,Dry,No Unusual Condition,Daylight,Intersection <= 20ft,0.0,1,1.0,Pedestrian,South,Other,Driver,East,Passing Other Vehicle,POINT (-122.410934 37.779213),32.0,1.0,10.0,34.0,09
9182,vw_geo_sfpd_cr_switrs_all_types_col_cty_union.fid-c18a0c2_186644fdb18_-210e,15208,23897000.0,339000.0,130227150,37.7762919247649,-122.40284075447,SFPD-CROSSROADS,CITY STREET,03/19/2013 07:35:00 AM,2013 March 19,07:35:00,2013,March,Tuesday,06TH ST,BRYANT ST,130.0,Cloudy,Injury (Severe),Vehicle/Pedestrian,Pedestrian,Crossing Not in Crosswalk,Dry,No Unusual Condition,Daylight,Midblock > 20ft,0.0,1,1.0,Pedestrian,West,Not Stated,Driver,South,Not Stated,POINT (-122.40284 37.77629),32.0,1.0,10.0,34.0,07
9196,vw_geo_sfpd_cr_switrs_all_types_col_cty_union.fid-c18a0c2_186644fdb18_-2360,25909,24894000.0,,180648192,37.7854915602,-122.40785252,SFPD-INTERIM DB,CITY STREET,08/28/2018 12:30:00 AM,2018 August 28,00:30:00,2018,August,Tuesday,ELLIS ST,POWELL ST,0.0,Clear,Injury (Other Visible),Vehicle/Pedestrian,Pedestrian,Crossing in Crosswalk at Intersection,Wet,No Unusual Condition,Dark - Street Lights,Intersection <= 20ft,0.0,1,1.0,Driver,South,Making Left Turn,Pedestrian,South,Proceeding Straight,POINT (-122.40785 37.785492),19.0,6.0,3.0,8.0,00
9200,vw_geo_sfpd_cr_switrs_all_types_col_cty_union.fid-c18a0c2_186644fdb18_-3469,10418,24115000.000000004,,170342069,37.7552947817943,-122.420964092511,SFPD-CROSSROADS,CITY STREET,04/26/2017 02:19:00 PM,2017 April 26,14:19:00,2017,April,Wednesday,VALENCIA ST,22ND ST,0.0,Raining,Injury (Other Visible),Vehicle/Pedestrian,Pedestrian,Crossing in Crosswalk at Intersection,Wet,No Unusual Condition,Daylight,Intersection <= 20ft,0.0,1,1.0,Driver,North,Making Left Turn,Pedestrian,West,Proceeding Straight,POINT (-122.42097 37.755295),52.0,3.0,5.0,20.0,14
9205,vw_geo_sfpd_cr_switrs_all_types_col_cty_union.fid-c18a0c2_186644fdb18_-33d7,6920,21838000.0,,170400708,37.7398692295584,-122.424147154143,SFPD-CROSSROADS,CITY STREET,05/16/2017 08:25:00 AM,2017 May 16,08:25:00,2017,May,Tuesday,RANDALL ST,SAN JOSE AVE,0.0,Clear,Injury (Severe),Vehicle/Pedestrian,Pedestrian,Crossing in Crosswalk at Intersection,Dry,No Unusual Condition,Daylight,Intersection <= 20ft,0.0,1,,Driver,East,Making Right Turn,Pedestrian,North,Stopped In Road,POINT (-122.42415 37.73987),59.0,9.0,5.0,10.0,08
9208,vw_geo_sfpd_cr_switrs_all_types_col_cty_union.fid-c18a0c2_186644fdb18_-26c1,7208,21349000.0,11437201.0,140512214,37.7439278405124,-122.422684929379,SFPD-CROSSROADS,CITY STREET,06/20/2014 04:13:00 PM,2014 June 20,16:13:00,2014,June,Friday,SAN JOSE AVE,29TH ST,8.0,Clear,Injury (Complaint of Pain),Broadside,Pedestrian,Crossing in Crosswalk at Intersection,Dry,No Unusual Condition,Daylight,Intersection <= 20ft,0.0,1,,Bicyclist,North,Making Right Turn,Pedestrian,West,Proceeding Straight,POINT (-122.42268 37.743927),84.0,9.0,2.0,2.0,16
9209,vw_geo_sfpd_cr_switrs_all_types_col_cty_union.fid-c18a0c2_186644fdb18_-32a8,29167,25178000.000000004,,170526990,37.7840291162667,-122.419364167838,SFPD-CROSSROADS,CITY STREET,06/28/2017 02:00:00 PM,2017 June 28,14:00:00,2017,June,Wednesday,ELLIS ST,POLK ST,0.0,Clear,Injury (Complaint of Pain),Vehicle/Pedestrian,Pedestrian,Crossing in Crosswalk at Intersection,Dry,No Unusual Condition,Daylight,Intersection <= 20ft,0.0,1,1.0,Driver,West,Stopped In Road,Pedestrian,East,Stopped In Road,POINT (-122.419365 37.78403),20.0,4.0,10.0,36.0,14
9221,vw_geo_sfpd_cr_switrs_all_types_col_cty_union.fid-c18a0c2_186644fdb18_-2267,34851,26659000.0,,180698147,37.7975069493,-122.432204289,SFPD-INTERIM DB,CITY STREET,09/14/2018 08:25:00 PM,2018 September 14,20:25:00,2018,September,Friday,BUCHANAN ST,UNION ST,0.0,Clear,Injury (Other Visible),Vehicle/Pedestrian,Pedestrian,Crossing in Crosswalk at Intersection,Dry,No Unusual Condition,Dark - Street Lights,Intersection <= 20ft,0.0,1,1.0,Pedestrian,East,Proceeding Straight,Driver,North,Proceeding Straight,POINT (-122.432205 37.79751),15.0,4.0,6.0,13.0,20
9223,vw_geo_sfpd_cr_switrs_all_types_col_cty_union.fid-c18a0c2_186644fdb18_-1f71,22612,26481000.0,,180885190,37.7778268636,-122.453384996,SFPD-INTERIM DB,CITY STREET,11/22/2018 06:11:00 PM,2018 November 22,18:11:00,2018,November,Thursday,PARKER AVE,TURK BLVD,0.0,Raining,Injury (Severe),Vehicle/Pedestrian,Pedestrian,Crossing in Crosswalk at Intersection,Wet,No Unusual Condition,Dark - Street Lights,Intersection <= 20ft,0.0,1,1.0,Driver,East,Making Left Turn,Pedestrian,South,Proceeding Straight,POINT (-122.453384 37.77783),12.0,7.0,4.0,18.0,18
9229,vw_geo_sfpd_cr_switrs_all_types_col_cty_union.fid-c18a0c2_186644fdb18_-36b4,34224,25459000.0,8836000.0,170073123,37.8051100850336,-122.413508609354,SFPD-CROSSROADS,CITY STREET,01/26/2017 09:00:00 PM,2017 January 26,21:00:00,2017,January,Thursday,MASON ST,VANDEWATER ST,15.0,Clear,Injury (Complaint of Pain),Vehicle/Pedestrian,Pedestrian,Crossing Not in Crosswalk,Dry,No Unusual Condition,Dark - Street Lights,Intersection <= 20ft,0.0,1,1.0,Pedestrian,East,Other,Driver,South,Proceeding Straight,POINT (-122.413506 37.80511),106.0,6.0,3.0,23.0,21
9238,vw_geo_sfpd_cr_switrs_all_types_col_cty_union.fid-c18a0c2_186644fdb18_-241b,8521,23730000.000000004,1251000.0,160483708,37.7543377570894,-122.405445466244,SFPD-CROSSROADS,CITY STREET,06/14/2016 05:00:00 PM,2016 June 14,17:00:00,2016,June,Tuesday,23RD ST,UTAH ST,3.0,Clear,Injury (Complaint of Pain),Vehicle/Pedestrian,Pedestrian,Crossing in Crosswalk at Intersection,Dry,No Unusual Condition,Daylight,Intersection <= 20ft,0.0,1,1.0,Driver,West,Proceeding Straight,Pedestrian,North,Proceeding Straight,POINT (-122.40545 37.754337),54.0,3.0,9.0,20.0,17
9243,vw_geo_sfpd_cr_switrs_all_types_col_cty_union.fid-c18a0c2_186644fdb18_-2605,30743,26521000.0,,160846849,37.7878624426429,-122.426864643218,SFPD-CROSSROADS,CITY STREET,10/17/2016 05:09:00 PM,2016 October 17,17:09:00,2016,October,Monday,OCTAVIA ST,BUSH ST,0.0,Clear,Injury (Other Visible),Vehicle/Pedestrian,Pedestrian,Crossing in Crosswalk at Intersection,Dry,No Unusual Condition,Daylight,Intersection <= 20ft,0.0,1,1.0,Driver,North,Making Left Turn,Pedestrian,West,Proceeding Straight,POINT (-122.426865 37.78786),101.0,4.0,11.0,30.0,17
9244,vw_geo_sfpd_cr_switrs_all_types_col_cty_union.fid-c18a0c2_186644fdb18_-33e8,38081,22940000.0,13580201.0,170394800,37.7361316160162,-122.470894991944,SFPD-CROSSROADS,CITY STREET,05/13/2017 03:00:00 PM,2017 May 13,15:00:00,2017,May,Saturday,WEST PORTAL AVE,15TH AVE,190.0,Clear,Injury (Other Visible),Vehicle/Pedestrian,Pedestrian,Not in Road,Dry,No Unusual Condition,Daylight,Midblock > 20ft,0.0,1,1.0,Driver,West,Backing,Pedestrian,South,Proceeding Straight,POINT (-122.470894 37.73613),46.0,10.0,8.0,41.0,15
9245,vw_geo_sfpd_cr_switrs_all_types_col_cty_union.fid-c18a0c2_186644fdb18_-2871,3351,20661000.0,9551000.0,180101275,37.7352246676,-122.389770456,SFPD-INTERIM DB,CITY STREET,02/07/2018 10:35:00 AM,2018 February 07,10:35:00,2018,February,Wednesday,NEWCOMB AVE,MENDELL ST,294.0,Clear,Injury (Other Visible),Vehicle/Pedestrian,Pedestrian,"In Road, Including Shoulder",Dry,No Unusual Condition,Daylight,Midblock > 20ft,0.0,1,1.0,Pedestrian,West,Traveling Wrong Way,Driver,East,Proceeding Straight,POINT (-122.38977 37.735226),86.0,2.0,9.0,1.0,10
9246,vw_geo_sfpd_cr_switrs_all_types_col_cty_union.fid-c18a0c2_186644fdb18_-3564,31215,26908000.000000004,6105000.0,160106132,37.782122206495,-122.450047775096,SFPD-CROSSROADS,CITY STREET,02/05/2016 11:30:00 AM,2016 February 05,11:30:00,2016,February,Friday,GEARY BLVD,COLLINS ST,13.0,Clear,Injury (Other Visible),Vehicle/Pedestrian,Pedestrian,Crossing in Crosswalk at Intersection,Dry,No Unusual Condition,Daylight,Intersection <= 20ft,0.0,1,1.0,Driver,East,Making Left Turn,Pedestrian,North,Proceeding Straight,POINT (-122.45005 37.782124),11.0,8.0,4.0,18.0,11
9247,vw_geo_sfpd_cr_switrs_all_types_col_cty_union.fid-c18a0c2_186644fdb18_-20b8,225,20298000.0,,180792216,37.712179486,-122.402459479,SFPD-INTERIM DB,CITY STREET,10/18/2018 08:36:00 PM,2018 October 18,20:36:00,2018,October,Thursday,BAY SHORE BLVD,ARLETA AVE,0.0,Clear,Injury (Complaint of Pain),Vehicle/Pedestrian,Pedestrian,Crossing in Crosswalk at Intersection,Dry,No Unusual Condition,Daylight,Intersection <= 20ft,0.0,1,1.0,Pedestrian,West,Proceeding Straight,Driver,North,Making Left Turn,POINT (-122.40246 37.71218),75.0,9.0,9.0,40.0,20
9253,vw_geo_sfpd_cr_switrs_all_types_col_cty_union.fid-c18a0c2_186644fdb18_-21be,24508,24934000.0,8240000.0,180731496,37.7828215397,-122.414059241,SFPD-INTERIM DB,CITY STREET,09/26/2018 04:41:00 PM,2018 September 26,16:41:00,2018,September,Wednesday,LEAVENWORTH ST,TURK ST,10.0,Clear,Injury (Severe),Vehicle/Pedestrian,Pedestrian,Crossing in Crosswalk at Intersection,Dry,No Unusual Condition,Daylight,Intersection <= 20ft,0.0,1,1.0,Pedestrian,West,Not Stated,Driver,North,Proceeding Straight,POINT (-122.41406 37.78282),20.0,5.0,10.0,36.0,16
9254,vw_geo_sfpd_cr_switrs_all_types_col_cty_union.fid-c18a0c2_186644fdb18_-30d1,33564,24795000.0,,170720227,37.7980169563702,-122.40547307034,SFPD-CROSSROADS,CITY STREET,09/03/2017 10:03:00 PM,2017 September 03,22:03:00,2017,September,Sunday,BROADWAY,KEARNY ST,0.0,Clear,Injury (Complaint of Pain),Vehicle/Pedestrian,Pedestrian,Crossing in Crosswalk at Intersection,Dry,No Unusual Condition,Dark - Street Lights,Intersection <= 20ft,0.0,1,1.0,Pedestrian,North,Proceeding Straight,Driver,West,Making Left Turn,POINT (-122.40547 37.798016),106.0,6.0,3.0,23.0,22
9256,vw_geo_sfpd_cr_switrs_all_types_col_cty_union.fid-c18a0c2_186644fdb18_-2979,26160,25145000.0,,180232074,37.7853759746,-122.416259706,SFPD-INTERIM DB,CITY STREET,03/28/2018 08:48:00 PM,2018 March 28,20:48:00,2018,March,Wednesday,HYDE ST,OFARRELL ST,0.0,Clear,Injury (Other Visible),Vehicle/Pedestrian,Pedestrian,Crossing in Crosswalk at Intersection,Dry,No Unusual Condition,Dark - Street Lights,Intersection <= 20ft,0.0,1,,Pedestrian,West,Entering Traffic,Driver,South,Proceeding Straight,POINT (-122.41626 37.785378),20.0,5.0,10.0,36.0,20
9259,vw_geo_sfpd_cr_switrs_all_types_col_cty_union.fid-c18a0c2_186644fdb18_-2f65,975,21379000.0,6148101.0,170876905,37.7126381171794,-122.431059639983,SFPD-CROSSROADS,CITY STREET,10/26/2017 07:36:00 PM,2017 October 26,19:36:00,2017,October,Thursday,GENEVA AVE,PRAGUE ST,255.0,Clear,Injury (Severe),Vehicle/Pedestrian,Pedestrian,Crossing Not in Crosswalk,Dry,No Unusual Condition,Dark - Street Lights,Midblock > 20ft,0.0,1,1.0,Pedestrian,South,Other,Driver,West,Changing Lanes,POINT (-122.43106 37.71264),58.0,9.0,1.0,7.0,19
9261,vw_geo_sfpd_cr_switrs_all_types_col_cty_union.fid-c18a0c2_186644fdb18_-2cc5,7865,24088000.0,,180033098,37.7522394551,-122.41844527,SFPD-INTERIM DB,CITY STREET,01/12/2018 10:22:00 PM,2018 January 12,22:22:00,2018,January,Friday,24TH ST,MISSION ST,0.0,Clear,Injury (Complaint of Pain),Vehicle/Pedestrian,Pedestrian,Crossing in Crosswalk at Intersection,Dry,No Unusual Condition,Dark - Street Lights,Intersection <= 20ft,0.0,1,1.0,Driver,East,Proceeding Straight,Pedestrian,North,Not Stated,POINT (-122.41844 37.75224),53.0,3.0,2.0,20.0,22
9266,vw_geo_sfpd_cr_switrs_all_types_col_cty_union.fid-c18a0c2_186644fdb18_-27e2,28930,25176000.0,10555000.0,180158436,37.7831027164,-122.419181963,SFPD-INTERIM DB,CITY STREET,02/28/2018 03:47:00 PM,2018 February 28,15:47:00,2018,February,Wednesday,EDDY ST,POLK ST,150.0,Clear,Injury (Complaint of Pain),Vehicle/Pedestrian,Pedestrian,Crossing Not in Crosswalk,Dry,No Unusual Condition,Daylight,Midblock > 20ft,0.0,1,1.0,Pedestrian,South,Proceeding Straight,Driver,West,Other,POINT (-122.41918 37.783104),20.0,4.0,10.0,36.0,15
9277,vw_geo_sfpd_cr_switrs_all_types_col_cty_union.fid-c18a0c2_186644fdb18_-3352,24785,24925000.0,,170457232,37.7841410125464,-122.410951617678,SFPD-CROSSROADS,CITY STREET,06/04/2017 04:25:00 PM,2017 June 04,16:25:00,2017,June,Sunday,EDDY ST,TAYLOR ST,0.0,Clear,Injury (Complaint of Pain),Vehicle/Pedestrian,Pedestrian,Crossing in Crosswalk at Intersection,Dry,No Unusual Condition,Daylight,Intersection <= 20ft,0.0,1,1.0,Driver,West,Backing,Pedestrian,North,Other,POINT (-122.41095 37.78414),20.0,5.0,10.0,36.0,16
9278,vw_geo_sfpd_cr_switrs_all_types_col_cty_union.fid-c18a0c2_186644fdb18_-2e1f,9351,24004000.0,10664201.0,170990878,37.7619210734951,-122.407194939941,SFPD-CROSSROADS,CITY STREET,12/07/2017 04:06:00 PM,2017 December 07,16:06:00,2017,December,Thursday,POTRERO AVE,18TH ST,6.0,Clear,Injury (Other Visible),Vehicle/Pedestrian,Pedestrian,Crossing in Crosswalk at Intersection,Dry,No Unusual Condition,Daylight,Intersection <= 20ft,0.0,2,1.0,Driver,South,Making Left Turn,Pedestrian,East,Proceeding Straight,POINT (-122.407196 37.76192),53.0,3.0,9.0,20.0,16
9284,vw_geo_sfpd_cr_switrs_all_types_col_cty_union.fid-c18a0c2_186644fdb18_-2c1e,12660,25806000.0,,180081172,37.7658679861,-122.431025471,SFPD-INTERIM DB,CITY STREET,01/30/2018 05:46:00 PM,2018 January 30,17:46:00,2018,January,Tuesday,SANCHEZ ST,MARKET ST,0.0,Clear,Injury (Complaint of Pain),Vehicle/Pedestrian,Pedestrian,Crossing in Crosswalk at Intersection,Dry,No Unusual Condition,Dark - Street Lights,Intersection <= 20ft,0.0,1,1.0,Driver,South,Making Left Turn,Pedestrian,West,Proceeding Straight,POINT (-122.43102 37.76587),37.0,3.0,5.0,5.0,17
9287,vw_geo_sfpd_cr_switrs_all_types_col_cty_union.fid-c18a0c2_186644fdb18_-2e19,27630,24724000.0,,150423128,37.7907600957035,-122.404030723642,SFPD-CROSSROADS,CITY STREET,05/15/2015 03:25:00 PM,2015 May 15,15:25:00,2015,May,Friday,BUSH ST,KEARNY ST,0.0,Clear,Injury (Complaint of Pain),Vehicle/Pedestrian,Pedestrian,Crossing in Crosswalk at Intersection,Dry,No Unusual Condition,Daylight,Intersection <= 20ft,0.0,1,1.0,Driver,East,Proceeding Straight,Pedestrian,South,Proceeding Straight,POINT (-122.40403 37.79076),19.0,6.0,3.0,8.0,15
9288,vw_geo_sfpd_cr_switrs_all_types_col_cty_union.fid-c18a0c2_186644fdb18_-2c98,10526,24113000.0,9123000.0,180051432,37.7564610816,-122.418845893,SFPD-INTERIM DB,CITY STREET,01/20/2018 02:17:00 AM,2018 January 20,02:17:00,2018,January,Saturday,MISSION ST,21ST ST,210.0,Cloudy,Injury (Other Visible),Vehicle/Pedestrian,Pedestrian,Crossing Not in Crosswalk,Dry,No Unusual Condition,Dark - Street Lights,Midblock > 20ft,0.0,1,1.0,Driver,West,Proceeding Straight,Pedestrian,East,Traveling Wrong Way,POINT (-122.418846 37.756462),53.0,3.0,2.0,20.0,02
9299,vw_geo_sfpd_cr_switrs_all_types_col_cty_union.fid-c18a0c2_186644fdb18_-29cd,17007,24294000.000000004,7522000.0,180216147,37.7814066541,-122.40923457,SFPD-INTERIM DB,CITY STREET,03/22/2018 07:45:00 PM,2018 March 22,19:45:00,2018,March,Thursday,JESSIE ST,06TH ST,4.0,Clear,Injury (Severe),Vehicle/Pedestrian,Pedestrian,Crossing in Crosswalk at Intersection,Dry,No Unusual Condition,Dark - Street Lights,Intersection <= 20ft,0.0,1,1.0,Driver,East,Making Left Turn,Pedestrian,South,Proceeding Straight,POINT (-122.40923 37.781406),32.0,5.0,10.0,34.0,19
9301,vw_geo_sfpd_cr_switrs_all_types_col_cty_union.fid-c18a0c2_186644fdb18_-32f2,24488,24934000.0,,170494303,37.7827944462295,-122.414053764459,SFPD-CROSSROADS,CITY STREET,06/17/2017 04:34:00 PM,2017 June 17,16:34:00,2017,June,Saturday,LEAVENWORTH ST,TURK ST,0.0,Clear,Injury (Complaint of Pain),Vehicle/Pedestrian,Pedestrian,Crossing in Crosswalk at Intersection,Dry,No Unusual Condition,Daylight,Intersection <= 20ft,0.0,1,,Driver,North,Making Right Turn,Pedestrian,East,Proceeding Straight,POINT (-122.414055 37.782795),20.0,5.0,10.0,36.0,16
9306,vw_geo_sfpd_cr_switrs_all_types_col_cty_union.fid-c18a0c2_186644fdb18_-21f8,11189,24150000.0,879000.0,130211040,37.761785840656,-122.420182389248,SFPD-CROSSROADS,CITY STREET,03/13/2013 05:00:00 PM,2013 March 13,17:00:00,2013,March,Wednesday,18TH ST,SAN CARLOS ST,16.0,Clear,Injury (Complaint of Pain),Vehicle/Pedestrian,Pedestrian,Crossing Not in Crosswalk,Dry,No Unusual Condition,Daylight,Intersection <= 20ft,0.0,1,1.0,Pedestrian,North,Other,Driver,West,Proceeding Straight,POINT (-122.42018 37.761787),53.0,3.0,2.0,20.0,17
9317,vw_geo_sfpd_cr_switrs_all_types_col_cty_union.fid-c18a0c2_186644fdb18_-20b1,34564,30762000.0,,130597527,37.8089658830601,-122.415842923739,SFPD-CROSSROADS,CITY STREET,07/20/2013 02:44:00 PM,2013 July 20,14:44:00,2013,July,Saturday,THE EMBARCADERO,TAYLOR ST,0.0,Clear,Injury (Complaint of Pain),Sideswipe,Pedestrian,"In Road, Including Shoulder",Dry,No Unusual Condition,Daylight,Intersection <= 20ft,0.0,1,1.0,Pedestrian,West,Other,Driver,North,Making Right Turn,POINT (-122.41584 37.808968),99.0,6.0,3.0,23.0,14
9321,vw_geo_sfpd_cr_switrs_all_types_col_cty_union.fid-c18a0c2_186644fdb18_-347c,4189,21764000.0,9156000.0,170334840,37.7281143330415,-122.431943498179,SFPD-CROSSROADS,CITY STREET,04/24/2017 07:35:00 AM,2017 April 24,07:35:00,2017,April,Monday,MISSION ST,TINGLEY ST,64.0,Clear,Injury (Other Visible),Vehicle/Pedestrian,Pedestrian,Crossing Not in Crosswalk,Dry,No Unusual Condition,Daylight,Midblock > 20ft,0.0,1,1.0,Pedestrian,East,Proceeding Straight,Driver,West,Making Left Turn,POINT (-122.431946 37.728115),94.0,9.0,1.0,28.0,07
9334,vw_geo_sfpd_cr_switrs_all_types_col_cty_union.fid-c18a0c2_186644fdb18_-23fe,26642,24527000.0,,180598876,37.7892346992,-122.395150932,SFPD-INTERIM DB,CITY STREET,08/10/2018 03:35:00 PM,2018 August 10,15:35:00,2018,August,Friday,HOWARD ST,FREMONT ST,0.0,Clear,Injury (Complaint of Pain),Vehicle/Pedestrian,Pedestrian,Crossing in Crosswalk at Intersection,Dry,No Unusual Condition,Daylight,Intersection <= 20ft,0.0,1,1.0,Driver,West,Making Left Turn,Pedestrian,South,Proceeding Straight,POINT (-122.39515 37.789234),32.0,1.0,10.0,8.0,15
9338,vw_geo_sfpd_cr_switrs_all_types_col_cty_union.fid-c18a0c2_186644fdb18_-2c24,16353,23946000.0,,170869364,37.7797389057742,-122.407159488403,SFPD-CROSSROADS,CITY STREET,10/24/2017 01:14:00 PM,2017 October 24,13:14:00,2017,October,Tuesday,06TH ST,HOWARD ST,0.0,Clear,Injury (Complaint of Pain),Vehicle/Pedestrian,Pedestrian,Crossing in Crosswalk at Intersection,Dry,No Unusual Condition,Daylight,Intersection <= 20ft,0.0,1,1.0,Driver,North,Making Right Turn,Pedestrian,West,Proceeding Straight,POINT (-122.40716 37.77974),32.0,1.0,10.0,34.0,13
9350,vw_geo_sfpd_cr_switrs_all_types_col_cty_union.fid-c18a0c2_186644fdb18_-2152,47762,26319000.0,9762000.0,180750377,37.7727193807,-122.440683908,SFPD-INTERIM DB,CITY STREET,10/03/2018 09:09:00 PM,2018 October 03,21:09:00,2018,October,Wednesday,OAK ST,BAKER ST,15.0,Cloudy,Fatal,Vehicle/Pedestrian,Pedestrian,Crossing in Crosswalk at Intersection,Dry,No Unusual Condition,Dark - Street Lights,Intersection <= 20ft,1.0,0,1.0,Driver,East,Proceeding Straight,Pedestrian,North,Proceeding Straight,POINT (-122.44068 37.77272),24.0,7.0,11.0,9.0,21
9354,vw_geo_sfpd_cr_switrs_all_types_col_cty_union.fid-c18a0c2_186644fdb18_-3111,27095,24574000.0,,140621172,37.7945882167727,-122.396585913267,SFPD-CROSSROADS,CITY STREET,07/26/2014 02:49:00 PM,2014 July 26,14:49:00,2014,July,Saturday,DRUMM ST,SACRAMENTO ST,0.0,Clear,Injury (Complaint of Pain),Vehicle/Pedestrian,Pedestrian,Crossing in Crosswalk at Intersection,Dry,No Unusual Condition,Daylight,Intersection <= 20ft,0.0,1,1.0,Pedestrian,East,Proceeding Straight,Driver,North,Proceeding Straight,POINT (-122.39658 37.79459),108.0,6.0,3.0,8.0,14