,id,unique_id,cnn_intrsctn_fkey,cnn_sgmt_fkey,case_id_pkey,tb_latitude,tb_longitude,geocode_source,geocode_location,collision_datetime,collision_date,collision_time,accident_year,month,day_of_week,primary_rd,secondary_rd,distance,weather_1,collision_severity,type_of_collision,mviw,ped_action,road_surface,road_cond_1,lighting,intersection,number_killed,number_injured,party_at_fault,party1_type,party1_dir_of_travel,party1_move_pre_acc,party2_type,party2_dir_of_travel,party2_move_pre_acc,point,Neighborhoods,Current Police Districts,Current Supervisor Districts,Analysis Neighborhoods,hour
9355,vw_geo_sfpd_cr_switrs_all_types_col_cty_union.fid-c18a0c2_186644fdb18_-35e5,15352,23919000.0,,170169857,37.7772727026578,-122.404070256701,SFPD-CROSSROADS,CITY STREET,02/28/2017 08:16:00 PM,2017 February 28,20:16:00,2017,February,Tuesday,06TH ST,HARRISON ST,0.0,Clear,Injury (Severe),Vehicle/Pedestrian,Pedestrian,Crossing in Crosswalk at Intersection,Dry,No Unusual Condition,Dark - Street Lights,Intersection <= 20ft,0.0,1,1.0,Driver,North,Proceeding Straight,Pedestrian,East,Proceeding Straight,POINT (-122.40407 37.77727),32.0,1.0,10.0,34.0,20
9358,vw_geo_sfpd_cr_switrs_all_types_col_cty_union.fid-c18a0c2_186644fdb18_-33bc,31722,25174000.0,,150868524,37.7891101756033,-122.417016878085,SFPD-CROSSROADS,CITY STREET,10/04/2015 05:27:00 AM,2015 October 04,05:27:00,2015,October,Sunday,HYDE ST,BUSH ST,0.0,Clear,Injury (Complaint of Pain),Vehicle/Pedestrian,Pedestrian,Crossing in Crosswalk at Intersection,Dry,No Unusual Condition,Dark - Street Lights,Intersection <= 20ft,0.0,1,1.0,Driver,East,Making Left Turn,Pedestrian,South,Proceeding Straight,POINT (-122.417015 37.78911),50.0,6.0,3.0,21.0,05
9362,vw_geo_sfpd_cr_switrs_all_types_col_cty_union.fid-c18a0c2_186644fdb18_-215f,4418,21758000.0,9808101.0,180747948,37.7235842137,-122.438728295,SFPD-INTERIM DB,CITY STREET,10/03/2018 07:37:00 AM,2018 October 03,07:37:00,2018,October,Wednesday,OCEAN AVE,CAYUGA AVE,24.0,Cloudy,Injury (Other Visible),Sideswipe,Pedestrian,"In Road, Including Shoulder",Dry,No Unusual Condition,Daylight,Midblock > 20ft,0.0,1,1.0,Pedestrian,West,Traveling Wrong Way,Driver,East,Proceeding Straight,POINT (-122.43873 37.723583),80.0,9.0,1.0,28.0,07
9366,vw_geo_sfpd_cr_switrs_all_types_col_cty_union.fid-c18a0c2_186644fdb18_-3517,24701,30739000.0,,170264576,37.7839914868634,-122.408066547888,SFPD-CROSSROADS,CITY STREET,03/31/2017 05:24:00 PM,2017 March 31,17:24:00,2017,March,Friday,MARKET ST,CYRIL MAGNIN ST,0.0,Clear,Injury (Complaint of Pain),Vehicle/Pedestrian,Pedestrian,Crossing in Crosswalk at Intersection,Dry,No Unusual Condition,Daylight,Intersection <= 20ft,0.0,1,1.0,Driver,West,Backing,Pedestrian,South,Not Stated,POINT (-122.408066 37.783993),19.0,5.0,10.0,34.0,17
9368,vw_geo_sfpd_cr_switrs_all_types_col_cty_union.fid-c18a0c2_186644fdb18_-2216,27184,30734000.0,,180713416,37.7892643225,-122.401375491,SFPD-INTERIM DB,CITY STREET,09/20/2018 12:57:00 PM,2018 September 20,12:57:00,2018,September,Thursday,MARKET ST,02ND ST,0.0,Clear,Injury (Complaint of Pain),Sideswipe,Pedestrian,"In Road, Including Shoulder",Dry,No Unusual Condition,Daylight,Intersection <= 20ft,0.0,1,1.0,Pedestrian,South,Proceeding Straight,Driver,West,Proceeding Straight,POINT (-122.401375 37.789265),108.0,6.0,3.0,8.0,12
9370,vw_geo_sfpd_cr_switrs_all_types_col_cty_union.fid-c18a0c2_186644fdb18_-2e14,7303,22365000.0,,170992608,37.738000246386,-122.44891923386,SFPD-CROSSROADS,CITY STREET,12/08/2017 07:55:00 AM,2017 December 08,07:55:00,2017,December,Friday,SEQUOIA WAY,BELLA VISTA WAY,0.0,Clear,Injury (Complaint of Pain),Vehicle/Pedestrian,Pedestrian,Crossing in Crosswalk at Intersection,Dry,No Unusual Condition,Daylight,Intersection <= 20ft,0.0,1,1.0,Driver,South,Making Left Turn,Pedestrian,West,Not Stated,POINT (-122.44892 37.738),72.0,9.0,8.0,41.0,07
9378,vw_geo_sfpd_cr_switrs_all_types_col_cty_union.fid-c18a0c2_186644fdb18_-2d0c,43770,27495000.000000004,,180020788,37.7785052227,-122.477099874,SFPD-INTERIM DB,CITY STREET,01/08/2018 05:40:00 PM,2018 January 08,17:40:00,2018,January,Monday,18TH AVE,ANZA ST,0.0,Raining,Injury (Other Visible),Vehicle/Pedestrian,Pedestrian,Crossing in Crosswalk at Intersection,Wet,No Unusual Condition,Dark - Street Lights,Intersection <= 20ft,0.0,1,1.0,Driver,South,Proceeding Straight,Pedestrian,West,Proceeding Straight,POINT (-122.4771 37.778503),5.0,8.0,4.0,29.0,17
9379,vw_geo_sfpd_cr_switrs_all_types_col_cty_union.fid-c18a0c2_186644fdb18_-2f01,37520,22654000.0,9829101.0,170911385,37.7248029788491,-122.460635391115,SFPD-CROSSROADS,CITY STREET,11/08/2017 09:49:00 AM,2017 November 08,09:49:00,2017,November,Wednesday,OCEAN AVE,FAXON AVE (W),117.0,Clear,Injury (Other Visible),Vehicle/Pedestrian,Pedestrian,Crossing Not in Crosswalk,Dry,No Unusual Condition,Daylight,Midblock > 20ft,0.0,1,1.0,Pedestrian,South,Proceeding Straight,Driver,West,Proceeding Straight,POINT (-122.46063 37.724804),64.0,10.0,8.0,24.0,09
9390,vw_geo_sfpd_cr_switrs_all_types_col_cty_union.fid-c18a0c2_186644fdb18_-1ff7,9038,24128000.0,,180843499,37.7587642289,-122.416872481,SFPD-INTERIM DB,CITY STREET,11/06/2018 01:40:00 PM,2018 November 06,13:40:00,2018,November,Tuesday,SOUTH VAN NESS AVE,20TH ST,0.0,Clear,Injury (Complaint of Pain),Vehicle/Pedestrian,Pedestrian,Crossing Not in Crosswalk,Dry,No Unusual Condition,Daylight,Intersection <= 20ft,0.0,1,1.0,Pedestrian,East,Proceeding Straight,Driver,South,Making Left Turn,POINT (-122.41687 37.758762),53.0,3.0,2.0,20.0,13
9392,vw_geo_sfpd_cr_switrs_all_types_col_cty_union.fid-c18a0c2_186644fdb18_-2e2a,6300,21134000.0,10745000.0,130041217,37.747502074396,-122.409701048392,SFPD-CROSSROADS,CITY STREET,01/15/2013 03:07:00 PM,2013 January 15,15:07:00,2013,January,Tuesday,PRECITA AVE,FLORIDA ST,42.0,Clear,Injury (Other Visible),Vehicle/Pedestrian,Pedestrian,Crossing Not in Crosswalk,Dry,No Unusual Condition,Daylight,Midblock > 20ft,0.0,1,1.0,Pedestrian,North,Entering Traffic,Driver,West,Proceeding Straight,POINT (-122.4097 37.7475),60.0,9.0,2.0,2.0,15
9395,vw_geo_sfpd_cr_switrs_all_types_col_cty_union.fid-c18a0c2_186644fdb18_-20d1,9403,24123000.0,,180784940,37.7604988723,-122.414841892,SFPD-INTERIM DB,CITY STREET,10/16/2018 12:16:00 PM,2018 October 16,12:16:00,2018,October,Tuesday,19TH ST,FOLSOM ST,0.0,Clear,Injury (Complaint of Pain),Vehicle/Pedestrian,Pedestrian,Crossing in Crosswalk at Intersection,Dry,No Unusual Condition,Daylight,Intersection <= 20ft,0.0,1,1.0,Driver,East,Making Left Turn,Pedestrian,North,Proceeding Straight,POINT (-122.41484 37.760498),53.0,3.0,2.0,20.0,12
9403,vw_geo_sfpd_cr_switrs_all_types_col_cty_union.fid-c18a0c2_186644fdb18_-2eb4,39306,22865000.000000004,,170936678,37.7472863195869,-122.459174375991,SFPD-CROSSROADS,CITY STREET,11/17/2017 12:48:00 PM,2017 November 17,12:48:00,2017,November,Friday,LAGUNA HONDA BLVD,DEWEY BLVD,0.0,Clear,Injury (Other Visible),Vehicle/Pedestrian,Pedestrian,Crossing in Crosswalk at Intersection,Dry,No Unusual Condition,Daylight,Intersection <= 20ft,0.0,1,1.0,Pedestrian,North,Proceeding Straight,Driver,East,Making Left Turn,POINT (-122.459175 37.747288),45.0,7.0,8.0,41.0,12
9413,vw_geo_sfpd_cr_switrs_all_types_col_cty_union.fid-c18a0c2_186644fdb18_-258f,13353,33033000.0,6741000.0,140012979,37.7683804566437,-122.413371474598,SFPD-CROSSROADS,CITY STREET,01/05/2014 01:55:00 PM,2014 January 05,13:55:00,2014,January,Sunday,HARRISON ST,14TH ST,106.0,Clear,Injury (Complaint of Pain),Vehicle/Pedestrian,Pedestrian,Crossing in Crosswalk Not at Intersection,Dry,No Unusual Condition,Daylight,Midblock > 20ft,0.0,1,1.0,Driver,East,Backing,Pedestrian,North,Proceeding Straight,POINT (-122.41337 37.76838),53.0,3.0,2.0,20.0,13
9418,vw_geo_sfpd_cr_switrs_all_types_col_cty_union.fid-c18a0c2_186644fdb18_-2236,33593,24841000.000000004,,160996977,37.799172218371,-122.404053131218,SFPD-CROSSROADS,CITY STREET,12/08/2016 04:50:00 PM,2016 December 08,16:50:00,2016,December,Thursday,MONTGOMERY ST,VALLEJO ST,0.0,Raining,Injury (Complaint of Pain),Vehicle/Pedestrian,Pedestrian,Crossing Not in Crosswalk,Wet,No Unusual Condition,Dusk - Dawn,Intersection <= 20ft,0.0,1,1.0,Driver,South,Making Left Turn,Pedestrian,East,Other,POINT (-122.40405 37.79917),106.0,6.0,3.0,23.0,16
9420,vw_geo_sfpd_cr_switrs_all_types_col_cty_union.fid-c18a0c2_186644fdb18_-296a,25436,30768000.0,8745201.0,180236452,37.7868403394,-122.404522473,SFPD-INTERIM DB,CITY STREET,03/30/2018 02:11:00 PM,2018 March 30,14:11:00,2018,March,Friday,MARKET ST,KEARNY ST,434.0,Clear,Injury (Other Visible),Vehicle/Pedestrian,Pedestrian,Crossing Not in Crosswalk,Dry,No Unusual Condition,Daylight,Midblock > 20ft,0.0,1,1.0,Pedestrian,North,Not Stated,Driver,East,Proceeding Straight,POINT (-122.404526 37.78684),19.0,5.0,3.0,8.0,14
9421,vw_geo_sfpd_cr_switrs_all_types_col_cty_union.fid-c18a0c2_186644fdb18_-1f46,44465,27890000.0,1790000.0,180899828,37.7795752978,-122.496525573,SFPD-INTERIM DB,CITY STREET,11/28/2018 06:20:00 PM,2018 November 28,18:20:00,2018,November,Wednesday,36TH AVE,GEARY BLVD,9.0,Raining,Injury (Complaint of Pain),Vehicle/Pedestrian,Pedestrian,Crossing in Crosswalk at Intersection,Wet,No Unusual Condition,Dark - Street Lights,Intersection <= 20ft,0.0,2,1.0,Driver,North,Making Right Turn,Pedestrian,West,Not Stated,POINT (-122.49653 37.779575),8.0,8.0,4.0,29.0,18
9425,vw_geo_sfpd_cr_switrs_all_types_col_cty_union.fid-c18a0c2_186644fdb18_-21fd,29772,26592000.000000004,,180717957,37.7851509401,-122.433083398,SFPD-INTERIM DB,CITY STREET,09/21/2018 07:18:00 PM,2018 September 21,19:18:00,2018,September,Friday,FILLMORE ST,POST ST,0.0,Clear,Injury (Complaint of Pain),Vehicle/Pedestrian,Pedestrian,Crossing in Crosswalk at Intersection,Dry,No Unusual Condition,Dark - Street Lights,Intersection <= 20ft,0.0,1,1.0,Driver,North,Making Right Turn,Pedestrian,South,Proceeding Straight,POINT (-122.43308 37.785152),101.0,4.0,11.0,15.0,19
9427,vw_geo_sfpd_cr_switrs_all_types_col_cty_union.fid-c18a0c2_186644fdb18_-29de,40737,27156000.000000004,,180210973,37.7659246628,-122.46644249,SFPD-INTERIM DB,CITY STREET,03/20/2018 08:21:00 PM,2018 March 20,20:21:00,2018,March,Tuesday,LINCOLN WAY,09TH AVE,0.0,Raining,Injury (Other Visible),Vehicle/Pedestrian,Pedestrian,Crossing in Crosswalk at Intersection,Wet,No Unusual Condition,Dark - Street Lights,Intersection <= 20ft,0.0,1,1.0,Driver,West,Making Right Turn,Pedestrian,South,Proceeding Straight,POINT (-122.466446 37.765926),9.0,10.0,11.0,14.0,20
9429,vw_geo_sfpd_cr_switrs_all_types_col_cty_union.fid-c18a0c2_186644fdb18_-3761,15577,24414000.0,9108000.0,170010294,37.7752528965056,-122.415932386618,SFPD-CROSSROADS,CITY STREET,01/04/2017 07:00:00 PM,2017 January 04,19:00:00,2017,January,Wednesday,MISSION ST,10TH ST,10.0,Raining,Injury (Complaint of Pain),Vehicle/Pedestrian,Pedestrian,Crossing in Crosswalk at Intersection,Wet,No Unusual Condition,Dark - Street Lights,Intersection <= 20ft,0.0,1,1.0,Driver,South,Making Left Turn,Pedestrian,East,Proceeding Straight,POINT (-122.41593 37.775253),32.0,1.0,10.0,34.0,19
9434,vw_geo_sfpd_cr_switrs_all_types_col_cty_union.fid-c18a0c2_186644fdb18_-36ed,29689,26587000.0,,170049920,37.7845682408087,-122.431204945141,SFPD-CROSSROADS,CITY STREET,01/19/2017 02:00:00 PM,2017 January 19,14:00:00,2017,January,Thursday,WEBSTER ST,GEARY BLVD,0.0,Raining,Injury (Other Visible),Vehicle/Pedestrian,Pedestrian,Crossing in Crosswalk at Intersection,Wet,No Unusual Condition,Dark - Street Lights,Intersection <= 20ft,0.0,1,1.0,Pedestrian,South,Proceeding Straight,Driver,West,Proceeding Straight,POINT (-122.431206 37.78457),101.0,4.0,11.0,15.0,14
9443,vw_geo_sfpd_cr_switrs_all_types_col_cty_union.fid-c18a0c2_186644fdb18_-3679,41064,27372000.0,,170105839,37.7635594983087,-122.477174111578,SFPD-CROSSROADS,CITY STREET,02/06/2017 08:58:00 PM,2017 February 06,20:58:00,2017,February,Monday,19TH AVE,IRVING ST,0.0,Raining,Injury (Other Visible),Vehicle/Pedestrian,Pedestrian,Crossing in Crosswalk at Intersection,Wet,No Unusual Condition,Dark - Street Lights,Intersection <= 20ft,0.0,1,1.0,Driver,North,Making Left Turn,Pedestrian,East,Proceeding Straight,POINT (-122.47717 37.76356),39.0,10.0,7.0,14.0,20
9451,vw_geo_sfpd_cr_switrs_all_types_col_cty_union.fid-c18a0c2_186644fdb18_-3429,3655,20770000.0,11924000.0,170361984,37.7324359085543,-122.405616476907,SFPD-CROSSROADS,CITY STREET,05/03/2017 07:00:00 AM,2017 May 03,07:00:00,2017,May,Wednesday,SILVER AVE,SAN BRUNO AVE,3.0,Clear,Injury (Complaint of Pain),Vehicle/Pedestrian,Pedestrian,Crossing in Crosswalk at Intersection,Dry,No Unusual Condition,Daylight,Intersection <= 20ft,0.0,1,1.0,Driver,East,Making Right Turn,Pedestrian,North,Proceeding Straight,POINT (-122.40562 37.732437),91.0,2.0,2.0,25.0,07
9452,vw_geo_sfpd_cr_switrs_all_types_col_cty_union.fid-c18a0c2_186644fdb18_-25af,31107,26623000.0,,150430082,37.784318673607,-122.439684678504,SFPD-CROSSROADS,CITY STREET,05/18/2015 05:00:00 PM,2015 May 18,17:00:00,2015,May,Monday,DIVISADERO ST,POST ST,0.0,Clear,Injury (Complaint of Pain),Vehicle/Pedestrian,Pedestrian,Crossing in Crosswalk at Intersection,Dry,No Unusual Condition,Daylight,Intersection <= 20ft,0.0,1,1.0,Driver,South,Making Right Turn,Pedestrian,West,Other,POINT (-122.43968 37.784317),103.0,4.0,11.0,15.0,17
9456,vw_geo_sfpd_cr_switrs_all_types_col_cty_union.fid-c18a0c2_186644fdb18_-2658,7472,21340000.0,9129000.0,130370696,37.7470445620271,-122.418946900037,SFPD-CROSSROADS,CITY STREET,05/06/2013 02:18:00 PM,2013 May 06,14:18:00,2013,May,Monday,MISSION ST,PRECITA AVE,110.0,Clear,Injury (Complaint of Pain),Vehicle/Pedestrian,Pedestrian,Crossing Not in Crosswalk,Dry,No Unusual Condition,Daylight,Midblock > 20ft,0.0,1,1.0,Driver,South,Proceeding Straight,Pedestrian,West,Proceeding Straight,POINT (-122.418945 37.747044),83.0,9.0,2.0,2.0,14
9460,vw_geo_sfpd_cr_switrs_all_types_col_cty_union.fid-c18a0c2_186644fdb18_-366a,19737,26058000.0,5452000.0,170108946,37.7738433355722,-122.439306185274,SFPD-CROSSROADS,CITY STREET,02/08/2017 12:30:00 AM,2017 February 08,00:30:00,2017,February,Wednesday,FELL ST,BRODERICK ST,9.0,Raining,Injury (Other Visible),Vehicle/Pedestrian,Pedestrian,Crossing in Crosswalk at Intersection,Wet,No Unusual Condition,Dark - Street Lights,Intersection <= 20ft,0.0,1,1.0,Driver,West,Making Left Turn,Pedestrian,South,Proceeding Straight,POINT (-122.43931 37.77384),24.0,7.0,11.0,9.0,00
9461,vw_geo_sfpd_cr_switrs_all_types_col_cty_union.fid-c18a0c2_186644fdb18_-3741,30062,25200000.0,10639000.0,170022302,37.7868302572688,-122.419906446503,SFPD-CROSSROADS,CITY STREET,01/09/2017 06:20:00 AM,2017 January 09,06:20:00,2017,January,Monday,POST ST,POLK ST,6.0,Clear,Injury (Complaint of Pain),Vehicle/Pedestrian,Pedestrian,Crossing in Crosswalk at Intersection,Wet,No Unusual Condition,Dark - Street Lights,Intersection <= 20ft,0.0,1,1.0,Driver,East,Not Stated,Pedestrian,North,Proceeding Straight,POINT (-122.41991 37.78683),50.0,4.0,10.0,36.0,06
9463,vw_geo_sfpd_cr_switrs_all_types_col_cty_union.fid-c18a0c2_186644fdb18_-24c4,24207,24922000.0,8750201.0,180528704,37.7822117851,-122.410385999,SFPD-INTERIM DB,CITY STREET,07/16/2018 05:45:00 PM,2018 July 16,17:45:00,2018,July,Monday,MARKET ST,06TH ST,28.0,Clear,Injury (Complaint of Pain),Vehicle/Pedestrian,Pedestrian,Crossing Not in Crosswalk,Dry,No Unusual Condition,Daylight,Midblock > 20ft,0.0,1,1.0,Pedestrian,North,Entering Traffic,Driver,East,Proceeding Straight,POINT (-122.410385 37.78221),20.0,5.0,10.0,34.0,17
9465,vw_geo_sfpd_cr_switrs_all_types_col_cty_union.fid-c18a0c2_186644fdb18_-28e7,14834,23834000.0,,180268869,37.7795669109,-122.39805994,SFPD-INTERIM DB,CITY STREET,04/11/2018 05:30:00 PM,2018 April 11,17:30:00,2018,April,Wednesday,BRYANT ST,04TH ST,0.0,Raining,Injury (Other Visible),Vehicle/Pedestrian,Pedestrian,Crossing in Crosswalk at Intersection,Wet,No Unusual Condition,Dark - Street Lights,Intersection <= 20ft,0.0,1,1.0,Driver,East,Making Left Turn,Pedestrian,North,Proceeding Straight,POINT (-122.39806 37.779568),32.0,1.0,10.0,34.0,17
9469,vw_geo_sfpd_cr_switrs_all_types_col_cty_union.fid-c18a0c2_186644fdb18_-2a52,33875,25343000.0,12843000.0,130520437,37.8006358096167,-122.407602843116,SFPD-CROSSROADS,CITY STREET,06/25/2013 06:36:00 AM,2013 June 25,06:36:00,2013,June,Tuesday,UNION ST,GRANT AVE,5.0,Raining,Injury (Complaint of Pain),Vehicle/Pedestrian,Pedestrian,Crossing in Crosswalk at Intersection,Wet,No Unusual Condition,Dusk - Dawn,Intersection <= 20ft,0.0,1,,Driver,East,Stopped In Road,Pedestrian,South,Proceeding Straight,POINT (-122.4076 37.800636),106.0,6.0,3.0,23.0,06
9476,vw_geo_sfpd_cr_switrs_all_types_col_cty_union.fid-c18a0c2_186644fdb18_-23e9,32481,25303000.0,,180605879,37.7932578678,-122.421229981,SFPD-INTERIM DB,CITY STREET,08/13/2018 08:50:00 AM,2018 August 13,08:50:00,2018,August,Monday,POLK ST,WASHINGTON ST,0.0,Clear,Injury (Complaint of Pain),Vehicle/Pedestrian,Pedestrian,Crossing in Crosswalk at Intersection,Dry,No Unusual Condition,Daylight,Intersection <= 20ft,0.0,1,1.0,Driver,North,Making Right Turn,Pedestrian,North,Proceeding Straight,POINT (-122.42123 37.79326),105.0,4.0,3.0,32.0,08
9483,vw_geo_sfpd_cr_switrs_all_types_col_cty_union.fid-c18a0c2_186644fdb18_-267a,30323,25202000.0,12329000.0,140431482,37.7879637494042,-122.418485003461,SFPD-CROSSROADS,CITY STREET,05/23/2014 03:18:00 PM,2014 May 23,15:18:00,2014,May,Friday,SUTTER ST,LARKIN ST,6.0,Clear,Injury (Complaint of Pain),Vehicle/Pedestrian,Pedestrian,Crossing in Crosswalk at Intersection,Dry,No Unusual Condition,Daylight,Intersection <= 20ft,0.0,1,1.0,Driver,West,Making Left Turn,Pedestrian,South,Proceeding Straight,POINT (-122.41849 37.787964),50.0,6.0,3.0,21.0,15
9489,vw_geo_sfpd_cr_switrs_all_types_col_cty_union.fid-c18a0c2_186644fdb18_-2b5a,19406,26430000.0,,180132292,37.7693786634,-122.451865727,SFPD-INTERIM DB,CITY STREET,02/18/2018 09:37:00 PM,2018 February 18,21:37:00,2018,February,Sunday,HAIGHT ST,SHRADER ST,0.0,Clear,Injury (Other Visible),Vehicle/Pedestrian,Pedestrian,Crossing Not in Crosswalk,Dry,No Unusual Condition,Dark - Street Lights,Intersection <= 20ft,0.0,1,1.0,Pedestrian,West,Other,Driver,West,Proceeding Straight,POINT (-122.451866 37.76938),25.0,7.0,11.0,3.0,21
9490,vw_geo_sfpd_cr_switrs_all_types_col_cty_union.fid-c18a0c2_186644fdb18_-2ab7,29109,25149000.0,,180167039,37.7842357397,-122.41770675,SFPD-INTERIM DB,CITY STREET,03/03/2018 07:26:00 PM,2018 March 03,19:26:00,2018,March,Saturday,LARKIN ST,ELLIS ST,0.0,Clear,Injury (Complaint of Pain),Vehicle/Pedestrian,Pedestrian,Crossing in Crosswalk at Intersection,Dry,No Unusual Condition,Dark - Street Lights,Intersection <= 20ft,0.0,1,1.0,Pedestrian,West,Proceeding Straight,Driver,North,Proceeding Straight,POINT (-122.41771 37.784237),20.0,5.0,10.0,36.0,19
9512,vw_geo_sfpd_cr_switrs_all_types_col_cty_union.fid-c18a0c2_186644fdb18_-2269,34869,26717000.0,9899000.0,130145160,37.797900927869,-122.428909031445,SFPD-CROSSROADS,CITY STREET,02/19/2013 11:53:00 AM,2013 February 19,11:53:00,2013,February,Tuesday,OCTAVIA ST,UNION ST,9.0,Cloudy,Injury (Complaint of Pain),Vehicle/Pedestrian,Pedestrian,Crossing in Crosswalk at Intersection,Wet,No Unusual Condition,Daylight,Intersection <= 20ft,0.0,1,1.0,Driver,South,Making Left Turn,Pedestrian,East,Proceeding Straight,POINT (-122.42891 37.7979),15.0,4.0,6.0,13.0,11
9515,vw_geo_sfpd_cr_switrs_all_types_col_cty_union.fid-c18a0c2_186644fdb18_-360a,4150,21660000.0,,170147659,37.7270762832861,-122.426503582457,SFPD-CROSSROADS,CITY STREET,02/21/2017 05:18:00 AM,2017 February 21,05:18:00,2017,February,Tuesday,NAPLES ST,PERU AVE,0.0,Raining,Injury (Complaint of Pain),Vehicle/Pedestrian,Pedestrian,Crossing in Crosswalk at Intersection,Wet,No Unusual Condition,Dark - Street Lights,Intersection <= 20ft,0.0,1,1.0,Driver,North,Slowing/Stopping,Pedestrian,West,Other,POINT (-122.426506 37.727077),90.0,9.0,1.0,7.0,05
9536,vw_geo_sfpd_cr_switrs_all_types_col_cty_union.fid-c18a0c2_186644fdb18_-27e1,26683,24506000.0,,180346540,37.7899262307,-122.394276228,SFPD-INTERIM DB,CITY STREET,05/09/2018 07:10:00 PM,2018 May 09,19:10:00,2018,May,Wednesday,BEALE ST,HOWARD ST,0.0,Clear,Injury (Complaint of Pain),Vehicle/Pedestrian,Pedestrian,Crossing in Crosswalk at Intersection,Dry,No Unusual Condition,Dusk - Dawn,Intersection <= 20ft,0.0,1,1.0,Pedestrian,South,Proceeding Straight,Driver,South,Proceeding Straight,POINT (-122.39428 37.789925),32.0,1.0,10.0,8.0,19
9542,vw_geo_sfpd_cr_switrs_all_types_col_cty_union.fid-c18a0c2_186644fdb18_-28e4,4303,21779000.0,11892000.0,180269447,37.7292837516,-122.432356228,SFPD-INTERIM DB,CITY STREET,04/11/2018 07:15:00 PM,2018 April 11,19:15:00,2018,April,Wednesday,SILVER AVE,CAMELLIA AVE,10.0,Raining,Injury (Other Visible),Vehicle/Pedestrian,Pedestrian,Crossing in Crosswalk at Intersection,Wet,No Unusual Condition,Dark - Street Lights,Intersection <= 20ft,0.0,2,1.0,Driver,East,Making Left Turn,Pedestrian,East,Proceeding Straight,POINT (-122.43236 37.729282),94.0,9.0,1.0,28.0,19
9551,vw_geo_sfpd_cr_switrs_all_types_col_cty_union.fid-c18a0c2_186644fdb18_-2b83,33667,25066000.0,3156000.0,150490785,37.7974881186027,-122.409728673653,SFPD-CROSSROADS,CITY STREET,06/06/2015 11:13:00 AM,2015 June 06,11:13:00,2015,June,Saturday,BROADWAY,POWELL ST,156.0,Clear,Injury (Complaint of Pain),Vehicle/Pedestrian,Pedestrian,Crossing Not in Crosswalk,Dry,No Unusual Condition,Daylight,Midblock > 20ft,0.0,1,1.0,Pedestrian,South,Not Stated,Pedestrian,South,Not Stated,POINT (-122.40973 37.79749),106.0,6.0,3.0,6.0,11
9559,vw_geo_sfpd_cr_switrs_all_types_col_cty_union.fid-c18a0c2_186644fdb18_-36c2,2009,21751000.0,9952000.0,170067847,37.7211694782868,-122.437476266126,SFPD-CROSSROADS,CITY STREET,01/25/2017 06:53:00 AM,2017 January 25,06:53:00,2017,January,Wednesday,ONONDAGA AVE,MISSION ST,5.0,Clear,Injury (Complaint of Pain),Vehicle/Pedestrian,Pedestrian,Crossing in Crosswalk at Intersection,Dry,No Unusual Condition,Dusk - Dawn,Intersection <= 20ft,0.0,1,1.0,Driver,West,Making Left Turn,Pedestrian,North,Other,POINT (-122.43748 37.72117),80.0,9.0,1.0,28.0,06
9565,vw_geo_sfpd_cr_switrs_all_types_col_cty_union.fid-c18a0c2_186644fdb18_-2f81,43287,27229000.0,,170865566,37.7813145865213,-122.457733043491,SFPD-CROSSROADS,CITY STREET,10/23/2017 09:32:00 AM,2017 October 23,09:32:00,2017,October,Monday,GEARY BLVD,PALM AVE,0.0,Clear,Injury (Other Visible),Vehicle/Pedestrian,Pedestrian,Crossing in Crosswalk at Intersection,Dry,No Unusual Condition,Daylight,Intersection <= 20ft,0.0,1,1.0,Driver,East,Making Left Turn,Pedestrian,North,Proceeding Straight,POINT (-122.45773 37.781315),11.0,8.0,4.0,18.0,09
9574,vw_geo_sfpd_cr_switrs_all_types_col_cty_union.fid-c18a0c2_186644fdb18_-3025,26647,24527000.0,,170794608,37.7892346992005,-122.395150931855,SFPD-CROSSROADS,CITY STREET,09/29/2017 02:12:00 AM,2017 September 29,02:12:00,2017,September,Friday,HOWARD ST,FREMONT ST,0.0,Clear,Injury (Complaint of Pain),Vehicle/Pedestrian,Pedestrian,Crossing in Crosswalk at Intersection,Dry,No Unusual Condition,Dark - Street Lights,Intersection <= 20ft,0.0,1,1.0,Driver,West,Making Left Turn,Pedestrian,North,Proceeding Straight,POINT (-122.39515 37.789234),32.0,1.0,10.0,8.0,02
9578,vw_geo_sfpd_cr_switrs_all_types_col_cty_union.fid-c18a0c2_186644fdb18_-3089,36080,26799000.0,,170750688,37.8060771991793,-122.439999323313,SFPD-CROSSROADS,CITY STREET,09/14/2017 10:20:00 AM,2017 September 14,10:20:00,2017,September,Thursday,MARINA BLVD,AVILA ST,0.0,Clear,Injury (Other Visible),Vehicle/Pedestrian,Pedestrian,Crossing in Crosswalk at Intersection,Dry,No Unusual Condition,Daylight,Intersection <= 20ft,0.0,1,1.0,Driver,East,Proceeding Straight,Pedestrian,South,Not Stated,POINT (-122.44 37.806076),17.0,4.0,6.0,13.0,10