,id,unique_id,cnn_intrsctn_fkey,cnn_sgmt_fkey,case_id_pkey,tb_latitude,tb_longitude,geocode_source,geocode_location,collision_datetime,collision_date,collision_time,accident_year,month,day_of_week,primary_rd,secondary_rd,distance,weather_1,collision_severity,type_of_collision,mviw,ped_action,road_surface,road_cond_1,lighting,intersection,number_killed,number_injured,party_at_fault,party1_type,party1_dir_of_travel,party1_move_pre_acc,party2_type,party2_dir_of_travel,party2_move_pre_acc,point,Neighborhoods,Current Police Districts,Current Supervisor Districts,Analysis Neighborhoods,hour
9583,vw_geo_sfpd_cr_switrs_all_types_col_cty_union.fid-c18a0c2_186644fdb18_-2aca,18569,24388000.0,,180160237,37.773053454,-122.418618217,SFPD-INTERIM DB,CITY STREET,03/01/2018 09:56:00 AM,2018 March 01,09:56:00,2018,March,Thursday,OTIS ST,VAN NESS AVE,0.0,Raining,Injury (Complaint of Pain),Vehicle/Pedestrian,Pedestrian,Crossing in Crosswalk at Intersection,Wet,No Unusual Condition,Daylight,Intersection <= 20ft,0.0,1,,Driver,West,Making Right Turn,Pedestrian,South,Proceeding Straight,POINT (-122.41862 37.773052),32.0,1.0,10.0,20.0,09
9585,vw_geo_sfpd_cr_switrs_all_types_col_cty_union.fid-c18a0c2_186644fdb18_-289e,28678,25045000.0,,170966396,37.7957201258221,-122.409075520343,SFPD-CROSSROADS,CITY STREET,11/28/2017 04:30:00 PM,2017 November 28,16:30:00,2017,November,Tuesday,JACKSON ST,TRENTON ST,0.0,Clear,Injury (Complaint of Pain),Vehicle/Pedestrian,Pedestrian,Crossing Not in Crosswalk,Dry,No Unusual Condition,Daylight,Intersection <= 20ft,0.0,1,,Driver,East,Backing,Pedestrian,North,Other,POINT (-122.40907 37.79572),104.0,6.0,3.0,6.0,16
9587,vw_geo_sfpd_cr_switrs_all_types_col_cty_union.fid-c18a0c2_186644fdb18_-2c9a,4975,21829000.0,9143000.0,180047726,37.7374711166,-122.424036024,SFPD-INTERIM DB,CITY STREET,01/18/2018 06:19:00 PM,2018 January 18,18:19:00,2018,January,Thursday,MISSION ST,HIGHLAND AVE,24.0,Raining,Injury (Complaint of Pain),Vehicle/Pedestrian,Pedestrian,Crossing in Crosswalk at Intersection,Wet,No Unusual Condition,Dark - Street Lights,Midblock > 20ft,0.0,1,1.0,Driver,South,Proceeding Straight,Pedestrian,East,Proceeding Straight,POINT (-122.424034 37.737473),61.0,9.0,2.0,2.0,18
9592,vw_geo_sfpd_cr_switrs_all_types_col_cty_union.fid-c18a0c2_186644fdb18_-29c2,33960,25425000.0,10698000.0,140392743,37.8013516078461,-122.411054473811,SFPD-CROSSROADS,CITY STREET,05/10/2014 01:38:00 PM,2014 May 10,13:38:00,2014,May,Saturday,POWELL ST,FILBERT ST,67.0,Clear,Injury (Other Visible),Vehicle/Pedestrian,Pedestrian,Crossing Not in Crosswalk,Dry,No Unusual Condition,Daylight,Midblock > 20ft,0.0,2,1.0,Pedestrian,West,Proceeding Straight,Pedestrian,West,Proceeding Straight,POINT (-122.41106 37.801353),106.0,6.0,3.0,23.0,13
9606,vw_geo_sfpd_cr_switrs_all_types_col_cty_union.fid-c18a0c2_186644fdb18_-26ac,28023,25231000.0,,180428320,37.791206309,-122.415750197,SFPD-INTERIM DB,CITY STREET,06/09/2018 01:06:00 PM,2018 June 09,13:06:00,2018,June,Saturday,CALIFORNIA ST,LEAVENWORTH ST,0.0,Cloudy,Injury (Severe),Head-On,Pedestrian,Crossing in Crosswalk at Intersection,Dry,No Unusual Condition,Daylight,Intersection <= 20ft,0.0,1,1.0,Driver,West,Making Left Turn,Pedestrian,South,Proceeding Straight,POINT (-122.41575 37.791206),16.0,6.0,3.0,21.0,13
9611,vw_geo_sfpd_cr_switrs_all_types_col_cty_union.fid-c18a0c2_186644fdb18_-2e28,27589,24726000.0,,140654468,37.7918989393595,-122.402571330513,SFPD-CROSSROADS,CITY STREET,08/06/2014 03:30:00 PM,2014 August 06,15:30:00,2014,August,Wednesday,PINE ST,MONTGOMERY ST,0.0,Clear,Injury (Severe),Vehicle/Pedestrian,Pedestrian,Crossing in Crosswalk at Intersection,Dry,No Unusual Condition,Daylight,Intersection <= 20ft,0.0,1,,Pedestrian,North,Proceeding Straight,Driver,West,Proceeding Straight,POINT (-122.40257 37.7919),108.0,6.0,3.0,8.0,15
9612,vw_geo_sfpd_cr_switrs_all_types_col_cty_union.fid-c18a0c2_186644fdb18_-3663,36867,22551000.0,11655000.0,170114341,37.7161125499498,-122.471534231133,SFPD-CROSSROADS,CITY STREET,02/09/2017 07:38:00 PM,2017 February 09,19:38:00,2017,February,Thursday,RANDOLPH ST,19TH AVE (N),22.0,Clear,Injury (Complaint of Pain),Vehicle/Pedestrian,Pedestrian,Crossing in Crosswalk at Intersection,Wet,No Unusual Condition,Dark - Street Lights,Midblock > 20ft,0.0,1,1.0,Driver,West,Proceeding Straight,Pedestrian,North,Proceeding Straight,POINT (-122.471535 37.716114),65.0,10.0,1.0,24.0,19
9613,vw_geo_sfpd_cr_switrs_all_types_col_cty_union.fid-c18a0c2_186644fdb18_-205e,13793,23855000.0,,170482972,37.7735734556687,-122.399433130746,SFPD-CROSSROADS,CITY STREET,06/13/2017 04:45:00 PM,2017 June 13,16:45:00,2017,June,Tuesday,TOWNSEND ST,06TH ST,0.0,Clear,Injury (Other Visible),Vehicle/Pedestrian,Pedestrian,Approaching/Leaving School Bus,Dry,No Unusual Condition,Daylight,Intersection <= 20ft,0.0,1,1.0,Driver,East,Changing Lanes,Pedestrian,South,Other,POINT (-122.39943 37.773575),34.0,1.0,10.0,4.0,16
9617,vw_geo_sfpd_cr_switrs_all_types_col_cty_union.fid-c18a0c2_186644fdb18_-2b78,11755,24165000.0,,180121364,37.7634292729,-122.419512737,SFPD-INTERIM DB,CITY STREET,02/14/2018 06:25:00 PM,2018 February 14,18:25:00,2018,February,Wednesday,MISSION ST,17TH ST,0.0,Clear,Injury (Severe),Vehicle/Pedestrian,Pedestrian,Crossing in Crosswalk at Intersection,Dry,No Unusual Condition,Dark - Street Lights,Intersection <= 20ft,0.0,1,1.0,Pedestrian,East,Proceeding Straight,Driver,South,Proceeding Straight,POINT (-122.41951 37.763428),53.0,3.0,2.0,20.0,18
9626,vw_geo_sfpd_cr_switrs_all_types_col_cty_union.fid-c18a0c2_186644fdb18_-2abf,33791,25352000.0,,170473216,37.7994898200135,-122.409014377412,SFPD-CROSSROADS,CITY STREET,06/10/2017 02:13:00 AM,2017 June 10,02:13:00,2017,June,Saturday,COLUMBUS AVE,GREEN ST,0.0,Clear,Injury (Other Visible),Vehicle/Pedestrian,Pedestrian,Crossing Not in Crosswalk,Dry,No Unusual Condition,Dark - Street Lights,Intersection <= 20ft,0.0,1,1.0,Pedestrian,West,Crossed Into Opposing Lane - Unplanned,Driver,South,Proceeding Straight,POINT (-122.40901 37.799488),106.0,6.0,3.0,23.0,02
9627,vw_geo_sfpd_cr_switrs_all_types_col_cty_union.fid-c18a0c2_186644fdb18_-2d0f,20487,25913000.0,5444000.0,180020738,37.7755222588,-122.426088575,SFPD-INTERIM DB,CITY STREET,01/08/2018 05:27:00 PM,2018 January 08,17:27:00,2018,January,Monday,FELL ST,LAGUNA ST,5.0,Raining,Injury (Other Visible),Vehicle/Pedestrian,Pedestrian,Crossing in Crosswalk at Intersection,Wet,No Unusual Condition,Dark - Street Lights,Intersection <= 20ft,0.0,1,1.0,Driver,West,Making Left Turn,Pedestrian,North,Proceeding Straight,POINT (-122.42609 37.775524),22.0,4.0,11.0,9.0,17
9642,vw_geo_sfpd_cr_switrs_all_types_col_cty_union.fid-c18a0c2_186644fdb18_-2195,15006,23890000.000000004,,160126726,37.7748087760521,-122.400981567581,SFPD-CROSSROADS,CITY STREET,02/12/2016 08:00:00 AM,2016 February 12,08:00:00,2016,February,Friday,06TH ST,BRANNAN ST,0.0,Clear,Injury (Other Visible),Vehicle/Pedestrian,Pedestrian,Crossing in Crosswalk at Intersection,Dry,No Unusual Condition,Daylight,Intersection <= 20ft,0.0,1,1.0,Driver,North,Making Right Turn,Pedestrian,North,Proceeding Straight,POINT (-122.40098 37.774807),32.0,1.0,10.0,34.0,08
9651,vw_geo_sfpd_cr_switrs_all_types_col_cty_union.fid-c18a0c2_186644fdb18_-23c7,32487,25261000.0,,170351753,37.7936837852943,-122.417935757603,SFPD-CROSSROADS,CITY STREET,04/29/2017 04:45:00 PM,2017 April 29,16:45:00,2017,April,Saturday,HYDE ST,WASHINGTON ST,0.0,Clear,Injury (Complaint of Pain),Vehicle/Pedestrian,Pedestrian,Crossing in Crosswalk at Intersection,Dry,No Unusual Condition,Daylight,Intersection <= 20ft,0.0,1,1.0,Driver,North,Making Left Turn,Pedestrian,West,Proceeding Straight,POINT (-122.41794 37.793682),16.0,6.0,3.0,32.0,16
9652,vw_geo_sfpd_cr_switrs_all_types_col_cty_union.fid-c18a0c2_186644fdb18_-2396,21565,24440000.0,,180628774,37.7814474949,-122.417145612,SFPD-INTERIM DB,CITY STREET,08/21/2018 12:26:00 PM,2018 August 21,12:26:00,2018,August,Tuesday,LARKIN ST,GOLDEN GATE AVE,0.0,Cloudy,Injury (Complaint of Pain),Vehicle/Pedestrian,Pedestrian,Crossing Not in Crosswalk,Dry,No Unusual Condition,Daylight,Intersection <= 20ft,0.0,1,1.0,Pedestrian,West,Proceeding Straight,Driver,North,Making Left Turn,POINT (-122.417145 37.78145),20.0,5.0,10.0,36.0,12
9653,vw_geo_sfpd_cr_switrs_all_types_col_cty_union.fid-c18a0c2_186644fdb18_-3182,23020,24490000.0,,170646275,37.7830778543794,-122.393618075401,SFPD-CROSSROADS,CITY STREET,08/08/2017 08:39:00 PM,2017 August 08,20:39:00,2017,August,Tuesday,02ND ST,BRYANT ST,0.0,Clear,Injury (Complaint of Pain),Vehicle/Pedestrian,Pedestrian,Crossing in Crosswalk at Intersection,Dry,No Unusual Condition,Dark - Street Lights,Intersection <= 20ft,0.0,1,1.0,Driver,East,Making Left Turn,Pedestrian,North,Proceeding Straight,POINT (-122.393616 37.783077),31.0,1.0,10.0,8.0,20
9659,vw_geo_sfpd_cr_switrs_all_types_col_cty_union.fid-c18a0c2_186644fdb18_-3206,30872,26612000.0,,170589976,37.7819403245592,-122.435813740926,SFPD-CROSSROADS,CITY STREET,07/20/2017 12:19:00 PM,2017 July 20,12:19:00,2017,July,Thursday,PIERCE ST,ELLIS ST,0.0,Clear,Injury (Severe),Vehicle/Pedestrian,Pedestrian,Crossing Not in Crosswalk,Dry,No Unusual Condition,Daylight,Intersection <= 20ft,0.0,1,,Pedestrian,West,Proceeding Straight,Driver,South,Proceeding Straight,POINT (-122.435814 37.78194),97.0,4.0,11.0,39.0,12
9660,vw_geo_sfpd_cr_switrs_all_types_col_cty_union.fid-c18a0c2_186644fdb18_-3746,35660,26702000.0,,170019183,37.8034126398943,-122.423274961867,SFPD-CROSSROADS,CITY STREET,01/07/2017 08:14:00 PM,2017 January 07,20:14:00,2017,January,Saturday,POLK ST,FRANCISCO ST,0.0,Raining,Injury (Complaint of Pain),Vehicle/Pedestrian,Pedestrian,Crossing in Crosswalk at Intersection,Wet,No Unusual Condition,Dark - Street Lights,Intersection <= 20ft,0.0,1,1.0,Driver,East,Making Right Turn,Pedestrian,South,Proceeding Straight,POINT (-122.42327 37.803413),107.0,4.0,6.0,32.0,20
9668,vw_geo_sfpd_cr_switrs_all_types_col_cty_union.fid-c18a0c2_186644fdb18_-2699,14810,23813000.0,,180432321,37.7796627433,-122.39484032,SFPD-INTERIM DB,CITY STREET,06/11/2018 08:34:00 AM,2018 June 11,08:34:00,2018,June,Monday,BRANNAN ST,RITCH ST,0.0,Clear,Injury (Complaint of Pain),Vehicle/Pedestrian,Pedestrian,Crossing Not in Crosswalk,Dry,No Unusual Condition,Daylight,Intersection <= 20ft,0.0,1,1.0,Pedestrian,North,Proceeding Straight,Driver,East,Proceeding Straight,POINT (-122.394844 37.779663),32.0,1.0,10.0,34.0,08
9687,vw_geo_sfpd_cr_switrs_all_types_col_cty_union.fid-c18a0c2_186644fdb18_-20da,32935,26637000.0,,180781407,37.7896292574,-122.435673278,SFPD-INTERIM DB,CITY STREET,10/15/2018 10:29:00 AM,2018 October 15,10:29:00,2018,October,Monday,SACRAMENTO ST,STEINER ST,0.0,Clear,Injury (Severe),Vehicle/Pedestrian,Pedestrian,Crossing in Crosswalk at Intersection,Dry,No Unusual Condition,Daylight,Intersection <= 20ft,0.0,1,1.0,Driver,South,Proceeding Straight,Pedestrian,West,Proceeding Straight,POINT (-122.43568 37.78963),102.0,4.0,6.0,30.0,10
9692,vw_geo_sfpd_cr_switrs_all_types_col_cty_union.fid-c18a0c2_186644fdb18_-36b5,27279,24644000.0,,170073060,37.7888944299009,-122.403660677033,SFPD-CROSSROADS,CITY STREET,01/26/2017 08:50:00 PM,2017 January 26,20:50:00,2017,January,Thursday,KEARNY ST,POST ST,0.0,Clear,Injury (Other Visible),Vehicle/Pedestrian,Pedestrian,Crossing in Crosswalk at Intersection,Dry,No Unusual Condition,Dark - Street Lights,Intersection <= 20ft,0.0,1,1.0,Driver,North,Making Left Turn,Pedestrian,East,Not Stated,POINT (-122.40366 37.788895),19.0,6.0,3.0,8.0,20
9696,vw_geo_sfpd_cr_switrs_all_types_col_cty_union.fid-c18a0c2_186644fdb18_-23e3,28654,25027000.0,12206000.0,180608782,37.7955112525,-122.408191598,SFPD-INTERIM DB,CITY STREET,08/14/2018 08:03:00 AM,2018 August 14,08:03:00,2018,August,Tuesday,STOCKTON ST,JACKSON ST,115.0,Cloudy,Injury (Other Visible),Vehicle/Pedestrian,Pedestrian,Crossing Not in Crosswalk,Dry,No Unusual Condition,Daylight,Midblock > 20ft,0.0,1,1.0,Pedestrian,East,Entering Traffic,Driver,South,Proceeding Straight,POINT (-122.40819 37.795513),104.0,6.0,3.0,6.0,08
9697,vw_geo_sfpd_cr_switrs_all_types_col_cty_union.fid-c18a0c2_186644fdb18_-3560,16260,23906000.0,6719000.0,170231230,37.780730484073,-122.399693447772,SFPD-CROSSROADS,CITY STREET,03/21/2017 08:14:00 AM,2017 March 21,08:14:00,2017,March,Tuesday,HARRISON ST,04TH ST,31.0,Cloudy,Injury (Severe),Head-On,Pedestrian,Crossing Not in Crosswalk,Wet,No Unusual Condition,Dusk - Dawn,Midblock > 20ft,0.0,1,,Pedestrian,South,Other,Driver,East,Proceeding Straight,POINT (-122.3997 37.78073),32.0,1.0,10.0,34.0,08
9699,vw_geo_sfpd_cr_switrs_all_types_col_cty_union.fid-c18a0c2_186644fdb18_-2c76,9625,23746000.0,706000.0,180058933,37.7662632269,-122.399554237,SFPD-INTERIM DB,CITY STREET,01/22/2018 09:44:00 PM,2018 January 22,21:44:00,2018,January,Monday,16TH ST,WISCONSIN ST,60.0,Clear,Injury (Other Visible),Vehicle/Pedestrian,Pedestrian,Crossing Not in Crosswalk,Dry,No Unusual Condition,Dark - Street Lights,Midblock > 20ft,0.0,1,1.0,Pedestrian,South,Other,Driver,East,Proceeding Straight,POINT (-122.39955 37.766262),54.0,1.0,9.0,4.0,21
9721,vw_geo_sfpd_cr_switrs_all_types_col_cty_union.fid-c18a0c2_186644fdb18_-28ad,26705,24560000.0,9087000.0,180283340,37.7901495616,-122.397084293,SFPD-INTERIM DB,CITY STREET,04/17/2018 08:12:00 AM,2018 April 17,08:12:00,2018,April,Tuesday,MISSION ST,01ST ST,200.0,Clear,Injury (Severe),Broadside,Pedestrian,Crossing Not in Crosswalk,Dry,No Unusual Condition,Daylight,Midblock > 20ft,0.0,1,1.0,Pedestrian,North,Crossed Into Opposing Lane,Driver,West,Stopped In Road,POINT (-122.39709 37.79015),108.0,1.0,10.0,8.0,08
9723,vw_geo_sfpd_cr_switrs_all_types_col_cty_union.fid-c18a0c2_186644fdb18_-2340,8985,24083000.0,12027000.0,170052230,37.7574252495869,-122.416744342129,SFPD-CROSSROADS,CITY STREET,01/19/2017 05:59:00 PM,2017 January 19,17:59:00,2017,January,Thursday,VAN NESS AVE,21ST ST,94.0,Cloudy,Injury (Other Visible),Vehicle/Pedestrian,Pedestrian,Crossing in Crosswalk Not at Intersection,Dry,No Unusual Condition,Dark - Street Lights,Midblock > 20ft,0.0,1,1.0,Pedestrian,East,Other,Driver,South,Proceeding Straight,POINT (-122.41675 37.757423),53.0,3.0,2.0,20.0,17
9728,vw_geo_sfpd_cr_switrs_all_types_col_cty_union.fid-c18a0c2_186644fdb18_-3087,8389,23625000.0,1163000.0,170751426,37.75765737728,-122.393012976753,SFPD-CROSSROADS,CITY STREET,09/14/2017 02:10:00 PM,2017 September 14,14:10:00,2017,September,Thursday,22ND ST,PENNSYLVANIA AVE,32.0,Clear,Injury (Complaint of Pain),Vehicle/Pedestrian,Pedestrian,Crossing Not in Crosswalk,Dry,No Unusual Condition,Daylight,Midblock > 20ft,0.0,1,1.0,Driver,East,Proceeding Straight,Pedestrian,South,Proceeding Straight,POINT (-122.39301 37.757656),54.0,2.0,9.0,26.0,14
9734,vw_geo_sfpd_cr_switrs_all_types_col_cty_union.fid-c18a0c2_186644fdb18_-35c4,6963,21326000.0,,170182332,37.7410274078673,-122.42284057702,SFPD-CROSSROADS,CITY STREET,03/04/2017 10:43:00 PM,2017 March 04,22:43:00,2017,March,Saturday,CORTLAND AVE,MISSION ST,0.0,Raining,Injury (Complaint of Pain),Head-On,Pedestrian,Crossing in Crosswalk at Intersection,Wet,No Unusual Condition,Dark - Street Lights,Intersection <= 20ft,0.0,1,1.0,Driver,East,Making Left Turn,Pedestrian,South,Proceeding Straight,POINT (-122.422844 37.741028),83.0,9.0,2.0,2.0,22
9755,vw_geo_sfpd_cr_switrs_all_types_col_cty_union.fid-c18a0c2_186644fdb18_-228e,32483,25303000.0,,180693181,37.7932578678,-122.421229981,SFPD-INTERIM DB,CITY STREET,09/13/2018 06:20:00 AM,2018 September 13,06:20:00,2018,September,Thursday,POLK ST,WASHINGTON ST,0.0,Clear,Injury (Complaint of Pain),Vehicle/Pedestrian,Pedestrian,Crossing in Crosswalk at Intersection,Dry,No Unusual Condition,Dark - Street Lights,Intersection <= 20ft,0.0,1,1.0,Driver,North,Making Left Turn,Pedestrian,West,Other,POINT (-122.42123 37.79326),105.0,4.0,3.0,32.0,06
9756,vw_geo_sfpd_cr_switrs_all_types_col_cty_union.fid-c18a0c2_186644fdb18_-2e8c,9128,23648000.0,1030000.0,150772505,37.7602056991671,-122.393288922101,SFPD-CROSSROADS,CITY STREET,09/03/2015 09:27:00 AM,2015 September 03,09:27:00,2015,September,Thursday,20TH ST,PENNSYLVANIA AVE,22.0,Clear,Injury (Complaint of Pain),Vehicle/Pedestrian,Pedestrian,Crossing in Crosswalk at Intersection,Dry,No Unusual Condition,Daylight,Midblock > 20ft,0.0,1,1.0,Driver,East,Proceeding Straight,Pedestrian,North,Proceeding Straight,POINT (-122.39329 37.760204),54.0,2.0,9.0,26.0,09
9757,vw_geo_sfpd_cr_switrs_all_types_col_cty_union.fid-c18a0c2_186644fdb18_-2b96,28578,25093000.0,12442000.0,180113678,37.7925835207,-122.41265602,SFPD-INTERIM DB,CITY STREET,02/11/2018 07:42:00 PM,2018 February 11,19:42:00,2018,February,Sunday,TAYLOR ST,SACRAMENTO ST,12.0,Clear,Injury (Complaint of Pain),Vehicle/Pedestrian,Pedestrian,Crossing in Crosswalk at Intersection,Dry,No Unusual Condition,Daylight,Intersection <= 20ft,0.0,1,1.0,Driver,West,Proceeding Straight,Pedestrian,East,Proceeding Straight,POINT (-122.41266 37.792583),16.0,6.0,3.0,21.0,19
9758,vw_geo_sfpd_cr_switrs_all_types_col_cty_union.fid-c18a0c2_186644fdb18_-2222,5723,21084000.0,4428000.0,180710860,37.7388817078,-122.414576128,SFPD-INTERIM DB,CITY STREET,09/19/2018 02:49:00 PM,2018 September 19,14:49:00,2018,September,Wednesday,CORTLAND AVE,ELLSWORTH ST,5.0,Clear,Fatal,Vehicle/Pedestrian,Pedestrian,Crossing in Crosswalk at Intersection,Dry,No Unusual Condition,Daylight,Intersection <= 20ft,1.0,0,1.0,Driver,West,Proceeding Straight,Pedestrian,North,Not Stated,POINT (-122.41457 37.73888),83.0,9.0,2.0,2.0,14
9772,vw_geo_sfpd_cr_switrs_all_types_col_cty_union.fid-c18a0c2_186644fdb18_-346e,2414,22192000.0,,170339947,37.7230802422331,-122.452331560824,SFPD-CROSSROADS,CITY STREET,04/25/2017 07:34:00 PM,2017 April 25,19:34:00,2017,April,Tuesday,OCEAN AVE,PHELAN AVE,0.0,Clear,Injury (Other Visible),Vehicle/Pedestrian,Pedestrian,Crossing Not in Crosswalk,Dry,No Unusual Condition,Daylight,Intersection <= 20ft,0.0,1,1.0,Pedestrian,South,Proceeding Straight,Driver,West,Proceeding Straight,POINT (-122.45233 37.72308),95.0,10.0,8.0,24.0,19
9776,vw_geo_sfpd_cr_switrs_all_types_col_cty_union.fid-c18a0c2_186644fdb18_-2912,8813,24081000.0,12028000.0,180253791,37.7555901727,-122.416568737,SFPD-INTERIM DB,CITY STREET,04/06/2018 02:19:00 AM,2018 April 06,02:19:00,2018,April,Friday,SOUTH VAN NESS AVE,22ND ST,8.0,Cloudy,Injury (Other Visible),Vehicle/Pedestrian,Pedestrian,Crossing in Crosswalk at Intersection,Wet,No Unusual Condition,Dark - Street Lights,Intersection <= 20ft,0.0,1,1.0,Driver,East,Proceeding Straight,Pedestrian,South,Proceeding Straight,POINT (-122.416565 37.75559),53.0,3.0,2.0,20.0,02
9778,vw_geo_sfpd_cr_switrs_all_types_col_cty_union.fid-c18a0c2_186644fdb18_-36f1,26646,24527000.0,,170049356,37.7892346992005,-122.395150931855,SFPD-CROSSROADS,CITY STREET,01/18/2017 07:30:00 PM,2017 January 18,19:30:00,2017,January,Wednesday,HOWARD ST,FREMONT ST,0.0,Cloudy,Injury (Other Visible),Vehicle/Pedestrian,Pedestrian,Crossing in Crosswalk at Intersection,Wet,No Unusual Condition,Dark - Street Lights,Intersection <= 20ft,0.0,1,1.0,Driver,West,Making Left Turn,Pedestrian,North,Proceeding Straight,POINT (-122.39515 37.789234),32.0,1.0,10.0,8.0,19
9794,vw_geo_sfpd_cr_switrs_all_types_col_cty_union.fid-c18a0c2_186644fdb18_-2c0a,43124,27298000.0,,180085516,37.7768925562,-122.471505995,SFPD-INTERIM DB,CITY STREET,02/01/2018 12:05:00 PM,2018 February 01,12:05:00,2018,February,Thursday,BALBOA ST,FUNSTON AVE,0.0,Clear,Injury (Other Visible),Vehicle/Pedestrian,Pedestrian,Crossing in Crosswalk at Intersection,Dry,No Unusual Condition,Daylight,Intersection <= 20ft,0.0,1,1.0,Driver,West,Proceeding Straight,Pedestrian,South,Proceeding Straight,POINT (-122.471504 37.776894),5.0,8.0,4.0,11.0,12
9796,vw_geo_sfpd_cr_switrs_all_types_col_cty_union.fid-c18a0c2_186644fdb18_-2bc7,29159,25178000.000000004,,180100807,37.7840291163,-122.419364168,SFPD-INTERIM DB,CITY STREET,02/07/2018 01:42:00 AM,2018 February 07,01:42:00,2018,February,Wednesday,POLK ST,ELLIS ST,0.0,Clear,Injury (Severe),Vehicle/Pedestrian,Pedestrian,Crossing Not in Crosswalk,Dry,No Unusual Condition,Dark - Street Lights,Intersection <= 20ft,0.0,1,1.0,Bicyclist,South,Proceeding Straight,Pedestrian,East,Proceeding Straight,POINT (-122.419365 37.78403),20.0,4.0,10.0,36.0,01
9808,vw_geo_sfpd_cr_switrs_all_types_col_cty_union.fid-c18a0c2_186644fdb18_-2fb4,33629,25064000.0,,170843788,37.7964927623845,-122.410075970482,SFPD-CROSSROADS,CITY STREET,10/15/2017 04:34:00 PM,2017 October 15,16:34:00,2017,October,Sunday,POWELL ST,PACIFIC AVE,0.0,Clear,Injury (Severe),Broadside,Pedestrian,Crossing in Crosswalk at Intersection,Dry,No Unusual Condition,Daylight,Intersection <= 20ft,0.0,1,,Driver,South,Making Left Turn,Pedestrian,East,Proceeding Straight,POINT (-122.41007 37.796494),104.0,6.0,3.0,6.0,16
9814,vw_geo_sfpd_cr_switrs_all_types_col_cty_union.fid-c18a0c2_186644fdb18_-2df7,12744,25818000.0,,171000537,37.7607581077377,-122.43719062739,SFPD-CROSSROADS,CITY STREET,12/11/2017 06:59:00 AM,2017 December 11,06:59:00,2017,December,Monday,18TH ST,DIAMOND ST,0.0,Clear,Injury (Other Visible),Vehicle/Pedestrian,Pedestrian,Crossing in Crosswalk at Intersection,Dry,No Unusual Condition,Dusk - Dawn,Intersection <= 20ft,0.0,1,,Driver,West,Stopped In Road,Pedestrian,North,Proceeding Straight,POINT (-122.43719 37.760757),38.0,3.0,5.0,5.0,06
9815,vw_geo_sfpd_cr_switrs_all_types_col_cty_union.fid-c18a0c2_186644fdb18_-2cba,8593,23976000.0,,170306190,37.7526848884862,-122.410962661566,SFPD-CROSSROADS,CITY STREET,04/14/2017 01:15:00 PM,2017 April 14,13:15:00,2017,April,Friday,24TH ST,ALABAMA ST,0.0,Clear,Injury (Other Visible),Vehicle/Pedestrian,Pedestrian,Crossing in Crosswalk at Intersection,Dry,No Unusual Condition,Daylight,Intersection <= 20ft,0.0,1,1.0,Bicyclist,East,Proceeding Straight,Pedestrian,North,Proceeding Straight,POINT (-122.410965 37.752686),53.0,3.0,2.0,20.0,13
9817,vw_geo_sfpd_cr_switrs_all_types_col_cty_union.fid-c18a0c2_186644fdb18_-2cc0,23465,24540000.0,,180034193,37.7867789494,-122.398256963,SFPD-INTERIM DB,CITY STREET,01/13/2018 12:45:00 PM,2018 January 13,12:45:00,2018,January,Saturday,02ND ST,HOWARD ST,0.0,Clear,Injury (Other Visible),Sideswipe,Pedestrian,Crossing in Crosswalk at Intersection,Dry,No Unusual Condition,Daylight,Intersection <= 20ft,0.0,1,1.0,Driver,West,Making Left Turn,Pedestrian,West,Proceeding Straight,POINT (-122.398254 37.786777),32.0,1.0,10.0,8.0,12
9821,vw_geo_sfpd_cr_switrs_all_types_col_cty_union.fid-c18a0c2_186644fdb18_-29e2,40512,27068000.0,,180210876,37.7643658596,-122.458815068,SFPD-INTERIM DB,CITY STREET,03/20/2018 07:24:00 PM,2018 March 20,19:24:00,2018,March,Tuesday,IRVING ST,02ND AVE,0.0,Raining,Injury (Severe),Vehicle/Pedestrian,Pedestrian,Crossing Not in Crosswalk,Wet,No Unusual Condition,Dark - Street Lights,Intersection <= 20ft,0.0,1,1.0,Pedestrian,North,Proceeding Straight,Driver,East,Proceeding Straight,POINT (-122.45882 37.764366),109.0,7.0,11.0,14.0,19
9826,vw_geo_sfpd_cr_switrs_all_types_col_cty_union.fid-c18a0c2_186644fdb18_-3632,30981,26621000.0,6044201.0,131097762,37.7832943682136,-122.440140457167,SFPD-CROSSROADS,CITY STREET,12/31/2013 01:30:00 PM,2013 December 31,13:30:00,2013,December,Tuesday,GEARY BLVD,DIVISADERO ST,189.0,Clear,Injury (Severe),Broadside,Pedestrian,Not in Road,Dry,No Unusual Condition,Daylight,Midblock > 20ft,0.0,1,,Driver,South,Proceeding Straight,Pedestrian,East,Proceeding Straight,POINT (-122.44014 37.783295),103.0,8.0,11.0,15.0,13
9828,vw_geo_sfpd_cr_switrs_all_types_col_cty_union.fid-c18a0c2_186644fdb18_-2cef,7950,25614000.0,1355000.0,180024473,37.7518442261,-122.425111657,SFPD-INTERIM DB,CITY STREET,01/09/2018 08:28:00 PM,2018 January 09,20:28:00,2018,January,Tuesday,24TH ST,DOLORES ST,12.0,Clear,Injury (Other Visible),Vehicle/Pedestrian,Pedestrian,Crossing in Crosswalk at Intersection,Dry,No Unusual Condition,Dark - Street Lights,Intersection <= 20ft,0.0,1,1.0,Driver,East,Making Right Turn,Pedestrian,South,Proceeding Straight,POINT (-122.42511 37.751842),52.0,3.0,5.0,20.0,20