,id,unique_id,cnn_intrsctn_fkey,cnn_sgmt_fkey,case_id_pkey,tb_latitude,tb_longitude,geocode_source,geocode_location,collision_datetime,collision_date,collision_time,accident_year,month,day_of_week,primary_rd,secondary_rd,distance,weather_1,collision_severity,type_of_collision,mviw,ped_action,road_surface,road_cond_1,lighting,intersection,number_killed,number_injured,party_at_fault,party1_type,party1_dir_of_travel,party1_move_pre_acc,party2_type,party2_dir_of_travel,party2_move_pre_acc,point,Neighborhoods,Current Police Districts,Current Supervisor Districts,Analysis Neighborhoods,hour
9831,vw_geo_sfpd_cr_switrs_all_types_col_cty_union.fid-c18a0c2_186644fdb18_-2889,12397,25706000.0,,180294739,37.7646456881,-122.426381708,SFPD-INTERIM DB,CITY STREET,04/21/2018 12:19:00 AM,2018 April 21,00:19:00,2018,April,Saturday,DOLORES ST,16TH ST,0.0,Clear,Injury (Complaint of Pain),Vehicle/Pedestrian,Pedestrian,Crossing in Crosswalk at Intersection,Dry,No Unusual Condition,Dark - Street Lights,Intersection <= 20ft,0.0,2,1.0,Pedestrian,West,Proceeding Straight,Driver,South,Proceeding Straight,POINT (-122.426384 37.764645),37.0,3.0,5.0,5.0,00
9834,vw_geo_sfpd_cr_switrs_all_types_col_cty_union.fid-c18a0c2_186644fdb18_-309c,24051,34016000.0,8747103.0,170745253,37.7845277636298,-122.407342154666,SFPD-CROSSROADS,CITY STREET,09/12/2017 01:24:00 PM,2017 September 12,13:24:00,2017,September,Tuesday,MARKET ST,05TH ST,280.0,Clear,Injury (Complaint of Pain),Vehicle/Pedestrian,Pedestrian,Crossing in Crosswalk Not at Intersection,Dry,No Unusual Condition,Daylight,Midblock > 20ft,0.0,1,1.0,Bicyclist,East,Proceeding Straight,Pedestrian,North,Proceeding Straight,POINT (-122.40734 37.784527),32.0,5.0,10.0,34.0,13
9838,vw_geo_sfpd_cr_switrs_all_types_col_cty_union.fid-c18a0c2_186644fdb18_-2de8,27743,24920000.0,8806000.0,170057155,37.7890054699363,-122.410240280099,SFPD-CROSSROADS,CITY STREET,01/21/2017 03:05:00 PM,2017 January 21,15:05:00,2017,January,Saturday,MASON ST,SUTTER ST,4.0,Cloudy,Injury (Other Visible),Vehicle/Pedestrian,Pedestrian,Crossing in Crosswalk at Intersection,Wet,No Unusual Condition,Daylight,Intersection <= 20ft,0.0,1,1.0,Driver,South,Making Left Turn,Pedestrian,East,Proceeding Straight,POINT (-122.41024 37.789005),19.0,6.0,3.0,21.0,15
9846,vw_geo_sfpd_cr_switrs_all_types_col_cty_union.fid-c18a0c2_186644fdb18_-1f96,40677,27173000.0,7290000.0,180876296,37.7638404539,-122.470784794,SFPD-INTERIM DB,CITY STREET,11/19/2018 07:07:00 AM,2018 November 19,07:07:00,2018,November,Monday,IRVING ST,FUNSTON AVE,55.0,Clear,Injury (Complaint of Pain),Vehicle/Pedestrian,Pedestrian,"In Road, Including Shoulder",Dry,Construction or Repair Zone,Daylight,Midblock > 20ft,0.0,3,1.0,Driver,West,Proceeding Straight,Pedestrian,West,Stopped In Road,POINT (-122.47079 37.76384),109.0,10.0,11.0,14.0,07
9851,vw_geo_sfpd_cr_switrs_all_types_col_cty_union.fid-c18a0c2_186644fdb18_-2a29,11283,25677000.0,,160357733,37.7615656734452,-122.423800671243,SFPD-CROSSROADS,CITY STREET,05/01/2016 10:45:00 PM,2016 May 01,22:45:00,2016,May,Sunday,GUERRERO ST,18TH ST,0.0,Clear,Injury (Complaint of Pain),Vehicle/Pedestrian,Pedestrian,Crossing in Crosswalk at Intersection,Dry,No Unusual Condition,Dark - Street Lights,Intersection <= 20ft,0.0,1,,Driver,South,Proceeding Straight,Pedestrian,West,Proceeding Straight,POINT (-122.4238 37.761566),37.0,3.0,5.0,20.0,22
9862,vw_geo_sfpd_cr_switrs_all_types_col_cty_union.fid-c18a0c2_186644fdb18_-2dd7,33285,24778000.000000004,,150850515,37.7962109545627,-122.405142977202,SFPD-CROSSROADS,CITY STREET,09/28/2015 01:10:00 PM,2015 September 28,13:10:00,2015,September,Monday,KEARNY ST,JACKSON ST,0.0,Clear,Injury (Complaint of Pain),Vehicle/Pedestrian,Pedestrian,Crossing in Crosswalk at Intersection,Dry,No Unusual Condition,Daylight,Intersection <= 20ft,0.0,1,1.0,Driver,East,Making Right Turn,Pedestrian,North,Proceeding Straight,POINT (-122.40514 37.79621),104.0,6.0,3.0,6.0,13
9873,vw_geo_sfpd_cr_switrs_all_types_col_cty_union.fid-c18a0c2_186644fdb18_-2f1d,7216,21349000.0,,170898664,37.7439422414132,-122.422669445264,SFPD-CROSSROADS,CITY STREET,11/03/2017 03:43:00 PM,2017 November 03,15:43:00,2017,November,Friday,SAN JOSE AVE,29TH ST,0.0,Clear,Injury (Severe),Vehicle/Pedestrian,Pedestrian,Crossing in Crosswalk at Intersection,Dry,No Unusual Condition,Daylight,Intersection <= 20ft,0.0,1,1.0,Driver,North,Making Left Turn,Pedestrian,East,Proceeding Straight,POINT (-122.42267 37.743942),84.0,9.0,5.0,22.0,15
9880,vw_geo_sfpd_cr_switrs_all_types_col_cty_union.fid-c18a0c2_186644fdb18_-3623,14043,24347000.0,,170138288,37.7708961084587,-122.414996655046,SFPD-CROSSROADS,CITY STREET,02/17/2017 06:39:00 PM,2017 February 17,18:39:00,2017,February,Friday,FOLSOM ST,12TH ST,0.0,Raining,Injury (Complaint of Pain),Vehicle/Pedestrian,Pedestrian,Crossing in Crosswalk at Intersection,Wet,No Unusual Condition,Dark - Street Lights,Intersection <= 20ft,0.0,1,1.0,Driver,South,Making Left Turn,Pedestrian,South,Proceeding Straight,POINT (-122.41499 37.770897),32.0,1.0,10.0,20.0,18
9884,vw_geo_sfpd_cr_switrs_all_types_col_cty_union.fid-c18a0c2_186644fdb18_-30f6,32102,25252000.0,,170703966,37.7909731915997,-122.417391334523,SFPD-CROSSROADS,CITY STREET,08/29/2017 12:15:00 PM,2017 August 29,12:15:00,2017,August,Tuesday,CALIFORNIA ST,HYDE ST,0.0,Clear,Injury (Complaint of Pain),Vehicle/Pedestrian,Pedestrian,"In Road, Including Shoulder",Dry,No Unusual Condition,Daylight,Intersection <= 20ft,0.0,1,2.0,Driver,West,Making Left Turn,Pedestrian,East,Proceeding Straight,POINT (-122.41739 37.790974),16.0,6.0,3.0,21.0,12
9891,vw_geo_sfpd_cr_switrs_all_types_col_cty_union.fid-c18a0c2_186644fdb18_-34e1,38741,22924000.0,,170283510,37.7392358312764,-122.466157326546,SFPD-CROSSROADS,CITY STREET,04/06/2017 10:08:00 PM,2017 April 06,22:08:00,2017,April,Thursday,PORTOLA DR,VICENTE ST,0.0,Raining,Injury (Complaint of Pain),Vehicle/Pedestrian,Pedestrian,Crossing in Crosswalk at Intersection,Dry,No Unusual Condition,Dark - Street Lights,Intersection <= 20ft,0.0,1,1.0,Driver,North,Making Left Turn,Pedestrian,East,Proceeding Straight,POINT (-122.466156 37.739235),116.0,10.0,8.0,41.0,22
9892,vw_geo_sfpd_cr_switrs_all_types_col_cty_union.fid-c18a0c2_186644fdb18_-1fe1,41003,27422000.0,7301000.0,180849748,37.7632938471,-122.483208067,SFPD-INTERIM DB,CITY STREET,11/08/2018 06:10:00 PM,2018 November 08,18:10:00,2018,November,Thursday,IRVING ST,25TH AVE,100.0,Clear,Injury (Other Visible),Vehicle/Pedestrian,Pedestrian,Crossing Not in Crosswalk,Dry,No Unusual Condition,Dark - Street Lights,Midblock > 20ft,0.0,1,1.0,Pedestrian,South,Proceeding Straight,Bicyclist,West,Proceeding Straight,POINT (-122.48321 37.763294),39.0,10.0,7.0,35.0,18
9899,vw_geo_sfpd_cr_switrs_all_types_col_cty_union.fid-c18a0c2_186644fdb18_-1f81,11753,24165000.0,,180881790,37.7634292731,-122.419512737,SFPD-INTERIM DB,CITY STREET,11/21/2018 06:05:00 AM,2018 November 21,06:05:00,2018,November,Wednesday,17TH ST,MISSION ST,0.0,Cloudy,Injury (Complaint of Pain),Vehicle/Pedestrian,Pedestrian,Crossing in Crosswalk at Intersection,Wet,No Unusual Condition,Dark - Street Lights,Intersection <= 20ft,0.0,1,1.0,Driver,South,Proceeding Straight,Pedestrian,East,Proceeding Straight,POINT (-122.41951 37.763428),53.0,3.0,2.0,20.0,06
9901,vw_geo_sfpd_cr_switrs_all_types_col_cty_union.fid-c18a0c2_186644fdb18_-2515,31635,26943000.0,,130880190,37.7864177312592,-122.453406647488,SFPD-CROSSROADS,CITY STREET,10/17/2013 04:55:00 PM,2013 October 17,16:55:00,2013,October,Thursday,SPRUCE ST,CALIFORNIA ST,0.0,Clear,Injury (Complaint of Pain),Vehicle/Pedestrian,Pedestrian,Crossing in Crosswalk at Intersection,Dry,No Unusual Condition,Daylight,Intersection <= 20ft,0.0,1,1.0,Pedestrian,West,Other,Driver,South,Proceeding Straight,POINT (-122.45341 37.78642),10.0,8.0,6.0,31.0,16
9904,vw_geo_sfpd_cr_switrs_all_types_col_cty_union.fid-c18a0c2_186644fdb18_-2e48,42357,27269000.0,,170978147,37.7731619820026,-122.471240068983,SFPD-CROSSROADS,CITY STREET,12/02/2017 11:28:00 PM,2017 December 02,23:28:00,2017,December,Saturday,FULTON ST,FUNSTON AVE,0.0,Raining,Injury (Complaint of Pain),Vehicle/Pedestrian,Pedestrian,Crossing in Crosswalk at Intersection,Wet,No Unusual Condition,Dark - Street Lights,Intersection <= 20ft,0.0,1,1.0,Driver,West,Proceeding Straight,Pedestrian,South,Proceeding Straight,POINT (-122.47124 37.773163),5.0,8.0,4.0,11.0,23
9925,vw_geo_sfpd_cr_switrs_all_types_col_cty_union.fid-c18a0c2_186644fdb18_-2440,11344,24174000.0,,180575846,37.7632997683,-122.421731522,SFPD-INTERIM DB,CITY STREET,08/02/2018 12:06:00 PM,2018 August 02,12:06:00,2018,August,Thursday,17TH ST,VALENCIA ST,0.0,Clear,Injury (Severe),Head-On,Pedestrian,"In Road, Including Shoulder",Dry,No Unusual Condition,Daylight,Intersection <= 20ft,0.0,2,1.0,Driver,West,Stopped In Road,Driver,West,Stopped In Road,POINT (-122.42173 37.763298),53.0,3.0,2.0,20.0,12
9929,vw_geo_sfpd_cr_switrs_all_types_col_cty_union.fid-c18a0c2_186644fdb18_-26fd,7071,21329000.000000004,,160962809,37.7423753982582,-122.421968762037,SFPD-CROSSROADS,CITY STREET,11/26/2016 05:58:00 PM,2016 November 26,17:58:00,2016,November,Saturday,MISSION ST,30TH ST,0.0,Raining,Injury (Severe),Vehicle/Pedestrian,Pedestrian,Crossing in Crosswalk at Intersection,Wet,No Unusual Condition,Dark - Street Lights,Intersection <= 20ft,0.0,2,1.0,Driver,West,Making Left Turn,Pedestrian,North,Proceeding Straight,POINT (-122.42197 37.742374),83.0,9.0,2.0,2.0,17
9934,vw_geo_sfpd_cr_switrs_all_types_col_cty_union.fid-c18a0c2_186644fdb18_-3044,25797,30738000.0,8744202.0,170779644,37.7876888472721,-122.403415205633,SFPD-CROSSROADS,CITY STREET,09/24/2017 08:54:00 AM,2017 September 24,08:54:00,2017,September,Sunday,MARKET ST,03RD ST,20.0,Clear,Injury (Severe),Head-On,Pedestrian,"In Road, Including Shoulder",Dry,No Unusual Condition,Daylight,Intersection <= 20ft,0.0,2,1.0,Pedestrian,North,Entering Traffic,Bicyclist,East,Proceeding Straight,POINT (-122.40341 37.78769),19.0,6.0,3.0,8.0,08
9938,vw_geo_sfpd_cr_switrs_all_types_col_cty_union.fid-c18a0c2_186644fdb18_-327f,24063,34016000.0,8747203.0,170546493,37.7845034399384,-122.407486291234,SFPD-CROSSROADS,CITY STREET,07/05/2017 05:10:00 PM,2017 July 05,17:10:00,2017,July,Wednesday,MARKET ST,05TH ST,250.0,Clear,Injury (Other Visible),Vehicle/Pedestrian,Pedestrian,Crossing in Crosswalk Not at Intersection,Dry,No Unusual Condition,Daylight,Midblock > 20ft,0.0,1,1.0,Bicyclist,East,Proceeding Straight,Pedestrian,North,Other,POINT (-122.407486 37.784504),19.0,5.0,3.0,36.0,17
9957,vw_geo_sfpd_cr_switrs_all_types_col_cty_union.fid-c18a0c2_186644fdb18_-28cd,1198,33366000.0,,180272525,37.7115920217,-122.44609113,SFPD-INTERIM DB,CITY STREET,04/13/2018 08:46:00 AM,2018 April 13,08:46:00,2018,April,Friday,MISSION ST,NAGLEE AVE,0.0,Clear,Injury (Severe),Vehicle/Pedestrian,Pedestrian,Crossing in Crosswalk at Intersection,Dry,No Unusual Condition,Daylight,Intersection <= 20ft,0.0,1,1.0,Driver,North,Making Left Turn,Pedestrian,West,Proceeding Straight,POINT (-122.44609 37.711594),66.0,9.0,1.0,28.0,08
9958,vw_geo_sfpd_cr_switrs_all_types_col_cty_union.fid-c18a0c2_186644fdb18_-2e12,27658,24747000.0,,150535171,37.7914981017593,-122.405741878612,SFPD-CROSSROADS,CITY STREET,06/19/2015 03:00:00 PM,2015 June 19,15:00:00,2015,June,Friday,GRANT AVE,PINE ST,0.0,Clear,Injury (Severe),Vehicle/Pedestrian,Pedestrian,Crossing in Crosswalk at Intersection,Dry,No Unusual Condition,Daylight,Intersection <= 20ft,0.0,1,1.0,Driver,North,Making Right Turn,Pedestrian,West,Proceeding Straight,POINT (-122.40574 37.791496),104.0,6.0,3.0,8.0,15
9964,vw_geo_sfpd_cr_switrs_all_types_col_cty_union.fid-c18a0c2_186644fdb18_-3471,7566,21345000.0,,170338290,37.7481252837144,-122.420278830663,SFPD-CROSSROADS,CITY STREET,04/20/2017 10:23:00 AM,2017 April 20,10:23:00,2017,April,Thursday,VALENCIA ST,CESAR CHAVEZ ST,0.0,Clear,Injury (Other Visible),Vehicle/Pedestrian,Pedestrian,Crossing in Crosswalk at Intersection,Dry,No Unusual Condition,Daylight,Intersection <= 20ft,0.0,1,1.0,Driver,South,Making Right Turn,Pedestrian,East,Proceeding Straight,POINT (-122.42028 37.748127),53.0,3.0,5.0,20.0,10
9966,vw_geo_sfpd_cr_switrs_all_types_col_cty_union.fid-c18a0c2_186644fdb18_-2d34,29599,26514000.0,,180011414,37.7849538797,-122.427988927,SFPD-INTERIM DB,CITY STREET,01/05/2018 08:41:00 AM,2018 January 05,08:41:00,2018,January,Friday,GEARY BLVD,LAGUNA ST,0.0,Raining,Injury (Complaint of Pain),Sideswipe,Pedestrian,Crossing in Crosswalk at Intersection,Dry,No Unusual Condition,Daylight,Intersection <= 20ft,0.0,1,1.0,Driver,East,Making Right Turn,Pedestrian,South,Proceeding Straight,POINT (-122.427986 37.784954),100.0,4.0,11.0,39.0,08
9968,vw_geo_sfpd_cr_switrs_all_types_col_cty_union.fid-c18a0c2_186644fdb18_-29a2,13160,23860000.0,2957000.0,180224902,37.7694521053,-122.40137017,SFPD-INTERIM DB,CITY STREET,03/26/2018 01:08:00 PM,2018 March 26,13:08:00,2018,March,Monday,BERRY ST,DE HARO ST,240.0,Clear,Injury (Complaint of Pain),Vehicle/Pedestrian,Pedestrian,"In Road, Including Shoulder",Dry,No Unusual Condition,Daylight,Midblock > 20ft,0.0,1,1.0,Driver,West,Proceeding Straight,Pedestrian,South,Stopped In Road,POINT (-122.40137 37.76945),33.0,1.0,9.0,4.0,13
9970,vw_geo_sfpd_cr_switrs_all_types_col_cty_union.fid-c18a0c2_186644fdb18_-26b0,29927,25197000.000000004,13152102.0,130677185,37.7856802556295,-122.421395574475,SFPD-CROSSROADS,CITY STREET,08/15/2013 04:13:00 PM,2013 August 15,16:13:00,2013,August,Thursday,VAN NESS AVE,GEARY BLVD,3.0,Clear,Injury (Complaint of Pain),Broadside,Pedestrian,Crossing in Crosswalk at Intersection,Dry,No Unusual Condition,Daylight,Intersection <= 20ft,0.0,1,1.0,Driver,South,Making Left Turn,Pedestrian,East,Proceeding Straight,POINT (-122.421394 37.78568),100.0,4.0,11.0,36.0,16
9981,vw_geo_sfpd_cr_switrs_all_types_col_cty_union.fid-c18a0c2_186644fdb18_-1f38,30014,25199000.0,3855000.0,180902772,37.7863610891,-122.419816003,SFPD-INTERIM DB,CITY STREET,11/29/2018 07:44:00 PM,2018 November 29,19:44:00,2018,November,Thursday,CEDAR ST,POLK ST,5.0,Clear,Injury (Complaint of Pain),Vehicle/Pedestrian,Pedestrian,Crossing in Crosswalk at Intersection,Dry,No Unusual Condition,Dark - Street Lights,Intersection <= 20ft,0.0,1,1.0,Driver,West,Backing,Pedestrian,South,Proceeding Straight,POINT (-122.419815 37.78636),50.0,4.0,10.0,36.0,19
9984,vw_geo_sfpd_cr_switrs_all_types_col_cty_union.fid-c18a0c2_186644fdb18_-3730,11060,25676000.0,6580101.0,170026564,37.7601340151652,-122.42360934135,SFPD-CROSSROADS,CITY STREET,01/10/2017 06:14:00 PM,2017 January 10,18:14:00,2017,January,Tuesday,GUERRERO ST,19TH ST,60.0,Raining,Injury (Other Visible),Vehicle/Pedestrian,Pedestrian,Crossing Not in Crosswalk,Wet,No Unusual Condition,Dark - Street Lights,Midblock > 20ft,0.0,1,1.0,Pedestrian,East,Not Stated,Driver,North,Proceeding Straight,POINT (-122.42361 37.760136),37.0,3.0,5.0,20.0,18
9986,vw_geo_sfpd_cr_switrs_all_types_col_cty_union.fid-c18a0c2_186644fdb18_-24a5,35670,26705000.0,,180543780,37.8041458454,-122.425109521,SFPD-INTERIM DB,CITY STREET,07/21/2018 11:01:00 PM,2018 July 21,23:01:00,2018,July,Saturday,VAN NESS AVE,BAY ST,0.0,Clear,Injury (Complaint of Pain),Vehicle/Pedestrian,Pedestrian,Crossing Not in Crosswalk,Dry,No Unusual Condition,Dark - Street Lights,Intersection <= 20ft,0.0,1,1.0,Pedestrian,East,Making Right Turn,Driver,South,Proceeding Straight,POINT (-122.42511 37.804146),98.0,6.0,6.0,32.0,23
10005,vw_geo_sfpd_cr_switrs_all_types_col_cty_union.fid-c18a0c2_186644fdb18_-2eb0,25538,24615000.0,,170939519,37.7872719169055,-122.401824658933,SFPD-CROSSROADS,CITY STREET,11/18/2017 02:30:00 PM,2017 November 18,14:30:00,2017,November,Saturday,JESSIE ST,ANNIE ST,0.0,Clear,Injury (Complaint of Pain),Vehicle/Pedestrian,Pedestrian,Crossing Not in Crosswalk,Dry,Loose Material on Roadway,Daylight,Intersection <= 20ft,0.0,1,1.0,Pedestrian,North,Entering Traffic,Driver,East,Proceeding Straight,POINT (-122.401825 37.787273),32.0,6.0,10.0,8.0,14
10017,vw_geo_sfpd_cr_switrs_all_types_col_cty_union.fid-c18a0c2_186644fdb18_-220e,11026,24145000.0,9120000.0,160087742,37.7607132875304,-122.419251797401,SFPD-CROSSROADS,CITY STREET,01/30/2016 02:25:00 PM,2016 January 30,14:25:00,2016,January,Saturday,MISSION ST,19TH ST,175.0,Clear,Injury (Complaint of Pain),Vehicle/Pedestrian,Pedestrian,Crossing Not in Crosswalk,Dry,No Unusual Condition,Daylight,Midblock > 20ft,0.0,1,1.0,Pedestrian,East,Proceeding Straight,Driver,South,Backing,POINT (-122.41925 37.76071),53.0,3.0,2.0,20.0,14
10026,vw_geo_sfpd_cr_switrs_all_types_col_cty_union.fid-c18a0c2_186644fdb18_-3735,40846,27364000.0,,170024251,37.7598339364745,-122.476813891641,SFPD-CROSSROADS,CITY STREET,01/09/2017 08:12:00 PM,2017 January 09,20:12:00,2017,January,Monday,19TH AVE,KIRKHAM ST,0.0,Raining,Injury (Other Visible),Vehicle/Pedestrian,Pedestrian,Crossing in Crosswalk at Intersection,Wet,No Unusual Condition,Dark - Street Lights,Intersection <= 20ft,0.0,1,1.0,Driver,South,Making Left Turn,Pedestrian,East,Proceeding Straight,POINT (-122.476814 37.759834),39.0,10.0,8.0,35.0,20
10033,vw_geo_sfpd_cr_switrs_all_types_col_cty_union.fid-c18a0c2_186644fdb18_-231b,32132,25294000.0,,180663764,37.7907880536,-122.419036211,SFPD-INTERIM DB,CITY STREET,09/02/2018 03:47:00 PM,2018 September 02,15:47:00,2018,September,Sunday,CALIFORNIA ST,LARKIN ST,0.0,Clear,Injury (Complaint of Pain),Vehicle/Pedestrian,Pedestrian,Crossing in Crosswalk at Intersection,Dry,No Unusual Condition,Daylight,Intersection <= 20ft,0.0,1,1.0,Driver,West,Making Left Turn,Pedestrian,South,Proceeding Straight,POINT (-122.41904 37.790787),105.0,6.0,3.0,21.0,15
10035,vw_geo_sfpd_cr_switrs_all_types_col_cty_union.fid-c18a0c2_186644fdb18_-3309,27749,24920000.0,,170487916,37.7890163385391,-122.410242438186,SFPD-CROSSROADS,CITY STREET,06/15/2017 01:31:00 PM,2017 June 15,13:31:00,2017,June,Thursday,SUTTER ST,MASON ST,0.0,Clear,Injury (Complaint of Pain),Vehicle/Pedestrian,Pedestrian,Crossing in Crosswalk at Intersection,Dry,No Unusual Condition,Daylight,Intersection <= 20ft,0.0,1,1.0,Driver,West,Making Right Turn,Pedestrian,North,Proceeding Straight,POINT (-122.41024 37.789017),19.0,6.0,3.0,21.0,13
10039,vw_geo_sfpd_cr_switrs_all_types_col_cty_union.fid-c18a0c2_186644fdb18_-2c6a,13196,33614000.0,,180064316,37.7694625457,-122.406213364,SFPD-INTERIM DB,CITY STREET,01/24/2018 05:04:00 PM,2018 January 24,17:04:00,2018,January,Wednesday,09TH ST,DIVISION ST,0.0,Raining,Injury (Complaint of Pain),Vehicle/Pedestrian,Pedestrian,Crossing in Crosswalk at Intersection,Wet,No Unusual Condition,Dark - Street Lights,Intersection <= 20ft,0.0,1,1.0,Driver,North,Proceeding Straight,Pedestrian,East,Proceeding Straight,POINT (-122.40621 37.769463),33.0,3.0,9.0,20.0,17
10059,vw_geo_sfpd_cr_switrs_all_types_col_cty_union.fid-c18a0c2_186644fdb18_-2731,24604,24933000.0,,180398905,37.7825850333,-122.415693872,SFPD-INTERIM DB,CITY STREET,05/29/2018 10:34:00 AM,2018 May 29,10:34:00,2018,May,Tuesday,HYDE ST,TURK ST,0.0,Clear,Injury (Complaint of Pain),Vehicle/Pedestrian,Pedestrian,Crossing Not in Crosswalk,Dry,No Unusual Condition,Daylight,Intersection <= 20ft,0.0,1,1.0,Pedestrian,West,Other,Driver,South,Proceeding Straight,POINT (-122.415695 37.782585),20.0,5.0,10.0,36.0,10
10065,vw_geo_sfpd_cr_switrs_all_types_col_cty_union.fid-c18a0c2_186644fdb18_-2c59,26895,24557000.000000004,8627000.0,180064708,37.7918695614,-122.394974478,SFPD-INTERIM DB,CITY STREET,01/24/2018 07:50:00 PM,2018 January 24,19:50:00,2018,January,Wednesday,MAIN ST,MISSION ST,14.0,Raining,Injury (Other Visible),Vehicle/Pedestrian,Pedestrian,Crossing in Crosswalk at Intersection,Wet,No Unusual Condition,Dark - Street Lights,Intersection <= 20ft,0.0,1,1.0,Driver,North,Making Right Turn,Pedestrian,West,Proceeding Straight,POINT (-122.39497 37.79187),108.0,1.0,10.0,8.0,19
10075,vw_geo_sfpd_cr_switrs_all_types_col_cty_union.fid-c18a0c2_186644fdb18_-331f,15413,23926000.0,4285000.0,170475234,37.7776125813842,-122.406132428894,SFPD-CROSSROADS,CITY STREET,06/10/2017 08:13:00 PM,2017 June 10,20:13:00,2017,June,Saturday,COLUMBIA SQUARE ST,FOLSOM ST,125.0,Clear,Injury (Complaint of Pain),Vehicle/Pedestrian,Pedestrian,Crossing Not in Crosswalk,Dry,No Unusual Condition,Dusk - Dawn,Midblock > 20ft,0.0,2,1.0,Driver,South,Proceeding Straight,Pedestrian,East,Not Stated,POINT (-122.406136 37.77761),32.0,1.0,10.0,34.0,20
10076,vw_geo_sfpd_cr_switrs_all_types_col_cty_union.fid-c18a0c2_186644fdb18_-26b5,22337,26355000.0,,180426631,37.7752955292,-122.442945445,SFPD-INTERIM DB,CITY STREET,06/08/2018 03:57:00 PM,2018 June 08,15:57:00,2018,June,Friday,GROVE ST,LYON ST,0.0,Clear,Injury (Complaint of Pain),Vehicle/Pedestrian,Pedestrian,Crossing in Crosswalk at Intersection,Dry,No Unusual Condition,Daylight,Intersection <= 20ft,0.0,1,1.0,Driver,West,Making Left Turn,Pedestrian,South,Other,POINT (-122.44295 37.775295),24.0,7.0,11.0,18.0,15
10079,vw_geo_sfpd_cr_switrs_all_types_col_cty_union.fid-c18a0c2_186644fdb18_-2e37,21548,24440000.0,8123000.0,170983340,37.7812892552627,-122.41711354696,SFPD-CROSSROADS,CITY STREET,12/05/2017 12:05:00 AM,2017 December 05,00:05:00,2017,December,Tuesday,LARKIN ST,GOLDEN GATE AVE,58.0,Clear,Injury (Complaint of Pain),Vehicle/Pedestrian,Pedestrian,"In Road, Including Shoulder",Dry,No Unusual Condition,Dark - Street Lights,Midblock > 20ft,0.0,1,1.0,Pedestrian,North,Proceeding Straight,Driver,North,Proceeding Straight,POINT (-122.417114 37.78129),21.0,5.0,10.0,36.0,00
10081,vw_geo_sfpd_cr_switrs_all_types_col_cty_union.fid-c18a0c2_186644fdb18_-3672,24550,24923000.0,,170107142,37.7830040784257,-122.412411746528,SFPD-CROSSROADS,CITY STREET,02/07/2017 01:20:00 PM,2017 February 07,13:20:00,2017,February,Tuesday,JONES ST,TURK ST,0.0,Raining,Injury (Other Visible),Vehicle/Pedestrian,Pedestrian,Crossing in Crosswalk at Intersection,Wet,No Unusual Condition,Daylight,Intersection <= 20ft,0.0,1,,Driver,South,Entering Traffic,Pedestrian,East,Proceeding Straight,POINT (-122.412415 37.783005),20.0,5.0,10.0,36.0,13
10099,vw_geo_sfpd_cr_switrs_all_types_col_cty_union.fid-c18a0c2_186644fdb18_-31e2,23620,24532000.0,,170603576,37.7885359304601,-122.396034765399,SFPD-CROSSROADS,CITY STREET,07/24/2017 09:34:00 PM,2017 July 24,21:34:00,2017,July,Monday,HOWARD ST,01ST ST,0.0,Clear,Injury (Other Visible),Vehicle/Pedestrian,Pedestrian,Crossing in Crosswalk at Intersection,Dry,No Unusual Condition,Dark - Street Lights,Intersection <= 20ft,0.0,2,1.0,Driver,South,Making Left Turn,Pedestrian,East,Proceeding Straight,POINT (-122.396034 37.788536),32.0,1.0,10.0,8.0,21
10108,vw_geo_sfpd_cr_switrs_all_types_col_cty_union.fid-c18a0c2_186644fdb18_-2f70,42689,27510000.0,,170872345,37.7727162820801,-122.480978766064,SFPD-CROSSROADS,CITY STREET,10/25/2017 01:41:00 PM,2017 October 25,13:41:00,2017,October,Wednesday,FULTON ST,22ND AVE,0.0,Clear,Injury (Other Visible),Vehicle/Pedestrian,Pedestrian,Crossing in Crosswalk at Intersection,Dry,No Unusual Condition,Daylight,Intersection <= 20ft,0.0,1,1.0,Driver,East,Making Left Turn,Pedestrian,North,Proceeding Straight,POINT (-122.48098 37.772717),8.0,8.0,4.0,29.0,13
10117,vw_geo_sfpd_cr_switrs_all_types_col_cty_union.fid-c18a0c2_186644fdb18_-21d1,34016,25453000.0,10699000.0,150398004,37.8030263067605,-122.411387014073,SFPD-CROSSROADS,CITY STREET,05/07/2015 03:40:00 PM,2015 May 07,15:40:00,2015,May,Thursday,POWELL ST,LOMBARD ST,3.0,Clear,Injury (Other Visible),Vehicle/Pedestrian,Pedestrian,Crossing Not in Crosswalk,Dry,No Unusual Condition,Daylight,Intersection <= 20ft,0.0,1,1.0,Pedestrian,West,Other,Driver,South,Proceeding Straight,POINT (-122.411385 37.80303),106.0,6.0,3.0,23.0,15