,id,unique_id,cnn_intrsctn_fkey,cnn_sgmt_fkey,case_id_pkey,tb_latitude,tb_longitude,geocode_source,geocode_location,collision_datetime,collision_date,collision_time,accident_year,month,day_of_week,primary_rd,secondary_rd,distance,weather_1,collision_severity,type_of_collision,mviw,ped_action,road_surface,road_cond_1,lighting,intersection,number_killed,number_injured,party_at_fault,party1_type,party1_dir_of_travel,party1_move_pre_acc,party2_type,party2_dir_of_travel,party2_move_pre_acc,point,Neighborhoods,Current Police Districts,Current Supervisor Districts,Analysis Neighborhoods,hour
10119,vw_geo_sfpd_cr_switrs_all_types_col_cty_union.fid-c18a0c2_186644fdb18_-35a4,15826,24416000.000000004,446000.0,170202770,37.7767790504849,-122.415397326856,SFPD-CROSSROADS,CITY STREET,03/11/2017 11:08:00 PM,2017 March 11,23:08:00,2017,March,Saturday,09TH ST,JESSIE ST,31.0,Clear,Injury (Complaint of Pain),Sideswipe,Pedestrian,Crossing Not in Crosswalk,Dry,No Unusual Condition,Dark - Street Lights,Midblock > 20ft,0.0,1,,Driver,North,Proceeding Straight,Pedestrian,West,Other,POINT (-122.4154 37.77678),32.0,5.0,10.0,34.0,23
10124,vw_geo_sfpd_cr_switrs_all_types_col_cty_union.fid-c18a0c2_186644fdb18_-2387,32699,25315000.0,,150961190,37.7959454025902,-122.421768167336,SFPD-CROSSROADS,CITY STREET,11/03/2015 04:10:00 PM,2015 November 03,16:10:00,2015,November,Tuesday,POLK ST,BROADWAY,0.0,Clear,Injury (Complaint of Pain),Vehicle/Pedestrian,Pedestrian,Crossing in Crosswalk at Intersection,Dry,No Unusual Condition,Daylight,Intersection <= 20ft,0.0,1,1.0,Driver,South,Making Right Turn,Pedestrian,West,Proceeding Straight,POINT (-122.42177 37.795944),105.0,4.0,3.0,32.0,16
10132,vw_geo_sfpd_cr_switrs_all_types_col_cty_union.fid-c18a0c2_186644fdb18_-2650,30494,26502000.0,12333000.0,140724425,37.7871252395036,-122.425087846023,SFPD-CROSSROADS,CITY STREET,08/28/2014 03:35:00 PM,2014 August 28,15:35:00,2014,August,Thursday,SUTTER ST,GOUGH ST,12.0,Clear,Injury (Other Visible),Vehicle/Pedestrian,Pedestrian,Crossing Not in Crosswalk,Dry,No Unusual Condition,Daylight,Intersection <= 20ft,0.0,1,1.0,Pedestrian,South,Proceeding Straight,Driver,East,Stopped In Road,POINT (-122.42509 37.787125),100.0,4.0,11.0,30.0,15
10133,vw_geo_sfpd_cr_switrs_all_types_col_cty_union.fid-c18a0c2_186644fdb18_-20c9,23113,24513000.0,6717000.0,180787449,37.7825439148,-122.397397791,SFPD-INTERIM DB,CITY STREET,10/17/2018 10:35:00 AM,2018 October 17,10:35:00,2018,October,Wednesday,HARRISON ST,03RD ST,5.0,Clear,Injury (Other Visible),Vehicle/Pedestrian,Pedestrian,Crossing in Crosswalk at Intersection,Dry,No Unusual Condition,Daylight,Intersection <= 20ft,0.0,1,1.0,Driver,West,Making Left Turn,Pedestrian,North,Proceeding Straight,POINT (-122.3974 37.782543),32.0,1.0,10.0,34.0,10
10134,vw_geo_sfpd_cr_switrs_all_types_col_cty_union.fid-c18a0c2_186644fdb18_-2633,30591,26505000.0,10643000.0,160068639,37.7857884179365,-122.428116806064,SFPD-CROSSROADS,CITY STREET,01/24/2016 02:35:00 PM,2016 January 24,14:35:00,2016,January,Sunday,POST ST,LAGUNA ST,9.0,Clear,Injury (Complaint of Pain),Vehicle/Pedestrian,Pedestrian,Crossing in Crosswalk at Intersection,Dry,No Unusual Condition,Daylight,Intersection <= 20ft,0.0,1,1.0,Driver,East,Making Left Turn,Pedestrian,North,Other,POINT (-122.428116 37.78579),101.0,4.0,11.0,15.0,14
10138,vw_geo_sfpd_cr_switrs_all_types_col_cty_union.fid-c18a0c2_186644fdb18_-302c,25747,30738000.0,8745201.0,170791773,37.7875608913481,-122.403611057155,SFPD-CROSSROADS,CITY STREET,09/28/2017 07:06:00 AM,2017 September 28,07:06:00,2017,September,Thursday,MARKET ST,KEARNY ST,58.0,Clear,Injury (Severe),Vehicle/Pedestrian,Pedestrian,Crossing Not in Crosswalk,Dry,No Unusual Condition,Daylight,Midblock > 20ft,0.0,1,1.0,Pedestrian,West,Other,Driver,East,Proceeding Straight,POINT (-122.40361 37.78756),19.0,5.0,10.0,8.0,07
10149,vw_geo_sfpd_cr_switrs_all_types_col_cty_union.fid-c18a0c2_186644fdb18_-350a,7867,24088000.0,1346000.0,150867902,37.7522382177598,-122.418465478342,SFPD-CROSSROADS,CITY STREET,10/03/2015 05:05:00 AM,2015 October 03,05:05:00,2015,October,Saturday,24TH ST,MISSION ST,6.0,Clear,Injury (Complaint of Pain),Vehicle/Pedestrian,Pedestrian,Crossing in Crosswalk at Intersection,Dry,No Unusual Condition,Dark - Street Lights,Intersection <= 20ft,0.0,1,1.0,Driver,West,Making Right Turn,Pedestrian,South,Proceeding Straight,POINT (-122.418465 37.75224),53.0,3.0,2.0,20.0,05
10157,vw_geo_sfpd_cr_switrs_all_types_col_cty_union.fid-c18a0c2_186644fdb18_-2d4f,28250,24996000.0,,130187720,37.7931783014561,-122.407727186831,SFPD-CROSSROADS,CITY STREET,03/05/2013 03:05:00 PM,2013 March 05,15:05:00,2013,March,Tuesday,STOCKTON ST,SACRAMENTO ST,0.0,Clear,Injury (Complaint of Pain),Vehicle/Pedestrian,Pedestrian,Crossing in Crosswalk at Intersection,Dry,No Unusual Condition,Daylight,Intersection <= 20ft,0.0,1,1.0,Driver,West,Making Left Turn,Pedestrian,East,Proceeding Straight,POINT (-122.40773 37.79318),16.0,6.0,3.0,6.0,15
10158,vw_geo_sfpd_cr_switrs_all_types_col_cty_union.fid-c18a0c2_186644fdb18_-2bae,40324,27709000.0,7867000.0,180107182,37.7593143028,-122.488601945,SFPD-INTERIM DB,CITY STREET,02/09/2018 11:05:00 AM,2018 February 09,11:05:00,2018,February,Friday,KIRKHAM ST,30TH AVE,13.0,Clear,Injury (Other Visible),Vehicle/Pedestrian,Pedestrian,Crossing in Crosswalk at Intersection,Dry,No Unusual Condition,Daylight,Intersection <= 20ft,0.0,1,1.0,Driver,East,Making Left Turn,Pedestrian,North,Proceeding Straight,POINT (-122.4886 37.759315),39.0,10.0,7.0,35.0,11
10165,vw_geo_sfpd_cr_switrs_all_types_col_cty_union.fid-c18a0c2_186644fdb18_-277a,8512,23729000.0,1250000.0,180378935,37.7543853939,-122.404656574,SFPD-INTERIM DB,CITY STREET,05/21/2018 03:11:00 PM,2018 May 21,15:11:00,2018,May,Monday,23RD ST,SAN BRUNO AVE,50.0,Clear,Injury (Other Visible),Vehicle/Pedestrian,Pedestrian,Crossing in Crosswalk at Intersection,Dry,No Unusual Condition,Daylight,Midblock > 20ft,0.0,1,1.0,Driver,East,Making Left Turn,Pedestrian,North,Proceeding Straight,POINT (-122.404655 37.754387),54.0,3.0,9.0,20.0,15
10167,vw_geo_sfpd_cr_switrs_all_types_col_cty_union.fid-c18a0c2_186644fdb18_-27d8,28955,25186000.0,,140165562,37.7828941222,-122.420817003265,SFPD-CROSSROADS,CITY STREET,02/25/2014 03:30:00 PM,2014 February 25,15:30:00,2014,February,Tuesday,VAN NESS AVE,EDDY ST,0.0,Clear,Injury (Complaint of Pain),Vehicle/Pedestrian,Pedestrian,Crossing in Crosswalk at Intersection,Dry,No Unusual Condition,Daylight,Intersection <= 20ft,0.0,1,1.0,Pedestrian,West,Proceeding Straight,Driver,North,Proceeding Straight,POINT (-122.420815 37.782894),20.0,4.0,10.0,36.0,15
10173,vw_geo_sfpd_cr_switrs_all_types_col_cty_union.fid-c18a0c2_186644fdb18_-211f,27185,30734000.0,,180762203,37.7892643225,-122.401375491,SFPD-INTERIM DB,CITY STREET,10/08/2018 11:27:00 AM,2018 October 08,11:27:00,2018,October,Monday,MARKET ST,02ND ST,0.0,Clear,Injury (Complaint of Pain),Broadside,Pedestrian,Crossing in Crosswalk at Intersection,Dry,No Unusual Condition,Daylight,Intersection <= 20ft,0.0,1,1.0,Pedestrian,North,Proceeding Straight,Driver,East,Proceeding Straight,POINT (-122.401375 37.789265),108.0,6.0,3.0,8.0,11
10179,vw_geo_sfpd_cr_switrs_all_types_col_cty_union.fid-c18a0c2_186644fdb18_-23a7,32559,25276000.0,,140310240,37.7945673610734,-122.418112287336,SFPD-CROSSROADS,CITY STREET,04/14/2014 04:30:00 PM,2014 April 14,16:30:00,2014,April,Monday,HYDE ST,JACKSON ST,0.0,Clear,Injury (Complaint of Pain),Vehicle/Pedestrian,Pedestrian,Crossing in Crosswalk at Intersection,Dry,No Unusual Condition,Daylight,Intersection <= 20ft,0.0,1,1.0,Driver,East,Making Left Turn,Pedestrian,East,Proceeding Straight,POINT (-122.41811 37.794567),16.0,6.0,3.0,32.0,16
10183,vw_geo_sfpd_cr_switrs_all_types_col_cty_union.fid-c18a0c2_186644fdb18_-2452,8432,23953000.000000004,1330000.0,160781756,37.7529940596419,-122.406370732409,SFPD-CROSSROADS,CITY STREET,09/26/2016 02:32:00 PM,2016 September 26,14:32:00,2016,September,Monday,24TH ST,POTRERO AVE,11.0,Clear,Injury (Complaint of Pain),Vehicle/Pedestrian,Pedestrian,Crossing in Crosswalk at Intersection,Dry,No Unusual Condition,Daylight,Intersection <= 20ft,0.0,1,,Driver,South,Making Right Turn,Pedestrian,North,Not Stated,POINT (-122.40637 37.752995),53.0,3.0,2.0,20.0,14
10194,vw_geo_sfpd_cr_switrs_all_types_col_cty_union.fid-c18a0c2_186644fdb18_-2ca5,28326,24694000.000000004,,141017487,37.7950131500093,-122.400329331396,SFPD-CROSSROADS,CITY STREET,12/02/2014 03:00:00 PM,2014 December 02,15:00:00,2014,December,Tuesday,BATTERY ST,CLAY ST,0.0,Raining,Injury (Complaint of Pain),Vehicle/Pedestrian,Pedestrian,Crossing in Crosswalk at Intersection,Wet,No Unusual Condition,Dusk - Dawn,Intersection <= 20ft,0.0,1,,Driver,East,Making Left Turn,Pedestrian,West,Proceeding Straight,POINT (-122.40033 37.795013),108.0,6.0,3.0,6.0,15
10196,vw_geo_sfpd_cr_switrs_all_types_col_cty_union.fid-c18a0c2_186644fdb18_-2506,31739,25204000.0,,151051710,37.7889096121422,-122.418655872287,SFPD-CROSSROADS,CITY STREET,12/04/2015 05:50:00 PM,2015 December 04,17:50:00,2015,December,Friday,LARKIN ST,BUSH ST,0.0,Clear,Injury (Complaint of Pain),Vehicle/Pedestrian,Pedestrian,Crossing in Crosswalk at Intersection,Dry,No Unusual Condition,Dark - Street Lights,Intersection <= 20ft,0.0,1,1.0,Driver,North,Making Right Turn,Pedestrian,East,Proceeding Straight,POINT (-122.418655 37.78891),50.0,6.0,3.0,21.0,17
10201,vw_geo_sfpd_cr_switrs_all_types_col_cty_union.fid-c18a0c2_186644fdb18_-2242,33559,25319000.000000004,3151000.0,170351941,37.7979507585786,-122.405992280376,SFPD-CROSSROADS,CITY STREET,04/29/2017 05:00:00 PM,2017 April 29,17:00:00,2017,April,Saturday,BROADWAY,ROMOLO ST,70.0,Clear,Injury (Complaint of Pain),Vehicle/Pedestrian,Pedestrian,Crossing Not in Crosswalk,Dry,No Unusual Condition,Daylight,Midblock > 20ft,0.0,1,1.0,Pedestrian,North,Proceeding Straight,Driver,East,Proceeding Straight,POINT (-122.40599 37.79795),106.0,6.0,3.0,23.0,17
10217,vw_geo_sfpd_cr_switrs_all_types_col_cty_union.fid-c18a0c2_186644fdb18_-261d,28912,25176000.0,,180455072,37.7831014002,-122.419181704,SFPD-INTERIM DB,CITY STREET,06/19/2018 03:21:00 PM,2018 June 19,15:21:00,2018,June,Tuesday,POLK ST,EDDY ST,0.0,Clear,Injury (Other Visible),Vehicle/Pedestrian,Pedestrian,Crossing in Crosswalk at Intersection,Dry,No Unusual Condition,Daylight,Intersection <= 20ft,0.0,1,1.0,Driver,East,Making Right Turn,Pedestrian,South,Proceeding Straight,POINT (-122.41918 37.7831),20.0,4.0,10.0,36.0,15
10222,vw_geo_sfpd_cr_switrs_all_types_col_cty_union.fid-c18a0c2_186644fdb18_-3514,7787,25604000.0,1449000.0,170264792,37.7503023795272,-122.423864132809,SFPD-CROSSROADS,CITY STREET,03/31/2017 06:30:00 PM,2017 March 31,18:30:00,2017,March,Friday,25TH ST,FAIR OAKS ST,10.0,Clear,Injury (Other Visible),Vehicle/Pedestrian,Pedestrian,Crossing in Crosswalk at Intersection,Dry,No Unusual Condition,Daylight,Intersection <= 20ft,0.0,1,1.0,Pedestrian,South,Other,Driver,West,Proceeding Straight,POINT (-122.42387 37.7503),52.0,3.0,5.0,20.0,18
10229,vw_geo_sfpd_cr_switrs_all_types_col_cty_union.fid-c18a0c2_186644fdb18_-359e,12469,25804000.0,8766101.0,170205047,37.7642243258206,-122.433024767427,SFPD-CROSSROADS,CITY STREET,03/12/2017 08:20:00 PM,2017 March 12,20:20:00,2017,March,Sunday,MARKET ST,16TH ST,18.0,Clear,Injury (Severe),Vehicle/Pedestrian,Pedestrian,Crossing Not in Crosswalk,Dry,No Unusual Condition,Dark - Street Lights,Intersection <= 20ft,0.0,1,,Pedestrian,North,Other,Driver,East,Backing,POINT (-122.43302 37.764225),38.0,3.0,5.0,5.0,20
10239,vw_geo_sfpd_cr_switrs_all_types_col_cty_union.fid-c18a0c2_186644fdb18_-3686,10802,25811000.0,3791000.0,170100362,37.7595407762903,-122.434876803668,SFPD-CROSSROADS,CITY STREET,02/04/2017 09:29:00 PM,2017 February 04,21:29:00,2017,February,Saturday,CASTRO ST,19TH ST,92.0,Clear,Injury (Other Visible),Vehicle/Pedestrian,Pedestrian,Crossing Not in Crosswalk,Dry,No Unusual Condition,Dark - Street Lights,Midblock > 20ft,0.0,1,1.0,Pedestrian,West,Entering Traffic,Bicyclist,North,Proceeding Straight,POINT (-122.434875 37.75954),38.0,3.0,5.0,5.0,21
10243,vw_geo_sfpd_cr_switrs_all_types_col_cty_union.fid-c18a0c2_186644fdb18_-3053,1630,21643000.0,,170772751,37.7223978718224,-122.430026150672,SFPD-CROSSROADS,CITY STREET,09/21/2017 08:25:00 PM,2017 September 21,20:25:00,2017,September,Thursday,NAPLES ST,BRAZIL AVE,0.0,Clear,Injury (Complaint of Pain),Vehicle/Pedestrian,Pedestrian,Crossing in Crosswalk at Intersection,Dry,No Unusual Condition,Dark - Street Lights,Intersection <= 20ft,0.0,1,1.0,Driver,South,Proceeding Straight,Pedestrian,West,Proceeding Straight,POINT (-122.43002 37.722397),90.0,9.0,1.0,7.0,20
10246,vw_geo_sfpd_cr_switrs_all_types_col_cty_union.fid-c18a0c2_186644fdb18_-2ca0,26261,25154000.0,,180046182,37.7865198197,-122.414806648,SFPD-INTERIM DB,CITY STREET,01/18/2018 08:56:00 AM,2018 January 18,08:56:00,2018,January,Thursday,GEARY ST,LEAVENWORTH ST,0.0,Cloudy,Injury (Other Visible),Vehicle/Pedestrian,Pedestrian,Crossing in Crosswalk at Intersection,Wet,No Unusual Condition,Daylight,Intersection <= 20ft,0.0,1,1.0,Driver,West,Making Left Turn,Pedestrian,South,Proceeding Straight,POINT (-122.41481 37.78652),20.0,6.0,10.0,36.0,08
10267,vw_geo_sfpd_cr_switrs_all_types_col_cty_union.fid-c18a0c2_186644fdb18_-27fe,3888,21180000.0,,180340542,37.7347938882,-122.414934763,SFPD-INTERIM DB,CITY STREET,05/07/2018 08:30:00 PM,2018 May 07,20:30:00,2018,May,Monday,CRESCENT AVE,ELLSWORTH ST,0.0,Clear,Injury (Complaint of Pain),Vehicle/Pedestrian,Pedestrian,Crossing in Crosswalk at Intersection,Dry,No Unusual Condition,Dark - Street Lights,Intersection <= 20ft,0.0,1,1.0,Driver,East,Proceeding Straight,Pedestrian,North,Proceeding Straight,POINT (-122.41493 37.734795),83.0,9.0,2.0,2.0,20
10285,vw_geo_sfpd_cr_switrs_all_types_col_cty_union.fid-c18a0c2_186644fdb18_-2400,31803,25222000.0,,180597094,37.7896204372,-122.420493442,SFPD-INTERIM DB,CITY STREET,08/09/2018 10:16:00 PM,2018 August 09,22:16:00,2018,August,Thursday,POLK ST,PINE ST,0.0,Clear,Injury (Complaint of Pain),Vehicle/Pedestrian,Pedestrian,Crossing in Crosswalk at Intersection,Dry,No Unusual Condition,Dark - Street Lights,Intersection <= 20ft,0.0,1,1.0,Driver,South,Making Left Turn,Pedestrian,East,Proceeding Straight,POINT (-122.420494 37.78962),50.0,4.0,3.0,21.0,22
10298,vw_geo_sfpd_cr_switrs_all_types_col_cty_union.fid-c18a0c2_186644fdb18_-3715,30670,26592000.000000004,10646000.0,130295204,37.7851556679209,-122.43304678381,SFPD-CROSSROADS,CITY STREET,04/11/2013 08:51:00 AM,2013 April 11,08:51:00,2013,April,Thursday,POST ST,FILLMORE ST,11.0,Clear,Injury (Complaint of Pain),Vehicle/Pedestrian,Pedestrian,Crossing in Crosswalk at Intersection,Dry,No Unusual Condition,Daylight,Intersection <= 20ft,0.0,1,1.0,Driver,East,Making Left Turn,Pedestrian,North,Proceeding Straight,POINT (-122.433044 37.785156),101.0,4.0,11.0,15.0,08
10302,vw_geo_sfpd_cr_switrs_all_types_col_cty_union.fid-c18a0c2_186644fdb18_-2b33,24838,24893000.0,,180139458,37.7844527301,-122.408493158,SFPD-INTERIM DB,CITY STREET,02/21/2018 03:24:00 PM,2018 February 21,15:24:00,2018,February,Wednesday,CYRIL MAGNIN ST,EDDY ST,0.0,Clear,Injury (Complaint of Pain),Broadside,Pedestrian,Crossing Not in Crosswalk,Dry,No Unusual Condition,Daylight,Intersection <= 20ft,0.0,1,1.0,Pedestrian,West,Proceeding Straight,Driver,East,Making Right Turn,POINT (-122.40849 37.784454),19.0,5.0,3.0,36.0,15
10303,vw_geo_sfpd_cr_switrs_all_types_col_cty_union.fid-c18a0c2_186644fdb18_-2e68,27433,30731000.0,,140401645,37.7910166492327,-122.399148598363,SFPD-CROSSROADS,CITY STREET,05/13/2014 05:06:00 PM,2014 May 13,17:06:00,2014,May,Tuesday,MARKET ST,01ST ST,0.0,Clear,Injury (Other Visible),Vehicle/Pedestrian,Pedestrian,Crossing in Crosswalk at Intersection,Dry,No Unusual Condition,Daylight,Intersection <= 20ft,0.0,1,1.0,Driver,East,Making Left Turn,Pedestrian,North,Proceeding Straight,POINT (-122.39915 37.791016),108.0,6.0,10.0,8.0,17
10304,vw_geo_sfpd_cr_switrs_all_types_col_cty_union.fid-c18a0c2_186644fdb18_-2535,24411,24431000.0,6262000.0,180504986,37.7816960194,-122.415177725,SFPD-INTERIM DB,CITY STREET,07/07/2018 09:28:00 PM,2018 July 07,21:28:00,2018,July,Saturday,GOLDEN GATE AVE,HYDE ST,96.0,Clear,Injury (Other Visible),Vehicle/Pedestrian,Pedestrian,Crossing Not in Crosswalk,Dry,No Unusual Condition,Dark - Street Lights,Midblock > 20ft,0.0,1,1.0,Pedestrian,North,Proceeding Straight,Driver,East,Proceeding Straight,POINT (-122.41518 37.781696),21.0,5.0,10.0,36.0,21
10306,vw_geo_sfpd_cr_switrs_all_types_col_cty_union.fid-c18a0c2_186644fdb18_-33dd,35693,26705000.0,,170396458,37.8041458457331,-122.425109521104,SFPD-CROSSROADS,CITY STREET,05/14/2017 06:40:00 PM,2017 May 14,18:40:00,2017,May,Sunday,BAY ST,VAN NESS AVE,0.0,Clear,Injury (Complaint of Pain),Vehicle/Pedestrian,Pedestrian,Crossing in Crosswalk at Intersection,Dry,No Unusual Condition,Daylight,Intersection <= 20ft,0.0,1,1.0,Driver,South,Making Left Turn,Pedestrian,East,Proceeding Straight,POINT (-122.42511 37.804146),98.0,6.0,6.0,32.0,18
10310,vw_geo_sfpd_cr_switrs_all_types_col_cty_union.fid-c18a0c2_186644fdb18_-284c,24577,24933000.0,7115000.0,180313743,37.7825660373,-122.415690022,SFPD-INTERIM DB,CITY STREET,04/28/2018 01:27:00 AM,2018 April 28,01:27:00,2018,April,Saturday,HYDE ST,TURK ST,7.0,Clear,Injury (Complaint of Pain),Vehicle/Pedestrian,Pedestrian,Crossing Not in Crosswalk,Dry,No Unusual Condition,Dark - Street Lights,Intersection <= 20ft,0.0,1,1.0,Pedestrian,East,Proceeding Straight,Driver,South,Making Left Turn,POINT (-122.41569 37.782566),20.0,5.0,10.0,36.0,01
10314,vw_geo_sfpd_cr_switrs_all_types_col_cty_union.fid-c18a0c2_186644fdb18_-3065,26,51002000.0,12007000.0,170766516,37.7083456172714,-122.430387293883,SFPD-CROSSROADS,CITY STREET,09/19/2017 05:07:00 PM,2017 September 19,17:07:00,2017,September,Tuesday,SOUTH HILL BLVD,CANYON DR,312.0,Clear,Injury (Other Visible),Vehicle/Pedestrian,Pedestrian,Crossing Not in Crosswalk,Dry,No Unusual Condition,Daylight,Midblock > 20ft,0.0,1,,Pedestrian,North,Proceeding Straight,Driver,West,Proceeding Straight,POINT (-122.43039 37.708347),58.0,9.0,1.0,7.0,17
10332,vw_geo_sfpd_cr_switrs_all_types_col_cty_union.fid-c18a0c2_186644fdb18_-2495,10362,24111000.000000004,9124000.0,130353341,37.7552263964675,-122.418727362817,SFPD-CROSSROADS,CITY STREET,04/30/2013 03:00:00 PM,2013 April 30,15:00:00,2013,April,Tuesday,MISSION ST,22ND ST,77.0,Clear,Injury (Complaint of Pain),Vehicle/Pedestrian,Pedestrian,"In Road, Including Shoulder",Dry,No Unusual Condition,Daylight,Midblock > 20ft,0.0,1,,Driver,South,Entering Traffic,Pedestrian,South,Other,POINT (-122.418724 37.755226),53.0,3.0,2.0,20.0,15
10333,vw_geo_sfpd_cr_switrs_all_types_col_cty_union.fid-c18a0c2_186644fdb18_-24a1,33914,25364000.0,,180543837,37.8003154993,-122.410206544,SFPD-INTERIM DB,CITY STREET,07/21/2018 11:47:00 PM,2018 July 21,23:47:00,2018,July,Saturday,UNION ST,COLUMBUS AVE,0.0,Cloudy,Injury (Severe),Head-On,Pedestrian,Crossing in Crosswalk at Intersection,Dry,No Unusual Condition,Dark - Street Lights,Intersection <= 20ft,0.0,1,1.0,Pedestrian,South,Proceeding Straight,Driver,East,Proceeding Straight,POINT (-122.41021 37.800316),106.0,6.0,3.0,6.0,23
10335,vw_geo_sfpd_cr_switrs_all_types_col_cty_union.fid-c18a0c2_186644fdb18_-32d3,6628,23716000.0,1421000.0,170507514,37.7518180408865,-122.404689728651,SFPD-CROSSROADS,CITY STREET,06/22/2017 07:30:00 AM,2017 June 22,07:30:00,2017,June,Thursday,25TH ST,UTAH ST,150.0,Clear,Injury (Complaint of Pain),Vehicle/Pedestrian,Pedestrian,Crossing Not in Crosswalk,Dry,No Unusual Condition,Daylight,Midblock > 20ft,0.0,1,1.0,Pedestrian,South,Proceeding Straight,Driver,West,Proceeding Straight,POINT (-122.404686 37.75182),54.0,3.0,9.0,20.0,07
10338,vw_geo_sfpd_cr_switrs_all_types_col_cty_union.fid-c18a0c2_186644fdb18_-2511,31661,26846000.0,,130325629,37.7872618536383,-122.446792779649,SFPD-CROSSROADS,CITY STREET,04/21/2013 02:05:00 PM,2013 April 21,14:05:00,2013,April,Sunday,CALIFORNIA ST,PRESIDIO AVE,0.0,Clear,Injury (Other Visible),Vehicle/Pedestrian,Pedestrian,Crossing in Crosswalk at Intersection,Dry,No Unusual Condition,Daylight,Intersection <= 20ft,0.0,1,1.0,Driver,West,Stopped In Road,Pedestrian,South,Not Stated,POINT (-122.44679 37.787262),103.0,8.0,6.0,31.0,14
10349,vw_geo_sfpd_cr_switrs_all_types_col_cty_union.fid-c18a0c2_186644fdb18_-2e44,34711,26686000.0,,170979151,37.7985524538834,-122.423982144405,SFPD-CROSSROADS,CITY STREET,12/03/2017 01:00:00 AM,2017 December 03,01:00:00,2017,December,Sunday,VAN NESS AVE,UNION ST,0.0,Clear,Injury (Other Visible),Vehicle/Pedestrian,Pedestrian,Crossing in Crosswalk at Intersection,Dry,No Unusual Condition,Dark - Street Lights,Intersection <= 20ft,0.0,1,1.0,Driver,South,Making Left Turn,Pedestrian,East,Other,POINT (-122.42398 37.798553),107.0,4.0,6.0,32.0,01
10351,vw_geo_sfpd_cr_switrs_all_types_col_cty_union.fid-c18a0c2_186644fdb18_-26f9,27293,24644000.0,,180409944,37.7888944296,-122.403660677,SFPD-INTERIM DB,CITY STREET,06/02/2018 10:35:00 AM,2018 June 02,10:35:00,2018,June,Saturday,POST ST,KEARNY ST,0.0,Clear,Injury (Complaint of Pain),Sideswipe,Pedestrian,Crossing in Crosswalk at Intersection,Dry,No Unusual Condition,Daylight,Intersection <= 20ft,0.0,1,1.0,Driver,East,Making Left Turn,Pedestrian,West,Proceeding Straight,POINT (-122.40366 37.788895),19.0,6.0,3.0,8.0,10
10359,vw_geo_sfpd_cr_switrs_all_types_col_cty_union.fid-c18a0c2_186644fdb18_-2edd,31181,26836000.000000004,,170924225,37.7823916423034,-122.447301514459,SFPD-CROSSROADS,CITY STREET,11/12/2017 10:22:00 PM,2017 November 12,22:22:00,2017,November,Sunday,GEARY BLVD,MASONIC AVE,0.0,Clear,Injury (Complaint of Pain),Vehicle/Pedestrian,Pedestrian,Crossing in Crosswalk at Intersection,Dry,No Unusual Condition,Dark - Street Lights,Intersection <= 20ft,0.0,1,1.0,Driver,South,Making Right Turn,Pedestrian,West,Proceeding Straight,POINT (-122.4473 37.78239),13.0,8.0,6.0,18.0,22
10365,vw_geo_sfpd_cr_switrs_all_types_col_cty_union.fid-c18a0c2_186644fdb18_-2321,39809,23506000.0,,180662283,37.7416730163,-122.506865452,SFPD-INTERIM DB,CITY STREET,09/01/2018 10:50:00 PM,2018 September 01,22:50:00,2018,September,Saturday,GREAT HWY,TARAVAL ST,0.0,Clear,Injury (Complaint of Pain),Vehicle/Pedestrian,Pedestrian,Crossing in Crosswalk at Intersection,Dry,No Unusual Condition,Dark - Street Lights,Intersection <= 20ft,0.0,1,1.0,Pedestrian,East,Proceeding Straight,Driver,South,Proceeding Straight,POINT (-122.50687 37.741673),39.0,10.0,7.0,35.0,22
10371,vw_geo_sfpd_cr_switrs_all_types_col_cty_union.fid-c18a0c2_186644fdb18_-2280,33366,24793000.0,10125000.0,140552204,37.7970005153541,-122.406051183137,SFPD-CROSSROADS,CITY STREET,07/03/2014 03:00:00 PM,2014 July 03,15:00:00,2014,July,Thursday,PACIFIC AVE,COLUMBUS AVE,157.0,Clear,Injury (Complaint of Pain),Vehicle/Pedestrian,Pedestrian,Crossing Not in Crosswalk,Dry,No Unusual Condition,Daylight,Midblock > 20ft,0.0,1,1.0,Pedestrian,North,Proceeding Straight,Driver,West,Proceeding Straight,POINT (-122.40605 37.797),104.0,6.0,3.0,6.0,15
10372,vw_geo_sfpd_cr_switrs_all_types_col_cty_union.fid-c18a0c2_186644fdb18_-2334,1971,22184000.0,,180656551,37.7193548854,-122.450820652,SFPD-INTERIM DB,CITY STREET,08/23/2018 08:35:00 PM,2018 August 23,20:35:00,2018,August,Thursday,MOUNT VERNON AVE,LOUISBURG ST,0.0,Clear,Injury (Complaint of Pain),Vehicle/Pedestrian,Pedestrian,Crossing in Crosswalk at Intersection,Dry,No Unusual Condition,Dark - Street Lights,Intersection <= 20ft,0.0,1,1.0,Driver,North,Making Left Turn,Pedestrian,West,Proceeding Straight,POINT (-122.45082 37.719357),81.0,10.0,1.0,24.0,20
10374,vw_geo_sfpd_cr_switrs_all_types_col_cty_union.fid-c18a0c2_186644fdb18_-239b,32583,25306000.0,10144000.0,150274040,37.7953923747742,-122.418859336649,SFPD-CROSSROADS,CITY STREET,03/28/2015 02:44:00 PM,2015 March 28,14:44:00,2015,March,Saturday,PACIFIC AVE,MORRELL PL,75.0,Clear,Injury (Severe),Vehicle/Pedestrian,Pedestrian,Crossing Not in Crosswalk,Dry,No Unusual Condition,Daylight,Midblock > 20ft,0.0,1,1.0,Pedestrian,East,Not Stated,Driver,West,Proceeding Straight,POINT (-122.41886 37.79539),16.0,6.0,3.0,32.0,14