,id,unique_id,cnn_intrsctn_fkey,cnn_sgmt_fkey,case_id_pkey,tb_latitude,tb_longitude,geocode_source,geocode_location,collision_datetime,collision_date,collision_time,accident_year,month,day_of_week,primary_rd,secondary_rd,distance,weather_1,collision_severity,type_of_collision,mviw,ped_action,road_surface,road_cond_1,lighting,intersection,number_killed,number_injured,party_at_fault,party1_type,party1_dir_of_travel,party1_move_pre_acc,party2_type,party2_dir_of_travel,party2_move_pre_acc,point,Neighborhoods,Current Police Districts,Current Supervisor Districts,Analysis Neighborhoods,hour
10605,vw_geo_sfpd_cr_switrs_all_types_col_cty_union.fid-c18a0c2_186644fdb18_-2a3e,32897,26578000.0,,180189312,37.7948949376,-122.429989277,SFPD-INTERIM DB,CITY STREET,03/12/2018 07:05:00 PM,2018 March 12,19:05:00,2018,March,Monday,BROADWAY,LAGUNA ST,0.0,Raining,Injury (Severe),Vehicle/Pedestrian,Pedestrian,Crossing in Crosswalk at Intersection,Wet,No Unusual Condition,Dusk - Dawn,Intersection <= 20ft,0.0,1,1.0,Driver,West,Proceeding Straight,Pedestrian,North,Proceeding Straight,POINT (-122.42999 37.794895),102.0,4.0,6.0,30.0,19
10613,vw_geo_sfpd_cr_switrs_all_types_col_cty_union.fid-c18a0c2_186644fdb18_-2aa4,2990,20650000.0,11376000.0,170054048,37.7288398874141,-122.404101707468,SFPD-CROSSROADS,CITY STREET,01/20/2017 12:55:00 PM,2017 January 20,12:55:00,2017,January,Friday,SAN BRUNO AVE,BURROWS ST,2.0,Raining,Injury (Complaint of Pain),Vehicle/Pedestrian,Pedestrian,Crossing in Crosswalk at Intersection,Wet,No Unusual Condition,Daylight,Intersection <= 20ft,0.0,1,1.0,Driver,South,Proceeding Straight,Pedestrian,West,Proceeding Straight,POINT (-122.4041 37.72884),91.0,2.0,2.0,25.0,12
10618,vw_geo_sfpd_cr_switrs_all_types_col_cty_union.fid-c18a0c2_186644fdb18_-2b28,44324,27974000.0,,180142401,37.7734070105,-122.506821259,SFPD-INTERIM DB,CITY STREET,02/22/2018 03:42:00 PM,2018 February 22,15:42:00,2018,February,Thursday,46TH AVE,CABRILLO ST,0.0,Wind,Injury (Complaint of Pain),Vehicle/Pedestrian,Pedestrian,Crossing Not in Crosswalk,Dry,No Unusual Condition,Daylight,Intersection <= 20ft,0.0,1,2.0,Driver,North,Proceeding Straight,Pedestrian,West,Other,POINT (-122.50682 37.773407),8.0,8.0,4.0,29.0,15
10621,vw_geo_sfpd_cr_switrs_all_types_col_cty_union.fid-c18a0c2_186644fdb18_-3010,24707,30739000.0,,170802198,37.7839914868634,-122.408066547888,SFPD-CROSSROADS,CITY STREET,10/01/2017 07:11:00 PM,2017 October 01,19:11:00,2017,October,Sunday,MARKET ST,CYRIL MAGNIN ST,0.0,Clear,Injury (Complaint of Pain),Broadside,Pedestrian,Crossing in Crosswalk at Intersection,Dry,No Unusual Condition,Daylight,Intersection <= 20ft,0.0,1,1.0,Pedestrian,West,Proceeding Straight,Driver,North,Proceeding Straight,POINT (-122.408066 37.783993),19.0,5.0,10.0,34.0,19
10624,vw_geo_sfpd_cr_switrs_all_types_col_cty_union.fid-c18a0c2_186644fdb18_-2104,15223,23888000.0,304000.0,140072713,37.7774686935061,-122.399883775714,SFPD-CROSSROADS,CITY STREET,01/25/2014 07:53:00 AM,2014 January 25,07:53:00,2014,January,Saturday,05TH ST,WELSH ST,50.0,Clear,Injury (Complaint of Pain),Vehicle/Pedestrian,Pedestrian,Crossing Not in Crosswalk,Dry,No Unusual Condition,Daylight,Midblock > 20ft,0.0,1,1.0,Pedestrian,West,Proceeding Straight,Driver,South,Proceeding Straight,POINT (-122.39989 37.77747),32.0,1.0,10.0,34.0,07
10629,vw_geo_sfpd_cr_switrs_all_types_col_cty_union.fid-c18a0c2_186644fdb18_-3682,16982,24294000.000000004,328000.0,170103134,37.7813318815583,-122.409162149631,SFPD-CROSSROADS,CITY STREET,02/05/2017 09:15:00 PM,2017 February 05,21:15:00,2017,February,Sunday,06TH ST,JESSIE ST,34.0,Raining,Injury (Other Visible),Vehicle/Pedestrian,Pedestrian,Crossing Not in Crosswalk,Wet,No Unusual Condition,Dark - Street Lights,Midblock > 20ft,0.0,1,1.0,Pedestrian,West,Other,Driver,South,Proceeding Straight,POINT (-122.409164 37.78133),32.0,5.0,10.0,34.0,21
10631,vw_geo_sfpd_cr_switrs_all_types_col_cty_union.fid-c18a0c2_186644fdb18_-2c43,31832,25206000.0,,180070818,37.7898299351,-122.418842653,SFPD-INTERIM DB,CITY STREET,01/27/2018 02:05:00 AM,2018 January 27,02:05:00,2018,January,Saturday,PINE ST,LARKIN ST,0.0,Clear,Injury (Complaint of Pain),Vehicle/Pedestrian,Pedestrian,Crossing in Crosswalk at Intersection,Dry,No Unusual Condition,Dark - Street Lights,Intersection <= 20ft,0.0,1,1.0,Driver,West,Making Left Turn,Pedestrian,North,Proceeding Straight,POINT (-122.418846 37.78983),105.0,6.0,3.0,21.0,02
10636,vw_geo_sfpd_cr_switrs_all_types_col_cty_union.fid-c18a0c2_186644fdb18_-2f35,38557,32893000.0,11959103.0,170891038,37.7338360287729,-122.493346533424,SFPD-CROSSROADS,CITY STREET,10/31/2017 08:13:00 PM,2017 October 31,20:13:00,2017,October,Tuesday,SLOAT BLVD,36TH AVE,4.0,Clear,Fatal,Vehicle/Pedestrian,Pedestrian,Crossing in Crosswalk Not at Intersection,Dry,Construction or Repair Zone,Dark - Street Lights,Intersection <= 20ft,1.0,0,1.0,Driver,East,Proceeding Straight,Pedestrian,South,Not Stated,POINT (-122.49335 37.733837),43.0,10.0,8.0,35.0,20
10644,vw_geo_sfpd_cr_switrs_all_types_col_cty_union.fid-c18a0c2_186644fdb18_-36b0,1179,21502000.0,,170076484,37.711436150244,-122.446383349102,SFPD-CROSSROADS,CITY STREET,01/28/2017 12:15:00 AM,2017 January 28,00:15:00,2017,January,Saturday,MISSION ST,LOWELL ST,0.0,Clear,Injury (Other Visible),Vehicle/Pedestrian,Pedestrian,Crossing in Crosswalk at Intersection,Dry,No Unusual Condition,Dark - Street Lights,Intersection <= 20ft,0.0,1,1.0,Driver,North,Making Right Turn,Pedestrian,South,Proceeding Straight,POINT (-122.44638 37.711437),58.0,9.0,1.0,7.0,00
10656,vw_geo_sfpd_cr_switrs_all_types_col_cty_union.fid-c18a0c2_186644fdb18_-2c12,396,33209000.0,,180084035,37.7153387894,-122.398991049,SFPD-INTERIM DB,CITY STREET,01/31/2018 06:37:00 PM,2018 January 31,18:37:00,2018,January,Wednesday,BAY SHORE BLVD,HESTER AVE,0.0,Clear,Injury (Other Visible),Vehicle/Pedestrian,Pedestrian,Crossing in Crosswalk at Intersection,Dry,No Unusual Condition,Dark - Street Lights,Intersection <= 20ft,0.0,1,1.0,Driver,South,Proceeding Straight,Pedestrian,East,Other,POINT (-122.398994 37.71534),75.0,9.0,9.0,40.0,18
10669,vw_geo_sfpd_cr_switrs_all_types_col_cty_union.fid-c18a0c2_186644fdb18_-2ee7,9980,33040000.0,715000.0,170917894,37.7657301838097,-122.408418040386,SFPD-CROSSROADS,CITY STREET,11/10/2017 09:17:00 AM,2017 November 10,09:17:00,2017,November,Friday,16TH ST,POTRERO AVE,256.0,Raining,Injury (Complaint of Pain),Vehicle/Pedestrian,Pedestrian,Crossing Not in Crosswalk,Wet,No Unusual Condition,Daylight,Midblock > 20ft,0.0,1,1.0,Pedestrian,North,Other,Driver,East,Making Left Turn,POINT (-122.40842 37.76573),53.0,3.0,9.0,20.0,09
10674,vw_geo_sfpd_cr_switrs_all_types_col_cty_union.fid-c18a0c2_186644fdb18_-362b,7697,21306000.0,9128000.0,130132753,37.7489454321369,-122.418126099269,SFPD-CROSSROADS,CITY STREET,02/15/2013 08:35:00 AM,2013 February 15,08:35:00,2013,February,Friday,MISSION ST,26TH ST,35.0,Clear,Injury (Complaint of Pain),Vehicle/Pedestrian,Pedestrian,"In Road, Including Shoulder",Dry,Reduced Roadway Width,Daylight,Midblock > 20ft,0.0,1,1.0,Driver,North,Traveling Wrong Way,Pedestrian,South,Not Stated,POINT (-122.41813 37.748947),53.0,3.0,2.0,20.0,08
10677,vw_geo_sfpd_cr_switrs_all_types_col_cty_union.fid-c18a0c2_186644fdb18_-1f67,7550,21345000.0,,180890042,37.7481252835,-122.42027883,SFPD-INTERIM DB,CITY STREET,11/24/2018 10:06:00 PM,2018 November 24,22:06:00,2018,November,Saturday,VALENCIA ST,CESAR CHAVEZ ST,0.0,Clear,Injury (Complaint of Pain),Head-On,Pedestrian,Crossing in Crosswalk at Intersection,Dry,No Unusual Condition,Dark - Street Lights,Intersection <= 20ft,0.0,1,1.0,Driver,West,Proceeding Straight,Pedestrian,South,Proceeding Straight,POINT (-122.42028 37.748127),53.0,3.0,5.0,20.0,22
10679,vw_geo_sfpd_cr_switrs_all_types_col_cty_union.fid-c18a0c2_186644fdb18_-2531,31564,26840000.0,10767000.0,130769823,37.78538362291,-122.446424415005,SFPD-CROSSROADS,CITY STREET,09/13/2013 02:01:00 PM,2013 September 13,14:01:00,2013,September,Friday,PRESIDIO AVE,BUSH ST,5.0,Clear,Injury (Complaint of Pain),Vehicle/Pedestrian,Pedestrian,Crossing in Crosswalk at Intersection,Dry,No Unusual Condition,Daylight,Intersection <= 20ft,0.0,1,1.0,Driver,East,Making Left Turn,Pedestrian,East,Proceeding Straight,POINT (-122.44643 37.785385),11.0,8.0,6.0,31.0,14
10703,vw_geo_sfpd_cr_switrs_all_types_col_cty_union.fid-c18a0c2_186644fdb18_-2c2e,26684,24506000.0,,180077262,37.7899262295,-122.394276228,SFPD-INTERIM DB,CITY STREET,01/29/2018 01:34:00 PM,2018 January 29,13:34:00,2018,January,Monday,BEALE ST,HOWARD ST,0.0,Clear,Injury (Other Visible),Broadside,Pedestrian,Crossing in Crosswalk at Intersection,Dry,No Unusual Condition,Daylight,Intersection <= 20ft,0.0,2,1.0,Pedestrian,West,Proceeding Straight,Driver,South,Proceeding Straight,POINT (-122.39428 37.789925),32.0,1.0,10.0,8.0,13
10704,vw_geo_sfpd_cr_switrs_all_types_col_cty_union.fid-c18a0c2_186644fdb18_-2293,33342,24762000.0,,151099641,37.7972981050062,-122.403675976241,SFPD-CROSSROADS,CITY STREET,12/21/2015 02:20:00 PM,2015 December 21,14:20:00,2015,December,Monday,MONTGOMERY ST,PACIFIC AVE,0.0,Raining,Injury (Severe),Vehicle/Pedestrian,Pedestrian,Crossing in Crosswalk at Intersection,Wet,No Unusual Condition,Daylight,Intersection <= 20ft,0.0,1,1.0,Driver,South,Making Left Turn,Pedestrian,East,Other,POINT (-122.40368 37.7973),106.0,6.0,3.0,23.0,14
10719,vw_geo_sfpd_cr_switrs_all_types_col_cty_union.fid-c18a0c2_186644fdb18_-201a,17181,24324000.0,8237000.0,150138054,37.7807631571223,-122.413643281689,SFPD-CROSSROADS,CITY STREET,02/14/2015 04:27:00 PM,2015 February 14,16:27:00,2015,February,Saturday,LEAVENWORTH ST,MCALLISTER ST,60.0,Clear,Injury (Other Visible),Vehicle/Pedestrian,Pedestrian,Not in Road,Dry,No Unusual Condition,Daylight,Midblock > 20ft,0.0,1,1.0,Driver,South,Proceeding Straight,Pedestrian,South,Other,POINT (-122.41364 37.78076),21.0,5.0,10.0,36.0,16
10720,vw_geo_sfpd_cr_switrs_all_types_col_cty_union.fid-c18a0c2_186644fdb18_-2d6b,28173,24734000.0,,150863596,37.7937798574847,-122.402957359946,SFPD-CROSSROADS,CITY STREET,10/02/2015 03:30:00 PM,2015 October 02,15:30:00,2015,October,Friday,SACRAMENTO ST,MONTGOMERY ST,0.0,Clear,Injury (Complaint of Pain),Vehicle/Pedestrian,Pedestrian,Crossing in Crosswalk at Intersection,Dry,No Unusual Condition,Daylight,Intersection <= 20ft,0.0,1,1.0,Pedestrian,North,Proceeding Straight,Driver,West,Proceeding Straight,POINT (-122.402954 37.79378),108.0,6.0,3.0,8.0,15
10723,vw_geo_sfpd_cr_switrs_all_types_col_cty_union.fid-c18a0c2_186644fdb18_-36f0,9510,23745000.0,,170049475,37.7650139415825,-122.398703366359,SFPD-CROSSROADS,CITY STREET,01/18/2017 08:25:00 PM,2017 January 18,20:25:00,2017,January,Wednesday,17TH ST,ARKANSAS ST,0.0,Raining,Injury (Complaint of Pain),Vehicle/Pedestrian,Pedestrian,Crossing in Crosswalk at Intersection,Wet,No Unusual Condition,Dark - Street Lights,Intersection <= 20ft,0.0,1,1.0,Driver,East,Proceeding Straight,Pedestrian,South,Proceeding Straight,POINT (-122.398705 37.765015),54.0,1.0,9.0,4.0,20
10728,vw_geo_sfpd_cr_switrs_all_types_col_cty_union.fid-c18a0c2_186644fdb18_-2005,33759,25411000.0,,180840439,37.7983727036,-122.410456158,SFPD-INTERIM DB,CITY STREET,11/05/2018 12:37:00 PM,2018 November 05,12:37:00,2018,November,Monday,VALLEJO ST,POWELL ST,0.0,Clear,Fatal,Vehicle/Pedestrian,Pedestrian,Crossing in Crosswalk at Intersection,Dry,No Unusual Condition,Daylight,Intersection <= 20ft,1.0,0,1.0,Driver,West,Making Left Turn,Pedestrian,South,Proceeding Straight,POINT (-122.41045 37.798374),106.0,6.0,3.0,6.0,12
10732,vw_geo_sfpd_cr_switrs_all_types_col_cty_union.fid-c18a0c2_186644fdb18_-223b,16699,24429000.0,8752201.0,180706160,37.7783714885,-122.415251958,SFPD-INTERIM DB,CITY STREET,09/17/2018 09:02:00 PM,2018 September 17,21:02:00,2018,September,Monday,MARKET ST,HYDE ST,198.0,Clear,Injury (Other Visible),Vehicle/Pedestrian,Pedestrian,Crossing Not in Crosswalk,Dry,No Unusual Condition,Dark - Street Lights,Midblock > 20ft,0.0,1,1.0,Pedestrian,North,Other,Bicyclist,West,Proceeding Straight,POINT (-122.41525 37.77837),21.0,5.0,10.0,34.0,21
10734,vw_geo_sfpd_cr_switrs_all_types_col_cty_union.fid-c18a0c2_186644fdb18_-2db0,23456,24540000.0,135000.0,171027876,37.7867462780909,-122.398215971032,SFPD-CROSSROADS,CITY STREET,12/20/2017 04:05:00 PM,2017 December 20,16:05:00,2017,December,Wednesday,02ND ST,HOWARD ST,17.0,Clear,Injury (Complaint of Pain),Vehicle/Pedestrian,Pedestrian,Crossing Not in Crosswalk,Dry,No Unusual Condition,Daylight,Intersection <= 20ft,0.0,1,1.0,Pedestrian,West,Proceeding Straight,Driver,South,Making Left Turn,POINT (-122.39822 37.786747),32.0,1.0,10.0,8.0,16
10737,vw_geo_sfpd_cr_switrs_all_types_col_cty_union.fid-c18a0c2_186644fdb18_-24f4,28539,25012000.0,,180513965,37.7927617766,-122.411006736,SFPD-INTERIM DB,CITY STREET,07/11/2018 09:36:00 AM,2018 July 11,09:36:00,2018,July,Wednesday,MASON ST,SACRAMENTO ST,0.0,Clear,Injury (Complaint of Pain),Vehicle/Pedestrian,Pedestrian,Crossing in Crosswalk at Intersection,Dry,No Unusual Condition,Daylight,Intersection <= 20ft,0.0,1,1.0,Driver,South,Making Left Turn,Pedestrian,East,Proceeding Straight,POINT (-122.411 37.792763),16.0,6.0,3.0,21.0,09
10755,vw_geo_sfpd_cr_switrs_all_types_col_cty_union.fid-c18a0c2_186644fdb18_-212d,51966,23919000.0,,180758365,37.7772727019,-122.404070257,SFPD-INTERIM DB,CITY STREET,10/06/2018 07:06:00 PM,2018 October 06,19:06:00,2018,October,Saturday,06TH ST,HARRISON ST,0.0,Clear,Injury (Complaint of Pain),Broadside,Pedestrian,Crossing in Crosswalk at Intersection,Dry,No Unusual Condition,Dark - Street Lights,Intersection <= 20ft,0.0,1,1.0,Driver,South,Making Left Turn,Pedestrian,East,Proceeding Straight,POINT (-122.40407 37.77727),32.0,1.0,10.0,34.0,19
10756,vw_geo_sfpd_cr_switrs_all_types_col_cty_union.fid-c18a0c2_186644fdb18_-3396,21755,25942000.0,,170430103,37.7806116227941,-122.423730984435,SFPD-CROSSROADS,CITY STREET,05/25/2017 06:57:00 PM,2017 May 25,18:57:00,2017,May,Thursday,GOUGH ST,GOLDEN GATE AVE,0.0,Clear,Injury (Complaint of Pain),Vehicle/Pedestrian,Pedestrian,Crossing in Crosswalk at Intersection,Dry,No Unusual Condition,Daylight,Intersection <= 20ft,0.0,1,1.0,Driver,East,Stopped In Road,Pedestrian,South,Stopped In Road,POINT (-122.42373 37.780613),100.0,4.0,11.0,39.0,18
10760,vw_geo_sfpd_cr_switrs_all_types_col_cty_union.fid-c18a0c2_186644fdb18_-20c3,13099,23818000.0,,161021690,37.7740308514676,-122.395576660536,SFPD-CROSSROADS,CITY STREET,12/07/2016 06:00:00 PM,2016 December 07,18:00:00,2016,December,Wednesday,05TH AVE,BERRY ST,0.0,Raining,Injury (Complaint of Pain),Vehicle/Pedestrian,Pedestrian,Crossing in Crosswalk at Intersection,Wet,No Unusual Condition,Dark - Street Lights,Intersection <= 20ft,0.0,1,1.0,Driver,South,Making Left Turn,Pedestrian,West,Other,POINT (-122.39558 37.774033),34.0,1.0,10.0,4.0,18
10765,vw_geo_sfpd_cr_switrs_all_types_col_cty_union.fid-c18a0c2_186644fdb18_-1f99,34916,26692000.0,,150958222,37.8004150273679,-122.424358667867,SFPD-CROSSROADS,CITY STREET,11/02/2015 06:00:00 PM,2015 November 02,18:00:00,2015,November,Monday,VAN NESS AVE,GREENWICH ST,0.0,Cloudy,Injury (Other Visible),Vehicle/Pedestrian,Pedestrian,Crossing in Crosswalk at Intersection,Dry,No Unusual Condition,Dark - Street Lights,Intersection <= 20ft,0.0,1,,Driver,South,Making Left Turn,Pedestrian,West,Proceeding Straight,POINT (-122.42436 37.800415),15.0,4.0,6.0,13.0,18
10769,vw_geo_sfpd_cr_switrs_all_types_col_cty_union.fid-c18a0c2_186644fdb18_-3742,31871,25221000.0,,170020011,37.7905782588856,-122.420687383556,SFPD-CROSSROADS,CITY STREET,01/08/2017 01:30:00 AM,2017 January 08,01:30:00,2017,January,Sunday,POLK ST,CALIFORNIA ST,0.0,Raining,Injury (Complaint of Pain),Vehicle/Pedestrian,Pedestrian,Crossing in Crosswalk at Intersection,Wet,No Unusual Condition,Dark - Street Lights,Intersection <= 20ft,0.0,1,1.0,Driver,West,Making Left Turn,Pedestrian,North,Proceeding Straight,POINT (-122.420685 37.790577),105.0,4.0,3.0,21.0,01
10771,vw_geo_sfpd_cr_switrs_all_types_col_cty_union.fid-c18a0c2_186644fdb18_-2a8e,43755,27475000.0,,180175816,37.7787280215,-122.472173618,SFPD-INTERIM DB,CITY STREET,03/07/2018 09:40:00 AM,2018 March 07,09:40:00,2018,March,Wednesday,PARK PRESIDIO BLVD,ANZA ST,0.0,Cloudy,Injury (Other Visible),Vehicle/Pedestrian,Pedestrian,Crossing in Crosswalk at Intersection,Dry,No Unusual Condition,Daylight,Intersection <= 20ft,0.0,2,1.0,Driver,North,Making Left Turn,Pedestrian,West,Not Stated,POINT (-122.472176 37.77873),5.0,8.0,4.0,29.0,09
10774,vw_geo_sfpd_cr_switrs_all_types_col_cty_union.fid-c18a0c2_186644fdb18_-219a,34007,25451000.0,,180072319,37.8021007253,-122.411202593,SFPD-INTERIM DB,CITY STREET,01/27/2018 04:40:00 PM,2018 January 27,16:40:00,2018,January,Saturday,GREENWICH ST,POWELL ST,0.0,Clear,Injury (Other Visible),Sideswipe,Pedestrian,"In Road, Including Shoulder",Dry,No Unusual Condition,Daylight,Intersection <= 20ft,0.0,1,1.0,Pedestrian,West,Proceeding Straight,Driver,South,Proceeding Straight,POINT (-122.4112 37.8021),106.0,6.0,3.0,23.0,16
10777,vw_geo_sfpd_cr_switrs_all_types_col_cty_union.fid-c18a0c2_186644fdb18_-27be,34390,25481000.0,9689000.0,130233373,37.8066063213555,-122.413368678529,SFPD-CROSSROADS,CITY STREET,03/21/2013 08:24:00 AM,2013 March 21,08:24:00,2013,March,Thursday,NORTH POINT ST,MASON ST,122.0,Clear,Injury (Other Visible),Vehicle/Pedestrian,Pedestrian,Crossing Not in Crosswalk,Dry,No Unusual Condition,Daylight,Midblock > 20ft,0.0,2,1.0,Pedestrian,South,Other,Bicyclist,East,Proceeding Straight,POINT (-122.41337 37.806606),99.0,6.0,3.0,23.0,08
10778,vw_geo_sfpd_cr_switrs_all_types_col_cty_union.fid-c18a0c2_186644fdb18_-2679,30315,25208000.0,12330000.0,140828033,37.7877465869175,-122.420195341928,SFPD-CROSSROADS,CITY STREET,10/01/2014 04:24:00 PM,2014 October 01,16:24:00,2014,October,Wednesday,SUTTER ST,POLK ST,23.0,Clear,Injury (Other Visible),Head-On,Pedestrian,Crossing Not in Crosswalk,Dry,No Unusual Condition,Daylight,Midblock > 20ft,0.0,1,1.0,Pedestrian,North,Proceeding Straight,Driver,West,Proceeding Straight,POINT (-122.4202 37.787746),50.0,4.0,3.0,21.0,16
10783,vw_geo_sfpd_cr_switrs_all_types_col_cty_union.fid-c18a0c2_186644fdb18_-21f7,4395,21755000.0,,180719210,37.723716463,-122.437439122,SFPD-INTERIM DB,CITY STREET,09/22/2018 11:26:00 AM,2018 September 22,11:26:00,2018,September,Saturday,ALEMANY BLVD,OCEAN AVE,0.0,Clear,Injury (Complaint of Pain),Vehicle/Pedestrian,Pedestrian,Crossing in Crosswalk at Intersection,Dry,No Unusual Condition,Daylight,Intersection <= 20ft,0.0,1,1.0,Driver,West,Making Left Turn,Pedestrian,West,Proceeding Straight,POINT (-122.43744 37.723717),94.0,9.0,1.0,28.0,11
10790,vw_geo_sfpd_cr_switrs_all_types_col_cty_union.fid-c18a0c2_186644fdb18_-3353,31850,25206000.0,8140000.0,140755652,37.79004659251381,-122.418886421319,SFPD-CROSSROADS,CITY STREET,09/08/2014 07:00:00 AM,2014 September 08,07:00:00,2014,September,Monday,LARKIN ST,PINE ST,80.0,Cloudy,Injury (Complaint of Pain),Vehicle/Pedestrian,Pedestrian,Not in Road,Dry,No Unusual Condition,Daylight,Midblock > 20ft,0.0,1,1.0,Driver,West,Backing,Pedestrian,North,Not Stated,POINT (-122.418884 37.790047),16.0,6.0,3.0,21.0,07
10796,vw_geo_sfpd_cr_switrs_all_types_col_cty_union.fid-c18a0c2_186644fdb18_-2d1c,36274,21589000.0,,180015983,37.7104785537,-122.454885125,SFPD-INTERIM DB,CITY STREET,01/06/2018 06:43:00 PM,2018 January 06,18:43:00,2018,January,Saturday,SICKLES AVE,ALEMANY BLVD,0.0,Clear,Injury (Complaint of Pain),Vehicle/Pedestrian,Pedestrian,Crossing in Crosswalk at Intersection,Dry,No Unusual Condition,Dusk - Dawn,Intersection <= 20ft,0.0,1,1.0,Driver,North,Making Left Turn,Pedestrian,East,Proceeding Straight,POINT (-122.45489 37.71048),66.0,9.0,1.0,28.0,18
10797,vw_geo_sfpd_cr_switrs_all_types_col_cty_union.fid-c18a0c2_186644fdb18_-237c,15604,24414000.0,,180635810,37.7752720602,-122.415908179,SFPD-INTERIM DB,CITY STREET,08/23/2018 04:50:00 PM,2018 August 23,16:50:00,2018,August,Thursday,MISSION ST,10TH ST,0.0,Clear,Injury (Complaint of Pain),Vehicle/Pedestrian,Pedestrian,Crossing in Crosswalk at Intersection,Dry,No Unusual Condition,Daylight,Intersection <= 20ft,0.0,1,1.0,Driver,West,Making Right Turn,Pedestrian,North,Other,POINT (-122.41591 37.775272),32.0,1.0,10.0,34.0,16
10800,vw_geo_sfpd_cr_switrs_all_types_col_cty_union.fid-c18a0c2_186644fdb18_-34c0,32519,26539000.0,,170304865,37.7928414144246,-122.424517950845,SFPD-CROSSROADS,CITY STREET,04/14/2017 12:05:00 AM,2017 April 14,00:05:00,2017,April,Friday,FRANKLIN ST,WASHINGTON ST,0.0,Clear,Injury (Severe),Vehicle/Pedestrian,Pedestrian,Crossing in Crosswalk at Intersection,Dry,No Unusual Condition,Dark - Street Lights,Intersection <= 20ft,0.0,1,1.0,Driver,North,Proceeding Straight,Pedestrian,East,Proceeding Straight,POINT (-122.424515 37.792843),102.0,4.0,6.0,30.0,00
10802,vw_geo_sfpd_cr_switrs_all_types_col_cty_union.fid-c18a0c2_186644fdb18_-2be0,10623,25635000.0,1117000.0,170106843,37.756632384459,-122.425595584664,SFPD-CROSSROADS,CITY STREET,02/07/2017 09:20:00 AM,2017 February 07,09:20:00,2017,February,Tuesday,21ST ST,DOLORES ST,5.0,Raining,Injury (Complaint of Pain),Vehicle/Pedestrian,Pedestrian,Crossing in Crosswalk at Intersection,Wet,No Unusual Condition,Daylight,Intersection <= 20ft,0.0,1,,Driver,North,Proceeding Straight,Pedestrian,East,Proceeding Straight,POINT (-122.4256 37.756634),52.0,3.0,5.0,20.0,09
10805,vw_geo_sfpd_cr_switrs_all_types_col_cty_union.fid-c18a0c2_186644fdb18_-238a,32696,25315000.0,,141043028,37.7959454025902,-122.421768167336,SFPD-CROSSROADS,CITY STREET,12/11/2014 05:57:00 PM,2014 December 11,17:57:00,2014,December,Thursday,BROADWAY,POLK ST,0.0,Raining,Injury (Complaint of Pain),Vehicle/Pedestrian,Pedestrian,Crossing in Crosswalk at Intersection,Wet,No Unusual Condition,Dark - Street Lights,Intersection <= 20ft,0.0,1,1.0,Driver,North,Making Left Turn,Pedestrian,South,Proceeding Straight,POINT (-122.42177 37.795944),105.0,4.0,3.0,32.0,17
10808,vw_geo_sfpd_cr_switrs_all_types_col_cty_union.fid-c18a0c2_186644fdb18_-2092,10183,24223000.0,12681000.0,180801152,37.7661152896,-122.413006836,SFPD-INTERIM DB,CITY STREET,10/22/2018 10:31:00 AM,2018 October 22,10:31:00,2018,October,Monday,TREAT AVE,15TH ST,237.0,Clear,Injury (Complaint of Pain),Vehicle/Pedestrian,Pedestrian,"In Road, Including Shoulder",Dry,No Unusual Condition,Daylight,Midblock > 20ft,0.0,1,,Driver,North,Proceeding Straight,Pedestrian,South,Stopped In Road,POINT (-122.41301 37.766117),53.0,3.0,2.0,20.0,10
10821,vw_geo_sfpd_cr_switrs_all_types_col_cty_union.fid-c18a0c2_186644fdb18_-2ef1,27263,24678000.0,,131005464,37.7900390965485,-122.402189645331,SFPD-CROSSROADS,CITY STREET,11/27/2013 05:26:00 PM,2013 November 27,17:26:00,2013,November,Wednesday,MONTGOMERY ST,SUTTER ST,0.0,Clear,Injury (Complaint of Pain),Vehicle/Pedestrian,Pedestrian,"In Road, Including Shoulder",Dry,No Unusual Condition,Dark - Street Lights,Intersection <= 20ft,0.0,1,1.0,Pedestrian,North,Making Right Turn,Driver,West,Proceeding Straight,POINT (-122.40219 37.79004),19.0,6.0,3.0,8.0,17
10827,vw_geo_sfpd_cr_switrs_all_types_col_cty_union.fid-c18a0c2_186644fdb18_-3722,40912,27366000.0,,170029659,37.7616993748913,-122.477010886793,SFPD-CROSSROADS,CITY STREET,01/11/2017 08:07:00 PM,2017 January 11,20:07:00,2017,January,Wednesday,JUDAH ST,19TH AVE,0.0,Raining,Injury (Other Visible),Vehicle/Pedestrian,Pedestrian,Crossing in Crosswalk at Intersection,Wet,No Unusual Condition,Dark - Street Lights,Intersection <= 20ft,0.0,1,1.0,Pedestrian,North,Proceeding Straight,Driver,West,Proceeding Straight,POINT (-122.47701 37.7617),109.0,10.0,7.0,14.0,20