,id,unique_id,cnn_intrsctn_fkey,cnn_sgmt_fkey,case_id_pkey,tb_latitude,tb_longitude,geocode_source,geocode_location,collision_datetime,collision_date,collision_time,accident_year,month,day_of_week,primary_rd,secondary_rd,distance,weather_1,collision_severity,type_of_collision,mviw,ped_action,road_surface,road_cond_1,lighting,intersection,number_killed,number_injured,party_at_fault,party1_type,party1_dir_of_travel,party1_move_pre_acc,party2_type,party2_dir_of_travel,party2_move_pre_acc,point,Neighborhoods,Current Police Districts,Current Supervisor Districts,Analysis Neighborhoods,hour
10829,vw_geo_sfpd_cr_switrs_all_types_col_cty_union.fid-c18a0c2_186644fdb18_-2f22,9874,24044000.0,788000.0,170896696,37.7643075878256,-122.410403416766,SFPD-CROSSROADS,CITY STREET,11/02/2017 07:45:00 PM,2017 November 02,19:45:00,2017,November,Thursday,17TH ST,BRYANT ST,12.0,Clear,Injury (Complaint of Pain),Vehicle/Pedestrian,Pedestrian,Crossing in Crosswalk at Intersection,Dry,No Unusual Condition,Dark - Street Lights,Intersection <= 20ft,0.0,1,,Pedestrian,South,Proceeding Straight,Pedestrian,South,Proceeding Straight,POINT (-122.4104 37.76431),53.0,3.0,2.0,20.0,19
10832,vw_geo_sfpd_cr_switrs_all_types_col_cty_union.fid-c18a0c2_186644fdb18_-313c,26363,24918000.0,,170671880,37.7882931940268,-122.408401551217,SFPD-CROSSROADS,CITY STREET,08/17/2017 10:39:00 PM,2017 August 17,22:39:00,2017,August,Thursday,POWELL ST,POST ST,0.0,Clear,Injury (Other Visible),Vehicle/Pedestrian,Pedestrian,Crossing in Crosswalk at Intersection,Dry,No Unusual Condition,Dark - Street Lights,Intersection <= 20ft,0.0,1,1.0,Driver,North,Making Left Turn,Pedestrian,West,Other,POINT (-122.4084 37.788292),19.0,6.0,3.0,8.0,22
10835,vw_geo_sfpd_cr_switrs_all_types_col_cty_union.fid-c18a0c2_186644fdb18_-2206,44299,27973000.0,,180715804,37.7715424792,-122.506685314,SFPD-INTERIM DB,CITY STREET,09/21/2018 08:11:00 AM,2018 September 21,08:11:00,2018,September,Friday,FULTON ST,46TH AVE,0.0,Clear,Injury (Complaint of Pain),Vehicle/Pedestrian,Pedestrian,Crossing in Crosswalk at Intersection,Dry,No Unusual Condition,Daylight,Intersection <= 20ft,0.0,1,1.0,Driver,West,Proceeding Straight,Pedestrian,South,Other,POINT (-122.50668 37.77154),9.0,8.0,4.0,12.0,08
10842,vw_geo_sfpd_cr_switrs_all_types_col_cty_union.fid-c18a0c2_186644fdb18_-234e,1604,21644000.0,,180651377,37.7204778023,-122.430412104,SFPD-INTERIM DB,CITY STREET,08/29/2018 07:16:00 AM,2018 August 29,07:16:00,2018,August,Wednesday,VIENNA ST,PERSIA AVE,0.0,Clear,Injury (Complaint of Pain),Vehicle/Pedestrian,Pedestrian,Crossing in Crosswalk at Intersection,Dry,No Unusual Condition,Daylight,Intersection <= 20ft,0.0,1,1.0,Driver,North,Proceeding Straight,Pedestrian,East,Proceeding Straight,POINT (-122.43041 37.720478),90.0,9.0,1.0,7.0,07
10843,vw_geo_sfpd_cr_switrs_all_types_col_cty_union.fid-c18a0c2_186644fdb18_-2049,34687,25509000.0,,130550127,37.7994135129227,-122.417385454151,SFPD-CROSSROADS,CITY STREET,07/04/2013 05:53:00 PM,2013 July 04,17:53:00,2013,July,Thursday,LEAVENWORTH ST,UNION ST,0.0,Clear,Injury (Complaint of Pain),Vehicle/Pedestrian,Pedestrian,Crossing in Crosswalk at Intersection,Dry,No Unusual Condition,Daylight,Intersection <= 20ft,0.0,1,1.0,Driver,North,Proceeding Straight,Pedestrian,East,Proceeding Straight,POINT (-122.41739 37.79941),107.0,6.0,3.0,32.0,17
10846,vw_geo_sfpd_cr_switrs_all_types_col_cty_union.fid-c18a0c2_186644fdb18_-2cd5,31963,26507000.0,,180029508,37.7889946997,-122.42542298,SFPD-INTERIM DB,CITY STREET,01/11/2018 04:13:00 PM,2018 January 11,16:13:00,2018,January,Thursday,GOUGH ST,PINE ST,0.0,Clear,Injury (Other Visible),Vehicle/Pedestrian,Pedestrian,Crossing in Crosswalk at Intersection,Dry,No Unusual Condition,Daylight,Intersection <= 20ft,0.0,1,1.0,Pedestrian,West,Other,Driver,South,Proceeding Straight,POINT (-122.42542 37.788994),100.0,4.0,6.0,39.0,16
10847,vw_geo_sfpd_cr_switrs_all_types_col_cty_union.fid-c18a0c2_186644fdb18_-2fec,8902,24001000.0,,160872173,37.7593654888153,-122.406946873344,SFPD-CROSSROADS,CITY STREET,10/26/2016 01:00:00 PM,2016 October 26,13:00:00,2016,October,Wednesday,POTRERO AVE,20TH ST,0.0,Clear,Injury (Complaint of Pain),Vehicle/Pedestrian,Pedestrian,Crossing in Crosswalk at Intersection,Dry,No Unusual Condition,Daylight,Intersection <= 20ft,0.0,1,,Pedestrian,East,Other,Driver,East,Making Right Turn,POINT (-122.406944 37.759365),53.0,3.0,9.0,20.0,13
10850,vw_geo_sfpd_cr_switrs_all_types_col_cty_union.fid-c18a0c2_186644fdb18_-2215,11003,24158000.0,13064000.0,160965427,37.7601565900154,-122.421430507979,SFPD-CROSSROADS,CITY STREET,11/27/2016 05:02:00 PM,2016 November 27,17:02:00,2016,November,Sunday,VALENCIA ST,19TH ST,20.0,Clear,Injury (Complaint of Pain),Vehicle/Pedestrian,Pedestrian,Crossing Not in Crosswalk,Dry,No Unusual Condition,Dark - Street Lights,Intersection <= 20ft,0.0,1,1.0,Driver,North,Making Left Turn,Pedestrian,West,Proceeding Straight,POINT (-122.42143 37.760155),53.0,3.0,2.0,20.0,17
10852,vw_geo_sfpd_cr_switrs_all_types_col_cty_union.fid-c18a0c2_186644fdb18_-2719,33962,30710000.0,,180402487,37.8011251325,-122.411376271,SFPD-INTERIM DB,CITY STREET,05/31/2018 01:56:00 PM,2018 May 31,13:56:00,2018,May,Thursday,COLUMBUS AVE,FILBERT ST,0.0,Clear,Injury (Complaint of Pain),Vehicle/Pedestrian,Pedestrian,Crossing in Crosswalk at Intersection,Dry,No Unusual Condition,Daylight,Intersection <= 20ft,0.0,1,,Driver,East,Making Left Turn,Pedestrian,West,Not Stated,POINT (-122.41138 37.801125),107.0,6.0,3.0,6.0,13
10860,vw_geo_sfpd_cr_switrs_all_types_col_cty_union.fid-c18a0c2_186644fdb18_-2d0b,10130,24138000.0,,180020954,37.7653146395,-122.415308388,SFPD-INTERIM DB,CITY STREET,01/08/2018 06:43:00 PM,2018 January 08,18:43:00,2018,January,Monday,FOLSOM ST,16TH ST,0.0,Raining,Injury (Other Visible),Vehicle/Pedestrian,Pedestrian,Crossing in Crosswalk at Intersection,Wet,No Unusual Condition,Dark - Street Lights,Intersection <= 20ft,0.0,1,,Driver,North,Making Left Turn,Pedestrian,South,Proceeding Straight,POINT (-122.415306 37.765316),53.0,3.0,2.0,20.0,18
10862,vw_geo_sfpd_cr_switrs_all_types_col_cty_union.fid-c18a0c2_186644fdb18_-3229,21558,24440000.0,,170577169,37.7814474947063,-122.417145612055,SFPD-CROSSROADS,CITY STREET,07/16/2017 07:40:00 AM,2017 July 16,07:40:00,2017,July,Sunday,GOLDEN GATE AVE,LARKIN ST,0.0,Clear,Injury (Other Visible),Head-On,Pedestrian,"In Road, Including Shoulder",Dry,No Unusual Condition,Daylight,Intersection <= 20ft,0.0,1,1.0,Driver,East,Making Left Turn,Pedestrian,South,Stopped In Road,POINT (-122.417145 37.78145),20.0,5.0,10.0,36.0,07
10867,vw_geo_sfpd_cr_switrs_all_types_col_cty_union.fid-c18a0c2_186644fdb18_-2f02,31943,25226000.0,10478000.0,170911272,37.7893945711469,-122.422272994073,SFPD-CROSSROADS,CITY STREET,11/08/2017 08:55:00 AM,2017 November 08,08:55:00,2017,November,Wednesday,PINE ST,VAN NESS AVE,40.0,Cloudy,Injury (Complaint of Pain),Overturned,Pedestrian,Not in Road,Dry,No Unusual Condition,Daylight,Midblock > 20ft,0.0,1,1.0,Driver,West,Entering Traffic,Pedestrian,East,Proceeding Straight,POINT (-122.42227 37.789394),100.0,4.0,6.0,39.0,08
10875,vw_geo_sfpd_cr_switrs_all_types_col_cty_union.fid-c18a0c2_186644fdb18_-2653,43,33128000.000000004,,180440891,37.7286385376,-122.373157914,SFPD-INTERIM DB,CITY STREET,06/14/2018 09:52:00 AM,2018 June 14,09:52:00,2018,June,Thursday,KIRKWOOD AVE,EARL ST,0.0,Clear,Injury (Complaint of Pain),Rear End,Pedestrian,Crossing Not in Crosswalk,Dry,No Unusual Condition,Daylight,Intersection <= 20ft,0.0,1,1.0,Driver,North,Making U Turn,Pedestrian,North,Proceeding Straight,POINT (-122.37316 37.728638),78.0,2.0,9.0,1.0,09
10881,vw_geo_sfpd_cr_switrs_all_types_col_cty_union.fid-c18a0c2_186644fdb18_-2b8f,1688,21486000.0,6138201.0,130017296,37.7164329316681,-122.441009839725,SFPD-CROSSROADS,CITY STREET,01/07/2013 10:44:00 AM,2013 January 07,10:44:00,2013,January,Monday,GENEVA AVE,MISSION ST,10.0,Clear,Injury (Complaint of Pain),Vehicle/Pedestrian,Pedestrian,Crossing in Crosswalk at Intersection,Dry,No Unusual Condition,Daylight,Intersection <= 20ft,0.0,1,1.0,Driver,East,Making Left Turn,Pedestrian,North,Proceeding Straight,POINT (-122.44101 37.716434),58.0,9.0,1.0,7.0,10
10882,vw_geo_sfpd_cr_switrs_all_types_col_cty_union.fid-c18a0c2_186644fdb18_-2e2f,4405,21743000.0,,170985158,37.7239094031274,-122.435385085534,SFPD-CROSSROADS,CITY STREET,12/05/2017 03:50:00 PM,2017 December 05,15:50:00,2017,December,Tuesday,MISSION ST,OCEAN AVE,0.0,Clear,Injury (Complaint of Pain),Vehicle/Pedestrian,Pedestrian,Crossing in Crosswalk at Intersection,Dry,No Unusual Condition,Daylight,Intersection <= 20ft,0.0,2,1.0,Driver,South,Making Right Turn,Pedestrian,North,Other,POINT (-122.43539 37.72391),94.0,9.0,1.0,28.0,15
10884,vw_geo_sfpd_cr_switrs_all_types_col_cty_union.fid-c18a0c2_186644fdb18_-2ce1,9773,24022000.0,,180027671,37.7657832995,-122.40753423,SFPD-INTERIM DB,CITY STREET,01/11/2018 06:22:00 AM,2018 January 11,06:22:00,2018,January,Thursday,16TH ST,POTRERO AVE,0.0,Clear,Injury (Other Visible),Vehicle/Pedestrian,Pedestrian,Crossing in Crosswalk at Intersection,Dry,No Unusual Condition,Dark - Street Lights,Intersection <= 20ft,0.0,1,1.0,Driver,South,Proceeding Straight,Pedestrian,East,Making Left Turn,POINT (-122.40753 37.76578),54.0,3.0,9.0,20.0,06
10886,vw_geo_sfpd_cr_switrs_all_types_col_cty_union.fid-c18a0c2_186644fdb18_-2668,37010,22556000.0,,180439559,37.7171738689,-122.472572454,SFPD-INTERIM DB,CITY STREET,06/13/2018 06:45:00 PM,2018 June 13,18:45:00,2018,June,Wednesday,19TH AVE,JUNIPERO SERRA BLVD,0.0,Clear,Injury (Complaint of Pain),Vehicle/Pedestrian,Pedestrian,"In Road, Including Shoulder",Dry,No Unusual Condition,Daylight,Intersection <= 20ft,0.0,1,1.0,Driver,North,Proceeding Straight,Pedestrian,East,Other,POINT (-122.47257 37.717175),65.0,10.0,1.0,24.0,18
10892,vw_geo_sfpd_cr_switrs_all_types_col_cty_union.fid-c18a0c2_186644fdb18_-35e8,37590,22744000.0,9834101.0,170167970,37.725998045859,-122.464242735284,SFPD-CROSSROADS,CITY STREET,02/28/2017 08:34:00 AM,2017 February 28,08:34:00,2017,February,Tuesday,OCEAN AVE,VICTORIA ST,8.0,Clear,Injury (Severe),Vehicle/Pedestrian,Pedestrian,Crossing in Crosswalk at Intersection,Dry,No Unusual Condition,Daylight,Intersection <= 20ft,0.0,1,1.0,Pedestrian,North,Entering Traffic,Driver,East,Proceeding Straight,POINT (-122.46424 37.725998),67.0,10.0,8.0,41.0,08
10895,vw_geo_sfpd_cr_switrs_all_types_col_cty_union.fid-c18a0c2_186644fdb18_-31b5,27052,24568000.0,,130739343,37.7935086036109,-122.397608332604,SFPD-CROSSROADS,CITY STREET,09/04/2013 05:51:00 PM,2013 September 04,17:51:00,2013,September,Wednesday,CALIFORNIA ST,DAVIS ST,0.0,Clear,Injury (Complaint of Pain),Vehicle/Pedestrian,Pedestrian,Crossing Not in Crosswalk,Dry,No Unusual Condition,Daylight,Intersection <= 20ft,0.0,1,1.0,Pedestrian,South,Proceeding Straight,Driver,West,Proceeding Straight,POINT (-122.397606 37.79351),108.0,6.0,3.0,8.0,17
10898,vw_geo_sfpd_cr_switrs_all_types_col_cty_union.fid-c18a0c2_186644fdb18_-2590,7825,24088000.0,9126000.0,160084914,37.7519708464509,-122.418418842681,SFPD-CROSSROADS,CITY STREET,01/29/2016 04:15:00 PM,2016 January 29,16:15:00,2016,January,Friday,MISSION ST,24TH ST,98.0,Raining,Injury (Complaint of Pain),Vehicle/Pedestrian,Pedestrian,"In Road, Including Shoulder",Wet,No Unusual Condition,Dusk - Dawn,Midblock > 20ft,0.0,1,1.0,Pedestrian,West,Proceeding Straight,Driver,South,Backing,POINT (-122.41842 37.751972),53.0,3.0,2.0,20.0,16
10908,vw_geo_sfpd_cr_switrs_all_types_col_cty_union.fid-c18a0c2_186644fdb18_-2d00,28631,25048000.0,,180022449,37.7947368252,-122.409721579,SFPD-INTERIM DB,CITY STREET,01/09/2018 11:05:00 AM,2018 January 09,11:05:00,2018,January,Tuesday,POWELL ST,WASHINGTON ST,0.0,Clear,Injury (Complaint of Pain),Vehicle/Pedestrian,Pedestrian,"In Road, Including Shoulder",Dry,No Unusual Condition,Daylight,Intersection <= 20ft,0.0,1,1.0,Driver,South,Other Unsafe Turning,Pedestrian,North,Stopped In Road,POINT (-122.40972 37.794735),104.0,6.0,3.0,6.0,11
10919,vw_geo_sfpd_cr_switrs_all_types_col_cty_union.fid-c18a0c2_186644fdb18_-2648,7077,21329000.000000004,,180443312,37.7423753982,-122.421968762,SFPD-INTERIM DB,CITY STREET,06/15/2018 08:04:00 AM,2018 June 15,08:04:00,2018,June,Friday,MISSION ST,30TH ST,0.0,Clear,Injury (Other Visible),Vehicle/Pedestrian,Pedestrian,Crossing in Crosswalk at Intersection,Dry,No Unusual Condition,Daylight,Intersection <= 20ft,0.0,1,1.0,Driver,East,Making Left Turn,Pedestrian,East,Proceeding Straight,POINT (-122.42197 37.742374),83.0,9.0,2.0,2.0,08
10922,vw_geo_sfpd_cr_switrs_all_types_col_cty_union.fid-c18a0c2_186644fdb18_-262c,22280,26053000.0,,180450373,37.7749919479,-122.437798747,SFPD-INTERIM DB,CITY STREET,06/07/2018 11:16:00 PM,2018 June 07,23:16:00,2018,June,Thursday,DIVISADERO ST,HAYES ST,0.0,Clear,Injury (Severe),Vehicle/Pedestrian,Pedestrian,Crossing in Crosswalk at Intersection,Dry,No Unusual Condition,Dark - Street Lights,Intersection <= 20ft,0.0,1,1.0,Driver,North,Proceeding Straight,Pedestrian,West,Proceeding Straight,POINT (-122.4378 37.77499),24.0,4.0,11.0,9.0,23
10944,vw_geo_sfpd_cr_switrs_all_types_col_cty_union.fid-c18a0c2_186644fdb18_-30cd,32564,25300000.000000004,8144000.0,140048811,37.7943422099719,-122.419750455116,SFPD-CROSSROADS,CITY STREET,01/17/2014 01:52:00 PM,2014 January 17,13:52:00,2014,January,Friday,LARKIN ST,JACKSON ST,4.0,Clear,Injury (Severe),Broadside,Pedestrian,Crossing in Crosswalk at Intersection,Dry,No Unusual Condition,Daylight,Intersection <= 20ft,0.0,1,1.0,Driver,South,Making Left Turn,Pedestrian,North,Not Stated,POINT (-122.419754 37.794342),105.0,6.0,3.0,32.0,13
10948,vw_geo_sfpd_cr_switrs_all_types_col_cty_union.fid-c18a0c2_186644fdb18_-2226,3660,20770000.0,,180711642,37.7324386578,-122.405607548,SFPD-INTERIM DB,CITY STREET,09/19/2018 06:24:00 PM,2018 September 19,18:24:00,2018,September,Wednesday,SILVER AVE,SAN BRUNO AVE,0.0,Clear,Injury (Severe),Vehicle/Pedestrian,Pedestrian,Not in Road,Dry,No Unusual Condition,Daylight,Intersection <= 20ft,0.0,2,1.0,Driver,East,Making Left Turn,Pedestrian,East,Stopped In Road,POINT (-122.40561 37.732437),91.0,2.0,2.0,25.0,18
10951,vw_geo_sfpd_cr_switrs_all_types_col_cty_union.fid-c18a0c2_186644fdb18_-2a98,5680,20793000.0,,180174783,37.740528542,-122.39912411,SFPD-INTERIM DB,CITY STREET,03/06/2018 06:45:00 PM,2018 March 06,18:45:00,2018,March,Tuesday,NEWCOMB AVE,SELBY ST,0.0,Clear,Injury (Complaint of Pain),Vehicle/Pedestrian,Pedestrian,Crossing in Crosswalk at Intersection,Dry,No Unusual Condition,Dark - Street Lights,Intersection <= 20ft,0.0,1,1.0,Driver,East,Proceeding Straight,Pedestrian,South,Proceeding Straight,POINT (-122.399124 37.74053),85.0,2.0,9.0,1.0,18
10952,vw_geo_sfpd_cr_switrs_all_types_col_cty_union.fid-c18a0c2_186644fdb18_-211e,25093,24936000.0,,180762651,37.7848662446,-122.412782128,SFPD-INTERIM DB,CITY STREET,10/08/2018 01:35:00 PM,2018 October 08,13:35:00,2018,October,Monday,ELLIS ST,JONES ST,0.0,Clear,Injury (Complaint of Pain),Vehicle/Pedestrian,Pedestrian,Crossing in Crosswalk Not at Intersection,Dry,No Unusual Condition,Daylight,Intersection <= 20ft,0.0,1,,Driver,West,Making Right Turn,Pedestrian,North,Proceeding Straight,POINT (-122.41278 37.784866),20.0,5.0,10.0,36.0,13
10953,vw_geo_sfpd_cr_switrs_all_types_col_cty_union.fid-c18a0c2_186644fdb18_-31e9,12158,24142000.0,,170601417,37.7651831347103,-122.417486596367,SFPD-CROSSROADS,CITY STREET,07/24/2017 10:01:00 AM,2017 July 24,10:01:00,2017,July,Monday,16TH ST,VAN NESS AVE,0.0,Clear,Injury (Complaint of Pain),Vehicle/Pedestrian,Pedestrian,Crossing in Crosswalk at Intersection,Dry,No Unusual Condition,Daylight,Intersection <= 20ft,0.0,1,1.0,Pedestrian,South,Proceeding Straight,Driver,West,Making Right Turn,POINT (-122.41749 37.765182),53.0,3.0,2.0,20.0,10
10955,vw_geo_sfpd_cr_switrs_all_types_col_cty_union.fid-c18a0c2_186644fdb18_-2f0c,30959,26621000.0,6043201.0,170907522,37.7833145269418,-122.439471401675,SFPD-CROSSROADS,CITY STREET,11/06/2017 08:50:00 PM,2017 November 06,20:50:00,2017,November,Monday,GEARY BLVD,DIVISADERO ST,4.0,Clear,Injury (Other Visible),Vehicle/Pedestrian,Pedestrian,Crossing in Crosswalk at Intersection,Dry,No Unusual Condition,Dark - Street Lights,Intersection <= 20ft,0.0,1,1.0,Driver,East,Proceeding Straight,Pedestrian,South,Proceeding Straight,POINT (-122.43947 37.783314),103.0,4.0,11.0,39.0,20
10975,vw_geo_sfpd_cr_switrs_all_types_col_cty_union.fid-c18a0c2_186644fdb18_-32dd,26850,24554000.0,2864000.0,140767180,37.7910646076438,-122.395702884202,SFPD-CROSSROADS,CITY STREET,09/11/2014 05:26:00 PM,2014 September 11,17:26:00,2014,September,Thursday,BEALE ST,MISSION ST,45.0,Clear,Injury (Complaint of Pain),Vehicle/Pedestrian,Pedestrian,Crossing Not in Crosswalk,Dry,No Unusual Condition,Daylight,Midblock > 20ft,0.0,1,1.0,Pedestrian,East,Other,Driver,South,Making Left Turn,POINT (-122.395706 37.791065),32.0,1.0,10.0,8.0,17
10977,vw_geo_sfpd_cr_switrs_all_types_col_cty_union.fid-c18a0c2_186644fdb18_-32df,6757,23984000.0,,170499002,37.7509025805358,-122.413925773396,SFPD-CROSSROADS,CITY STREET,06/19/2017 01:26:00 PM,2017 June 19,13:26:00,2017,June,Monday,FOLSOM ST,25TH ST,0.0,Clear,Injury (Complaint of Pain),Vehicle/Pedestrian,Pedestrian,Crossing in Crosswalk at Intersection,Dry,No Unusual Condition,Daylight,Intersection <= 20ft,0.0,1,1.0,Driver,South,Proceeding Straight,Pedestrian,East,Not Stated,POINT (-122.413925 37.750904),53.0,3.0,2.0,20.0,13
10980,vw_geo_sfpd_cr_switrs_all_types_col_cty_union.fid-c18a0c2_186644fdb18_-28f7,40630,27150000.0,,180265859,37.7640837776,-122.465244895,SFPD-INTERIM DB,CITY STREET,04/10/2018 07:10:00 PM,2018 April 10,19:10:00,2018,April,Tuesday,IRVING ST,08TH AVE,0.0,Clear,Injury (Severe),Vehicle/Pedestrian,Pedestrian,Crossing in Crosswalk at Intersection,Dry,No Unusual Condition,Dusk - Dawn,Intersection <= 20ft,0.0,1,1.0,Driver,West,Proceeding Straight,Pedestrian,South,Proceeding Straight,POINT (-122.46525 37.764084),109.0,10.0,11.0,14.0,19
10981,vw_geo_sfpd_cr_switrs_all_types_col_cty_union.fid-c18a0c2_186644fdb18_-27cd,12289,24171000.0,9114000.0,140003081,37.7667559059209,-122.419833272899,SFPD-CROSSROADS,CITY STREET,01/02/2014 06:00:00 AM,2014 January 02,06:00:00,2014,January,Thursday,MISSION ST,15TH ST,30.0,Clear,Injury (Complaint of Pain),Vehicle/Pedestrian,Pedestrian,Crossing Not in Crosswalk,Dry,No Unusual Condition,Dark - Street Lights,Midblock > 20ft,0.0,1,1.0,Pedestrian,West,Other,Driver,North,Proceeding Straight,POINT (-122.41983 37.766754),53.0,3.0,2.0,20.0,06
10982,vw_geo_sfpd_cr_switrs_all_types_col_cty_union.fid-c18a0c2_186644fdb18_-3771,24437,24431000.0,,170007053,37.7816542616751,-122.415505178752,SFPD-CROSSROADS,CITY STREET,01/03/2017 04:20:00 PM,2017 January 03,16:20:00,2017,January,Tuesday,HYDE ST,GOLDEN GATE AVE,0.0,Cloudy,Injury (Severe),Vehicle/Pedestrian,Pedestrian,Crossing in Crosswalk at Intersection,Wet,No Unusual Condition,Dark - Street Lights,Intersection <= 20ft,0.0,1,,Driver,South,Stopped In Road,Pedestrian,East,Not Stated,POINT (-122.415504 37.781654),21.0,5.0,10.0,36.0,16
10984,vw_geo_sfpd_cr_switrs_all_types_col_cty_union.fid-c18a0c2_186644fdb18_-3373,33862,25343000.0,6404000.0,170446774,37.8004288308225,-122.407542084035,SFPD-CROSSROADS,CITY STREET,05/31/2017 06:32:00 PM,2017 May 31,18:32:00,2017,May,Wednesday,GRANT AVE,UNION ST,77.0,Clear,Injury (Other Visible),Vehicle/Pedestrian,Pedestrian,Crossing Not in Crosswalk,Dry,No Unusual Condition,Daylight,Midblock > 20ft,0.0,1,1.0,Pedestrian,East,Other,Driver,South,Backing,POINT (-122.40754 37.80043),106.0,6.0,3.0,23.0,18
10998,vw_geo_sfpd_cr_switrs_all_types_col_cty_union.fid-c18a0c2_186644fdb18_-3034,31654,26843000.0,3565000.0,170787095,37.787425011241,-122.445505946991,SFPD-CROSSROADS,CITY STREET,09/26/2017 06:05:00 PM,2017 September 26,18:05:00,2017,September,Tuesday,CALIFORNIA ST,LYON ST,30.0,Clear,Injury (Severe),Vehicle/Pedestrian,Pedestrian,"In Road, Including Shoulder",Dry,No Unusual Condition,Daylight,Midblock > 20ft,0.0,1,1.0,Pedestrian,West,Not Stated,Driver,West,Proceeding Straight,POINT (-122.4455 37.787426),10.0,8.0,6.0,31.0,18
11021,vw_geo_sfpd_cr_switrs_all_types_col_cty_union.fid-c18a0c2_186644fdb18_-2ed6,26886,24557000.000000004,,170925950,37.7918420902338,-122.394940237395,SFPD-CROSSROADS,CITY STREET,11/13/2017 04:45:00 PM,2017 November 13,16:45:00,2017,November,Monday,MAIN ST,MISSION ST,0.0,Raining,Injury (Complaint of Pain),Vehicle/Pedestrian,Pedestrian,Crossing in Crosswalk at Intersection,Wet,No Unusual Condition,Dusk - Dawn,Intersection <= 20ft,0.0,1,1.0,Driver,North,Making Left Turn,Pedestrian,West,Proceeding Straight,POINT (-122.39494 37.791843),108.0,1.0,10.0,8.0,16
11022,vw_geo_sfpd_cr_switrs_all_types_col_cty_union.fid-c18a0c2_186644fdb18_-2fc5,32865,26656000.0,,160825229,37.7935575541485,-122.433088416746,SFPD-CROSSROADS,CITY STREET,10/10/2016 10:03:00 AM,2016 October 10,10:03:00,2016,October,Monday,PACIFIC AVE,WEBSTER ST,0.0,Cloudy,Injury (Complaint of Pain),Vehicle/Pedestrian,Pedestrian,Crossing in Crosswalk at Intersection,Dry,No Unusual Condition,Daylight,Intersection <= 20ft,0.0,1,1.0,Driver,East,Proceeding Straight,Pedestrian,North,Proceeding Straight,POINT (-122.43309 37.793556),102.0,4.0,6.0,30.0,10
11027,vw_geo_sfpd_cr_switrs_all_types_col_cty_union.fid-c18a0c2_186644fdb18_-28c3,1140,21552000.0,,180272917,37.7088063373,-122.452664721,SFPD-INTERIM DB,CITY STREET,04/13/2018 10:57:00 AM,2018 April 13,10:57:00,2018,April,Friday,MISSION ST,ACTON ST,0.0,Clear,Injury (Complaint of Pain),Vehicle/Pedestrian,Pedestrian,Crossing in Crosswalk at Intersection,Dry,No Unusual Condition,Daylight,Intersection <= 20ft,0.0,1,1.0,Driver,North,Making Left Turn,Pedestrian,East,Proceeding Straight,POINT (-122.45267 37.708805),66.0,9.0,1.0,28.0,10
11035,vw_geo_sfpd_cr_switrs_all_types_col_cty_union.fid-c18a0c2_186644fdb18_-29a9,24471,24934000.0,8239000.0,180224156,37.782654783,-122.414025541,SFPD-INTERIM DB,CITY STREET,03/26/2018 07:08:00 AM,2018 March 26,07:08:00,2018,March,Monday,LEAVENWORTH ST,TURK ST,51.0,Clear,Injury (Complaint of Pain),Vehicle/Pedestrian,Pedestrian,Crossing Not in Crosswalk,Dry,No Unusual Condition,Daylight,Midblock > 20ft,0.0,1,1.0,Pedestrian,West,Other,Driver,North,Proceeding Straight,POINT (-122.414024 37.782654),20.0,5.0,10.0,36.0,07
11040,vw_geo_sfpd_cr_switrs_all_types_col_cty_union.fid-c18a0c2_186644fdb18_-2361,39925,23519000.0,2074000.0,180647956,37.7476233228,-122.507183215,SFPD-INTERIM DB,CITY STREET,08/27/2018 09:25:00 PM,2018 August 27,21:25:00,2018,August,Monday,48TH AVE,QUINTARA ST,128.0,Cloudy,Injury (Severe),Vehicle/Pedestrian,Pedestrian,Crossing Not in Crosswalk,Dry,No Unusual Condition,Dark - Street Lights,Midblock > 20ft,0.0,1,1.0,Pedestrian,East,Other,Driver,South,Stopped In Road,POINT (-122.50719 37.747623),39.0,10.0,7.0,35.0,21
11042,vw_geo_sfpd_cr_switrs_all_types_col_cty_union.fid-c18a0c2_186644fdb18_-3541,28062,24675000.000000004,2753000.0,170241552,37.7928706348477,-122.399889208777,SFPD-CROSSROADS,CITY STREET,03/24/2017 12:25:00 PM,2017 March 24,12:25:00,2017,March,Friday,BATTERY ST,CALIFORNIA ST,125.0,Raining,Injury (Complaint of Pain),Vehicle/Pedestrian,Pedestrian,Crossing in Crosswalk at Intersection,Wet,No Unusual Condition,Daylight,Midblock > 20ft,0.0,1,1.0,Pedestrian,East,Proceeding Straight,Driver,South,Making Left Turn,POINT (-122.39989 37.79287),108.0,6.0,3.0,8.0,12
11046,vw_geo_sfpd_cr_switrs_all_types_col_cty_union.fid-c18a0c2_186644fdb18_-317f,31306,26626000.000000004,12341000.0,170646968,37.7855895966489,-122.437175875595,SFPD-CROSSROADS,CITY STREET,08/09/2017 04:24:00 AM,2017 August 09,04:24:00,2017,August,Wednesday,PINE ST,PIERCE ST,180.0,Clear,Injury (Severe),Vehicle/Pedestrian,Pedestrian,"In Road, Including Shoulder",Dry,No Unusual Condition,Dark - No Street Lights,Midblock > 20ft,0.0,1,1.0,Driver,West,Proceeding Straight,Pedestrian,West,Stopped In Road,POINT (-122.43718 37.78559),103.0,4.0,6.0,30.0,04