,id,unique_id,cnn_intrsctn_fkey,cnn_sgmt_fkey,case_id_pkey,tb_latitude,tb_longitude,geocode_source,geocode_location,collision_datetime,collision_date,collision_time,accident_year,month,day_of_week,primary_rd,secondary_rd,distance,weather_1,collision_severity,type_of_collision,mviw,ped_action,road_surface,road_cond_1,lighting,intersection,number_killed,number_injured,party_at_fault,party1_type,party1_dir_of_travel,party1_move_pre_acc,party2_type,party2_dir_of_travel,party2_move_pre_acc,point,Neighborhoods,Current Police Districts,Current Supervisor Districts,Analysis Neighborhoods,hour
11051,vw_geo_sfpd_cr_switrs_all_types_col_cty_union.fid-c18a0c2_186644fdb18_-33ca,31652,26938000.0,8425000.0,170406110,37.7867469366115,-122.451783632441,SFPD-CROSSROADS,CITY STREET,05/17/2017 07:09:00 PM,2017 May 17,19:09:00,2017,May,Wednesday,LOCUST ST,CALIFORNIA ST,47.0,Clear,Injury (Other Visible),Vehicle/Pedestrian,Pedestrian,Crossing Not in Crosswalk,Dry,No Unusual Condition,Daylight,Midblock > 20ft,0.0,2,1.0,Pedestrian,East,Proceeding Straight,Driver,North,Making Left Turn,POINT (-122.45178 37.786747),10.0,8.0,6.0,31.0,19
11064,vw_geo_sfpd_cr_switrs_all_types_col_cty_union.fid-c18a0c2_186644fdb18_-2a62,10778,25679000.0,1061000.0,160420653,37.7581641677708,-122.426803067458,SFPD-CROSSROADS,CITY STREET,05/23/2016 01:36:00 PM,2016 May 23,13:36:00,2016,May,Monday,20TH ST,DOLORES ST,300.0,Cloudy,Injury (Complaint of Pain),Sideswipe,Pedestrian,"In Road, Including Shoulder",Dry,No Unusual Condition,Daylight,Midblock > 20ft,0.0,1,1.0,Driver,West,Proceeding Straight,Pedestrian,North,Stopped In Road,POINT (-122.4268 37.758163),52.0,3.0,5.0,5.0,13
11068,vw_geo_sfpd_cr_switrs_all_types_col_cty_union.fid-c18a0c2_186644fdb18_-2f85,12005,24183000.0,,170862653,37.7649173782156,-122.421886445814,SFPD-CROSSROADS,CITY STREET,10/22/2017 02:10:00 AM,2017 October 22,02:10:00,2017,October,Sunday,VALENCIA ST,16TH ST,0.0,Clear,Injury (Complaint of Pain),Broadside,Pedestrian,Crossing in Crosswalk at Intersection,Dry,No Unusual Condition,Dark - Street Lights,Intersection <= 20ft,0.0,1,1.0,Pedestrian,East,Proceeding Straight,Driver,South,Proceeding Straight,POINT (-122.42189 37.76492),37.0,3.0,5.0,20.0,02
11088,vw_geo_sfpd_cr_switrs_all_types_col_cty_union.fid-c18a0c2_186644fdb18_-233f,8973,24083000.0,,170634593,37.7571666428482,-122.416719594116,SFPD-CROSSROADS,CITY STREET,08/04/2017 04:45:00 PM,2017 August 04,16:45:00,2017,August,Friday,VAN NESS AVE,21ST ST,0.0,Clear,Injury (Complaint of Pain),Vehicle/Pedestrian,Pedestrian,Crossing in Crosswalk at Intersection,Dry,No Unusual Condition,Daylight,Intersection <= 20ft,0.0,1,1.0,Driver,South,Proceeding Straight,Pedestrian,East,Proceeding Straight,POINT (-122.41672 37.757168),53.0,3.0,2.0,20.0,16
11096,vw_geo_sfpd_cr_switrs_all_types_col_cty_union.fid-c18a0c2_186644fdb18_-3561,22860,26400000.0,,170230646,37.781069511091,-122.447517982391,SFPD-CROSSROADS,CITY STREET,03/20/2017 08:29:00 PM,2017 March 20,20:29:00,2017,March,Monday,OFARRELL ST,MASONIC AVE,0.0,Raining,Injury (Other Visible),Vehicle/Pedestrian,Pedestrian,Crossing in Crosswalk at Intersection,Wet,No Unusual Condition,Dark - Street Lights,Intersection <= 20ft,0.0,1,1.0,Pedestrian,South,Proceeding Straight,Driver,East,Making Left Turn,POINT (-122.44752 37.78107),12.0,7.0,4.0,18.0,20
11099,vw_geo_sfpd_cr_switrs_all_types_col_cty_union.fid-c18a0c2_186644fdb18_-2d0e,42658,27470000.0,5926000.0,180020766,37.7728161231,-122.478803063,SFPD-INTERIM DB,CITY STREET,01/08/2018 05:37:00 PM,2018 January 08,17:37:00,2018,January,Monday,FULTON ST,20TH AVE,10.0,Clear,Injury (Complaint of Pain),Vehicle/Pedestrian,Pedestrian,Crossing in Crosswalk at Intersection,Dry,No Unusual Condition,Dark - Street Lights,Intersection <= 20ft,0.0,1,1.0,Driver,East,Proceeding Straight,Pedestrian,North,Other,POINT (-122.478806 37.772816),9.0,8.0,4.0,12.0,17
11100,vw_geo_sfpd_cr_switrs_all_types_col_cty_union.fid-c18a0c2_186644fdb18_-2f79,37849,33717000.0,,170870333,37.7301188057995,-122.475937334451,SFPD-CROSSROADS,CITY STREET,10/24/2017 07:15:00 PM,2017 October 24,19:15:00,2017,October,Tuesday,20TH AVE,BUCKINGHAM WAY (N),0.0,Clear,Injury (Severe),Vehicle/Pedestrian,Pedestrian,Crossing in Crosswalk at Intersection,Dry,No Unusual Condition,Dark - Street Lights,Intersection <= 20ft,0.0,1,1.0,Driver,North,Proceeding Straight,Pedestrian,West,Other,POINT (-122.47594 37.730118),41.0,10.0,8.0,16.0,19
11104,vw_geo_sfpd_cr_switrs_all_types_col_cty_union.fid-c18a0c2_186644fdb18_-2eba,38823,22875000.0,4064000.0,170934939,37.7406763050706,-122.465022871044,SFPD-CROSSROADS,CITY STREET,11/16/2017 06:30:00 PM,2017 November 16,18:30:00,2017,November,Thursday,CLAREMONT BLVD,ULLOA ST,10.0,Raining,Injury (Complaint of Pain),Vehicle/Pedestrian,Pedestrian,Crossing in Crosswalk at Intersection,Wet,No Unusual Condition,Dark - Street Lights,Intersection <= 20ft,0.0,1,1.0,Driver,South,Proceeding Straight,Pedestrian,West,Proceeding Straight,POINT (-122.46502 37.740677),49.0,10.0,8.0,41.0,18
11105,vw_geo_sfpd_cr_switrs_all_types_col_cty_union.fid-c18a0c2_186644fdb18_-2366,14170,24209000.0,6733000.0,160904083,37.7725354740228,-122.410065424407,SFPD-CROSSROADS,CITY STREET,11/06/2016 09:55:00 AM,2016 November 06,09:55:00,2016,November,Sunday,HARRISON ST,09TH ST,5.0,Clear,Injury (Complaint of Pain),Vehicle/Pedestrian,Pedestrian,Crossing in Crosswalk at Intersection,Dry,No Unusual Condition,Daylight,Intersection <= 20ft,0.0,1,1.0,Driver,West,Making Right Turn,Pedestrian,South,Proceeding Straight,POINT (-122.410065 37.772537),32.0,1.0,10.0,34.0,09
11109,vw_geo_sfpd_cr_switrs_all_types_col_cty_union.fid-c18a0c2_186644fdb18_-2044,24420,24431000.0,,180820845,37.7816542616,-122.415505178,SFPD-INTERIM DB,CITY STREET,10/29/2018 12:09:00 PM,2018 October 29,12:09:00,2018,October,Monday,HYDE ST,GOLDEN GATE AVE,0.0,Clear,Injury (Other Visible),Vehicle/Pedestrian,Pedestrian,Crossing in Crosswalk at Intersection,Dry,No Unusual Condition,Daylight,Intersection <= 20ft,0.0,2,1.0,Driver,East,Making Left Turn,Pedestrian,North,Proceeding Straight,POINT (-122.415504 37.781654),21.0,5.0,10.0,36.0,12
11112,vw_geo_sfpd_cr_switrs_all_types_col_cty_union.fid-c18a0c2_186644fdb18_-2e16,3667,20770000.0,,170992404,37.7324386577961,-122.405607548138,SFPD-CROSSROADS,CITY STREET,12/08/2017 01:30:00 AM,2017 December 08,01:30:00,2017,December,Friday,SAN BRUNO AVE,SILVER AVE,0.0,Clear,Injury (Complaint of Pain),Sideswipe,Pedestrian,Crossing in Crosswalk at Intersection,Dry,No Unusual Condition,Dark - Street Lights,Intersection <= 20ft,0.0,1,1.0,Driver,North,Proceeding Straight,Pedestrian,East,Proceeding Straight,POINT (-122.40561 37.732437),91.0,2.0,2.0,25.0,01
11114,vw_geo_sfpd_cr_switrs_all_types_col_cty_union.fid-c18a0c2_186644fdb18_-2dbd,27878,25090000.0,,160563479,37.7904631146217,-122.413915879351,SFPD-CROSSROADS,CITY STREET,07/12/2016 04:20:00 PM,2016 July 12,16:20:00,2016,July,Tuesday,JONES ST,PINE ST,0.0,Clear,Injury (Complaint of Pain),Vehicle/Pedestrian,Pedestrian,Crossing in Crosswalk at Intersection,Dry,No Unusual Condition,Daylight,Intersection <= 20ft,0.0,1,1.0,Driver,South,Making Left Turn,Pedestrian,East,Proceeding Straight,POINT (-122.41392 37.790462),50.0,6.0,3.0,21.0,16
11132,vw_geo_sfpd_cr_switrs_all_types_col_cty_union.fid-c18a0c2_186644fdb18_-2f40,10006,24048000.0,,170887043,37.7656058388823,-122.410486689213,SFPD-CROSSROADS,CITY STREET,10/30/2017 02:41:00 PM,2017 October 30,14:41:00,2017,October,Monday,BRYANT ST,16TH ST,0.0,Clear,Injury (Other Visible),Vehicle/Pedestrian,Pedestrian,Crossing in Crosswalk at Intersection,Dry,No Unusual Condition,Daylight,Intersection <= 20ft,0.0,1,1.0,Driver,South,Making Left Turn,Pedestrian,East,Other,POINT (-122.410484 37.765606),53.0,3.0,9.0,20.0,14
11134,vw_geo_sfpd_cr_switrs_all_types_col_cty_union.fid-c18a0c2_186644fdb18_-1fc8,24033,24635000.0,,180860299,37.7849083004,-122.404795062,SFPD-INTERIM DB,CITY STREET,11/12/2018 04:39:00 PM,2018 November 12,16:39:00,2018,November,Monday,04TH ST,JESSIE ST,0.0,Clear,Injury (Complaint of Pain),Vehicle/Pedestrian,Pedestrian,Crossing in Crosswalk at Intersection,Dry,No Unusual Condition,Daylight,Intersection <= 20ft,0.0,1,1.0,Driver,East,Proceeding Straight,Pedestrian,North,Proceeding Straight,POINT (-122.40479 37.78491),32.0,5.0,10.0,8.0,16
11139,vw_geo_sfpd_cr_switrs_all_types_col_cty_union.fid-c18a0c2_186644fdb18_-231a,34830,26583000.0,12867000.0,150871414,37.7977218946882,-122.430514278244,SFPD-CROSSROADS,CITY STREET,10/05/2015 10:30:00 AM,2015 October 05,10:30:00,2015,October,Monday,UNION ST,LAGUNA ST,13.0,Clear,Injury (Complaint of Pain),Vehicle/Pedestrian,Pedestrian,Crossing Not in Crosswalk,Dry,No Unusual Condition,Daylight,Intersection <= 20ft,0.0,1,1.0,Pedestrian,North,Proceeding Straight,Driver,East,Making Left Turn,POINT (-122.43051 37.79772),15.0,4.0,6.0,13.0,10
11142,vw_geo_sfpd_cr_switrs_all_types_col_cty_union.fid-c18a0c2_186644fdb18_-2e07,27666,24979000.0,,150767562,37.7912981361197,-122.407322928784,SFPD-CROSSROADS,CITY STREET,09/01/2015 04:04:00 PM,2015 September 01,16:04:00,2015,September,Tuesday,PINE ST,STOCKTON ST,0.0,Clear,Injury (Other Visible),Vehicle/Pedestrian,Pedestrian,Crossing in Crosswalk at Intersection,Dry,No Unusual Condition,Daylight,Intersection <= 20ft,0.0,1,1.0,Driver,South,Making Left Turn,Pedestrian,East,Proceeding Straight,POINT (-122.407326 37.791298),16.0,6.0,3.0,8.0,16
11147,vw_geo_sfpd_cr_switrs_all_types_col_cty_union.fid-c18a0c2_186644fdb18_-34f1,28608,25263000.0,,170276941,37.7938920839956,-122.416291702292,SFPD-CROSSROADS,CITY STREET,04/04/2017 08:40:00 PM,2017 April 04,20:40:00,2017,April,Tuesday,LEAVENWORTH ST,WASHINGTON ST,0.0,Clear,Injury (Other Visible),Vehicle/Pedestrian,Pedestrian,Crossing in Crosswalk at Intersection,Dry,No Unusual Condition,Dark - Street Lights,Intersection <= 20ft,0.0,1,1.0,Driver,North,Proceeding Straight,Pedestrian,East,Proceeding Straight,POINT (-122.41629 37.79389),16.0,6.0,3.0,21.0,20
11149,vw_geo_sfpd_cr_switrs_all_types_col_cty_union.fid-c18a0c2_186644fdb18_-29dc,22463,26377000.0,6569000.0,180211084,37.7748664794,-122.446319851,SFPD-INTERIM DB,CITY STREET,03/20/2018 09:12:00 PM,2018 March 20,21:12:00,2018,March,Tuesday,GROVE ST,MASONIC AVE,11.0,Raining,Injury (Other Visible),Vehicle/Pedestrian,Pedestrian,Crossing in Crosswalk at Intersection,Wet,No Unusual Condition,Dark - Street Lights,Intersection <= 20ft,0.0,1,1.0,Driver,South,Proceeding Straight,Pedestrian,West,Proceeding Straight,POINT (-122.44632 37.774868),24.0,7.0,11.0,18.0,21
11150,vw_geo_sfpd_cr_switrs_all_types_col_cty_union.fid-c18a0c2_186644fdb18_-3382,17949,25881000.0,8764201.0,170438088,37.7674926911559,-122.428978719755,SFPD-CROSSROADS,CITY STREET,05/28/2017 05:18:00 PM,2017 May 28,17:18:00,2017,May,Sunday,MARKET ST,CHURCH ST,10.0,Clear,Injury (Other Visible),Vehicle/Pedestrian,Pedestrian,"In Road, Including Shoulder",Dry,No Unusual Condition,Daylight,Intersection <= 20ft,0.0,1,1.0,Pedestrian,East,Proceeding Straight,Driver,East,Proceeding Straight,POINT (-122.42898 37.767494),28.0,3.0,5.0,5.0,17
11154,vw_geo_sfpd_cr_switrs_all_types_col_cty_union.fid-c18a0c2_186644fdb18_-351c,7848,24088000.0,9126000.0,130728261,37.7521241916754,-122.418433930062,SFPD-CROSSROADS,CITY STREET,09/01/2013 02:06:00 AM,2013 September 01,02:06:00,2013,September,Sunday,MISSION ST,24TH ST,42.0,Clear,Injury (Other Visible),Broadside,Pedestrian,Crossing Not in Crosswalk,Dry,No Unusual Condition,Dark - Street Lights,Midblock > 20ft,0.0,1,1.0,Pedestrian,East,Entering Traffic,Driver,South,Proceeding Straight,POINT (-122.418434 37.752125),53.0,3.0,2.0,20.0,02
11178,vw_geo_sfpd_cr_switrs_all_types_col_cty_union.fid-c18a0c2_186644fdb18_-2c66,7635,21897000.000000004,,180064639,37.7480134498,-122.422487364,SFPD-INTERIM DB,CITY STREET,01/24/2018 07:31:00 PM,2018 January 24,19:31:00,2018,January,Wednesday,GUERRERO ST,CESAR CHAVEZ ST,0.0,Raining,Injury (Complaint of Pain),Vehicle/Pedestrian,Pedestrian,Crossing in Crosswalk at Intersection,Wet,No Unusual Condition,Dark - Street Lights,Intersection <= 20ft,0.0,1,1.0,Driver,East,Making Right Turn,Pedestrian,North,Proceeding Straight,POINT (-122.422485 37.748013),83.0,3.0,2.0,22.0,19
11182,vw_geo_sfpd_cr_switrs_all_types_col_cty_union.fid-c18a0c2_186644fdb18_-2e71,9172,23671000.000000004,9202000.0,140973440,37.7625199033864,-122.394578665436,SFPD-CROSSROADS,CITY STREET,11/17/2014 08:19:00 AM,2014 November 17,08:19:00,2014,November,Monday,MISSISSIPPI ST,18TH ST,64.0,Clear,Injury (Severe),Sideswipe,Pedestrian,"In Road, Including Shoulder",Dry,No Unusual Condition,Daylight,Midblock > 20ft,0.0,1,1.0,Driver,East,Backing,Driver,North,Proceeding Straight,POINT (-122.39458 37.76252),54.0,2.0,9.0,26.0,08
11186,vw_geo_sfpd_cr_switrs_all_types_col_cty_union.fid-c18a0c2_186644fdb18_-2402,14654,23799000.0,7833201.0,180596955,37.7779268985,-122.392231927,SFPD-INTERIM DB,CITY STREET,08/09/2018 08:58:00 PM,2018 August 09,20:58:00,2018,August,Thursday,KING ST,03RD ST,140.0,Clear,Injury (Complaint of Pain),Vehicle/Pedestrian,Pedestrian,"In Road, Including Shoulder",Dry,No Unusual Condition,Dark - Street Lights,Midblock > 20ft,0.0,1,1.0,Driver,East,Changing Lanes,Pedestrian,East,Proceeding Straight,POINT (-122.392235 37.777927),34.0,1.0,10.0,4.0,20
11188,vw_geo_sfpd_cr_switrs_all_types_col_cty_union.fid-c18a0c2_186644fdb18_-1f50,36124,34074000.0,,180897098,37.8252699445,-122.369976637,SFPD-INTERIM DB,CITY STREET,11/27/2018 06:38:00 PM,2018 November 27,18:38:00,2018,November,Tuesday,09TH TI ST,AVENUE H,0.0,Raining,Injury (Other Visible),Vehicle/Pedestrian,Pedestrian,Crossing in Crosswalk at Intersection,Wet,No Unusual Condition,Dark - Street Lights,Intersection <= 20ft,0.0,1,1.0,Driver,South,Proceeding Straight,Pedestrian,West,Proceeding Straight,POINT (-122.36998 37.82527),36.0,1.0,10.0,37.0,18
11193,vw_geo_sfpd_cr_switrs_all_types_col_cty_union.fid-c18a0c2_186644fdb18_-2234,10651,24144000.0,9122001.0,150857185,37.7585091672965,-122.41904089525,SFPD-CROSSROADS,CITY STREET,09/30/2015 02:20:00 PM,2015 September 30,14:20:00,2015,September,Wednesday,MISSION ST,20TH ST,45.0,Cloudy,Injury (Other Visible),Vehicle/Pedestrian,Pedestrian,Crossing Not in Crosswalk,Dry,No Unusual Condition,Daylight,Midblock > 20ft,0.0,1,1.0,Driver,South,Backing,Pedestrian,East,Other,POINT (-122.419044 37.75851),53.0,3.0,2.0,20.0,14
11197,vw_geo_sfpd_cr_switrs_all_types_col_cty_union.fid-c18a0c2_186644fdb18_-2752,29381,26492000.0,,130243849,37.7833998581429,-122.424294812921,SFPD-CROSSROADS,CITY STREET,03/24/2013 02:45:00 PM,2013 March 24,14:45:00,2013,March,Sunday,ELLIS ST,GOUGH ST,0.0,Clear,Injury (Other Visible),Head-On,Pedestrian,Crossing in Crosswalk at Intersection,Dry,No Unusual Condition,Daylight,Intersection <= 20ft,0.0,1,1.0,Driver,West,Making Left Turn,Pedestrian,North,Proceeding Straight,POINT (-122.42429 37.7834),100.0,4.0,11.0,39.0,14
11209,vw_geo_sfpd_cr_switrs_all_types_col_cty_union.fid-c18a0c2_186644fdb18_-2717,2199,52261000.0,6131201.0,180402697,37.72105954,-122.447677627,SFPD-INTERIM DB,CITY STREET,05/30/2018 03:26:00 PM,2018 May 30,15:26:00,2018,May,Wednesday,GENEVA AVE,SAN JOSE AVE,335.0,Clear,Injury (Complaint of Pain),Vehicle/Pedestrian,Pedestrian,Crossing in Crosswalk at Intersection,Dry,No Unusual Condition,Daylight,Midblock > 20ft,0.0,1,1.0,Driver,East,Making Right Turn,Pedestrian,North,Other,POINT (-122.44768 37.721058),80.0,9.0,1.0,28.0,15
11214,vw_geo_sfpd_cr_switrs_all_types_col_cty_union.fid-c18a0c2_186644fdb18_-330d,25688,30735000.0,,170486491,37.7887211522174,-122.402065729925,SFPD-CROSSROADS,CITY STREET,06/14/2017 11:18:00 PM,2017 June 14,23:18:00,2017,June,Wednesday,MARKET ST,NEW MONTGOMERY ST,0.0,Clear,Injury (Severe),Vehicle/Pedestrian,Pedestrian,Crossing in Crosswalk at Intersection,Dry,No Unusual Condition,Dark - Street Lights,Intersection <= 20ft,0.0,1,,Driver,East,Proceeding Straight,Pedestrian,North,Proceeding Straight,POINT (-122.40207 37.788723),19.0,6.0,3.0,8.0,23
11215,vw_geo_sfpd_cr_switrs_all_types_col_cty_union.fid-c18a0c2_186644fdb18_-35ff,26840,24548000.0,,170155721,37.7920057011923,-122.391645797245,SFPD-CROSSROADS,CITY STREET,02/23/2017 07:24:00 PM,2017 February 23,19:24:00,2017,February,Thursday,HOWARD ST,STEUART ST,0.0,Clear,Injury (Complaint of Pain),Vehicle/Pedestrian,Pedestrian,Crossing in Crosswalk at Intersection,Dry,No Unusual Condition,Dark - Street Lights,Intersection <= 20ft,0.0,1,1.0,Driver,West,Making Right Turn,Pedestrian,South,Entering Traffic,POINT (-122.39165 37.792007),108.0,1.0,10.0,8.0,19
11224,vw_geo_sfpd_cr_switrs_all_types_col_cty_union.fid-c18a0c2_186644fdb18_-2bb1,28477,24758000.0,9305000.0,130739274,37.7955151304883,-122.403313516899,SFPD-CROSSROADS,CITY STREET,09/04/2013 05:13:00 PM,2013 September 04,17:13:00,2013,September,Wednesday,MONTGOMERY ST,WASHINGTON ST,6.0,Clear,Injury (Complaint of Pain),Vehicle/Pedestrian,Pedestrian,Crossing in Crosswalk at Intersection,Dry,No Unusual Condition,Daylight,Intersection <= 20ft,0.0,1,1.0,Driver,South,Making Left Turn,Pedestrian,West,Proceeding Straight,POINT (-122.40331 37.795517),108.0,6.0,3.0,6.0,17
11238,vw_geo_sfpd_cr_switrs_all_types_col_cty_union.fid-c18a0c2_186644fdb18_-268b,30145,26496000.0,6039201.0,140307297,37.7853492300745,-122.425629163734,SFPD-CROSSROADS,CITY STREET,04/13/2014 02:42:00 PM,2014 April 13,14:42:00,2014,April,Sunday,GEARY BLVD,GOUGH ST,268.0,Clear,Injury (Severe),Vehicle/Pedestrian,Pedestrian,Crossing Not in Crosswalk,Dry,No Unusual Condition,Daylight,Midblock > 20ft,0.0,1,1.0,Pedestrian,North,Entering Traffic,Driver,West,Proceeding Straight,POINT (-122.42563 37.78535),100.0,4.0,11.0,15.0,14
11239,vw_geo_sfpd_cr_switrs_all_types_col_cty_union.fid-c18a0c2_186644fdb18_-2c06,28453,30770000.0,,151085173,37.7942636267468,-122.406304985751,SFPD-CROSSROADS,CITY STREET,12/16/2015 02:25:00 PM,2015 December 16,14:25:00,2015,December,Wednesday,CLAY ST,GRANT AVE,0.0,Clear,Injury (Complaint of Pain),Vehicle/Pedestrian,Pedestrian,Crossing in Crosswalk at Intersection,Dry,No Unusual Condition,Daylight,Intersection <= 20ft,0.0,1,1.0,Driver,East,Making Right Turn,Pedestrian,South,Other,POINT (-122.4063 37.794262),104.0,6.0,3.0,6.0,14
11245,vw_geo_sfpd_cr_switrs_all_types_col_cty_union.fid-c18a0c2_186644fdb18_-35c3,10584,24113000.0,1109000.0,170182445,37.7570341755084,-122.418921406026,SFPD-CROSSROADS,CITY STREET,03/05/2017 12:15:00 AM,2017 March 05,00:15:00,2017,March,Sunday,21ST ST,MISSION ST,6.0,Clear,Injury (Complaint of Pain),Vehicle/Pedestrian,Pedestrian,Crossing in Crosswalk at Intersection,Wet,No Unusual Condition,Dark - Street Lights,Intersection <= 20ft,0.0,1,1.0,Driver,South,Making Right Turn,Pedestrian,North,Other,POINT (-122.41892 37.757034),53.0,3.0,2.0,20.0,00
11249,vw_geo_sfpd_cr_switrs_all_types_col_cty_union.fid-c18a0c2_186644fdb18_-2ac9,1175,21502000.0,,180160293,37.7114361502,-122.446383349,SFPD-INTERIM DB,CITY STREET,03/01/2018 10:35:00 AM,2018 March 01,10:35:00,2018,March,Thursday,MISSION ST,LOWELL ST,0.0,Cloudy,Injury (Complaint of Pain),Vehicle/Pedestrian,Pedestrian,Crossing in Crosswalk at Intersection,Wet,No Unusual Condition,Daylight,Intersection <= 20ft,0.0,2,1.0,Driver,South,Making Left Turn,Pedestrian,West,Proceeding Straight,POINT (-122.44638 37.711437),58.0,9.0,1.0,7.0,10
11250,vw_geo_sfpd_cr_switrs_all_types_col_cty_union.fid-c18a0c2_186644fdb18_-23a6,32566,25300000.000000004,,180123417,37.7943537793,-122.41975272,SFPD-INTERIM DB,CITY STREET,02/15/2018 02:35:00 PM,2018 February 15,14:35:00,2018,February,Thursday,JACKSON ST,LARKIN ST,0.0,Clear,Injury (Complaint of Pain),Broadside,Pedestrian,Crossing in Crosswalk at Intersection,Dry,No Unusual Condition,Daylight,Intersection <= 20ft,0.0,1,1.0,Driver,West,Proceeding Straight,Pedestrian,South,Proceeding Straight,POINT (-122.419754 37.794353),105.0,6.0,3.0,32.0,14
11256,vw_geo_sfpd_cr_switrs_all_types_col_cty_union.fid-c18a0c2_186644fdb18_-1f70,29068,25191000.0,,180885554,37.7826853693,-122.422463744,SFPD-INTERIM DB,CITY STREET,11/22/2018 11:01:00 PM,2018 November 22,23:01:00,2018,November,Thursday,FRANKLIN ST,EDDY ST,0.0,Cloudy,Injury (Complaint of Pain),Vehicle/Pedestrian,Pedestrian,Crossing in Crosswalk at Intersection,Wet,No Unusual Condition,Dark - Street Lights,Intersection <= 20ft,0.0,1,1.0,Pedestrian,East,Proceeding Straight,Driver,North,Proceeding Straight,POINT (-122.42246 37.782684),100.0,4.0,11.0,39.0,23
11260,vw_geo_sfpd_cr_switrs_all_types_col_cty_union.fid-c18a0c2_186644fdb18_-2395,24224,24922000.0,6259000.0,180629352,37.782242443,-122.410892205,SFPD-INTERIM DB,CITY STREET,08/21/2018 02:50:00 PM,2018 August 21,14:50:00,2018,August,Tuesday,GOLDEN GATE AVE,MARKET ST,175.0,Clear,Injury (Complaint of Pain),Vehicle/Pedestrian,Pedestrian,"In Road, Including Shoulder",Dry,No Unusual Condition,Daylight,Midblock > 20ft,0.0,1,1.0,Pedestrian,West,Other,Driver,West,Backing,POINT (-122.41089 37.78224),20.0,5.0,10.0,36.0,14
11264,vw_geo_sfpd_cr_switrs_all_types_col_cty_union.fid-c18a0c2_186644fdb18_-21a5,11917,24180000.0,726000.0,150157509,37.765021364731,-122.420165168141,SFPD-CROSSROADS,CITY STREET,02/20/2015 04:33:00 PM,2015 February 20,16:33:00,2015,February,Friday,16TH ST,MISSION ST,144.0,Clear,Injury (Complaint of Pain),Vehicle/Pedestrian,Pedestrian,Crossing Not in Crosswalk,Dry,No Unusual Condition,Daylight,Midblock > 20ft,0.0,1,1.0,Pedestrian,North,Other,Driver,West,Proceeding Straight,POINT (-122.420166 37.765022),53.0,3.0,2.0,20.0,16
11265,vw_geo_sfpd_cr_switrs_all_types_col_cty_union.fid-c18a0c2_186644fdb18_-2c61,3656,20770000.0,,180064366,37.7324386578,-122.405607548,SFPD-INTERIM DB,CITY STREET,01/24/2018 06:05:00 PM,2018 January 24,18:05:00,2018,January,Wednesday,SAN BRUNO AVE,SILVER AVE,0.0,Raining,Injury (Complaint of Pain),Vehicle/Pedestrian,Pedestrian,Crossing in Crosswalk at Intersection,Wet,No Unusual Condition,Dark - Street Lights,Intersection <= 20ft,0.0,1,1.0,Driver,South,Making Left Turn,Pedestrian,East,Proceeding Straight,POINT (-122.40561 37.732437),91.0,2.0,2.0,25.0,18
11270,vw_geo_sfpd_cr_switrs_all_types_col_cty_union.fid-c18a0c2_186644fdb18_-2bc2,33605,25053000.0,,160156024,37.7967039024638,-122.408430885702,SFPD-CROSSROADS,CITY STREET,02/22/2016 12:02:00 PM,2016 February 22,12:02:00,2016,February,Monday,STOCKTON ST,PACIFIC AVE,0.0,Clear,Injury (Complaint of Pain),Sideswipe,Pedestrian,Crossing in Crosswalk at Intersection,Dry,No Unusual Condition,Daylight,Intersection <= 20ft,0.0,1,1.0,Driver,North,Proceeding Straight,Pedestrian,East,Proceeding Straight,POINT (-122.40843 37.796703),104.0,6.0,3.0,6.0,12
11273,vw_geo_sfpd_cr_switrs_all_types_col_cty_union.fid-c18a0c2_186644fdb18_-25dd,30961,26621000.0,4812101.0,170398818,37.7833211592065,-122.43949134309,SFPD-CROSSROADS,CITY STREET,05/15/2017 03:43:00 PM,2017 May 15,15:43:00,2017,May,Monday,DIVISADERO ST,GEARY BLVD,6.0,Clear,Injury (Other Visible),Broadside,Pedestrian,Crossing in Crosswalk at Intersection,Dry,No Unusual Condition,Daylight,Intersection <= 20ft,0.0,1,1.0,Pedestrian,East,Proceeding Straight,Driver,South,Proceeding Straight,POINT (-122.43949 37.78332),103.0,4.0,11.0,15.0,15
11275,vw_geo_sfpd_cr_switrs_all_types_col_cty_union.fid-c18a0c2_186644fdb18_-207a,1593,21628000.0,,180808669,37.7197115909,-122.428804612,SFPD-INTERIM DB,CITY STREET,10/24/2018 07:40:00 PM,2018 October 24,19:40:00,2018,October,Wednesday,PERSIA AVE,MOSCOW ST,0.0,Clear,Injury (Complaint of Pain),Vehicle/Pedestrian,Pedestrian,Crossing in Crosswalk at Intersection,Dry,No Unusual Condition,Dark - Street Lights,Intersection <= 20ft,0.0,2,1.0,Driver,West,Proceeding Straight,Pedestrian,North,Proceeding Straight,POINT (-122.4288 37.71971),90.0,9.0,1.0,7.0,19
11278,vw_geo_sfpd_cr_switrs_all_types_col_cty_union.fid-c18a0c2_186644fdb18_-26e0,34193,25463000.0,,180415242,37.8037613016,-122.413222787,SFPD-INTERIM DB,CITY STREET,06/04/2018 03:08:00 PM,2018 June 04,15:08:00,2018,June,Monday,CHESTNUT ST,MASON ST,0.0,Clear,Injury (Complaint of Pain),Vehicle/Pedestrian,Pedestrian,Crossing in Crosswalk at Intersection,Dry,No Unusual Condition,Daylight,Intersection <= 20ft,0.0,1,1.0,Driver,East,Proceeding Straight,Pedestrian,South,Other,POINT (-122.41322 37.80376),106.0,6.0,3.0,23.0,15