,id,unique_id,cnn_intrsctn_fkey,cnn_sgmt_fkey,case_id_pkey,tb_latitude,tb_longitude,geocode_source,geocode_location,collision_datetime,collision_date,collision_time,accident_year,month,day_of_week,primary_rd,secondary_rd,distance,weather_1,collision_severity,type_of_collision,mviw,ped_action,road_surface,road_cond_1,lighting,intersection,number_killed,number_injured,party_at_fault,party1_type,party1_dir_of_travel,party1_move_pre_acc,party2_type,party2_dir_of_travel,party2_move_pre_acc,point,Neighborhoods,Current Police Districts,Current Supervisor Districts,Analysis Neighborhoods,hour
11279,vw_geo_sfpd_cr_switrs_all_types_col_cty_union.fid-c18a0c2_186644fdb18_-2542,25236,24613000.0,166000.0,180499967,37.7861477602,-122.401897078,SFPD-INTERIM DB,CITY STREET,07/06/2018 01:00:00 AM,2018 July 06,01:00:00,2018,July,Friday,03RD ST,MISSION ST,52.0,Clear,Injury (Complaint of Pain),Vehicle/Pedestrian,Pedestrian,"In Road, Including Shoulder",Dry,No Unusual Condition,Dark - Street Lights,Midblock > 20ft,0.0,1,1.0,Driver,South,Backing,Pedestrian,North,Stopped In Road,POINT (-122.40189 37.786148),32.0,1.0,10.0,8.0,01
11292,vw_geo_sfpd_cr_switrs_all_types_col_cty_union.fid-c18a0c2_186644fdb18_-33a2,9677,23775000.0,7727000.0,170423653,37.7658928285206,-122.403631917497,SFPD-CROSSROADS,CITY STREET,05/23/2017 06:37:00 PM,2017 May 23,18:37:00,2017,May,Tuesday,KANSAS ST,16TH ST,45.0,Clear,Injury (Severe),Vehicle/Pedestrian,Pedestrian,Crossing Not in Crosswalk,Dry,No Unusual Condition,Daylight,Midblock > 20ft,0.0,1,1.0,Pedestrian,East,Proceeding Straight,Driver,North,Proceeding Straight,POINT (-122.40363 37.765892),54.0,1.0,9.0,4.0,18
11301,vw_geo_sfpd_cr_switrs_all_types_col_cty_union.fid-c18a0c2_186644fdb18_-2dfe,27714,24909000.0,,140268326,37.7892256144591,-122.408595044736,SFPD-CROSSROADS,CITY STREET,03/31/2014 02:26:00 PM,2014 March 31,14:26:00,2014,March,Monday,POWELL ST,SUTTER ST,0.0,Raining,Injury (Other Visible),Vehicle/Pedestrian,Pedestrian,Crossing in Crosswalk at Intersection,Wet,No Unusual Condition,Daylight,Intersection <= 20ft,0.0,1,1.0,Driver,West,Making Left Turn,Pedestrian,East,Proceeding Straight,POINT (-122.40859 37.789227),19.0,6.0,3.0,8.0,14
11304,vw_geo_sfpd_cr_switrs_all_types_col_cty_union.fid-c18a0c2_186644fdb18_-3434,8057,22044000.0,4960000.0,170088699,37.746591607445,-122.438046098653,SFPD-CROSSROADS,CITY STREET,02/01/2017 09:25:00 AM,2017 February 01,09:25:00,2017,February,Wednesday,DOUGLASS ST,27TH ST,132.0,Cloudy,Injury (Complaint of Pain),Vehicle/Pedestrian,Pedestrian,"In Road, Including Shoulder",Dry,Obstruction on Roadway,Daylight,Midblock > 20ft,0.0,1,1.0,Pedestrian,East,Proceeding Straight,Driver,North,Proceeding Straight,POINT (-122.43805 37.746593),57.0,3.0,5.0,22.0,09
11307,vw_geo_sfpd_cr_switrs_all_types_col_cty_union.fid-c18a0c2_186644fdb18_-2fa4,37412,22223000.0,,170850993,37.7234570073183,-122.454115753319,SFPD-CROSSROADS,CITY STREET,10/17/2017 09:20:00 PM,2017 October 17,21:20:00,2017,October,Tuesday,OCEAN AVE,LEE AVE,0.0,Clear,Injury (Complaint of Pain),Sideswipe,Pedestrian,Crossing in Crosswalk at Intersection,Dry,No Unusual Condition,Dark - Street Lights,Intersection <= 20ft,0.0,1,1.0,Driver,East,Making Left Turn,Pedestrian,South,Proceeding Straight,POINT (-122.45412 37.723457),64.0,10.0,8.0,24.0,21
11319,vw_geo_sfpd_cr_switrs_all_types_col_cty_union.fid-c18a0c2_186644fdb18_-3052,9802,24022000.0,,170772864,37.7657832994918,-122.407534229607,SFPD-CROSSROADS,CITY STREET,09/21/2017 08:35:00 PM,2017 September 21,20:35:00,2017,September,Thursday,16TH ST,POTRERO AVE,0.0,Clear,Injury (Other Visible),Vehicle/Pedestrian,Pedestrian,Crossing in Crosswalk at Intersection,Dry,No Unusual Condition,Dark - Street Lights,Intersection <= 20ft,0.0,1,1.0,Driver,South,Not Stated,Pedestrian,South,Proceeding Straight,POINT (-122.40753 37.76578),54.0,3.0,9.0,20.0,20
11325,vw_geo_sfpd_cr_switrs_all_types_col_cty_union.fid-c18a0c2_186644fdb18_-220f,33779,25353000.0,6453000.0,130841772,37.7995880209452,-122.408270901147,SFPD-CROSSROADS,CITY STREET,10/05/2013 03:10:00 PM,2013 October 05,15:10:00,2013,October,Saturday,GREEN ST,JASPER PL,30.0,Clear,Injury (Complaint of Pain),Vehicle/Pedestrian,Pedestrian,Crossing Not in Crosswalk,Dry,No Unusual Condition,Daylight,Midblock > 20ft,0.0,1,1.0,Pedestrian,North,Proceeding Straight,Driver,East,Backing,POINT (-122.40827 37.799587),106.0,6.0,3.0,23.0,15
11327,vw_geo_sfpd_cr_switrs_all_types_col_cty_union.fid-c18a0c2_186644fdb18_-2a05,5690,21023000.0,2800202.0,170012256,37.7399824187434,-122.407027668515,SFPD-CROSSROADS,CITY STREET,01/05/2017 12:13:00 PM,2017 January 05,12:13:00,2017,January,Thursday,BAY SHORE BLVD,CORTLAND AVE,150.0,Clear,Injury (Complaint of Pain),Vehicle/Pedestrian,Pedestrian,Not in Road,Dry,No Unusual Condition,Daylight,Midblock > 20ft,0.0,1,1.0,Driver,East,Backing,Pedestrian,South,Proceeding Straight,POINT (-122.40703 37.739983),82.0,2.0,2.0,2.0,12
11334,vw_geo_sfpd_cr_switrs_all_types_col_cty_union.fid-c18a0c2_186644fdb18_-2a00,5742,21063000.0,,160689586,37.7398310619425,-122.411370096057,SFPD-CROSSROADS,CITY STREET,08/24/2016 11:45:00 AM,2016 August 24,11:45:00,2016,August,Wednesday,CORTLAND AVE,NEVADA ST,0.0,Cloudy,Injury (Other Visible),Vehicle/Pedestrian,Pedestrian,Crossing in Crosswalk at Intersection,Dry,No Unusual Condition,Daylight,Intersection <= 20ft,0.0,1,,Driver,East,Making Left Turn,Pedestrian,North,Not Stated,POINT (-122.41137 37.73983),83.0,9.0,2.0,2.0,11
11340,vw_geo_sfpd_cr_switrs_all_types_col_cty_union.fid-c18a0c2_186644fdb18_-2f59,38313,23163000.0,,170880069,37.7346176629029,-122.477080829621,SFPD-CROSSROADS,CITY STREET,10/27/2017 09:40:00 PM,2017 October 27,21:40:00,2017,October,Friday,SLOAT BLVD,21ST AVE,0.0,Fog,Injury (Severe),Vehicle/Pedestrian,Pedestrian,Crossing in Crosswalk at Intersection,Dry,No Unusual Condition,Dark - Street Lights,Intersection <= 20ft,0.0,1,1.0,Driver,West,Proceeding Straight,Pedestrian,South,Proceeding Straight,POINT (-122.47708 37.73462),40.0,10.0,7.0,35.0,21
11347,vw_geo_sfpd_cr_switrs_all_types_col_cty_union.fid-c18a0c2_186644fdb18_-2a38,2800,20578000.0,,180189679,37.7239199944,-122.402060967,SFPD-INTERIM DB,CITY STREET,03/12/2018 09:30:00 PM,2018 March 12,21:30:00,2018,March,Monday,SAN BRUNO AVE,PAUL AVE,0.0,Raining,Injury (Complaint of Pain),Vehicle/Pedestrian,Pedestrian,Crossing Not in Crosswalk,Wet,No Unusual Condition,Dark - Street Lights,Intersection <= 20ft,0.0,1,1.0,Pedestrian,East,Other,Driver,South,Proceeding Straight,POINT (-122.40206 37.72392),91.0,2.0,2.0,25.0,21
11349,vw_geo_sfpd_cr_switrs_all_types_col_cty_union.fid-c18a0c2_186644fdb18_-2064,641,20472000.0,,180813561,37.7224316041,-122.395622761,SFPD-INTERIM DB,CITY STREET,10/26/2018 03:55:00 PM,2018 October 26,15:55:00,2018,October,Friday,03RD ST,PAUL AVE,0.0,Clear,Injury (Severe),Vehicle/Pedestrian,Pedestrian,Crossing in Crosswalk at Intersection,Dry,No Unusual Condition,Daylight,Intersection <= 20ft,0.0,1,1.0,Pedestrian,East,Proceeding Straight,Driver,North,Proceeding Straight,POINT (-122.39562 37.72243),88.0,2.0,9.0,1.0,15
11354,vw_geo_sfpd_cr_switrs_all_types_col_cty_union.fid-c18a0c2_186644fdb18_-269c,34505,25477000.0,2839000.0,160950462,37.807883040667,-122.410759204498,SFPD-CROSSROADS,CITY STREET,11/22/2016 06:53:00 AM,2016 November 22,06:53:00,2016,November,Tuesday,BEACH ST,STOCKTON ST,22.0,Clear,Injury (Severe),Vehicle/Pedestrian,Pedestrian,Crossing in Crosswalk at Intersection,Dry,No Unusual Condition,Daylight,Midblock > 20ft,0.0,1,1.0,Driver,West,Making Left Turn,Pedestrian,South,Not Stated,POINT (-122.41076 37.807884),99.0,6.0,3.0,23.0,06
11358,vw_geo_sfpd_cr_switrs_all_types_col_cty_union.fid-c18a0c2_186644fdb18_-2596,23788,24627000.0,7039001.0,180480126,37.7828522534,-122.403222801,SFPD-INTERIM DB,CITY STREET,06/02/2018 02:52:00 PM,2018 June 02,14:52:00,2018,June,Saturday,HOWARD ST,04TH ST,210.0,Clear,Injury (Other Visible),Vehicle/Pedestrian,Pedestrian,Crossing Not in Crosswalk,Dry,No Unusual Condition,Daylight,Midblock > 20ft,0.0,2,1.0,Pedestrian,South,Proceeding Straight,Bicyclist,West,Proceeding Straight,POINT (-122.40322 37.782852),32.0,1.0,10.0,34.0,14
11359,vw_geo_sfpd_cr_switrs_all_types_col_cty_union.fid-c18a0c2_186644fdb18_-2430,8504,23725000.0,,160219638,37.7545121198538,-122.402557509932,SFPD-CROSSROADS,CITY STREET,03/11/2016 06:00:00 PM,2016 March 11,18:00:00,2016,March,Friday,KANSAS ST,23RD ST,0.0,Raining,Injury (Complaint of Pain),Vehicle/Pedestrian,Pedestrian,Crossing in Crosswalk at Intersection,Wet,No Unusual Condition,Dusk - Dawn,Intersection <= 20ft,0.0,1,1.0,Driver,West,Stopped In Road,Pedestrian,South,Other,POINT (-122.40256 37.754513),54.0,2.0,9.0,26.0,18
11361,vw_geo_sfpd_cr_switrs_all_types_col_cty_union.fid-c18a0c2_186644fdb18_-2b86,23328,24494000.0,,180117216,37.7860675325,-122.392936685,SFPD-INTERIM DB,CITY STREET,02/13/2018 09:35:00 AM,2018 February 13,09:35:00,2018,February,Tuesday,HARRISON ST,01ST ST,0.0,Clear,Injury (Other Visible),Vehicle/Pedestrian,Pedestrian,Crossing in Crosswalk at Intersection,Dry,No Unusual Condition,Daylight,Intersection <= 20ft,0.0,1,1.0,Driver,South,Making Left Turn,Pedestrian,North,Proceeding Straight,POINT (-122.39294 37.786068),30.0,1.0,10.0,8.0,09
11380,vw_geo_sfpd_cr_switrs_all_types_col_cty_union.fid-c18a0c2_186644fdb18_-2c4b,28365,24695000.0,,130133563,37.795875004162,-122.400485536746,SFPD-CROSSROADS,CITY STREET,02/15/2013 02:35:00 PM,2013 February 15,14:35:00,2013,February,Friday,BATTERY ST,WASHINGTON ST,0.0,Clear,Injury (Complaint of Pain),Vehicle/Pedestrian,Pedestrian,Crossing in Crosswalk at Intersection,Dry,No Unusual Condition,Daylight,Intersection <= 20ft,0.0,1,1.0,Driver,South,Not Stated,Pedestrian,West,Not Stated,POINT (-122.40048 37.795876),77.0,6.0,3.0,8.0,14
11383,vw_geo_sfpd_cr_switrs_all_types_col_cty_union.fid-c18a0c2_186644fdb18_-21e1,17564,24241000.0,,180722326,37.7698150789,-122.417753194,SFPD-INTERIM DB,CITY STREET,09/23/2018 03:55:00 PM,2018 September 23,15:55:00,2018,September,Sunday,SOUTH VAN NESS AVE,13TH ST,0.0,Clear,Injury (Other Visible),Vehicle/Pedestrian,Pedestrian,Crossing in Crosswalk at Intersection,Dry,No Unusual Condition,Daylight,Intersection <= 20ft,0.0,1,1.0,Pedestrian,East,Proceeding Straight,Driver,South,Proceeding Straight,POINT (-122.417755 37.769814),53.0,3.0,2.0,20.0,15
11384,vw_geo_sfpd_cr_switrs_all_types_col_cty_union.fid-c18a0c2_186644fdb18_-34e2,3115,20210000.0,,170283491,37.7329188953732,-122.38903506845,SFPD-CROSSROADS,CITY STREET,04/06/2017 10:10:00 PM,2017 April 06,22:10:00,2017,April,Thursday,LANE ST,PALOU AVE,0.0,Raining,Injury (Severe),Vehicle/Pedestrian,Pedestrian,Crossing in Crosswalk at Intersection,Wet,No Unusual Condition,Dark - Street Lights,Intersection <= 20ft,0.0,1,1.0,Driver,North,Proceeding Straight,Pedestrian,East,Proceeding Straight,POINT (-122.38904 37.732918),86.0,2.0,9.0,1.0,22
11386,vw_geo_sfpd_cr_switrs_all_types_col_cty_union.fid-c18a0c2_186644fdb18_-2004,29815,25152000.0,,180840815,37.7851672147,-122.41790141,SFPD-INTERIM DB,CITY STREET,11/05/2018 02:14:00 PM,2018 November 05,14:14:00,2018,November,Monday,OFARRELL ST,LARKIN ST,0.0,Clear,Injury (Other Visible),Vehicle/Pedestrian,Pedestrian,Crossing in Crosswalk at Intersection,Dry,No Unusual Condition,Daylight,Intersection <= 20ft,0.0,1,1.0,Pedestrian,South,Entering Traffic,Driver,East,Proceeding Straight,POINT (-122.4179 37.785168),20.0,5.0,10.0,36.0,14
11387,vw_geo_sfpd_cr_switrs_all_types_col_cty_union.fid-c18a0c2_186644fdb18_-2b1e,7050,21328000.0,11438102.0,170516797,37.7415783525674,-122.423477109612,SFPD-CROSSROADS,CITY STREET,06/25/2017 10:39:00 AM,2017 June 25,10:39:00,2017,June,Sunday,SAN JOSE AVE,KINGSTON ST,35.0,Clear,Injury (Complaint of Pain),Vehicle/Pedestrian,Pedestrian,"In Road, Including Shoulder",Dry,No Unusual Condition,Daylight,Midblock > 20ft,0.0,1,1.0,Pedestrian,West,Not Stated,Driver,South,Backing,POINT (-122.42348 37.741577),83.0,9.0,2.0,2.0,10
11400,vw_geo_sfpd_cr_switrs_all_types_col_cty_union.fid-c18a0c2_186644fdb18_-3057,25746,30738000.0,8745201.0,170772165,37.7875414981854,-122.403635587385,SFPD-CROSSROADS,CITY STREET,09/21/2017 04:47:00 PM,2017 September 21,16:47:00,2017,September,Thursday,MARKET ST,KEARNY ST,68.0,Clear,Injury (Other Visible),Vehicle/Pedestrian,Pedestrian,Crossing Not in Crosswalk,Dry,No Unusual Condition,Daylight,Midblock > 20ft,0.0,1,1.0,Pedestrian,North,Entering Traffic,Driver,West,Proceeding Straight,POINT (-122.40363 37.78754),19.0,5.0,10.0,8.0,16
11401,vw_geo_sfpd_cr_switrs_all_types_col_cty_union.fid-c18a0c2_186644fdb18_-3008,22256,26030000.0,,170807176,37.7742766787505,-122.435940327923,SFPD-CROSSROADS,CITY STREET,10/04/2017 03:30:00 PM,2017 October 04,15:30:00,2017,October,Wednesday,FELL ST,SCOTT ST,0.0,Clear,Injury (Other Visible),Broadside,Pedestrian,"In Road, Including Shoulder",Dry,No Unusual Condition,Daylight,Intersection <= 20ft,0.0,1,,Pedestrian,South,Other,Driver,West,Proceeding Straight,POINT (-122.43594 37.774277),23.0,4.0,11.0,9.0,15
11407,vw_geo_sfpd_cr_switrs_all_types_col_cty_union.fid-c18a0c2_186644fdb18_-33b1,11068,25683000.0,,170415989,37.7598296135227,-122.425920301851,SFPD-CROSSROADS,CITY STREET,05/21/2017 08:45:00 AM,2017 May 21,08:45:00,2017,May,Sunday,DOLORES ST,19TH ST,0.0,Clear,Injury (Complaint of Pain),Vehicle/Pedestrian,Pedestrian,Crossing in Crosswalk at Intersection,Dry,No Unusual Condition,Daylight,Intersection <= 20ft,0.0,1,1.0,Driver,South,Proceeding Straight,Pedestrian,East,Proceeding Straight,POINT (-122.42592 37.75983),37.0,3.0,5.0,5.0,08
11416,vw_geo_sfpd_cr_switrs_all_types_col_cty_union.fid-c18a0c2_186644fdb18_-3575,37093,23020000.0,,170221532,37.7189205941596,-122.475512257049,SFPD-CROSSROADS,CITY STREET,03/17/2017 08:23:00 PM,2017 March 17,20:23:00,2017,March,Friday,GONZALEZ DR,CARDENAS AVE,0.0,Clear,Injury (Other Visible),Broadside,Pedestrian,"In Road, Including Shoulder",Dry,No Unusual Condition,Dark - Street Lights,Intersection <= 20ft,0.0,1,1.0,Pedestrian,West,Proceeding Straight,Driver,South,Proceeding Straight,POINT (-122.47551 37.71892),42.0,10.0,8.0,16.0,20
11418,vw_geo_sfpd_cr_switrs_all_types_col_cty_union.fid-c18a0c2_186644fdb18_-29a5,33219,24570000.0,,180224316,37.7992344827,-122.397669949,SFPD-INTERIM DB,CITY STREET,03/26/2018 08:53:00 AM,2018 March 26,08:53:00,2018,March,Monday,BROADWAY,THE EMBARCADERO,0.0,Clear,Injury (Complaint of Pain),Vehicle/Pedestrian,Pedestrian,Crossing in Crosswalk at Intersection,Dry,No Unusual Condition,Daylight,Intersection <= 20ft,0.0,1,1.0,Pedestrian,East,Proceeding Straight,Driver,South,Making Right Turn,POINT (-122.39767 37.799236),77.0,6.0,3.0,8.0,08
11425,vw_geo_sfpd_cr_switrs_all_types_col_cty_union.fid-c18a0c2_186644fdb18_-2eda,30421,25220000.000000004,12332000.0,170924899,37.7873372774758,-122.423418442021,SFPD-CROSSROADS,CITY STREET,11/13/2017 09:30:00 AM,2017 November 13,09:30:00,2017,November,Monday,SUTTER ST,FRANKLIN ST,4.0,Clear,Injury (Complaint of Pain),Vehicle/Pedestrian,Pedestrian,Crossing in Crosswalk at Intersection,Dry,No Unusual Condition,Daylight,Intersection <= 20ft,0.0,1,1.0,Driver,West,Making Left Turn,Pedestrian,South,Not Stated,POINT (-122.423416 37.78734),100.0,4.0,6.0,39.0,09
11439,vw_geo_sfpd_cr_switrs_all_types_col_cty_union.fid-c18a0c2_186644fdb18_-32c1,11287,25677000.0,,170515379,37.7615656734452,-122.423800671243,SFPD-CROSSROADS,CITY STREET,06/24/2017 07:40:00 PM,2017 June 24,19:40:00,2017,June,Saturday,GUERRERO ST,18TH ST,0.0,Cloudy,Injury (Other Visible),Vehicle/Pedestrian,Pedestrian,Crossing in Crosswalk at Intersection,Dry,No Unusual Condition,Daylight,Intersection <= 20ft,0.0,1,1.0,Pedestrian,East,Proceeding Straight,Driver,South,Proceeding Straight,POINT (-122.4238 37.761566),37.0,3.0,5.0,20.0,19
11463,vw_geo_sfpd_cr_switrs_all_types_col_cty_union.fid-c18a0c2_186644fdb18_-3213,5074,22140000.0,,170585043,37.7315739661146,-122.442020544381,SFPD-CROSSROADS,CITY STREET,07/18/2017 06:45:00 PM,2017 July 18,18:45:00,2017,July,Tuesday,MONTEREY BLVD,CONGO ST,0.0,Clear,Injury (Other Visible),Vehicle/Pedestrian,Pedestrian,Crossing in Crosswalk at Intersection,Dry,No Unusual Condition,Dusk - Dawn,Intersection <= 20ft,0.0,1,1.0,Driver,West,Proceeding Straight,Pedestrian,South,Not Stated,POINT (-122.442024 37.731575),95.0,9.0,8.0,41.0,18
11474,vw_geo_sfpd_cr_switrs_all_types_col_cty_union.fid-c18a0c2_186644fdb18_-3435,6830,21220000.0,5156000.0,170357739,37.738391040016,-122.417561247926,SFPD-CROSSROADS,CITY STREET,05/01/2017 06:43:00 PM,2017 May 01,18:43:00,2017,May,Monday,ELLERT ST,BENNINGTON ST,98.0,Clear,Injury (Complaint of Pain),Vehicle/Pedestrian,Pedestrian,Crossing Not in Crosswalk,Dry,No Unusual Condition,Dusk - Dawn,Midblock > 20ft,0.0,1,1.0,Pedestrian,South,Proceeding Straight,Driver,West,Proceeding Straight,POINT (-122.417564 37.73839),61.0,9.0,2.0,2.0,18
11475,vw_geo_sfpd_cr_switrs_all_types_col_cty_union.fid-c18a0c2_186644fdb18_-2ecf,27271,24678000.0,9298000.0,180517434,37.7903209308,-122.402247484,SFPD-INTERIM DB,CITY STREET,07/12/2018 04:38:00 PM,2018 July 12,16:38:00,2018,July,Thursday,MONTGOMERY ST,SUTTER ST,104.0,Clear,Injury (Other Visible),Vehicle/Pedestrian,Pedestrian,Crossing Not in Crosswalk,Dry,No Unusual Condition,Daylight,Midblock > 20ft,0.0,1,1.0,Pedestrian,East,Other,Driver,South,Proceeding Straight,POINT (-122.402245 37.79032),108.0,6.0,3.0,8.0,16
11477,vw_geo_sfpd_cr_switrs_all_types_col_cty_union.fid-c18a0c2_186644fdb18_-2d2e,2105,21744000.0,,180013335,37.7231299634,-122.435976888,SFPD-INTERIM DB,CITY STREET,01/05/2018 07:09:00 PM,2018 January 05,19:09:00,2018,January,Friday,PERSIA AVE,MISSION ST,0.0,Cloudy,Injury (Complaint of Pain),Vehicle/Pedestrian,Pedestrian,Crossing in Crosswalk at Intersection,Wet,No Unusual Condition,Dark - Street Lights,Intersection <= 20ft,0.0,1,1.0,Driver,South,Making Left Turn,Pedestrian,South,Proceeding Straight,POINT (-122.435974 37.72313),90.0,9.0,1.0,7.0,19
11483,vw_geo_sfpd_cr_switrs_all_types_col_cty_union.fid-c18a0c2_186644fdb18_-3037,24370,24334000.0,8238000.0,170785970,37.7818542051262,-122.413863757104,SFPD-CROSSROADS,CITY STREET,09/26/2017 12:48:00 PM,2017 September 26,12:48:00,2017,September,Tuesday,LEAVENWORTH ST,GOLDEN GATE AVE,3.0,Clear,Fatal,Vehicle/Pedestrian,Pedestrian,Crossing in Crosswalk at Intersection,Dry,No Unusual Condition,Daylight,Intersection <= 20ft,1.0,0,1.0,Driver,North,Proceeding Straight,Pedestrian,West,Not Stated,POINT (-122.413864 37.781853),21.0,5.0,10.0,36.0,12
11484,vw_geo_sfpd_cr_switrs_all_types_col_cty_union.fid-c18a0c2_186644fdb18_-2f6a,26183,24960000.0,,170873917,37.7867297451637,-122.413161444531,SFPD-CROSSROADS,CITY STREET,10/25/2017 09:10:00 PM,2017 October 25,21:10:00,2017,October,Wednesday,JONES ST,GEARY ST,0.0,Clear,Injury (Other Visible),Vehicle/Pedestrian,Pedestrian,Crossing in Crosswalk at Intersection,Dry,No Unusual Condition,Dark - Street Lights,Intersection <= 20ft,0.0,1,1.0,Pedestrian,West,Stopped In Road,Driver,South,Parking Maneuver,POINT (-122.41316 37.786728),20.0,6.0,10.0,36.0,21
11487,vw_geo_sfpd_cr_switrs_all_types_col_cty_union.fid-c18a0c2_186644fdb18_-2caa,14476,23823000.0,,180045093,37.7753322439,-122.39720631,SFPD-INTERIM DB,CITY STREET,01/17/2018 06:24:00 PM,2018 January 17,18:24:00,2018,January,Wednesday,TOWNSEND ST,05TH ST,0.0,Clear,Injury (Complaint of Pain),Vehicle/Pedestrian,Pedestrian,Crossing in Crosswalk at Intersection,Dry,No Unusual Condition,Dark - Street Lights,Intersection <= 20ft,0.0,1,1.0,Driver,East,Making Left Turn,Pedestrian,North,Proceeding Straight,POINT (-122.39721 37.775333),32.0,1.0,10.0,4.0,18
11502,vw_geo_sfpd_cr_switrs_all_types_col_cty_union.fid-c18a0c2_186644fdb18_-25a3,1217,21580000.0,8180000.0,180477957,37.7106817435,-122.452468924,SFPD-INTERIM DB,CITY STREET,06/27/2018 06:52:00 PM,2018 June 27,18:52:00,2018,June,Wednesday,LAWRENCE AVE,SEARS ST,25.0,Cloudy,Injury (Other Visible),Vehicle/Pedestrian,Pedestrian,Not in Road,Dry,No Unusual Condition,Daylight,Midblock > 20ft,0.0,1,1.0,Driver,West,Making Right Turn,Pedestrian,West,Proceeding Straight,POINT (-122.45247 37.710682),66.0,9.0,1.0,28.0,18
11512,vw_geo_sfpd_cr_switrs_all_types_col_cty_union.fid-c18a0c2_186644fdb18_-3113,8624,23987000.0,1338000.0,130160522,37.7525712179765,-122.413018214423,SFPD-CROSSROADS,CITY STREET,02/24/2013 01:02:00 PM,2013 February 24,13:02:00,2013,February,Sunday,24TH ST,TREAT AVE,7.0,Clear,Injury (Complaint of Pain),Vehicle/Pedestrian,Pedestrian,Crossing in Crosswalk at Intersection,Dry,No Unusual Condition,Daylight,Intersection <= 20ft,0.0,1,1.0,Driver,West,Proceeding Straight,Pedestrian,North,Not Stated,POINT (-122.41302 37.75257),53.0,3.0,2.0,20.0,13
11524,vw_geo_sfpd_cr_switrs_all_types_col_cty_union.fid-c18a0c2_186644fdb18_-2cee,27725,24909000.0,,180024661,37.7892256145,-122.408595045,SFPD-INTERIM DB,CITY STREET,01/09/2018 10:02:00 PM,2018 January 09,22:02:00,2018,January,Tuesday,POWELL ST,SUTTER ST,0.0,Clear,Injury (Complaint of Pain),Vehicle/Pedestrian,Pedestrian,Crossing in Crosswalk at Intersection,Dry,No Unusual Condition,Dark - Street Lights,Intersection <= 20ft,0.0,1,1.0,Driver,South,Making Right Turn,Pedestrian,North,Proceeding Straight,POINT (-122.40859 37.789227),19.0,6.0,3.0,8.0,22
11525,vw_geo_sfpd_cr_switrs_all_types_col_cty_union.fid-c18a0c2_186644fdb18_-2450,13850,23856000.0,375000.0,131019772,37.7730616784424,-122.403218353419,SFPD-CROSSROADS,CITY STREET,12/03/2013 10:57:00 AM,2013 December 03,10:57:00,2013,December,Tuesday,07TH ST,BRANNAN ST,5.0,Cloudy,Injury (Complaint of Pain),Vehicle/Pedestrian,Pedestrian,Crossing in Crosswalk at Intersection,Dry,No Unusual Condition,Daylight,Intersection <= 20ft,0.0,1,1.0,Driver,North,Making Left Turn,Pedestrian,West,Proceeding Straight,POINT (-122.40322 37.77306),33.0,1.0,10.0,34.0,10
11527,vw_geo_sfpd_cr_switrs_all_types_col_cty_union.fid-c18a0c2_186644fdb18_-251b,44389,27883000.0,2682000.0,180509613,37.7757143102,-122.497342896,SFPD-INTERIM DB,CITY STREET,07/09/2018 06:56:00 PM,2018 July 09,18:56:00,2018,July,Monday,BALBOA ST,37TH AVE,7.0,Clear,Injury (Other Visible),Vehicle/Pedestrian,Pedestrian,Crossing in Crosswalk at Intersection,Dry,No Unusual Condition,Daylight,Intersection <= 20ft,0.0,1,1.0,Driver,West,Proceeding Straight,Pedestrian,South,Other,POINT (-122.497345 37.775715),8.0,8.0,4.0,29.0,18
11530,vw_geo_sfpd_cr_switrs_all_types_col_cty_union.fid-c18a0c2_186644fdb18_-2869,24813,24925000.0,12428000.0,180304413,37.7841545811,-122.410954354,SFPD-INTERIM DB,CITY STREET,04/24/2018 06:30:00 PM,2018 April 24,18:30:00,2018,April,Tuesday,TAYLOR ST,EDDY ST,5.0,Clear,Injury (Severe),Vehicle/Pedestrian,Pedestrian,Crossing in Crosswalk at Intersection,Dry,No Unusual Condition,Dusk - Dawn,Intersection <= 20ft,0.0,2,1.0,Driver,North,Making Left Turn,Pedestrian,West,Proceeding Straight,POINT (-122.41096 37.784153),20.0,5.0,10.0,36.0,18
11549,vw_geo_sfpd_cr_switrs_all_types_col_cty_union.fid-c18a0c2_186644fdb18_-3495,4593,22229000.0,5640000.0,170321790,37.7299211776913,-122.448855217034,SFPD-CROSSROADS,CITY STREET,04/19/2017 05:48:00 PM,2017 April 19,17:48:00,2017,April,Wednesday,FOERSTER ST,FLOOD AVE,14.0,Clear,Injury (Other Visible),Vehicle/Pedestrian,Pedestrian,"In Road, Including Shoulder",Dry,No Unusual Condition,Daylight,Intersection <= 20ft,0.0,1,1.0,Pedestrian,North,Proceeding Straight,Driver,North,Making Left Turn,POINT (-122.44885 37.72992),95.0,9.0,8.0,41.0,17
11552,vw_geo_sfpd_cr_switrs_all_types_col_cty_union.fid-c18a0c2_186644fdb18_-28b4,34888,26734000.0,,180279872,37.7993697238,-122.432580753,SFPD-INTERIM DB,CITY STREET,04/15/2018 06:05:00 PM,2018 April 15,18:05:00,2018,April,Sunday,GREENWICH ST,BUCHANAN ST,0.0,Raining,Injury (Complaint of Pain),Vehicle/Pedestrian,Pedestrian,Crossing in Crosswalk at Intersection,Wet,No Unusual Condition,Dark - Street Lights,Intersection <= 20ft,0.0,1,1.0,Driver,West,Proceeding Straight,Pedestrian,North,Proceeding Straight,POINT (-122.43258 37.79937),15.0,4.0,6.0,13.0,18