,id,unique_id,cnn_intrsctn_fkey,cnn_sgmt_fkey,case_id_pkey,tb_latitude,tb_longitude,geocode_source,geocode_location,collision_datetime,collision_date,collision_time,accident_year,month,day_of_week,primary_rd,secondary_rd,distance,weather_1,collision_severity,type_of_collision,mviw,ped_action,road_surface,road_cond_1,lighting,intersection,number_killed,number_injured,party_at_fault,party1_type,party1_dir_of_travel,party1_move_pre_acc,party2_type,party2_dir_of_travel,party2_move_pre_acc,point,Neighborhoods,Current Police Districts,Current Supervisor Districts,Analysis Neighborhoods,hour
11554,vw_geo_sfpd_cr_switrs_all_types_col_cty_union.fid-c18a0c2_186644fdb18_-2904,2832,33273000.0,,180260382,37.7252351119,-122.402600412,SFPD-INTERIM DB,CITY STREET,04/08/2018 09:50:00 PM,2018 April 08,21:50:00,2018,April,Sunday,SAN BRUNO AVE,WOOLSEY ST,0.0,Clear,Injury (Severe),Broadside,Pedestrian,Crossing in Crosswalk at Intersection,Dry,No Unusual Condition,Dark - Street Lights,Intersection <= 20ft,0.0,1,1.0,Driver,North,Proceeding Straight,Pedestrian,East,Proceeding Straight,POINT (-122.4026 37.725235),91.0,2.0,2.0,25.0,21
11557,vw_geo_sfpd_cr_switrs_all_types_col_cty_union.fid-c18a0c2_186644fdb18_-22e9,33239,30056000.0,13405000.0,150798313,37.7961177595211,-122.39866451,SFPD-CROSSROADS,CITY STREET,09/11/2015 02:35:00 PM,2015 September 11,14:35:00,2015,September,Friday,WASHINGTON ST,DAVIS ST,150.0,Clear,Injury (Other Visible),Vehicle/Pedestrian,Pedestrian,"In Road, Including Shoulder",Dry,No Unusual Condition,Daylight,Midblock > 20ft,0.0,1,1.0,Pedestrian,East,Proceeding Straight,Driver,North,Not Stated,POINT (-122.39867 37.796116),108.0,6.0,3.0,8.0,14
11558,vw_geo_sfpd_cr_switrs_all_types_col_cty_union.fid-c18a0c2_186644fdb18_-3759,15562,24312000.0,,170012068,37.7758006862786,-122.414173205358,SFPD-CROSSROADS,CITY STREET,01/05/2017 12:01:00 PM,2017 January 05,12:01:00,2017,January,Thursday,MINNA ST,09TH ST,0.0,Clear,Injury (Complaint of Pain),Vehicle/Pedestrian,Pedestrian,Crossing in Crosswalk at Intersection,Dry,No Unusual Condition,Daylight,Intersection <= 20ft,0.0,1,1.0,Driver,West,Not Stated,Pedestrian,South,Stopped In Road,POINT (-122.41418 37.7758),32.0,1.0,10.0,34.0,12
11568,vw_geo_sfpd_cr_switrs_all_types_col_cty_union.fid-c18a0c2_186644fdb18_-227b,31911,25226000.0,13156102.0,180695400,37.7892942683,-122.422216525,SFPD-INTERIM DB,CITY STREET,09/13/2018 09:07:00 PM,2018 September 13,21:07:00,2018,September,Thursday,VAN NESS AVE,PINE ST,50.0,Clear,Injury (Other Visible),Vehicle/Pedestrian,Pedestrian,Crossing Not in Crosswalk,Dry,No Unusual Condition,Dark - Street Lights,Midblock > 20ft,0.0,1,1.0,Pedestrian,West,Proceeding Straight,Driver,South,Proceeding Straight,POINT (-122.42222 37.789295),100.0,4.0,6.0,39.0,21
11569,vw_geo_sfpd_cr_switrs_all_types_col_cty_union.fid-c18a0c2_186644fdb18_-1ff3,41837,27804000.000000004,,180844328,37.7644061409,-122.500830595,SFPD-INTERIM DB,CITY STREET,11/06/2018 09:30:00 AM,2018 November 06,09:30:00,2018,November,Tuesday,LINCOLN WAY,41ST AVE,0.0,Clear,Injury (Other Visible),Vehicle/Pedestrian,Pedestrian,Crossing in Crosswalk at Intersection,Dry,No Unusual Condition,Daylight,Intersection <= 20ft,0.0,1,1.0,Driver,South,Making Left Turn,Pedestrian,North,Proceeding Straight,POINT (-122.50083 37.764404),39.0,10.0,7.0,35.0,09
11570,vw_geo_sfpd_cr_switrs_all_types_col_cty_union.fid-c18a0c2_186644fdb18_-2d87,9844,24022000.0,10660000.0,140123338,37.7661192330292,-122.407573238003,SFPD-CROSSROADS,CITY STREET,02/11/2014 12:04:00 PM,2014 February 11,12:04:00,2014,February,Tuesday,POTRERO AVE,16TH ST,123.0,Clear,Injury (Complaint of Pain),Vehicle/Pedestrian,Pedestrian,Crossing Not in Crosswalk,Dry,No Unusual Condition,Daylight,Midblock > 20ft,0.0,1,1.0,Pedestrian,East,Entering Traffic,Driver,South,Proceeding Straight,POINT (-122.40757 37.76612),53.0,3.0,9.0,20.0,12
11588,vw_geo_sfpd_cr_switrs_all_types_col_cty_union.fid-c18a0c2_186644fdb18_-367f,2089,21744000.0,,170104273,37.7231299634425,-122.435976888457,SFPD-CROSSROADS,CITY STREET,02/06/2017 12:15:00 PM,2017 February 06,12:15:00,2017,February,Monday,MISSION ST,PERSIA AVE,0.0,Raining,Injury (Complaint of Pain),Vehicle/Pedestrian,Pedestrian,Crossing in Crosswalk at Intersection,Wet,No Unusual Condition,Daylight,Intersection <= 20ft,0.0,1,1.0,Driver,East,Making Left Turn,Pedestrian,North,Proceeding Straight,POINT (-122.435974 37.72313),90.0,9.0,1.0,7.0,12
11595,vw_geo_sfpd_cr_switrs_all_types_col_cty_union.fid-c18a0c2_186644fdb18_-224f,14660,23799000.0,,180702237,37.7781256975,-122.391840525,SFPD-INTERIM DB,CITY STREET,09/16/2018 01:54:00 PM,2018 September 16,13:54:00,2018,September,Sunday,KING ST,03RD ST,0.0,Clear,Injury (Complaint of Pain),Vehicle/Pedestrian,Pedestrian,Crossing in Crosswalk at Intersection,Dry,No Unusual Condition,Daylight,Intersection <= 20ft,0.0,1,1.0,Pedestrian,South,Not Stated,Driver,East,Proceeding Straight,POINT (-122.39184 37.778126),34.0,1.0,10.0,4.0,13
11599,vw_geo_sfpd_cr_switrs_all_types_col_cty_union.fid-c18a0c2_186644fdb18_-2aed,13155,34186000.0,,180152864,37.7693908651,-122.398617492,SFPD-INTERIM DB,CITY STREET,02/26/2018 04:49:00 PM,2018 February 26,16:49:00,2018,February,Monday,07TH ST,MISSION BAY BLVD NORTH,0.0,Clear,Injury (Severe),Vehicle/Pedestrian,Pedestrian,Crossing in Crosswalk at Intersection,Dry,No Unusual Condition,Daylight,Intersection <= 20ft,0.0,1,1.0,Driver,South,Proceeding Straight,Pedestrian,West,Proceeding Straight,POINT (-122.39862 37.76939),34.0,1.0,9.0,4.0,16
11612,vw_geo_sfpd_cr_switrs_all_types_col_cty_union.fid-c18a0c2_186644fdb18_-27ea,28895,25148000.0,,170719634,37.7833108898927,-122.417528773168,SFPD-CROSSROADS,CITY STREET,09/03/2017 06:00:00 PM,2017 September 03,18:00:00,2017,September,Sunday,EDDY ST,LARKIN ST,0.0,Clear,Injury (Complaint of Pain),Vehicle/Pedestrian,Pedestrian,Crossing in Crosswalk at Intersection,Dry,No Unusual Condition,Daylight,Intersection <= 20ft,0.0,1,1.0,Pedestrian,North,Proceeding Straight,Driver,West,Stopped In Road,POINT (-122.41753 37.78331),20.0,5.0,10.0,36.0,18
11626,vw_geo_sfpd_cr_switrs_all_types_col_cty_union.fid-c18a0c2_186644fdb18_-2be6,33584,25330000.0,4293000.0,160452446,37.7981599884904,-122.407094377733,SFPD-CROSSROADS,CITY STREET,06/03/2016 03:44:00 AM,2016 June 03,03:44:00,2016,June,Friday,COLUMBUS AVE,BROADWAY,164.0,Clear,Injury (Other Visible),Vehicle/Pedestrian,Pedestrian,Crossing Not in Crosswalk,Dry,No Unusual Condition,Dark - Street Lights,Midblock > 20ft,0.0,1,1.0,Pedestrian,West,Proceeding Straight,Driver,South,Other,POINT (-122.4071 37.79816),106.0,6.0,3.0,6.0,03
11638,vw_geo_sfpd_cr_switrs_all_types_col_cty_union.fid-c18a0c2_186644fdb18_-226f,15898,24311000.0,,180697901,37.7774574199,-122.413157692,SFPD-INTERIM DB,CITY STREET,09/14/2018 06:44:00 PM,2018 September 14,18:44:00,2018,September,Friday,MISSION ST,08TH ST,0.0,Clear,Injury (Other Visible),Vehicle/Pedestrian,Pedestrian,Crossing in Crosswalk at Intersection,Dry,Construction or Repair Zone,Daylight,Intersection <= 20ft,0.0,1,1.0,Driver,East,Making Left Turn,Pedestrian,North,Proceeding Straight,POINT (-122.413155 37.77746),32.0,1.0,10.0,34.0,18
11641,vw_geo_sfpd_cr_switrs_all_types_col_cty_union.fid-c18a0c2_186644fdb18_-2cb5,23093,24513000.0,,170311832,37.7825535929632,-122.397385537837,SFPD-CROSSROADS,CITY STREET,04/16/2017 12:24:00 PM,2017 April 16,12:24:00,2017,April,Sunday,03RD ST,HARRISON ST,0.0,Raining,Injury (Complaint of Pain),Vehicle/Pedestrian,Pedestrian,Crossing in Crosswalk at Intersection,Wet,No Unusual Condition,Daylight,Intersection <= 20ft,0.0,1,1.0,Driver,East,Not Stated,Pedestrian,North,Proceeding Straight,POINT (-122.397385 37.782555),32.0,1.0,10.0,8.0,12
11655,vw_geo_sfpd_cr_switrs_all_types_col_cty_union.fid-c18a0c2_186644fdb18_-35df,4278,21696000.0,,170172797,37.7299305882209,-122.430110917499,SFPD-CROSSROADS,CITY STREET,03/01/2017 06:44:00 PM,2017 March 01,18:44:00,2017,March,Wednesday,MISSION ST,NEY ST,0.0,Clear,Fatal,Vehicle/Pedestrian,Pedestrian,Crossing in Crosswalk at Intersection,Dry,No Unusual Condition,Dark - Street Lights,Intersection <= 20ft,1.0,0,1.0,Driver,North,Proceeding Straight,Pedestrian,East,Not Stated,POINT (-122.43011 37.72993),94.0,9.0,1.0,7.0,18
11664,vw_geo_sfpd_cr_switrs_all_types_col_cty_union.fid-c18a0c2_186644fdb18_-2200,27698,24980000.000000004,12202000.0,180716517,37.7918531648,-122.40743709,SFPD-INTERIM DB,CITY STREET,09/21/2018 12:45:00 PM,2018 September 21,12:45:00,2018,September,Friday,STOCKTON ST,CALIFORNIA ST,147.0,Clear,Injury (Severe),Vehicle/Pedestrian,Pedestrian,Not in Road,Dry,No Unusual Condition,Daylight,Midblock > 20ft,0.0,1,1.0,Driver,East,Backing,Pedestrian,South,Proceeding Straight,POINT (-122.40744 37.791855),16.0,6.0,3.0,8.0,12
11667,vw_geo_sfpd_cr_switrs_all_types_col_cty_union.fid-c18a0c2_186644fdb18_-2da3,27950,25002000.0,3540000.0,130845053,37.791947256494,-122.409925673156,SFPD-CROSSROADS,CITY STREET,10/06/2013 05:00:00 PM,2013 October 06,17:00:00,2013,October,Sunday,CALIFORNIA ST,MASON ST,261.0,Clear,Injury (Other Visible),Vehicle/Pedestrian,Pedestrian,Crossing Not in Crosswalk,Dry,No Unusual Condition,Daylight,Midblock > 20ft,0.0,1,1.0,Pedestrian,North,Proceeding Straight,Driver,East,Proceeding Straight,POINT (-122.40993 37.791946),16.0,6.0,3.0,21.0,17
11668,vw_geo_sfpd_cr_switrs_all_types_col_cty_union.fid-c18a0c2_186644fdb18_-25d2,27089,30725000.0,12553103.0,180467271,37.7949294519,-122.394262347,SFPD-INTERIM DB,CITY STREET,06/24/2018 02:27:00 AM,2018 June 24,02:27:00,2018,June,Sunday,THE EMBARCADERO,DON CHEE WAY,386.0,Clear,Injury (Complaint of Pain),Vehicle/Pedestrian,Pedestrian,Crossing Not in Crosswalk,Dry,No Unusual Condition,Dark - Street Lights,Midblock > 20ft,0.0,1,1.0,Driver,South,Proceeding Straight,Pedestrian,West,Proceeding Straight,POINT (-122.394264 37.79493),108.0,6.0,3.0,8.0,02
11678,vw_geo_sfpd_cr_switrs_all_types_col_cty_union.fid-c18a0c2_186644fdb18_-261e,30644,26591000.0,,151082260,37.7853726470659,-122.431366396652,SFPD-CROSSROADS,CITY STREET,12/15/2015 02:30:00 PM,2015 December 15,14:30:00,2015,December,Tuesday,POST ST,WEBSTER ST,0.0,Clear,Injury (Other Visible),Vehicle/Pedestrian,Pedestrian,Crossing in Crosswalk at Intersection,Dry,No Unusual Condition,Daylight,Intersection <= 20ft,0.0,1,1.0,Driver,South,Making Left Turn,Pedestrian,East,Proceeding Straight,POINT (-122.431366 37.785374),101.0,4.0,11.0,15.0,14
11692,vw_geo_sfpd_cr_switrs_all_types_col_cty_union.fid-c18a0c2_186644fdb18_-303c,39000,23177000.0,1152000.0,170785174,37.7410092367699,-122.478772019203,SFPD-CROSSROADS,CITY STREET,09/26/2017 07:52:00 AM,2017 September 26,07:52:00,2017,September,Tuesday,22ND AVE,ULLOA ST,12.0,Clear,Injury (Other Visible),Vehicle/Pedestrian,Pedestrian,Crossing in Crosswalk at Intersection,Dry,No Unusual Condition,Daylight,Intersection <= 20ft,0.0,1,,Driver,East,Stopped In Road,Pedestrian,North,Proceeding Straight,POINT (-122.478775 37.74101),40.0,10.0,7.0,35.0,07
11696,vw_geo_sfpd_cr_switrs_all_types_col_cty_union.fid-c18a0c2_186644fdb18_-2bf5,44619,27246000.0,,180091397,37.783136488,-122.460137199,SFPD-INTERIM DB,CITY STREET,02/03/2018 01:20:00 PM,2018 February 03,13:20:00,2018,February,Saturday,CLEMENT ST,02ND AVE,0.0,Clear,Injury (Complaint of Pain),Vehicle/Pedestrian,Pedestrian,Crossing in Crosswalk at Intersection,Dry,No Unusual Condition,Daylight,Intersection <= 20ft,0.0,1,1.0,Driver,East,Proceeding Straight,Pedestrian,South,Proceeding Straight,POINT (-122.46014 37.78314),5.0,8.0,4.0,11.0,13
11698,vw_geo_sfpd_cr_switrs_all_types_col_cty_union.fid-c18a0c2_186644fdb18_-31ae,143,33210000.0,6691000.0,170625865,37.7100128558735,-122.391497998461,SFPD-CROSSROADS,CITY STREET,08/01/2017 07:02:00 PM,2017 August 01,19:02:00,2017,August,Tuesday,HARNEY WAY,EXECUTIVE PARK BLVD,219.0,Clear,Fatal,Vehicle/Pedestrian,Pedestrian,Not in Road,Dry,No Unusual Condition,Daylight,Midblock > 20ft,1.0,1,1.0,Driver,West,Proceeding Straight,Pedestrian,West,Not Stated,POINT (-122.391495 37.710014),79.0,2.0,9.0,1.0,19
11699,vw_geo_sfpd_cr_switrs_all_types_col_cty_union.fid-c18a0c2_186644fdb18_-30e8,38090,22943000.0,,170711646,37.7374171475781,-122.46830960822,SFPD-CROSSROADS,CITY STREET,08/31/2017 08:10:00 PM,2017 August 31,20:10:00,2017,August,Thursday,PORTOLA DR,SAN ANSELMO AVE,0.0,Clear,Injury (Other Visible),Vehicle/Pedestrian,Pedestrian,Crossing in Crosswalk at Intersection,Dry,No Unusual Condition,Dark - Street Lights,Intersection <= 20ft,0.0,1,1.0,Driver,East,Making Left Turn,Pedestrian,South,Proceeding Straight,POINT (-122.46831 37.737415),116.0,10.0,8.0,41.0,20
11704,vw_geo_sfpd_cr_switrs_all_types_col_cty_union.fid-c18a0c2_186644fdb18_-2e31,27528,24673000.0,,150613614,37.792408220587,-122.39858783403,SFPD-CROSSROADS,CITY STREET,07/14/2015 04:25:00 PM,2015 July 14,16:25:00,2015,July,Tuesday,PINE ST,FRONT ST,0.0,Clear,Injury (Complaint of Pain),Broadside,Pedestrian,Crossing in Crosswalk at Intersection,Dry,No Unusual Condition,Daylight,Intersection <= 20ft,0.0,1,1.0,Driver,West,Making Left Turn,Pedestrian,South,Proceeding Straight,POINT (-122.39859 37.792408),108.0,6.0,3.0,8.0,16
11706,vw_geo_sfpd_cr_switrs_all_types_col_cty_union.fid-c18a0c2_186644fdb18_-248a,35737,26701000.0,,180548821,37.8043549248,-122.423466053,SFPD-INTERIM DB,CITY STREET,07/23/2018 08:20:00 PM,2018 July 23,20:20:00,2018,July,Monday,BAY ST,POLK ST,0.0,Clear,Injury (Other Visible),Vehicle/Pedestrian,Pedestrian,Crossing in Crosswalk at Intersection,Dry,No Unusual Condition,Dark - Street Lights,Intersection <= 20ft,0.0,1,1.0,Driver,East,Proceeding Straight,Pedestrian,North,Proceeding Straight,POINT (-122.42347 37.804356),98.0,6.0,6.0,32.0,20
11708,vw_geo_sfpd_cr_switrs_all_types_col_cty_union.fid-c18a0c2_186644fdb18_-2c9f,16560,24317000.000000004,9101000.0,180046881,37.7782967887,-122.412094962,SFPD-INTERIM DB,CITY STREET,01/18/2018 12:37:00 PM,2018 January 18,12:37:00,2018,January,Thursday,MISSION ST,JULIA ST,130.0,Cloudy,Injury (Other Visible),Vehicle/Pedestrian,Pedestrian,Crossing Not in Crosswalk,Wet,No Unusual Condition,Daylight,Midblock > 20ft,0.0,1,1.0,Pedestrian,South,Not Stated,Driver,East,Proceeding Straight,POINT (-122.412094 37.778297),32.0,1.0,10.0,34.0,12
11710,vw_geo_sfpd_cr_switrs_all_types_col_cty_union.fid-c18a0c2_186644fdb18_-3549,3570,20770000.0,11924000.0,170239648,37.732312802409,-122.406016299968,SFPD-CROSSROADS,CITY STREET,03/23/2017 06:42:00 PM,2017 March 23,18:42:00,2017,March,Thursday,SILVER AVE,SAN BRUNO AVE,127.0,Clear,Injury (Other Visible),Vehicle/Pedestrian,Pedestrian,Crossing Not in Crosswalk,Dry,No Unusual Condition,Dusk - Dawn,Midblock > 20ft,0.0,1,1.0,Pedestrian,South,Entering Traffic,Driver,West,Proceeding Straight,POINT (-122.40601 37.73231),91.0,2.0,2.0,25.0,18
11714,vw_geo_sfpd_cr_switrs_all_types_col_cty_union.fid-c18a0c2_186644fdb18_-2c95,24521,24934000.0,8240000.0,180051498,37.7828473039,-122.414064446,SFPD-INTERIM DB,CITY STREET,01/20/2018 02:50:00 AM,2018 January 20,02:50:00,2018,January,Saturday,LEAVENWORTH ST,TURK ST,20.0,Clear,Injury (Complaint of Pain),Vehicle/Pedestrian,Pedestrian,Crossing Not in Crosswalk,Dry,No Unusual Condition,Dark - Street Lights,Intersection <= 20ft,0.0,1,1.0,Pedestrian,West,Not Stated,Driver,North,Proceeding Straight,POINT (-122.41406 37.78285),20.0,5.0,10.0,36.0,02
11720,vw_geo_sfpd_cr_switrs_all_types_col_cty_union.fid-c18a0c2_186644fdb18_-3607,229,20298000.0,,170149796,37.7121794860998,-122.40245947948,SFPD-CROSSROADS,CITY STREET,02/21/2017 07:13:00 PM,2017 February 21,19:13:00,2017,February,Tuesday,SAN BRUNO AVE,ARLETA AVE,0.0,Clear,Injury (Complaint of Pain),Vehicle/Pedestrian,Pedestrian,Crossing in Crosswalk at Intersection,Wet,No Unusual Condition,Dark - Street Lights,Intersection <= 20ft,0.0,1,1.0,Driver,South,Slowing/Stopping,Pedestrian,West,Proceeding Straight,POINT (-122.40246 37.71218),75.0,9.0,9.0,40.0,19
11723,vw_geo_sfpd_cr_switrs_all_types_col_cty_union.fid-c18a0c2_186644fdb18_-2261,23037,24490000.0,,180700576,37.7830778542,-122.393618076,SFPD-INTERIM DB,CITY STREET,09/15/2018 07:34:00 PM,2018 September 15,19:34:00,2018,September,Saturday,02ND ST,BRYANT ST,0.0,Clear,Injury (Complaint of Pain),Vehicle/Pedestrian,Pedestrian,Crossing in Crosswalk at Intersection,Dry,No Unusual Condition,Dark - Street Lights,Intersection <= 20ft,0.0,2,1.0,Driver,North,Making Left Turn,Pedestrian,West,Proceeding Straight,POINT (-122.393616 37.783077),31.0,1.0,10.0,8.0,19
11725,vw_geo_sfpd_cr_switrs_all_types_col_cty_union.fid-c18a0c2_186644fdb18_-368b,15783,24313000.000000004,,170094969,37.7762305203006,-122.414711003362,SFPD-CROSSROADS,CITY STREET,02/03/2017 07:52:00 AM,2017 February 03,07:52:00,2017,February,Friday,MISSION ST,09TH ST,0.0,Cloudy,Injury (Complaint of Pain),Broadside,Pedestrian,Crossing in Crosswalk at Intersection,Wet,No Unusual Condition,Daylight,Intersection <= 20ft,0.0,1,1.0,Driver,North,Proceeding Straight,Pedestrian,East,Proceeding Straight,POINT (-122.41471 37.77623),32.0,1.0,10.0,34.0,07
11727,vw_geo_sfpd_cr_switrs_all_types_col_cty_union.fid-c18a0c2_186644fdb18_-21e5,11192,24156000.0,,180722069,37.7617474934,-122.420812736,SFPD-INTERIM DB,CITY STREET,09/23/2018 02:16:00 PM,2018 September 23,14:16:00,2018,September,Sunday,18TH ST,LEXINGTON ST,0.0,Clear,Injury (Complaint of Pain),Vehicle/Pedestrian,Pedestrian,Crossing in Crosswalk at Intersection,Dry,No Unusual Condition,Daylight,Intersection <= 20ft,0.0,1,1.0,Driver,West,Backing,Pedestrian,South,Proceeding Straight,POINT (-122.420815 37.76175),53.0,3.0,2.0,20.0,14
11734,vw_geo_sfpd_cr_switrs_all_types_col_cty_union.fid-c18a0c2_186644fdb18_-29d8,7940,25605000.000000004,,180211567,37.7519112945,-122.423988398,SFPD-INTERIM DB,CITY STREET,03/21/2018 07:50:00 AM,2018 March 21,07:50:00,2018,March,Wednesday,24TH ST,FAIR OAKS ST,0.0,Cloudy,Injury (Other Visible),Vehicle/Pedestrian,Pedestrian,Crossing in Crosswalk at Intersection,Wet,No Unusual Condition,Daylight,Intersection <= 20ft,0.0,3,1.0,Driver,North,Stopped In Road,Pedestrian,South,Not Stated,POINT (-122.42399 37.75191),52.0,3.0,5.0,20.0,07
11737,vw_geo_sfpd_cr_switrs_all_types_col_cty_union.fid-c18a0c2_186644fdb18_-285a,8509,23729000.0,,150956339,37.7543957929599,-122.404484364775,SFPD-CROSSROADS,CITY STREET,11/02/2015 08:15:00 AM,2015 November 02,08:15:00,2015,November,Monday,23RD ST,SAN BRUNO AVE,0.0,Cloudy,Injury (Other Visible),Vehicle/Pedestrian,Pedestrian,Crossing in Crosswalk at Intersection,Wet,No Unusual Condition,Daylight,Intersection <= 20ft,0.0,1,,Pedestrian,North,Not Stated,Driver,West,Proceeding Straight,POINT (-122.40449 37.754395),54.0,3.0,9.0,20.0,08
11740,vw_geo_sfpd_cr_switrs_all_types_col_cty_union.fid-c18a0c2_186644fdb18_-287d,33715,25130000.0,,180249784,37.7960835522,-122.413366183,SFPD-INTERIM DB,CITY STREET,04/04/2018 04:21:00 PM,2018 April 04,16:21:00,2018,April,Wednesday,TAYLOR ST,PACIFIC AVE,0.0,Clear,Injury (Other Visible),Broadside,Pedestrian,"In Road, Including Shoulder",Dry,No Unusual Condition,Daylight,Intersection <= 20ft,0.0,1,,Pedestrian,North,Proceeding Straight,Driver,East,Proceeding Straight,POINT (-122.41337 37.796085),107.0,6.0,3.0,21.0,16
11741,vw_geo_sfpd_cr_switrs_all_types_col_cty_union.fid-c18a0c2_186644fdb18_-2d29,35002,26695000.000000004,13170201.0,180013658,37.8021666429,-122.424603617,SFPD-INTERIM DB,CITY STREET,01/05/2018 08:54:00 PM,2018 January 05,20:54:00,2018,January,Friday,VAN NESS AVE,CHESTNUT ST,47.0,Raining,Injury (Severe),Vehicle/Pedestrian,Pedestrian,Crossing Not in Crosswalk,Wet,No Unusual Condition,Dark - Street Lights,Midblock > 20ft,0.0,1,1.0,Pedestrian,East,Other,Driver,North,Proceeding Straight,POINT (-122.42461 37.802166),107.0,4.0,6.0,32.0,20
11753,vw_geo_sfpd_cr_switrs_all_types_col_cty_union.fid-c18a0c2_186644fdb18_-24db,31770,25222000.0,10568000.0,130207550,37.7896080887762,-122.42049094185,SFPD-CROSSROADS,CITY STREET,03/12/2013 03:51:00 PM,2013 March 12,15:51:00,2013,March,Tuesday,POLK ST,PINE ST,5.0,Clear,Injury (Complaint of Pain),Vehicle/Pedestrian,Pedestrian,Crossing in Crosswalk at Intersection,Dry,No Unusual Condition,Daylight,Intersection <= 20ft,0.0,1,1.0,Driver,West,Making Left Turn,Pedestrian,East,Other,POINT (-122.420494 37.789608),50.0,4.0,3.0,21.0,15
11755,vw_geo_sfpd_cr_switrs_all_types_col_cty_union.fid-c18a0c2_186644fdb18_-1fe4,34845,26583000.0,12868000.0,180012973,37.7976797365,-122.43084576,SFPD-INTERIM DB,CITY STREET,01/05/2018 05:37:00 PM,2018 January 05,17:37:00,2018,January,Friday,UNION ST,LAGUNA ST,84.0,Raining,Injury (Other Visible),Vehicle/Pedestrian,Pedestrian,Crossing Not in Crosswalk,Dry,No Unusual Condition,Dark - Street Lights,Midblock > 20ft,0.0,1,1.0,Pedestrian,North,Proceeding Straight,Driver,West,Proceeding Straight,POINT (-122.43085 37.79768),15.0,4.0,6.0,13.0,17
11756,vw_geo_sfpd_cr_switrs_all_types_col_cty_union.fid-c18a0c2_186644fdb18_-2973,8038,25738000.0,1362000.0,130801629,37.7513915175042,-122.432633634443,SFPD-CROSSROADS,CITY STREET,09/23/2013 01:15:00 PM,2013 September 23,13:15:00,2013,September,Monday,24TH ST,NOE ST,219.0,Clear,Injury (Severe),Head-On,Pedestrian,Crossing Not in Crosswalk,Dry,No Unusual Condition,Daylight,Midblock > 20ft,0.0,2,1.0,Bicyclist,East,Proceeding Straight,Pedestrian,North,Not Stated,POINT (-122.43263 37.751392),84.0,3.0,5.0,22.0,13
11764,vw_geo_sfpd_cr_switrs_all_types_col_cty_union.fid-c18a0c2_186644fdb18_-33e0,31686,26915000.0,,150124871,37.787049383139,-122.448468375707,SFPD-CROSSROADS,CITY STREET,02/10/2015 09:26:00 AM,2015 February 10,09:26:00,2015,February,Tuesday,CALIFORNIA ST,WALNUT ST,0.0,Clear,Injury (Complaint of Pain),Vehicle/Pedestrian,Pedestrian,Crossing in Crosswalk at Intersection,Dry,No Unusual Condition,Daylight,Intersection <= 20ft,0.0,1,1.0,Driver,East,Making Left Turn,Pedestrian,North,Proceeding Straight,POINT (-122.44847 37.78705),10.0,8.0,6.0,31.0,09
11765,vw_geo_sfpd_cr_switrs_all_types_col_cty_union.fid-c18a0c2_186644fdb18_-2b34,20687,24436000.0,,180139367,37.7775117111,-122.418043168,SFPD-INTERIM DB,CITY STREET,02/21/2018 04:45:00 PM,2018 February 21,16:45:00,2018,February,Wednesday,HAYES ST,POLK ST,0.0,Clear,Injury (Complaint of Pain),Vehicle/Pedestrian,Pedestrian,Crossing in Crosswalk at Intersection,Dry,No Unusual Condition,Daylight,Intersection <= 20ft,0.0,1,1.0,Driver,West,Making Left Turn,Pedestrian,West,Other,POINT (-122.418045 37.77751),21.0,4.0,10.0,36.0,16
11774,vw_geo_sfpd_cr_switrs_all_types_col_cty_union.fid-c18a0c2_186644fdb18_-2f6f,38878,22990000.0,,170872856,37.7432891692436,-122.470234915266,SFPD-CROSSROADS,CITY STREET,10/25/2017 03:43:00 PM,2017 October 25,15:43:00,2017,October,Wednesday,14TH AVE,TARAVAL ST,0.0,Clear,Injury (Other Visible),Vehicle/Pedestrian,Pedestrian,Crossing in Crosswalk at Intersection,Dry,No Unusual Condition,Daylight,Intersection <= 20ft,0.0,1,1.0,Pedestrian,West,Proceeding Straight,Driver,North,Proceeding Straight,POINT (-122.47024 37.74329),44.0,10.0,8.0,41.0,15
11775,vw_geo_sfpd_cr_switrs_all_types_col_cty_union.fid-c18a0c2_186644fdb18_-29b8,18580,24388000.0,9109102.0,180220803,37.7731878918,-122.418329069,SFPD-INTERIM DB,CITY STREET,03/24/2018 05:23:00 PM,2018 March 24,17:23:00,2018,March,Saturday,MISSION ST,VAN NESS AVE,92.0,Cloudy,Injury (Other Visible),Vehicle/Pedestrian,Pedestrian,Crossing Not in Crosswalk,Dry,No Unusual Condition,Daylight,Midblock > 20ft,0.0,1,1.0,Pedestrian,South,Not Stated,Driver,West,Proceeding Straight,POINT (-122.41833 37.77319),32.0,1.0,10.0,20.0,17
11783,vw_geo_sfpd_cr_switrs_all_types_col_cty_union.fid-c18a0c2_186644fdb18_-2f0f,27041,30726000.0,8737201.0,170906267,37.7936461797328,-122.395891571677,SFPD-CROSSROADS,CITY STREET,11/06/2017 01:15:00 PM,2017 November 06,13:15:00,2017,November,Monday,CALIFORNIA ST,DRUMM ST,120.0,Clear,Injury (Other Visible),Vehicle/Pedestrian,Pedestrian,Crossing Not in Crosswalk,Dry,No Unusual Condition,Daylight,Midblock > 20ft,0.0,1,,Pedestrian,South,Other,Driver,East,Proceeding Straight,POINT (-122.39589 37.793648),108.0,6.0,3.0,8.0,13