,id,unique_id,cnn_intrsctn_fkey,cnn_sgmt_fkey,case_id_pkey,tb_latitude,tb_longitude,geocode_source,geocode_location,collision_datetime,collision_date,collision_time,accident_year,month,day_of_week,primary_rd,secondary_rd,distance,weather_1,collision_severity,type_of_collision,mviw,ped_action,road_surface,road_cond_1,lighting,intersection,number_killed,number_injured,party_at_fault,party1_type,party1_dir_of_travel,party1_move_pre_acc,party2_type,party2_dir_of_travel,party2_move_pre_acc,point,Neighborhoods,Current Police Districts,Current Supervisor Districts,Analysis Neighborhoods,hour
11790,vw_geo_sfpd_cr_switrs_all_types_col_cty_union.fid-c18a0c2_186644fdb18_-313a,25393,24892000.0,5169000.0,170673438,37.7856354018045,-122.406700602479,SFPD-CROSSROADS,CITY STREET,08/18/2017 02:37:00 PM,2017 August 18,14:37:00,2017,August,Friday,OFARRELL ST,POWELL ST,48.0,Clear,Injury (Complaint of Pain),Vehicle/Pedestrian,Pedestrian,Crossing Not in Crosswalk,Dry,No Unusual Condition,Daylight,Midblock > 20ft,0.0,1,,Driver,West,Backing,Pedestrian,North,Other,POINT (-122.4067 37.785637),19.0,6.0,3.0,8.0,14
11792,vw_geo_sfpd_cr_switrs_all_types_col_cty_union.fid-c18a0c2_186644fdb18_-264d,40772,27252000.0,,180442085,37.7664758951,-122.466427954,SFPD-INTERIM DB,CITY STREET,06/14/2018 04:22:00 PM,2018 June 14,16:22:00,2018,June,Thursday,MARTIN LUTHER KING JR DR,09TH AVE,0.0,Clear,Injury (Severe),Vehicle/Pedestrian,Pedestrian,Crossing Not in Crosswalk,Dry,No Unusual Condition,Daylight,Intersection <= 20ft,0.0,1,1.0,Pedestrian,East,Entering Traffic,Driver,West,Making Left Turn,POINT (-122.46643 37.766476),9.0,8.0,11.0,12.0,16
11799,vw_geo_sfpd_cr_switrs_all_types_col_cty_union.fid-c18a0c2_186644fdb18_-27e8,34352,25473000.0,,170973799,37.8056184799925,-122.413604168439,SFPD-CROSSROADS,CITY STREET,12/01/2017 10:25:00 AM,2017 December 01,10:25:00,2017,December,Friday,MASON ST,BAY ST,0.0,Clear,Injury (Complaint of Pain),Vehicle/Pedestrian,Pedestrian,Crossing in Crosswalk at Intersection,Dry,No Unusual Condition,Daylight,Intersection <= 20ft,0.0,1,1.0,Driver,East,Making Left Turn,Pedestrian,North,Proceeding Straight,POINT (-122.413605 37.80562),99.0,6.0,3.0,23.0,10
11801,vw_geo_sfpd_cr_switrs_all_types_col_cty_union.fid-c18a0c2_186644fdb18_-1f6b,25849,24645000.0,,180887431,37.7879630916,-122.403491775,SFPD-INTERIM DB,CITY STREET,11/23/2018 08:16:00 PM,2018 November 23,20:16:00,2018,November,Friday,GEARY ST,KEARNY ST,0.0,Raining,Injury (Complaint of Pain),Vehicle/Pedestrian,Pedestrian,Crossing in Crosswalk at Intersection,Wet,No Unusual Condition,Dark - Street Lights,Intersection <= 20ft,0.0,1,1.0,Driver,West,Making Left Turn,Pedestrian,North,Not Stated,POINT (-122.40349 37.787964),19.0,6.0,3.0,8.0,20
11807,vw_geo_sfpd_cr_switrs_all_types_col_cty_union.fid-c18a0c2_186644fdb18_-2f39,2801,20578000.0,,170889306,37.7239199944194,-122.402060967057,SFPD-CROSSROADS,CITY STREET,10/31/2017 09:20:00 AM,2017 October 31,09:20:00,2017,October,Tuesday,SAN BRUNO AVE,PAUL AVE,0.0,Clear,Injury (Other Visible),Vehicle/Pedestrian,Pedestrian,Crossing in Crosswalk at Intersection,Dry,No Unusual Condition,Daylight,Intersection <= 20ft,0.0,1,1.0,Driver,East,Making Left Turn,Pedestrian,North,Proceeding Straight,POINT (-122.40206 37.72392),91.0,2.0,2.0,25.0,09
11820,vw_geo_sfpd_cr_switrs_all_types_col_cty_union.fid-c18a0c2_186644fdb18_-2e8b,37611,33411000.0,7708101.0,170953553,37.7268147089016,-122.472051193451,SFPD-CROSSROADS,CITY STREET,11/23/2017 09:21:00 PM,2017 November 23,21:21:00,2017,November,Thursday,JUNIPERO SERRA BLVD,WINSTON DR,4.0,Fog,Injury (Severe),Vehicle/Pedestrian,Pedestrian,Crossing in Crosswalk at Intersection,Dry,No Unusual Condition,Dark - Street Lights,Intersection <= 20ft,0.0,2,1.0,Driver,South,Making Left Turn,Pedestrian,East,Proceeding Straight,POINT (-122.47205 37.726814),67.0,10.0,8.0,41.0,21
11826,vw_geo_sfpd_cr_switrs_all_types_col_cty_union.fid-c18a0c2_186644fdb18_-2e76,39919,23515000.0,,170962247,37.7473672946939,-122.505014469793,SFPD-CROSSROADS,CITY STREET,11/27/2017 11:30:00 AM,2017 November 27,11:30:00,2017,November,Monday,QUINTARA ST,46TH AVE,0.0,Clear,Injury (Complaint of Pain),Vehicle/Pedestrian,Pedestrian,Crossing in Crosswalk at Intersection,Dry,No Unusual Condition,Daylight,Intersection <= 20ft,0.0,1,1.0,Driver,West,Proceeding Straight,Pedestrian,North,Proceeding Straight,POINT (-122.50501 37.747368),39.0,10.0,7.0,35.0,11
11827,vw_geo_sfpd_cr_switrs_all_types_col_cty_union.fid-c18a0c2_186644fdb18_-2cce,19283,26341000.0,,180030890,37.7692842287,-122.445105982,SFPD-INTERIM DB,CITY STREET,01/12/2018 07:10:00 AM,2018 January 12,07:10:00,2018,January,Friday,WALLER ST,MASONIC AVE,0.0,Fog,Injury (Complaint of Pain),Vehicle/Pedestrian,Pedestrian,Crossing in Crosswalk at Intersection,Dry,No Unusual Condition,Dark - Street Lights,Intersection <= 20ft,0.0,1,1.0,Driver,West,Stopped In Road,Pedestrian,North,Other,POINT (-122.44511 37.769283),25.0,7.0,11.0,3.0,07
11828,vw_geo_sfpd_cr_switrs_all_types_col_cty_union.fid-c18a0c2_186644fdb18_-355c,11098,25684000.0,,170232329,37.7614271333092,-122.426076501811,SFPD-CROSSROADS,CITY STREET,03/21/2017 02:22:00 PM,2017 March 21,14:22:00,2017,March,Tuesday,18TH ST,DOLORES ST,0.0,Clear,Injury (Complaint of Pain),Vehicle/Pedestrian,Pedestrian,Crossing in Crosswalk at Intersection,Dry,No Unusual Condition,Daylight,Intersection <= 20ft,0.0,1,1.0,Driver,West,Stopped In Road,Pedestrian,South,Stopped In Road,POINT (-122.42608 37.76143),37.0,3.0,5.0,5.0,14
11838,vw_geo_sfpd_cr_switrs_all_types_col_cty_union.fid-c18a0c2_186644fdb18_-2d42,6663,23952000.0,10672000.0,160776547,37.7521698763657,-122.406259975559,SFPD-CROSSROADS,CITY STREET,09/24/2016 06:00:00 PM,2016 September 24,18:00:00,2016,September,Saturday,POTRERO AVE,25TH ST,162.0,Clear,Injury (Other Visible),Head-On,Pedestrian,"In Road, Including Shoulder",Dry,No Unusual Condition,Daylight,Midblock > 20ft,0.0,1,1.0,Pedestrian,South,Other,Driver,South,Proceeding Straight,POINT (-122.40626 37.75217),54.0,3.0,2.0,20.0,18
11841,vw_geo_sfpd_cr_switrs_all_types_col_cty_union.fid-c18a0c2_186644fdb18_-26af,34503,25477000.0,2838000.0,140433723,37.8079299489773,-122.410386570982,SFPD-CROSSROADS,CITY STREET,05/25/2014 10:57:00 AM,2014 May 25,10:57:00,2014,May,Sunday,BEACH ST,STOCKTON ST,87.0,Clear,Injury (Complaint of Pain),Vehicle/Pedestrian,Pedestrian,Crossing Not in Crosswalk,Dry,No Unusual Condition,Daylight,Midblock > 20ft,0.0,1,1.0,Pedestrian,North,Other,Driver,East,Proceeding Straight,POINT (-122.410385 37.80793),99.0,6.0,3.0,23.0,10
11847,vw_geo_sfpd_cr_switrs_all_types_col_cty_union.fid-c18a0c2_186644fdb18_-22a9,30464,25219000.0,,180686556,37.7875481397,-122.421758104,SFPD-INTERIM DB,CITY STREET,09/10/2018 08:57:00 PM,2018 September 10,20:57:00,2018,September,Monday,VAN NESS AVE,SUTTER ST,0.0,Clear,Injury (Other Visible),Vehicle/Pedestrian,Pedestrian,Crossing in Crosswalk at Intersection,Dry,No Unusual Condition,Dark - Street Lights,Intersection <= 20ft,0.0,1,1.0,Driver,North,Making Left Turn,Pedestrian,East,Proceeding Straight,POINT (-122.42176 37.787548),100.0,4.0,6.0,39.0,20
11855,vw_geo_sfpd_cr_switrs_all_types_col_cty_union.fid-c18a0c2_186644fdb18_-2099,30685,26600000.0,13540101.0,180799701,37.7862845355,-122.431571349,SFPD-INTERIM DB,CITY STREET,10/21/2018 05:06:00 PM,2018 October 21,17:06:00,2018,October,Sunday,WEBSTER ST,SUTTER ST,9.0,Clear,Injury (Complaint of Pain),Vehicle/Pedestrian,Pedestrian,Crossing in Crosswalk at Intersection,Dry,No Unusual Condition,Daylight,Intersection <= 20ft,0.0,1,1.0,Driver,South,Making Left Turn,Pedestrian,East,Proceeding Straight,POINT (-122.43157 37.786285),101.0,4.0,11.0,15.0,17
11869,vw_geo_sfpd_cr_switrs_all_types_col_cty_union.fid-c18a0c2_186644fdb18_-2f23,39305,22865000.000000004,,170896044,37.7472863195869,-122.459174375991,SFPD-CROSSROADS,CITY STREET,11/01/2017 08:35:00 AM,2017 November 01,08:35:00,2017,November,Wednesday,DEWEY BLVD,LAGUNA HONDA BLVD,0.0,Clear,Injury (Complaint of Pain),Vehicle/Pedestrian,Pedestrian,Crossing in Crosswalk at Intersection,Dry,No Unusual Condition,Daylight,Intersection <= 20ft,0.0,1,1.0,Driver,North,Making Right Turn,Pedestrian,North,Proceeding Straight,POINT (-122.459175 37.747288),45.0,7.0,8.0,41.0,08
11876,vw_geo_sfpd_cr_switrs_all_types_col_cty_union.fid-c18a0c2_186644fdb18_-2764,12461,25797000.0,742000.0,170721037,37.7643918401368,-122.430579150713,SFPD-CROSSROADS,CITY STREET,09/04/2017 09:00:00 AM,2017 September 04,09:00:00,2017,September,Monday,16TH ST,SANCHEZ ST,88.0,Clear,Injury (Complaint of Pain),Vehicle/Pedestrian,Pedestrian,"In Road, Including Shoulder",Dry,No Unusual Condition,Daylight,Midblock > 20ft,0.0,1,1.0,Pedestrian,East,Merging,Driver,East,Proceeding Straight,POINT (-122.43058 37.764393),37.0,3.0,5.0,5.0,09
11881,vw_geo_sfpd_cr_switrs_all_types_col_cty_union.fid-c18a0c2_186644fdb18_-20a5,10399,24112000.0,,180797818,37.7553657296,-122.419857943,SFPD-INTERIM DB,CITY STREET,10/20/2018 10:51:00 PM,2018 October 20,22:51:00,2018,October,Saturday,22ND ST,BARTLETT ST,0.0,Clear,Injury (Complaint of Pain),Vehicle/Pedestrian,Pedestrian,Crossing Not in Crosswalk,Dry,No Unusual Condition,Dark - Street Lights,Intersection <= 20ft,0.0,1,1.0,Pedestrian,North,Other,Driver,East,Proceeding Straight,POINT (-122.41986 37.755367),53.0,3.0,2.0,20.0,22
11887,vw_geo_sfpd_cr_switrs_all_types_col_cty_union.fid-c18a0c2_186644fdb18_-339a,7325,22037000.0,4777201.0,170426817,37.7440478436166,-122.438566988743,SFPD-CROSSROADS,CITY STREET,05/24/2017 06:18:00 PM,2017 May 24,18:18:00,2017,May,Wednesday,DIAMOND HEIGHTS BLVD,GOLD MINE DR (N),300.0,Clear,Injury (Complaint of Pain),Vehicle/Pedestrian,Pedestrian,"In Road, Including Shoulder",Dry,No Unusual Condition,Daylight,Midblock > 20ft,0.0,1,,Driver,North,Backing,Pedestrian,South,Stopped In Road,POINT (-122.43857 37.74405),57.0,9.0,5.0,10.0,18
11889,vw_geo_sfpd_cr_switrs_all_types_col_cty_union.fid-c18a0c2_186644fdb18_-3515,18072,25982000.000000004,600000.0,170264764,37.7674588187625,-122.43345410518,SFPD-CROSSROADS,CITY STREET,03/31/2017 06:23:00 PM,2017 March 31,18:23:00,2017,March,Friday,14TH ST,NOE ST,13.0,Clear,Injury (Other Visible),Vehicle/Pedestrian,Pedestrian,Crossing in Crosswalk at Intersection,Dry,No Unusual Condition,Daylight,Intersection <= 20ft,0.0,1,1.0,Pedestrian,South,Not Stated,Driver,West,Proceeding Straight,POINT (-122.43346 37.76746),28.0,7.0,5.0,5.0,18
11927,vw_geo_sfpd_cr_switrs_all_types_col_cty_union.fid-c18a0c2_186644fdb18_-2f16,8735,23970000.000000004,,170904346,37.7560547144778,-122.408499241207,SFPD-CROSSROADS,CITY STREET,11/05/2017 06:08:00 PM,2017 November 05,18:08:00,2017,November,Sunday,YORK ST,22ND ST,0.0,Clear,Injury (Complaint of Pain),Vehicle/Pedestrian,Pedestrian,Crossing Not in Crosswalk,Dry,No Unusual Condition,Dark - Street Lights,Intersection <= 20ft,0.0,1,1.0,Driver,West,Proceeding Straight,Pedestrian,North,Other,POINT (-122.4085 37.756054),53.0,3.0,2.0,20.0,18
11928,vw_geo_sfpd_cr_switrs_all_types_col_cty_union.fid-c18a0c2_186644fdb18_-2667,30423,25219000.0,13154102.0,150604077,37.787537885943,-122.421766179115,SFPD-CROSSROADS,CITY STREET,07/11/2015 02:22:00 PM,2015 July 11,14:22:00,2015,July,Saturday,VAN NESS AVE,SUTTER ST,6.0,Clear,Injury (Other Visible),Vehicle/Pedestrian,Pedestrian,Crossing in Crosswalk at Intersection,Dry,No Unusual Condition,Daylight,Intersection <= 20ft,0.0,1,1.0,Driver,South,Making Left Turn,Pedestrian,East,Proceeding Straight,POINT (-122.42177 37.787537),100.0,4.0,6.0,39.0,14
11930,vw_geo_sfpd_cr_switrs_all_types_col_cty_union.fid-c18a0c2_186644fdb18_-2d9b,2416,22192000.0,,171036413,37.7230802422331,-122.452331560824,SFPD-CROSSROADS,CITY STREET,12/23/2017 02:45:00 PM,2017 December 23,14:45:00,2017,December,Saturday,OCEAN AVE,PHELAN AVE,0.0,Clear,Injury (Other Visible),Vehicle/Pedestrian,Pedestrian,Crossing in Crosswalk at Intersection,Dry,No Unusual Condition,Daylight,Intersection <= 20ft,0.0,1,,Driver,East,Proceeding Straight,Pedestrian,North,Proceeding Straight,POINT (-122.45233 37.72308),95.0,10.0,8.0,24.0,14
11933,vw_geo_sfpd_cr_switrs_all_types_col_cty_union.fid-c18a0c2_186644fdb18_-200a,4830,21788000.0,3025202.0,180839686,37.7331023810567,-122.432293647699,SFPD-INTERIM DB,CITY STREET,11/05/2018 07:54:00 AM,2018 November 05,07:54:00,2018,November,Monday,SAN JOSE AVE,BOSWORTH ST,1.0,Clear,Injury (Complaint of Pain),Vehicle/Pedestrian,Pedestrian,Crossing in Crosswalk at Intersection,Dry,No Unusual Condition,Dusk - Dawn,Intersection <= 20ft,0.0,2,1.0,Driver,East,Making Right Turn,Pedestrian,West,Other,POINT (-122.4323 37.7331),93.0,9.0,5.0,28.0,07
11935,vw_geo_sfpd_cr_switrs_all_types_col_cty_union.fid-c18a0c2_186644fdb18_-35d1,36141,22464000.0,,170181851,37.7084446836434,-122.458824734614,SFPD-CROSSROADS,CITY STREET,03/04/2017 07:05:00 PM,2017 March 04,19:05:00,2017,March,Saturday,SAN JOSE AVE,GOETHE ST,0.0,Raining,Injury (Severe),Vehicle/Pedestrian,Pedestrian,Crossing in Crosswalk at Intersection,Wet,No Unusual Condition,Dark - Street Lights,Intersection <= 20ft,0.0,1,1.0,Driver,North,Proceeding Straight,Pedestrian,East,Not Stated,POINT (-122.458824 37.708447),66.0,10.0,1.0,28.0,19
11937,vw_geo_sfpd_cr_switrs_all_types_col_cty_union.fid-c18a0c2_186644fdb18_-283e,223,20298000.0,,180319133,37.712179486,-122.402459479,SFPD-INTERIM DB,CITY STREET,04/30/2018 07:55:00 AM,2018 April 30,07:55:00,2018,April,Monday,BAY SHORE BLVD,ARLETA AVE,0.0,Clear,Injury (Other Visible),Vehicle/Pedestrian,Pedestrian,Crossing in Crosswalk at Intersection,Dry,No Unusual Condition,Daylight,Intersection <= 20ft,0.0,1,1.0,Driver,North,Making Left Turn,Pedestrian,East,Proceeding Straight,POINT (-122.40246 37.71218),75.0,9.0,9.0,40.0,07
11942,vw_geo_sfpd_cr_switrs_all_types_col_cty_union.fid-c18a0c2_186644fdb18_-375d,29056,25191000.0,,170011082,37.7826853686405,-122.42246374364,SFPD-CROSSROADS,CITY STREET,01/05/2017 01:43:00 AM,2017 January 05,01:43:00,2017,January,Thursday,FRANKLIN ST,EDDY ST,0.0,Raining,Injury (Complaint of Pain),Vehicle/Pedestrian,Pedestrian,Crossing in Crosswalk at Intersection,Wet,No Unusual Condition,Dark - Street Lights,Intersection <= 20ft,0.0,1,1.0,Driver,North,Making Right Turn,Pedestrian,South,Proceeding Straight,POINT (-122.42246 37.782684),100.0,4.0,11.0,39.0,01
11943,vw_geo_sfpd_cr_switrs_all_types_col_cty_union.fid-c18a0c2_186644fdb18_-33ba,12053,25699000.0,2144000.0,170412888,37.7650974919814,-122.423138920157,SFPD-CROSSROADS,CITY STREET,05/20/2017 12:30:00 AM,2017 May 20,00:30:00,2017,May,Saturday,ALBION ST,16TH ST (W),93.0,Clear,Injury (Complaint of Pain),Vehicle/Pedestrian,Pedestrian,Crossing Not in Crosswalk,Dry,No Unusual Condition,Dark - Street Lights,Midblock > 20ft,0.0,1,1.0,Pedestrian,West,Stopped In Road,Driver,North,Proceeding Straight,POINT (-122.42314 37.7651),37.0,3.0,5.0,20.0,00
11945,vw_geo_sfpd_cr_switrs_all_types_col_cty_union.fid-c18a0c2_186644fdb18_-2868,36306,22460000.0,,180304758,37.7101109152,-122.457068388,SFPD-INTERIM DB,CITY STREET,04/24/2018 09:49:00 PM,2018 April 24,21:49:00,2018,April,Tuesday,ALEMANY BLVD,SAN JOSE AVE,0.0,Clear,Injury (Severe),Vehicle/Pedestrian,Pedestrian,Crossing in Crosswalk at Intersection,Dry,No Unusual Condition,Dark - Street Lights,Intersection <= 20ft,0.0,1,1.0,Pedestrian,North,Other,Driver,East,Proceeding Straight,POINT (-122.45707 37.71011),66.0,10.0,1.0,28.0,21
11947,vw_geo_sfpd_cr_switrs_all_types_col_cty_union.fid-c18a0c2_186644fdb18_-26e3,12627,25727000.000000004,4010000.0,140881843,37.7664243784329,-122.428846864369,SFPD-CROSSROADS,CITY STREET,10/18/2014 01:35:00 PM,2014 October 18,13:35:00,2014,October,Saturday,CHURCH ST,15TH ST,108.0,Clear,Injury (Complaint of Pain),Vehicle/Pedestrian,Pedestrian,Crossing Not in Crosswalk,Dry,No Unusual Condition,Daylight,Midblock > 20ft,0.0,1,1.0,Pedestrian,West,Other,Driver,South,Proceeding Straight,POINT (-122.42885 37.766426),37.0,3.0,5.0,5.0,13
11952,vw_geo_sfpd_cr_switrs_all_types_col_cty_union.fid-c18a0c2_186644fdb18_-36d9,31777,25222000.0,,170057860,37.7896204379779,-122.420493441778,SFPD-CROSSROADS,CITY STREET,01/21/2017 06:00:00 PM,2017 January 21,18:00:00,2017,January,Saturday,PINE ST,POLK ST,0.0,Raining,Injury (Other Visible),Vehicle/Pedestrian,Pedestrian,Crossing in Crosswalk at Intersection,Wet,No Unusual Condition,Dark - Street Lights,Intersection <= 20ft,0.0,1,1.0,Driver,North,Making Left Turn,Pedestrian,North,Proceeding Straight,POINT (-122.420494 37.78962),50.0,4.0,3.0,21.0,18
11953,vw_geo_sfpd_cr_switrs_all_types_col_cty_union.fid-c18a0c2_186644fdb18_-343e,11073,25683000.0,4870201.0,170354898,37.7598690425138,-122.425955360682,SFPD-CROSSROADS,CITY STREET,04/30/2017 08:25:00 PM,2017 April 30,20:25:00,2017,April,Sunday,DOLORES ST,19TH ST,20.0,Clear,Injury (Other Visible),Vehicle/Pedestrian,Pedestrian,Crossing in Crosswalk at Intersection,Dry,No Unusual Condition,Dark - Street Lights,Intersection <= 20ft,0.0,1,1.0,Pedestrian,East,Other,Driver,South,Proceeding Straight,POINT (-122.42596 37.75987),37.0,3.0,5.0,5.0,20
11957,vw_geo_sfpd_cr_switrs_all_types_col_cty_union.fid-c18a0c2_186644fdb18_-22ed,26164,25145000.0,9733000.0,180673741,37.7853211764,-122.416690656,SFPD-INTERIM DB,CITY STREET,09/06/2018 07:08:00 AM,2018 September 06,07:08:00,2018,September,Thursday,OFARRELL ST,HYDE ST,126.0,Clear,Injury (Other Visible),Sideswipe,Pedestrian,"In Road, Including Shoulder",Dry,No Unusual Condition,Daylight,Midblock > 20ft,0.0,1,1.0,Pedestrian,North,Not Stated,Driver,East,Proceeding Straight,POINT (-122.41669 37.78532),20.0,5.0,10.0,36.0,07
11961,vw_geo_sfpd_cr_switrs_all_types_col_cty_union.fid-c18a0c2_186644fdb18_-2ec8,7822,24088000.0,9126000.0,170928910,37.7517189577472,-122.418394059839,SFPD-CROSSROADS,CITY STREET,11/14/2017 04:19:00 PM,2017 November 14,16:19:00,2017,November,Tuesday,MISSION ST,24TH ST,190.0,Clear,Injury (Other Visible),Vehicle/Pedestrian,Pedestrian,"In Road, Including Shoulder",Dry,No Unusual Condition,Daylight,Midblock > 20ft,0.0,1,1.0,Driver,North,Proceeding Straight,Pedestrian,West,Other,POINT (-122.418396 37.75172),53.0,3.0,2.0,20.0,16
11963,vw_geo_sfpd_cr_switrs_all_types_col_cty_union.fid-c18a0c2_186644fdb18_-258d,31291,26845000.0,,170731434,37.7850836355481,-122.447620107364,SFPD-CROSSROADS,CITY STREET,09/07/2017 04:35:00 PM,2017 September 07,16:35:00,2017,September,Thursday,EUCLID AVE,MASONIC AVE,0.0,Clear,Injury (Other Visible),Vehicle/Pedestrian,Pedestrian,Crossing in Crosswalk at Intersection,Dry,No Unusual Condition,Daylight,Intersection <= 20ft,0.0,1,1.0,Driver,East,Making Right Turn,Pedestrian,North,Proceeding Straight,POINT (-122.44762 37.785084),11.0,8.0,6.0,31.0,16
11973,vw_geo_sfpd_cr_switrs_all_types_col_cty_union.fid-c18a0c2_186644fdb18_-3128,7354,22421000.000000004,9747201.0,170681936,37.7446868890776,-122.450977715315,SFPD-CROSSROADS,CITY STREET,08/21/2017 03:05:00 PM,2017 August 21,15:05:00,2017,August,Monday,OSHAUGHNESSY BLVD,PORTOLA DR,360.0,Clear,Injury (Severe),Vehicle/Pedestrian,Pedestrian,Crossing Not in Crosswalk,Dry,No Unusual Condition,Daylight,Midblock > 20ft,0.0,1,1.0,Pedestrian,West,Not Stated,Driver,South,Proceeding Straight,POINT (-122.45098 37.744686),72.0,9.0,8.0,41.0,15
11976,vw_geo_sfpd_cr_switrs_all_types_col_cty_union.fid-c18a0c2_186644fdb18_-2ac1,24103,24295000.0,,180162631,37.7817543275,-122.409693262,SFPD-INTERIM DB,CITY STREET,03/02/2018 03:45:00 AM,2018 March 02,03:45:00,2018,March,Friday,06TH ST,STEVENSON ST,0.0,Clear,Injury (Complaint of Pain),Vehicle/Pedestrian,Pedestrian,Crossing in Crosswalk at Intersection,Dry,No Unusual Condition,Dark - Street Lights,Intersection <= 20ft,0.0,1,,Driver,South,Backing,Pedestrian,South,Proceeding Straight,POINT (-122.40969 37.781754),32.0,5.0,10.0,34.0,03
11986,vw_geo_sfpd_cr_switrs_all_types_col_cty_union.fid-c18a0c2_186644fdb18_-2295,24008,24632000.0,,180690820,37.7844787448,-122.404266873,SFPD-INTERIM DB,CITY STREET,09/12/2018 11:40:00 AM,2018 September 12,11:40:00,2018,September,Wednesday,MISSION ST,04TH ST,0.0,Cloudy,Injury (Complaint of Pain),Vehicle/Pedestrian,Pedestrian,Crossing in Crosswalk at Intersection,Dry,No Unusual Condition,Daylight,Intersection <= 20ft,0.0,1,1.0,Driver,West,Making Right Turn,Pedestrian,South,Proceeding Straight,POINT (-122.40427 37.784477),32.0,1.0,10.0,34.0,11
11988,vw_geo_sfpd_cr_switrs_all_types_col_cty_union.fid-c18a0c2_186644fdb18_-321d,7761,24098000.0,,170579820,37.7504769718034,-122.420985382584,SFPD-CROSSROADS,CITY STREET,07/16/2017 10:00:00 AM,2017 July 16,10:00:00,2017,July,Sunday,POPLAR ST,25TH ST,0.0,Clear,Injury (Other Visible),Vehicle/Pedestrian,Pedestrian,"In Road, Including Shoulder",Dry,No Unusual Condition,Daylight,Intersection <= 20ft,0.0,1,1.0,Pedestrian,West,Stopped In Road,Driver,North,Proceeding Straight,POINT (-122.42098 37.750477),53.0,3.0,5.0,20.0,10
11989,vw_geo_sfpd_cr_switrs_all_types_col_cty_union.fid-c18a0c2_186644fdb18_-2d55,19614,26031000.0,4801201.0,180006374,37.7731421495,-122.437419929,SFPD-INTERIM DB,CITY STREET,01/03/2018 11:50:00 AM,2018 January 03,11:50:00,2018,January,Wednesday,DIVISADERO ST,OAK ST,4.0,Cloudy,Injury (Complaint of Pain),Vehicle/Pedestrian,Pedestrian,Crossing in Crosswalk at Intersection,Dry,No Unusual Condition,Daylight,Intersection <= 20ft,0.0,1,1.0,Driver,North,Making Left Turn,Pedestrian,East,Proceeding Straight,POINT (-122.43742 37.773144),26.0,4.0,11.0,9.0,11
11994,vw_geo_sfpd_cr_switrs_all_types_col_cty_union.fid-c18a0c2_186644fdb18_-1f24,31913,25226000.0,,180905958,37.7894120611,-122.422135208,SFPD-INTERIM DB,CITY STREET,11/30/2018 09:36:00 PM,2018 November 30,21:36:00,2018,November,Friday,VAN NESS AVE,PINE ST,0.0,Cloudy,Injury (Complaint of Pain),Vehicle/Pedestrian,Pedestrian,Crossing in Crosswalk at Intersection,Wet,No Unusual Condition,Dark - Street Lights,Intersection <= 20ft,0.0,1,1.0,Driver,South,Making Right Turn,Pedestrian,East,Proceeding Straight,POINT (-122.422134 37.789413),105.0,4.0,3.0,21.0,21
11997,vw_geo_sfpd_cr_switrs_all_types_col_cty_union.fid-c18a0c2_186644fdb18_-302d,8843,33626000.0,1178000.0,170241245,37.756896020911,-122.40566492173,SFPD-CROSSROADS,CITY STREET,03/24/2017 09:48:00 AM,2017 March 24,09:48:00,2017,March,Friday,22ND ST,POTRERO AVE (N),300.0,Raining,Injury (Other Visible),Vehicle/Pedestrian,Pedestrian,Crossing in Crosswalk Not at Intersection,Wet,No Unusual Condition,Daylight,Midblock > 20ft,0.0,1,1.0,Driver,East,Proceeding Straight,Pedestrian,North,Proceeding Straight,POINT (-122.40566 37.756897),54.0,3.0,9.0,20.0,09
11998,vw_geo_sfpd_cr_switrs_all_types_col_cty_union.fid-c18a0c2_186644fdb18_-2c82,10354,24082000.0,,170932961,37.7555024983316,-122.417658992952,SFPD-CROSSROADS,CITY STREET,11/16/2017 06:30:00 AM,2017 November 16,06:30:00,2017,November,Thursday,22ND ST,CAPP ST,0.0,Raining,Injury (Complaint of Pain),Vehicle/Pedestrian,Pedestrian,Crossing in Crosswalk at Intersection,Wet,No Unusual Condition,Dark - No Street Lights,Intersection <= 20ft,0.0,1,1.0,Driver,North,Making Right Turn,Pedestrian,West,Proceeding Straight,POINT (-122.417656 37.7555),53.0,3.0,2.0,20.0,06
12002,vw_geo_sfpd_cr_switrs_all_types_col_cty_union.fid-c18a0c2_186644fdb18_-36c3,21390,25941000.0,,170067370,37.7796735861812,-122.423541306959,SFPD-CROSSROADS,CITY STREET,01/24/2017 10:49:00 PM,2017 January 24,22:49:00,2017,January,Tuesday,MCALLISTER ST,GOUGH ST,0.0,Clear,Injury (Complaint of Pain),Vehicle/Pedestrian,Pedestrian,Crossing Not in Crosswalk,Dry,No Unusual Condition,Dark - Street Lights,Intersection <= 20ft,0.0,1,1.0,Driver,East,Proceeding Straight,Pedestrian,North,Proceeding Straight,POINT (-122.42354 37.779675),21.0,4.0,11.0,39.0,22