,id,unique_id,cnn_intrsctn_fkey,cnn_sgmt_fkey,case_id_pkey,tb_latitude,tb_longitude,geocode_source,geocode_location,collision_datetime,collision_date,collision_time,accident_year,month,day_of_week,primary_rd,secondary_rd,distance,weather_1,collision_severity,type_of_collision,mviw,ped_action,road_surface,road_cond_1,lighting,intersection,number_killed,number_injured,party_at_fault,party1_type,party1_dir_of_travel,party1_move_pre_acc,party2_type,party2_dir_of_travel,party2_move_pre_acc,point,Neighborhoods,Current Police Districts,Current Supervisor Districts,Analysis Neighborhoods,hour
12018,vw_geo_sfpd_cr_switrs_all_types_col_cty_union.fid-c18a0c2_186644fdb18_-2b45,11907,24170000.0,,180136498,37.7650513371,-122.419668973,SFPD-INTERIM DB,CITY STREET,02/20/2018 03:00:00 PM,2018 February 20,15:00:00,2018,February,Tuesday,MISSION ST,16TH ST,0.0,Clear,Injury (Complaint of Pain),Vehicle/Pedestrian,Pedestrian,Crossing in Crosswalk at Intersection,Dry,No Unusual Condition,Daylight,Intersection <= 20ft,0.0,1,1.0,Driver,North,Making Right Turn,Pedestrian,West,Proceeding Straight,POINT (-122.41967 37.765053),53.0,3.0,2.0,20.0,15
12032,vw_geo_sfpd_cr_switrs_all_types_col_cty_union.fid-c18a0c2_186644fdb18_-29d9,6287,21131000.000000004,9442000.0,130857791,37.7463252715302,-122.410532735543,SFPD-CROSSROADS,CITY STREET,10/10/2013 01:27:00 PM,2013 October 10,13:27:00,2013,October,Thursday,MULLEN AVE,ALABAMA ST,9.0,Clear,Injury (Complaint of Pain),Vehicle/Pedestrian,Pedestrian,Crossing in Crosswalk at Intersection,Dry,No Unusual Condition,Daylight,Intersection <= 20ft,0.0,1,1.0,Driver,East,Making Left Turn,Pedestrian,North,Proceeding Straight,POINT (-122.41053 37.746326),60.0,9.0,2.0,2.0,13
12049,vw_geo_sfpd_cr_switrs_all_types_col_cty_union.fid-c18a0c2_186644fdb18_-3526,25671,30735000.0,8744201.0,170255406,37.7886558391104,-122.402226025931,SFPD-CROSSROADS,CITY STREET,03/28/2017 09:51:00 PM,2017 March 28,21:51:00,2017,March,Tuesday,MARKET ST,MONTGOMERY ST,49.0,Clear,Injury (Other Visible),Vehicle/Pedestrian,Pedestrian,Crossing Not in Crosswalk,Dry,No Unusual Condition,Dark - Street Lights,Midblock > 20ft,0.0,1,1.0,Pedestrian,South,Proceeding Straight,Driver,West,Proceeding Straight,POINT (-122.40223 37.788654),19.0,6.0,3.0,8.0,21
12050,vw_geo_sfpd_cr_switrs_all_types_col_cty_union.fid-c18a0c2_186644fdb18_-205b,34675,25314000.0,,130428289,37.7980334619844,-122.420501283172,SFPD-CROSSROADS,CITY STREET,05/24/2013 03:30:00 PM,2013 May 24,15:30:00,2013,May,Friday,LARKIN ST,GREEN ST,0.0,Clear,Injury (Other Visible),Sideswipe,Pedestrian,Crossing in Crosswalk at Intersection,Dry,No Unusual Condition,Daylight,Intersection <= 20ft,0.0,1,1.0,Driver,West,Making Left Turn,Pedestrian,South,Proceeding Straight,POINT (-122.4205 37.798035),107.0,6.0,3.0,32.0,15
12056,vw_geo_sfpd_cr_switrs_all_types_col_cty_union.fid-c18a0c2_186644fdb18_-354d,15353,23919000.0,,170238678,37.7772727026578,-122.404070256701,SFPD-CROSSROADS,CITY STREET,03/23/2017 02:06:00 PM,2017 March 23,14:06:00,2017,March,Thursday,06TH ST,HARRISON ST,0.0,Clear,Injury (Complaint of Pain),Vehicle/Pedestrian,Pedestrian,Crossing in Crosswalk at Intersection,Dry,No Unusual Condition,Daylight,Intersection <= 20ft,0.0,1,1.0,Driver,South,Making Left Turn,Pedestrian,West,Proceeding Straight,POINT (-122.40407 37.77727),32.0,1.0,10.0,34.0,14
12059,vw_geo_sfpd_cr_switrs_all_types_col_cty_union.fid-c18a0c2_186644fdb18_-27f3,29406,25196000.0,,180344572,37.7845466097,-122.422838086,SFPD-INTERIM DB,CITY STREET,05/09/2018 09:10:00 AM,2018 May 09,09:10:00,2018,May,Wednesday,FRANKLIN ST,OFARRELL ST,0.0,Cloudy,Injury (Complaint of Pain),Vehicle/Pedestrian,Pedestrian,Crossing in Crosswalk at Intersection,Dry,No Unusual Condition,Daylight,Intersection <= 20ft,0.0,1,1.0,Driver,North,Making Left Turn,Pedestrian,West,Proceeding Straight,POINT (-122.42284 37.784546),100.0,4.0,11.0,39.0,09
12062,vw_geo_sfpd_cr_switrs_all_types_col_cty_union.fid-c18a0c2_186644fdb18_-2d35,30763,26525000.0,,180011226,37.7876505617,-122.428525011,SFPD-INTERIM DB,CITY STREET,01/05/2018 06:45:00 AM,2018 January 05,06:45:00,2018,January,Friday,BUSH ST,LAGUNA ST,0.0,Raining,Injury (Complaint of Pain),Vehicle/Pedestrian,Pedestrian,Crossing in Crosswalk at Intersection,Wet,No Unusual Condition,Dark - Street Lights,Intersection <= 20ft,0.0,1,1.0,Driver,East,Making Left Turn,Pedestrian,North,Other,POINT (-122.42853 37.78765),101.0,4.0,11.0,30.0,06
12064,vw_geo_sfpd_cr_switrs_all_types_col_cty_union.fid-c18a0c2_186644fdb18_-3650,14252,24246000.0,453000.0,170123568,37.7738312623419,-122.411690692524,SFPD-CROSSROADS,CITY STREET,02/12/2017 08:00:00 PM,2017 February 12,20:00:00,2017,February,Sunday,09TH ST,FOLSOM ST,33.0,Clear,Injury (Complaint of Pain),Vehicle/Pedestrian,Pedestrian,Crossing in Crosswalk at Intersection,Dry,No Unusual Condition,Dark - Street Lights,Midblock > 20ft,0.0,1,,Driver,North,Making Left Turn,Pedestrian,East,Proceeding Straight,POINT (-122.41169 37.77383),32.0,1.0,10.0,34.0,20
12065,vw_geo_sfpd_cr_switrs_all_types_col_cty_union.fid-c18a0c2_186644fdb18_-213d,24882,24897000.0,5058000.0,180754357,37.7843600909,-122.409223824,SFPD-INTERIM DB,CITY STREET,10/05/2018 11:33:00 AM,2018 October 05,11:33:00,2018,October,Friday,EDDY ST,MASON ST,25.0,Clear,Injury (Complaint of Pain),Vehicle/Pedestrian,Pedestrian,Crossing Not in Crosswalk,Dry,No Unusual Condition,Daylight,Midblock > 20ft,0.0,1,1.0,Driver,East,Making Left Turn,Pedestrian,North,Proceeding Straight,POINT (-122.409225 37.78436),19.0,5.0,3.0,36.0,11
12073,vw_geo_sfpd_cr_switrs_all_types_col_cty_union.fid-c18a0c2_186644fdb18_-3716,38190,23132000.0,,170034692,37.7322769220694,-122.485395061867,SFPD-CROSSROADS,CITY STREET,01/13/2017 06:04:00 PM,2017 January 13,18:04:00,2017,January,Friday,OCEAN AVE,SYLVAN DR,0.0,Clear,Injury (Severe),Vehicle/Pedestrian,Pedestrian,Crossing in Crosswalk at Intersection,Dry,No Unusual Condition,Dark - Street Lights,Intersection <= 20ft,0.0,3,1.0,Driver,West,Proceeding Straight,Pedestrian,North,Not Stated,POINT (-122.4854 37.732277),62.0,10.0,8.0,35.0,18
12074,vw_geo_sfpd_cr_switrs_all_types_col_cty_union.fid-c18a0c2_186644fdb18_-280d,5077,22140000.0,,180335151,37.7315739658,-122.442020544,SFPD-INTERIM DB,CITY STREET,05/05/2018 09:51:00 PM,2018 May 05,21:51:00,2018,May,Saturday,MONTEREY BLVD,CONGO ST,0.0,Clear,Injury (Other Visible),Vehicle/Pedestrian,Pedestrian,Crossing in Crosswalk at Intersection,Dry,No Unusual Condition,Dark - Street Lights,Intersection <= 20ft,0.0,1,1.0,Driver,West,Proceeding Straight,Pedestrian,North,Proceeding Straight,POINT (-122.442024 37.731575),95.0,9.0,8.0,41.0,21
12075,vw_geo_sfpd_cr_switrs_all_types_col_cty_union.fid-c18a0c2_186644fdb18_-27c4,28068,24675000.000000004,2753000.0,180353357,37.7931061273,-122.399937584,SFPD-INTERIM DB,CITY STREET,05/12/2018 07:21:00 AM,2018 May 12,07:21:00,2018,May,Saturday,BATTERY ST,CALIFORNIA ST,38.0,Clear,Injury (Complaint of Pain),Head-On,Pedestrian,Crossing Not in Crosswalk,Dry,No Unusual Condition,Daylight,Midblock > 20ft,0.0,1,1.0,Pedestrian,East,Proceeding Straight,Driver,South,Stopped In Road,POINT (-122.39994 37.793106),108.0,6.0,3.0,8.0,07
12078,vw_geo_sfpd_cr_switrs_all_types_col_cty_union.fid-c18a0c2_186644fdb18_-3692,30114,26494000.0,6330000.0,170093911,37.7852799549148,-122.424675957727,SFPD-CROSSROADS,CITY STREET,02/02/2017 07:09:00 PM,2017 February 02,19:09:00,2017,February,Thursday,GOUGH ST,STARR KING WAY,20.0,Clear,Injury (Complaint of Pain),Vehicle/Pedestrian,Pedestrian,Crossing Not in Crosswalk,Dry,No Unusual Condition,Dark - Street Lights,Intersection <= 20ft,0.0,1,1.0,Pedestrian,East,Not Stated,Pedestrian,East,Not Stated,POINT (-122.424675 37.78528),100.0,4.0,11.0,39.0,19
12079,vw_geo_sfpd_cr_switrs_all_types_col_cty_union.fid-c18a0c2_186644fdb18_-368f,33931,25423000.0,,170094442,37.800239159648,-122.410833639237,SFPD-CROSSROADS,CITY STREET,02/02/2017 10:38:00 PM,2017 February 02,22:38:00,2017,February,Thursday,UNION ST,POWELL ST,0.0,Clear,Injury (Complaint of Pain),Vehicle/Pedestrian,Pedestrian,Crossing Not in Crosswalk,Wet,No Unusual Condition,Dark - Street Lights,Intersection <= 20ft,0.0,1,1.0,Pedestrian,South,Proceeding Straight,Driver,West,Making Left Turn,POINT (-122.410835 37.80024),107.0,6.0,3.0,6.0,22
12087,vw_geo_sfpd_cr_switrs_all_types_col_cty_union.fid-c18a0c2_186644fdb18_-3460,35510,26964000.0,,170346215,37.800403429874,-122.439504171929,SFPD-CROSSROADS,CITY STREET,04/27/2017 06:44:00 PM,2017 April 27,18:44:00,2017,April,Thursday,CHESTNUT ST,PIERCE ST,0.0,Clear,Injury (Other Visible),Vehicle/Pedestrian,Pedestrian,Crossing in Crosswalk at Intersection,Dry,No Unusual Condition,Daylight,Intersection <= 20ft,0.0,1,1.0,Driver,East,Making Left Turn,Pedestrian,North,Proceeding Straight,POINT (-122.43951 37.800404),17.0,4.0,6.0,13.0,18
12107,vw_geo_sfpd_cr_switrs_all_types_col_cty_union.fid-c18a0c2_186644fdb18_-2999,32031,25225000.0,3550000.0,180227003,37.7903325426,-122.422621012,SFPD-INTERIM DB,CITY STREET,03/27/2018 09:40:00 AM,2018 March 27,09:40:00,2018,March,Tuesday,CALIFORNIA ST,VAN NESS AVE,85.0,Clear,Injury (Other Visible),Vehicle/Pedestrian,Pedestrian,"In Road, Including Shoulder",Dry,No Unusual Condition,Daylight,Midblock > 20ft,0.0,1,1.0,Pedestrian,North,Other,Driver,East,Proceeding Straight,POINT (-122.42262 37.790333),102.0,4.0,6.0,30.0,09
12124,vw_geo_sfpd_cr_switrs_all_types_col_cty_union.fid-c18a0c2_186644fdb18_-3732,30638,26591000.0,13539201.0,161007662,37.7853067620352,-122.431292402064,SFPD-CROSSROADS,CITY STREET,12/12/2016 12:31:00 PM,2016 December 12,12:31:00,2016,December,Monday,WEBSTER ST,POST ST,38.0,Clear,Injury (Other Visible),Head-On,Pedestrian,Crossing Not in Crosswalk,Dry,No Unusual Condition,Daylight,Midblock > 20ft,0.0,1,1.0,Driver,South,Proceeding Straight,Pedestrian,East,Not Stated,POINT (-122.43129 37.785305),101.0,4.0,11.0,15.0,12
12136,vw_geo_sfpd_cr_switrs_all_types_col_cty_union.fid-c18a0c2_186644fdb18_-2cc7,1695,21486000.0,9178000.0,180032802,37.7164358647,-122.441037495,SFPD-INTERIM DB,CITY STREET,01/12/2018 07:38:00 PM,2018 January 12,19:38:00,2018,January,Friday,MISSION ST,GENEVA AVE,10.0,Clear,Injury (Other Visible),Vehicle/Pedestrian,Pedestrian,Crossing Not in Crosswalk,Dry,No Unusual Condition,Dark - Street Lights,Intersection <= 20ft,0.0,1,1.0,Pedestrian,West,Proceeding Straight,Driver,South,Proceeding Straight,POINT (-122.44104 37.716434),80.0,9.0,1.0,28.0,19
12140,vw_geo_sfpd_cr_switrs_all_types_col_cty_union.fid-c18a0c2_186644fdb18_-30e4,27137,24618000.000000004,,170712951,37.7888154965363,-122.400812303422,SFPD-CROSSROADS,CITY STREET,09/01/2017 11:00:00 AM,2017 September 01,11:00:00,2017,September,Friday,STEVENSON ST,02ND ST,0.0,Clear,Injury (Complaint of Pain),Vehicle/Pedestrian,Pedestrian,Crossing in Crosswalk at Intersection,Dry,No Unusual Condition,Daylight,Intersection <= 20ft,0.0,1,,Driver,North,Proceeding Straight,Pedestrian,West,Proceeding Straight,POINT (-122.40081 37.788815),108.0,6.0,10.0,8.0,11
12146,vw_geo_sfpd_cr_switrs_all_types_col_cty_union.fid-c18a0c2_186644fdb18_-28fd,7026,21331000.0,,180263148,37.7431226645,-122.42148545,SFPD-INTERIM DB,CITY STREET,04/09/2018 09:00:00 PM,2018 April 09,21:00:00,2018,April,Monday,MISSION ST,VIRGINIA AVE,0.0,Cloudy,Injury (Complaint of Pain),Vehicle/Pedestrian,Pedestrian,Crossing Not in Crosswalk,Dry,No Unusual Condition,Dark - Street Lights,Intersection <= 20ft,0.0,1,1.0,Pedestrian,East,Proceeding Straight,Driver,South,Proceeding Straight,POINT (-122.421486 37.743122),83.0,9.0,2.0,2.0,21
12150,vw_geo_sfpd_cr_switrs_all_types_col_cty_union.fid-c18a0c2_186644fdb18_-3168,9881,24053000.0,792000.0,170656581,37.7637602019955,-122.414051276716,SFPD-CROSSROADS,CITY STREET,08/12/2017 12:15:00 PM,2017 August 12,12:15:00,2017,August,Saturday,17TH ST,VALENCIA ST,6.0,Clear,Injury (Complaint of Pain),Vehicle/Pedestrian,Pedestrian,Crossing in Crosswalk at Intersection,Dry,No Unusual Condition,Daylight,Intersection <= 20ft,0.0,1,1.0,Driver,East,Proceeding Straight,Pedestrian,North,Proceeding Straight,POINT (-122.414055 37.76376),53.0,3.0,2.0,20.0,12
12171,vw_geo_sfpd_cr_switrs_all_types_col_cty_union.fid-c18a0c2_186644fdb18_-30d3,22353,26057000.0,,170718078,37.7768558888485,-122.43817704764,SFPD-CROSSROADS,CITY STREET,09/03/2017 02:29:00 AM,2017 September 03,02:29:00,2017,September,Sunday,DIVISADERO ST,FULTON ST,0.0,Clear,Injury (Severe),Vehicle/Pedestrian,Pedestrian,Crossing in Crosswalk at Intersection,Dry,No Unusual Condition,Dark - Street Lights,Intersection <= 20ft,0.0,1,1.0,Pedestrian,East,Other,Driver,South,Proceeding Straight,POINT (-122.43818 37.776855),24.0,4.0,11.0,9.0,02
12174,vw_geo_sfpd_cr_switrs_all_types_col_cty_union.fid-c18a0c2_186644fdb18_-2c20,43434,27300000.0,,180079503,37.778752208,-122.471638565,SFPD-INTERIM DB,CITY STREET,01/30/2018 09:26:00 AM,2018 January 30,09:26:00,2018,January,Tuesday,ANZA ST,FUNSTON AVE,0.0,Clear,Injury (Complaint of Pain),Head-On,Pedestrian,Crossing in Crosswalk at Intersection,Dry,No Unusual Condition,Daylight,Intersection <= 20ft,0.0,1,1.0,Driver,North,Making Left Turn,Pedestrian,East,Proceeding Straight,POINT (-122.47164 37.77875),5.0,8.0,4.0,11.0,09
12175,vw_geo_sfpd_cr_switrs_all_types_col_cty_union.fid-c18a0c2_186644fdb18_-2f56,27256,24678000.0,9297000.0,150310199,37.7898658182467,-122.402154084715,SFPD-CROSSROADS,CITY STREET,04/09/2015 02:04:00 PM,2015 April 09,14:04:00,2015,April,Thursday,MONTGOMERY ST,SUTTER ST,64.0,Clear,Injury (Severe),Vehicle/Pedestrian,Pedestrian,"In Road, Including Shoulder",Dry,No Unusual Condition,Daylight,Midblock > 20ft,0.0,1,1.0,Pedestrian,East,Not Stated,Driver,South,Proceeding Straight,POINT (-122.40215 37.789867),108.0,6.0,3.0,8.0,14
12178,vw_geo_sfpd_cr_switrs_all_types_col_cty_union.fid-c18a0c2_186644fdb18_-2a86,4723,21703000.0,,160193189,37.7307421727575,-122.429304397461,SFPD-CROSSROADS,CITY STREET,03/06/2016 11:15:00 AM,2016 March 06,11:15:00,2016,March,Sunday,MISSION ST,TRUMBULL ST,0.0,Clear,Injury (Complaint of Pain),Vehicle/Pedestrian,Pedestrian,Crossing in Crosswalk at Intersection,Dry,No Unusual Condition,Daylight,Intersection <= 20ft,0.0,1,1.0,Driver,South,Making Left Turn,Pedestrian,West,Proceeding Straight,POINT (-122.429306 37.730743),94.0,9.0,1.0,28.0,11
12179,vw_geo_sfpd_cr_switrs_all_types_col_cty_union.fid-c18a0c2_186644fdb18_-2096,9872,24044000.0,788000.0,180800819,37.7643085241,-122.410387911,SFPD-INTERIM DB,CITY STREET,10/21/2018 06:30:00 AM,2018 October 21,06:30:00,2018,October,Sunday,17TH ST,BRYANT ST,7.0,Clear,Injury (Complaint of Pain),Vehicle/Pedestrian,Pedestrian,Crossing in Crosswalk at Intersection,Dry,No Unusual Condition,Dusk - Dawn,Intersection <= 20ft,0.0,1,1.0,Driver,West,Proceeding Straight,Pedestrian,North,Proceeding Straight,POINT (-122.410385 37.76431),53.0,3.0,2.0,20.0,06
12183,vw_geo_sfpd_cr_switrs_all_types_col_cty_union.fid-c18a0c2_186644fdb18_-22fe,34841,26664000.0,6474000.0,130159581,37.7961798703509,-122.435131378338,SFPD-CROSSROADS,CITY STREET,02/24/2013 02:11:00 AM,2013 February 24,02:11:00,2013,February,Sunday,GREEN ST,FILLMORE ST,50.0,Clear,Injury (Severe),Vehicle/Pedestrian,Pedestrian,Crossing Not in Crosswalk,Dry,No Unusual Condition,Dark - Street Lights,Midblock > 20ft,0.0,2,1.0,Driver,West,Proceeding Straight,Pedestrian,North,Proceeding Straight,POINT (-122.435135 37.79618),15.0,4.0,6.0,13.0,02
12188,vw_geo_sfpd_cr_switrs_all_types_col_cty_union.fid-c18a0c2_186644fdb18_-227f,33363,24792000.0,10125000.0,150887665,37.7970265910673,-122.405832140492,SFPD-CROSSROADS,CITY STREET,10/10/2015 03:10:00 PM,2015 October 10,15:10:00,2015,October,Saturday,PACIFIC AVE,COLUMBUS AVE,93.0,Clear,Injury (Severe),Vehicle/Pedestrian,Pedestrian,Crossing Not in Crosswalk,Dry,No Unusual Condition,Daylight,Midblock > 20ft,0.0,1,,Pedestrian,South,Entering Traffic,Driver,East,Backing,POINT (-122.40583 37.797028),104.0,6.0,3.0,6.0,15
12195,vw_geo_sfpd_cr_switrs_all_types_col_cty_union.fid-c18a0c2_186644fdb18_-3506,26644,24527000.0,,130906097,37.7892346992005,-122.395150931855,SFPD-CROSSROADS,CITY STREET,10/25/2013 02:40:00 PM,2013 October 25,14:40:00,2013,October,Friday,HOWARD ST,FREMONT ST,0.0,Clear,Injury (Complaint of Pain),Head-On,Pedestrian,Crossing in Crosswalk at Intersection,Dry,No Unusual Condition,Daylight,Intersection <= 20ft,0.0,1,1.0,Driver,East,Making Right Turn,Pedestrian,North,Not Stated,POINT (-122.39515 37.789234),32.0,1.0,10.0,8.0,14
12198,vw_geo_sfpd_cr_switrs_all_types_col_cty_union.fid-c18a0c2_186644fdb18_-2950,26374,24918000.0,10629000.0,180242904,37.7882345437,-122.408861669,SFPD-INTERIM DB,CITY STREET,04/02/2018 06:47:00 AM,2018 April 02,06:47:00,2018,April,Monday,POST ST,POWELL ST,135.0,Clear,Injury (Severe),Head-On,Pedestrian,Crossing Not in Crosswalk,Dry,No Unusual Condition,Daylight,Midblock > 20ft,0.0,1,1.0,Pedestrian,North,Proceeding Straight,Driver,East,Other,POINT (-122.40886 37.788235),19.0,6.0,3.0,21.0,06
12205,vw_geo_sfpd_cr_switrs_all_types_col_cty_union.fid-c18a0c2_186644fdb18_-356d,35140,26722000.0,,170227411,37.8004692180699,-122.431115290581,SFPD-CROSSROADS,CITY STREET,03/19/2017 07:42:00 PM,2017 March 19,19:42:00,2017,March,Sunday,LOMBARD ST,LAGUNA ST,0.0,Clear,Injury (Other Visible),Vehicle/Pedestrian,Pedestrian,Crossing Not in Crosswalk,Dry,No Unusual Condition,Dark - Street Lights,Intersection <= 20ft,0.0,1,1.0,Pedestrian,South,Proceeding Straight,Driver,East,Proceeding Straight,POINT (-122.431114 37.80047),17.0,4.0,6.0,13.0,19
12212,vw_geo_sfpd_cr_switrs_all_types_col_cty_union.fid-c18a0c2_186644fdb18_-2d15,15813,24416000.000000004,447000.0,180019678,37.7765189352,-122.415071868,SFPD-INTERIM DB,CITY STREET,01/08/2018 09:50:00 AM,2018 January 08,09:50:00,2018,January,Monday,09TH ST,MARKET ST,500.0,Raining,Injury (Complaint of Pain),Vehicle/Pedestrian,Pedestrian,Crossing Not in Crosswalk,Wet,No Unusual Condition,Daylight,Midblock > 20ft,0.0,1,1.0,Pedestrian,West,Entering Traffic,Driver,North,Slowing/Stopping,POINT (-122.41507 37.77652),32.0,5.0,10.0,34.0,09
12217,vw_geo_sfpd_cr_switrs_all_types_col_cty_union.fid-c18a0c2_186644fdb18_-287e,23855,24583000.0,,180217377,37.7837849337,-122.398930331,SFPD-INTERIM DB,CITY STREET,03/23/2018 12:30:00 PM,2018 March 23,12:30:00,2018,March,Friday,FOLSOM ST,03RD ST,0.0,Clear,Injury (Other Visible),Vehicle/Pedestrian,Pedestrian,"In Road, Including Shoulder",Dry,No Unusual Condition,Daylight,Intersection <= 20ft,0.0,1,1.0,Pedestrian,North,Proceeding Straight,Driver,East,Proceeding Straight,POINT (-122.39893 37.783787),32.0,1.0,10.0,8.0,12
12221,vw_geo_sfpd_cr_switrs_all_types_col_cty_union.fid-c18a0c2_186644fdb18_-22de,1692,21486000.0,6138101.0,180676864,37.7164508049,-122.441006259,SFPD-INTERIM DB,CITY STREET,09/07/2018 11:48:00 AM,2018 September 07,11:48:00,2018,September,Friday,GENEVA AVE,MISSION ST,5.0,Clear,Injury (Severe),Vehicle/Pedestrian,Pedestrian,Crossing in Crosswalk at Intersection,Dry,No Unusual Condition,Daylight,Intersection <= 20ft,0.0,1,1.0,Driver,South,Making Left Turn,Pedestrian,South,Not Stated,POINT (-122.44101 37.71645),58.0,9.0,1.0,7.0,11
12222,vw_geo_sfpd_cr_switrs_all_types_col_cty_union.fid-c18a0c2_186644fdb18_-2f9c,30885,26800000.0,,170854826,37.7815203527819,-122.439113935684,SFPD-CROSSROADS,CITY STREET,10/19/2017 09:09:00 AM,2017 October 19,09:09:00,2017,October,Thursday,DIVISADERO ST,ELLIS ST,0.0,Clear,Injury (Complaint of Pain),Head-On,Pedestrian,Crossing in Crosswalk at Intersection,Dry,No Unusual Condition,Daylight,Intersection <= 20ft,0.0,1,1.0,Pedestrian,East,Making Left Turn,Driver,South,Proceeding Straight,POINT (-122.43912 37.78152),13.0,4.0,11.0,39.0,09
12228,vw_geo_sfpd_cr_switrs_all_types_col_cty_union.fid-c18a0c2_186644fdb18_-3723,20058,26376000.0,,170029615,37.7739353713535,-122.446091727215,SFPD-CROSSROADS,CITY STREET,01/11/2017 07:53:00 PM,2017 January 11,19:53:00,2017,January,Wednesday,HAYES ST,MASONIC AVE,0.0,Raining,Injury (Severe),Vehicle/Pedestrian,Pedestrian,Crossing in Crosswalk at Intersection,Wet,No Unusual Condition,Dark - Street Lights,Intersection <= 20ft,0.0,1,,Pedestrian,South,Other,Driver,South,Making Right Turn,POINT (-122.44609 37.773937),24.0,7.0,11.0,18.0,19
12230,vw_geo_sfpd_cr_switrs_all_types_col_cty_union.fid-c18a0c2_186644fdb18_-2241,10581,24113000.0,,170605328,37.7570354019375,-122.418901028816,SFPD-CROSSROADS,CITY STREET,07/25/2017 03:11:00 PM,2017 July 25,15:11:00,2017,July,Tuesday,21ST ST,MISSION ST,0.0,Clear,Injury (Complaint of Pain),Vehicle/Pedestrian,Pedestrian,Crossing in Crosswalk at Intersection,Dry,No Unusual Condition,Daylight,Intersection <= 20ft,0.0,1,1.0,Driver,East,Backing,Pedestrian,South,Proceeding Straight,POINT (-122.4189 37.757034),53.0,3.0,2.0,20.0,15
12232,vw_geo_sfpd_cr_switrs_all_types_col_cty_union.fid-c18a0c2_186644fdb18_-33e1,26746,24560000.0,,130980671,37.79046106869,-122.396689694733,SFPD-CROSSROADS,CITY STREET,11/19/2013 02:07:00 PM,2013 November 19,14:07:00,2013,November,Tuesday,FREMONT ST,MISSION ST,0.0,Raining,Injury (Other Visible),Vehicle/Pedestrian,Pedestrian,Crossing in Crosswalk at Intersection,Wet,No Unusual Condition,Daylight,Intersection <= 20ft,0.0,1,1.0,Driver,North,Making Left Turn,Pedestrian,North,Proceeding Straight,POINT (-122.39669 37.790462),108.0,1.0,10.0,8.0,14
12235,vw_geo_sfpd_cr_switrs_all_types_col_cty_union.fid-c18a0c2_186644fdb18_-22b5,9447,24024000.0,3306000.0,170560421,37.7630632671072,-122.410247284615,SFPD-CROSSROADS,CITY STREET,07/10/2017 05:23:00 PM,2017 July 10,17:23:00,2017,July,Monday,BRYANT ST,MARIPOSA ST,12.0,Clear,Injury (Complaint of Pain),Vehicle/Pedestrian,Pedestrian,Crossing in Crosswalk at Intersection,Dry,No Unusual Condition,Daylight,Intersection <= 20ft,0.0,1,1.0,Driver,North,Making Right Turn,Pedestrian,East,Other,POINT (-122.41025 37.76306),53.0,3.0,2.0,20.0,17
12236,vw_geo_sfpd_cr_switrs_all_types_col_cty_union.fid-c18a0c2_186644fdb18_-3666,30897,26802000.0,,150494141,37.7824504809551,-122.43929762499,SFPD-CROSSROADS,CITY STREET,06/06/2015 10:45:00 AM,2015 June 06,10:45:00,2015,June,Saturday,OFARRELL ST,DIVISADERO ST,0.0,Clear,Injury (Severe),Vehicle/Pedestrian,Pedestrian,Not in Road,Dry,No Unusual Condition,Daylight,Intersection <= 20ft,0.0,1,1.0,Driver,East,Making Right Turn,Pedestrian,West,Other,POINT (-122.4393 37.78245),97.0,4.0,11.0,39.0,10
12237,vw_geo_sfpd_cr_switrs_all_types_col_cty_union.fid-c18a0c2_186644fdb18_-26a3,30005,25199000.0,,130711573,37.786358951141,-122.419833091111,SFPD-CROSSROADS,CITY STREET,08/26/2013 03:41:00 PM,2013 August 26,15:41:00,2013,August,Monday,POLK ST,CEDAR ST,0.0,Clear,Injury (Complaint of Pain),Broadside,Pedestrian,Crossing Not in Crosswalk,Dry,No Unusual Condition,Daylight,Intersection <= 20ft,0.0,1,1.0,Pedestrian,East,Not Stated,Driver,South,Not Stated,POINT (-122.41983 37.786358),50.0,4.0,10.0,36.0,15
12244,vw_geo_sfpd_cr_switrs_all_types_col_cty_union.fid-c18a0c2_186644fdb18_-35f6,6834,21222000.0,,170161370,37.7391214375007,-122.417138818995,SFPD-CROSSROADS,CITY STREET,02/25/2017 08:38:00 PM,2017 February 25,20:38:00,2017,February,Saturday,CORTLAND AVE,WOOL ST,0.0,Clear,Injury (Complaint of Pain),Head-On,Pedestrian,Crossing in Crosswalk at Intersection,Dry,No Unusual Condition,Dark - Street Lights,Intersection <= 20ft,0.0,1,1.0,Driver,East,Making U Turn,Pedestrian,North,Proceeding Straight,POINT (-122.41714 37.73912),61.0,9.0,2.0,2.0,20
12255,vw_geo_sfpd_cr_switrs_all_types_col_cty_union.fid-c18a0c2_186644fdb18_-2ec0,9104,23564000.0,189101.0,150615563,37.7605564159257,-122.388516071512,SFPD-CROSSROADS,CITY STREET,07/15/2015 01:02:00 PM,2015 July 15,13:02:00,2015,July,Wednesday,03RD ST,20TH ST,31.0,Clear,Injury (Complaint of Pain),Vehicle/Pedestrian,Pedestrian,Crossing Not in Crosswalk,Dry,No Unusual Condition,Daylight,Midblock > 20ft,0.0,1,1.0,Pedestrian,West,Other,Driver,North,Proceeding Straight,POINT (-122.38852 37.760555),55.0,2.0,9.0,26.0,13