,id,unique_id,cnn_intrsctn_fkey,cnn_sgmt_fkey,case_id_pkey,tb_latitude,tb_longitude,geocode_source,geocode_location,collision_datetime,collision_date,collision_time,accident_year,month,day_of_week,primary_rd,secondary_rd,distance,weather_1,collision_severity,type_of_collision,mviw,ped_action,road_surface,road_cond_1,lighting,intersection,number_killed,number_injured,party_at_fault,party1_type,party1_dir_of_travel,party1_move_pre_acc,party2_type,party2_dir_of_travel,party2_move_pre_acc,point,Neighborhoods,Current Police Districts,Current Supervisor Districts,Analysis Neighborhoods,hour
12261,vw_geo_sfpd_cr_switrs_all_types_col_cty_union.fid-c18a0c2_186644fdb18_-2491,6632,23952000.0,10673000.0,180547782,37.7516987804,-122.406216907,SFPD-INTERIM DB,CITY STREET,07/23/2018 01:44:00 PM,2018 July 23,13:44:00,2018,July,Monday,POTRERO AVE,25TH ST,10.0,Clear,Injury (Complaint of Pain),Vehicle/Pedestrian,Pedestrian,Crossing in Crosswalk at Intersection,Dry,No Unusual Condition,Daylight,Intersection <= 20ft,0.0,1,1.0,Driver,East,Making Right Turn,Pedestrian,North,Proceeding Straight,POINT (-122.40622 37.751698),53.0,3.0,2.0,20.0,13
12266,vw_geo_sfpd_cr_switrs_all_types_col_cty_union.fid-c18a0c2_186644fdb18_-3239,26982,24552000.0,12158002.0,130905867,37.7934158529409,-122.393413729205,SFPD-CROSSROADS,CITY STREET,10/25/2013 02:02:00 PM,2013 October 25,14:02:00,2013,October,Friday,STEUART ST,MISSION ST,95.0,Clear,Injury (Complaint of Pain),Vehicle/Pedestrian,Pedestrian,"In Road, Including Shoulder",Dry,No Unusual Condition,Daylight,Midblock > 20ft,0.0,1,1.0,Pedestrian,East,Proceeding Straight,Driver,South,Stopped In Road,POINT (-122.39342 37.793415),108.0,6.0,10.0,8.0,14
12278,vw_geo_sfpd_cr_switrs_all_types_col_cty_union.fid-c18a0c2_186644fdb18_-2bb0,1355,21444000.0,,170077454,37.7156725545858,-122.439438471844,SFPD-CROSSROADS,CITY STREET,01/28/2017 01:25:00 PM,2017 January 28,13:25:00,2017,January,Saturday,GENEVA AVE,PARIS ST,0.0,Clear,Injury (Complaint of Pain),Vehicle/Pedestrian,Pedestrian,Crossing in Crosswalk at Intersection,Dry,No Unusual Condition,Daylight,Intersection <= 20ft,0.0,1,1.0,Driver,South,Making Left Turn,Pedestrian,North,Proceeding Straight,POINT (-122.43944 37.71567),58.0,9.0,1.0,7.0,13
12290,vw_geo_sfpd_cr_switrs_all_types_col_cty_union.fid-c18a0c2_186644fdb18_-2362,32870,26670000.0,5558000.0,150872434,37.7942400455964,-122.434914074986,SFPD-CROSSROADS,CITY STREET,10/05/2015 03:26:00 PM,2015 October 05,15:26:00,2015,October,Monday,FILLMORE ST,BROADWAY,10.0,Clear,Injury (Other Visible),Vehicle/Pedestrian,Pedestrian,Crossing in Crosswalk at Intersection,Dry,No Unusual Condition,Daylight,Intersection <= 20ft,0.0,1,1.0,Driver,South,Making Left Turn,Pedestrian,East,Proceeding Straight,POINT (-122.43491 37.79424),102.0,4.0,6.0,30.0,15
12305,vw_geo_sfpd_cr_switrs_all_types_col_cty_union.fid-c18a0c2_186644fdb18_-3219,31018,26811000.0,,170582920,37.7828853362876,-122.442793100017,SFPD-CROSSROADS,CITY STREET,07/18/2017 08:18:00 AM,2017 July 18,08:18:00,2017,July,Tuesday,GEARY BLVD,SAINT JOSEPHS AVE,0.0,Cloudy,Injury (Complaint of Pain),Broadside,Pedestrian,Crossing in Crosswalk at Intersection,Dry,No Unusual Condition,Daylight,Intersection <= 20ft,0.0,1,1.0,Driver,East,Making Right Turn,Pedestrian,North,Proceeding Straight,POINT (-122.442795 37.782887),103.0,8.0,6.0,31.0,08
12313,vw_geo_sfpd_cr_switrs_all_types_col_cty_union.fid-c18a0c2_186644fdb18_-352d,40397,27159000.0,,170251131,37.7601705861892,-122.469263156419,SFPD-CROSSROADS,CITY STREET,03/27/2017 03:23:00 PM,2017 March 27,15:23:00,2017,March,Monday,12TH AVE,KIRKHAM ST,0.0,Clear,Injury (Other Visible),Vehicle/Pedestrian,Pedestrian,"In Road, Including Shoulder",Dry,No Unusual Condition,Daylight,Intersection <= 20ft,0.0,1,1.0,Pedestrian,North,Proceeding Straight,Driver,East,Proceeding Straight,POINT (-122.46926 37.76017),109.0,10.0,8.0,14.0,15
12332,vw_geo_sfpd_cr_switrs_all_types_col_cty_union.fid-c18a0c2_186644fdb18_-1f44,9615,24020000.0,,180900328,37.7644878295,-122.407419737,SFPD-INTERIM DB,CITY STREET,11/28/2018 09:35:00 PM,2018 November 28,21:35:00,2018,November,Wednesday,POTRERO AVE,17TH ST,0.0,Raining,Injury (Other Visible),Vehicle/Pedestrian,Pedestrian,Crossing in Crosswalk at Intersection,Wet,No Unusual Condition,Dark - Street Lights,Intersection <= 20ft,0.0,1,1.0,Driver,South,Making Left Turn,Pedestrian,West,Proceeding Straight,POINT (-122.40742 37.76449),53.0,3.0,9.0,20.0,21
12356,vw_geo_sfpd_cr_switrs_all_types_col_cty_union.fid-c18a0c2_186644fdb18_-1f28,15048,23897000.0,,180905607,37.7760393213,-122.402524097,SFPD-INTERIM DB,CITY STREET,11/30/2018 07:20:00 PM,2018 November 30,19:20:00,2018,November,Friday,06TH ST,BRYANT ST,0.0,Clear,Injury (Complaint of Pain),Vehicle/Pedestrian,Pedestrian,Crossing in Crosswalk at Intersection,Dry,No Unusual Condition,Dark - Street Lights,Intersection <= 20ft,0.0,1,1.0,Driver,North,Making Right Turn,Pedestrian,North,Proceeding Straight,POINT (-122.40253 37.77604),32.0,1.0,10.0,34.0,19
12368,vw_geo_sfpd_cr_switrs_all_types_col_cty_union.fid-c18a0c2_186644fdb18_-23cb,3253,33269000.000000004,212101.0,180615420,37.7340396694,-122.390936749,SFPD-INTERIM DB,CITY STREET,08/16/2018 10:30:00 AM,2018 August 16,10:30:00,2018,August,Thursday,03RD ST,PALOU AVE,13.0,Clear,Injury (Complaint of Pain),Vehicle/Pedestrian,Pedestrian,Crossing in Crosswalk at Intersection,Dry,No Unusual Condition,Daylight,Intersection <= 20ft,0.0,1,1.0,Driver,North,Making Left Turn,Pedestrian,East,Proceeding Straight,POINT (-122.39094 37.73404),86.0,2.0,9.0,1.0,10
12376,vw_geo_sfpd_cr_switrs_all_types_col_cty_union.fid-c18a0c2_186644fdb18_-2853,24090,24295000.0,,180312789,37.7817543276,-122.409693261,SFPD-INTERIM DB,CITY STREET,04/27/2018 06:09:00 PM,2018 April 27,18:09:00,2018,April,Friday,STEVENSON ST,06TH ST,0.0,Clear,Injury (Other Visible),Vehicle/Pedestrian,Pedestrian,"In Road, Including Shoulder",Dry,No Unusual Condition,Dusk - Dawn,Intersection <= 20ft,0.0,1,1.0,Driver,East,Making Right Turn,Pedestrian,South,Stopped In Road,POINT (-122.40969 37.781754),32.0,5.0,10.0,34.0,18
12378,vw_geo_sfpd_cr_switrs_all_types_col_cty_union.fid-c18a0c2_186644fdb18_-20c4,34539,25484000.0,7455000.0,140549364,37.8085857771455,-122.412838392469,SFPD-CROSSROADS,CITY STREET,07/02/2014 04:00:00 PM,2014 July 02,16:00:00,2014,July,Wednesday,JEFFERSON ST,POWELL ST,92.0,Clear,Injury (Complaint of Pain),Vehicle/Pedestrian,Pedestrian,Crossing Not in Crosswalk,Dry,No Unusual Condition,Daylight,Midblock > 20ft,0.0,2,2.0,Driver,West,Proceeding Straight,Pedestrian,South,Other,POINT (-122.41284 37.808586),99.0,6.0,3.0,23.0,16
12379,vw_geo_sfpd_cr_switrs_all_types_col_cty_union.fid-c18a0c2_186644fdb18_-2439,26282,24903000.0,,180578157,37.7873592619,-122.408226726,SFPD-INTERIM DB,CITY STREET,08/03/2018 06:21:00 AM,2018 August 03,06:21:00,2018,August,Friday,POWELL ST,GEARY ST,0.0,Cloudy,Injury (Complaint of Pain),Vehicle/Pedestrian,Pedestrian,Crossing in Crosswalk at Intersection,Dry,No Unusual Condition,Daylight,Intersection <= 20ft,0.0,1,1.0,Driver,West,Making Left Turn,Pedestrian,North,Proceeding Straight,POINT (-122.408226 37.78736),19.0,6.0,3.0,8.0,06
12387,vw_geo_sfpd_cr_switrs_all_types_col_cty_union.fid-c18a0c2_186644fdb18_-2225,33716,25125000.0,11324000.0,141060232,37.7963821246383,-122.412579462618,SFPD-CROSSROADS,CITY STREET,12/17/2014 05:08:00 PM,2014 December 17,17:08:00,2014,December,Wednesday,LEAVENWORTH ST,PACIFIC AVE,69.0,Raining,Injury (Other Visible),Vehicle/Pedestrian,Pedestrian,Crossing Not in Crosswalk,Wet,No Unusual Condition,Dark - Street Lights,Midblock > 20ft,0.0,1,1.0,Driver,North,Proceeding Straight,Pedestrian,East,Proceeding Straight,POINT (-122.41258 37.796383),107.0,6.0,3.0,21.0,17
12393,vw_geo_sfpd_cr_switrs_all_types_col_cty_union.fid-c18a0c2_186644fdb18_-373d,28126,24685000.0,,170021508,37.7930603011576,-122.401126341869,SFPD-CROSSROADS,CITY STREET,01/08/2017 06:40:00 PM,2017 January 08,18:40:00,2017,January,Sunday,SANSOME ST,CALIFORNIA ST,0.0,Raining,Injury (Other Visible),Vehicle/Pedestrian,Pedestrian,Crossing in Crosswalk at Intersection,Wet,No Unusual Condition,Dark - Street Lights,Intersection <= 20ft,0.0,1,1.0,Driver,North,Making Left Turn,Pedestrian,West,Proceeding Straight,POINT (-122.40112 37.79306),108.0,6.0,3.0,8.0,18
12397,vw_geo_sfpd_cr_switrs_all_types_col_cty_union.fid-c18a0c2_186644fdb18_-2c51,2063,22060000.0,3834000.0,180067116,37.7220621157,-122.43976894,SFPD-INTERIM DB,CITY STREET,01/24/2018 08:15:00 AM,2018 January 24,08:15:00,2018,January,Wednesday,CAYUGA AVE,ONONDAGA AVE,3.0,Clear,Injury (Complaint of Pain),Vehicle/Pedestrian,Pedestrian,Crossing in Crosswalk at Intersection,Dry,No Unusual Condition,Daylight,Intersection <= 20ft,0.0,1,1.0,Driver,North,Proceeding Straight,Pedestrian,West,Proceeding Straight,POINT (-122.439766 37.72206),80.0,9.0,1.0,28.0,08
12398,vw_geo_sfpd_cr_switrs_all_types_col_cty_union.fid-c18a0c2_186644fdb18_-33ab,27765,24958000.0,,170418137,37.7888075433493,-122.411885658063,SFPD-CROSSROADS,CITY STREET,05/21/2017 10:24:00 PM,2017 May 21,22:24:00,2017,May,Sunday,SUTTER ST,TAYLOR ST,0.0,Clear,Injury (Complaint of Pain),Vehicle/Pedestrian,Pedestrian,Crossing in Crosswalk at Intersection,Dry,No Unusual Condition,Dark - Street Lights,Intersection <= 20ft,0.0,1,1.0,Driver,West,Making Left Turn,Pedestrian,North,Not Stated,POINT (-122.41189 37.788807),50.0,6.0,3.0,21.0,22
12399,vw_geo_sfpd_cr_switrs_all_types_col_cty_union.fid-c18a0c2_186644fdb18_-3743,24963,24935000.0,,170019575,37.7837237830879,-122.414241572541,SFPD-CROSSROADS,CITY STREET,01/07/2017 09:13:00 PM,2017 January 07,21:13:00,2017,January,Saturday,LEAVENWORTH ST,EDDY ST,0.0,Raining,Injury (Complaint of Pain),Vehicle/Pedestrian,Pedestrian,Crossing in Crosswalk at Intersection,Wet,No Unusual Condition,Dark - Street Lights,Intersection <= 20ft,0.0,1,1.0,Driver,West,Making Left Turn,Pedestrian,North,Proceeding Straight,POINT (-122.41424 37.783722),20.0,5.0,10.0,36.0,21
12410,vw_geo_sfpd_cr_switrs_all_types_col_cty_union.fid-c18a0c2_186644fdb18_-279a,6881,21253000.000000004,,160464617,37.7399845577552,-122.420275044264,SFPD-CROSSROADS,CITY STREET,06/07/2016 04:50:00 PM,2016 June 07,16:50:00,2016,June,Tuesday,CORTLAND AVE,WINFIELD ST,0.0,Cloudy,Injury (Complaint of Pain),Vehicle/Pedestrian,Pedestrian,"In Road, Including Shoulder",Dry,No Unusual Condition,Daylight,Intersection <= 20ft,0.0,1,1.0,Pedestrian,West,Other Unsafe Turning,Driver,West,Proceeding Straight,POINT (-122.42027 37.739986),83.0,9.0,2.0,2.0,16
12411,vw_geo_sfpd_cr_switrs_all_types_col_cty_union.fid-c18a0c2_186644fdb18_-2b58,7557,21345000.0,,180132612,37.7481252837,-122.420278831,SFPD-INTERIM DB,CITY STREET,02/19/2018 12:28:00 AM,2018 February 19,00:28:00,2018,February,Monday,VALENCIA ST,CESAR CHAVEZ ST,0.0,Clear,Injury (Other Visible),Vehicle/Pedestrian,Pedestrian,Crossing in Crosswalk at Intersection,Dry,No Unusual Condition,Dark - Street Lights,Intersection <= 20ft,0.0,1,1.0,Driver,West,Making Left Turn,Pedestrian,North,Proceeding Straight,POINT (-122.42028 37.748127),53.0,3.0,5.0,20.0,00
12415,vw_geo_sfpd_cr_switrs_all_types_col_cty_union.fid-c18a0c2_186644fdb18_-2a3f,33881,30719000.0,2768000.0,170725136,37.8023323325136,-122.40179802496,SFPD-CROSSROADS,CITY STREET,09/05/2017 03:36:00 PM,2017 September 05,15:36:00,2017,September,Tuesday,BATTERY ST,FILBERT ST,8.0,Clear,Injury (Other Visible),Vehicle/Pedestrian,Pedestrian,"In Road, Including Shoulder",Dry,No Unusual Condition,Daylight,Intersection <= 20ft,0.0,1,1.0,Driver,South,Passing Other Vehicle,Pedestrian,South,Parked,POINT (-122.401794 37.802334),77.0,6.0,3.0,8.0,15
12416,vw_geo_sfpd_cr_switrs_all_types_col_cty_union.fid-c18a0c2_186644fdb18_-34ce,30495,26502000.0,12333000.0,170294620,37.7870436361055,-122.425730246794,SFPD-CROSSROADS,CITY STREET,04/10/2017 09:18:00 AM,2017 April 10,09:18:00,2017,April,Monday,SUTTER ST,GOUGH ST,200.0,Clear,Injury (Other Visible),Vehicle/Pedestrian,Pedestrian,"In Road, Including Shoulder",Dry,No Unusual Condition,Daylight,Midblock > 20ft,0.0,1,1.0,Driver,East,Proceeding Straight,Pedestrian,East,Other,POINT (-122.42573 37.787045),100.0,4.0,11.0,30.0,09
12425,vw_geo_sfpd_cr_switrs_all_types_col_cty_union.fid-c18a0c2_186644fdb18_-2174,34413,25592000.0,,170819557,37.8063434294438,-122.415431569899,SFPD-CROSSROADS,CITY STREET,10/07/2017 04:56:00 PM,2017 October 07,16:56:00,2017,October,Saturday,NORTH POINT ST,TAYLOR ST,0.0,Clear,Injury (Complaint of Pain),Vehicle/Pedestrian,Pedestrian,Crossing in Crosswalk at Intersection,Dry,No Unusual Condition,Daylight,Intersection <= 20ft,0.0,3,1.0,Driver,North,Proceeding Straight,Pedestrian,East,Proceeding Straight,POINT (-122.41543 37.806343),99.0,6.0,3.0,23.0,16
12426,vw_geo_sfpd_cr_switrs_all_types_col_cty_union.fid-c18a0c2_186644fdb18_-2688,32030,25225000.0,3550000.0,180435745,37.7903414502,-122.422550929,SFPD-INTERIM DB,CITY STREET,06/12/2018 12:15:00 PM,2018 June 12,12:15:00,2018,June,Tuesday,CALIFORNIA ST,VAN NESS AVE,65.0,Clear,Injury (Complaint of Pain),Vehicle/Pedestrian,Pedestrian,Crossing Not in Crosswalk,Dry,No Unusual Condition,Daylight,Midblock > 20ft,0.0,1,1.0,Pedestrian,South,Backing,Driver,West,Other,POINT (-122.422554 37.79034),102.0,4.0,6.0,39.0,12
12451,vw_geo_sfpd_cr_switrs_all_types_col_cty_union.fid-c18a0c2_186644fdb18_-25cc,25092,24936000.0,,180467685,37.7848662446,-122.412782128,SFPD-INTERIM DB,CITY STREET,06/24/2018 09:47:00 AM,2018 June 24,09:47:00,2018,June,Sunday,JONES ST,ELLIS ST,0.0,Clear,Injury (Complaint of Pain),Vehicle/Pedestrian,Pedestrian,Crossing in Crosswalk at Intersection,Dry,No Unusual Condition,Daylight,Intersection <= 20ft,0.0,1,1.0,Driver,South,Making Right Turn,Pedestrian,West,Proceeding Straight,POINT (-122.41278 37.784866),20.0,5.0,10.0,36.0,09
12452,vw_geo_sfpd_cr_switrs_all_types_col_cty_union.fid-c18a0c2_186644fdb18_-2844,34240,25525000.000000004,4304000.0,150499486,37.8044054945938,-122.416122956777,SFPD-CROSSROADS,CITY STREET,06/08/2015 08:37:00 AM,2015 June 08,08:37:00,2015,June,Monday,COLUMBUS AVE,FRANCISCO ST,27.0,Clear,Injury (Complaint of Pain),Vehicle/Pedestrian,Pedestrian,Crossing Not in Crosswalk,Dry,No Unusual Condition,Daylight,Midblock > 20ft,0.0,1,1.0,Pedestrian,West,Proceeding Straight,Driver,North,Proceeding Straight,POINT (-122.41612 37.804405),106.0,6.0,3.0,23.0,08
12458,vw_geo_sfpd_cr_switrs_all_types_col_cty_union.fid-c18a0c2_186644fdb18_-3683,32304,26543000.0,,170103009,37.7917569215266,-122.425980160192,SFPD-CROSSROADS,CITY STREET,02/05/2017 08:15:00 PM,2017 February 05,20:15:00,2017,February,Sunday,GOUGH ST,CLAY ST,0.0,Raining,Injury (Complaint of Pain),Vehicle/Pedestrian,Pedestrian,Crossing in Crosswalk at Intersection,Wet,No Unusual Condition,Dark - Street Lights,Intersection <= 20ft,0.0,1,,Driver,East,Making Left Turn,Pedestrian,South,Proceeding Straight,POINT (-122.42598 37.791756),102.0,4.0,6.0,30.0,20
12459,vw_geo_sfpd_cr_switrs_all_types_col_cty_union.fid-c18a0c2_186644fdb18_-369e,9258,23682000.0,,170085827,37.7637938935144,-122.397612708298,SFPD-CROSSROADS,CITY STREET,01/31/2017 11:11:00 AM,2017 January 31,11:11:00,2017,January,Tuesday,MARIPOSA ST,CONNECTICUT ST,0.0,Clear,Injury (Other Visible),Vehicle/Pedestrian,Pedestrian,Crossing in Crosswalk at Intersection,Dry,No Unusual Condition,Daylight,Intersection <= 20ft,0.0,1,1.0,Driver,West,Proceeding Straight,Pedestrian,South,Proceeding Straight,POINT (-122.39761 37.763794),54.0,2.0,9.0,26.0,11
12463,vw_geo_sfpd_cr_switrs_all_types_col_cty_union.fid-c18a0c2_186644fdb18_-2cbf,21382,25941000.0,6323000.0,180034632,37.7796531251,-122.42353717,SFPD-INTERIM DB,CITY STREET,01/13/2018 03:30:00 PM,2018 January 13,15:30:00,2018,January,Saturday,GOUGH ST,MCALLISTER ST,8.0,Clear,Injury (Other Visible),Head-On,Pedestrian,Crossing in Crosswalk at Intersection,Dry,No Unusual Condition,Daylight,Intersection <= 20ft,0.0,1,1.0,Driver,South,Making Left Turn,Pedestrian,East,Proceeding Straight,POINT (-122.42354 37.77965),97.0,4.0,11.0,39.0,15
12469,vw_geo_sfpd_cr_switrs_all_types_col_cty_union.fid-c18a0c2_186644fdb18_-2552,7952,25614000.0,4878201.0,140853842,37.7518297402311,-122.425158403136,SFPD-CROSSROADS,CITY STREET,10/09/2014 05:10:00 PM,2014 October 09,17:10:00,2014,October,Thursday,DOLORES ST,24TH ST,5.0,Clear,Injury (Other Visible),Vehicle/Pedestrian,Pedestrian,Crossing in Crosswalk at Intersection,Dry,No Unusual Condition,Daylight,Intersection <= 20ft,0.0,1,1.0,Driver,South,Making Left Turn,Pedestrian,East,Proceeding Straight,POINT (-122.425156 37.75183),52.0,3.0,5.0,22.0,17
12479,vw_geo_sfpd_cr_switrs_all_types_col_cty_union.fid-c18a0c2_186644fdb18_-23dc,32441,26646000.0,13547000.0,130256109,37.7909351920192,-122.432564726383,SFPD-CROSSROADS,CITY STREET,03/28/2013 03:07:00 PM,2013 March 28,15:07:00,2013,March,Thursday,WEBSTER ST,CLAY ST,6.0,Clear,Injury (Other Visible),Vehicle/Pedestrian,Pedestrian,Crossing in Crosswalk at Intersection,Dry,No Unusual Condition,Daylight,Intersection <= 20ft,0.0,1,1.0,Driver,South,Backing,Pedestrian,West,Not Stated,POINT (-122.43256 37.790936),102.0,4.0,6.0,30.0,15
12480,vw_geo_sfpd_cr_switrs_all_types_col_cty_union.fid-c18a0c2_186644fdb18_-2985,7762,24103000.0,,170545489,37.7504496947638,-122.421437586413,SFPD-CROSSROADS,CITY STREET,07/05/2017 01:15:00 PM,2017 July 05,13:15:00,2017,July,Wednesday,25TH ST,SAN JOSE AVE,0.0,Clear,Injury (Severe),Vehicle/Pedestrian,Pedestrian,Crossing in Crosswalk at Intersection,Dry,No Unusual Condition,Daylight,Intersection <= 20ft,0.0,1,,Driver,West,Proceeding Straight,Pedestrian,North,Proceeding Straight,POINT (-122.42144 37.75045),53.0,3.0,5.0,20.0,13
12483,vw_geo_sfpd_cr_switrs_all_types_col_cty_union.fid-c18a0c2_186644fdb18_-208c,16326,23937000.0,298000.0,180802837,37.78029247,-122.403421017,SFPD-INTERIM DB,CITY STREET,10/22/2018 07:32:00 PM,2018 October 22,19:32:00,2018,October,Monday,05TH ST,FOLSOM ST,14.0,Clear,Injury (Complaint of Pain),Vehicle/Pedestrian,Pedestrian,Crossing in Crosswalk at Intersection,Dry,No Unusual Condition,Dark - Street Lights,Intersection <= 20ft,0.0,1,1.0,Driver,East,Making Left Turn,Pedestrian,East,Other,POINT (-122.40342 37.780293),32.0,1.0,10.0,34.0,19
12484,vw_geo_sfpd_cr_switrs_all_types_col_cty_union.fid-c18a0c2_186644fdb18_-21aa,11862,24170000.0,9116000.0,160902485,37.7648639359635,-122.419650922182,SFPD-CROSSROADS,CITY STREET,11/05/2016 05:31:00 PM,2016 November 05,17:31:00,2016,November,Saturday,MISSION ST,16TH ST,68.0,Clear,Injury (Complaint of Pain),Vehicle/Pedestrian,Pedestrian,Crossing Not in Crosswalk,Dry,No Unusual Condition,Daylight,Midblock > 20ft,0.0,1,1.0,Pedestrian,West,Other,Driver,North,Passing Other Vehicle,POINT (-122.41965 37.764862),53.0,3.0,2.0,20.0,17
12485,vw_geo_sfpd_cr_switrs_all_types_col_cty_union.fid-c18a0c2_186644fdb18_-2068,1419,21475000.0,,180812789,37.7160388199,-122.440255135,SFPD-INTERIM DB,CITY STREET,10/26/2018 11:40:00 AM,2018 October 26,11:40:00,2018,October,Friday,GENEVA AVE,LONDON ST,0.0,Clear,Injury (Other Visible),Vehicle/Pedestrian,Pedestrian,Crossing in Crosswalk at Intersection,Dry,No Unusual Condition,Daylight,Intersection <= 20ft,0.0,1,1.0,Driver,West,Proceeding Straight,Pedestrian,North,Proceeding Straight,POINT (-122.440254 37.716038),58.0,9.0,1.0,7.0,11
12506,vw_geo_sfpd_cr_switrs_all_types_col_cty_union.fid-c18a0c2_186644fdb18_-282d,31750,25204000.0,3443000.0,180324320,37.78890438,-122.418696892,SFPD-INTERIM DB,CITY STREET,05/02/2018 12:38:00 AM,2018 May 02,00:38:00,2018,May,Wednesday,BUSH ST,LARKIN ST,12.0,Clear,Injury (Complaint of Pain),Vehicle/Pedestrian,Pedestrian,Crossing in Crosswalk at Intersection,Dry,No Unusual Condition,Dark - Street Lights,Intersection <= 20ft,0.0,1,1.0,Pedestrian,South,Proceeding Straight,Driver,East,Proceeding Straight,POINT (-122.41869 37.788906),50.0,6.0,3.0,21.0,00
12511,vw_geo_sfpd_cr_switrs_all_types_col_cty_union.fid-c18a0c2_186644fdb18_-22c1,9389,24039000.0,6750000.0,150283091,37.7605685520046,-122.412673767899,SFPD-CROSSROADS,CITY STREET,03/31/2015 03:04:00 PM,2015 March 31,15:04:00,2015,March,Tuesday,HARRISON ST,19TH ST,22.0,Clear,Injury (Complaint of Pain),Vehicle/Pedestrian,Pedestrian,Crossing in Crosswalk at Intersection,Dry,No Unusual Condition,Daylight,Midblock > 20ft,0.0,1,1.0,Driver,South,Making Left Turn,Pedestrian,East,Proceeding Straight,POINT (-122.412674 37.760567),53.0,3.0,2.0,20.0,15
12518,vw_geo_sfpd_cr_switrs_all_types_col_cty_union.fid-c18a0c2_186644fdb18_-33da,26774,24545000.0,,160056800,37.7908269488135,-122.390012346546,SFPD-CROSSROADS,CITY STREET,01/20/2016 05:54:00 PM,2016 January 20,17:54:00,2016,January,Wednesday,FOLSOM ST,THE EMBARCADERO,0.0,Clear,Injury (Complaint of Pain),Sideswipe,Pedestrian,Not in Road,Dry,No Unusual Condition,Dark - Street Lights,Intersection <= 20ft,0.0,1,1.0,Driver,West,Making Right Turn,Pedestrian,East,Stopped In Road,POINT (-122.390015 37.79083),108.0,1.0,10.0,8.0,17
12521,vw_geo_sfpd_cr_switrs_all_types_col_cty_union.fid-c18a0c2_186644fdb18_-2a9e,30626,26519000.0,,180172088,37.7867126556,-122.428335614,SFPD-INTERIM DB,CITY STREET,03/05/2018 05:30:00 PM,2018 March 05,17:30:00,2018,March,Monday,LAGUNA ST,SUTTER ST,0.0,Clear,Injury (Complaint of Pain),Vehicle/Pedestrian,Pedestrian,Crossing in Crosswalk at Intersection,Dry,No Unusual Condition,Daylight,Intersection <= 20ft,0.0,1,1.0,Driver,South,Making Left Turn,Pedestrian,East,Proceeding Straight,POINT (-122.42834 37.786713),101.0,4.0,11.0,30.0,17
12532,vw_geo_sfpd_cr_switrs_all_types_col_cty_union.fid-c18a0c2_186644fdb18_-20e4,15312,23928000.000000004,6727000.0,150985491,37.776142184307,-122.405501115727,SFPD-CROSSROADS,CITY STREET,11/12/2015 09:00:00 AM,2015 November 12,09:00:00,2015,November,Thursday,HARRISON ST,SHERMAN ST,10.0,Clear,Injury (Other Visible),Vehicle/Pedestrian,Pedestrian,Crossing Not in Crosswalk,Dry,No Unusual Condition,Daylight,Intersection <= 20ft,0.0,2,1.0,Driver,West,Making Right Turn,Pedestrian,North,Not Stated,POINT (-122.4055 37.776142),32.0,1.0,10.0,34.0,09
12537,vw_geo_sfpd_cr_switrs_all_types_col_cty_union.fid-c18a0c2_186644fdb18_-2c3a,24837,24893000.0,,180075012,37.7844527301,-122.408493158,SFPD-INTERIM DB,CITY STREET,01/28/2018 03:44:00 PM,2018 January 28,15:44:00,2018,January,Sunday,CYRIL MAGNIN ST,EDDY ST,0.0,Clear,Injury (Complaint of Pain),Vehicle/Pedestrian,Pedestrian,Crossing in Crosswalk at Intersection,Dry,No Unusual Condition,Daylight,Intersection <= 20ft,0.0,1,1.0,Pedestrian,East,Entering Traffic,Driver,North,Making Left Turn,POINT (-122.40849 37.784454),19.0,5.0,3.0,36.0,15
12538,vw_geo_sfpd_cr_switrs_all_types_col_cty_union.fid-c18a0c2_186644fdb18_-242c,19321,26338000.0,,180582556,37.7700076057,-122.446933819,SFPD-INTERIM DB,CITY STREET,08/04/2018 07:33:00 PM,2018 August 04,19:33:00,2018,August,Saturday,HAIGHT ST,ASHBURY ST,0.0,Clear,Injury (Complaint of Pain),Vehicle/Pedestrian,Pedestrian,Crossing in Crosswalk at Intersection,Dry,No Unusual Condition,Daylight,Intersection <= 20ft,0.0,1,1.0,Driver,North,Making Right Turn,Pedestrian,West,Proceeding Straight,POINT (-122.44694 37.770008),25.0,7.0,11.0,3.0,19
12549,vw_geo_sfpd_cr_switrs_all_types_col_cty_union.fid-c18a0c2_186644fdb18_-1f80,32856,26653000.000000004,,180881825,37.792471637,-122.434557721,SFPD-INTERIM DB,CITY STREET,11/21/2018 08:50:00 AM,2018 November 21,08:50:00,2018,November,Wednesday,FILLMORE ST,JACKSON ST,0.0,Raining,Injury (Complaint of Pain),Vehicle/Pedestrian,Pedestrian,Crossing in Crosswalk at Intersection,Wet,No Unusual Condition,Daylight,Intersection <= 20ft,0.0,1,1.0,Driver,North,Making Left Turn,Pedestrian,West,Proceeding Straight,POINT (-122.434555 37.792473),102.0,4.0,6.0,30.0,08
12552,vw_geo_sfpd_cr_switrs_all_types_col_cty_union.fid-c18a0c2_186644fdb18_-3562,11484,25792000.0,,170230549,37.7609547385978,-122.433903579476,SFPD-CROSSROADS,CITY STREET,03/20/2017 08:25:00 PM,2017 March 20,20:25:00,2017,March,Monday,18TH ST,HARTFORD ST,0.0,Raining,Injury (Other Visible),Vehicle/Pedestrian,Pedestrian,Crossing in Crosswalk at Intersection,Wet,No Unusual Condition,Dark - Street Lights,Intersection <= 20ft,0.0,2,,Driver,South,Proceeding Straight,Pedestrian,West,Other,POINT (-122.43391 37.760956),38.0,3.0,5.0,5.0,20