,id,unique_id,cnn_intrsctn_fkey,cnn_sgmt_fkey,case_id_pkey,tb_latitude,tb_longitude,geocode_source,geocode_location,collision_datetime,collision_date,collision_time,accident_year,month,day_of_week,primary_rd,secondary_rd,distance,weather_1,collision_severity,type_of_collision,mviw,ped_action,road_surface,road_cond_1,lighting,intersection,number_killed,number_injured,party_at_fault,party1_type,party1_dir_of_travel,party1_move_pre_acc,party2_type,party2_dir_of_travel,party2_move_pre_acc,point,Neighborhoods,Current Police Districts,Current Supervisor Districts,Analysis Neighborhoods,hour
12556,vw_geo_sfpd_cr_switrs_all_types_col_cty_union.fid-c18a0c2_186644fdb18_-2c71,33493,24808000.0,2763000.0,130331030,37.7995257919085,-122.401239118161,SFPD-CROSSROADS,CITY STREET,04/23/2013 08:34:00 AM,2013 April 23,08:34:00,2013,April,Tuesday,BATTERY ST,VALLEJO ST,2.0,Clear,Injury (Other Visible),Vehicle/Pedestrian,Pedestrian,Crossing in Crosswalk at Intersection,Dry,No Unusual Condition,Daylight,Intersection <= 20ft,0.0,1,1.0,Driver,South,Making Right Turn,Pedestrian,West,Proceeding Straight,POINT (-122.40124 37.799526),77.0,6.0,3.0,8.0,08
12559,vw_geo_sfpd_cr_switrs_all_types_col_cty_union.fid-c18a0c2_186644fdb18_-2245,23612,24532000.0,,180704465,37.7885359306,-122.396034766,SFPD-INTERIM DB,CITY STREET,09/17/2018 11:12:00 AM,2018 September 17,11:12:00,2018,September,Monday,HOWARD ST,01ST ST,0.0,Clear,Injury (Other Visible),Vehicle/Pedestrian,Pedestrian,Crossing in Crosswalk at Intersection,Dry,No Unusual Condition,Daylight,Intersection <= 20ft,0.0,1,1.0,Driver,West,Making Left Turn,Pedestrian,East,Other,POINT (-122.396034 37.788536),32.0,1.0,10.0,8.0,11
12565,vw_geo_sfpd_cr_switrs_all_types_col_cty_union.fid-c18a0c2_186644fdb18_-2dfb,6085,23612000.000000004,2474000.0,170997921,37.7498729106986,-122.394086656244,SFPD-CROSSROADS,CITY STREET,12/10/2017 04:57:00 AM,2017 December 10,04:57:00,2017,December,Sunday,CESAR CHAVEZ ST,MISSISSIPPI ST,216.0,Clear,Injury (Severe),Vehicle/Pedestrian,Pedestrian,Not in Road,Dry,No Unusual Condition,Dark - Street Lights,Midblock > 20ft,0.0,1,1.0,Driver,East,Proceeding Straight,Pedestrian,East,Proceeding Straight,POINT (-122.39409 37.749874),54.0,2.0,9.0,1.0,04
12580,vw_geo_sfpd_cr_switrs_all_types_col_cty_union.fid-c18a0c2_186644fdb18_-31f9,28352,24703000.0,,170594298,37.7948394990923,-122.401487580496,SFPD-CROSSROADS,CITY STREET,07/21/2017 06:15:00 PM,2017 July 21,18:15:00,2017,July,Friday,SANSOME ST,CLAY ST,0.0,Clear,Injury (Severe),Vehicle/Pedestrian,Pedestrian,Crossing Not in Crosswalk,Dry,No Unusual Condition,Daylight,Intersection <= 20ft,0.0,1,1.0,Pedestrian,North,Stopped In Road,Driver,North,Stopped In Road,POINT (-122.40149 37.794838),108.0,6.0,3.0,6.0,18
12589,vw_geo_sfpd_cr_switrs_all_types_col_cty_union.fid-c18a0c2_186644fdb18_-34dd,12976,26402000.0,4134000.0,170284104,37.7662342369898,-122.447856625553,SFPD-CROSSROADS,CITY STREET,04/07/2017 08:50:00 AM,2017 April 07,08:50:00,2017,April,Friday,CLAYTON ST,CARL ST,60.0,Cloudy,Injury (Other Visible),Vehicle/Pedestrian,Pedestrian,"In Road, Including Shoulder",Dry,No Unusual Condition,Daylight,Midblock > 20ft,0.0,1,1.0,Pedestrian,East,Other,Driver,South,Proceeding Straight,POINT (-122.44785 37.766235),114.0,7.0,11.0,3.0,08
12592,vw_geo_sfpd_cr_switrs_all_types_col_cty_union.fid-c18a0c2_186644fdb18_-2b95,7064,21329000.000000004,9137000.0,180114206,37.7423074529,-122.422012706,SFPD-INTERIM DB,CITY STREET,02/12/2018 03:20:00 AM,2018 February 12,03:20:00,2018,February,Monday,MISSION ST,EUGENIA AVE,45.0,Clear,Injury (Complaint of Pain),Vehicle/Pedestrian,Pedestrian,Not in Road,Dry,No Unusual Condition,Dark - Street Lights,Midblock > 20ft,0.0,1,,Driver,North,Proceeding Straight,Pedestrian,North,Proceeding Straight,POINT (-122.42201 37.742306),83.0,9.0,2.0,2.0,03
12599,vw_geo_sfpd_cr_switrs_all_types_col_cty_union.fid-c18a0c2_186644fdb18_-2161,34229,25523000.0,,180746746,37.804480983,-122.415052274,SFPD-INTERIM DB,CITY STREET,10/02/2018 05:15:00 PM,2018 October 02,17:15:00,2018,October,Tuesday,FRANCISCO ST,TAYLOR ST,0.0,Clear,Injury (Complaint of Pain),Vehicle/Pedestrian,Pedestrian,Crossing in Crosswalk at Intersection,Dry,No Unusual Condition,Daylight,Intersection <= 20ft,0.0,1,1.0,Driver,West,Proceeding Straight,Pedestrian,North,Other,POINT (-122.415054 37.80448),106.0,6.0,3.0,23.0,17
12603,vw_geo_sfpd_cr_switrs_all_types_col_cty_union.fid-c18a0c2_186644fdb18_-3596,41869,27954000.0,,170209215,37.7642144780109,-122.505120121552,SFPD-CROSSROADS,CITY STREET,03/14/2017 08:30:00 AM,2017 March 14,08:30:00,2017,March,Tuesday,LINCOLN WAY,45TH AVE,0.0,Clear,Injury (Complaint of Pain),Vehicle/Pedestrian,Pedestrian,Crossing in Crosswalk at Intersection,Dry,No Unusual Condition,Daylight,Intersection <= 20ft,0.0,1,1.0,Driver,East,Proceeding Straight,Pedestrian,North,Proceeding Straight,POINT (-122.50512 37.764214),39.0,10.0,7.0,12.0,08
12608,vw_geo_sfpd_cr_switrs_all_types_col_cty_union.fid-c18a0c2_186644fdb18_-1fee,16554,24289000.0,9513000.0,180846346,37.7784239616,-122.409928357,SFPD-INTERIM DB,CITY STREET,11/07/2018 03:15:00 PM,2018 November 07,15:15:00,2018,November,Wednesday,NATOMA ST,07TH ST,4.0,Clear,Injury (Severe),Vehicle/Pedestrian,Pedestrian,"In Road, Including Shoulder",Dry,No Unusual Condition,Daylight,Intersection <= 20ft,0.0,1,1.0,Driver,East,Making Right Turn,Pedestrian,East,Not Stated,POINT (-122.40993 37.778423),32.0,1.0,10.0,34.0,15
12622,vw_geo_sfpd_cr_switrs_all_types_col_cty_union.fid-c18a0c2_186644fdb18_-2487,15040,23897000.0,340000.0,180550462,37.7760276381,-122.402509454,SFPD-INTERIM DB,CITY STREET,07/24/2018 01:10:00 PM,2018 July 24,13:10:00,2018,July,Tuesday,06TH ST,BRYANT ST,6.0,Clear,Injury (Complaint of Pain),Vehicle/Pedestrian,Pedestrian,Crossing in Crosswalk at Intersection,Dry,No Unusual Condition,Daylight,Intersection <= 20ft,0.0,1,1.0,Driver,South,Parked,Pedestrian,West,Proceeding Straight,POINT (-122.40251 37.776028),32.0,1.0,10.0,34.0,13
12624,vw_geo_sfpd_cr_switrs_all_types_col_cty_union.fid-c18a0c2_186644fdb18_-2ddb,40168,27320000.000000004,839000.0,171014077,37.7551149985305,-122.475463894304,SFPD-CROSSROADS,CITY STREET,12/15/2017 05:05:00 PM,2017 December 15,17:05:00,2017,December,Friday,18TH AVE,NORIEGA ST,302.0,Clear,Injury (Complaint of Pain),Broadside,Pedestrian,Crossing Not in Crosswalk,Dry,No Unusual Condition,Dusk - Dawn,Midblock > 20ft,0.0,1,1.0,Pedestrian,East,Proceeding Straight,Driver,South,Proceeding Straight,POINT (-122.475464 37.755116),44.0,10.0,8.0,14.0,17
12650,vw_geo_sfpd_cr_switrs_all_types_col_cty_union.fid-c18a0c2_186644fdb18_-31f8,39666,23504000.0,,170594442,37.7379598528209,-122.506435606369,SFPD-CROSSROADS,CITY STREET,07/21/2017 07:19:00 PM,2017 July 21,19:19:00,2017,July,Friday,GREAT HWY FRONTAGE RD,VICENTE ST,0.0,Clear,Injury (Other Visible),Vehicle/Pedestrian,Pedestrian,Crossing in Crosswalk at Intersection,Dry,No Unusual Condition,Daylight,Intersection <= 20ft,0.0,1,1.0,Driver,South,Proceeding Straight,Pedestrian,West,Other,POINT (-122.50644 37.73796),39.0,10.0,7.0,35.0,19
12653,vw_geo_sfpd_cr_switrs_all_types_col_cty_union.fid-c18a0c2_186644fdb18_-2503,13616,24343000.0,5687000.0,130930795,37.7692358686296,-122.415611856496,SFPD-CROSSROADS,CITY STREET,11/02/2013 11:50:00 AM,2013 November 02,11:50:00,2013,November,Saturday,FOLSOM ST,13TH ST,130.0,Clear,Injury (Other Visible),Vehicle/Pedestrian,Pedestrian,Crossing Not in Crosswalk,Dry,No Unusual Condition,Daylight,Midblock > 20ft,0.0,1,1.0,Driver,West,Proceeding Straight,Pedestrian,North,Other,POINT (-122.41561 37.769238),53.0,3.0,2.0,20.0,11
12673,vw_geo_sfpd_cr_switrs_all_types_col_cty_union.fid-c18a0c2_186644fdb18_-14c7,47200,24314000.0,9104000.0,190469029,37.7766669529,-122.414158467,SFPD-INTERIM DB,CITY STREET,06/29/2019 04:35:00 AM,2019 June 29,04:35:00,2019,June,Saturday,MISSION ST,09TH ST,225.0,Clear,Injury (Other Visible),Vehicle/Pedestrian,Pedestrian,Crossing Not in Crosswalk,Dry,No Unusual Condition,Dark - Street Lights,Midblock > 20ft,0.0,1,1.0,Pedestrian,North,Other,Driver,East,Proceeding Straight,POINT (-122.41416 37.77667),32.0,1.0,10.0,34.0,04
12682,vw_geo_sfpd_cr_switrs_all_types_col_cty_union.fid-c18a0c2_186644fdb18_-d3d,25124,24936000.0,5174000.0,150665342,37.784819133286,-122.41308626819,SFPD-CROSSROADS,CITY STREET,07/31/2015 11:39:00 AM,2015 July 31,11:39:00,2015,July,Friday,ELLIS ST,JONES ST,90.0,Clear,Injury (Other Visible),Vehicle/Pedestrian,Pedestrian,Crossing Not in Crosswalk,Dry,No Unusual Condition,Daylight,Midblock > 20ft,0.0,1,,Pedestrian,East,Traveling Wrong Way,Driver,East,Proceeding Straight,POINT (-122.413086 37.78482),20.0,5.0,10.0,36.0,11
12689,vw_geo_sfpd_cr_switrs_all_types_col_cty_union.fid-c18a0c2_186644fdb18_-16df,41844,27804000.000000004,,170342451,37.764406140704,-122.500830595104,SFPD-CROSSROADS,CITY STREET,04/26/2017 04:18:00 PM,2017 April 26,16:18:00,2017,April,Wednesday,LINCOLN WAY,41ST AVE,0.0,Cloudy,Injury (Other Visible),Vehicle/Pedestrian,Pedestrian,Crossing in Crosswalk at Intersection,Wet,No Unusual Condition,Daylight,Intersection <= 20ft,0.0,1,1.0,Driver,East,Making Left Turn,Pedestrian,North,Proceeding Straight,POINT (-122.50083 37.764404),39.0,10.0,7.0,35.0,16
12702,vw_geo_sfpd_cr_switrs_all_types_col_cty_union.fid-c18a0c2_186644fdb18_-1950,47231,24918000.0,,190244978,37.7882931938,-122.40840155,SFPD-INTERIM DB,CITY STREET,04/06/2019 10:10:00 PM,2019 April 06,22:10:00,2019,April,Saturday,POST ST,POWELL ST,0.0,Cloudy,Injury (Complaint of Pain),Head-On,Pedestrian,Crossing in Crosswalk at Intersection,Dry,No Unusual Condition,Dark - Street Lights,Intersection <= 20ft,0.0,1,1.0,Driver,East,Proceeding Straight,Pedestrian,South,Proceeding Straight,POINT (-122.4084 37.788292),19.0,6.0,3.0,8.0,22
12714,vw_geo_sfpd_cr_switrs_all_types_col_cty_union.fid-c18a0c2_186644fdb18_-160b,47121,24335000.0,5688000.0,190409451,37.7669781599,-122.415466024,SFPD-INTERIM DB,CITY STREET,06/07/2019 11:45:00 AM,2019 June 07,11:45:00,2019,June,Friday,FOLSOM ST,15TH ST,15.0,Clear,Injury (Other Visible),Vehicle/Pedestrian,Pedestrian,Crossing in Crosswalk at Intersection,Dry,No Unusual Condition,Daylight,Intersection <= 20ft,0.0,1,1.0,Driver,North,Making Left Turn,Pedestrian,West,Proceeding Straight,POINT (-122.41547 37.76698),53.0,3.0,2.0,20.0,11
12717,vw_geo_sfpd_cr_switrs_all_types_col_cty_union.fid-c18a0c2_186644fdb18_-f08,50249,32825000.000000004,6045101.0,190737666,37.7826875282,-122.443673996,SFPD-INTERIM DB,CITY STREET,10/01/2019 03:30:00 PM,2019 October 01,15:30:00,2019,October,Tuesday,GEARY BLVD,BAKER ST,270.0,Clear,Injury (Severe),Vehicle/Pedestrian,Pedestrian,"In Road, Including Shoulder",Dry,Construction or Repair Zone,Daylight,Midblock > 20ft,0.0,1,1.0,Driver,West,Proceeding Straight,Pedestrian,East,Stopped,POINT (-122.44367 37.78269),13.0,8.0,6.0,18.0,15
12725,vw_geo_sfpd_cr_switrs_all_types_col_cty_union.fid-c18a0c2_186644fdb18_-1ea8,11521,25813000.0,3790000.0,180934004,37.7610725177,-122.435017575,SFPD-INTERIM DB,CITY STREET,12/11/2018 05:22:00 PM,2018 December 11,17:22:00,2018,December,Tuesday,CASTRO ST,18TH ST,67.0,Clear,Injury (Complaint of Pain),Vehicle/Pedestrian,Pedestrian,"In Road, Including Shoulder",Dry,No Unusual Condition,Dark - Street Lights,Midblock > 20ft,0.0,1,1.0,Pedestrian,East,Entering Traffic,Driver,North,Backing,POINT (-122.43502 37.761074),38.0,3.0,5.0,5.0,17
12729,vw_geo_sfpd_cr_switrs_all_types_col_cty_union.fid-c18a0c2_186644fdb18_-c35,50339,24101000.0,,190842005,37.7521036455,-122.4206648,SFPD-INTERIM DB,CITY STREET,11/06/2019 07:45:00 PM,2019 November 06,19:45:00,2019,November,Wednesday,VALENCIA ST,24TH ST,0.0,Clear,Injury (Other Visible),Vehicle/Pedestrian,Pedestrian,Crossing in Crosswalk at Intersection,Dry,No Unusual Condition,Dark - Street Lights,Intersection <= 20ft,0.0,1,1.0,Driver,North,Proceeding Straight,Pedestrian,West,Proceeding Straight,POINT (-122.42066 37.7521),53.0,3.0,2.0,20.0,19
12730,vw_geo_sfpd_cr_switrs_all_types_col_cty_union.fid-c18a0c2_186644fdb18_-934,27018,30728000.0,,170571268,37.793097082612,-122.396504486376,SFPD-CROSSROADS,CITY STREET,07/14/2017 09:32:00 AM,2017 July 14,09:32:00,2017,July,Friday,MARKET ST,MAIN ST,0.0,Clear,Injury (Complaint of Pain),Vehicle/Pedestrian,Pedestrian,"In Road, Including Shoulder",Dry,No Unusual Condition,Daylight,Intersection <= 20ft,0.0,1,,Pedestrian,West,Proceeding Straight,Driver,North,Proceeding Straight,POINT (-122.39651 37.7931),108.0,6.0,3.0,8.0,09
12748,vw_geo_sfpd_cr_switrs_all_types_col_cty_union.fid-c18a0c2_186644fdb18_-1742,46354,24293000.0,,190352082,37.7809711833,-122.408708674,SFPD-INTERIM DB,CITY STREET,05/16/2019 09:32:00 PM,2019 May 16,21:32:00,2019,May,Thursday,06TH ST,MISSION ST,0.0,Raining,Injury (Complaint of Pain),Vehicle/Pedestrian,Pedestrian,Crossing in Crosswalk at Intersection,Wet,No Unusual Condition,Dark - Street Lights,Intersection <= 20ft,0.0,1,1.0,Pedestrian,East,Proceeding Straight,Driver,South,Proceeding Straight,POINT (-122.40871 37.78097),32.0,1.0,10.0,34.0,21
12757,vw_geo_sfpd_cr_switrs_all_types_col_cty_union.fid-c18a0c2_186644fdb18_-1abc,46818,27698000.0,9672000.0,190175157,37.7533891912,-122.495784478,SFPD-INTERIM DB,CITY STREET,03/11/2019 06:58:00 AM,2019 March 11,06:58:00,2019,March,Monday,NORIEGA ST,37TH AVE,7.0,Clear,Injury (Complaint of Pain),Vehicle/Pedestrian,Pedestrian,Crossing in Crosswalk at Intersection,Dry,No Unusual Condition,Dark - Street Lights,Intersection <= 20ft,0.0,1,1.0,Driver,West,Proceeding Straight,Pedestrian,South,Proceeding Straight,POINT (-122.49578 37.753387),39.0,10.0,7.0,35.0,06
12758,vw_geo_sfpd_cr_switrs_all_types_col_cty_union.fid-c18a0c2_186644fdb18_-1db2,25394,54124000.0,8746103.0,190009998,37.7861114345,-122.405288001,SFPD-INTERIM DB,CITY STREET,12/30/2018 07:30:00 PM,2018 December 30,19:30:00,2018,December,Sunday,MARKET ST,04TH ST,210.0,Clear,Injury (Complaint of Pain),Broadside,Pedestrian,Not in Road,Dry,No Unusual Condition,Dark - Street Lights,Midblock > 20ft,0.0,1,1.0,Bicycle,West,Proceeding Straight,Pedestrian,North,Proceeding Straight,POINT (-122.40529 37.78611),32.0,5.0,10.0,8.0,19
12771,vw_geo_sfpd_cr_switrs_all_types_col_cty_union.fid-c18a0c2_186644fdb18_-1b80,38167,23083000.0,,180960281,37.7326913718,-122.476039979,SFPD-INTERIM DB,CITY STREET,12/21/2018 03:24:00 PM,2018 December 21,15:24:00,2018,December,Friday,OCEAN AVE,20TH AVE,0.0,Clear,Injury (Other Visible),Vehicle/Pedestrian,Pedestrian,Crossing in Crosswalk at Intersection,Dry,No Unusual Condition,Daylight,Intersection <= 20ft,0.0,1,1.0,Driver,South,Making Left Turn,Pedestrian,East,Proceeding Straight,POINT (-122.47604 37.732693),62.0,10.0,8.0,35.0,15
12773,vw_geo_sfpd_cr_switrs_all_types_col_cty_union.fid-c18a0c2_186644fdb18_-e4b,49341,24679000.000000004,,190767635,37.7911771733,-122.400744022,SFPD-INTERIM DB,CITY STREET,10/11/2019 09:40:00 PM,2019 October 11,21:40:00,2019,October,Friday,SANSOME ST,BUSH ST,0.0,Clear,Injury (Other Visible),Vehicle/Pedestrian,Pedestrian,Crossing in Crosswalk at Intersection,Dry,No Unusual Condition,Dark - Street Lights,Intersection <= 20ft,0.0,1,1.0,Driver,North,Making Left Turn,Pedestrian,West,Proceeding Straight,POINT (-122.40074 37.791176),108.0,6.0,3.0,8.0,21
12775,vw_geo_sfpd_cr_switrs_all_types_col_cty_union.fid-c18a0c2_186644fdb18_-109b,23477,24540000.0,,170839323,37.7867789493795,-122.398256962951,SFPD-CROSSROADS,CITY STREET,10/14/2017 02:33:00 AM,2017 October 14,02:33:00,2017,October,Saturday,HOWARD ST,02ND ST,0.0,Clear,Injury (Other Visible),Vehicle/Pedestrian,Pedestrian,Crossing in Crosswalk at Intersection,Dry,No Unusual Condition,Dark - Street Lights,Intersection <= 20ft,0.0,1,1.0,Driver,West,Making Left Turn,Pedestrian,West,Proceeding Straight,POINT (-122.398254 37.786777),32.0,1.0,10.0,8.0,02
12777,vw_geo_sfpd_cr_switrs_all_types_col_cty_union.fid-c18a0c2_186644fdb18_-1c99,46569,27510000.0,5928000.0,190083146,37.7727280128,-122.480723173,SFPD-INTERIM DB,CITY STREET,02/02/2019 06:12:00 PM,2019 February 02,18:12:00,2019,February,Saturday,FULTON ST,22ND AVE,74.0,Raining,Injury (Severe),Vehicle/Pedestrian,Pedestrian,Crossing Not in Crosswalk,Wet,No Unusual Condition,Dark - Street Lights,Midblock > 20ft,0.0,1,1.0,Pedestrian,North,Not Stated,Driver,East,Proceeding Straight,POINT (-122.48072 37.772728),9.0,8.0,4.0,12.0,18
12778,vw_geo_sfpd_cr_switrs_all_types_col_cty_union.fid-c18a0c2_186644fdb18_-f82,48170,20491000.0,,190722281,37.7277334681,-122.393232787,SFPD-INTERIM DB,CITY STREET,09/26/2019 04:45:00 PM,2019 September 26,16:45:00,2019,September,Thursday,03RD ST,YOSEMITE AVE,0.0,Clear,Injury (Severe),Sideswipe,Pedestrian,Crossing in Crosswalk at Intersection,Dry,No Unusual Condition,Daylight,Intersection <= 20ft,0.0,1,1.0,Driver,South,Making Left Turn,Pedestrian,East,Proceeding Straight,POINT (-122.393234 37.727734),86.0,2.0,9.0,1.0,16
12779,vw_geo_sfpd_cr_switrs_all_types_col_cty_union.fid-c18a0c2_186644fdb18_-1b06,47714,26720000.0,,190161786,37.8016539153,-122.429666844,SFPD-INTERIM DB,CITY STREET,03/05/2019 07:15:00 PM,2019 March 05,19:15:00,2019,March,Tuesday,CHESTNUT ST,OCTAVIA ST,0.0,Raining,Injury (Other Visible),Vehicle/Pedestrian,Pedestrian,Crossing in Crosswalk at Intersection,Wet,No Unusual Condition,Dark - Street Lights,Intersection <= 20ft,0.0,1,1.0,Driver,West,Proceeding Straight,Pedestrian,South,Proceeding Straight,POINT (-122.429665 37.801655),17.0,4.0,6.0,13.0,19
12780,vw_geo_sfpd_cr_switrs_all_types_col_cty_union.fid-c18a0c2_186644fdb18_-1e14,37206,23032000.0,,180977048,37.721057296,-122.475221952,SFPD-INTERIM DB,CITY STREET,12/28/2018 02:15:00 PM,2018 December 28,14:15:00,2018,December,Friday,HOLLOWAY AVE,19TH AVE,0.0,Clear,Injury (Complaint of Pain),Vehicle/Pedestrian,Pedestrian,Crossing in Crosswalk at Intersection,Dry,No Unusual Condition,Daylight,Intersection <= 20ft,0.0,1,1.0,Driver,North,Proceeding Straight,Pedestrian,East,Proceeding Straight,POINT (-122.47522 37.721058),41.0,10.0,8.0,41.0,14
12781,vw_geo_sfpd_cr_switrs_all_types_col_cty_union.fid-c18a0c2_186644fdb18_-9ff,48711,26568000.0,,190933193,37.7953162715,-122.4266996,SFPD-INTERIM DB,CITY STREET,12/11/2019 07:45:00 PM,2019 December 11,19:45:00,2019,December,Wednesday,GOUGH ST,BROADWAY,0.0,Raining,Injury (Complaint of Pain),Vehicle/Pedestrian,Pedestrian,Crossing in Crosswalk at Intersection,Wet,No Unusual Condition,Dark - Street Lights,Intersection <= 20ft,0.0,1,1.0,Driver,South,Making Right Turn,Pedestrian,West,Proceeding Straight,POINT (-122.4267 37.795315),102.0,4.0,6.0,30.0,19
12783,vw_geo_sfpd_cr_switrs_all_types_col_cty_union.fid-c18a0c2_186644fdb18_-156e,21035,26038000.0,12124000.0,160559406,37.7748520619421,-122.432673738101,SFPD-CROSSROADS,CITY STREET,07/11/2016 12:05:00 PM,2016 July 11,12:05:00,2016,July,Monday,STEINER ST,FELL ST,58.0,Clear,Injury (Other Visible),Vehicle/Pedestrian,Pedestrian,"In Road, Including Shoulder",Dry,No Unusual Condition,Daylight,Midblock > 20ft,0.0,1,1.0,Pedestrian,North,Other Unsafe Turning,Driver,North,Proceeding Straight,POINT (-122.43267 37.774853),23.0,4.0,11.0,9.0,12
12784,vw_geo_sfpd_cr_switrs_all_types_col_cty_union.fid-c18a0c2_186644fdb18_-11c8,48039,24532000.0,7033000.0,190622879,37.7880532636,-122.396645242,SFPD-INTERIM DB,CITY STREET,08/23/2019 12:54:00 AM,2019 August 23,00:54:00,2019,August,Friday,HOWARD ST,01ST ST,249.0,Clear,Injury (Complaint of Pain),Vehicle/Pedestrian,Pedestrian,"In Road, Including Shoulder",Dry,No Unusual Condition,Dark - Street Lights,Midblock > 20ft,0.0,1,1.0,Pedestrian,East,Traveling Wrong Way,Driver,West,Entering Traffic,POINT (-122.396645 37.78805),32.0,1.0,10.0,8.0,00
12796,vw_geo_sfpd_cr_switrs_all_types_col_cty_union.fid-c18a0c2_186644fdb18_-14ea,47162,25164000.0,,190464621,37.7883879307,-122.415185268,SFPD-INTERIM DB,CITY STREET,06/27/2019 01:50:00 PM,2019 June 27,13:50:00,2019,June,Thursday,SUTTER ST,LEAVENWORTH ST,0.0,Clear,Injury (Other Visible),Broadside,Pedestrian,Crossing Not in Crosswalk,Dry,No Unusual Condition,Daylight,Intersection <= 20ft,0.0,1,1.0,Pedestrian,South,Other,Driver,West,Entering Traffic,POINT (-122.415184 37.788387),50.0,6.0,3.0,21.0,13
12799,vw_geo_sfpd_cr_switrs_all_types_col_cty_union.fid-c18a0c2_186644fdb18_-154a,21090,25933000.0,,170826609,37.7762536674927,-122.427913714671,SFPD-CROSSROADS,CITY STREET,10/10/2017 06:36:00 AM,2017 October 10,06:36:00,2017,October,Tuesday,BUCHANAN ST,HAYES ST,0.0,Clear,Injury (Complaint of Pain),Vehicle/Pedestrian,Pedestrian,Crossing in Crosswalk at Intersection,Dry,No Unusual Condition,Dark - Street Lights,Intersection <= 20ft,0.0,1,1.0,Driver,North,Making Left Turn,Pedestrian,East,Proceeding Straight,POINT (-122.42792 37.776253),22.0,4.0,11.0,9.0,06
12802,vw_geo_sfpd_cr_switrs_all_types_col_cty_union.fid-c18a0c2_186644fdb18_-f8c,1826,21737000.000000004,,140115175,37.7184672256378,-122.43950037475,SFPD-CROSSROADS,CITY STREET,02/08/2014 06:00:00 PM,2014 February 08,18:00:00,2014,February,Saturday,MISSION ST,ITALY AVE,0.0,Raining,Injury (Complaint of Pain),Vehicle/Pedestrian,Pedestrian,Crossing in Crosswalk at Intersection,Wet,No Unusual Condition,Dark - Street Lights,Intersection <= 20ft,0.0,1,1.0,Driver,South,Stopped In Road,Pedestrian,East,Other,POINT (-122.4395 37.718468),80.0,9.0,1.0,28.0,18
12806,vw_geo_sfpd_cr_switrs_all_types_col_cty_union.fid-c18a0c2_186644fdb18_-1d39,47654,26552000.0,13165201.0,190041940,37.796707346,-122.423588491,SFPD-INTERIM DB,CITY STREET,01/17/2019 06:46:00 PM,2019 January 17,18:46:00,2019,January,Thursday,VAN NESS AVE,VALLEJO ST,7.0,Clear,Injury (Other Visible),Vehicle/Pedestrian,Pedestrian,Crossing in Crosswalk at Intersection,Dry,No Unusual Condition,Dark - Street Lights,Intersection <= 20ft,0.0,1,1.0,Pedestrian,East,Proceeding Straight,Driver,North,Proceeding Straight,POINT (-122.42359 37.796707),105.0,4.0,6.0,32.0,18
12807,vw_geo_sfpd_cr_switrs_all_types_col_cty_union.fid-c18a0c2_186644fdb18_-ab8,52007,23607000.0,,190908538,37.7900698006,-122.390971016,SFPD-INTERIM DB,CITY STREET,12/01/2019 06:45:00 PM,2019 December 01,18:45:00,2019,December,Sunday,FOLSOM ST,SPEAR ST,0.0,Cloudy,Injury (Complaint of Pain),Vehicle/Pedestrian,Pedestrian,Crossing in Crosswalk at Intersection,Wet,No Unusual Condition,Dark - Street Lights,Intersection <= 20ft,0.0,2,1.0,Driver,South,Making Right Turn,Pedestrian,East,Proceeding Straight,POINT (-122.39097 37.79007),30.0,1.0,10.0,8.0,18
12809,vw_geo_sfpd_cr_switrs_all_types_col_cty_union.fid-c18a0c2_186644fdb18_-1194,47918,22516000.0,,190631682,37.71149497,-122.467027508,SFPD-INTERIM DB,CITY STREET,08/26/2019 09:11:00 AM,2019 August 26,09:11:00,2019,August,Monday,ALEMANY BLVD,ARCH ST,0.0,Clear,Injury (Complaint of Pain),Sideswipe,Pedestrian,Crossing in Crosswalk at Intersection,Dry,No Unusual Condition,Daylight,Intersection <= 20ft,0.0,1,1.0,Driver,South,Making Left Turn,Pedestrian,North,Proceeding Straight,POINT (-122.467026 37.711494),65.0,10.0,8.0,24.0,09
12813,vw_geo_sfpd_cr_switrs_all_types_col_cty_union.fid-c18a0c2_186644fdb18_-1e23,2489,20490000.0,2460000.0,180969910,37.7258209197,-122.391508128,SFPD-INTERIM DB,CITY STREET,12/25/2018 07:10:00 PM,2018 December 25,19:10:00,2018,December,Tuesday,ARMSTRONG AVE,KEITH ST,256.0,Clear,Injury (Other Visible),Vehicle/Pedestrian,Pedestrian,Crossing Not in Crosswalk,Dry,No Unusual Condition,Dark - Street Lights,Midblock > 20ft,0.0,1,1.0,Driver,West,Proceeding Straight,Pedestrian,South,Proceeding Straight,POINT (-122.39151 37.725822),86.0,2.0,9.0,1.0,19
12817,vw_geo_sfpd_cr_switrs_all_types_col_cty_union.fid-c18a0c2_186644fdb18_-1b60,47705,23715000.0,,190149390,37.7505807624,-122.402183518,SFPD-INTERIM DB,CITY STREET,02/26/2019 10:00:00 PM,2019 February 26,22:00:00,2019,February,Tuesday,KANSAS ST,26TH ST,0.0,Cloudy,Injury (Complaint of Pain),Vehicle/Pedestrian,Pedestrian,Crossing in Crosswalk at Intersection,Wet,No Unusual Condition,Dark - Street Lights,Intersection <= 20ft,0.0,1,1.0,Driver,West,Slowing/Stopping,Pedestrian,South,Proceeding Straight,POINT (-122.40218 37.75058),54.0,2.0,9.0,1.0,22