,id,unique_id,cnn_intrsctn_fkey,cnn_sgmt_fkey,case_id_pkey,tb_latitude,tb_longitude,geocode_source,geocode_location,collision_datetime,collision_date,collision_time,accident_year,month,day_of_week,primary_rd,secondary_rd,distance,weather_1,collision_severity,type_of_collision,mviw,ped_action,road_surface,road_cond_1,lighting,intersection,number_killed,number_injured,party_at_fault,party1_type,party1_dir_of_travel,party1_move_pre_acc,party2_type,party2_dir_of_travel,party2_move_pre_acc,point,Neighborhoods,Current Police Districts,Current Supervisor Districts,Analysis Neighborhoods,hour
12825,vw_geo_sfpd_cr_switrs_all_types_col_cty_union.fid-c18a0c2_186644fdb18_-696,28454,30770000.0,,171041832,37.7942636267468,-122.406304985751,SFPD-CROSSROADS,CITY STREET,12/26/2017 02:26:00 PM,2017 December 26,14:26:00,2017,December,Tuesday,CLAY ST,GRANT AVE,0.0,Clear,Injury (Other Visible),Vehicle/Pedestrian,Pedestrian,Crossing Not in Crosswalk,Dry,No Unusual Condition,Daylight,Intersection <= 20ft,0.0,1,1.0,Pedestrian,East,Proceeding Straight,Driver,East,Proceeding Straight,POINT (-122.4063 37.794262),104.0,6.0,3.0,6.0,14
12827,vw_geo_sfpd_cr_switrs_all_types_col_cty_union.fid-c18a0c2_186644fdb18_-111f,47738,24189000.0,2136000.0,190197383,37.7683630818,-122.407658147,SFPD-INTERIM DB,CITY STREET,03/19/2019 04:45:00 PM,2019 March 19,16:45:00,2019,March,Tuesday,ALAMEDA ST,POTRERO AVE,45.0,Clear,Injury (Other Visible),Vehicle/Pedestrian,Pedestrian,Crossing Not in Crosswalk,Dry,No Unusual Condition,Daylight,Midblock > 20ft,0.0,1,1.0,Pedestrian,South,Entering Traffic,Driver,West,Stopped,POINT (-122.40766 37.768364),33.0,3.0,9.0,20.0,16
12840,vw_geo_sfpd_cr_switrs_all_types_col_cty_union.fid-c18a0c2_186644fdb18_-b02,49111,21426000.0,,190895935,37.7142094838,-122.436176464,SFPD-INTERIM DB,CITY STREET,11/26/2019 07:38:00 PM,2019 November 26,19:38:00,2019,November,Tuesday,GENEVA AVE,NAPLES ST,0.0,Raining,Injury (Complaint of Pain),Vehicle/Pedestrian,Pedestrian,Crossing in Crosswalk at Intersection,Wet,No Unusual Condition,Dark - Street Lights,Intersection <= 20ft,0.0,1,1.0,Driver,West,Making Left Turn,Pedestrian,North,Proceeding Straight,POINT (-122.43618 37.71421),58.0,9.0,1.0,7.0,19
12846,vw_geo_sfpd_cr_switrs_all_types_col_cty_union.fid-c18a0c2_186644fdb18_-1ab7,47723,24468000.0,,190176365,37.7810308423,-122.420439518,SFPD-INTERIM DB,CITY STREET,03/11/2019 03:30:00 PM,2019 March 11,15:30:00,2019,March,Monday,VAN NESS AVE,GOLDEN GATE AVE,0.0,Clear,Injury (Severe),Vehicle/Pedestrian,Pedestrian,Crossing in Crosswalk at Intersection,Dry,No Unusual Condition,Daylight,Intersection <= 20ft,0.0,1,1.0,Driver,East,Making Right Turn,Pedestrian,North,Proceeding Straight,POINT (-122.42044 37.781033),100.0,4.0,10.0,36.0,15
12847,vw_geo_sfpd_cr_switrs_all_types_col_cty_union.fid-c18a0c2_186644fdb18_-12a9,48237,24048000.0,717000.0,190585954,37.7656045955,-122.41050737,SFPD-INTERIM DB,CITY STREET,08/10/2019 12:54:00 PM,2019 August 10,12:54:00,2019,August,Saturday,16TH ST,BRYANT ST,6.0,Clear,Injury (Severe),Vehicle/Pedestrian,Pedestrian,Crossing in Crosswalk at Intersection,Dry,No Unusual Condition,Daylight,Intersection <= 20ft,0.0,1,1.0,Driver,East,Traveling Wrong Way,Pedestrian,North,Not Stated,POINT (-122.41051 37.765606),53.0,3.0,2.0,20.0,12
12849,vw_geo_sfpd_cr_switrs_all_types_col_cty_union.fid-c18a0c2_186644fdb18_-1d2c,17072,30742000.0,8751101.0,160105849,37.7803969344274,-122.412546814928,SFPD-CROSSROADS,CITY STREET,02/05/2016 09:50:00 AM,2016 February 05,09:50:00,2016,February,Friday,MARKET ST,07TH ST,28.0,Clear,Fatal,Vehicle/Pedestrian,Pedestrian,Crossing in Crosswalk at Intersection,Dry,No Unusual Condition,Daylight,Midblock > 20ft,1.0,0,1.0,Driver,West,Making Left Turn,Pedestrian,South,Not Stated,POINT (-122.412544 37.780396),32.0,5.0,10.0,34.0,09
12857,vw_geo_sfpd_cr_switrs_all_types_col_cty_union.fid-c18a0c2_186644fdb18_-9c9,49961,22990000.0,,190938212,37.7432891692,-122.470234915,SFPD-INTERIM DB,CITY STREET,12/13/2019 05:10:00 PM,2019 December 13,17:10:00,2019,December,Friday,14TH AVE,TARAVAL ST,0.0,Cloudy,Injury (Complaint of Pain),Vehicle/Pedestrian,Pedestrian,Crossing in Crosswalk at Intersection,Wet,No Unusual Condition,Daylight,Intersection <= 20ft,0.0,1,1.0,Driver,North,Proceeding Straight,Pedestrian,East,Proceeding Straight,POINT (-122.47024 37.74329),44.0,10.0,8.0,41.0,17
12872,vw_geo_sfpd_cr_switrs_all_types_col_cty_union.fid-c18a0c2_186644fdb18_-10ac,47986,23104000.0,,190672642,37.7204499955,-122.48301534,SFPD-INTERIM DB,CITY STREET,09/09/2019 01:45:00 PM,2019 September 09,13:45:00,2019,September,Monday,PINTO AVE,ARBALLO DR,0.0,Clear,Injury (Severe),Vehicle/Pedestrian,Pedestrian,Crossing in Crosswalk at Intersection,Dry,No Unusual Condition,Daylight,Intersection <= 20ft,0.0,1,1.0,Driver,East,Making Left Turn,Pedestrian,North,Proceeding Straight,POINT (-122.48302 37.72045),42.0,10.0,8.0,16.0,13
12873,vw_geo_sfpd_cr_switrs_all_types_col_cty_union.fid-c18a0c2_186644fdb18_-1a52,39404,23202000.0,,160878961,37.7467820371387,-122.475902020779,SFPD-CROSSROADS,CITY STREET,10/28/2016 04:33:00 PM,2016 October 28,16:33:00,2016,October,Friday,19TH AVE,RIVERA ST,0.0,Clear,Fatal,Vehicle/Pedestrian,Pedestrian,Crossing Not in Crosswalk,Dry,No Unusual Condition,Daylight,Intersection <= 20ft,1.0,0,1.0,Pedestrian,West,Proceeding Straight,Driver,South,Proceeding Straight,POINT (-122.4759 37.74678),44.0,10.0,8.0,41.0,16
12879,vw_geo_sfpd_cr_switrs_all_types_col_cty_union.fid-c18a0c2_186644fdb18_-1a87,39228,23282000.0,12405000.0,150780520,37.7425730549258,-122.486538441117,SFPD-CROSSROADS,CITY STREET,09/05/2015 05:42:00 PM,2015 September 05,17:42:00,2015,September,Saturday,TARAVAL ST,29TH AVE,38.0,Clear,Injury (Other Visible),Vehicle/Pedestrian,Pedestrian,Crossing Not in Crosswalk,Dry,No Unusual Condition,Daylight,Midblock > 20ft,0.0,1,1.0,Pedestrian,North,Proceeding Straight,Driver,West,Proceeding Straight,POINT (-122.48654 37.742573),40.0,10.0,7.0,35.0,17
12881,vw_geo_sfpd_cr_switrs_all_types_col_cty_union.fid-c18a0c2_186644fdb18_-153d,49431,27653000.0,,190450987,37.783882235,-122.485010944,SFPD-INTERIM DB,CITY STREET,06/22/2019 10:00:00 AM,2019 June 22,10:00:00,2019,June,Saturday,25TH AVE,CALIFORNIA ST,0.0,Clear,Injury (Complaint of Pain),Vehicle/Pedestrian,Pedestrian,Crossing in Crosswalk at Intersection,Dry,No Unusual Condition,Daylight,Intersection <= 20ft,0.0,1,,Driver,South,Not Stated,Pedestrian,West,Proceeding Straight,POINT (-122.48501 37.783882),8.0,8.0,4.0,29.0,10
12883,vw_geo_sfpd_cr_switrs_all_types_col_cty_union.fid-c18a0c2_186644fdb18_-136d,22150,25972000.0,12728000.0,140295874,37.780712023867,-122.430452185951,SFPD-CROSSROADS,CITY STREET,04/09/2014 04:31:00 PM,2014 April 09,16:31:00,2014,April,Wednesday,TURK ST,WEBSTER ST,8.0,Clear,Injury (Severe),Vehicle/Pedestrian,Pedestrian,Crossing in Crosswalk at Intersection,Dry,No Unusual Condition,Daylight,Intersection <= 20ft,0.0,1,1.0,Driver,East,Making Left Turn,Pedestrian,East,Proceeding Straight,POINT (-122.43045 37.780712),97.0,4.0,11.0,39.0,16
12896,vw_geo_sfpd_cr_switrs_all_types_col_cty_union.fid-c18a0c2_186644fdb18_-16d5,47088,23578000.0,186201.0,190372052,37.7668407283,-122.389124424,SFPD-INTERIM DB,CITY STREET,05/24/2019 03:48:00 PM,2019 May 24,15:48:00,2019,May,Friday,03RD ST,16TH ST,24.0,Clear,Injury (Complaint of Pain),Vehicle/Pedestrian,Pedestrian,Crossing in Crosswalk at Intersection,Dry,Construction or Repair Zone,Daylight,Midblock > 20ft,0.0,1,1.0,Driver,West,Making Right Turn,Pedestrian,North,Proceeding Straight,POINT (-122.38912 37.76684),34.0,1.0,10.0,26.0,15
12897,vw_geo_sfpd_cr_switrs_all_types_col_cty_union.fid-c18a0c2_186644fdb18_-aa4,48724,25192000.0,,190912498,37.7847534462,-122.421192974,SFPD-INTERIM DB,CITY STREET,12/04/2019 07:07:00 AM,2019 December 04,07:07:00,2019,December,Wednesday,OFARRELL ST,VAN NESS AVE,0.0,Cloudy,Injury (Complaint of Pain),Vehicle/Pedestrian,Pedestrian,Crossing in Crosswalk at Intersection,Wet,Construction or Repair Zone,Daylight,Intersection <= 20ft,0.0,1,1.0,Driver,East,Making Left Turn,Pedestrian,West,Proceeding Straight,POINT (-122.421196 37.78475),20.0,4.0,11.0,39.0,07
12901,vw_geo_sfpd_cr_switrs_all_types_col_cty_union.fid-c18a0c2_186644fdb18_-d79,25034,25138000.0,7116000.0,130026190,37.7835024267122,-122.415879859414,SFPD-CROSSROADS,CITY STREET,01/10/2013 09:58:00 AM,2013 January 10,09:58:00,2013,January,Thursday,HYDE ST,EDDY ST,5.0,Cloudy,Injury (Complaint of Pain),Vehicle/Pedestrian,Pedestrian,Crossing in Crosswalk at Intersection,Dry,No Unusual Condition,Daylight,Intersection <= 20ft,0.0,1,1.0,Driver,South,Making Left Turn,Pedestrian,East,Proceeding Straight,POINT (-122.41588 37.7835),20.0,5.0,10.0,36.0,09
12908,vw_geo_sfpd_cr_switrs_all_types_col_cty_union.fid-c18a0c2_186644fdb18_-f22,48110,27078000.0,,190733959,37.7623157698,-122.462972001,SFPD-INTERIM DB,CITY STREET,09/30/2019 03:29:00 PM,2019 September 30,15:29:00,2019,September,Monday,JUDAH ST,06TH AVE,0.0,Clear,Injury (Other Visible),Broadside,Pedestrian,Crossing in Crosswalk at Intersection,Dry,No Unusual Condition,Daylight,Intersection <= 20ft,0.0,1,1.0,Driver,North,Proceeding Straight,Pedestrian,West,Stopped,POINT (-122.462975 37.762318),109.0,7.0,11.0,14.0,15
12937,vw_geo_sfpd_cr_switrs_all_types_col_cty_union.fid-c18a0c2_186644fdb18_-1130,47932,23079000.0,,190654537,37.7324561379,-122.474954621,SFPD-INTERIM DB,CITY STREET,09/03/2019 02:27:00 AM,2019 September 03,02:27:00,2019,September,Tuesday,19TH AVE,OCEAN AVE,0.0,Clear,Injury (Complaint of Pain),Vehicle/Pedestrian,Pedestrian,Crossing in Crosswalk at Intersection,Dry,No Unusual Condition,Dark - Street Lights,Intersection <= 20ft,0.0,1,1.0,Pedestrian,West,Proceeding Straight,Driver,North,Proceeding Straight,POINT (-122.47495 37.732456),62.0,10.0,8.0,41.0,02
12944,vw_geo_sfpd_cr_switrs_all_types_col_cty_union.fid-c18a0c2_186644fdb18_-11b4,47305,26446000.0,,190289645,37.7728951781,-122.454285117,SFPD-INTERIM DB,CITY STREET,04/23/2019 02:32:00 PM,2019 April 23,14:32:00,2019,April,Tuesday,STANYAN ST,HAYES ST,0.0,Clear,Injury (Other Visible),Vehicle/Pedestrian,Pedestrian,Crossing in Crosswalk at Intersection,Dry,No Unusual Condition,Daylight,Intersection <= 20ft,0.0,2,1.0,Driver,West,Making Left Turn,Pedestrian,East,Proceeding Straight,POINT (-122.454285 37.772896),12.0,7.0,4.0,18.0,14
12949,vw_geo_sfpd_cr_switrs_all_types_col_cty_union.fid-c18a0c2_186644fdb18_-1238,22722,26047000.000000004,,161010966,37.7800776381893,-122.435424515287,SFPD-CROSSROADS,CITY STREET,12/13/2016 01:20:00 PM,2016 December 13,13:20:00,2016,December,Tuesday,TURK ST,PIERCE ST,0.0,Cloudy,Injury (Other Visible),Vehicle/Pedestrian,Pedestrian,"In Road, Including Shoulder",Wet,No Unusual Condition,Daylight,Intersection <= 20ft,0.0,2,1.0,Pedestrian,North,Proceeding Straight,Driver,West,Proceeding Straight,POINT (-122.435425 37.78008),97.0,4.0,11.0,39.0,13
12964,vw_geo_sfpd_cr_switrs_all_types_col_cty_union.fid-c18a0c2_186644fdb18_-138a,47826,26418000.0,,190537999,37.7705193185,-122.450407506,SFPD-INTERIM DB,CITY STREET,07/24/2019 05:35:00 PM,2019 July 24,17:35:00,2019,July,Wednesday,PAGE ST,COLE ST,0.0,Clear,Injury (Other Visible),Vehicle/Pedestrian,Pedestrian,Crossing in Crosswalk at Intersection,Dry,No Unusual Condition,Daylight,Intersection <= 20ft,0.0,1,,Driver,East,Proceeding Straight,Pedestrian,North,Proceeding Straight,POINT (-122.45041 37.77052),25.0,7.0,11.0,3.0,17
12966,vw_geo_sfpd_cr_switrs_all_types_col_cty_union.fid-c18a0c2_186644fdb18_-177a,41599,27728000.0,7875000.0,170491672,37.7590257174088,-122.495137016055,SFPD-CROSSROADS,CITY STREET,06/16/2017 05:55:00 PM,2017 June 16,17:55:00,2017,June,Friday,KIRKHAM ST,36TH AVE,16.0,Clear,Injury (Complaint of Pain),Vehicle/Pedestrian,Pedestrian,Crossing in Crosswalk at Intersection,Dry,No Unusual Condition,Daylight,Intersection <= 20ft,0.0,1,1.0,Driver,West,Making Left Turn,Pedestrian,South,Proceeding Straight,POINT (-122.49514 37.759026),39.0,10.0,7.0,35.0,17
12970,vw_geo_sfpd_cr_switrs_all_types_col_cty_union.fid-c18a0c2_186644fdb18_-817,27615,24682000.0,,160148184,37.7920183250786,-122.401637616216,SFPD-CROSSROADS,CITY STREET,02/19/2016 01:59:00 PM,2016 February 19,13:59:00,2016,February,Friday,PINE ST,CENTURY PL,0.0,Raining,Injury (Other Visible),Vehicle/Pedestrian,Pedestrian,Crossing Not in Crosswalk,Wet,No Unusual Condition,Daylight,Intersection <= 20ft,0.0,1,1.0,Pedestrian,South,Other,Driver,West,Entering Traffic,POINT (-122.401634 37.79202),108.0,6.0,3.0,8.0,13
12971,vw_geo_sfpd_cr_switrs_all_types_col_cty_union.fid-c18a0c2_186644fdb18_-fc5,47989,23818000.0,,190711535,37.7740308515,-122.395576661,SFPD-INTERIM DB,CITY STREET,09/23/2019 07:58:00 AM,2019 September 23,07:58:00,2019,September,Monday,05TH ST,BERRY ST,0.0,Cloudy,Injury (Complaint of Pain),Vehicle/Pedestrian,Pedestrian,Crossing in Crosswalk at Intersection,Dry,No Unusual Condition,Daylight,Intersection <= 20ft,0.0,1,1.0,Driver,North,Making Left Turn,Pedestrian,East,Proceeding Straight,POINT (-122.39558 37.774033),34.0,1.0,10.0,4.0,07
12976,vw_geo_sfpd_cr_switrs_all_types_col_cty_union.fid-c18a0c2_186644fdb18_-149e,21487,24466000.0,8894000.0,170605011,37.78007762116,-122.42013290032,SFPD-CROSSROADS,CITY STREET,07/25/2017 01:50:00 PM,2017 July 25,13:50:00,2017,July,Tuesday,MCALLISTER ST,VAN NESS AVE,33.0,Clear,Injury (Complaint of Pain),Vehicle/Pedestrian,Pedestrian,Crossing Not in Crosswalk,Dry,No Unusual Condition,Daylight,Midblock > 20ft,0.0,1,1.0,Pedestrian,South,Not Stated,Driver,East,Proceeding Straight,POINT (-122.420135 37.78008),21.0,4.0,10.0,36.0,13
12977,vw_geo_sfpd_cr_switrs_all_types_col_cty_union.fid-c18a0c2_186644fdb18_-1905,40447,27147000.0,433000.0,180244449,37.7621738302,-122.466180471,SFPD-INTERIM DB,CITY STREET,02/04/2018 05:10:00 PM,2018 February 04,17:10:00,2018,February,Sunday,JUDAH ST,09TH AVE,70.0,Clear,Injury (Other Visible),Vehicle/Pedestrian,Pedestrian,"In Road, Including Shoulder",Dry,No Unusual Condition,Daylight,Midblock > 20ft,0.0,1,1.0,Pedestrian,West,Other,Driver,West,Proceeding Straight,POINT (-122.46618 37.762173),109.0,10.0,11.0,14.0,17
12980,vw_geo_sfpd_cr_switrs_all_types_col_cty_union.fid-c18a0c2_186644fdb18_-fc7,48395,50024000.0,12171000.0,190711240,37.7812070084,-122.410419098,SFPD-INTERIM DB,CITY STREET,09/23/2019 12:10:00 AM,2019 September 23,00:10:00,2019,September,Monday,STEVENSON ST,06TH ST,290.0,Clear,Injury (Complaint of Pain),Vehicle/Pedestrian,Pedestrian,"In Road, Including Shoulder",Dry,No Unusual Condition,Dark - Street Lights,Midblock > 20ft,0.0,1,1.0,Driver,East,Backing,Pedestrian,East,Stopped,POINT (-122.410416 37.781208),32.0,5.0,10.0,34.0,00
12987,vw_geo_sfpd_cr_switrs_all_types_col_cty_union.fid-c18a0c2_186644fdb18_-ca6,50790,30739000.0,8747103.0,190821673,37.7840100408,-122.40796531,SFPD-INTERIM DB,CITY STREET,10/30/2019 05:10:00 PM,2019 October 30,17:10:00,2019,October,Wednesday,MARKET ST,CYRIL MAGNIN ST,30.0,Clear,Injury (Other Visible),Broadside,Pedestrian,Crossing in Crosswalk at Intersection,Dry,No Unusual Condition,Daylight,Midblock > 20ft,0.0,1,1.0,Pedestrian,South,Proceeding Straight,Bicyclist,West,Proceeding Straight,POINT (-122.40797 37.78401),32.0,5.0,10.0,34.0,17
12989,vw_geo_sfpd_cr_switrs_all_types_col_cty_union.fid-c18a0c2_186644fdb18_-7af,27836,24957000.000000004,12438000.0,130811189,37.7897581515764,-122.412079590009,SFPD-CROSSROADS,CITY STREET,09/26/2013 11:05:00 AM,2013 September 26,11:05:00,2013,September,Thursday,TAYLOR ST,BUSH ST,7.0,Clear,Injury (Other Visible),Vehicle/Pedestrian,Pedestrian,Crossing in Crosswalk at Intersection,Dry,No Unusual Condition,Daylight,Intersection <= 20ft,0.0,1,1.0,Driver,North,Making Left Turn,Pedestrian,East,Proceeding Straight,POINT (-122.41208 37.789757),50.0,6.0,3.0,21.0,11
13005,vw_geo_sfpd_cr_switrs_all_types_col_cty_union.fid-c18a0c2_186644fdb18_-1d92,36011,25600000.0,7459000.0,170330387,37.8076615148061,-122.420187719916,SFPD-CROSSROADS,CITY STREET,04/23/2017 02:10:00 PM,2017 April 23,14:10:00,2017,April,Sunday,JEFFERSON ST,LEAVENWORTH ST,322.0,Clear,Injury (Severe),Vehicle/Pedestrian,Pedestrian,Crossing Not in Crosswalk,Dry,No Unusual Condition,Daylight,Midblock > 20ft,0.0,1,1.0,Pedestrian,South,Proceeding Straight,Driver,East,Proceeding Straight,POINT (-122.42019 37.807663),99.0,6.0,6.0,32.0,14
13009,vw_geo_sfpd_cr_switrs_all_types_col_cty_union.fid-c18a0c2_186644fdb18_-a7c,50512,23190000.0,,190919438,37.7487867601,-122.472873109,SFPD-INTERIM DB,CITY STREET,12/06/2019 02:30:00 PM,2019 December 06,14:30:00,2019,December,Friday,16TH AVE,QUINTARA ST,0.0,Cloudy,Injury (Other Visible),Broadside,Pedestrian,"In Road, Including Shoulder",Wet,No Unusual Condition,Daylight,Intersection <= 20ft,0.0,1,1.0,Pedestrian,West,Proceeding Straight,Driver,North,Proceeding Straight,POINT (-122.47287 37.748787),44.0,10.0,8.0,41.0,14
13011,vw_geo_sfpd_cr_switrs_all_types_col_cty_union.fid-c18a0c2_186644fdb18_-1c7e,17365,24372000.0,9113000.0,151052746,37.7682863638957,-122.419982345039,SFPD-CROSSROADS,CITY STREET,12/05/2015 02:11:00 AM,2015 December 05,02:11:00,2015,December,Saturday,MISSION ST,14TH ST,5.0,Clear,Injury (Complaint of Pain),Vehicle/Pedestrian,Pedestrian,Crossing in Crosswalk at Intersection,Dry,No Unusual Condition,Dark - Street Lights,Intersection <= 20ft,0.0,1,,Driver,North,Making Left Turn,Pedestrian,East,Other,POINT (-122.41998 37.768288),53.0,3.0,2.0,20.0,02
13015,vw_geo_sfpd_cr_switrs_all_types_col_cty_union.fid-c18a0c2_186644fdb18_-15c1,47582,24557000.000000004,,190421223,37.7918420903,-122.394940237,SFPD-INTERIM DB,CITY STREET,06/11/2019 10:01:00 PM,2019 June 11,22:01:00,2019,June,Tuesday,MISSION ST,MAIN ST,0.0,Clear,Injury (Other Visible),Vehicle/Pedestrian,Pedestrian,Crossing in Crosswalk at Intersection,Dry,No Unusual Condition,Dark - Street Lights,Intersection <= 20ft,0.0,1,1.0,Driver,West,Proceeding Straight,Pedestrian,North,Proceeding Straight,POINT (-122.39494 37.791843),108.0,1.0,10.0,8.0,22
13017,vw_geo_sfpd_cr_switrs_all_types_col_cty_union.fid-c18a0c2_186644fdb18_-8d2,49878,21502000.0,,190970872,37.7114361502,-122.446383349,SFPD-INTERIM DB,CITY STREET,12/27/2019 07:10:00 AM,2019 December 27,07:10:00,2019,December,Friday,MISSION ST,LOWELL ST,0.0,Clear,Injury (Severe),Vehicle/Pedestrian,Pedestrian,Crossing in Crosswalk at Intersection,Dry,No Unusual Condition,Daylight,Intersection <= 20ft,0.0,1,1.0,Driver,South,Making Left Turn,Pedestrian,West,Proceeding Straight,POINT (-122.44638 37.711437),58.0,9.0,1.0,7.0,07
13029,vw_geo_sfpd_cr_switrs_all_types_col_cty_union.fid-c18a0c2_186644fdb18_-974,52019,27172000.0,,190948534,37.7658300286,-122.468582998,SFPD-INTERIM DB,CITY STREET,12/17/2019 09:46:00 PM,2019 December 17,21:46:00,2019,December,Tuesday,LINCOLN WAY,11TH AVE,0.0,Clear,Injury (Other Visible),Vehicle/Pedestrian,Pedestrian,Crossing in Crosswalk at Intersection,Wet,No Unusual Condition,Dark - Street Lights,Intersection <= 20ft,0.0,1,1.0,Driver,West,Proceeding Straight,Pedestrian,South,Proceeding Straight,POINT (-122.46858 37.76583),109.0,10.0,11.0,14.0,21
13034,vw_geo_sfpd_cr_switrs_all_types_col_cty_union.fid-c18a0c2_186644fdb18_-a06,50416,21772000.0,,190932816,37.7267192199,-122.435990945,SFPD-INTERIM DB,CITY STREET,12/11/2019 05:17:00 PM,2019 December 11,17:17:00,2019,December,Wednesday,ALEMANY BLVD,SANTA ROSA AVE,0.0,Raining,Injury (Other Visible),Vehicle/Pedestrian,Pedestrian,Crossing in Crosswalk at Intersection,Wet,No Unusual Condition,Dark - Street Lights,Intersection <= 20ft,0.0,1,1.0,Driver,East,Making Left Turn,Pedestrian,North,Proceeding Straight,POINT (-122.43599 37.72672),94.0,9.0,1.0,28.0,17
13037,vw_geo_sfpd_cr_switrs_all_types_col_cty_union.fid-c18a0c2_186644fdb18_-1e43,27127,30050000.0,,180960667,37.7953129418,-122.39797475,SFPD-INTERIM DB,CITY STREET,12/21/2018 05:13:00 PM,2018 December 21,17:13:00,2018,December,Friday,CLAY ST,DAVIS ST,0.0,Clear,Injury (Complaint of Pain),Vehicle/Pedestrian,Pedestrian,Crossing in Crosswalk at Intersection,Dry,No Unusual Condition,Dark - Street Lights,Intersection <= 20ft,0.0,1,1.0,Driver,East,Making Right Turn,Pedestrian,East,Proceeding Straight,POINT (-122.39797 37.795315),108.0,6.0,3.0,8.0,17
13039,vw_geo_sfpd_cr_switrs_all_types_col_cty_union.fid-c18a0c2_186644fdb18_-91f,49874,27376000.0,7297000.0,190957808,37.7634783749,-122.479017484,SFPD-INTERIM DB,CITY STREET,12/21/2019 01:15:00 PM,2019 December 21,13:15:00,2019,December,Saturday,IRVING ST,21ST AVE,72.0,Cloudy,Injury (Severe),Vehicle/Pedestrian,Pedestrian,Not in Road,Dry,No Unusual Condition,Daylight,Midblock > 20ft,0.0,1,1.0,Driver,West,Parking Maneuver,Pedestrian,West,Not Stated,POINT (-122.47902 37.763477),39.0,10.0,7.0,35.0,13
13041,vw_geo_sfpd_cr_switrs_all_types_col_cty_union.fid-c18a0c2_186644fdb18_-1970,46240,24968000.0,,190233391,37.7895293174,-122.413728388,SFPD-INTERIM DB,CITY STREET,04/02/2019 09:02:00 PM,2019 April 02,21:02:00,2019,April,Tuesday,JONES ST,BUSH ST,0.0,Clear,Injury (Complaint of Pain),Vehicle/Pedestrian,Pedestrian,Crossing in Crosswalk at Intersection,Wet,No Unusual Condition,Dark - No Street Lights,Intersection <= 20ft,0.0,1,1.0,Driver,South,Making Left Turn,Pedestrian,South,Proceeding Straight,POINT (-122.41373 37.789528),50.0,6.0,3.0,21.0,21
13051,vw_geo_sfpd_cr_switrs_all_types_col_cty_union.fid-c18a0c2_186644fdb18_-193f,40209,27396000.000000004,9661000.0,160889247,37.7538619946588,-122.485061960788,SFPD-CROSSROADS,CITY STREET,10/31/2016 05:00:00 PM,2016 October 31,17:00:00,2016,October,Monday,NORIEGA ST,27TH AVE,5.0,Clear,Injury (Other Visible),Vehicle/Pedestrian,Pedestrian,Crossing in Crosswalk at Intersection,Dry,No Unusual Condition,Dark - Street Lights,Intersection <= 20ft,0.0,1,,Driver,East,Proceeding Straight,Pedestrian,North,Proceeding Straight,POINT (-122.48506 37.75386),39.0,10.0,7.0,35.0,17
13055,vw_geo_sfpd_cr_switrs_all_types_col_cty_union.fid-c18a0c2_186644fdb18_-1005,48070,27316000.000000004,,190697361,37.7505570882,-122.475146548,SFPD-INTERIM DB,CITY STREET,09/18/2019 09:10:00 AM,2019 September 18,09:10:00,2019,September,Wednesday,18TH AVE,PACHECO ST,0.0,Raining,Injury (Complaint of Pain),Vehicle/Pedestrian,Pedestrian,Crossing in Crosswalk at Intersection,Wet,No Unusual Condition,Daylight,Intersection <= 20ft,0.0,1,,Driver,South,Making Left Turn,Pedestrian,South,Proceeding Straight,POINT (-122.47514 37.750557),44.0,10.0,8.0,14.0,09
13058,vw_geo_sfpd_cr_switrs_all_types_col_cty_union.fid-c18a0c2_186644fdb18_-167a,42121,26446000.0,12085000.0,140784510,37.7728113747639,-122.454267578877,SFPD-CROSSROADS,CITY STREET,09/17/2014 04:37:00 PM,2014 September 17,16:37:00,2014,September,Wednesday,STANYAN ST,HAYES ST,31.0,Clear,Injury (Complaint of Pain),Vehicle/Pedestrian,Pedestrian,Crossing in Crosswalk at Intersection,Dry,No Unusual Condition,Daylight,Midblock > 20ft,0.0,1,,Driver,South,Making Left Turn,Pedestrian,East,Proceeding Straight,POINT (-122.45427 37.77281),9.0,7.0,4.0,12.0,16
13059,vw_geo_sfpd_cr_switrs_all_types_col_cty_union.fid-c18a0c2_186644fdb18_-1864,47302,24022000.0,,190287398,37.7657832995,-122.407534229,SFPD-INTERIM DB,CITY STREET,04/22/2019 08:38:00 PM,2019 April 22,20:38:00,2019,April,Monday,POTRERO AVE,16TH ST,0.0,Clear,Injury (Complaint of Pain),Vehicle/Pedestrian,Pedestrian,Crossing Not in Crosswalk,Dry,No Unusual Condition,Dark - Street Lights,Intersection <= 20ft,0.0,1,1.0,Pedestrian,West,Proceeding Straight,Driver,South,Proceeding Straight,POINT (-122.40753 37.76578),54.0,3.0,9.0,20.0,20
13060,vw_geo_sfpd_cr_switrs_all_types_col_cty_union.fid-c18a0c2_186644fdb18_-1344,47765,23821000.0,,190551024,37.7770893331,-122.394981481,SFPD-INTERIM DB,CITY STREET,07/29/2019 01:12:00 PM,2019 July 29,13:12:00,2019,July,Monday,TOWNSEND ST,04TH ST,0.0,Clear,Injury (Other Visible),Vehicle/Pedestrian,Pedestrian,Crossing in Crosswalk at Intersection,Dry,No Unusual Condition,Daylight,Intersection <= 20ft,0.0,1,1.0,Driver,East,Making Left Turn,Pedestrian,North,Proceeding Straight,POINT (-122.39498 37.77709),34.0,1.0,10.0,34.0,13