,id,unique_id,cnn_intrsctn_fkey,cnn_sgmt_fkey,case_id_pkey,tb_latitude,tb_longitude,geocode_source,geocode_location,collision_datetime,collision_date,collision_time,accident_year,month,day_of_week,primary_rd,secondary_rd,distance,weather_1,collision_severity,type_of_collision,mviw,ped_action,road_surface,road_cond_1,lighting,intersection,number_killed,number_injured,party_at_fault,party1_type,party1_dir_of_travel,party1_move_pre_acc,party2_type,party2_dir_of_travel,party2_move_pre_acc,point,Neighborhoods,Current Police Districts,Current Supervisor Districts,Analysis Neighborhoods,hour
13319,vw_geo_sfpd_cr_switrs_all_types_col_cty_union.fid-c18a0c2_186644fdb18_-177e,51689,24431000.0,,190337084,37.7816542624,-122.415505178,SFPD-INTERIM DB,CITY STREET,05/11/2019 09:37:00 AM,2019 May 11,09:37:00,2019,May,Saturday,HYDE ST,GOLDEN GATE AVE,0.0,Clear,Injury (Complaint of Pain),Vehicle/Pedestrian,Pedestrian,Crossing in Crosswalk at Intersection,Dry,No Unusual Condition,Daylight,Intersection <= 20ft,0.0,1,1.0,Driver,South,Making Left Turn,Pedestrian,South,Proceeding Straight,POINT (-122.415504 37.781654),21.0,5.0,10.0,36.0,09
13325,vw_geo_sfpd_cr_switrs_all_types_col_cty_union.fid-c18a0c2_186644fdb18_-8b2,36833,22574000.0,,170933408,37.7166304790876,-122.456086920258,SFPD-CROSSROADS,CITY STREET,11/16/2017 10:10:00 AM,2017 November 16,10:10:00,2017,November,Thursday,PLYMOUTH AVE,MONTANA ST,0.0,Raining,Injury (Complaint of Pain),Vehicle/Pedestrian,Pedestrian,Crossing in Crosswalk at Intersection,Wet,Construction or Repair Zone,Daylight,Intersection <= 20ft,0.0,1,1.0,Driver,North,Proceeding Straight,Pedestrian,East,Proceeding Straight,POINT (-122.456085 37.71663),81.0,10.0,1.0,24.0,10
13336,vw_geo_sfpd_cr_switrs_all_types_col_cty_union.fid-c18a0c2_186644fdb18_-19a3,47760,25186000.0,5066000.0,190227128,37.7828464821,-122.421192817,SFPD-INTERIM DB,CITY STREET,03/31/2019 12:23:00 PM,2019 March 31,12:23:00,2019,March,Sunday,EDDY ST,VAN NESS AVE,110.0,Clear,Injury (Other Visible),Vehicle/Pedestrian,Pedestrian,Crossing Not in Crosswalk,Dry,No Unusual Condition,Daylight,Midblock > 20ft,0.0,1,1.0,Driver,East,Proceeding Straight,Pedestrian,North,Entering Traffic,POINT (-122.421196 37.78285),100.0,4.0,11.0,39.0,12
13337,vw_geo_sfpd_cr_switrs_all_types_col_cty_union.fid-c18a0c2_186644fdb18_-123c,48838,30048000.0,,190604247,37.7902474048,-122.400555264,SFPD-INTERIM DB,CITY STREET,08/16/2019 05:30:00 PM,2019 August 16,17:30:00,2019,August,Friday,SUTTER ST,SANSOME ST,0.0,Clear,Injury (Complaint of Pain),Vehicle/Pedestrian,Pedestrian,Crossing in Crosswalk at Intersection,Dry,No Unusual Condition,Daylight,Intersection <= 20ft,0.0,1,,Bicyclist,East,Proceeding Straight,Pedestrian,North,Stopped,POINT (-122.40056 37.79025),108.0,6.0,3.0,8.0,17
13344,vw_geo_sfpd_cr_switrs_all_types_col_cty_union.fid-c18a0c2_186644fdb18_-12c9,22496,26379000.0,,160651290,37.7758015922906,-122.446470829739,SFPD-CROSSROADS,CITY STREET,08/12/2016 04:16:00 PM,2016 August 12,16:16:00,2016,August,Friday,MASONIC AVE,FULTON ST,0.0,Clear,Injury (Other Visible),Vehicle/Pedestrian,Pedestrian,Crossing in Crosswalk at Intersection,Dry,No Unusual Condition,Daylight,Intersection <= 20ft,0.0,1,1.0,Driver,North,Making Left Turn,Pedestrian,West,Proceeding Straight,POINT (-122.44647 37.775803),97.0,7.0,11.0,18.0,16
13345,vw_geo_sfpd_cr_switrs_all_types_col_cty_union.fid-c18a0c2_186644fdb18_-ee4,49767,26558000.0,7971000.0,190748657,37.7921897915,-122.429441718,SFPD-INTERIM DB,CITY STREET,10/05/2019 12:56:00 PM,2019 October 05,12:56:00,2019,October,Saturday,LAGUNA ST,WASHINGTON ST,10.0,Clear,Injury (Other Visible),Vehicle/Pedestrian,Pedestrian,Crossing Not in Crosswalk,Dry,No Unusual Condition,Daylight,Intersection <= 20ft,0.0,1,1.0,Driver,South,Proceeding Straight,Pedestrian,East,Proceeding Straight,POINT (-122.42944 37.79219),102.0,4.0,6.0,30.0,12
13351,vw_geo_sfpd_cr_switrs_all_types_col_cty_union.fid-c18a0c2_186644fdb18_-1cd8,46536,30738000.0,,190068477,37.7876418485,-122.403430801,SFPD-INTERIM DB,CITY STREET,01/27/2019 11:50:00 PM,2019 January 27,23:50:00,2019,January,Sunday,MARKET ST,KEARNY ST,0.0,Clear,Injury (Other Visible),Vehicle/Pedestrian,Pedestrian,Crossing in Crosswalk at Intersection,Dry,No Unusual Condition,Dark - Street Lights,Intersection <= 20ft,0.0,1,1.0,Driver,East,Making Right Turn,Pedestrian,North,Proceeding Straight,POINT (-122.40343 37.787643),32.0,6.0,3.0,8.0,23
13353,vw_geo_sfpd_cr_switrs_all_types_col_cty_union.fid-c18a0c2_186644fdb18_-19b7,46936,24644000.0,10624002.0,190224328,37.7888974238,-122.403636757,SFPD-INTERIM DB,CITY STREET,03/30/2019 09:47:00 AM,2019 March 30,09:47:00,2019,March,Saturday,POST ST,KEARNY ST,7.0,Clear,Injury (Complaint of Pain),Vehicle/Pedestrian,Pedestrian,Crossing in Crosswalk at Intersection,Dry,No Unusual Condition,Daylight,Intersection <= 20ft,0.0,1,1.0,Driver,East,Making Right Turn,Pedestrian,North,Proceeding Straight,POINT (-122.40363 37.7889),19.0,6.0,3.0,8.0,09
13358,vw_geo_sfpd_cr_switrs_all_types_col_cty_union.fid-c18a0c2_186644fdb18_-c75,25569,24597000.0,9092000.0,170938674,37.788000788959,-122.399806094178,SFPD-CROSSROADS,CITY STREET,11/18/2017 08:48:00 AM,2017 November 18,08:48:00,2017,November,Saturday,MISSION ST,02ND ST,3.0,Clear,Injury (Complaint of Pain),Vehicle/Pedestrian,Pedestrian,Crossing in Crosswalk at Intersection,Dry,No Unusual Condition,Daylight,Intersection <= 20ft,0.0,1,1.0,Driver,West,Making Left Turn,Pedestrian,North,Proceeding Straight,POINT (-122.3998 37.788002),32.0,1.0,10.0,8.0,08
13361,vw_geo_sfpd_cr_switrs_all_types_col_cty_union.fid-c18a0c2_186644fdb18_-1404,48515,24294000.000000004,,190511874,37.7813981336,-122.409245442,SFPD-INTERIM DB,CITY STREET,07/15/2019 09:54:00 AM,2019 July 15,09:54:00,2019,July,Monday,06TH ST,JESSIE ST,0.0,Clear,Injury (Complaint of Pain),Vehicle/Pedestrian,Pedestrian,Crossing in Crosswalk at Intersection,Dry,No Unusual Condition,Daylight,Intersection <= 20ft,0.0,1,1.0,Driver,North,Backing,Pedestrian,East,Stopped,POINT (-122.40925 37.7814),32.0,5.0,10.0,34.0,09
13364,vw_geo_sfpd_cr_switrs_all_types_col_cty_union.fid-c18a0c2_186644fdb18_-cd4,25351,24892000.0,,160483601,37.7857439898553,-122.405831011251,SFPD-CROSSROADS,CITY STREET,06/14/2016 04:40:00 PM,2016 June 14,16:40:00,2016,June,Tuesday,MARKET ST,04TH ST,0.0,Clear,Injury (Complaint of Pain),Head-On,Pedestrian,Crossing in Crosswalk at Intersection,Dry,No Unusual Condition,Daylight,Intersection <= 20ft,0.0,1,,Bicyclist,West,Proceeding Straight,Pedestrian,South,Proceeding Straight,POINT (-122.40583 37.785744),32.0,5.0,10.0,8.0,16
13367,vw_geo_sfpd_cr_switrs_all_types_col_cty_union.fid-c18a0c2_186644fdb18_-ed1,48790,21212000.0,,190750577,37.7390018697,-122.41589948,SFPD-INTERIM DB,CITY STREET,10/06/2019 01:21:00 AM,2019 October 06,01:21:00,2019,October,Sunday,CORTLAND AVE,MOULTRIE ST,0.0,Clear,Injury (Severe),Vehicle/Pedestrian,Pedestrian,Crossing in Crosswalk at Intersection,Dry,No Unusual Condition,Dark - Street Lights,Intersection <= 20ft,0.0,1,1.0,Driver,East,Proceeding Straight,Pedestrian,North,Proceeding Straight,POINT (-122.4159 37.739002),83.0,9.0,2.0,2.0,01
13379,vw_geo_sfpd_cr_switrs_all_types_col_cty_union.fid-c18a0c2_186644fdb18_-1a1c,39598,23379000.0,13264000.0,180907374,37.7384713578,-122.494755134,SFPD-INTERIM DB,CITY STREET,12/01/2018 03:00:00 PM,2018 December 01,15:00:00,2018,December,Saturday,VICENTE ST,37TH AVE,10.0,Clear,Injury (Other Visible),Vehicle/Pedestrian,Pedestrian,Crossing Not in Crosswalk,Dry,No Unusual Condition,Daylight,Intersection <= 20ft,0.0,1,1.0,Pedestrian,North,Entering Traffic,Driver,West,Proceeding Straight,POINT (-122.49476 37.738472),39.0,10.0,7.0,35.0,15
13390,vw_geo_sfpd_cr_switrs_all_types_col_cty_union.fid-c18a0c2_186644fdb18_-1100,48318,25197000.000000004,,190660653,37.785685802,-122.421393308,SFPD-INTERIM DB,CITY STREET,09/04/2019 10:39:00 PM,2019 September 04,22:39:00,2019,September,Wednesday,VAN NESS AVE,GEARY BLVD,0.0,Clear,Injury (Severe),Vehicle/Pedestrian,Pedestrian,Crossing in Crosswalk at Intersection,Dry,Construction or Repair Zone,Dark - Street Lights,Intersection <= 20ft,0.0,1,1.0,Pedestrian,West,Other,Driver,South,Proceeding Straight,POINT (-122.421394 37.785686),100.0,4.0,11.0,39.0,22
13391,vw_geo_sfpd_cr_switrs_all_types_col_cty_union.fid-c18a0c2_186644fdb18_-1ef4,1396,21480000.0,,180919125,37.7146606192,-122.442564963,SFPD-INTERIM DB,CITY STREET,12/05/2018 10:38:00 PM,2018 December 05,22:38:00,2018,December,Wednesday,MISSION ST,ALLISON ST,0.0,Clear,Injury (Complaint of Pain),Vehicle/Pedestrian,Pedestrian,Crossing in Crosswalk at Intersection,Dry,No Unusual Condition,Dark - Street Lights,Intersection <= 20ft,0.0,1,1.0,Driver,North,Making Left Turn,Pedestrian,West,Other,POINT (-122.442566 37.71466),80.0,9.0,1.0,7.0,22
13398,vw_geo_sfpd_cr_switrs_all_types_col_cty_union.fid-c18a0c2_186644fdb18_-b6d,48692,26055000.0,,190879531,37.7770680805,-122.436507233,SFPD-INTERIM DB,CITY STREET,11/20/2019 05:32:00 PM,2019 November 20,17:32:00,2019,November,Wednesday,FULTON ST,SCOTT ST,0.0,Clear,Injury (Other Visible),Vehicle/Pedestrian,Pedestrian,Crossing in Crosswalk at Intersection,Dry,No Unusual Condition,Dark - Street Lights,Intersection <= 20ft,0.0,1,1.0,Driver,East,Slowing/Stopping,Pedestrian,South,Stopped,POINT (-122.43651 37.77707),23.0,4.0,11.0,39.0,17
13407,vw_geo_sfpd_cr_switrs_all_types_col_cty_union.fid-c18a0c2_186644fdb18_-1e0c,32443,26563000.0,,180978331,37.7911295083,-122.430914254,SFPD-INTERIM DB,CITY STREET,12/28/2018 09:49:00 PM,2018 December 28,21:49:00,2018,December,Friday,BUCHANAN ST,CLAY ST,0.0,Clear,Injury (Complaint of Pain),Vehicle/Pedestrian,Pedestrian,Crossing in Crosswalk at Intersection,Dry,No Unusual Condition,Dark - Street Lights,Intersection <= 20ft,0.0,1,1.0,Driver,South,Making Left Turn,Pedestrian,East,Proceeding Straight,POINT (-122.430916 37.79113),102.0,4.0,6.0,30.0,21
13410,vw_geo_sfpd_cr_switrs_all_types_col_cty_union.fid-c18a0c2_186644fdb18_-95c,8531,23963000.0,,160785554,37.7545642120606,-122.406480458168,SFPD-CROSSROADS,CITY STREET,09/27/2016 04:52:00 PM,2016 September 27,16:52:00,2016,September,Tuesday,POTRERO AVE,23RD ST,0.0,Clear,Injury (Complaint of Pain),Vehicle/Pedestrian,Pedestrian,Crossing in Crosswalk at Intersection,Dry,No Unusual Condition,Daylight,Intersection <= 20ft,0.0,2,1.0,Driver,West,Making Left Turn,Pedestrian,West,Proceeding Straight,POINT (-122.40648 37.754562),54.0,3.0,2.0,20.0,16
13412,vw_geo_sfpd_cr_switrs_all_types_col_cty_union.fid-c18a0c2_186644fdb18_-14af,46315,24678000.0,9297000.0,190471983,37.7896509456,-122.40210999,SFPD-INTERIM DB,CITY STREET,06/30/2019 08:45:00 AM,2019 June 30,08:45:00,2019,June,Sunday,MONTGOMERY ST,SUTTER ST,143.0,Cloudy,Injury (Complaint of Pain),Vehicle/Pedestrian,Pedestrian,Crossing Not in Crosswalk,Dry,No Unusual Condition,Daylight,Midblock > 20ft,0.0,1,1.0,Pedestrian,West,Proceeding Straight,Driver,North,Backing,POINT (-122.40211 37.78965),19.0,6.0,3.0,8.0,08
13416,vw_geo_sfpd_cr_switrs_all_types_col_cty_union.fid-c18a0c2_186644fdb18_-1ed9,28514,50171000.0,13573000.0,180923079,37.7955999021,-122.406127231,SFPD-INTERIM DB,CITY STREET,12/07/2018 11:21:00 AM,2018 December 07,11:21:00,2018,December,Friday,WENTWORTH PL,JACKSON ST,176.0,Clear,Injury (Complaint of Pain),Vehicle/Pedestrian,Pedestrian,"In Road, Including Shoulder",Dry,No Unusual Condition,Daylight,Midblock > 20ft,0.0,1,1.0,Driver,South,Proceeding Straight,Pedestrian,South,Proceeding Straight,POINT (-122.40613 37.7956),104.0,6.0,3.0,6.0,11
13420,vw_geo_sfpd_cr_switrs_all_types_col_cty_union.fid-c18a0c2_186644fdb18_-e7f,50260,24513000.0,,190761609,37.782553593,-122.397385539,SFPD-INTERIM DB,CITY STREET,10/09/2019 07:35:00 PM,2019 October 09,19:35:00,2019,October,Wednesday,03RD ST,HARRISON ST,0.0,Clear,Injury (Complaint of Pain),Vehicle/Pedestrian,Pedestrian,Crossing in Crosswalk at Intersection,Dry,No Unusual Condition,Dusk - Dawn,Intersection <= 20ft,0.0,1,1.0,Driver,West,Making Left Turn,Pedestrian,North,Proceeding Straight,POINT (-122.397385 37.782555),32.0,1.0,10.0,8.0,19
13424,vw_geo_sfpd_cr_switrs_all_types_col_cty_union.fid-c18a0c2_186644fdb18_-119b,47332,23889000.0,,190348871,37.777799011,-122.400297759,SFPD-INTERIM DB,CITY STREET,05/15/2019 04:50:00 PM,2019 May 15,16:50:00,2019,May,Wednesday,05TH ST,BRYANT ST,0.0,Raining,Injury (Other Visible),Vehicle/Pedestrian,Pedestrian,Crossing in Crosswalk at Intersection,Wet,No Unusual Condition,Daylight,Intersection <= 20ft,0.0,1,1.0,Driver,East,Proceeding Straight,Pedestrian,North,Proceeding Straight,POINT (-122.4003 37.777798),32.0,1.0,10.0,34.0,16
13435,vw_geo_sfpd_cr_switrs_all_types_col_cty_union.fid-c18a0c2_186644fdb18_-f85,48085,24532000.0,,190721528,37.7885359312,-122.396034765,SFPD-INTERIM DB,CITY STREET,09/26/2019 12:30:00 PM,2019 September 26,12:30:00,2019,September,Thursday,HOWARD ST,01ST ST,0.0,Clear,Injury (Severe),Vehicle/Pedestrian,Pedestrian,Crossing in Crosswalk at Intersection,Dry,No Unusual Condition,Daylight,Intersection <= 20ft,0.0,1,1.0,Driver,West,Making Right Turn,Pedestrian,South,Proceeding Straight,POINT (-122.396034 37.788536),32.0,1.0,10.0,8.0,12
13445,vw_geo_sfpd_cr_switrs_all_types_col_cty_union.fid-c18a0c2_186644fdb18_-c86,50323,21444000.0,,190823801,37.7156725546,-122.439438473,SFPD-INTERIM DB,CITY STREET,10/31/2019 12:49:00 PM,2019 October 31,12:49:00,2019,October,Thursday,GENEVA AVE,PARIS ST,0.0,Clear,Injury (Other Visible),Vehicle/Pedestrian,Pedestrian,Crossing in Crosswalk at Intersection,Dry,No Unusual Condition,Daylight,Intersection <= 20ft,0.0,1,1.0,Driver,East,Making Left Turn,Pedestrian,South,Proceeding Straight,POINT (-122.43944 37.71567),58.0,9.0,1.0,7.0,12
13446,vw_geo_sfpd_cr_switrs_all_types_col_cty_union.fid-c18a0c2_186644fdb18_-11ac,48006,24778000.000000004,7368000.0,190628203,37.7962156389,-122.405105412,SFPD-INTERIM DB,CITY STREET,08/24/2019 10:00:00 PM,2019 August 24,22:00:00,2019,August,Saturday,JACKSON ST,KEARNY ST,11.0,Clear,Injury (Other Visible),Vehicle/Pedestrian,Pedestrian,"In Road, Including Shoulder",Dry,No Unusual Condition,Dark - Street Lights,Intersection <= 20ft,0.0,1,1.0,Pedestrian,East,Proceeding Straight,Driver,North,Entering Traffic,POINT (-122.405106 37.796215),104.0,6.0,3.0,6.0,22
13449,vw_geo_sfpd_cr_switrs_all_types_col_cty_union.fid-c18a0c2_186644fdb18_-bed,48648,27084000.0,,190853773,37.7641778278,-122.463101995,SFPD-INTERIM DB,CITY STREET,11/11/2019 02:30:00 PM,2019 November 11,14:30:00,2019,November,Monday,IRVING ST,06TH AVE,0.0,Clear,Injury (Complaint of Pain),Vehicle/Pedestrian,Pedestrian,Crossing in Crosswalk at Intersection,Dry,No Unusual Condition,Daylight,Intersection <= 20ft,0.0,1,1.0,Driver,South,Making Left Turn,Pedestrian,East,Proceeding Straight,POINT (-122.463104 37.76418),109.0,7.0,11.0,14.0,14
13460,vw_geo_sfpd_cr_switrs_all_types_col_cty_union.fid-c18a0c2_186644fdb18_-1242,47886,54124000.0,8746103.0,190602263,37.7861890477,-122.405189832,SFPD-INTERIM DB,CITY STREET,08/15/2019 11:30:00 PM,2019 August 15,23:30:00,2019,August,Thursday,MARKET ST,04TH ST,250.0,Clear,Injury (Other Visible),Vehicle/Pedestrian,Pedestrian,Crossing Not in Crosswalk,Dry,No Unusual Condition,Dark - Street Lights,Midblock > 20ft,0.0,1,,Pedestrian,North,Entering Traffic,Bicyclist,East,Proceeding Straight,POINT (-122.40519 37.78619),32.0,5.0,10.0,8.0,23
13474,vw_geo_sfpd_cr_switrs_all_types_col_cty_union.fid-c18a0c2_186644fdb18_-1c3e,47680,27015000.000000004,,190098612,37.8055811386,-122.443983518,SFPD-INTERIM DB,CITY STREET,02/08/2019 09:43:00 PM,2019 February 08,21:43:00,2019,February,Friday,MARINA BLVD,DIVISADERO ST,0.0,Clear,Injury (Complaint of Pain),Vehicle/Pedestrian,Pedestrian,Crossing in Crosswalk at Intersection,Dry,No Unusual Condition,Dark - Street Lights,Intersection <= 20ft,0.0,1,1.0,Driver,West,Proceeding Straight,Pedestrian,North,Proceeding Straight,POINT (-122.443985 37.80558),17.0,4.0,6.0,13.0,21
13490,vw_geo_sfpd_cr_switrs_all_types_col_cty_union.fid-c18a0c2_186644fdb18_-1166,47945,24293000.0,9100000.0,190638014,37.7809653698,-122.408716034,SFPD-INTERIM DB,CITY STREET,08/28/2019 11:23:00 AM,2019 August 28,11:23:00,2019,August,Wednesday,MISSION ST,06TH ST,3.0,Clear,Injury (Complaint of Pain),Vehicle/Pedestrian,Pedestrian,Crossing in Crosswalk at Intersection,Dry,No Unusual Condition,Daylight,Intersection <= 20ft,0.0,1,1.0,Driver,West,Making Right Turn,Pedestrian,South,Proceeding Straight,POINT (-122.408714 37.780964),32.0,1.0,10.0,34.0,11
13496,vw_geo_sfpd_cr_switrs_all_types_col_cty_union.fid-c18a0c2_186644fdb18_-c74,25566,24603000.0,9091000.0,170924952,37.788315828231,-122.399407056506,SFPD-CROSSROADS,CITY STREET,11/13/2017 08:50:00 AM,2017 November 13,08:50:00,2017,November,Monday,MISSION ST,ANTHONY ST,20.0,Clear,Injury (Complaint of Pain),Vehicle/Pedestrian,Pedestrian,Crossing Not in Crosswalk,Dry,No Unusual Condition,Daylight,Intersection <= 20ft,0.0,1,1.0,Pedestrian,North,Crossed Into Opposing Lane - Unplanned,Driver,West,Backing,POINT (-122.39941 37.788315),108.0,1.0,10.0,8.0,08
13502,vw_geo_sfpd_cr_switrs_all_types_col_cty_union.fid-c18a0c2_186644fdb18_-b45,49366,21430000.0,,190883720,37.7123734205,-122.43748584,SFPD-INTERIM DB,CITY STREET,11/22/2019 07:40:00 AM,2019 November 22,07:40:00,2019,November,Friday,ATHENS ST,NAPLES ST,0.0,Clear,Injury (Complaint of Pain),Vehicle/Pedestrian,Pedestrian,Crossing Not in Crosswalk,Dry,No Unusual Condition,Daylight,Intersection <= 20ft,0.0,1,1.0,Driver,West,Making Left Turn,Pedestrian,North,Proceeding Straight,POINT (-122.437485 37.71237),58.0,9.0,1.0,7.0,07
13529,vw_geo_sfpd_cr_switrs_all_types_col_cty_union.fid-c18a0c2_186644fdb18_-1e90,35290,26750000.0,9408000.0,170210529,37.7994634646464,-122.435613368422,SFPD-CROSSROADS,CITY STREET,03/14/2017 03:23:00 PM,2017 March 14,15:23:00,2017,March,Tuesday,MOULTON ST,FILLMORE ST,102.0,Clear,Injury (Complaint of Pain),Vehicle/Pedestrian,Pedestrian,Crossing Not in Crosswalk,Dry,No Unusual Condition,Daylight,Midblock > 20ft,0.0,1,1.0,Pedestrian,South,Other,Driver,East,Backing,POINT (-122.435616 37.799465),15.0,4.0,6.0,13.0,15
13539,vw_geo_sfpd_cr_switrs_all_types_col_cty_union.fid-c18a0c2_186644fdb18_-1a0e,46903,24132000.0,,190212276,37.7619675287,-122.417178936,SFPD-INTERIM DB,CITY STREET,03/25/2019 03:40:00 PM,2019 March 25,15:40:00,2019,March,Monday,SOUTH VAN NESS AVE,18TH ST,0.0,Raining,Injury (Complaint of Pain),Vehicle/Pedestrian,Pedestrian,Crossing in Crosswalk at Intersection,Wet,No Unusual Condition,Daylight,Intersection <= 20ft,0.0,1,1.0,Driver,South,Making Right Turn,Pedestrian,East,Proceeding Straight,POINT (-122.417175 37.761967),53.0,3.0,2.0,20.0,15
13552,vw_geo_sfpd_cr_switrs_all_types_col_cty_union.fid-c18a0c2_186644fdb18_-1008,1166,21547000.0,,151117390,37.7099462034127,-122.449308667011,SFPD-CROSSROADS,CITY STREET,12/28/2015 04:20:00 PM,2015 December 28,16:20:00,2015,December,Monday,MISSION ST,FARRAGUT AVE,0.0,Clear,Injury (Complaint of Pain),Vehicle/Pedestrian,Pedestrian,Crossing in Crosswalk at Intersection,Dry,No Unusual Condition,Daylight,Intersection <= 20ft,0.0,1,1.0,Driver,South,Proceeding Straight,Pedestrian,West,Other,POINT (-122.44931 37.709946),66.0,9.0,1.0,28.0,16
13553,vw_geo_sfpd_cr_switrs_all_types_col_cty_union.fid-c18a0c2_186644fdb18_-150b,47576,24514000.0,5660000.0,190459036,37.7846820816,-122.397792031,SFPD-INTERIM DB,CITY STREET,06/25/2019 01:09:00 PM,2019 June 25,13:09:00,2019,June,Tuesday,FOLSOM ST,HAWTHORNE ST,8.0,Clear,Injury (Other Visible),Vehicle/Pedestrian,Pedestrian,Crossing in Crosswalk at Intersection,Dry,No Unusual Condition,Daylight,Intersection <= 20ft,0.0,1,1.0,Driver,East,Making Left Turn,Pedestrian,South,Proceeding Straight,POINT (-122.39779 37.784683),32.0,1.0,10.0,8.0,13
13554,vw_geo_sfpd_cr_switrs_all_types_col_cty_union.fid-c18a0c2_186644fdb18_-f56,24104,24295000.0,326000.0,150743089,37.7817676734539,-122.409710039968,SFPD-CROSSROADS,CITY STREET,08/25/2015 07:30:00 AM,2015 August 25,07:30:00,2015,August,Tuesday,06TH ST,STEVENSON ST,7.0,Cloudy,Injury (Severe),Vehicle/Pedestrian,Pedestrian,Crossing Not in Crosswalk,Dry,No Unusual Condition,Daylight,Intersection <= 20ft,0.0,1,1.0,Driver,South,Proceeding Straight,Pedestrian,East,Not Stated,POINT (-122.40971 37.78177),32.0,5.0,10.0,34.0,07
13566,vw_geo_sfpd_cr_switrs_all_types_col_cty_union.fid-c18a0c2_186644fdb18_-a64,36545,22471000.0,3137000.0,150225300,37.7131944830219,-122.455926014183,SFPD-CROSSROADS,CITY STREET,03/13/2015 03:42:00 PM,2015 March 13,15:42:00,2015,March,Friday,BROAD ST,PLYMOUTH AVE,37.0,Clear,Injury (Complaint of Pain),Vehicle/Pedestrian,Pedestrian,"In Road, Including Shoulder",Dry,No Unusual Condition,Daylight,Midblock > 20ft,0.0,1,1.0,Pedestrian,South,Other,Driver,West,Proceeding Straight,POINT (-122.455925 37.713196),81.0,10.0,1.0,24.0,15
13568,vw_geo_sfpd_cr_switrs_all_types_col_cty_union.fid-c18a0c2_186644fdb18_-d35,49456,24632000.0,,190803825,37.784478745,-122.404266873,SFPD-INTERIM DB,CITY STREET,10/24/2019 05:27:00 PM,2019 October 24,17:27:00,2019,October,Thursday,04TH ST,MISSION ST,0.0,Clear,Injury (Complaint of Pain),Sideswipe,Pedestrian,Crossing Not in Crosswalk,Dry,No Unusual Condition,Daylight,Intersection <= 20ft,0.0,1,1.0,Pedestrian,West,Proceeding Straight,Driver,South,Not Stated,POINT (-122.40427 37.784477),32.0,1.0,10.0,34.0,17
13570,vw_geo_sfpd_cr_switrs_all_types_col_cty_union.fid-c18a0c2_186644fdb18_-b95,49493,26451000.000000004,,190870595,37.7753899414,-122.449707827,SFPD-INTERIM DB,CITY STREET,11/17/2019 06:10:00 PM,2019 November 17,18:10:00,2019,November,Sunday,FULTON ST,CLAYTON ST,0.0,Clear,Injury (Other Visible),Vehicle/Pedestrian,Pedestrian,Crossing in Crosswalk at Intersection,Dry,No Unusual Condition,Dark - Street Lights,Intersection <= 20ft,0.0,1,1.0,Driver,East,Proceeding Straight,Pedestrian,South,Proceeding Straight,POINT (-122.44971 37.77539),12.0,7.0,4.0,18.0,18
13583,vw_geo_sfpd_cr_switrs_all_types_col_cty_union.fid-c18a0c2_186644fdb18_-132a,22288,26052000.0,11687000.0,130348881,37.7751704428165,-122.436121760099,SFPD-CROSSROADS,CITY STREET,04/29/2013 08:25:00 AM,2013 April 29,08:25:00,2013,April,Monday,SCOTT ST,HAYES ST,13.0,Clear,Injury (Complaint of Pain),Broadside,Pedestrian,Crossing in Crosswalk at Intersection,Dry,No Unusual Condition,Daylight,Intersection <= 20ft,0.0,1,1.0,Driver,South,Proceeding Straight,Pedestrian,East,Proceeding Straight,POINT (-122.43612 37.77517),23.0,4.0,11.0,9.0,08
13599,vw_geo_sfpd_cr_switrs_all_types_col_cty_union.fid-c18a0c2_186644fdb18_-a9e,49514,33106000.0,5337000.0,190913145,37.7456767752,-122.393194378,SFPD-INTERIM DB,CITY STREET,12/04/2019 11:22:00 AM,2019 December 04,11:22:00,2019,December,Wednesday,EVANS AVE,RANKIN ST,360.0,Cloudy,Injury (Complaint of Pain),Rear End,Pedestrian,Crossing Not in Crosswalk,Wet,No Unusual Condition,Daylight,Midblock > 20ft,0.0,1,1.0,Pedestrian,South,Proceeding Straight,Driver,East,Backing,POINT (-122.393196 37.745678),56.0,2.0,9.0,1.0,11
13603,vw_geo_sfpd_cr_switrs_all_types_col_cty_union.fid-c18a0c2_186644fdb18_-178b,47542,24996000.0,,190336202,37.7931783018,-122.407727186,SFPD-INTERIM DB,CITY STREET,05/10/2019 09:05:00 PM,2019 May 10,21:05:00,2019,May,Friday,SACRAMENTO ST,STOCKTON ST,0.0,Clear,Injury (Complaint of Pain),Vehicle/Pedestrian,Pedestrian,Crossing in Crosswalk at Intersection,Dry,No Unusual Condition,Dark - Street Lights,Intersection <= 20ft,0.0,1,1.0,Pedestrian,South,Other,Driver,West,Proceeding Straight,POINT (-122.40773 37.79318),16.0,6.0,3.0,6.0,21
13611,vw_geo_sfpd_cr_switrs_all_types_col_cty_union.fid-c18a0c2_186644fdb18_-12f2,43480,27284000.0,6062201.0,170324120,37.7810600619085,-122.464366875835,SFPD-CROSSROADS,CITY STREET,04/20/2017 02:05:00 PM,2017 April 20,14:05:00,2017,April,Thursday,GEARY BLVD,06TH AVE,36.0,Clear,Injury (Severe),Vehicle/Pedestrian,Pedestrian,Crossing in Crosswalk at Intersection,Dry,No Unusual Condition,Daylight,Midblock > 20ft,0.0,1,1.0,Driver,West,Making Left Turn,Pedestrian,South,Proceeding Straight,POINT (-122.46436 37.78106),5.0,8.0,4.0,11.0,14