,id,unique_id,cnn_intrsctn_fkey,cnn_sgmt_fkey,case_id_pkey,tb_latitude,tb_longitude,geocode_source,geocode_location,collision_datetime,collision_date,collision_time,accident_year,month,day_of_week,primary_rd,secondary_rd,distance,weather_1,collision_severity,type_of_collision,mviw,ped_action,road_surface,road_cond_1,lighting,intersection,number_killed,number_injured,party_at_fault,party1_type,party1_dir_of_travel,party1_move_pre_acc,party2_type,party2_dir_of_travel,party2_move_pre_acc,point,Neighborhoods,Current Police Districts,Current Supervisor Districts,Analysis Neighborhoods,hour
13613,vw_geo_sfpd_cr_switrs_all_types_col_cty_union.fid-c18a0c2_186644fdb18_-a33,26534,25164000.0,,160509837,37.7883879307679,-122.415185269815,SFPD-CROSSROADS,CITY STREET,06/23/2016 05:55:00 PM,2016 June 23,17:55:00,2016,June,Thursday,SUTTER ST,LEAVENWORTH ST,0.0,Clear,Injury (Other Visible),Vehicle/Pedestrian,Pedestrian,Crossing in Crosswalk at Intersection,Dry,No Unusual Condition,Daylight,Intersection <= 20ft,0.0,1,1.0,Driver,West,Proceeding Straight,Pedestrian,South,Proceeding Straight,POINT (-122.415184 37.788387),50.0,6.0,3.0,21.0,17
13614,vw_geo_sfpd_cr_switrs_all_types_col_cty_union.fid-c18a0c2_186644fdb18_-6a0,11284,25677000.0,,170015874,37.7615656734452,-122.423800671243,SFPD-CROSSROADS,CITY STREET,01/06/2017 04:05:00 PM,2017 January 06,16:05:00,2017,January,Friday,18TH ST,GUERRERO ST,0.0,Cloudy,Injury (Severe),Vehicle/Pedestrian,Pedestrian,Crossing in Crosswalk at Intersection,Dry,No Unusual Condition,Daylight,Intersection <= 20ft,0.0,1,1.0,Pedestrian,South,Proceeding Straight,Driver,West,Proceeding Straight,POINT (-122.4238 37.761566),37.0,3.0,5.0,20.0,16
13616,vw_geo_sfpd_cr_switrs_all_types_col_cty_union.fid-c18a0c2_186644fdb18_-ef6,24318,24924000.0,12716000.0,141025894,37.7832168760287,-122.410744745193,SFPD-CROSSROADS,CITY STREET,12/05/2014 03:16:00 PM,2014 December 05,15:16:00,2014,December,Friday,TURK ST,TAYLOR ST,6.0,Clear,Injury (Severe),Vehicle/Pedestrian,Pedestrian,Crossing in Crosswalk at Intersection,Dry,No Unusual Condition,Daylight,Intersection <= 20ft,0.0,1,1.0,Pedestrian,North,Entering Traffic,Driver,West,Proceeding Straight,POINT (-122.41074 37.78322),20.0,5.0,10.0,36.0,15
13620,vw_geo_sfpd_cr_switrs_all_types_col_cty_union.fid-c18a0c2_186644fdb18_-1bb8,37966,23070000.0,,150076589,37.7310323550775,-122.471797435888,SFPD-CROSSROADS,CITY STREET,01/25/2015 04:32:00 PM,2015 January 25,16:32:00,2015,January,Sunday,JUNIPERO SERRA BLVD,OCEAN AVE,0.0,Clear,Injury (Complaint of Pain),Vehicle/Pedestrian,Pedestrian,Crossing in Crosswalk at Intersection,Dry,No Unusual Condition,Daylight,Intersection <= 20ft,0.0,1,1.0,Driver,South,Making Left Turn,Pedestrian,East,Proceeding Straight,POINT (-122.471794 37.731033),63.0,10.0,8.0,41.0,16
13633,vw_geo_sfpd_cr_switrs_all_types_col_cty_union.fid-c18a0c2_186644fdb18_-aaf,3028,20918000.0,,180746570,37.7291726198,-122.412985492,SFPD-INTERIM DB,CITY STREET,10/02/2018 04:24:00 PM,2018 October 02,16:24:00,2018,October,Tuesday,SILLIMAN ST,DARTMOUTH ST,0.0,Clear,Injury (Complaint of Pain),Broadside,Pedestrian,Crossing in Crosswalk at Intersection,Dry,No Unusual Condition,Daylight,Intersection <= 20ft,0.0,1,1.0,Driver,West,Proceeding Straight,Pedestrian,North,Proceeding Straight,POINT (-122.41299 37.72917),91.0,2.0,2.0,25.0,16
13637,vw_geo_sfpd_cr_switrs_all_types_col_cty_union.fid-c18a0c2_186644fdb18_-1694,47393,25814000.0,,190383758,37.7626707081,-122.435187962,SFPD-INTERIM DB,CITY STREET,05/28/2019 09:47:00 PM,2019 May 28,21:47:00,2019,May,Tuesday,CASTRO ST,MARKET ST,0.0,Clear,Injury (Complaint of Pain),Sideswipe,Pedestrian,Crossing in Crosswalk at Intersection,Dry,No Unusual Condition,Dark - Street Lights,Intersection <= 20ft,0.0,1,1.0,Driver,South,Proceeding Straight,Pedestrian,West,Proceeding Straight,POINT (-122.43519 37.762672),113.0,3.0,5.0,5.0,21
13640,vw_geo_sfpd_cr_switrs_all_types_col_cty_union.fid-c18a0c2_186644fdb18_-1ace,46809,25301000.0,,190170903,37.7914958551,-122.420873184,SFPD-INTERIM DB,CITY STREET,03/09/2019 09:08:00 AM,2019 March 09,09:08:00,2019,March,Saturday,POLK ST,SACRAMENTO ST,0.0,Raining,Injury (Severe),Vehicle/Pedestrian,Pedestrian,Crossing in Crosswalk at Intersection,Wet,No Unusual Condition,Daylight,Intersection <= 20ft,0.0,1,,Driver,West,Making Left Turn,Pedestrian,South,Proceeding Straight,POINT (-122.420876 37.791496),105.0,4.0,3.0,21.0,09
13645,vw_geo_sfpd_cr_switrs_all_types_col_cty_union.fid-c18a0c2_186644fdb18_-97c,26866,30730000.0,5860000.0,160520140,37.7911311736672,-122.39753053602,SFPD-CROSSROADS,CITY STREET,06/27/2016 06:22:00 AM,2016 June 27,06:22:00,2016,June,Monday,FREMONT ST,MARKET ST,300.0,Clear,Injury (Complaint of Pain),Vehicle/Pedestrian,Pedestrian,Crossing Not in Crosswalk,Dry,No Unusual Condition,Daylight,Midblock > 20ft,0.0,1,1.0,Pedestrian,North,Backing,Driver,South,Proceeding Straight,POINT (-122.39753 37.79113),108.0,6.0,10.0,8.0,06
13646,vw_geo_sfpd_cr_switrs_all_types_col_cty_union.fid-c18a0c2_186644fdb18_-1ef9,36423,22459000.0,,180916870,37.7113873299,-122.459005468,SFPD-INTERIM DB,CITY STREET,12/05/2018 08:55:00 AM,2018 December 05,08:55:00,2018,December,Wednesday,CAPITOL AVE,SAGAMORE ST,0.0,Raining,Injury (Other Visible),Vehicle/Pedestrian,Pedestrian,Crossing in Crosswalk at Intersection,Wet,No Unusual Condition,Daylight,Intersection <= 20ft,0.0,1,1.0,Driver,South,Making Left Turn,Pedestrian,North,Proceeding Straight,POINT (-122.45901 37.711388),81.0,10.0,1.0,24.0,08
13652,vw_geo_sfpd_cr_switrs_all_types_col_cty_union.fid-c18a0c2_186644fdb18_-170c,47357,25222000.0,,190359549,37.7896204372,-122.420493442,SFPD-INTERIM DB,CITY STREET,05/20/2019 12:58:00 AM,2019 May 20,00:58:00,2019,May,Monday,POLK ST,PINE ST,0.0,Cloudy,Injury (Other Visible),Vehicle/Pedestrian,Pedestrian,Crossing in Crosswalk at Intersection,Dry,No Unusual Condition,Dark - Street Lights,Intersection <= 20ft,0.0,2,1.0,Driver,West,Making Left Turn,Pedestrian,North,Proceeding Straight,POINT (-122.420494 37.78962),50.0,4.0,3.0,21.0,00
13655,vw_geo_sfpd_cr_switrs_all_types_col_cty_union.fid-c18a0c2_186644fdb18_-19e6,46914,24490000.0,141000.0,190216121,37.7831071417,-122.393654713,SFPD-INTERIM DB,CITY STREET,03/27/2019 06:43:00 AM,2019 March 27,06:43:00,2019,March,Wednesday,02ND ST,BRYANT ST,15.0,Clear,Injury (Other Visible),Vehicle/Pedestrian,Pedestrian,Crossing in Crosswalk at Intersection,Dry,No Unusual Condition,Dark - Street Lights,Intersection <= 20ft,0.0,1,1.0,Driver,North,Making Left Turn,Pedestrian,East,Proceeding Straight,POINT (-122.393654 37.783108),30.0,1.0,10.0,8.0,06
13657,vw_geo_sfpd_cr_switrs_all_types_col_cty_union.fid-c18a0c2_186644fdb18_-863,9468,24126000.0,,150867162,37.7620991611199,-122.414998616967,SFPD-CROSSROADS,CITY STREET,10/02/2015 04:30:00 PM,2015 October 02,16:30:00,2015,October,Friday,18TH ST,FOLSOM ST,0.0,Clear,Injury (Complaint of Pain),Vehicle/Pedestrian,Pedestrian,Crossing Not in Crosswalk,Dry,No Unusual Condition,Daylight,Intersection <= 20ft,0.0,1,,Pedestrian,North,Proceeding Straight,Driver,West,Proceeding Straight,POINT (-122.415 37.7621),53.0,3.0,2.0,20.0,16
13662,vw_geo_sfpd_cr_switrs_all_types_col_cty_union.fid-c18a0c2_186644fdb18_-ac4,49953,24800000.0,,190905841,37.7987290021,-122.399873457,SFPD-INTERIM DB,CITY STREET,12/01/2019 05:43:00 PM,2019 December 01,17:43:00,2019,December,Sunday,FRONT ST,BROADWAY,0.0,Raining,Injury (Other Visible),Vehicle/Pedestrian,Pedestrian,Crossing in Crosswalk at Intersection,Wet,No Unusual Condition,Dark - Street Lights,Intersection <= 20ft,0.0,1,1.0,Driver,North,Making Right Turn,Pedestrian,West,Proceeding Straight,POINT (-122.39987 37.79873),77.0,6.0,3.0,8.0,17
13664,vw_geo_sfpd_cr_switrs_all_types_col_cty_union.fid-c18a0c2_186644fdb18_-cd5,25350,24892000.0,,160206942,37.7857439898553,-122.405831011251,SFPD-CROSSROADS,CITY STREET,03/11/2016 10:55:00 AM,2016 March 11,10:55:00,2016,March,Friday,MARKET ST,04TH ST,0.0,Raining,Injury (Other Visible),Vehicle/Pedestrian,Pedestrian,Crossing in Crosswalk at Intersection,Wet,No Unusual Condition,Daylight,Intersection <= 20ft,0.0,2,1.0,Driver,West,Proceeding Straight,Pedestrian,South,Proceeding Straight,POINT (-122.40583 37.785744),32.0,5.0,10.0,8.0,10
13668,vw_geo_sfpd_cr_switrs_all_types_col_cty_union.fid-c18a0c2_186644fdb18_-18c4,49240,27424000.0,,190265645,37.7651601779,-122.483685437,SFPD-INTERIM DB,CITY STREET,04/14/2019 03:46:00 PM,2019 April 14,15:46:00,2019,April,Sunday,LINCOLN WAY,25TH AVE,0.0,Clear,Injury (Other Visible),Vehicle/Pedestrian,Pedestrian,Crossing in Crosswalk at Intersection,Dry,No Unusual Condition,Daylight,Intersection <= 20ft,0.0,1,1.0,Driver,West,Making Left Turn,Pedestrian,South,Proceeding Straight,POINT (-122.48369 37.76516),9.0,10.0,7.0,35.0,15
13682,vw_geo_sfpd_cr_switrs_all_types_col_cty_union.fid-c18a0c2_186644fdb18_-68d,28463,24781000.0,,170223685,37.7951444647793,-122.406475551569,SFPD-CROSSROADS,CITY STREET,03/18/2017 02:29:00 PM,2017 March 18,14:29:00,2017,March,Saturday,WASHINGTON ST,GRANT AVE,0.0,Clear,Injury (Other Visible),Broadside,Pedestrian,Crossing in Crosswalk at Intersection,Dry,No Unusual Condition,Daylight,Intersection <= 20ft,0.0,1,,Driver,West,Proceeding Straight,Pedestrian,South,Not Stated,POINT (-122.40648 37.795143),104.0,6.0,3.0,6.0,14
13696,vw_geo_sfpd_cr_switrs_all_types_col_cty_union.fid-c18a0c2_186644fdb18_-1d6d,46458,22528000.0,,190032870,37.7105934392,-122.46928846,SFPD-INTERIM DB,CITY STREET,01/14/2019 05:35:00 AM,2019 January 14,05:35:00,2019,January,Monday,SAINT CHARLES AVE,ALEMANY BLVD,0.0,Clear,Injury (Severe),Vehicle/Pedestrian,Pedestrian,Crossing in Crosswalk at Intersection,Dry,No Unusual Condition,Dark - Street Lights,Intersection <= 20ft,0.0,1,1.0,Driver,West,Proceeding Straight,Pedestrian,South,Proceeding Straight,POINT (-122.46929 37.710594),65.0,10.0,8.0,24.0,05
13706,vw_geo_sfpd_cr_switrs_all_types_col_cty_union.fid-c18a0c2_186644fdb18_-d46,48726,22102000.0,9813101.0,190802338,37.722923456,-122.4445695,SFPD-INTERIM DB,CITY STREET,10/24/2019 07:55:00 AM,2019 October 24,07:55:00,2019,October,Thursday,OCEAN AVE,SAN JOSE AVE,54.0,Clear,Injury (Other Visible),Vehicle/Pedestrian,Pedestrian,Crossing Not in Crosswalk,Dry,No Unusual Condition,Daylight,Midblock > 20ft,0.0,1,1.0,Pedestrian,South,Crossed Into Opposing Lane,Driver,East,Proceeding Straight,POINT (-122.44457 37.722923),80.0,9.0,1.0,28.0,07
13721,vw_geo_sfpd_cr_switrs_all_types_col_cty_union.fid-c18a0c2_186644fdb18_-bb5,25853,24645000.0,7747000.0,161009856,37.7879905365606,-122.403496984589,SFPD-CROSSROADS,CITY STREET,12/13/2016 02:30:00 AM,2016 December 13,02:30:00,2016,December,Tuesday,KEARNY ST,GEARY ST,10.0,Clear,Injury (Other Visible),Vehicle/Pedestrian,Pedestrian,Crossing in Crosswalk at Intersection,Dry,No Unusual Condition,Dark - Street Lights,Intersection <= 20ft,0.0,1,1.0,Pedestrian,West,Not Stated,Driver,North,Proceeding Straight,POINT (-122.403496 37.78799),19.0,6.0,3.0,8.0,02
13723,vw_geo_sfpd_cr_switrs_all_types_col_cty_union.fid-c18a0c2_186644fdb18_-1e29,28161,24692000.0,,180968241,37.794134235,-122.400148779,SFPD-INTERIM DB,CITY STREET,12/24/2018 10:41:00 PM,2018 December 24,22:41:00,2018,December,Monday,SACRAMENTO ST,BATTERY ST,0.0,Clear,Injury (Complaint of Pain),Vehicle/Pedestrian,Pedestrian,Crossing in Crosswalk at Intersection,Dry,No Unusual Condition,Dark - Street Lights,Intersection <= 20ft,0.0,1,1.0,Driver,West,Making Left Turn,Pedestrian,West,Proceeding Straight,POINT (-122.40015 37.794136),108.0,6.0,3.0,6.0,22
13725,vw_geo_sfpd_cr_switrs_all_types_col_cty_union.fid-c18a0c2_186644fdb18_-f9e,36209,22461000.000000004,,130209051,37.7095398928812,-122.457670305151,SFPD-CROSSROADS,CITY STREET,03/13/2013 06:36:00 AM,2013 March 13,06:36:00,2013,March,Wednesday,SAN JOSE AVE,LIEBIG ST,0.0,Clear,Fatal,Vehicle/Pedestrian,Pedestrian,Crossing in Crosswalk at Intersection,Dry,No Unusual Condition,Dark - Street Lights,Intersection <= 20ft,1.0,0,1.0,Pedestrian,West,Not Stated,Driver,North,Proceeding Straight,POINT (-122.45767 37.70954),66.0,10.0,1.0,28.0,06
13727,vw_geo_sfpd_cr_switrs_all_types_col_cty_union.fid-c18a0c2_186644fdb18_-1725,41751,27951000.0,7684000.0,180069219,37.7603386852,-122.507867029,SFPD-INTERIM DB,CITY STREET,01/26/2018 02:22:00 PM,2018 January 26,14:22:00,2018,January,Friday,JUDAH ST,48TH AVE,58.0,Clear,Injury (Other Visible),Vehicle/Pedestrian,Pedestrian,"In Road, Including Shoulder",Dry,No Unusual Condition,Daylight,Midblock > 20ft,0.0,1,1.0,Driver,West,Passing Other Vehicle,Pedestrian,North,Other,POINT (-122.507866 37.760338),39.0,10.0,7.0,35.0,14
13729,vw_geo_sfpd_cr_switrs_all_types_col_cty_union.fid-c18a0c2_186644fdb18_-cf5,5055,21965000.0,8402000.0,180047447,37.7324146785,-122.436238374,SFPD-INTERIM DB,CITY STREET,01/18/2018 04:53:00 PM,2018 January 18,16:53:00,2018,January,Thursday,LIPPARD AVE,JOOST AVE,12.0,Raining,Injury (Complaint of Pain),Vehicle/Pedestrian,Pedestrian,Crossing in Crosswalk at Intersection,Wet,No Unusual Condition,Daylight,Intersection <= 20ft,0.0,1,1.0,Driver,North,Proceeding Straight,Pedestrian,West,Proceeding Straight,POINT (-122.43624 37.732414),95.0,9.0,5.0,41.0,16
13735,vw_geo_sfpd_cr_switrs_all_types_col_cty_union.fid-c18a0c2_186644fdb18_-1dec,7553,21345000.0,,180985223,37.7481252835,-122.42027883,SFPD-INTERIM DB,CITY STREET,12/31/2018 08:04:00 PM,2018 December 31,20:04:00,2018,December,Monday,VALENCIA ST,CESAR CHAVEZ ST,0.0,Clear,Injury (Complaint of Pain),Vehicle/Pedestrian,Pedestrian,Crossing in Crosswalk at Intersection,Dry,No Unusual Condition,Dusk - Dawn,Intersection <= 20ft,0.0,1,1.0,Driver,South,Making Left Turn,Pedestrian,North,Other,POINT (-122.42028 37.748127),53.0,3.0,5.0,20.0,20
13742,vw_geo_sfpd_cr_switrs_all_types_col_cty_union.fid-c18a0c2_186644fdb18_-1937,40237,27682000.000000004,,131043088,37.7555406685195,-122.489458741074,SFPD-CROSSROADS,CITY STREET,12/11/2013 05:25:00 PM,2013 December 11,17:25:00,2013,December,Wednesday,31ST AVE,MORAGA ST,0.0,Clear,Injury (Severe),Vehicle/Pedestrian,Pedestrian,Crossing in Crosswalk at Intersection,Dry,No Unusual Condition,Dark - Street Lights,Intersection <= 20ft,0.0,1,1.0,Driver,South,Making Left Turn,Pedestrian,West,Proceeding Straight,POINT (-122.489456 37.75554),39.0,10.0,7.0,35.0,17
13747,vw_geo_sfpd_cr_switrs_all_types_col_cty_union.fid-c18a0c2_186644fdb18_-19bb,47757,21829000.0,9144000.0,190223552,37.7371025114,-122.424110306,SFPD-INTERIM DB,CITY STREET,03/29/2019 10:21:00 PM,2019 March 29,22:21:00,2019,March,Friday,MISSION ST,PARK ST,138.0,Clear,Injury (Severe),Vehicle/Pedestrian,Pedestrian,Crossing Not in Crosswalk,Dry,No Unusual Condition,Dark - Street Lights,Midblock > 20ft,0.0,1,1.0,Pedestrian,East,Other,Driver,South,Proceeding Straight,POINT (-122.42411 37.737103),61.0,9.0,5.0,2.0,22
13750,vw_geo_sfpd_cr_switrs_all_types_col_cty_union.fid-c18a0c2_186644fdb18_-de7,24840,24893000.0,4570000.0,130659121,37.7845386248717,-122.408509126757,SFPD-CROSSROADS,CITY STREET,08/09/2013 11:57:00 AM,2013 August 09,11:57:00,2013,August,Friday,CYRIL MAGNIN ST,EDDY ST,32.0,Clear,Injury (Complaint of Pain),Vehicle/Pedestrian,Pedestrian,"In Road, Including Shoulder",Dry,No Unusual Condition,Daylight,Midblock > 20ft,0.0,1,1.0,Pedestrian,North,Entering Traffic,Driver,North,Proceeding Straight,POINT (-122.40851 37.78454),19.0,5.0,3.0,36.0,11
13759,vw_geo_sfpd_cr_switrs_all_types_col_cty_union.fid-c18a0c2_186644fdb18_-ddd,24874,24897000.0,5058000.0,170812573,37.7843522094339,-122.409285991541,SFPD-CROSSROADS,CITY STREET,10/05/2017 11:35:00 AM,2017 October 05,11:35:00,2017,October,Thursday,EDDY ST,MASON ST,7.0,Clear,Injury (Complaint of Pain),Vehicle/Pedestrian,Pedestrian,Crossing in Crosswalk at Intersection,Dry,No Unusual Condition,Daylight,Intersection <= 20ft,0.0,1,1.0,Driver,South,Making Left Turn,Pedestrian,North,Not Stated,POINT (-122.40929 37.78435),19.0,5.0,10.0,36.0,11
13765,vw_geo_sfpd_cr_switrs_all_types_col_cty_union.fid-c18a0c2_186644fdb18_-c6a,49808,24414000.0,,190828760,37.7752720604,-122.415908178,SFPD-INTERIM DB,CITY STREET,11/02/2019 09:27:00 AM,2019 November 02,09:27:00,2019,November,Saturday,MISSION ST,10TH ST,0.0,Clear,Injury (Complaint of Pain),Vehicle/Pedestrian,Pedestrian,Crossing in Crosswalk at Intersection,Dry,No Unusual Condition,Daylight,Intersection <= 20ft,0.0,1,1.0,Driver,East,Making Left Turn,Pedestrian,North,Proceeding Straight,POINT (-122.41591 37.775272),32.0,1.0,10.0,34.0,09
13771,vw_geo_sfpd_cr_switrs_all_types_col_cty_union.fid-c18a0c2_186644fdb18_-ff3,48382,20136000.0,,190701536,37.7297375531,-122.383431184,SFPD-INTERIM DB,CITY STREET,09/19/2019 02:30:00 PM,2019 September 19,14:30:00,2019,September,Thursday,INGALLS ST,PALOU AVE,0.0,Clear,Injury (Complaint of Pain),Head-On,Pedestrian,Crossing in Crosswalk at Intersection,Dry,No Unusual Condition,Daylight,Intersection <= 20ft,0.0,1,1.0,Driver,South,Proceeding Straight,Pedestrian,West,Not Stated,POINT (-122.38343 37.729736),78.0,2.0,9.0,1.0,14
13777,vw_geo_sfpd_cr_switrs_all_types_col_cty_union.fid-c18a0c2_186644fdb18_-e70,52027,25301000.0,,190764045,37.791495855,-122.420873184,SFPD-INTERIM DB,CITY STREET,10/10/2019 03:55:00 PM,2019 October 10,15:55:00,2019,October,Thursday,POLK ST,SACRAMENTO ST,0.0,Clear,Injury (Complaint of Pain),Broadside,Pedestrian,Crossing Not in Crosswalk,Dry,No Unusual Condition,Daylight,Intersection <= 20ft,0.0,1,,Pedestrian,East,Not Stated,Driver,South,Making Left Turn,POINT (-122.420876 37.791496),105.0,4.0,3.0,21.0,15
13786,vw_geo_sfpd_cr_switrs_all_types_col_cty_union.fid-c18a0c2_186644fdb18_-1400,36030,26786000.0,2851000.0,170139468,37.804356026964,-122.437070172851,SFPD-CROSSROADS,CITY STREET,02/18/2017 06:48:00 AM,2017 February 18,06:48:00,2017,February,Saturday,BEACH ST,FILLMORE ST,7.0,Clear,Injury (Other Visible),Vehicle/Pedestrian,Pedestrian,Crossing in Crosswalk at Intersection,Dry,No Unusual Condition,Dusk - Dawn,Intersection <= 20ft,0.0,1,1.0,Driver,South,Making Left Turn,Pedestrian,South,Other,POINT (-122.43707 37.804356),17.0,4.0,6.0,13.0,06
13791,vw_geo_sfpd_cr_switrs_all_types_col_cty_union.fid-c18a0c2_186644fdb18_-dbd,24937,24926000.0,5173000.0,130162249,37.7850717010337,-122.411162624427,SFPD-CROSSROADS,CITY STREET,02/25/2013 07:48:00 AM,2013 February 25,07:48:00,2013,February,Monday,ELLIS ST,TAYLOR ST,7.0,Clear,Injury (Severe),Head-On,Pedestrian,Crossing in Crosswalk at Intersection,Dry,No Unusual Condition,Daylight,Intersection <= 20ft,0.0,1,1.0,Driver,West,Other Unsafe Turning,Pedestrian,North,Not Stated,POINT (-122.41116 37.785072),20.0,5.0,10.0,36.0,07
13795,vw_geo_sfpd_cr_switrs_all_types_col_cty_union.fid-c18a0c2_186644fdb18_-8db,50451,24662000.0,,190969552,37.7896315977,-122.405398674,SFPD-INTERIM DB,CITY STREET,12/26/2019 04:02:00 PM,2019 December 26,16:02:00,2019,December,Thursday,SUTTER ST,GRANT AVE,0.0,Clear,Injury (Other Visible),Vehicle/Pedestrian,Pedestrian,Crossing in Crosswalk at Intersection,Dry,No Unusual Condition,Daylight,Intersection <= 20ft,0.0,1,1.0,Pedestrian,South,Proceeding Straight,Driver,West,Proceeding Straight,POINT (-122.405396 37.78963),19.0,6.0,3.0,8.0,16
13796,vw_geo_sfpd_cr_switrs_all_types_col_cty_union.fid-c18a0c2_186644fdb18_-872,36873,22551000.0,,180171955,37.7161260717,-122.471572045,SFPD-INTERIM DB,CITY STREET,03/05/2018 04:58:00 PM,2018 March 05,16:58:00,2018,March,Monday,19TH AVE,SARGENT ST,0.0,Clear,Injury (Complaint of Pain),Vehicle/Pedestrian,Pedestrian,Crossing Not in Crosswalk,Dry,No Unusual Condition,Daylight,Intersection <= 20ft,0.0,1,1.0,Driver,South,Traveling Wrong Way,Pedestrian,East,Other,POINT (-122.47157 37.716125),65.0,10.0,1.0,24.0,16
13811,vw_geo_sfpd_cr_switrs_all_types_col_cty_union.fid-c18a0c2_186644fdb18_-a7d,49312,25165000.0,,190919165,37.7893198495,-122.415371923,SFPD-INTERIM DB,CITY STREET,12/06/2019 12:05:00 PM,2019 December 06,12:05:00,2019,December,Friday,BUSH ST,LEAVENWORTH ST,0.0,Clear,Injury (Complaint of Pain),Vehicle/Pedestrian,Pedestrian,Crossing in Crosswalk at Intersection,Dry,No Unusual Condition,Daylight,Intersection <= 20ft,0.0,1,1.0,Driver,North,Making Left Turn,Pedestrian,West,Proceeding Straight,POINT (-122.415375 37.789318),50.0,6.0,3.0,21.0,12
13813,vw_geo_sfpd_cr_switrs_all_types_col_cty_union.fid-c18a0c2_186644fdb18_-1b71,47702,24532000.0,,190144566,37.7885359306,-122.396034766,SFPD-INTERIM DB,CITY STREET,02/26/2019 10:27:00 PM,2019 February 26,22:27:00,2019,February,Tuesday,01ST ST,HOWARD ST,0.0,Raining,Injury (Severe),Vehicle/Pedestrian,Pedestrian,Crossing in Crosswalk at Intersection,Wet,No Unusual Condition,Dark - Street Lights,Intersection <= 20ft,0.0,1,1.0,Driver,South,Making Left Turn,Pedestrian,East,Proceeding Straight,POINT (-122.396034 37.788536),32.0,1.0,10.0,8.0,22
13819,vw_geo_sfpd_cr_switrs_all_types_col_cty_union.fid-c18a0c2_186644fdb18_-1e69,4586,22235000.0,6154000.0,180950527,37.7283685187,-122.451112853,SFPD-INTERIM DB,CITY STREET,12/18/2018 08:05:00 AM,2018 December 18,08:05:00,2018,December,Tuesday,GENNESSEE ST,JUDSON AVE,4.0,Clear,Injury (Complaint of Pain),Vehicle/Pedestrian,Pedestrian,Crossing in Crosswalk at Intersection,Dry,No Unusual Condition,Daylight,Intersection <= 20ft,0.0,1,1.0,Driver,South,Making Left Turn,Pedestrian,West,Proceeding Straight,POINT (-122.45111 37.728367),95.0,9.0,8.0,41.0,08
13835,vw_geo_sfpd_cr_switrs_all_types_col_cty_union.fid-c18a0c2_186644fdb18_-185b,51493,24765000.0,,190288681,37.7964174857,-122.403496709,SFPD-INTERIM DB,CITY STREET,04/23/2019 10:40:00 AM,2019 April 23,10:40:00,2019,April,Tuesday,MONTGOMERY ST,JACKSON ST,0.0,Clear,Injury (Other Visible),Vehicle/Pedestrian,Pedestrian,Crossing in Crosswalk at Intersection,Dry,No Unusual Condition,Daylight,Intersection <= 20ft,0.0,1,1.0,Driver,North,Making Left Turn,Pedestrian,West,Proceeding Straight,POINT (-122.403496 37.796417),106.0,6.0,3.0,6.0,10
13844,vw_geo_sfpd_cr_switrs_all_types_col_cty_union.fid-c18a0c2_186644fdb18_-be6,48747,24119000.0,,190855917,37.7569020081,-122.42111754,SFPD-INTERIM DB,CITY STREET,11/12/2019 09:55:00 AM,2019 November 12,09:55:00,2019,November,Tuesday,21ST ST,VALENCIA ST,0.0,Clear,Injury (Other Visible),Vehicle/Pedestrian,Pedestrian,Crossing in Crosswalk at Intersection,Dry,No Unusual Condition,Daylight,Intersection <= 20ft,0.0,1,1.0,Driver,North,Making Right Turn,Pedestrian,West,Proceeding Straight,POINT (-122.42112 37.7569),52.0,3.0,5.0,20.0,09
13846,vw_geo_sfpd_cr_switrs_all_types_col_cty_union.fid-c18a0c2_186644fdb18_-b31,49368,24645000.0,,190885306,37.7879630915,-122.403491775,SFPD-INTERIM DB,CITY STREET,11/22/2019 05:14:00 PM,2019 November 22,17:14:00,2019,November,Friday,GEARY ST,KEARNY ST,0.0,Clear,Injury (Complaint of Pain),Vehicle/Pedestrian,Pedestrian,Crossing in Crosswalk at Intersection,Dry,No Unusual Condition,Dark - Street Lights,Intersection <= 20ft,0.0,1,1.0,Bicyclist,West,Proceeding Straight,Pedestrian,North,Proceeding Straight,POINT (-122.40349 37.787964),19.0,6.0,3.0,8.0,17
13868,vw_geo_sfpd_cr_switrs_all_types_col_cty_union.fid-c18a0c2_186644fdb18_-1796,41532,27931000.0,,160858968,37.7548311804937,-122.505534444324,SFPD-CROSSROADS,CITY STREET,10/21/2016 05:32:00 PM,2016 October 21,17:32:00,2016,October,Friday,MORAGA ST,46TH AVE,0.0,Clear,Injury (Complaint of Pain),Vehicle/Pedestrian,Pedestrian,Crossing Not in Crosswalk,Dry,No Unusual Condition,Daylight,Intersection <= 20ft,0.0,1,1.0,Driver,West,Proceeding Straight,Pedestrian,North,Proceeding Straight,POINT (-122.50553 37.75483),39.0,10.0,7.0,35.0,17
13869,vw_geo_sfpd_cr_switrs_all_types_col_cty_union.fid-c18a0c2_186644fdb18_-da7,4191,21764000.0,9155000.0,130527966,37.7284851486122,-122.43155192591,SFPD-CROSSROADS,CITY STREET,06/27/2013 03:50:00 PM,2013 June 27,15:50:00,2013,June,Thursday,MISSION ST,SILVER AVE,116.0,Clear,Injury (Other Visible),Vehicle/Pedestrian,Pedestrian,"In Road, Including Shoulder",Dry,No Unusual Condition,Daylight,Midblock > 20ft,0.0,1,,Pedestrian,East,Entering Traffic,Driver,South,Entering Traffic,POINT (-122.43155 37.728485),90.0,9.0,1.0,7.0,15