,id,unique_id,cnn_intrsctn_fkey,cnn_sgmt_fkey,case_id_pkey,tb_latitude,tb_longitude,geocode_source,geocode_location,collision_datetime,collision_date,collision_time,accident_year,month,day_of_week,primary_rd,secondary_rd,distance,weather_1,collision_severity,type_of_collision,mviw,ped_action,road_surface,road_cond_1,lighting,intersection,number_killed,number_injured,party_at_fault,party1_type,party1_dir_of_travel,party1_move_pre_acc,party2_type,party2_dir_of_travel,party2_move_pre_acc,point,Neighborhoods,Current Police Districts,Current Supervisor Districts,Analysis Neighborhoods,hour
13872,vw_geo_sfpd_cr_switrs_all_types_col_cty_union.fid-c18a0c2_186644fdb18_-142f,21741,25942000.0,6267000.0,130009691,37.780620159284,-122.423663955083,SFPD-CROSSROADS,CITY STREET,01/04/2013 10:15:00 AM,2013 January 04,10:15:00,2013,January,Friday,GOLDEN GATE AVE,GOUGH ST,20.0,Clear,Injury (Other Visible),Vehicle/Pedestrian,Pedestrian,Crossing Not in Crosswalk,Dry,No Unusual Condition,Daylight,Intersection <= 20ft,0.0,1,1.0,Pedestrian,South,Stopped In Road,Driver,East,Making Left Turn,POINT (-122.42366 37.78062),21.0,4.0,11.0,39.0,10
13874,vw_geo_sfpd_cr_switrs_all_types_col_cty_union.fid-c18a0c2_186644fdb18_-1ab8,38971,23156000.0,12794000.0,140834397,37.7412814055304,-122.473459438298,SFPD-CROSSROADS,CITY STREET,10/03/2014 05:20:00 PM,2014 October 03,17:20:00,2014,October,Friday,ULLOA ST,17TH AVE,11.0,Clear,Injury (Complaint of Pain),Vehicle/Pedestrian,Pedestrian,Crossing in Crosswalk at Intersection,Dry,No Unusual Condition,Daylight,Intersection <= 20ft,0.0,1,1.0,Driver,West,Making Right Turn,Pedestrian,South,Proceeding Straight,POINT (-122.47346 37.74128),46.0,10.0,8.0,41.0,17
13877,vw_geo_sfpd_cr_switrs_all_types_col_cty_union.fid-c18a0c2_186644fdb18_-e44,24647,30739000.0,8748201.0,140520706,37.7837623328388,-122.408426842624,SFPD-CROSSROADS,CITY STREET,06/23/2014 03:30:00 PM,2014 June 23,15:30:00,2014,June,Monday,MARKET ST,05TH ST,133.0,Clear,Injury (Other Visible),Vehicle/Pedestrian,Pedestrian,"In Road, Including Shoulder",Dry,No Unusual Condition,Daylight,Midblock > 20ft,0.0,1,1.0,Pedestrian,North,Entering Traffic,Driver,East,Proceeding Straight,POINT (-122.408424 37.783764),19.0,5.0,10.0,34.0,15
13888,vw_geo_sfpd_cr_switrs_all_types_col_cty_union.fid-c18a0c2_186644fdb18_-14b3,47183,21940000.0,,190470662,37.7335503433,-122.434144536,SFPD-INTERIM DB,CITY STREET,06/29/2019 07:20:00 PM,2019 June 29,19:20:00,2019,June,Saturday,BOSWORTH ST,DIAMOND ST,0.0,Clear,Injury (Complaint of Pain),Vehicle/Pedestrian,Pedestrian,Crossing Not in Crosswalk,Dry,No Unusual Condition,Daylight,Intersection <= 20ft,0.0,1,1.0,Pedestrian,South,Proceeding Straight,Driver,West,Proceeding Straight,POINT (-122.43414 37.73355),96.0,9.0,5.0,41.0,19
13893,vw_geo_sfpd_cr_switrs_all_types_col_cty_union.fid-c18a0c2_186644fdb18_-1651,47426,26587000.0,,190398155,37.7845682411,-122.431204946,SFPD-INTERIM DB,CITY STREET,06/03/2019 01:35:00 PM,2019 June 03,13:35:00,2019,June,Monday,WEBSTER ST,GEARY BLVD,0.0,Clear,Injury (Complaint of Pain),Head-On,Pedestrian,Crossing Not in Crosswalk,Dry,No Unusual Condition,Daylight,Intersection <= 20ft,0.0,1,1.0,Pedestrian,North,Proceeding Straight,Driver,East,Proceeding Straight,POINT (-122.431206 37.78457),101.0,4.0,11.0,15.0,13
13894,vw_geo_sfpd_cr_switrs_all_types_col_cty_union.fid-c18a0c2_186644fdb18_-1c9e,46567,24925000.0,5059000.0,190082790,37.7841453415,-122.410917473,SFPD-INTERIM DB,CITY STREET,02/02/2019 03:32:00 PM,2019 February 02,15:32:00,2019,February,Saturday,EDDY ST,TAYLOR ST,10.0,Cloudy,Injury (Complaint of Pain),Vehicle/Pedestrian,Pedestrian,Crossing in Crosswalk at Intersection,Wet,No Unusual Condition,Daylight,Intersection <= 20ft,0.0,1,1.0,Driver,North,Making Left Turn,Pedestrian,West,Proceeding Straight,POINT (-122.41092 37.784145),20.0,5.0,10.0,36.0,15
13897,vw_geo_sfpd_cr_switrs_all_types_col_cty_union.fid-c18a0c2_186644fdb18_-1146,48304,25701000.0,,190650212,37.7664057675,-122.424258113,SFPD-INTERIM DB,CITY STREET,09/01/2019 02:50:00 PM,2019 September 01,14:50:00,2019,September,Sunday,15TH ST,GUERRERO ST,0.0,Clear,Injury (Other Visible),Vehicle/Pedestrian,Pedestrian,Crossing in Crosswalk at Intersection,Dry,No Unusual Condition,Daylight,Intersection <= 20ft,0.0,1,1.0,Driver,South,Stopped,Pedestrian,East,Proceeding Straight,POINT (-122.424255 37.766407),37.0,3.0,5.0,20.0,14
13900,vw_geo_sfpd_cr_switrs_all_types_col_cty_union.fid-c18a0c2_186644fdb18_-1097,47966,24334000.0,6260000.0,190675862,37.7818659559,-122.413845085,SFPD-INTERIM DB,CITY STREET,09/10/2019 04:44:00 PM,2019 September 10,16:44:00,2019,September,Tuesday,GOLDEN GATE AVE,LEAVENWORTH ST,6.0,Clear,Injury (Severe),Vehicle/Pedestrian,Pedestrian,Crossing in Crosswalk at Intersection,Dry,No Unusual Condition,Daylight,Intersection <= 20ft,0.0,1,1.0,Driver,East,Making Right Turn,Pedestrian,South,Not Stated,POINT (-122.41385 37.781864),20.0,5.0,10.0,36.0,16
13901,vw_geo_sfpd_cr_switrs_all_types_col_cty_union.fid-c18a0c2_186644fdb18_-f7e,48171,26778000.0,,190722742,37.8038230515,-122.435169164,SFPD-INTERIM DB,CITY STREET,09/26/2019 07:00:00 PM,2019 September 26,19:00:00,2019,September,Thursday,NORTH POINT ST,WEBSTER ST,0.0,Clear,Injury (Other Visible),Vehicle/Pedestrian,Pedestrian,Crossing in Crosswalk at Intersection,Dry,No Unusual Condition,Daylight,Intersection <= 20ft,0.0,1,1.0,Driver,West,Stopped,Pedestrian,North,Proceeding Straight,POINT (-122.435165 37.80382),17.0,4.0,6.0,13.0,19
13913,vw_geo_sfpd_cr_switrs_all_types_col_cty_union.fid-c18a0c2_186644fdb18_-957,26934,30729000.000000004,8740201.0,160470454,37.7923139135388,-122.397583125509,SFPD-CROSSROADS,CITY STREET,06/09/2016 05:05:00 PM,2016 June 09,17:05:00,2016,June,Thursday,MARKET ST,DAVIS ST,64.0,Clear,Injury (Complaint of Pain),Vehicle/Pedestrian,Pedestrian,Crossing Not in Crosswalk,Dry,No Unusual Condition,Daylight,Midblock > 20ft,0.0,1,1.0,Pedestrian,North,Other,Driver,West,Proceeding Straight,POINT (-122.39758 37.792313),108.0,6.0,10.0,8.0,17
13915,vw_geo_sfpd_cr_switrs_all_types_col_cty_union.fid-c18a0c2_186644fdb18_-119f,47321,25914000.0,,190304914,37.7757539619,-122.424324649,SFPD-INTERIM DB,CITY STREET,04/29/2019 03:48:00 PM,2019 April 29,15:48:00,2019,April,Monday,FELL ST,OCTAVIA ST,0.0,Clear,Injury (Complaint of Pain),Vehicle/Pedestrian,Pedestrian,Crossing in Crosswalk at Intersection,Dry,No Unusual Condition,Daylight,Intersection <= 20ft,0.0,1,1.0,Driver,West,Making Left Turn,Pedestrian,East,Proceeding Straight,POINT (-122.424324 37.775753),22.0,4.0,11.0,9.0,15
13922,vw_geo_sfpd_cr_switrs_all_types_col_cty_union.fid-c18a0c2_186644fdb18_-c3e,49933,30738000.0,,190839739,37.787641848,-122.403430801,SFPD-INTERIM DB,CITY STREET,11/06/2019 10:41:00 AM,2019 November 06,10:41:00,2019,November,Wednesday,MARKET ST,03RD ST,0.0,Clear,Injury (Severe),Sideswipe,Pedestrian,Crossing Not in Crosswalk,Dry,No Unusual Condition,Daylight,Intersection <= 20ft,0.0,1,1.0,Driver,East,Proceeding Straight,Pedestrian,North,Proceeding Straight,POINT (-122.40343 37.787643),32.0,6.0,3.0,8.0,10
13942,vw_geo_sfpd_cr_switrs_all_types_col_cty_union.fid-c18a0c2_186644fdb18_-19a6,46944,25166000.0,,190226415,37.7863102182,-122.416449123,SFPD-INTERIM DB,CITY STREET,03/31/2019 02:42:00 AM,2019 March 31,02:42:00,2019,March,Sunday,GEARY ST,HYDE ST,0.0,Clear,Injury (Severe),Vehicle/Pedestrian,Pedestrian,Crossing in Crosswalk at Intersection,Dry,No Unusual Condition,Dark - Street Lights,Intersection <= 20ft,0.0,1,1.0,Driver,South,Making Left Turn,Pedestrian,East,Not Stated,POINT (-122.41645 37.786312),20.0,6.0,10.0,36.0,02
13945,vw_geo_sfpd_cr_switrs_all_types_col_cty_union.fid-c18a0c2_186644fdb18_-1b11,39738,23440000.0,12416000.0,160843566,37.7420650629398,-122.497981919946,SFPD-CROSSROADS,CITY STREET,10/16/2016 02:54:00 PM,2016 October 16,14:54:00,2016,October,Sunday,TARAVAL ST,40TH AVE,60.0,Raining,Injury (Complaint of Pain),Vehicle/Pedestrian,Pedestrian,"In Road, Including Shoulder",Wet,No Unusual Condition,Daylight,Midblock > 20ft,0.0,1,,Driver,West,Proceeding Straight,Pedestrian,North,Other,POINT (-122.49798 37.742065),39.0,10.0,7.0,35.0,14
13948,vw_geo_sfpd_cr_switrs_all_types_col_cty_union.fid-c18a0c2_186644fdb18_-1ccf,47663,27974000.0,,190070187,37.7734070108,-122.506821259,SFPD-INTERIM DB,CITY STREET,01/28/2019 05:59:00 PM,2019 January 28,17:59:00,2019,January,Monday,CABRILLO ST,46TH AVE,0.0,Clear,Fatal,Vehicle/Pedestrian,Pedestrian,Crossing in Crosswalk at Intersection,Dry,No Unusual Condition,Dark - Street Lights,Intersection <= 20ft,1.0,0,1.0,Driver,West,Proceeding Straight,Pedestrian,North,Not Stated,POINT (-122.50682 37.773407),8.0,8.0,4.0,29.0,17
13952,vw_geo_sfpd_cr_switrs_all_types_col_cty_union.fid-c18a0c2_186644fdb18_-1521,51198,25814000.0,,190454848,37.7626707078,-122.435187963,SFPD-INTERIM DB,CITY STREET,06/23/2019 09:55:00 PM,2019 June 23,21:55:00,2019,June,Sunday,CASTRO ST,MARKET ST,0.0,Clear,Injury (Other Visible),Vehicle/Pedestrian,Pedestrian,Crossing in Crosswalk at Intersection,Dry,No Unusual Condition,Dark - Street Lights,Intersection <= 20ft,0.0,1,1.0,Driver,South,Proceeding Straight,Pedestrian,West,Not Stated,POINT (-122.43519 37.762672),113.0,3.0,5.0,5.0,21
13967,vw_geo_sfpd_cr_switrs_all_types_col_cty_union.fid-c18a0c2_186644fdb18_-12f8,22416,26067000.0,,170488055,37.7777941898441,-122.438365501611,SFPD-CROSSROADS,CITY STREET,06/15/2017 01:54:00 PM,2017 June 15,13:54:00,2017,June,Thursday,MCALLISTER ST,DIVISADERO ST,0.0,Clear,Injury (Severe),Vehicle/Pedestrian,Pedestrian,"In Road, Including Shoulder",Dry,No Unusual Condition,Daylight,Intersection <= 20ft,0.0,1,1.0,Pedestrian,East,Not Stated,Driver,North,Proceeding Straight,POINT (-122.43836 37.777794),23.0,4.0,11.0,39.0,13
13970,vw_geo_sfpd_cr_switrs_all_types_col_cty_union.fid-c18a0c2_186644fdb18_-18e0,46306,26717000.0,12867000.0,190261483,37.7978601727,-122.429426967,SFPD-INTERIM DB,CITY STREET,04/12/2019 10:05:00 PM,2019 April 12,22:05:00,2019,April,Friday,UNION ST,OCTAVIA ST,150.0,Clear,Injury (Complaint of Pain),Vehicle/Pedestrian,Pedestrian,Crossing Not in Crosswalk,Dry,No Unusual Condition,Dark - Street Lights,Midblock > 20ft,0.0,1,1.0,Pedestrian,South,Other,Driver,West,Proceeding Straight,POINT (-122.42943 37.79786),15.0,4.0,6.0,13.0,22
13973,vw_geo_sfpd_cr_switrs_all_types_col_cty_union.fid-c18a0c2_186644fdb18_-cbf,25409,50027000.0,12168000.0,170390228,37.7865762506812,-122.403589386372,SFPD-CROSSROADS,CITY STREET,05/12/2017 02:00:00 PM,2017 May 12,14:00:00,2017,May,Friday,STEVENSON ST,03RD ST,230.0,Clear,Injury (Severe),Vehicle/Pedestrian,Pedestrian,Not in Road,Dry,"Holes, Deep Ruts",Daylight,Midblock > 20ft,0.0,1,1.0,Driver,North,Proceeding Straight,Pedestrian,East,Other,POINT (-122.40359 37.786575),32.0,5.0,10.0,8.0,14
13975,vw_geo_sfpd_cr_switrs_all_types_col_cty_union.fid-c18a0c2_186644fdb18_-1b47,46321,26855000.000000004,,190151975,37.7916308421,-122.441154593,SFPD-INTERIM DB,CITY STREET,03/01/2019 07:00:00 PM,2019 March 01,19:00:00,2019,March,Friday,DIVISADERO ST,JACKSON ST,0.0,Clear,Injury (Severe),Vehicle/Pedestrian,Pedestrian,Crossing in Crosswalk at Intersection,Dry,No Unusual Condition,Dark - Street Lights,Intersection <= 20ft,0.0,1,1.0,Driver,South,Proceeding Straight,Pedestrian,West,Proceeding Straight,POINT (-122.441154 37.79163),102.0,4.0,6.0,30.0,19
13976,vw_geo_sfpd_cr_switrs_all_types_col_cty_union.fid-c18a0c2_186644fdb18_-9bc,26758,24564000.0,102000.0,150809346,37.790189264357,-122.398110063327,SFPD-CROSSROADS,CITY STREET,09/15/2015 10:00:00 AM,2015 September 15,10:00:00,2015,September,Tuesday,01ST ST,JESSIE ST,20.0,Cloudy,Injury (Other Visible),Vehicle/Pedestrian,Pedestrian,Crossing Not in Crosswalk,Dry,No Unusual Condition,Daylight,Intersection <= 20ft,0.0,2,1.0,Pedestrian,East,Proceeding Straight,Driver,South,Proceeding Straight,POINT (-122.39811 37.790188),108.0,6.0,10.0,8.0,10
13977,vw_geo_sfpd_cr_switrs_all_types_col_cty_union.fid-c18a0c2_186644fdb18_-1434,21733,24476000.0,6267000.0,140304679,37.7807753776389,-122.422445348225,SFPD-CROSSROADS,CITY STREET,04/12/2014 03:27:00 PM,2014 April 12,15:27:00,2014,April,Saturday,GOLDEN GATE AVE,FRANKLIN ST,105.0,Clear,Injury (Complaint of Pain),Vehicle/Pedestrian,Pedestrian,Not in Road,Dry,No Unusual Condition,Daylight,Midblock > 20ft,0.0,1,1.0,Driver,South,Proceeding Straight,Pedestrian,West,Proceeding Straight,POINT (-122.42245 37.780777),100.0,4.0,11.0,39.0,15
13982,vw_geo_sfpd_cr_switrs_all_types_col_cty_union.fid-c18a0c2_186644fdb18_-1a6e,46857,25524000.0,12463000.0,190192640,37.8054415464,-122.415246489,SFPD-INTERIM DB,CITY STREET,03/17/2019 08:45:00 PM,2019 March 17,20:45:00,2019,March,Sunday,TAYLOR ST,BAY ST,9.0,Clear,Injury (Complaint of Pain),Vehicle/Pedestrian,Pedestrian,Crossing in Crosswalk at Intersection,Dry,No Unusual Condition,Dark - Street Lights,Intersection <= 20ft,0.0,1,1.0,Driver,North,Making Left Turn,Pedestrian,East,Proceeding Straight,POINT (-122.415245 37.805443),99.0,6.0,3.0,23.0,20
13989,vw_geo_sfpd_cr_switrs_all_types_col_cty_union.fid-c18a0c2_186644fdb18_-1bd8,37795,23069000.0,,150221756,37.7269907004,-122.474900344,SFPD-CROSSROADS,CITY STREET,03/12/2015 02:30:00 PM,2015 March 12,14:30:00,2015,March,Thursday,WINSTON DR,19TH AVE,0.0,Clear,Injury (Other Visible),Head-On,Pedestrian,Crossing in Crosswalk at Intersection,Dry,No Unusual Condition,Daylight,Intersection <= 20ft,0.0,1,1.0,Driver,East,Making Right Turn,Pedestrian,East,Proceeding Straight,POINT (-122.4749 37.72699),41.0,10.0,8.0,16.0,14
13993,vw_geo_sfpd_cr_switrs_all_types_col_cty_union.fid-c18a0c2_186644fdb18_-1002,1222,21579000.0,,140079690,37.7112210762342,-122.453142690118,SFPD-CROSSROADS,CITY STREET,01/27/2014 03:06:00 PM,2014 January 27,15:06:00,2014,January,Monday,ALEMANY BLVD,LAWRENCE AVE,0.0,Cloudy,Injury (Complaint of Pain),Vehicle/Pedestrian,Pedestrian,Crossing in Crosswalk at Intersection,Dry,No Unusual Condition,Daylight,Intersection <= 20ft,0.0,1,,Driver,West,Making Right Turn,Pedestrian,South,Proceeding Straight,POINT (-122.45314 37.71122),66.0,9.0,1.0,28.0,15
13997,vw_geo_sfpd_cr_switrs_all_types_col_cty_union.fid-c18a0c2_186644fdb18_-c7c,48720,24294000.000000004,,190825164,37.7813981336,-122.409245442,SFPD-INTERIM DB,CITY STREET,10/31/2019 09:04:00 PM,2019 October 31,21:04:00,2019,October,Thursday,06TH ST,JESSIE ST,0.0,Clear,Injury (Complaint of Pain),Vehicle/Pedestrian,Pedestrian,Crossing in Crosswalk at Intersection,Wet,No Unusual Condition,Dark - Street Lights,Intersection <= 20ft,0.0,1,,Driver,North,Proceeding Straight,Pedestrian,East,Proceeding Straight,POINT (-122.40925 37.7814),32.0,5.0,10.0,34.0,21
14008,vw_geo_sfpd_cr_switrs_all_types_col_cty_union.fid-c18a0c2_186644fdb18_-17da,47328,23800000.0,,190316555,37.7806067573,-122.390527234,SFPD-INTERIM DB,CITY STREET,05/03/2019 10:18:00 PM,2019 May 03,22:18:00,2019,May,Friday,02ND ST,TOWNSEND ST,0.0,Clear,Injury (Other Visible),Vehicle/Pedestrian,Pedestrian,Crossing in Crosswalk at Intersection,Dry,No Unusual Condition,Dark - Street Lights,Intersection <= 20ft,0.0,1,1.0,Driver,North,Making Left Turn,Pedestrian,East,Proceeding Straight,POINT (-122.390526 37.780605),31.0,1.0,10.0,4.0,22
14013,vw_geo_sfpd_cr_switrs_all_types_col_cty_union.fid-c18a0c2_186644fdb18_-c7e,49338,30741000.0,8750202.0,190825089,37.7810314507,-122.411884481,SFPD-INTERIM DB,CITY STREET,10/31/2019 08:42:00 PM,2019 October 31,20:42:00,2019,October,Thursday,MARKET ST,JONES ST,41.0,Clear,Injury (Severe),Vehicle/Pedestrian,Pedestrian,Crossing Not in Crosswalk,Dry,No Unusual Condition,Dark - Street Lights,Midblock > 20ft,0.0,1,1.0,Pedestrian,South,Proceeding Straight,Driver,West,Proceeding Straight,POINT (-122.41189 37.781033),20.0,5.0,10.0,36.0,20
14016,vw_geo_sfpd_cr_switrs_all_types_col_cty_union.fid-c18a0c2_186644fdb18_-1d80,47646,25813000.0,,190027809,37.760888933,-122.435000702,SFPD-INTERIM DB,CITY STREET,01/11/2019 09:10:00 PM,2019 January 11,21:10:00,2019,January,Friday,18TH ST,CASTRO ST,0.0,Raining,Injury (Complaint of Pain),Vehicle/Pedestrian,Pedestrian,Crossing in Crosswalk at Intersection,Wet,No Unusual Condition,Dark - Street Lights,Intersection <= 20ft,0.0,1,1.0,Driver,South,Making Left Turn,Pedestrian,East,Proceeding Straight,POINT (-122.435 37.760887),38.0,3.0,5.0,5.0,21
14018,vw_geo_sfpd_cr_switrs_all_types_col_cty_union.fid-c18a0c2_186644fdb18_-cd9,25340,24892000.0,8746103.0,130707908,37.7857961624716,-122.405686762832,SFPD-CROSSROADS,CITY STREET,08/25/2013 12:52:00 PM,2013 August 25,12:52:00,2013,August,Sunday,MARKET ST,04TH ST,43.0,Clear,Fatal,Vehicle/Pedestrian,Pedestrian,Crossing Not in Crosswalk,Dry,No Unusual Condition,Daylight,Midblock > 20ft,1.0,0,1.0,Pedestrian,North,Entering Traffic,Driver,East,Merging,POINT (-122.405685 37.785797),32.0,5.0,10.0,8.0,12
14024,vw_geo_sfpd_cr_switrs_all_types_col_cty_union.fid-c18a0c2_186644fdb18_-f36,24226,24922000.0,6259000.0,160362691,37.7822618250055,-122.410740175551,SFPD-CROSSROADS,CITY STREET,05/03/2016 03:35:00 PM,2016 May 03,15:35:00,2016,May,Tuesday,GOLDEN GATE AVE,MARKET ST,130.0,Clear,Injury (Complaint of Pain),Broadside,Pedestrian,Crossing Not in Crosswalk,Dry,No Unusual Condition,Daylight,Midblock > 20ft,0.0,2,1.0,Pedestrian,South,Other,Bicyclist,East,Proceeding Straight,POINT (-122.41074 37.78226),20.0,5.0,10.0,36.0,15
14030,vw_geo_sfpd_cr_switrs_all_types_col_cty_union.fid-c18a0c2_186644fdb18_-1df5,16769,24434000.0,,161001404,37.7786578558534,-122.416580343569,SFPD-CROSSROADS,CITY STREET,12/10/2016 07:10:00 AM,2016 December 10,07:10:00,2016,December,Saturday,LARKIN ST,GROVE ST,0.0,Raining,Injury (Complaint of Pain),Vehicle/Pedestrian,Pedestrian,Crossing in Crosswalk at Intersection,Wet,No Unusual Condition,Daylight,Intersection <= 20ft,0.0,1,1.0,Driver,North,Making Left Turn,Pedestrian,North,Proceeding Straight,POINT (-122.41658 37.778656),21.0,5.0,10.0,36.0,07
14045,vw_geo_sfpd_cr_switrs_all_types_col_cty_union.fid-c18a0c2_186644fdb18_-1ed0,3519,20645000.0,12603000.0,180926750,37.730667072,-122.403367681,SFPD-INTERIM DB,CITY STREET,12/08/2018 09:21:00 PM,2018 December 08,21:21:00,2018,December,Saturday,THORNTON AVE,BAY SHORE BLVD,10.0,Clear,Injury (Complaint of Pain),Vehicle/Pedestrian,Pedestrian,Crossing in Crosswalk at Intersection,Dry,No Unusual Condition,Dark - Street Lights,Intersection <= 20ft,0.0,1,1.0,Driver,South,Making Left Turn,Pedestrian,South,Proceeding Straight,POINT (-122.403366 37.730667),87.0,2.0,9.0,1.0,21
14046,vw_geo_sfpd_cr_switrs_all_types_col_cty_union.fid-c18a0c2_186644fdb18_-1c93,36662,22496000.0,3128000.0,160307465,37.7147536460066,-122.463504966628,SFPD-CROSSROADS,CITY STREET,04/14/2016 04:15:00 PM,2016 April 14,16:15:00,2016,April,Thursday,BRIGHT ST,RANDOLPH ST,165.0,Clear,Injury (Other Visible),Vehicle/Pedestrian,Pedestrian,Crossing Not in Crosswalk,Dry,No Unusual Condition,Daylight,Midblock > 20ft,0.0,1,1.0,Pedestrian,North,Not Stated,Driver,South,Proceeding Straight,POINT (-122.46351 37.714752),65.0,10.0,1.0,24.0,16
14056,vw_geo_sfpd_cr_switrs_all_types_col_cty_union.fid-c18a0c2_186644fdb18_-a05,50506,26451000.000000004,,190932850,37.7753899414,-122.449707827,SFPD-INTERIM DB,CITY STREET,12/11/2019 05:24:00 PM,2019 December 11,17:24:00,2019,December,Wednesday,FULTON ST,CLAYTON ST,0.0,Mist,Injury (Severe),Vehicle/Pedestrian,Pedestrian,Crossing in Crosswalk at Intersection,Wet,No Unusual Condition,Dark - Street Lights,Intersection <= 20ft,0.0,1,1.0,Driver,East,Proceeding Straight,Pedestrian,South,Proceeding Straight,POINT (-122.44971 37.77539),12.0,7.0,4.0,18.0,17
14064,vw_geo_sfpd_cr_switrs_all_types_col_cty_union.fid-c18a0c2_186644fdb18_-115c,50184,23990000.0,,190641841,37.7525060654,-122.414086032,SFPD-INTERIM DB,CITY STREET,08/29/2019 03:55:00 PM,2019 August 29,15:55:00,2019,August,Thursday,24TH ST,FOLSOM ST,0.0,Clear,Injury (Complaint of Pain),Vehicle/Pedestrian,Pedestrian,"In Road, Including Shoulder",Dry,No Unusual Condition,Daylight,Intersection <= 20ft,0.0,1,1.0,Driver,East,Not Stated,Pedestrian,North,Not Stated,POINT (-122.414085 37.752506),53.0,3.0,2.0,20.0,15
14069,vw_geo_sfpd_cr_switrs_all_types_col_cty_union.fid-c18a0c2_186644fdb18_-d75,49912,24388000.0,10046000.0,190794268,37.7728119374,-122.41902984,SFPD-INTERIM DB,CITY STREET,10/21/2019 01:42:00 PM,2019 October 21,13:42:00,2019,October,Monday,OTIS ST,MISSION ST,150.0,Clear,Injury (Other Visible),Head-On,Pedestrian,Crossing Not in Crosswalk,Dry,No Unusual Condition,Daylight,Midblock > 20ft,0.0,1,1.0,Bicyclist,East,Traveling Wrong Way,Pedestrian,South,Other,POINT (-122.41903 37.77281),32.0,1.0,10.0,20.0,13
14095,vw_geo_sfpd_cr_switrs_all_types_col_cty_union.fid-c18a0c2_186644fdb18_-a8f,48761,26467000.0,,190915088,37.7807520063,-122.449817448,SFPD-INTERIM DB,CITY STREET,12/04/2019 11:52:00 PM,2019 December 04,23:52:00,2019,December,Wednesday,ANZA ST,COLLINS ST,0.0,Clear,Injury (Severe),Vehicle/Pedestrian,Pedestrian,"In Road, Including Shoulder",Wet,No Unusual Condition,Dark - Street Lights,Intersection <= 20ft,0.0,1,1.0,Pedestrian,West,Making Left Turn,Driver,East,Proceeding Straight,POINT (-122.449814 37.78075),12.0,7.0,4.0,18.0,23
14097,vw_geo_sfpd_cr_switrs_all_types_col_cty_union.fid-c18a0c2_186644fdb18_-a44,7646,21898000.0,,180485433,37.7487728978,-122.422571062,SFPD-INTERIM DB,CITY STREET,06/30/2018 02:09:00 PM,2018 June 30,14:09:00,2018,June,Saturday,26TH ST,GUERRERO ST,0.0,Clear,Injury (Complaint of Pain),Vehicle/Pedestrian,Pedestrian,Crossing in Crosswalk at Intersection,Dry,No Unusual Condition,Daylight,Intersection <= 20ft,0.0,1,,Pedestrian,West,Proceeding Straight,Driver,West,Making Right Turn,POINT (-122.42257 37.74877),53.0,3.0,5.0,20.0,14
14115,vw_geo_sfpd_cr_switrs_all_types_col_cty_union.fid-c18a0c2_186644fdb18_-d55,48750,24083000.0,,190798301,37.7571666428,-122.416719594,SFPD-INTERIM DB,CITY STREET,10/22/2019 07:07:00 PM,2019 October 22,19:07:00,2019,October,Tuesday,SOUTH VAN NESS AVE,21ST ST,0.0,Clear,Injury (Other Visible),Vehicle/Pedestrian,Pedestrian,Crossing in Crosswalk at Intersection,Dry,No Unusual Condition,Dark - Street Lights,Intersection <= 20ft,0.0,1,1.0,Pedestrian,West,Proceeding Straight,Driver,South,Proceeding Straight,POINT (-122.41672 37.757168),53.0,3.0,2.0,20.0,19
14118,vw_geo_sfpd_cr_switrs_all_types_col_cty_union.fid-c18a0c2_186644fdb18_-788,10372,24111000.000000004,1191000.0,180681164,37.7554358292,-122.418764817,SFPD-INTERIM DB,CITY STREET,09/08/2018 03:00:00 PM,2018 September 08,15:00:00,2018,September,Saturday,22ND ST,MISSION ST,5.0,Clear,Injury (Complaint of Pain),Vehicle/Pedestrian,Pedestrian,Crossing in Crosswalk at Intersection,Dry,No Unusual Condition,Daylight,Intersection <= 20ft,0.0,1,1.0,Driver,West,Making Right Turn,Pedestrian,South,Proceeding Straight,POINT (-122.41876 37.755436),53.0,3.0,2.0,20.0,15
14119,vw_geo_sfpd_cr_switrs_all_types_col_cty_union.fid-c18a0c2_186644fdb18_-1414,48588,27152000.000000004,,190508702,37.765962834,-122.464296829,SFPD-INTERIM DB,CITY STREET,07/14/2019 01:06:00 AM,2019 July 14,01:06:00,2019,July,Sunday,LINCOLN WAY,07TH AVE,0.0,Clear,Injury (Severe),Vehicle/Pedestrian,Pedestrian,Crossing Not in Crosswalk,Dry,No Unusual Condition,Dark - Street Lights,Intersection <= 20ft,0.0,1,,Pedestrian,South,Other,Driver,West,Proceeding Straight,POINT (-122.464294 37.765965),109.0,7.0,11.0,12.0,01
14120,vw_geo_sfpd_cr_switrs_all_types_col_cty_union.fid-c18a0c2_186644fdb18_-164b,47429,22171000.0,,190399200,37.7182807922,-122.448101,SFPD-INTERIM DB,CITY STREET,06/03/2019 06:30:00 PM,2019 June 03,18:30:00,2019,June,Monday,MOUNT VERNON ST,NAHUA AVE,0.0,Clear,Injury (Complaint of Pain),Vehicle/Pedestrian,Pedestrian,Crossing in Crosswalk at Intersection,Dry,No Unusual Condition,Daylight,Intersection <= 20ft,0.0,1,1.0,Driver,East,Making Right Turn,Pedestrian,North,Proceeding Straight,POINT (-122.4481 37.71828),80.0,9.0,1.0,28.0,18