,id,unique_id,cnn_intrsctn_fkey,cnn_sgmt_fkey,case_id_pkey,tb_latitude,tb_longitude,geocode_source,geocode_location,collision_datetime,collision_date,collision_time,accident_year,month,day_of_week,primary_rd,secondary_rd,distance,weather_1,collision_severity,type_of_collision,mviw,ped_action,road_surface,road_cond_1,lighting,intersection,number_killed,number_injured,party_at_fault,party1_type,party1_dir_of_travel,party1_move_pre_acc,party2_type,party2_dir_of_travel,party2_move_pre_acc,point,Neighborhoods,Current Police Districts,Current Supervisor Districts,Analysis Neighborhoods,hour
14130,vw_geo_sfpd_cr_switrs_all_types_col_cty_union.fid-c18a0c2_186644fdb18_-cb0,48787,23171000.0,,190819076,37.7411382276,-122.476630049,SFPD-INTERIM DB,CITY STREET,10/29/2019 05:47:00 PM,2019 October 29,17:47:00,2019,October,Tuesday,ULLOA ST,20TH AVE,0.0,Clear,Injury (Complaint of Pain),Rear End,Pedestrian,"In Road, Including Shoulder",Dry,No Unusual Condition,Daylight,Intersection <= 20ft,0.0,1,1.0,Driver,South,Making Left Turn,Pedestrian,South,Stopped,POINT (-122.47663 37.74114),40.0,10.0,7.0,35.0,17
14136,vw_geo_sfpd_cr_switrs_all_types_col_cty_union.fid-c18a0c2_186644fdb18_-1990,46950,33719000.0,19003000.0,190227918,37.7276624763,-122.475719031,SFPD-INTERIM DB,CITY STREET,03/31/2019 05:48:00 PM,2019 March 31,17:48:00,2019,March,Sunday,20TH AVE,WINSTON DR,294.0,Clear,Injury (Severe),Vehicle/Pedestrian,Pedestrian,Crossing Not in Crosswalk,Dry,No Unusual Condition,Daylight,Midblock > 20ft,0.0,1,1.0,Pedestrian,East,Entering Traffic,Driver,South,Making Left Turn,POINT (-122.475716 37.72766),41.0,10.0,8.0,16.0,17
14137,vw_geo_sfpd_cr_switrs_all_types_col_cty_union.fid-c18a0c2_186644fdb18_-1273,22638,26070000.000000004,,160682502,37.7787241078806,-122.438552277528,SFPD-CROSSROADS,CITY STREET,08/23/2016 02:53:00 PM,2016 August 23,14:53:00,2016,August,Tuesday,GOLDEN GATE AVE,DIVISADERO ST,0.0,Clear,Injury (Complaint of Pain),Vehicle/Pedestrian,Pedestrian,Crossing in Crosswalk at Intersection,Dry,No Unusual Condition,Daylight,Intersection <= 20ft,0.0,1,1.0,Driver,East,Making Left Turn,Pedestrian,North,Proceeding Straight,POINT (-122.43855 37.778725),97.0,4.0,11.0,39.0,14
14140,vw_geo_sfpd_cr_switrs_all_types_col_cty_union.fid-c18a0c2_186644fdb18_-1d61,36070,27015000.000000004,,130481635,37.8055811383882,-122.443983517787,SFPD-CROSSROADS,CITY STREET,06/11/2013 05:26:00 PM,2013 June 11,17:26:00,2013,June,Tuesday,MARINA BLVD,DIVISADERO ST,0.0,Clear,Injury (Other Visible),Rear End,Pedestrian,Not in Road,Dry,No Unusual Condition,Daylight,Intersection <= 20ft,0.0,1,1.0,Bicyclist,East,Not Stated,Pedestrian,East,Not Stated,POINT (-122.443985 37.80558),17.0,4.0,6.0,13.0,17
14145,vw_geo_sfpd_cr_switrs_all_types_col_cty_union.fid-c18a0c2_186644fdb18_-8ec,27203,24623000.0,9297000.0,170166693,37.7895121049081,-122.402081496919,SFPD-CROSSROADS,CITY STREET,02/27/2017 05:42:00 PM,2017 February 27,17:42:00,2017,February,Monday,MONTGOMERY ST,POST ST,151.0,Clear,Injury (Other Visible),Vehicle/Pedestrian,Pedestrian,Crossing Not in Crosswalk,Dry,No Unusual Condition,Dusk - Dawn,Midblock > 20ft,0.0,2,1.0,Pedestrian,East,Other,Driver,South,Proceeding Straight,POINT (-122.402084 37.789513),19.0,6.0,3.0,8.0,17
14149,vw_geo_sfpd_cr_switrs_all_types_col_cty_union.fid-c18a0c2_186644fdb18_-afc,48806,24165000.0,,190898070,37.7634292729,-122.419512737,SFPD-INTERIM DB,CITY STREET,11/27/2019 05:00:00 PM,2019 November 27,17:00:00,2019,November,Wednesday,MISSION ST,17TH ST,0.0,Clear,Injury (Complaint of Pain),Vehicle/Pedestrian,Pedestrian,Crossing in Crosswalk at Intersection,Dry,No Unusual Condition,Daylight,Intersection <= 20ft,0.0,1,1.0,Driver,South,Making Right Turn,Pedestrian,West,Proceeding Straight,POINT (-122.41951 37.763428),53.0,3.0,2.0,20.0,17
14155,vw_geo_sfpd_cr_switrs_all_types_col_cty_union.fid-c18a0c2_186644fdb18_-df2,49194,23908000.0,,190778955,37.7790321342,-122.401843274,SFPD-INTERIM DB,CITY STREET,10/16/2019 08:10:00 AM,2019 October 16,08:10:00,2019,October,Wednesday,05TH ST,HARRISON ST,0.0,Clear,Injury (Complaint of Pain),Vehicle/Pedestrian,Pedestrian,Crossing in Crosswalk at Intersection,Dry,No Unusual Condition,Daylight,Intersection <= 20ft,1.0,1,1.0,Driver,South,Making Right Turn,Pedestrian,East,Proceeding Straight,POINT (-122.40184 37.779034),32.0,1.0,10.0,34.0,08
14158,vw_geo_sfpd_cr_switrs_all_types_col_cty_union.fid-c18a0c2_186644fdb18_-1a33,46882,26338000.0,,190201780,37.7700076057,-122.446933819,SFPD-INTERIM DB,CITY STREET,03/21/2019 11:15:00 AM,2019 March 21,11:15:00,2019,March,Thursday,ASHBURY ST,HAIGHT ST,0.0,Clear,Injury (Complaint of Pain),Vehicle/Pedestrian,Pedestrian,Crossing in Crosswalk at Intersection,Dry,No Unusual Condition,Daylight,Intersection <= 20ft,0.0,1,1.0,Driver,East,Making Left Turn,Pedestrian,North,Proceeding Straight,POINT (-122.44694 37.770008),25.0,7.0,11.0,3.0,11
14171,vw_geo_sfpd_cr_switrs_all_types_col_cty_union.fid-c18a0c2_186644fdb18_-191c,19379,26434000.000000004,12091000.0,140899686,37.7691527723494,-122.453534374755,SFPD-CROSSROADS,CITY STREET,10/24/2014 06:12:00 AM,2014 October 24,06:12:00,2014,October,Friday,STANYAN ST,HAIGHT ST,5.0,Clear,Injury (Complaint of Pain),Vehicle/Pedestrian,Pedestrian,Crossing in Crosswalk at Intersection,Dry,No Unusual Condition,Dark - Street Lights,Intersection <= 20ft,0.0,1,1.0,Driver,South,Making Left Turn,Pedestrian,East,Other,POINT (-122.45354 37.769154),9.0,7.0,11.0,12.0,06
14175,vw_geo_sfpd_cr_switrs_all_types_col_cty_union.fid-c18a0c2_186644fdb18_-1d12,46502,24509000.0,5864000.0,190053092,37.7870692958,-122.392434123,SFPD-INTERIM DB,CITY STREET,01/22/2019 08:52:00 AM,2019 January 22,08:52:00,2019,January,Tuesday,FREMONT ST,HARRISON ST,156.0,Clear,Injury (Complaint of Pain),Vehicle/Pedestrian,Pedestrian,Crossing Not in Crosswalk,Dry,No Unusual Condition,Daylight,Midblock > 20ft,0.0,1,1.0,Pedestrian,East,Crossed Into Opposing Lane,Driver,North,Proceeding Straight,POINT (-122.39243 37.787067),30.0,1.0,10.0,8.0,08
14183,vw_geo_sfpd_cr_switrs_all_types_col_cty_union.fid-c18a0c2_186644fdb18_-7bb,27827,24957000.000000004,,171014594,37.7897399068881,-122.41207586824,SFPD-CROSSROADS,CITY STREET,12/15/2017 09:48:00 PM,2017 December 15,21:48:00,2017,December,Friday,TAYLOR ST,BUSH ST,0.0,Clear,Injury (Complaint of Pain),Vehicle/Pedestrian,Pedestrian,Crossing in Crosswalk at Intersection,Dry,No Unusual Condition,Dark - Street Lights,Intersection <= 20ft,0.0,1,1.0,Driver,West,Backing,Pedestrian,North,Stopped In Road,POINT (-122.41208 37.78974),50.0,6.0,3.0,21.0,21
14205,vw_geo_sfpd_cr_switrs_all_types_col_cty_union.fid-c18a0c2_186644fdb18_-cb1,2922,20638000.0,,180378907,37.7273743008,-122.404593827,SFPD-INTERIM DB,CITY STREET,05/21/2018 02:58:00 PM,2018 May 21,14:58:00,2018,May,Monday,GIRARD ST,BACON ST,0.0,Clear,Injury (Other Visible),Head-On,Pedestrian,Crossing in Crosswalk at Intersection,Dry,No Unusual Condition,Daylight,Intersection <= 20ft,0.0,1,1.0,Driver,South,Making Left Turn,Pedestrian,East,Proceeding Straight,POINT (-122.404594 37.727375),91.0,2.0,2.0,25.0,14
14207,vw_geo_sfpd_cr_switrs_all_types_col_cty_union.fid-c18a0c2_186644fdb18_-1dda,47633,23864000.0,,190002958,37.7672000624,-122.405707667,SFPD-INTERIM DB,CITY STREET,01/02/2019 09:40:00 AM,2019 January 02,09:40:00,2019,January,Wednesday,15TH ST,SAN BRUNO AVE,0.0,Clear,Injury (Severe),Vehicle/Pedestrian,Pedestrian,Crossing in Crosswalk at Intersection,Wet,No Unusual Condition,Daylight,Intersection <= 20ft,0.0,1,1.0,Driver,West,Making Left Turn,Pedestrian,West,Proceeding Straight,POINT (-122.40571 37.7672),33.0,3.0,9.0,20.0,09
14209,vw_geo_sfpd_cr_switrs_all_types_col_cty_union.fid-c18a0c2_186644fdb18_-1adb,46801,26946000.0,4124000.0,190168760,37.7882239538,-122.453803134,SFPD-INTERIM DB,CITY STREET,03/08/2019 12:55:00 PM,2019 March 08,12:55:00,2019,March,Friday,CLAY ST,SPRUCE ST,10.0,Clear,Injury (Other Visible),Vehicle/Pedestrian,Pedestrian,Crossing in Crosswalk at Intersection,Dry,No Unusual Condition,Daylight,Intersection <= 20ft,0.0,1,1.0,Driver,West,Proceeding Straight,Pedestrian,North,Proceeding Straight,POINT (-122.453804 37.788223),10.0,8.0,6.0,31.0,12
14223,vw_geo_sfpd_cr_switrs_all_types_col_cty_union.fid-c18a0c2_186644fdb18_-1a57,46866,25592000.0,9691000.0,190196084,37.8063013966,-122.415773716,SFPD-INTERIM DB,CITY STREET,03/19/2019 10:14:00 AM,2019 March 19,10:14:00,2019,March,Tuesday,NORTH POINT ST,TAYLOR ST,100.0,Clear,Injury (Complaint of Pain),Vehicle/Pedestrian,Pedestrian,"In Road, Including Shoulder",Dry,No Unusual Condition,Daylight,Midblock > 20ft,0.0,1,1.0,Driver,West,Making Right Turn,Pedestrian,West,Making Right Turn,POINT (-122.41577 37.8063),99.0,6.0,3.0,23.0,10
14225,vw_geo_sfpd_cr_switrs_all_types_col_cty_union.fid-c18a0c2_186644fdb18_-1d49,46474,24439000.0,,190040613,37.7804703413,-122.416947605,SFPD-INTERIM DB,CITY STREET,01/17/2019 10:32:00 AM,2019 January 17,10:32:00,2019,January,Thursday,MCALLISTER ST,LARKIN ST,0.0,Cloudy,Injury (Complaint of Pain),Vehicle/Pedestrian,Pedestrian,Crossing in Crosswalk at Intersection,Wet,No Unusual Condition,Daylight,Intersection <= 20ft,0.0,1,1.0,Driver,North,Making Left Turn,Pedestrian,North,Proceeding Straight,POINT (-122.41695 37.78047),21.0,5.0,10.0,36.0,10
14226,vw_geo_sfpd_cr_switrs_all_types_col_cty_union.fid-c18a0c2_186644fdb18_-1f07,16214,23906000.0,,160662275,37.7807914833764,-122.399616232554,SFPD-CROSSROADS,CITY STREET,08/16/2016 09:30:00 AM,2016 August 16,09:30:00,2016,August,Tuesday,04TH ST,HARRISON ST,0.0,Clear,Injury (Severe),Vehicle/Pedestrian,Pedestrian,Crossing in Crosswalk at Intersection,Dry,No Unusual Condition,Daylight,Intersection <= 20ft,0.0,1,1.0,Driver,West,Making Left Turn,Pedestrian,East,Proceeding Straight,POINT (-122.39961 37.780792),32.0,1.0,10.0,34.0,09
14231,vw_geo_sfpd_cr_switrs_all_types_col_cty_union.fid-c18a0c2_186644fdb18_-9ef,26663,24534000.000000004,,170931139,37.7889629643563,-122.396570764976,SFPD-CROSSROADS,CITY STREET,11/15/2017 02:14:00 PM,2017 November 15,14:14:00,2017,November,Wednesday,01ST ST,NATOMA ST,0.0,Cloudy,Injury (Complaint of Pain),Vehicle/Pedestrian,Pedestrian,Crossing in Crosswalk at Intersection,Dry,Construction or Repair Zone,Daylight,Intersection <= 20ft,0.0,1,1.0,Pedestrian,East,Not Stated,Driver,South,Proceeding Straight,POINT (-122.39657 37.788963),32.0,1.0,10.0,8.0,14
14234,vw_geo_sfpd_cr_switrs_all_types_col_cty_union.fid-c18a0c2_186644fdb18_-1ed1,25979,24942000.000000004,9726000.0,180924895,37.7860134024,-122.411188992,SFPD-INTERIM DB,CITY STREET,12/08/2018 02:20:00 AM,2018 December 08,02:20:00,2018,December,Saturday,OFARRELL ST,TAYLOR ST,40.0,Clear,Injury (Complaint of Pain),Vehicle/Pedestrian,Pedestrian,"In Road, Including Shoulder",Dry,No Unusual Condition,Dark - Street Lights,Midblock > 20ft,0.0,1,1.0,Driver,East,Proceeding Straight,Pedestrian,East,Proceeding Straight,POINT (-122.41119 37.786015),20.0,5.0,3.0,36.0,02
14242,vw_geo_sfpd_cr_switrs_all_types_col_cty_union.fid-c18a0c2_186644fdb18_-1d0d,46507,25148000.0,,190054410,37.7833108897,-122.417528773,SFPD-INTERIM DB,CITY STREET,01/22/2019 05:51:00 PM,2019 January 22,17:51:00,2019,January,Tuesday,LARKIN ST,EDDY ST,0.0,Clear,Injury (Complaint of Pain),Vehicle/Pedestrian,Pedestrian,Crossing in Crosswalk at Intersection,Dry,No Unusual Condition,Dark - Street Lights,Intersection <= 20ft,0.0,1,1.0,Driver,East,Making Right Turn,Pedestrian,North,Not Stated,POINT (-122.41753 37.78331),20.0,5.0,10.0,36.0,17
14243,vw_geo_sfpd_cr_switrs_all_types_col_cty_union.fid-c18a0c2_186644fdb18_-e95,49031,24935000.0,8241000.0,190759115,37.7839408442,-122.41428544,SFPD-INTERIM DB,CITY STREET,10/09/2019 03:50:00 AM,2019 October 09,03:50:00,2019,October,Wednesday,LEAVENWORTH ST,EDDY ST,80.0,Clear,Injury (Other Visible),Vehicle/Pedestrian,Pedestrian,Crossing Not in Crosswalk,Dry,No Unusual Condition,Dark - Street Lights,Midblock > 20ft,0.0,1,1.0,Pedestrian,West,Other,Driver,North,Proceeding Straight,POINT (-122.41428 37.78394),20.0,5.0,10.0,36.0,03
14245,vw_geo_sfpd_cr_switrs_all_types_col_cty_union.fid-c18a0c2_186644fdb18_-1b5f,47706,23729000.0,1249000.0,190149629,37.7544061934,-122.404312097,SFPD-INTERIM DB,CITY STREET,02/28/2019 07:42:00 PM,2019 February 28,19:42:00,2019,February,Thursday,23RD ST,SAN BRUNO AVE,50.0,Clear,Injury (Complaint of Pain),Vehicle/Pedestrian,Pedestrian,Crossing in Crosswalk Not at Intersection,Dry,No Unusual Condition,Daylight,Midblock > 20ft,0.0,1,1.0,Driver,East,Proceeding Straight,Pedestrian,South,Entering Traffic,POINT (-122.40431 37.754406),54.0,3.0,9.0,20.0,19
14249,vw_geo_sfpd_cr_switrs_all_types_col_cty_union.fid-c18a0c2_186644fdb18_-1106,48141,22459000.0,,190659800,37.7113873301,-122.459005468,SFPD-INTERIM DB,CITY STREET,09/04/2019 05:22:00 PM,2019 September 04,17:22:00,2019,September,Wednesday,SAGAMORE ST,CAPITOL AVE,0.0,Clear,Injury (Other Visible),Vehicle/Pedestrian,Pedestrian,Crossing in Crosswalk at Intersection,Dry,No Unusual Condition,Daylight,Intersection <= 20ft,0.0,1,1.0,Pedestrian,West,Proceeding Straight,Driver,North,Proceeding Straight,POINT (-122.45901 37.711388),81.0,10.0,1.0,24.0,17
14256,vw_geo_sfpd_cr_switrs_all_types_col_cty_union.fid-c18a0c2_186644fdb18_-6e6,28317,25019000.0,,160772595,37.7941378118625,-122.407294005726,SFPD-CROSSROADS,CITY STREET,09/23/2016 11:59:00 AM,2016 September 23,11:59:00,2016,September,Friday,CLAY ST,SPOFFORD ST,0.0,Clear,Injury (Complaint of Pain),Vehicle/Pedestrian,Pedestrian,Crossing Not in Crosswalk,Dry,No Unusual Condition,Daylight,Intersection <= 20ft,0.0,1,1.0,Driver,West,Backing,Pedestrian,North,Proceeding Straight,POINT (-122.407295 37.794136),104.0,6.0,3.0,6.0,11
14257,vw_geo_sfpd_cr_switrs_all_types_col_cty_union.fid-c18a0c2_186644fdb18_-d20,25183,24595000.000000004,6809000.0,131042717,37.7858896697711,-122.399357428999,SFPD-CROSSROADS,CITY STREET,12/11/2013 03:31:00 PM,2013 December 11,15:31:00,2013,December,Wednesday,HAWTHORNE ST,HOWARD ST,5.0,Clear,Injury (Complaint of Pain),Vehicle/Pedestrian,Pedestrian,Crossing in Crosswalk at Intersection,Dry,No Unusual Condition,Daylight,Intersection <= 20ft,0.0,1,1.0,Pedestrian,East,Proceeding Straight,Driver,South,Making Left Turn,POINT (-122.39936 37.78589),32.0,1.0,10.0,8.0,15
14258,vw_geo_sfpd_cr_switrs_all_types_col_cty_union.fid-c18a0c2_186644fdb18_-1c67,46592,25222000.0,,190088146,37.7896204372,-122.420493442,SFPD-INTERIM DB,CITY STREET,02/04/2019 07:44:00 PM,2019 February 04,19:44:00,2019,February,Monday,POLK ST,PINE ST,0.0,Raining,Injury (Complaint of Pain),Sideswipe,Pedestrian,Crossing in Crosswalk at Intersection,Wet,No Unusual Condition,Dark - Street Lights,Intersection <= 20ft,0.0,1,1.0,Driver,South,Making Left Turn,Pedestrian,East,Proceeding Straight,POINT (-122.420494 37.78962),50.0,4.0,3.0,21.0,19
14259,vw_geo_sfpd_cr_switrs_all_types_col_cty_union.fid-c18a0c2_186644fdb18_-789,10378,24111000.000000004,,170754878,37.7554369364443,-122.418747574108,SFPD-CROSSROADS,CITY STREET,09/15/2017 03:43:00 PM,2017 September 15,15:43:00,2017,September,Friday,22ND ST,MISSION ST,0.0,Clear,Injury (Complaint of Pain),Vehicle/Pedestrian,Pedestrian,"In Road, Including Shoulder",Dry,No Unusual Condition,Daylight,Intersection <= 20ft,0.0,1,1.0,Driver,East,Other,Pedestrian,East,Not Stated,POINT (-122.41875 37.755436),53.0,3.0,2.0,20.0,15
14274,vw_geo_sfpd_cr_switrs_all_types_col_cty_union.fid-c18a0c2_186644fdb18_-9ea,49857,20517000.0,223101.0,190934226,37.7262689461,-122.393859011,SFPD-INTERIM DB,CITY STREET,12/12/2019 08:31:00 AM,2019 December 12,08:31:00,2019,December,Thursday,03RD ST,BANCROFT AVE,17.0,Cloudy,Injury (Complaint of Pain),Vehicle/Pedestrian,Pedestrian,Crossing in Crosswalk at Intersection,Wet,No Unusual Condition,Daylight,Intersection <= 20ft,0.0,1,1.0,Driver,East,Making Right Turn,Pedestrian,South,Not Stated,POINT (-122.39386 37.72627),86.0,2.0,9.0,1.0,08
14276,vw_geo_sfpd_cr_switrs_all_types_col_cty_union.fid-c18a0c2_186644fdb18_-1ceb,46529,24324000.0,8890000.0,190063825,37.780866284,-122.414154479,SFPD-INTERIM DB,CITY STREET,01/26/2019 05:30:00 AM,2019 January 26,05:30:00,2019,January,Saturday,MCALLISTER ST,LEAVENWORTH ST,140.0,Clear,Injury (Complaint of Pain),Vehicle/Pedestrian,Pedestrian,"In Road, Including Shoulder",Dry,No Unusual Condition,Dark - Street Lights,Midblock > 20ft,0.0,1,1.0,Pedestrian,South,Other,Driver,West,Proceeding Straight,POINT (-122.414154 37.780865),21.0,5.0,10.0,36.0,05
14279,vw_geo_sfpd_cr_switrs_all_types_col_cty_union.fid-c18a0c2_186644fdb18_-12ac,22538,26470000.000000004,,170281207,37.7749707539762,-122.453003330875,SFPD-CROSSROADS,CITY STREET,04/06/2017 09:10:00 AM,2017 April 06,09:10:00,2017,April,Thursday,SHRADER ST,FULTON ST,0.0,Raining,Injury (Complaint of Pain),Vehicle/Pedestrian,Pedestrian,Crossing in Crosswalk at Intersection,Wet,No Unusual Condition,Daylight,Intersection <= 20ft,0.0,1,1.0,Driver,West,Making Left Turn,Pedestrian,South,Other,POINT (-122.453 37.77497),12.0,7.0,4.0,18.0,09
14285,vw_geo_sfpd_cr_switrs_all_types_col_cty_union.fid-c18a0c2_186644fdb18_-1b70,47703,24900000.000000004,8801000.0,190144889,37.7853236132,-122.409505737,SFPD-INTERIM DB,CITY STREET,02/27/2019 05:28:00 AM,2019 February 27,05:28:00,2019,February,Wednesday,MASON ST,ELLIS ST,15.0,Raining,Injury (Complaint of Pain),Vehicle/Pedestrian,Pedestrian,Crossing in Crosswalk at Intersection,Wet,No Unusual Condition,Dark - Street Lights,Intersection <= 20ft,0.0,1,1.0,Driver,South,Making Left Turn,Pedestrian,West,Proceeding Straight,POINT (-122.40951 37.785324),20.0,5.0,10.0,36.0,05
14287,vw_geo_sfpd_cr_switrs_all_types_col_cty_union.fid-c18a0c2_186644fdb18_-1eb8,9311,23788000.0,702000.0,180931599,37.7663717202,-122.397825426,SFPD-INTERIM DB,CITY STREET,12/10/2018 06:45:00 PM,2018 December 10,18:45:00,2018,December,Monday,16TH ST,CONNECTICUT ST,11.0,Clear,Injury (Severe),Vehicle/Pedestrian,Pedestrian,Crossing in Crosswalk at Intersection,Dry,No Unusual Condition,Dark - No Street Lights,Intersection <= 20ft,0.0,1,1.0,Driver,East,Proceeding Straight,Pedestrian,North,Proceeding Straight,POINT (-122.39783 37.766373),54.0,1.0,9.0,4.0,18
14300,vw_geo_sfpd_cr_switrs_all_types_col_cty_union.fid-c18a0c2_186644fdb18_-1c14,17555,24241000.0,12019201.0,130021413,37.7697986352528,-122.417763898256,SFPD-CROSSROADS,CITY STREET,01/08/2013 04:32:00 PM,2013 January 08,16:32:00,2013,January,Tuesday,VAN NESS AVE,13TH ST,7.0,Clear,Injury (Other Visible),Vehicle/Pedestrian,Pedestrian,Not in Road,Dry,No Unusual Condition,Daylight,Intersection <= 20ft,0.0,1,1.0,Bicyclist,North,Proceeding Straight,Pedestrian,South,Proceeding Straight,POINT (-122.41776 37.7698),53.0,3.0,2.0,20.0,16
14302,vw_geo_sfpd_cr_switrs_all_types_col_cty_union.fid-c18a0c2_186644fdb18_-8cc,50452,21452000.0,,190971046,37.7099934468,-122.439480877,SFPD-INTERIM DB,CITY STREET,12/27/2019 09:20:00 AM,2019 December 27,09:20:00,2019,December,Friday,PRAGUE ST,POPE ST,0.0,Clear,Injury (Complaint of Pain),Vehicle/Pedestrian,Pedestrian,Crossing Not in Crosswalk,Dry,No Unusual Condition,Daylight,Intersection <= 20ft,0.0,1,1.0,Driver,East,Making Left Turn,Pedestrian,North,Proceeding Straight,POINT (-122.43948 37.709995),58.0,9.0,1.0,7.0,09
14304,vw_geo_sfpd_cr_switrs_all_types_col_cty_union.fid-c18a0c2_186644fdb18_-75d,10578,24113000.0,,140309782,37.7570354019375,-122.418901028816,SFPD-CROSSROADS,CITY STREET,04/14/2014 02:10:00 PM,2014 April 14,14:10:00,2014,April,Monday,MISSION ST,21ST ST,0.0,Clear,Injury (Complaint of Pain),Vehicle/Pedestrian,Pedestrian,Crossing in Crosswalk at Intersection,Dry,No Unusual Condition,Daylight,Intersection <= 20ft,0.0,1,1.0,Driver,South,Making Left Turn,Pedestrian,West,Not Stated,POINT (-122.4189 37.757034),53.0,3.0,2.0,20.0,14
14315,vw_geo_sfpd_cr_switrs_all_types_col_cty_union.fid-c18a0c2_186644fdb18_-d40,50302,26410000.0,,190802849,37.7667290745,-122.450145641,SFPD-INTERIM DB,CITY STREET,10/24/2019 11:15:00 AM,2019 October 24,11:15:00,2019,October,Thursday,COLE ST,FREDERICK ST,0.0,Clear,Injury (Complaint of Pain),Vehicle/Pedestrian,Pedestrian,Crossing in Crosswalk at Intersection,Dry,No Unusual Condition,Daylight,Intersection <= 20ft,0.0,1,1.0,Driver,South,Making Left Turn,Pedestrian,North,Proceeding Straight,POINT (-122.45014 37.766727),29.0,7.0,11.0,3.0,11
14316,vw_geo_sfpd_cr_switrs_all_types_col_cty_union.fid-c18a0c2_186644fdb18_-a62,36547,22471000.0,3137000.0,180107831,37.7131936553,-122.456040126,SFPD-INTERIM DB,CITY STREET,02/09/2018 02:45:00 PM,2018 February 09,14:45:00,2018,February,Friday,BROAD ST,PLYMOUTH AVE,4.0,Clear,Injury (Complaint of Pain),Vehicle/Pedestrian,Pedestrian,Crossing in Crosswalk at Intersection,Dry,No Unusual Condition,Daylight,Intersection <= 20ft,0.0,1,1.0,Driver,East,Making Left Turn,Pedestrian,North,Proceeding Straight,POINT (-122.45604 37.713192),81.0,10.0,1.0,24.0,14
14317,vw_geo_sfpd_cr_switrs_all_types_col_cty_union.fid-c18a0c2_186644fdb18_-b63,49344,26741000.0,,190880801,37.8012356986,-122.432957627,SFPD-INTERIM DB,CITY STREET,11/21/2019 07:44:00 AM,2019 November 21,07:44:00,2019,November,Thursday,CHESTNUT ST,BUCHANAN ST,0.0,Clear,Injury (Other Visible),Vehicle/Pedestrian,Pedestrian,Crossing in Crosswalk at Intersection,Dry,No Unusual Condition,Daylight,Intersection <= 20ft,0.0,1,1.0,Driver,East,Proceeding Straight,Pedestrian,South,Proceeding Straight,POINT (-122.43296 37.801235),17.0,4.0,6.0,13.0,07
14319,vw_geo_sfpd_cr_switrs_all_types_col_cty_union.fid-c18a0c2_186644fdb18_-f72,48423,24177000.0,,190724992,37.7649564596,-122.421239593,SFPD-INTERIM DB,CITY STREET,09/27/2019 01:59:00 PM,2019 September 27,13:59:00,2019,September,Friday,16TH ST,RONDEL PL,0.0,Clear,Injury (Complaint of Pain),Vehicle/Pedestrian,Pedestrian,Not in Road,Dry,No Unusual Condition,Daylight,Intersection <= 20ft,0.0,1,1.0,Driver,South,Backing,Pedestrian,South,Stopped,POINT (-122.42124 37.764957),53.0,3.0,2.0,20.0,13
14325,vw_geo_sfpd_cr_switrs_all_types_col_cty_union.fid-c18a0c2_186644fdb18_-1792,47048,24295000.0,327000.0,190333418,37.7817426481,-122.40967858,SFPD-INTERIM DB,CITY STREET,05/09/2019 08:11:00 PM,2019 May 09,20:11:00,2019,May,Thursday,06TH ST,STEVENSON ST,6.0,Clear,Injury (Other Visible),Head-On,Pedestrian,Crossing Not in Crosswalk,Dry,No Unusual Condition,Dark - Street Lights,Intersection <= 20ft,0.0,1,1.0,Pedestrian,East,Proceeding Straight,Driver,North,Proceeding Straight,POINT (-122.409676 37.781742),32.0,5.0,10.0,34.0,20
14332,vw_geo_sfpd_cr_switrs_all_types_col_cty_union.fid-c18a0c2_186644fdb18_-dfb,48734,27178000.0,,190775826,37.7660147676,-122.457789624,SFPD-INTERIM DB,CITY STREET,10/15/2019 06:55:00 AM,2019 October 15,06:55:00,2019,October,Tuesday,FREDERICK ST,ARGUELLO BLVD,0.0,Clear,Injury (Complaint of Pain),Vehicle/Pedestrian,Pedestrian,Crossing in Crosswalk at Intersection,Dry,No Unusual Condition,Dark - Street Lights,Intersection <= 20ft,0.0,1,1.0,Driver,North,Proceeding Straight,Pedestrian,East,Proceeding Straight,POINT (-122.45779 37.766014),109.0,7.0,11.0,14.0,06
14341,vw_geo_sfpd_cr_switrs_all_types_col_cty_union.fid-c18a0c2_186644fdb18_-1615,47120,24557000.000000004,,190407580,37.7918420903,-122.394940237,SFPD-INTERIM DB,CITY STREET,06/06/2019 04:05:00 PM,2019 June 06,16:05:00,2019,June,Thursday,MISSION ST,MAIN ST,0.0,Clear,Injury (Complaint of Pain),Sideswipe,Pedestrian,Crossing in Crosswalk at Intersection,Dry,No Unusual Condition,Daylight,Intersection <= 20ft,0.0,1,,Driver,North,Proceeding Straight,Pedestrian,East,Other,POINT (-122.39494 37.791843),108.0,1.0,10.0,8.0,16
14349,vw_geo_sfpd_cr_switrs_all_types_col_cty_union.fid-c18a0c2_186644fdb18_-969,36720,22554000.0,,180709396,37.7129273746,-122.472737205,SFPD-INTERIM DB,CITY STREET,09/19/2018 02:15:00 AM,2018 September 19,02:15:00,2018,September,Wednesday,BROTHERHOOD WAY,CHUMASERO DR,0.0,Clear,Injury (Severe),Vehicle/Pedestrian,Pedestrian,Crossing Not in Crosswalk,Dry,No Unusual Condition,Dark - Street Lights,Intersection <= 20ft,0.0,1,1.0,Pedestrian,North,Proceeding Straight,Driver,West,Proceeding Straight,POINT (-122.47274 37.71293),42.0,10.0,8.0,16.0,02