,id,unique_id,cnn_intrsctn_fkey,cnn_sgmt_fkey,case_id_pkey,tb_latitude,tb_longitude,geocode_source,geocode_location,collision_datetime,collision_date,collision_time,accident_year,month,day_of_week,primary_rd,secondary_rd,distance,weather_1,collision_severity,type_of_collision,mviw,ped_action,road_surface,road_cond_1,lighting,intersection,number_killed,number_injured,party_at_fault,party1_type,party1_dir_of_travel,party1_move_pre_acc,party2_type,party2_dir_of_travel,party2_move_pre_acc,point,Neighborhoods,Current Police Districts,Current Supervisor Districts,Analysis Neighborhoods,hour
14357,vw_geo_sfpd_cr_switrs_all_types_col_cty_union.fid-c18a0c2_186644fdb18_-e35,24674,30739000.0,8748201.0,150804142,37.7839883456543,-122.408082258207,SFPD-CROSSROADS,CITY STREET,09/13/2015 11:44:00 AM,2015 September 13,11:44:00,2015,September,Sunday,MARKET ST,05TH ST,6.0,Clear,Injury (Complaint of Pain),Vehicle/Pedestrian,Pedestrian,Crossing in Crosswalk at Intersection,Dry,No Unusual Condition,Daylight,Intersection <= 20ft,0.0,2,1.0,Pedestrian,North,Entering Traffic,Bicyclist,East,Proceeding Straight,POINT (-122.40808 37.78399),19.0,5.0,10.0,36.0,11
14358,vw_geo_sfpd_cr_switrs_all_types_col_cty_union.fid-c18a0c2_186644fdb18_-1427,48518,24088000.0,,190504948,37.7522394544,-122.41844527,SFPD-INTERIM DB,CITY STREET,07/12/2019 03:37:00 PM,2019 July 12,15:37:00,2019,July,Friday,MISSION ST,24TH ST,0.0,Clear,Injury (Complaint of Pain),Head-On,Pedestrian,Crossing in Crosswalk at Intersection,Dry,No Unusual Condition,Daylight,Intersection <= 20ft,0.0,1,1.0,Driver,South,Stopped,Pedestrian,East,Other,POINT (-122.41844 37.75224),53.0,3.0,2.0,20.0,15
14368,vw_geo_sfpd_cr_switrs_all_types_col_cty_union.fid-c18a0c2_186644fdb18_-112f,47933,21023000.0,,190654703,37.7395662729,-122.406978585,SFPD-INTERIM DB,CITY STREET,09/03/2019 05:47:00 AM,2019 September 03,05:47:00,2019,September,Tuesday,BAY SHORE BLVD,CORTLAND AVE,0.0,Clear,Injury (Complaint of Pain),Vehicle/Pedestrian,Pedestrian,Crossing in Crosswalk at Intersection,Dry,No Unusual Condition,Dark - Street Lights,Intersection <= 20ft,0.0,1,1.0,Driver,North,Proceeding Straight,Pedestrian,East,Proceeding Straight,POINT (-122.406975 37.739567),82.0,2.0,9.0,1.0,05
14370,vw_geo_sfpd_cr_switrs_all_types_col_cty_union.fid-c18a0c2_186644fdb18_-ec1,24409,24334000.0,8239000.0,161010176,37.7822446830888,-122.413942666066,SFPD-CROSSROADS,CITY STREET,12/13/2016 09:00:00 AM,2016 December 13,09:00:00,2016,December,Tuesday,LEAVENWORTH ST,GOLDEN GATE AVE,141.0,Clear,Injury (Complaint of Pain),Vehicle/Pedestrian,Pedestrian,"In Road, Including Shoulder",Dry,No Unusual Condition,Daylight,Midblock > 20ft,0.0,1,1.0,Pedestrian,West,Entering Traffic,Driver,North,Proceeding Straight,POINT (-122.41394 37.782246),20.0,5.0,10.0,36.0,09
14374,vw_geo_sfpd_cr_switrs_all_types_col_cty_union.fid-c18a0c2_186644fdb18_-173d,47337,24755000.000000004,9303000.0,190352292,37.7943163929,-122.403067482,SFPD-INTERIM DB,CITY STREET,05/17/2019 12:06:00 AM,2019 May 17,00:06:00,2019,May,Friday,MONTGOMERY ST,COMMERCIAL ST,37.0,Cloudy,Injury (Other Visible),Vehicle/Pedestrian,Pedestrian,Crossing Not in Crosswalk,Wet,No Unusual Condition,Dark - Street Lights,Midblock > 20ft,0.0,1,1.0,Pedestrian,East,Other,Driver,South,Proceeding Straight,POINT (-122.40307 37.794315),104.0,6.0,3.0,6.0,00
14382,vw_geo_sfpd_cr_switrs_all_types_col_cty_union.fid-c18a0c2_186644fdb18_-1bef,46655,24048000.0,,190111628,37.7656058386,-122.410486689,SFPD-INTERIM DB,CITY STREET,02/14/2019 09:22:00 AM,2019 February 14,09:22:00,2019,February,Thursday,16TH ST,BRYANT ST,0.0,Raining,Injury (Complaint of Pain),Vehicle/Pedestrian,Pedestrian,"In Road, Including Shoulder",Wet,No Unusual Condition,Daylight,Intersection <= 20ft,0.0,1,1.0,Driver,East,Making Left Turn,Pedestrian,West,Other,POINT (-122.410484 37.765606),53.0,3.0,9.0,20.0,09
14385,vw_geo_sfpd_cr_switrs_all_types_col_cty_union.fid-c18a0c2_186644fdb18_-10ae,23429,24519000.000000004,5659000.0,141027204,37.7857910987495,-122.396389892479,SFPD-CROSSROADS,CITY STREET,12/06/2014 02:26:00 AM,2014 December 06,02:26:00,2014,December,Saturday,FOLSOM ST,02ND ST,128.0,Raining,Fatal,Vehicle/Pedestrian,Pedestrian,Crossing Not in Crosswalk,Wet,No Unusual Condition,Dark - Street Lights,Midblock > 20ft,1.0,0,1.0,Pedestrian,North,Not Stated,Driver,East,Proceeding Straight,POINT (-122.39639 37.78579),30.0,1.0,10.0,8.0,02
14393,vw_geo_sfpd_cr_switrs_all_types_col_cty_union.fid-c18a0c2_186644fdb18_-14f0,15775,24313000.000000004,,140507035,37.7762305203006,-122.414711003362,SFPD-CROSSROADS,CITY STREET,10/26/2014 04:12:00 PM,2014 October 26,16:12:00,2014,October,Sunday,09TH ST,MISSION ST,0.0,Clear,Injury (Complaint of Pain),Vehicle/Pedestrian,Pedestrian,Crossing in Crosswalk at Intersection,Dry,No Unusual Condition,Daylight,Intersection <= 20ft,0.0,1,1.0,Driver,North,Making Right Turn,Pedestrian,West,Proceeding Straight,POINT (-122.41471 37.77623),32.0,1.0,10.0,34.0,16
14408,vw_geo_sfpd_cr_switrs_all_types_col_cty_union.fid-c18a0c2_186644fdb18_-d9b,24993,24929000.0,,160909522,37.7839325770222,-122.412595276832,SFPD-CROSSROADS,CITY STREET,11/08/2016 07:55:00 AM,2016 November 08,07:55:00,2016,November,Tuesday,JONES ST,EDDY ST,0.0,Clear,Injury (Complaint of Pain),Head-On,Pedestrian,Crossing in Crosswalk at Intersection,Dry,No Unusual Condition,Daylight,Intersection <= 20ft,0.0,1,,Pedestrian,East,Entering Traffic,Driver,South,Making Left Turn,POINT (-122.4126 37.78393),20.0,5.0,10.0,36.0,07
14423,vw_geo_sfpd_cr_switrs_all_types_col_cty_union.fid-c18a0c2_186644fdb18_-8e7,27213,24666000.0,,160221467,37.7905712252074,-122.398589510286,SFPD-CROSSROADS,CITY STREET,03/16/2016 01:30:00 PM,2016 March 16,13:30:00,2016,March,Wednesday,01ST ST,STEVENSON ST,0.0,Clear,Injury (Other Visible),Vehicle/Pedestrian,Pedestrian,Crossing Not in Crosswalk,Dry,No Unusual Condition,Daylight,Intersection <= 20ft,0.0,1,1.0,Pedestrian,West,Other,Driver,South,Proceeding Straight,POINT (-122.39859 37.790573),108.0,6.0,10.0,8.0,13
14438,vw_geo_sfpd_cr_switrs_all_types_col_cty_union.fid-c18a0c2_186644fdb18_-191e,40377,27142000.0,,180827647,37.7603584597,-122.464981054,SFPD-INTERIM DB,CITY STREET,10/31/2018 05:17:00 PM,2018 October 31,17:17:00,2018,October,Wednesday,KIRKHAM ST,08TH AVE,0.0,Clear,Injury (Complaint of Pain),Head-On,Pedestrian,Crossing in Crosswalk at Intersection,Dry,No Unusual Condition,Daylight,Intersection <= 20ft,0.0,1,1.0,Driver,West,Making Right Turn,Pedestrian,South,Proceeding Straight,POINT (-122.46498 37.760357),109.0,10.0,8.0,14.0,17
14440,vw_geo_sfpd_cr_switrs_all_types_col_cty_union.fid-c18a0c2_186644fdb18_-ff2,1276,21426000.0,,130799494,37.7142094837665,-122.436176465367,SFPD-CROSSROADS,CITY STREET,09/22/2013 05:39:00 PM,2013 September 22,17:39:00,2013,September,Sunday,NAPLES ST,GENEVA AVE,0.0,Clear,Injury (Other Visible),Vehicle/Pedestrian,Pedestrian,Crossing in Crosswalk at Intersection,Dry,No Unusual Condition,Daylight,Intersection <= 20ft,0.0,1,1.0,Driver,West,Making Left Turn,Pedestrian,East,Proceeding Straight,POINT (-122.43618 37.71421),58.0,9.0,1.0,7.0,17
14442,vw_geo_sfpd_cr_switrs_all_types_col_cty_union.fid-c18a0c2_186644fdb18_-b83,49462,26502000.0,,190876189,37.7871304347,-122.425046953,SFPD-INTERIM DB,CITY STREET,11/19/2019 05:37:00 PM,2019 November 19,17:37:00,2019,November,Tuesday,SUTTER ST,GOUGH ST,0.0,Clear,Injury (Other Visible),Vehicle/Pedestrian,Pedestrian,Crossing in Crosswalk at Intersection,Dry,No Unusual Condition,Dark - Street Lights,Intersection <= 20ft,0.0,1,1.0,Driver,West,Making Left Turn,Pedestrian,East,Proceeding Straight,POINT (-122.42505 37.787132),100.0,4.0,11.0,30.0,17
14448,vw_geo_sfpd_cr_switrs_all_types_col_cty_union.fid-c18a0c2_186644fdb18_-695,28462,24781000.0,,160638420,37.7951444647793,-122.406475551569,SFPD-CROSSROADS,CITY STREET,08/08/2016 09:05:00 AM,2016 August 08,09:05:00,2016,August,Monday,WASHINGTON ST,GRANT AVE,0.0,Clear,Injury (Other Visible),Vehicle/Pedestrian,Pedestrian,Crossing in Crosswalk at Intersection,Dry,No Unusual Condition,Daylight,Intersection <= 20ft,0.0,1,1.0,Driver,West,Proceeding Straight,Pedestrian,North,Proceeding Straight,POINT (-122.40648 37.795143),104.0,6.0,3.0,6.0,09
14460,vw_geo_sfpd_cr_switrs_all_types_col_cty_union.fid-c18a0c2_186644fdb18_-985,50490,24299000.0,,190944532,37.7762213559,-122.411606112,SFPD-INTERIM DB,CITY STREET,12/16/2019 02:30:00 PM,2019 December 16,14:30:00,2019,December,Monday,08TH ST,HOWARD ST,0.0,Clear,Injury (Other Visible),Vehicle/Pedestrian,Pedestrian,Crossing in Crosswalk at Intersection,Dry,No Unusual Condition,Daylight,Intersection <= 20ft,0.0,1,1.0,Driver,South,Making Left Turn,Pedestrian,East,Proceeding Straight,POINT (-122.411606 37.776222),32.0,1.0,10.0,34.0,14
14473,vw_geo_sfpd_cr_switrs_all_types_col_cty_union.fid-c18a0c2_186644fdb18_-1cb7,25907,24894000.0,5169000.0,150313541,37.785492647464,-122.407843813445,SFPD-CROSSROADS,CITY STREET,04/10/2015 02:33:00 PM,2015 April 10,14:33:00,2015,April,Friday,ELLIS ST,POWELL ST,3.0,Clear,Injury (Complaint of Pain),Vehicle/Pedestrian,Pedestrian,Crossing in Crosswalk at Intersection,Dry,No Unusual Condition,Daylight,Intersection <= 20ft,0.0,1,1.0,Pedestrian,South,Proceeding Straight,Driver,East,Proceeding Straight,POINT (-122.407845 37.785492),19.0,6.0,3.0,8.0,14
14474,vw_geo_sfpd_cr_switrs_all_types_col_cty_union.fid-c18a0c2_186644fdb18_-16aa,47092,22102000.0,,190378793,37.7229665717,-122.444746625,SFPD-INTERIM DB,CITY STREET,05/27/2019 08:00:00 AM,2019 May 27,08:00:00,2019,May,Monday,SAN JOSE AVE,OCEAN AVE,0.0,Cloudy,Injury (Complaint of Pain),Vehicle/Pedestrian,Pedestrian,Crossing in Crosswalk at Intersection,Dry,No Unusual Condition,Daylight,Intersection <= 20ft,0.0,1,1.0,Driver,South,Making Left Turn,Pedestrian,West,Proceeding Straight,POINT (-122.44475 37.722965),94.0,9.0,1.0,28.0,08
14483,vw_geo_sfpd_cr_switrs_all_types_col_cty_union.fid-c18a0c2_186644fdb18_-1bd9,37793,23069000.0,,140139733,37.7269907004,-122.474900344,SFPD-CROSSROADS,CITY STREET,02/16/2014 05:00:00 PM,2014 February 16,17:00:00,2014,February,Sunday,19TH AVE,WINSTON DR,0.0,Cloudy,Injury (Complaint of Pain),Vehicle/Pedestrian,Pedestrian,Crossing in Crosswalk at Intersection,Dry,No Unusual Condition,Daylight,Intersection <= 20ft,0.0,1,1.0,Driver,South,Stopped In Road,Pedestrian,East,Proceeding Straight,POINT (-122.4749 37.72699),41.0,10.0,8.0,16.0,17
14486,vw_geo_sfpd_cr_switrs_all_types_col_cty_union.fid-c18a0c2_186644fdb18_-188b,46221,20499000.0,,190279765,37.7316629387,-122.390164401,SFPD-INTERIM DB,CITY STREET,04/19/2019 07:12:00 PM,2019 April 19,19:12:00,2019,April,Friday,LANE ST,REVERE AVE,0.0,Fog,Injury (Other Visible),Vehicle/Pedestrian,Pedestrian,Crossing in Crosswalk at Intersection,Dry,Reduced Roadway Width,Daylight,Intersection <= 20ft,0.0,1,1.0,Driver,East,Making Left Turn,Pedestrian,South,Proceeding Straight,POINT (-122.39017 37.731663),86.0,2.0,9.0,1.0,19
14488,vw_geo_sfpd_cr_switrs_all_types_col_cty_union.fid-c18a0c2_186644fdb18_-8b6,27299,24644000.0,7749000.0,130444871,37.788910957658,-122.403663714687,SFPD-CROSSROADS,CITY STREET,05/30/2013 08:35:00 AM,2013 May 30,08:35:00,2013,May,Thursday,KEARNY ST,POST ST,6.0,Clear,Injury (Complaint of Pain),Vehicle/Pedestrian,Pedestrian,Crossing in Crosswalk at Intersection,Dry,No Unusual Condition,Daylight,Intersection <= 20ft,0.0,1,1.0,Driver,North,Making Left Turn,Pedestrian,West,Not Stated,POINT (-122.40366 37.78891),19.0,6.0,3.0,8.0,08
14489,vw_geo_sfpd_cr_switrs_all_types_col_cty_union.fid-c18a0c2_186644fdb18_-193e,46963,24378000.000000004,13056000.0,190246855,37.7681643705,-122.422201545,SFPD-INTERIM DB,CITY STREET,04/07/2019 05:23:00 PM,2019 April 07,17:23:00,2019,April,Sunday,VALENCIA ST,14TH ST,9.0,Clear,Injury (Complaint of Pain),Vehicle/Pedestrian,Pedestrian,Crossing in Crosswalk at Intersection,Dry,No Unusual Condition,Daylight,Intersection <= 20ft,0.0,1,1.0,Bicyclist,South,Proceeding Straight,Pedestrian,East,Proceeding Straight,POINT (-122.4222 37.768166),53.0,3.0,2.0,20.0,17
14493,vw_geo_sfpd_cr_switrs_all_types_col_cty_union.fid-c18a0c2_186644fdb18_-106f,46440,23069000.0,927102.0,190027031,37.727793597,-122.474691813,SFPD-INTERIM DB,CITY STREET,01/11/2019 03:54:00 PM,2019 January 11,15:54:00,2019,January,Friday,19TH AVE,WINSTON DR,328.0,Clear,Injury (Complaint of Pain),Vehicle/Pedestrian,Pedestrian,"In Road, Including Shoulder",Wet,No Unusual Condition,Daylight,Midblock > 20ft,0.0,1,1.0,Driver,South,Backing,Pedestrian,East,Stopped,POINT (-122.47469 37.727795),41.0,10.0,8.0,41.0,15
14494,vw_geo_sfpd_cr_switrs_all_types_col_cty_union.fid-c18a0c2_186644fdb18_-1374,47775,26059000.0,,190540908,37.7747782361,-122.439466217,SFPD-INTERIM DB,CITY STREET,07/25/2019 06:17:00 PM,2019 July 25,18:17:00,2019,July,Thursday,BRODERICK ST,HAYES ST,0.0,Clear,Injury (Other Visible),Vehicle/Pedestrian,Pedestrian,Crossing in Crosswalk at Intersection,Dry,No Unusual Condition,Daylight,Intersection <= 20ft,0.0,1,1.0,Driver,South,Making Left Turn,Pedestrian,East,Proceeding Straight,POINT (-122.43947 37.774776),24.0,7.0,11.0,9.0,18
14495,vw_geo_sfpd_cr_switrs_all_types_col_cty_union.fid-c18a0c2_186644fdb18_-e15,49032,25814000.0,,190772634,37.7626707078,-122.435187963,SFPD-INTERIM DB,CITY STREET,10/13/2019 08:44:00 PM,2019 October 13,20:44:00,2019,October,Sunday,CASTRO ST,MARKET ST,0.0,Clear,Injury (Severe),Vehicle/Pedestrian,Pedestrian,Crossing in Crosswalk at Intersection,Dry,No Unusual Condition,Dark - Street Lights,Intersection <= 20ft,0.0,1,1.0,Driver,South,Making Left Turn,Pedestrian,West,Proceeding Straight,POINT (-122.43519 37.762672),113.0,3.0,5.0,5.0,20
14498,vw_geo_sfpd_cr_switrs_all_types_col_cty_union.fid-c18a0c2_186644fdb18_-1065,48059,27154000.0,7286000.0,190685297,37.7640160891,-122.46678657,SFPD-INTERIM DB,CITY STREET,09/13/2019 09:45:00 PM,2019 September 13,21:45:00,2019,September,Friday,IRVING ST,09TH AVE,138.0,Clear,Injury (Other Visible),Vehicle/Pedestrian,Pedestrian,"In Road, Including Shoulder",Dry,No Unusual Condition,Dark - Street Lights,Midblock > 20ft,0.0,1,1.0,Driver,East,Proceeding Straight,Pedestrian,East,Other,POINT (-122.46679 37.764015),109.0,10.0,11.0,14.0,21
14505,vw_geo_sfpd_cr_switrs_all_types_col_cty_union.fid-c18a0c2_186644fdb18_-1310,48218,23058000.0,,190566114,37.7208844302,-122.478985558,SFPD-INTERIM DB,CITY STREET,08/03/2019 02:24:00 PM,2019 August 03,14:24:00,2019,August,Saturday,HOLLOWAY AVE,ARELLANO AVE,0.0,Cloudy,Injury (Complaint of Pain),Vehicle/Pedestrian,Pedestrian,Crossing in Crosswalk at Intersection,Dry,No Unusual Condition,Daylight,Intersection <= 20ft,0.0,1,1.0,Driver,East,Proceeding Straight,Pedestrian,North,Proceeding Straight,POINT (-122.47899 37.720886),42.0,10.0,8.0,16.0,14
14511,vw_geo_sfpd_cr_switrs_all_types_col_cty_union.fid-c18a0c2_186644fdb18_-ea1,48722,24509000.0,,190756688,37.7867654833,-122.392052962,SFPD-INTERIM DB,CITY STREET,10/08/2019 09:51:00 AM,2019 October 08,09:51:00,2019,October,Tuesday,HARRISON ST,FREMONT ST,0.0,Clear,Injury (Severe),Head-On,Pedestrian,Crossing in Crosswalk at Intersection,Dry,No Unusual Condition,Daylight,Intersection <= 20ft,0.0,1,1.0,Driver,North,Making Right Turn,Pedestrian,South,Proceeding Straight,POINT (-122.39205 37.786766),30.0,1.0,10.0,8.0,09
14518,vw_geo_sfpd_cr_switrs_all_types_col_cty_union.fid-c18a0c2_186644fdb18_-14df,46375,24119000.0,,190466702,37.7569020085,-122.42111754,SFPD-INTERIM DB,CITY STREET,06/28/2019 09:48:00 AM,2019 June 28,09:48:00,2019,June,Friday,VALENCIA ST,21ST ST,0.0,Clear,Injury (Severe),Vehicle/Pedestrian,Pedestrian,"In Road, Including Shoulder",Dry,No Unusual Condition,Daylight,Intersection <= 20ft,0.0,1,1.0,Pedestrian,North,Other,Driver,North,Making Right Turn,POINT (-122.42112 37.7569),52.0,3.0,5.0,20.0,09
14536,vw_geo_sfpd_cr_switrs_all_types_col_cty_union.fid-c18a0c2_186644fdb18_-808,27650,24740000.000000004,7753000.0,150048481,37.7914721018675,-122.404175430815,SFPD-CROSSROADS,CITY STREET,01/16/2015 04:15:00 PM,2015 January 16,16:15:00,2015,January,Friday,MONTGOMERY ST,PINE ST,75.0,Clear,Injury (Complaint of Pain),Rear End,Pedestrian,Not in Road,Dry,No Unusual Condition,Daylight,Intersection Rear End <= 150ft,0.0,1,1.0,Bicyclist,South,Proceeding Straight,Pedestrian,South,Proceeding Straight,POINT (-122.404175 37.791473),108.0,6.0,3.0,8.0,16
14551,vw_geo_sfpd_cr_switrs_all_types_col_cty_union.fid-c18a0c2_186644fdb18_-c29,50525,20298000.0,,190843906,37.7121794861,-122.402459479,SFPD-INTERIM DB,CITY STREET,11/07/2019 03:07:00 PM,2019 November 07,15:07:00,2019,November,Thursday,BAY SHORE BLVD,ARLETA AVE,0.0,Clear,Injury (Other Visible),Vehicle/Pedestrian,Pedestrian,Not in Road,Dry,No Unusual Condition,Daylight,Intersection <= 20ft,0.0,1,1.0,Driver,East,Passing Other Vehicle,Pedestrian,North,Other,POINT (-122.40246 37.71218),75.0,9.0,9.0,40.0,15
14559,vw_geo_sfpd_cr_switrs_all_types_col_cty_union.fid-c18a0c2_186644fdb18_-15b1,47490,20472000.0,228101.0,190425736,37.7224233726,-122.395622268,SFPD-INTERIM DB,CITY STREET,06/13/2019 02:13:00 PM,2019 June 13,14:13:00,2019,June,Thursday,03RD ST,GILMAN AVE,3.0,Clear,Injury (Complaint of Pain),Vehicle/Pedestrian,Pedestrian,Crossing in Crosswalk at Intersection,Dry,No Unusual Condition,Daylight,Intersection <= 20ft,0.0,1,1.0,Pedestrian,East,Other,Driver,North,Proceeding Straight,POINT (-122.39562 37.722424),88.0,2.0,9.0,1.0,14
14561,vw_geo_sfpd_cr_switrs_all_types_col_cty_union.fid-c18a0c2_186644fdb18_-1153,48300,27020000.0,,190644663,37.8051600894,-122.447286871,SFPD-INTERIM DB,CITY STREET,08/30/2019 02:45:00 PM,2019 August 30,14:45:00,2019,August,Friday,MARINA BLVD,BAKER ST,0.0,Clear,Injury (Other Visible),Vehicle/Pedestrian,Pedestrian,Crossing in Crosswalk at Intersection,Dry,No Unusual Condition,Daylight,Intersection <= 20ft,0.0,1,1.0,Driver,East,Stopped,Pedestrian,South,Proceeding Straight,POINT (-122.44729 37.80516),17.0,4.0,6.0,13.0,14
14565,vw_geo_sfpd_cr_switrs_all_types_col_cty_union.fid-c18a0c2_186644fdb18_-1a37,46879,27948000.0,,190200378,37.7623323985,-122.504987664,SFPD-INTERIM DB,CITY STREET,03/20/2019 06:22:00 PM,2019 March 20,18:22:00,2019,March,Wednesday,45TH AVE,IRVING ST,0.0,Clear,Injury (Complaint of Pain),Vehicle/Pedestrian,Pedestrian,Crossing in Crosswalk at Intersection,Dry,No Unusual Condition,Dusk - Dawn,Intersection <= 20ft,0.0,1,1.0,Driver,North,Making Left Turn,Pedestrian,West,Proceeding Straight,POINT (-122.50499 37.762333),39.0,10.0,7.0,35.0,18
14572,vw_geo_sfpd_cr_switrs_all_types_col_cty_union.fid-c18a0c2_186644fdb18_-83a,36913,22576000.0,,151049890,37.720033301405,-122.456133498804,SFPD-CROSSROADS,CITY STREET,12/04/2015 07:17:00 AM,2015 December 04,07:17:00,2015,December,Friday,PLYMOUTH AVE,GRAFTON AVE,0.0,Clear,Injury (Complaint of Pain),Vehicle/Pedestrian,Pedestrian,Crossing in Crosswalk at Intersection,Dry,No Unusual Condition,Daylight,Intersection <= 20ft,0.0,1,1.0,Driver,North,Stopped In Road,Pedestrian,East,Proceeding Straight,POINT (-122.45613 37.72003),64.0,10.0,1.0,24.0,07
14574,vw_geo_sfpd_cr_switrs_all_types_col_cty_union.fid-c18a0c2_186644fdb18_-18f5,40487,27060000.0,10293000.0,180007429,37.7637809417,-122.456787393,SFPD-INTERIM DB,CITY STREET,01/03/2018 05:41:00 PM,2018 January 03,17:41:00,2018,January,Wednesday,PARNASSUS AVE,HILLWAY AVE,36.0,Raining,Injury (Complaint of Pain),Vehicle/Pedestrian,Pedestrian,Crossing Not in Crosswalk,Wet,No Unusual Condition,Dark - Street Lights,Midblock > 20ft,0.0,1,1.0,Pedestrian,North,Other,Driver,West,Proceeding Straight,POINT (-122.45679 37.763783),110.0,7.0,11.0,14.0,17
14580,vw_geo_sfpd_cr_switrs_all_types_col_cty_union.fid-c18a0c2_186644fdb18_-1222,46949,26540000.0,13432000.0,190227805,37.7930941752,-122.422522444,SFPD-INTERIM DB,CITY STREET,03/31/2019 05:20:00 PM,2019 March 31,17:20:00,2019,March,Sunday,WASHINGTON ST,VAN NESS AVE,102.0,Clear,Injury (Other Visible),Vehicle/Pedestrian,Pedestrian,Crossing Not in Crosswalk,Dry,No Unusual Condition,Daylight,Midblock > 20ft,0.0,1,1.0,Pedestrian,North,Proceeding Straight,Driver,West,Backing,POINT (-122.42252 37.793095),105.0,4.0,3.0,32.0,17
14585,vw_geo_sfpd_cr_switrs_all_types_col_cty_union.fid-c18a0c2_186644fdb18_-12af,22522,26379000.0,8848000.0,140818868,37.7758611145943,-122.446482802427,SFPD-CROSSROADS,CITY STREET,09/28/2014 04:35:00 PM,2014 September 28,16:35:00,2014,September,Sunday,MASONIC AVE,FULTON ST,22.0,Clear,Injury (Complaint of Pain),Broadside,Pedestrian,Crossing in Crosswalk at Intersection,Dry,No Unusual Condition,Daylight,Midblock > 20ft,0.0,1,1.0,Pedestrian,West,Proceeding Straight,Driver,North,Proceeding Straight,POINT (-122.44648 37.77586),97.0,7.0,11.0,18.0,16
14596,vw_geo_sfpd_cr_switrs_all_types_col_cty_union.fid-c18a0c2_186644fdb18_-1447,44104,27840000.0,,170152670,37.7798398340488,-122.490096579061,SFPD-CROSSROADS,CITY STREET,02/22/2017 05:01:00 PM,2017 February 22,17:01:00,2017,February,Wednesday,GEARY BLVD,30TH AVE,0.0,Clear,Injury (Other Visible),Broadside,Pedestrian,Crossing in Crosswalk at Intersection,Dry,No Unusual Condition,Daylight,Intersection <= 20ft,0.0,1,1.0,Pedestrian,South,Proceeding Straight,Driver,East,Proceeding Straight,POINT (-122.4901 37.77984),8.0,8.0,4.0,29.0,17
14604,vw_geo_sfpd_cr_switrs_all_types_col_cty_union.fid-c18a0c2_186644fdb18_-1b05,46783,21208000.0,4427000.0,190162671,37.738934232,-122.415197328,SFPD-INTERIM DB,CITY STREET,03/06/2019 08:50:00 AM,2019 March 06,08:50:00,2019,March,Wednesday,CORTLAND AVE,ANDERSON ST,4.0,Raining,Injury (Complaint of Pain),Vehicle/Pedestrian,Pedestrian,Crossing in Crosswalk at Intersection,Wet,No Unusual Condition,Daylight,Intersection <= 20ft,0.0,1,1.0,Driver,West,Proceeding Straight,Pedestrian,North,Other,POINT (-122.4152 37.738934),83.0,9.0,2.0,2.0,08
14606,vw_geo_sfpd_cr_switrs_all_types_col_cty_union.fid-c18a0c2_186644fdb18_-1e11,24902,24926000.0,,180977333,37.7850745965,-122.411139801,SFPD-INTERIM DB,CITY STREET,12/28/2018 04:08:00 PM,2018 December 28,16:08:00,2018,December,Friday,TAYLOR ST,ELLIS ST,0.0,Clear,Injury (Other Visible),Vehicle/Pedestrian,Pedestrian,Crossing in Crosswalk at Intersection,Dry,No Unusual Condition,Daylight,Intersection <= 20ft,0.0,1,1.0,Bicyclist,East,Making Right Turn,Pedestrian,East,Proceeding Straight,POINT (-122.41114 37.785076),20.0,5.0,10.0,36.0,16
14613,vw_geo_sfpd_cr_switrs_all_types_col_cty_union.fid-c18a0c2_186644fdb18_-10eb,47018,25981000.0,,190302225,37.7666620304,-122.433331905,SFPD-INTERIM DB,CITY STREET,04/28/2019 02:06:00 PM,2019 April 28,14:06:00,2019,April,Sunday,NOE ST,HENRY ST,0.0,Clear,Injury (Severe),Vehicle/Pedestrian,Pedestrian,Crossing Not in Crosswalk,Dry,No Unusual Condition,Daylight,Intersection <= 20ft,0.0,1,1.0,Pedestrian,East,Proceeding Straight,Driver,South,Proceeding Straight,POINT (-122.433334 37.766663),28.0,7.0,5.0,5.0,14
14614,vw_geo_sfpd_cr_switrs_all_types_col_cty_union.fid-c18a0c2_186644fdb18_-7ae,10235,24076000.0,,140724839,37.7539020522099,-122.417505901163,SFPD-CROSSROADS,CITY STREET,08/28/2014 05:15:00 PM,2014 August 28,17:15:00,2014,August,Thursday,CAPP ST,23RD ST,0.0,Clear,Injury (Complaint of Pain),Vehicle/Pedestrian,Pedestrian,Crossing in Crosswalk at Intersection,Dry,No Unusual Condition,Daylight,Intersection <= 20ft,0.0,1,1.0,Driver,South,Making Left Turn,Pedestrian,East,Proceeding Straight,POINT (-122.4175 37.753902),53.0,3.0,2.0,20.0,17
14625,vw_geo_sfpd_cr_switrs_all_types_col_cty_union.fid-c18a0c2_186644fdb18_-9b4,8258,25768000.0,4953000.0,180865766,37.7521845943,-122.438585174,SFPD-INTERIM DB,CITY STREET,11/14/2018 05:27:00 PM,2018 November 14,17:27:00,2018,November,Wednesday,DOUGLASS ST,ELIZABETH ST,130.0,Clear,Injury (Other Visible),Vehicle/Pedestrian,Pedestrian,Not in Road,Dry,No Unusual Condition,Dark - Street Lights,Midblock > 20ft,0.0,1,1.0,Driver,East,Proceeding Straight,Pedestrian,East,Stopped In Road,POINT (-122.43858 37.752186),84.0,3.0,5.0,22.0,17