,id,unique_id,cnn_intrsctn_fkey,cnn_sgmt_fkey,case_id_pkey,tb_latitude,tb_longitude,geocode_source,geocode_location,collision_datetime,collision_date,collision_time,accident_year,month,day_of_week,primary_rd,secondary_rd,distance,weather_1,collision_severity,type_of_collision,mviw,ped_action,road_surface,road_cond_1,lighting,intersection,number_killed,number_injured,party_at_fault,party1_type,party1_dir_of_travel,party1_move_pre_acc,party2_type,party2_dir_of_travel,party2_move_pre_acc,point,Neighborhoods,Current Police Districts,Current Supervisor Districts,Analysis Neighborhoods,hour
14628,vw_geo_sfpd_cr_switrs_all_types_col_cty_union.fid-c18a0c2_186644fdb18_-6fa,28248,24996000.0,12225000.0,140792717,37.7931420354657,-122.407719726837,SFPD-CROSSROADS,CITY STREET,09/20/2014 09:48:00 AM,2014 September 20,09:48:00,2014,September,Saturday,STOCKTON ST,SACRAMENTO ST,13.0,Clear,Fatal,Vehicle/Pedestrian,Pedestrian,Crossing in Crosswalk at Intersection,Dry,No Unusual Condition,Daylight,Intersection <= 20ft,1.0,0,1.0,Driver,South,Making Left Turn,Pedestrian,West,Proceeding Straight,POINT (-122.40772 37.79314),16.0,6.0,3.0,6.0,09
14663,vw_geo_sfpd_cr_switrs_all_types_col_cty_union.fid-c18a0c2_186644fdb18_-1eac,21522,24466000.0,8895000.0,180933733,37.7800697349,-122.420441006,SFPD-INTERIM DB,CITY STREET,12/11/2018 04:00:00 PM,2018 December 11,16:00:00,2018,December,Tuesday,MCALLISTER ST,VAN NESS AVE,56.0,Clear,Injury (Complaint of Pain),Vehicle/Pedestrian,Pedestrian,"In Road, Including Shoulder",Dry,No Unusual Condition,Daylight,Midblock > 20ft,0.0,1,1.0,Pedestrian,West,Stopped In Road,Driver,West,Proceeding Straight,POINT (-122.42044 37.78007),21.0,4.0,11.0,39.0,16
14677,vw_geo_sfpd_cr_switrs_all_types_col_cty_union.fid-c18a0c2_186644fdb18_-1c74,46589,25698000.0,,190086491,37.7647834522,-122.424102684,SFPD-INTERIM DB,CITY STREET,02/04/2019 08:00:00 AM,2019 February 04,08:00:00,2019,February,Monday,16TH ST,GUERRERO ST,0.0,Cloudy,Injury (Other Visible),Vehicle/Pedestrian,Pedestrian,Crossing in Crosswalk at Intersection,Wet,No Unusual Condition,Daylight,Intersection <= 20ft,0.0,1,1.0,Driver,East,Making Left Turn,Pedestrian,South,Not Stated,POINT (-122.4241 37.764782),37.0,3.0,5.0,20.0,08
14689,vw_geo_sfpd_cr_switrs_all_types_col_cty_union.fid-c18a0c2_186644fdb18_-17f2,47032,25261000.0,,190311317,37.7936837853,-122.417935758,SFPD-INTERIM DB,CITY STREET,05/01/2019 08:47:00 PM,2019 May 01,20:47:00,2019,May,Wednesday,HYDE ST,WASHINGTON ST,0.0,Clear,Injury (Complaint of Pain),Sideswipe,Pedestrian,Crossing in Crosswalk at Intersection,Dry,No Unusual Condition,Dark - Street Lights,Intersection <= 20ft,0.0,1,1.0,Driver,North,Making Left Turn,Pedestrian,East,Proceeding Straight,POINT (-122.41794 37.793682),16.0,6.0,3.0,32.0,20
14699,vw_geo_sfpd_cr_switrs_all_types_col_cty_union.fid-c18a0c2_186644fdb18_-1b94,47699,25663000.0,1120000.0,190133901,37.7564510758,-122.42860523,SFPD-INTERIM DB,CITY STREET,02/22/2019 05:19:00 PM,2019 February 22,17:19:00,2019,February,Friday,21ST ST,CHURCH ST,207.0,Clear,Injury (Other Visible),Vehicle/Pedestrian,Pedestrian,Crossing Not in Crosswalk,Dry,No Unusual Condition,Daylight,Midblock > 20ft,0.0,1,1.0,Driver,East,Proceeding Straight,Pedestrian,South,Proceeding Straight,POINT (-122.428604 37.75645),52.0,3.0,5.0,22.0,17
14707,vw_geo_sfpd_cr_switrs_all_types_col_cty_union.fid-c18a0c2_186644fdb18_-1d40,23990,24632000.0,,170148895,37.7844787450467,-122.404266872764,SFPD-CROSSROADS,CITY STREET,02/21/2017 02:42:00 PM,2017 February 21,14:42:00,2017,February,Tuesday,MISSION ST,04TH ST,0.0,Clear,Injury (Complaint of Pain),Vehicle/Pedestrian,Pedestrian,Crossing in Crosswalk at Intersection,Wet,No Unusual Condition,Daylight,Intersection <= 20ft,0.0,1,,Driver,South,Making Left Turn,Pedestrian,East,Proceeding Straight,POINT (-122.40427 37.784477),32.0,1.0,10.0,34.0,14
14708,vw_geo_sfpd_cr_switrs_all_types_col_cty_union.fid-c18a0c2_186644fdb18_-c83,50325,24129000.0,12026000.0,190824207,37.7602245541,-122.417012185,SFPD-INTERIM DB,CITY STREET,10/31/2019 03:26:00 PM,2019 October 31,15:26:00,2019,October,Thursday,SOUTH VAN NESS AVE,19TH ST,52.0,Clear,Fatal,Vehicle/Pedestrian,Pedestrian,Crossing Not in Crosswalk,Dry,No Unusual Condition,Daylight,Midblock > 20ft,1.0,0,1.0,Pedestrian,West,Entering Traffic,Driver,South,Making Left Turn,POINT (-122.417015 37.760223),53.0,3.0,2.0,20.0,15
14714,vw_geo_sfpd_cr_switrs_all_types_col_cty_union.fid-c18a0c2_186644fdb18_-73d,10749,25679000.0,4873101.0,180779593,37.7582140836,-122.42575362,SFPD-INTERIM DB,CITY STREET,10/14/2018 03:23:00 PM,2018 October 14,15:23:00,2018,October,Sunday,DOLORES ST,20TH ST,6.0,Clear,Injury (Complaint of Pain),Vehicle/Pedestrian,Pedestrian,Crossing in Crosswalk at Intersection,Dry,No Unusual Condition,Daylight,Intersection <= 20ft,0.0,1,1.0,Driver,South,Making Left Turn,Pedestrian,North,Proceeding Straight,POINT (-122.42575 37.758213),52.0,3.0,5.0,20.0,15
14727,vw_geo_sfpd_cr_switrs_all_types_col_cty_union.fid-c18a0c2_186644fdb18_-dcc,24888,24897000.0,5059000.0,130390365,37.7842694544821,-122.409938647902,SFPD-CROSSROADS,CITY STREET,05/12/2013 04:35:00 PM,2013 May 12,16:35:00,2013,May,Sunday,EDDY ST,MASON ST,184.0,Clear,Injury (Complaint of Pain),Vehicle/Pedestrian,Pedestrian,Crossing Not in Crosswalk,Dry,No Unusual Condition,Daylight,Midblock > 20ft,0.0,1,1.0,Pedestrian,East,Entering Traffic,Driver,East,Proceeding Straight,POINT (-122.409935 37.78427),20.0,5.0,10.0,36.0,16
14732,vw_geo_sfpd_cr_switrs_all_types_col_cty_union.fid-c18a0c2_186644fdb18_-1339,48211,25189000.0,,190554125,37.7833704889,-122.420831851,SFPD-INTERIM DB,CITY STREET,07/30/2019 11:22:00 AM,2019 July 30,11:22:00,2019,July,Tuesday,VAN NESS AVE,WILLOW ST,0.0,Clear,Injury (Complaint of Pain),Vehicle/Pedestrian,Pedestrian,Crossing Not in Crosswalk,Dry,No Unusual Condition,Daylight,Intersection <= 20ft,0.0,1,,Driver,South,Backing,Pedestrian,North,Proceeding Straight,POINT (-122.42083 37.78337),20.0,4.0,10.0,36.0,11
14733,vw_geo_sfpd_cr_switrs_all_types_col_cty_union.fid-c18a0c2_186644fdb18_-15e4,47468,24282000.0,,190416917,37.7801620261,-122.407691415,SFPD-INTERIM DB,CITY STREET,06/10/2019 12:05:00 PM,2019 June 10,12:05:00,2019,June,Monday,06TH ST,NATOMA ST,0.0,Clear,Injury (Complaint of Pain),Vehicle/Pedestrian,Pedestrian,Crossing Not in Crosswalk,Dry,No Unusual Condition,Daylight,Intersection <= 20ft,0.0,1,1.0,Driver,North,Making Left Turn,Pedestrian,West,Proceeding Straight,POINT (-122.40769 37.780163),32.0,1.0,10.0,34.0,12
14734,vw_geo_sfpd_cr_switrs_all_types_col_cty_union.fid-c18a0c2_186644fdb18_-fb7,47990,24144000.0,,190712862,37.7586325666,-122.419052607,SFPD-INTERIM DB,CITY STREET,09/23/2019 03:38:00 PM,2019 September 23,15:38:00,2019,September,Monday,MISSION ST,20TH ST,0.0,Clear,Injury (Other Visible),Broadside,Pedestrian,Crossing Not in Crosswalk,Dry,No Unusual Condition,Daylight,Intersection <= 20ft,0.0,2,1.0,Pedestrian,West,Entering Traffic,Driver,North,Proceeding Straight,POINT (-122.41905 37.758633),53.0,3.0,2.0,20.0,15
14736,vw_geo_sfpd_cr_switrs_all_types_col_cty_union.fid-c18a0c2_186644fdb18_-1a62,46323,25853000.0,,190193507,37.7715951033,-122.422526344,SFPD-INTERIM DB,CITY STREET,03/18/2019 10:06:00 AM,2019 March 18,10:06:00,2019,March,Monday,VALENCIA ST,MCCOPPIN ST,0.0,Clear,Injury (Complaint of Pain),Vehicle/Pedestrian,Pedestrian,Crossing in Crosswalk at Intersection,Dry,No Unusual Condition,Daylight,Intersection <= 20ft,0.0,1,1.0,Driver,South,Proceeding Straight,Pedestrian,East,Proceeding Straight,POINT (-122.42252 37.771595),32.0,1.0,10.0,20.0,10
14738,vw_geo_sfpd_cr_switrs_all_types_col_cty_union.fid-c18a0c2_186644fdb18_-198e,46951,23919000.0,338000.0,190227974,37.7772455137,-122.404036175,SFPD-INTERIM DB,CITY STREET,03/31/2019 05:51:00 PM,2019 March 31,17:51:00,2019,March,Sunday,06TH ST,HARRISON ST,14.0,Clear,Injury (Complaint of Pain),Vehicle/Pedestrian,Pedestrian,Crossing in Crosswalk at Intersection,Dry,No Unusual Condition,Daylight,Intersection <= 20ft,0.0,1,1.0,Driver,South,Proceeding Straight,Pedestrian,West,Not Stated,POINT (-122.40404 37.777245),32.0,1.0,10.0,34.0,17
14750,vw_geo_sfpd_cr_switrs_all_types_col_cty_union.fid-c18a0c2_186644fdb18_-1a0c,46905,24293000.0,,190212884,37.7809711833,-122.408708674,SFPD-INTERIM DB,CITY STREET,03/25/2019 08:16:00 PM,2019 March 25,20:16:00,2019,March,Monday,06TH ST,MISSION ST,0.0,Raining,Injury (Other Visible),Sideswipe,Pedestrian,Crossing in Crosswalk at Intersection,Wet,No Unusual Condition,Dark - Street Lights,Intersection <= 20ft,0.0,1,1.0,Pedestrian,North,Proceeding Straight,Driver,West,Proceeding Straight,POINT (-122.40871 37.78097),32.0,1.0,10.0,34.0,20
14754,vw_geo_sfpd_cr_switrs_all_types_col_cty_union.fid-c18a0c2_186644fdb18_-da0,24985,24935000.0,5062000.0,140315563,37.7836911117655,-122.414499149198,SFPD-CROSSROADS,CITY STREET,04/16/2014 11:45:00 AM,2014 April 16,11:45:00,2014,April,Wednesday,EDDY ST,LEAVENWORTH ST,75.0,Clear,Injury (Other Visible),Vehicle/Pedestrian,Pedestrian,"In Road, Including Shoulder",Dry,No Unusual Condition,Daylight,Midblock > 20ft,0.0,1,1.0,Pedestrian,South,Other,Driver,East,Proceeding Straight,POINT (-122.4145 37.78369),20.0,5.0,10.0,36.0,11
14760,vw_geo_sfpd_cr_switrs_all_types_col_cty_union.fid-c18a0c2_186644fdb18_-1659,47421,24509000.0,,190396789,37.7867654832,-122.392052963,SFPD-INTERIM DB,CITY STREET,06/02/2019 09:45:00 PM,2019 June 02,21:45:00,2019,June,Sunday,HARRISON ST,FREMONT ST,0.0,Clear,Injury (Complaint of Pain),Vehicle/Pedestrian,Pedestrian,Crossing in Crosswalk at Intersection,Dry,No Unusual Condition,Dark - Street Lights,Intersection <= 20ft,0.0,1,1.0,Driver,West,Making Left Turn,Pedestrian,North,Proceeding Straight,POINT (-122.39205 37.786766),30.0,1.0,10.0,8.0,21
14763,vw_geo_sfpd_cr_switrs_all_types_col_cty_union.fid-c18a0c2_186644fdb18_-1a02,39689,23375000.0,12410000.0,160125085,37.7423125128801,-122.492457316548,SFPD-CROSSROADS,CITY STREET,02/11/2016 03:35:00 PM,2016 February 11,15:35:00,2016,February,Thursday,TARAVAL ST,35TH AVE,110.0,Clear,Injury (Other Visible),Vehicle/Pedestrian,Pedestrian,"In Road, Including Shoulder",Dry,No Unusual Condition,Daylight,Midblock > 20ft,0.0,1,1.0,Driver,West,Proceeding Straight,Pedestrian,North,Other,POINT (-122.492455 37.742313),40.0,10.0,7.0,35.0,15
14765,vw_geo_sfpd_cr_switrs_all_types_col_cty_union.fid-c18a0c2_186644fdb18_-7a4,10301,25607000.0,6585201.0,151019865,37.7532589681342,-122.4230412869,SFPD-CROSSROADS,CITY STREET,11/23/2015 02:13:00 PM,2015 November 23,14:13:00,2015,November,Monday,GUERRERO ST,23RD ST,112.0,Clear,Injury (Complaint of Pain),Vehicle/Pedestrian,Pedestrian,"In Road, Including Shoulder",Dry,No Unusual Condition,Daylight,Midblock > 20ft,0.0,1,1.0,Pedestrian,North,Stopped In Road,Driver,North,Slowing/Stopping,POINT (-122.42304 37.753258),52.0,3.0,5.0,20.0,14
14772,vw_geo_sfpd_cr_switrs_all_types_col_cty_union.fid-c18a0c2_186644fdb18_-1797,20089,26423000.0,4235000.0,170815260,37.7733639983252,-122.450983576204,SFPD-CROSSROADS,CITY STREET,10/06/2017 10:55:00 AM,2017 October 06,10:55:00,2017,October,Friday,COLE ST,HAYES ST,18.0,Clear,Injury (Other Visible),Vehicle/Pedestrian,Pedestrian,Crossing Not in Crosswalk,Dry,No Unusual Condition,Daylight,Intersection <= 20ft,0.0,1,1.0,Driver,East,Making Left Turn,Pedestrian,West,Proceeding Straight,POINT (-122.45098 37.773365),24.0,7.0,11.0,18.0,10
14800,vw_geo_sfpd_cr_switrs_all_types_col_cty_union.fid-c18a0c2_186644fdb18_-a4c,26492,24959000.0,12326000.0,150502506,37.7885881463347,-122.413620065521,SFPD-CROSSROADS,CITY STREET,06/09/2015 06:55:00 AM,2015 June 09,06:55:00,2015,June,Tuesday,SUTTER ST,JONES ST,23.0,Clear,Injury (Complaint of Pain),Vehicle/Pedestrian,Pedestrian,"In Road, Including Shoulder",Dry,No Unusual Condition,Daylight,Midblock > 20ft,0.0,1,1.0,Pedestrian,South,Other,Driver,West,Slowing/Stopping,POINT (-122.41362 37.78859),50.0,6.0,3.0,21.0,06
14803,vw_geo_sfpd_cr_switrs_all_types_col_cty_union.fid-c18a0c2_186644fdb18_-19bd,51159,25486000.0,12563000.0,190223461,37.8088720873,-122.413517437,SFPD-INTERIM DB,CITY STREET,03/29/2019 09:36:00 PM,2019 March 29,21:36:00,2019,March,Friday,THE EMBARCADERO,POWELL ST,335.0,Clear,Injury (Complaint of Pain),Head-On,Pedestrian,Not in Road,Dry,No Unusual Condition,Dark - Street Lights,Midblock > 20ft,0.0,1,1.0,Bicyclist,West,Proceeding Straight,Pedestrian,East,Proceeding Straight,POINT (-122.41352 37.808872),99.0,6.0,3.0,23.0,21
14805,vw_geo_sfpd_cr_switrs_all_types_col_cty_union.fid-c18a0c2_186644fdb18_-19c7,39926,23520000.0,8516000.0,140340582,37.7478819905466,-122.507778787805,SFPD-CROSSROADS,CITY STREET,04/24/2014 03:43:00 PM,2014 April 24,15:43:00,2014,April,Thursday,GREAT HWY,PACHECO ST,450.0,Cloudy,Injury (Other Visible),Vehicle/Pedestrian,Pedestrian,Crossing Not in Crosswalk,Dry,No Unusual Condition,Daylight,Midblock > 20ft,0.0,1,1.0,Pedestrian,East,Crossed Into Opposing Lane - Unplanned,Driver,North,Proceeding Straight,POINT (-122.50778 37.747883),39.0,10.0,7.0,35.0,15
14806,vw_geo_sfpd_cr_switrs_all_types_col_cty_union.fid-c18a0c2_186644fdb18_-82f,27559,24671000.0,,170803641,37.7922579477975,-122.399763353241,SFPD-CROSSROADS,CITY STREET,10/02/2017 01:15:00 PM,2017 October 02,13:15:00,2017,October,Monday,PINE ST,BATTERY ST,0.0,Clear,Injury (Complaint of Pain),Vehicle/Pedestrian,Pedestrian,Crossing in Crosswalk at Intersection,Dry,No Unusual Condition,Daylight,Intersection <= 20ft,0.0,1,1.0,Driver,South,Making Left Turn,Pedestrian,East,Proceeding Straight,POINT (-122.399765 37.79226),108.0,6.0,3.0,8.0,13
14812,vw_geo_sfpd_cr_switrs_all_types_col_cty_union.fid-c18a0c2_186644fdb18_-913,8770,24077000.0,,140086617,37.7556994648977,-122.414387601775,SFPD-CROSSROADS,CITY STREET,01/29/2014 05:02:00 PM,2014 January 29,17:02:00,2014,January,Wednesday,FOLSOM ST,22ND ST,0.0,Clear,Injury (Other Visible),Vehicle/Pedestrian,Pedestrian,Crossing in Crosswalk at Intersection,Dry,No Unusual Condition,Daylight,Intersection <= 20ft,0.0,1,1.0,Pedestrian,East,Proceeding Straight,Driver,North,Proceeding Straight,POINT (-122.41439 37.7557),53.0,3.0,2.0,20.0,17
14819,vw_geo_sfpd_cr_switrs_all_types_col_cty_union.fid-c18a0c2_186644fdb18_-1c54,17420,24378000.000000004,13057001.0,130547146,37.7681184646028,-122.422197113774,SFPD-CROSSROADS,CITY STREET,07/03/2013 02:30:00 PM,2013 July 03,14:30:00,2013,July,Wednesday,VALENCIA ST,14TH ST,8.0,Clear,Injury (Complaint of Pain),Vehicle/Pedestrian,Pedestrian,Crossing in Crosswalk at Intersection,Dry,No Unusual Condition,Daylight,Intersection <= 20ft,0.0,1,,Driver,South,Making Right Turn,Pedestrian,West,Proceeding Straight,POINT (-122.422195 37.76812),53.0,3.0,2.0,20.0,14
14820,vw_geo_sfpd_cr_switrs_all_types_col_cty_union.fid-c18a0c2_186644fdb18_-154b,21085,25932000.0,6818000.0,160902918,37.7764382998621,-122.426467107137,SFPD-CROSSROADS,CITY STREET,11/05/2016 07:50:00 PM,2016 November 05,19:50:00,2016,November,Saturday,HAYES ST,LAGUNA ST,60.0,Clear,Injury (Other Visible),Vehicle/Pedestrian,Pedestrian,Crossing Not in Crosswalk,Dry,No Unusual Condition,Dark - Street Lights,Midblock > 20ft,0.0,1,1.0,Pedestrian,North,Proceeding Straight,Driver,West,Proceeding Straight,POINT (-122.42647 37.77644),22.0,4.0,11.0,9.0,19
14823,vw_geo_sfpd_cr_switrs_all_types_col_cty_union.fid-c18a0c2_186644fdb18_-7fd,27659,24747000.0,10465000.0,140028318,37.7914951477793,-122.405765233693,SFPD-CROSSROADS,CITY STREET,01/10/2014 03:52:00 PM,2014 January 10,15:52:00,2014,January,Friday,PINE ST,GRANT AVE,7.0,Clear,Injury (Severe),Vehicle/Pedestrian,Pedestrian,Crossing in Crosswalk at Intersection,Dry,No Unusual Condition,Dusk - Dawn,Intersection <= 20ft,0.0,1,1.0,Pedestrian,South,Not Stated,Driver,West,Proceeding Straight,POINT (-122.40576 37.791496),104.0,6.0,3.0,8.0,15
14824,vw_geo_sfpd_cr_switrs_all_types_col_cty_union.fid-c18a0c2_186644fdb18_-10ee,48143,23946000.0,,190662659,37.7797389058,-122.407159488,SFPD-INTERIM DB,CITY STREET,09/05/2019 05:43:00 PM,2019 September 05,17:43:00,2019,September,Thursday,HOWARD ST,06TH ST,0.0,Clear,Injury (Complaint of Pain),Vehicle/Pedestrian,Pedestrian,Crossing in Crosswalk at Intersection,Dry,No Unusual Condition,Daylight,Intersection <= 20ft,0.0,1,1.0,Pedestrian,South,Proceeding Straight,Driver,West,Stopped,POINT (-122.40716 37.77974),32.0,1.0,10.0,34.0,17
14825,vw_geo_sfpd_cr_switrs_all_types_col_cty_union.fid-c18a0c2_186644fdb18_-1a3b,46878,25939000.0,6556000.0,190200083,37.7778216553,-122.42311426,SFPD-INTERIM DB,CITY STREET,03/20/2019 04:45:00 PM,2019 March 20,16:45:00,2019,March,Wednesday,GROVE ST,GOUGH ST,15.0,Clear,Injury (Complaint of Pain),Vehicle/Pedestrian,Pedestrian,Crossing in Crosswalk at Intersection,Dry,No Unusual Condition,Daylight,Intersection <= 20ft,0.0,1,1.0,Driver,East,Making Left Turn,Pedestrian,North,Proceeding Straight,POINT (-122.42311 37.77782),21.0,4.0,11.0,9.0,16
14826,vw_geo_sfpd_cr_switrs_all_types_col_cty_union.fid-c18a0c2_186644fdb18_-1908,46975,27023000.0,11010102.0,190254698,37.8002820961,-122.447070445,SFPD-INTERIM DB,CITY STREET,04/10/2019 01:50:00 PM,2019 April 10,13:50:00,2019,April,Wednesday,RICHARDSON AVE,FRANCISCO ST,45.0,Cloudy,Injury (Other Visible),Vehicle/Pedestrian,Pedestrian,Crossing in Crosswalk at Intersection,Dry,No Unusual Condition,Daylight,Midblock > 20ft,0.0,1,1.0,Driver,South,Making Left Turn,Pedestrian,East,Other,POINT (-122.44707 37.80028),14.0,4.0,6.0,13.0,13
14827,vw_geo_sfpd_cr_switrs_all_types_col_cty_union.fid-c18a0c2_186644fdb18_-174e,47199,22662000.0,9829101.0,190348508,37.7248560036,-122.460893078,SFPD-INTERIM DB,CITY STREET,05/15/2019 02:25:00 PM,2019 May 15,14:25:00,2019,May,Wednesday,OCEAN AVE,DORADO TER,100.0,Cloudy,Injury (Complaint of Pain),Broadside,Pedestrian,Crossing Not in Crosswalk,Dry,No Unusual Condition,Daylight,Midblock > 20ft,0.0,1,1.0,Pedestrian,South,Proceeding Straight,Driver,West,Proceeding Straight,POINT (-122.46089 37.724857),64.0,10.0,8.0,24.0,14
14828,vw_geo_sfpd_cr_switrs_all_types_col_cty_union.fid-c18a0c2_186644fdb18_-8bb,50456,27446000.0,,190974545,37.7750033367,-122.471905103,SFPD-INTERIM DB,CITY STREET,12/28/2019 03:15:00 PM,2019 December 28,15:15:00,2019,December,Saturday,PARK PRESIDIO BLVD,CABRILLO ST,0.0,Clear,Injury (Complaint of Pain),Vehicle/Pedestrian,Pedestrian,Crossing in Crosswalk at Intersection,Dry,No Unusual Condition,Daylight,Intersection <= 20ft,0.0,1,1.0,Driver,South,Making Left Turn,Pedestrian,East,Proceeding Straight,POINT (-122.47191 37.775),5.0,8.0,4.0,29.0,15
14829,vw_geo_sfpd_cr_switrs_all_types_col_cty_union.fid-c18a0c2_186644fdb18_-bb0,49832,20633000.0,,190866823,37.7261732044,-122.40410076,SFPD-INTERIM DB,CITY STREET,11/16/2019 07:49:00 AM,2019 November 16,07:49:00,2019,November,Saturday,GIRARD ST,WAYLAND ST,0.0,Cloudy,Injury (Complaint of Pain),Vehicle/Pedestrian,Pedestrian,Crossing in Crosswalk at Intersection,Wet,No Unusual Condition,Dusk - Dawn,Intersection <= 20ft,0.0,1,1.0,Driver,South,Making Left Turn,Pedestrian,East,Other,POINT (-122.4041 37.726173),91.0,2.0,2.0,25.0,07
14830,vw_geo_sfpd_cr_switrs_all_types_col_cty_union.fid-c18a0c2_186644fdb18_-1016,48067,26676000.000000004,,190694969,37.7980211216,-122.435678212,SFPD-INTERIM DB,CITY STREET,09/17/2019 01:35:00 PM,2019 September 17,13:35:00,2019,September,Tuesday,FILLMORE ST,FILBERT ST,0.0,Clear,Injury (Complaint of Pain),Vehicle/Pedestrian,Pedestrian,"In Road, Including Shoulder",Dry,No Unusual Condition,Daylight,Intersection <= 20ft,0.0,1,1.0,Pedestrian,North,Proceeding Straight,Driver,West,Stopped,POINT (-122.43568 37.79802),15.0,4.0,6.0,13.0,13
14840,vw_geo_sfpd_cr_switrs_all_types_col_cty_union.fid-c18a0c2_186644fdb18_-aa8,36525,22528000.0,2184202.0,160502314,37.7106076525924,-122.469265646971,SFPD-CROSSROADS,CITY STREET,06/21/2016 07:44:00 AM,2016 June 21,07:44:00,2016,June,Tuesday,ALEMANY BLVD,SAINT CHARLES AVE,8.0,Clear,Injury (Severe),Vehicle/Pedestrian,Pedestrian,Crossing in Crosswalk at Intersection,Dry,No Unusual Condition,Daylight,Intersection <= 20ft,0.0,1,1.0,Driver,East,Proceeding Straight,Pedestrian,North,Proceeding Straight,POINT (-122.46927 37.71061),65.0,10.0,8.0,24.0,07
14858,vw_geo_sfpd_cr_switrs_all_types_col_cty_union.fid-c18a0c2_186644fdb18_-1c83,47671,26072000.0,,190084586,37.7775867677,-122.440026922,SFPD-INTERIM DB,CITY STREET,02/02/2019 09:30:00 PM,2019 February 02,21:30:00,2019,February,Saturday,MCALLISTER ST,BRODERICK ST,0.0,Cloudy,Injury (Other Visible),Vehicle/Pedestrian,Pedestrian,Crossing in Crosswalk at Intersection,Wet,No Unusual Condition,Dark - No Street Lights,Intersection <= 20ft,0.0,1,,Driver,South,Making Right Turn,Pedestrian,North,Proceeding Straight,POINT (-122.440025 37.777588),97.0,7.0,11.0,39.0,21
14863,vw_geo_sfpd_cr_switrs_all_types_col_cty_union.fid-c18a0c2_186644fdb18_-a97,52015,32856000.0,7530101.0,190914494,37.7713682553,-122.454027845,SFPD-INTERIM DB,CITY STREET,12/04/2019 08:01:00 PM,2019 December 04,20:01:00,2019,December,Wednesday,JOHN F KENNEDY DR,STANYAN ST,26.0,Clear,Injury (Other Visible),Vehicle/Pedestrian,Pedestrian,Crossing in Crosswalk at Intersection,Wet,No Unusual Condition,Dark - Street Lights,Midblock > 20ft,0.0,1,1.0,Driver,West,Making Right Turn,Pedestrian,South,Proceeding Straight,POINT (-122.454025 37.77137),9.0,7.0,11.0,12.0,20
14876,vw_geo_sfpd_cr_switrs_all_types_col_cty_union.fid-c18a0c2_186644fdb18_-1801,19871,26345000.0,8852000.0,140589780,37.7721596926656,-122.445732758876,SFPD-CROSSROADS,CITY STREET,07/16/2014 06:00:00 AM,2014 July 16,06:00:00,2014,July,Wednesday,MASONIC AVE,OAK ST,29.0,Raining,Injury (Complaint of Pain),Vehicle/Pedestrian,Pedestrian,Crossing in Crosswalk at Intersection,Wet,No Unusual Condition,Dusk - Dawn,Midblock > 20ft,0.0,1,1.0,Driver,North,Making Left Turn,Pedestrian,West,Proceeding Straight,POINT (-122.44573 37.77216),24.0,7.0,11.0,12.0,06
14879,vw_geo_sfpd_cr_switrs_all_types_col_cty_union.fid-c18a0c2_186644fdb18_-ff7,48191,24333000.0,,190699862,37.780719177,-122.415315615,SFPD-INTERIM DB,CITY STREET,09/18/2019 09:35:00 PM,2019 September 18,21:35:00,2019,September,Wednesday,MCALLISTER ST,HYDE ST,0.0,Clear,Injury (Other Visible),Vehicle/Pedestrian,Pedestrian,Crossing in Crosswalk at Intersection,Dry,No Unusual Condition,Dark - Street Lights,Intersection <= 20ft,0.0,1,1.0,Driver,West,Making Right Turn,Pedestrian,South,Proceeding Straight,POINT (-122.41531 37.78072),21.0,5.0,10.0,36.0,21
14880,vw_geo_sfpd_cr_switrs_all_types_col_cty_union.fid-c18a0c2_186644fdb18_-a2c,7723,21346000.0,13075000.0,180680150,37.7488928238,-122.420352398,SFPD-INTERIM DB,CITY STREET,09/08/2018 03:51:00 PM,2018 September 08,15:51:00,2018,September,Saturday,VALENCIA ST,26TH ST,5.0,Clear,Injury (Other Visible),Broadside,Pedestrian,Crossing in Crosswalk at Intersection,Dry,No Unusual Condition,Daylight,Intersection <= 20ft,0.0,1,1.0,Driver,South,Making Left Turn,Pedestrian,East,Proceeding Straight,POINT (-122.42035 37.748894),53.0,3.0,2.0,20.0,15
14889,vw_geo_sfpd_cr_switrs_all_types_col_cty_union.fid-c18a0c2_186644fdb18_-15d6,47477,25478000.0,,190418060,37.8069629108,-122.410497554,SFPD-INTERIM DB,CITY STREET,06/10/2019 07:48:00 PM,2019 June 10,19:48:00,2019,June,Monday,NORTH POINT ST,STOCKTON ST,0.0,Clear,Injury (Complaint of Pain),Vehicle/Pedestrian,Pedestrian,Crossing in Crosswalk at Intersection,Dry,No Unusual Condition,Daylight,Intersection <= 20ft,0.0,1,1.0,Driver,West,Making Left Turn,Pedestrian,South,Proceeding Straight,POINT (-122.4105 37.80696),99.0,6.0,3.0,23.0,19
14892,vw_geo_sfpd_cr_switrs_all_types_col_cty_union.fid-c18a0c2_186644fdb18_-1aac,46829,25094000.000000004,,190179836,37.7923426104,-122.414293265,SFPD-INTERIM DB,CITY STREET,03/12/2019 06:38:00 PM,2019 March 12,18:38:00,2019,March,Tuesday,SACRAMENTO ST,JONES ST,0.0,Clear,Injury (Severe),Vehicle/Pedestrian,Pedestrian,Crossing in Crosswalk at Intersection,Dry,No Unusual Condition,Daylight,Intersection <= 20ft,0.0,2,1.0,Driver,West,Proceeding Straight,Pedestrian,South,Proceeding Straight,POINT (-122.41429 37.792343),16.0,6.0,3.0,21.0,18