,id,unique_id,cnn_intrsctn_fkey,cnn_sgmt_fkey,case_id_pkey,tb_latitude,tb_longitude,geocode_source,geocode_location,collision_datetime,collision_date,collision_time,accident_year,month,day_of_week,primary_rd,secondary_rd,distance,weather_1,collision_severity,type_of_collision,mviw,ped_action,road_surface,road_cond_1,lighting,intersection,number_killed,number_injured,party_at_fault,party1_type,party1_dir_of_travel,party1_move_pre_acc,party2_type,party2_dir_of_travel,party2_move_pre_acc,point,Neighborhoods,Current Police Districts,Current Supervisor Districts,Analysis Neighborhoods,hour
14902,vw_geo_sfpd_cr_switrs_all_types_col_cty_union.fid-c18a0c2_186644fdb18_-867,27431,30731000.0,100000.0,161031627,37.7909972787052,-122.399124284859,SFPD-CROSSROADS,CITY STREET,12/20/2016 11:50:00 AM,2016 December 20,11:50:00,2016,December,Tuesday,01ST ST,MARKET ST,10.0,Clear,Injury (Complaint of Pain),Vehicle/Pedestrian,Pedestrian,Crossing Not in Crosswalk,Dry,No Unusual Condition,Daylight,Intersection <= 20ft,0.0,1,1.0,Pedestrian,East,Proceeding Straight,Driver,South,Making Right Turn,POINT (-122.399124 37.790997),108.0,6.0,10.0,8.0,11
14904,vw_geo_sfpd_cr_switrs_all_types_col_cty_union.fid-c18a0c2_186644fdb18_-1a42,46873,25967000.000000004,13532101.0,190197888,37.7787968268,-122.430072727,SFPD-INTERIM DB,CITY STREET,03/19/2019 08:17:00 PM,2019 March 19,20:17:00,2019,March,Tuesday,WEBSTER ST,MCALLISTER ST,21.0,Clear,Injury (Other Visible),Vehicle/Pedestrian,Pedestrian,Crossing Not in Crosswalk,Dry,No Unusual Condition,Dark - Street Lights,Midblock > 20ft,0.0,1,1.0,Pedestrian,East,Other,Driver,South,Making Left Turn,POINT (-122.43007 37.778797),97.0,4.0,11.0,39.0,20
14910,vw_geo_sfpd_cr_switrs_all_types_col_cty_union.fid-c18a0c2_186644fdb18_-dc0,24936,24926000.0,5172000.0,170572830,37.7850773346093,-122.411118215402,SFPD-CROSSROADS,CITY STREET,07/14/2017 05:15:00 PM,2017 July 14,17:15:00,2017,July,Friday,ELLIS ST,TAYLOR ST,6.0,Clear,Injury (Complaint of Pain),Vehicle/Pedestrian,Pedestrian,Crossing in Crosswalk at Intersection,Dry,No Unusual Condition,Daylight,Intersection <= 20ft,0.0,1,,Driver,West,Making Right Turn,Pedestrian,North,Proceeding Straight,POINT (-122.41112 37.785076),20.0,5.0,10.0,36.0,17
14911,vw_geo_sfpd_cr_switrs_all_types_col_cty_union.fid-c18a0c2_186644fdb18_-1c38,46620,52262000.00000001,,190098418,37.7213968692,-122.448410648,SFPD-INTERIM DB,CITY STREET,02/08/2019 07:56:00 PM,2019 February 08,19:56:00,2019,February,Friday,GENEVA AVE,I-280 S ON RAMP,0.0,Raining,Injury (Other Visible),Vehicle/Pedestrian,Pedestrian,Crossing in Crosswalk at Intersection,Wet,No Unusual Condition,Dark - Street Lights,Intersection <= 20ft,0.0,1,1.0,Driver,East,Making Right Turn,Pedestrian,South,Proceeding Straight,POINT (-122.44841 37.721397),81.0,10.0,1.0,24.0,19
14921,vw_geo_sfpd_cr_switrs_all_types_col_cty_union.fid-c18a0c2_186644fdb18_-197c,40066,27104000.0,,141081391,37.7585381809149,-122.463781527859,SFPD-CROSSROADS,CITY STREET,12/24/2014 02:20:00 PM,2014 December 24,14:20:00,2014,December,Wednesday,07TH AVE,LAWTON ST,0.0,Raining,Injury (Complaint of Pain),Sideswipe,Pedestrian,Crossing in Crosswalk at Intersection,Wet,No Unusual Condition,Daylight,Intersection <= 20ft,0.0,1,1.0,Pedestrian,West,Proceeding Straight,Driver,North,Making Right Turn,POINT (-122.46378 37.758537),111.0,7.0,8.0,14.0,14
14925,vw_geo_sfpd_cr_switrs_all_types_col_cty_union.fid-c18a0c2_186644fdb18_-1ac5,47212,24468000.0,,190172642,37.7810308423,-122.420439518,SFPD-INTERIM DB,CITY STREET,03/09/2019 11:13:00 PM,2019 March 09,23:13:00,2019,March,Saturday,VAN NESS AVE,GOLDEN GATE AVE,0.0,Raining,Injury (Complaint of Pain),Vehicle/Pedestrian,Pedestrian,Crossing in Crosswalk at Intersection,Wet,No Unusual Condition,Dark - Street Lights,Intersection <= 20ft,0.0,1,1.0,Pedestrian,East,Proceeding Straight,Driver,South,Proceeding Straight,POINT (-122.42044 37.781033),100.0,4.0,10.0,36.0,23
14927,vw_geo_sfpd_cr_switrs_all_types_col_cty_union.fid-c18a0c2_186644fdb18_-1540,42969,27234000.0,157000.0,170605237,37.7761311948316,-122.460705455009,SFPD-CROSSROADS,CITY STREET,07/25/2017 02:48:00 PM,2017 July 25,14:48:00,2017,July,Tuesday,03RD AVE,CABRILLO ST,224.0,Clear,Injury (Other Visible),Vehicle/Pedestrian,Pedestrian,Crossing Not in Crosswalk,Dry,No Unusual Condition,Daylight,Midblock > 20ft,0.0,1,1.0,Pedestrian,East,Entering Traffic,Bicyclist,South,Proceeding Straight,POINT (-122.46071 37.77613),5.0,8.0,4.0,11.0,14
14932,vw_geo_sfpd_cr_switrs_all_types_col_cty_union.fid-c18a0c2_186644fdb18_-1095,47182,24152000.0,13068000.0,190470571,37.7576576124,-122.421189683,SFPD-INTERIM DB,CITY STREET,06/29/2019 05:45:00 PM,2019 June 29,17:45:00,2019,June,Saturday,VALENCIA ST,LIBERTY ST,16.0,Clear,Injury (Other Visible),Vehicle/Pedestrian,Pedestrian,Crossing Not in Crosswalk,Dry,No Unusual Condition,Daylight,Intersection <= 20ft,0.0,1,1.0,Pedestrian,West,Proceeding Straight,Driver,North,Entering Traffic,POINT (-122.42119 37.757656),53.0,3.0,5.0,20.0,17
14933,vw_geo_sfpd_cr_switrs_all_types_col_cty_union.fid-c18a0c2_186644fdb18_-a1b,50414,24153000.000000004,,190930406,37.7584985088,-122.421271729,SFPD-INTERIM DB,CITY STREET,12/10/2019 07:16:00 PM,2019 December 10,19:16:00,2019,December,Tuesday,VALENCIA ST,20TH ST,0.0,Raining,Injury (Complaint of Pain),Vehicle/Pedestrian,Pedestrian,Crossing in Crosswalk at Intersection,Wet,No Unusual Condition,Dark - Street Lights,Intersection <= 20ft,0.0,1,1.0,Driver,East,Making Left Turn,Pedestrian,South,Proceeding Straight,POINT (-122.42127 37.7585),53.0,3.0,2.0,20.0,19
14941,vw_geo_sfpd_cr_switrs_all_types_col_cty_union.fid-c18a0c2_186644fdb18_-11d3,22888,26467000.0,,170047178,37.7807520056323,-122.449817447635,SFPD-CROSSROADS,CITY STREET,01/18/2017 07:00:00 AM,2017 January 18,07:00:00,2017,January,Wednesday,ANZA ST,COLLINS ST,0.0,Raining,Injury (Other Visible),Vehicle/Pedestrian,Pedestrian,Crossing in Crosswalk at Intersection,Wet,No Unusual Condition,Dark - Street Lights,Intersection <= 20ft,0.0,1,1.0,Driver,East,Proceeding Straight,Pedestrian,South,Not Stated,POINT (-122.449814 37.78075),12.0,7.0,4.0,18.0,07
14943,vw_geo_sfpd_cr_switrs_all_types_col_cty_union.fid-c18a0c2_186644fdb18_-14c6,47175,24933000.0,,190469455,37.7825850333,-122.415693872,SFPD-INTERIM DB,CITY STREET,06/29/2019 11:18:00 AM,2019 June 29,11:18:00,2019,June,Saturday,TURK ST,HYDE ST,0.0,Clear,Injury (Other Visible),Vehicle/Pedestrian,Pedestrian,Crossing in Crosswalk at Intersection,Dry,No Unusual Condition,Daylight,Intersection <= 20ft,0.0,1,1.0,Driver,South,Making Left Turn,Pedestrian,East,Proceeding Straight,POINT (-122.415695 37.782585),20.0,5.0,10.0,36.0,11
14945,vw_geo_sfpd_cr_switrs_all_types_col_cty_union.fid-c18a0c2_186644fdb18_-1a9b,47730,22650000.0,,190184750,37.7307773822,-122.4582225,SFPD-INTERIM DB,CITY STREET,03/14/2019 04:04:00 PM,2019 March 14,16:04:00,2019,March,Thursday,MONTEREY BLVD,PLYMOUTH AVE,0.0,Clear,Injury (Other Visible),Vehicle/Pedestrian,Pedestrian,Crossing in Crosswalk at Intersection,Dry,No Unusual Condition,Daylight,Intersection <= 20ft,0.0,1,1.0,Driver,East,Making Left Turn,Pedestrian,North,Other,POINT (-122.45822 37.730778),71.0,9.0,8.0,41.0,16
14953,vw_geo_sfpd_cr_switrs_all_types_col_cty_union.fid-c18a0c2_186644fdb18_-13e3,48105,24897000.0,8800000.0,190519884,37.7843764104,-122.409314656,SFPD-INTERIM DB,CITY STREET,07/18/2019 05:35:00 AM,2019 July 18,05:35:00,2019,July,Thursday,MASON ST,EDDY ST,10.0,Clear,Fatal,Vehicle/Pedestrian,Pedestrian,Crossing in Crosswalk at Intersection,Dry,No Unusual Condition,Dark - Street Lights,Intersection <= 20ft,1.0,0,1.0,Driver,South,Making Left Turn,Pedestrian,East,Not Stated,POINT (-122.40932 37.784378),20.0,5.0,10.0,36.0,05
14954,vw_geo_sfpd_cr_switrs_all_types_col_cty_union.fid-c18a0c2_186644fdb18_-1524,47583,24311000.0,,190454779,37.7774574199,-122.413157692,SFPD-INTERIM DB,CITY STREET,06/23/2019 09:30:00 PM,2019 June 23,21:30:00,2019,June,Sunday,MISSION ST,08TH ST,0.0,Clear,Injury (Other Visible),Vehicle/Pedestrian,Pedestrian,Crossing in Crosswalk at Intersection,Dry,No Unusual Condition,Dark - Street Lights,Intersection <= 20ft,0.0,1,1.0,Driver,East,Making Left Turn,Pedestrian,North,Not Stated,POINT (-122.413155 37.77746),32.0,1.0,10.0,34.0,21
14971,vw_geo_sfpd_cr_switrs_all_types_col_cty_union.fid-c18a0c2_186644fdb18_-1e80,15273,23889000.0,,180947433,37.777799011,-122.400297759,SFPD-INTERIM DB,CITY STREET,12/17/2018 02:00:00 AM,2018 December 17,02:00:00,2018,December,Monday,05TH ST,BRYANT ST,0.0,Clear,Injury (Complaint of Pain),Vehicle/Pedestrian,Pedestrian,Crossing Not in Crosswalk,Dry,No Unusual Condition,Dark - Street Lights,Intersection <= 20ft,0.0,1,1.0,Driver,South,Proceeding Straight,Pedestrian,West,Not Stated,POINT (-122.4003 37.777798),32.0,1.0,10.0,34.0,02
14977,vw_geo_sfpd_cr_switrs_all_types_col_cty_union.fid-c18a0c2_186644fdb18_-fa8,23980,24632000.0,252000.0,160971402,37.7844479116503,-122.404227462272,SFPD-CROSSROADS,CITY STREET,11/29/2016 03:54:00 PM,2016 November 29,15:54:00,2016,November,Tuesday,04TH ST,MISSION ST,16.0,Clear,Injury (Other Visible),Vehicle/Pedestrian,Pedestrian,Crossing in Crosswalk at Intersection,Dry,No Unusual Condition,Dusk - Dawn,Intersection <= 20ft,0.0,1,1.0,Driver,South,Making Left Turn,Pedestrian,East,Not Stated,POINT (-122.40423 37.784447),32.0,1.0,10.0,34.0,15
14979,vw_geo_sfpd_cr_switrs_all_types_col_cty_union.fid-c18a0c2_186644fdb18_-1bfe,46648,22436000.0,13717201.0,190108829,37.7455619389,-122.45189677,SFPD-INTERIM DB,CITY STREET,02/13/2019 12:00:00 AM,2019 February 13,00:00:00,2019,February,Wednesday,WOODSIDE AVE,PORTOLA DR,81.0,Raining,Injury (Other Visible),Vehicle/Pedestrian,Pedestrian,Crossing Not in Crosswalk,Wet,No Unusual Condition,Dark - Street Lights,Midblock > 20ft,0.0,1,1.0,Pedestrian,East,Not Stated,Driver,North,Changing Lanes,POINT (-122.4519 37.745564),49.0,9.0,8.0,41.0,00
14981,vw_geo_sfpd_cr_switrs_all_types_col_cty_union.fid-c18a0c2_186644fdb18_-f00,24309,50264000.0,12716000.0,171010984,37.7833091389246,-122.410021903677,SFPD-CROSSROADS,CITY STREET,12/14/2017 04:33:00 PM,2017 December 14,16:33:00,2017,December,Thursday,POST ST,TAYLOR ST,215.0,Clear,Injury (Complaint of Pain),Vehicle/Pedestrian,Pedestrian,Crossing Not in Crosswalk,Dry,No Unusual Condition,Daylight,Midblock > 20ft,0.0,1,,Pedestrian,North,Proceeding Straight,Driver,East,Proceeding Straight,POINT (-122.41002 37.78331),20.0,5.0,10.0,36.0,16
14984,vw_geo_sfpd_cr_switrs_all_types_col_cty_union.fid-c18a0c2_186644fdb18_-8d6,49133,23796000.0,2953000.0,190970838,37.7771655832,-122.391611804,SFPD-INTERIM DB,CITY STREET,12/27/2019 06:25:00 AM,2019 December 27,06:25:00,2019,December,Friday,BERRY ST,03RD ST,200.0,Clear,Injury (Complaint of Pain),Vehicle/Pedestrian,Pedestrian,Crossing Not in Crosswalk,Dry,No Unusual Condition,Dark - Street Lights,Midblock > 20ft,0.0,1,1.0,Driver,East,Backing,Pedestrian,South,Other,POINT (-122.39161 37.777164),34.0,1.0,10.0,4.0,06
14985,vw_geo_sfpd_cr_switrs_all_types_col_cty_union.fid-c18a0c2_186644fdb18_-1aaf,46828,25471000.0,,190179660,37.8046841634,-122.413428554,SFPD-INTERIM DB,CITY STREET,03/12/2019 05:36:00 PM,2019 March 12,17:36:00,2019,March,Tuesday,FRANCISCO ST,MASON ST,0.0,Clear,Injury (Complaint of Pain),Vehicle/Pedestrian,Pedestrian,Crossing in Crosswalk at Intersection,Dry,No Unusual Condition,Daylight,Intersection <= 20ft,0.0,1,1.0,Driver,West,Stopped,Pedestrian,North,Stopped,POINT (-122.41343 37.804684),106.0,6.0,3.0,23.0,17
14997,vw_geo_sfpd_cr_switrs_all_types_col_cty_union.fid-c18a0c2_186644fdb18_-180e,47210,24079000.0,,190304942,37.7572976441,-122.414541468,SFPD-INTERIM DB,CITY STREET,04/29/2019 04:07:00 PM,2019 April 29,16:07:00,2019,April,Monday,FOLSOM ST,21ST ST,0.0,Clear,Injury (Severe),Vehicle/Pedestrian,Pedestrian,Crossing Not in Crosswalk,Dry,No Unusual Condition,Daylight,Intersection <= 20ft,0.0,1,,Pedestrian,West,Other,Driver,North,Proceeding Straight,POINT (-122.41454 37.757298),53.0,3.0,2.0,20.0,16
15011,vw_geo_sfpd_cr_switrs_all_types_col_cty_union.fid-c18a0c2_186644fdb18_-18ee,46259,26164000.0,4377000.0,190260281,37.7619886933,-122.439842369,SFPD-INTERIM DB,CITY STREET,04/12/2019 01:15:00 PM,2019 April 12,13:15:00,2019,April,Friday,CORBETT AVE,ORD ST,102.0,Clear,Injury (Other Visible),Vehicle/Pedestrian,Pedestrian,"In Road, Including Shoulder",Dry,No Unusual Condition,Daylight,Midblock > 20ft,0.0,1,1.0,Pedestrian,East,Proceeding Straight,Driver,East,Proceeding Straight,POINT (-122.43984 37.76199),115.0,7.0,5.0,5.0,13
15013,vw_geo_sfpd_cr_switrs_all_types_col_cty_union.fid-c18a0c2_186644fdb18_-1d36,46483,21486000.0,9178000.0,190042512,37.7161771048,-122.441233453,SFPD-INTERIM DB,CITY STREET,01/17/2019 11:08:00 PM,2019 January 17,23:08:00,2019,January,Thursday,MISSION ST,GENEVA AVE,120.0,Cloudy,Injury (Other Visible),Vehicle/Pedestrian,Pedestrian,Crossing Not in Crosswalk,Dry,No Unusual Condition,Dark - Street Lights,Midblock > 20ft,0.0,1,1.0,Pedestrian,West,Proceeding Straight,Driver,South,Other,POINT (-122.44123 37.71618),58.0,9.0,1.0,7.0,23
15018,vw_geo_sfpd_cr_switrs_all_types_col_cty_union.fid-c18a0c2_186644fdb18_-e2d,49903,21942000.0,,190771880,37.7345078166,-122.433879092,SFPD-INTERIM DB,CITY STREET,10/13/2019 04:03:00 PM,2019 October 13,16:03:00,2019,October,Sunday,DIAMOND ST,CHENERY ST,0.0,Clear,Injury (Complaint of Pain),Vehicle/Pedestrian,Pedestrian,Crossing in Crosswalk at Intersection,Dry,No Unusual Condition,Daylight,Intersection <= 20ft,0.0,1,1.0,Driver,South,Making Left Turn,Pedestrian,West,Other,POINT (-122.433876 37.73451),96.0,9.0,5.0,10.0,16
15021,vw_geo_sfpd_cr_switrs_all_types_col_cty_union.fid-c18a0c2_186644fdb18_-e20,24703,30739000.0,,170477092,37.7839914868634,-122.408066547888,SFPD-CROSSROADS,CITY STREET,06/11/2017 04:03:00 PM,2017 June 11,16:03:00,2017,June,Sunday,MARKET ST,05TH ST,0.0,Clear,Injury (Complaint of Pain),Vehicle/Pedestrian,Pedestrian,Crossing Not in Crosswalk,Dry,No Unusual Condition,Daylight,Intersection <= 20ft,0.0,1,1.0,Pedestrian,South,Other,Driver,West,Proceeding Straight,POINT (-122.408066 37.783993),19.0,5.0,10.0,34.0,16
15023,vw_geo_sfpd_cr_switrs_all_types_col_cty_union.fid-c18a0c2_186644fdb18_-f3c,24210,24922000.0,12425000.0,131009739,37.7822586684633,-122.410376238441,SFPD-CROSSROADS,CITY STREET,11/29/2013 03:38:00 PM,2013 November 29,15:38:00,2013,November,Friday,TAYLOR ST,MARKET ST,26.0,Clear,Injury (Complaint of Pain),Vehicle/Pedestrian,Pedestrian,Crossing in Crosswalk at Intersection,Dry,No Unusual Condition,Daylight,Midblock > 20ft,0.0,1,1.0,Driver,North,Making Right Turn,Pedestrian,East,Proceeding Straight,POINT (-122.41038 37.782257),20.0,5.0,10.0,36.0,15
15031,vw_geo_sfpd_cr_switrs_all_types_col_cty_union.fid-c18a0c2_186644fdb18_-12c8,43938,27537000.000000004,,180001625,37.7802802385,-122.480450629,SFPD-INTERIM DB,CITY STREET,01/01/2018 03:30:00 PM,2018 January 01,15:30:00,2018,January,Monday,21ST AVE,GEARY BLVD,0.0,Clear,Injury (Severe),Vehicle/Pedestrian,Pedestrian,Not in Road,Dry,No Unusual Condition,Daylight,Intersection <= 20ft,0.0,6,1.0,Driver,South,Proceeding Straight,Pedestrian,North,Not Stated,POINT (-122.48045 37.78028),8.0,8.0,4.0,29.0,15
15032,vw_geo_sfpd_cr_switrs_all_types_col_cty_union.fid-c18a0c2_186644fdb18_-1bc8,37845,33717000.0,,151031079,37.7301188057995,-122.475937334451,SFPD-CROSSROADS,CITY STREET,11/27/2015 02:20:00 PM,2015 November 27,14:20:00,2015,November,Friday,20TH AVE,WINSTON DR,0.0,Clear,Injury (Complaint of Pain),Broadside,Pedestrian,Crossing in Crosswalk at Intersection,Dry,No Unusual Condition,Daylight,Intersection <= 20ft,0.0,1,1.0,Pedestrian,East,Proceeding Straight,Driver,South,Stopped In Road,POINT (-122.47594 37.730118),41.0,10.0,8.0,16.0,14
15037,vw_geo_sfpd_cr_switrs_all_types_col_cty_union.fid-c18a0c2_186644fdb18_-1b09,38694,23455000.0,13500000.0,150017044,37.7361799189851,-122.504277917107,SFPD-CROSSROADS,CITY STREET,01/06/2015 03:24:00 PM,2015 January 06,15:24:00,2015,January,Tuesday,WAWONA ST,46TH AVE,15.0,Clear,Injury (Other Visible),Sideswipe,Pedestrian,"In Road, Including Shoulder",Dry,No Unusual Condition,Daylight,Intersection <= 20ft,0.0,1,1.0,Pedestrian,East,Proceeding Straight,Driver,North,Making Left Turn,POINT (-122.50428 37.73618),40.0,10.0,7.0,35.0,15
15038,vw_geo_sfpd_cr_switrs_all_types_col_cty_union.fid-c18a0c2_186644fdb18_-d67,4368,21755000.0,,130008201,37.7237164631457,-122.43743912116,SFPD-CROSSROADS,CITY STREET,01/03/2013 05:13:00 PM,2013 January 03,17:13:00,2013,January,Thursday,ALEMANY BLVD,OCEAN AVE,0.0,Clear,Injury (Complaint of Pain),Vehicle/Pedestrian,Pedestrian,Crossing in Crosswalk at Intersection,Dry,No Unusual Condition,Dark - Street Lights,Intersection <= 20ft,0.0,1,1.0,Driver,South,Making Right Turn,Pedestrian,East,Proceeding Straight,POINT (-122.43744 37.723717),94.0,9.0,1.0,28.0,17
15039,vw_geo_sfpd_cr_switrs_all_types_col_cty_union.fid-c18a0c2_186644fdb18_-1ad3,38891,22882000.0,,141023519,37.7437494097442,-122.463685995622,SFPD-CROSSROADS,CITY STREET,12/04/2014 06:00:00 PM,2014 December 04,18:00:00,2014,December,Thursday,DEWEY BLVD,TARAVAL ST,0.0,Cloudy,Injury (Complaint of Pain),Head-On,Pedestrian,Crossing in Crosswalk at Intersection,Dry,No Unusual Condition,Dark - Street Lights,Intersection <= 20ft,0.0,1,1.0,Driver,West,Making Right Turn,Pedestrian,South,Proceeding Straight,POINT (-122.463684 37.743748),49.0,10.0,8.0,41.0,18
15041,vw_geo_sfpd_cr_switrs_all_types_col_cty_union.fid-c18a0c2_186644fdb18_-1726,41729,27800000.000000004,1956000.0,180613684,37.7600156648,-122.502674239,SFPD-INTERIM DB,CITY STREET,08/15/2018 05:25:00 PM,2018 August 15,17:25:00,2018,August,Wednesday,43RD AVE,JUDAH ST,201.0,Clear,Injury (Complaint of Pain),Vehicle/Pedestrian,Pedestrian,"In Road, Including Shoulder",Dry,No Unusual Condition,Daylight,Midblock > 20ft,0.0,1,1.0,Pedestrian,West,Entering Traffic,Driver,South,Proceeding Straight,POINT (-122.50268 37.760017),39.0,10.0,7.0,35.0,17
15043,vw_geo_sfpd_cr_switrs_all_types_col_cty_union.fid-c18a0c2_186644fdb18_-adf,26181,24960000.0,,170214004,37.7867297451637,-122.413161444531,SFPD-CROSSROADS,CITY STREET,03/15/2017 03:43:00 PM,2017 March 15,15:43:00,2017,March,Wednesday,GEARY ST,JONES ST,0.0,Cloudy,Injury (Other Visible),Vehicle/Pedestrian,Pedestrian,Crossing in Crosswalk at Intersection,Dry,No Unusual Condition,Daylight,Intersection <= 20ft,0.0,1,1.0,Driver,West,Making Left Turn,Pedestrian,West,Proceeding Straight,POINT (-122.41316 37.786728),20.0,6.0,10.0,36.0,15
15046,vw_geo_sfpd_cr_switrs_all_types_col_cty_union.fid-c18a0c2_186644fdb18_-1d25,35395,26974000.0,8463101.0,180101996,37.7989992628,-122.442646268,SFPD-INTERIM DB,CITY STREET,02/07/2018 02:45:00 PM,2018 February 07,14:45:00,2018,February,Wednesday,LOMBARD ST,DIVISADERO ST,14.0,Clear,Injury (Complaint of Pain),Vehicle/Pedestrian,Pedestrian,Crossing in Crosswalk at Intersection,Dry,No Unusual Condition,Daylight,Intersection <= 20ft,0.0,1,1.0,Driver,West,Stopped In Road,Pedestrian,North,Stopped In Road,POINT (-122.44265 37.799),17.0,4.0,6.0,13.0,14
15049,vw_geo_sfpd_cr_switrs_all_types_col_cty_union.fid-c18a0c2_186644fdb18_-1a8f,46843,27919000.0,,190186029,37.7811767671,-122.503086453,SFPD-INTERIM DB,CITY STREET,03/15/2019 08:35:00 AM,2019 March 15,08:35:00,2019,March,Friday,CLEMENT ST,42ND AVE,0.0,Clear,Injury (Complaint of Pain),Vehicle/Pedestrian,Pedestrian,Crossing in Crosswalk at Intersection,Dry,No Unusual Condition,Daylight,Intersection <= 20ft,0.0,1,,Driver,West,Proceeding Straight,Pedestrian,North,Proceeding Straight,POINT (-122.50309 37.781178),6.0,8.0,4.0,17.0,08
15056,vw_geo_sfpd_cr_switrs_all_types_col_cty_union.fid-c18a0c2_186644fdb18_-1e2c,27998,25091000.0,,180968279,37.791416479,-122.414107303,SFPD-INTERIM DB,CITY STREET,12/24/2018 10:21:00 PM,2018 December 24,22:21:00,2018,December,Monday,CALIFORNIA ST,JONES ST,0.0,Raining,Injury (Other Visible),Vehicle/Pedestrian,Pedestrian,Crossing in Crosswalk at Intersection,Wet,No Unusual Condition,Dark - Street Lights,Intersection <= 20ft,0.0,1,1.0,Driver,South,Making Left Turn,Pedestrian,West,Proceeding Straight,POINT (-122.41411 37.791416),16.0,6.0,3.0,21.0,22
15057,vw_geo_sfpd_cr_switrs_all_types_col_cty_union.fid-c18a0c2_186644fdb18_-e59,24616,24933000.0,12720000.0,150624887,37.7825753084906,-122.415770027904,SFPD-CROSSROADS,CITY STREET,07/18/2015 12:42:00 PM,2015 July 18,12:42:00,2015,July,Saturday,TURK ST,HYDE ST,22.0,Clear,Injury (Complaint of Pain),Vehicle/Pedestrian,Pedestrian,Crossing Not in Crosswalk,Dry,No Unusual Condition,Daylight,Midblock > 20ft,0.0,1,1.0,Pedestrian,North,Other,Driver,West,Proceeding Straight,POINT (-122.41577 37.782574),20.0,5.0,10.0,36.0,12
15058,vw_geo_sfpd_cr_switrs_all_types_col_cty_union.fid-c18a0c2_186644fdb18_-1892,46995,26759000.0,8701000.0,190278002,37.8051776618,-122.432409657,SFPD-INTERIM DB,CITY STREET,04/19/2019 03:30:00 AM,2019 April 19,03:30:00,2019,April,Friday,MARINA BLVD,LAGUNA ST,93.0,Clear,Injury (Other Visible),Vehicle/Pedestrian,Pedestrian,Crossing Not in Crosswalk,Dry,No Unusual Condition,Dark - Street Lights,Midblock > 20ft,0.0,1,1.0,Driver,West,Proceeding Straight,Pedestrian,South,Not Stated,POINT (-122.43241 37.805176),17.0,4.0,6.0,13.0,03
15059,vw_geo_sfpd_cr_switrs_all_types_col_cty_union.fid-c18a0c2_186644fdb18_-fbb,49057,24313000.000000004,448000.0,190711870,37.7762188506,-122.414696402,SFPD-INTERIM DB,CITY STREET,01/23/2019 09:47:00 AM,2019 January 23,09:47:00,2019,January,Wednesday,09TH ST,MISSION ST,6.0,Clear,Injury (Other Visible),Vehicle/Pedestrian,Pedestrian,Crossing Not in Crosswalk,Dry,No Unusual Condition,Daylight,Intersection <= 20ft,0.0,1,1.0,Pedestrian,West,Proceeding Straight,Driver,North,Proceeding Straight,POINT (-122.414696 37.77622),32.0,1.0,10.0,34.0,09
15079,vw_geo_sfpd_cr_switrs_all_types_col_cty_union.fid-c18a0c2_186644fdb18_-8fa,8915,23968000.0,,150041689,37.7577048560575,-122.407754464175,SFPD-CROSSROADS,CITY STREET,01/14/2015 02:42:00 PM,2015 January 14,14:42:00,2015,January,Wednesday,21ST ST,HAMPSHIRE ST,0.0,Clear,Injury (Complaint of Pain),Vehicle/Pedestrian,Pedestrian,Not in Road,Dry,No Unusual Condition,Daylight,Intersection <= 20ft,0.0,1,,Pedestrian,West,Proceeding Straight,Driver,West,Proceeding Straight,POINT (-122.40775 37.757706),53.0,3.0,2.0,20.0,14
15090,vw_geo_sfpd_cr_switrs_all_types_col_cty_union.fid-c18a0c2_186644fdb18_-c9c,50322,25200000.0,,190822621,37.7868275267,-122.419927949,SFPD-INTERIM DB,CITY STREET,10/30/2019 10:25:00 PM,2019 October 30,22:25:00,2019,October,Wednesday,POST ST,POLK ST,0.0,Clear,Injury (Complaint of Pain),Head-On,Pedestrian,Crossing in Crosswalk at Intersection,Dry,No Unusual Condition,Dark - Street Lights,Intersection <= 20ft,0.0,1,1.0,Pedestrian,South,Proceeding Straight,Driver,East,Proceeding Straight,POINT (-122.41993 37.786827),50.0,4.0,3.0,36.0,22
15092,vw_geo_sfpd_cr_switrs_all_types_col_cty_union.fid-c18a0c2_186644fdb18_-1842,47312,25082000.0,4556000.0,190291844,37.7919248717,-122.411753237,SFPD-INTERIM DB,CITY STREET,04/24/2019 12:05:00 PM,2019 April 24,12:05:00,2019,April,Wednesday,CUSHMAN ST,CALIFORNIA ST,75.0,Clear,Injury (Complaint of Pain),Vehicle/Pedestrian,Pedestrian,"In Road, Including Shoulder",Dry,Construction or Repair Zone,Daylight,Midblock > 20ft,0.0,1,1.0,Driver,South,Proceeding Straight,Pedestrian,South,Proceeding Straight,POINT (-122.41175 37.791924),16.0,6.0,3.0,21.0,12
15095,vw_geo_sfpd_cr_switrs_all_types_col_cty_union.fid-c18a0c2_186644fdb18_-1cf4,46522,23198000.0,,190062463,37.7429555725,-122.477836243,SFPD-INTERIM DB,CITY STREET,01/25/2019 04:33:00 PM,2019 January 25,16:33:00,2019,January,Friday,21ST AVE,TARAVAL ST,0.0,Clear,Injury (Other Visible),Vehicle/Pedestrian,Pedestrian,Crossing in Crosswalk at Intersection,Dry,No Unusual Condition,Daylight,Intersection <= 20ft,0.0,1,1.0,Driver,South,Stopped,Pedestrian,East,Not Stated,POINT (-122.47784 37.742954),40.0,10.0,7.0,35.0,16