,id,unique_id,cnn_intrsctn_fkey,cnn_sgmt_fkey,case_id_pkey,tb_latitude,tb_longitude,geocode_source,geocode_location,collision_datetime,collision_date,collision_time,accident_year,month,day_of_week,primary_rd,secondary_rd,distance,weather_1,collision_severity,type_of_collision,mviw,ped_action,road_surface,road_cond_1,lighting,intersection,number_killed,number_injured,party_at_fault,party1_type,party1_dir_of_travel,party1_move_pre_acc,party2_type,party2_dir_of_travel,party2_move_pre_acc,point,Neighborhoods,Current Police Districts,Current Supervisor Districts,Analysis Neighborhoods,hour
15097,vw_geo_sfpd_cr_switrs_all_types_col_cty_union.fid-c18a0c2_186644fdb18_-7a5,10285,24106000.0,,180886643,37.7537030936,-122.420812136,SFPD-INTERIM DB,CITY STREET,11/02/2018 02:15:00 PM,2018 November 02,14:15:00,2018,November,Friday,VALENCIA ST,23RD ST,0.0,Raining,Injury (Complaint of Pain),Vehicle/Pedestrian,Pedestrian,Crossing in Crosswalk at Intersection,Wet,No Unusual Condition,Daylight,Intersection <= 20ft,0.0,1,1.0,Driver,South,Making Right Turn,Pedestrian,East,Proceeding Straight,POINT (-122.420815 37.753704),53.0,3.0,5.0,20.0,14
15111,vw_geo_sfpd_cr_switrs_all_types_col_cty_union.fid-c18a0c2_186644fdb18_-dc8,4001,21723000.0,,150771165,37.7243163723961,-122.434033481256,SFPD-CROSSROADS,CITY STREET,09/02/2015 05:59:00 PM,2015 September 02,17:59:00,2015,September,Wednesday,LONDON ST,BRAZIL AVE,0.0,Clear,Injury (Complaint of Pain),Vehicle/Pedestrian,Pedestrian,Crossing in Crosswalk at Intersection,Dry,No Unusual Condition,Dusk - Dawn,Intersection <= 20ft,0.0,1,,Driver,North,Proceeding Straight,Pedestrian,East,Proceeding Straight,POINT (-122.43404 37.724316),90.0,9.0,1.0,7.0,17
15117,vw_geo_sfpd_cr_switrs_all_types_col_cty_union.fid-c18a0c2_186644fdb18_-1576,47143,24986000.0,6394000.0,190436216,37.7938426169,-122.406222607,SFPD-INTERIM DB,CITY STREET,06/17/2019 04:25:00 PM,2019 June 17,16:25:00,2019,June,Monday,GRANT AVE,COMMERCIAL ST,4.0,Clear,Injury (Complaint of Pain),Vehicle/Pedestrian,Pedestrian,Crossing Not in Crosswalk,Dry,No Unusual Condition,Daylight,Intersection <= 20ft,0.0,1,1.0,Pedestrian,West,Other,Driver,South,Parking Maneuver,POINT (-122.40622 37.793842),104.0,6.0,3.0,6.0,16
15119,vw_geo_sfpd_cr_switrs_all_types_col_cty_union.fid-c18a0c2_186644fdb18_-c7f,48717,24571000.0,,190824768,37.7963468606,-122.396957839,SFPD-INTERIM DB,CITY STREET,10/31/2019 06:17:00 PM,2019 October 31,18:17:00,2019,October,Thursday,DRUMM ST,WASHINGTON ST,0.0,Clear,Injury (Complaint of Pain),Vehicle/Pedestrian,Pedestrian,Crossing in Crosswalk at Intersection,Dry,No Unusual Condition,Daylight,Intersection <= 20ft,0.0,1,1.0,Driver,East,Making Left Turn,Pedestrian,North,Proceeding Straight,POINT (-122.39696 37.79635),77.0,6.0,3.0,8.0,18
15123,vw_geo_sfpd_cr_switrs_all_types_col_cty_union.fid-c18a0c2_186644fdb18_-a34,49386,26587000.0,,190928605,37.7845682408,-122.431204945,SFPD-INTERIM DB,CITY STREET,12/06/2019 10:00:00 PM,2019 December 06,22:00:00,2019,December,Friday,GEARY BLVD,WEBSTER ST,0.0,Raining,Injury (Other Visible),Vehicle/Pedestrian,Pedestrian,Crossing in Crosswalk at Intersection,Wet,No Unusual Condition,Dark - Street Lights,Intersection <= 20ft,0.0,1,1.0,Driver,South,Making Right Turn,Pedestrian,East,Proceeding Straight,POINT (-122.431206 37.78457),101.0,4.0,11.0,15.0,22
15126,vw_geo_sfpd_cr_switrs_all_types_col_cty_union.fid-c18a0c2_186644fdb18_-a7e,26395,24919000.000000004,,170839975,37.788082187514,-122.410056929791,SFPD-CROSSROADS,CITY STREET,10/14/2017 11:16:00 AM,2017 October 14,11:16:00,2017,October,Saturday,POST ST,MASON ST,0.0,Clear,Injury (Severe),Vehicle/Pedestrian,Pedestrian,Crossing in Crosswalk at Intersection,Dry,No Unusual Condition,Daylight,Intersection <= 20ft,0.0,1,1.0,Driver,East,Making Left Turn,Pedestrian,South,Not Stated,POINT (-122.41006 37.788082),50.0,6.0,3.0,21.0,11
15127,vw_geo_sfpd_cr_switrs_all_types_col_cty_union.fid-c18a0c2_186644fdb18_-1c8b,46577,25219000.0,,190084053,37.7875481397,-122.421758104,SFPD-INTERIM DB,CITY STREET,02/03/2019 02:43:00 AM,2019 February 03,02:43:00,2019,February,Sunday,VAN NESS AVE,SUTTER ST,0.0,Clear,Injury (Other Visible),Vehicle/Pedestrian,Pedestrian,Crossing in Crosswalk at Intersection,Wet,No Unusual Condition,Dark - Street Lights,Intersection <= 20ft,0.0,1,1.0,Pedestrian,East,Proceeding Straight,Driver,North,Proceeding Straight,POINT (-122.42176 37.787548),100.0,4.0,6.0,39.0,02
15135,vw_geo_sfpd_cr_switrs_all_types_col_cty_union.fid-c18a0c2_186644fdb18_-1c90,46575,24403000.0,,190083500,37.769867698,-122.422364818,SFPD-INTERIM DB,CITY STREET,02/02/2019 09:42:00 PM,2019 February 02,21:42:00,2019,February,Saturday,DUBOCE AVE,VALENCIA ST,0.0,Raining,Injury (Complaint of Pain),Vehicle/Pedestrian,Pedestrian,Crossing in Crosswalk at Intersection,Wet,No Unusual Condition,Dark - Street Lights,Intersection <= 20ft,0.0,1,1.0,Pedestrian,South,Other,Driver,East,Proceeding Straight,POINT (-122.42236 37.769867),53.0,3.0,2.0,20.0,21
15136,vw_geo_sfpd_cr_switrs_all_types_col_cty_union.fid-c18a0c2_186644fdb18_-eae,24457,24932000.0,,160178711,37.7817590915342,-122.414683132232,SFPD-CROSSROADS,CITY STREET,03/01/2016 09:36:00 AM,2016 March 01,09:36:00,2016,March,Tuesday,GOLDEN GATE AVE,CONTINUUM WAY,0.0,Clear,Injury (Complaint of Pain),Broadside,Pedestrian,Crossing Not in Crosswalk,Dry,No Unusual Condition,Daylight,Intersection <= 20ft,0.0,1,1.0,Pedestrian,West,Not Stated,Driver,North,Proceeding Straight,POINT (-122.41468 37.781757),21.0,5.0,10.0,36.0,09
15140,vw_geo_sfpd_cr_switrs_all_types_col_cty_union.fid-c18a0c2_186644fdb18_-962,36724,22554000.0,,140544637,37.7129273747031,-122.472737204829,SFPD-CROSSROADS,CITY STREET,07/01/2014 04:29:00 AM,2014 July 01,04:29:00,2014,July,Tuesday,BROTHERHOOD WAY,THOMAS MORE WAY,0.0,Clear,Injury (Complaint of Pain),Broadside,Pedestrian,Crossing Not in Crosswalk,Dry,No Unusual Condition,Dark - Street Lights,Intersection <= 20ft,0.0,1,1.0,Pedestrian,South,Proceeding Straight,Driver,East,Proceeding Straight,POINT (-122.47274 37.71293),42.0,10.0,8.0,16.0,04
15145,vw_geo_sfpd_cr_switrs_all_types_col_cty_union.fid-c18a0c2_186644fdb18_-ab0,49226,21444000.0,,190909934,37.7156725546,-122.439438473,SFPD-INTERIM DB,CITY STREET,12/03/2019 09:34:00 AM,2019 December 03,09:34:00,2019,December,Tuesday,GENEVA AVE,PARIS ST,0.0,Clear,Injury (Complaint of Pain),Sideswipe,Pedestrian,Crossing in Crosswalk at Intersection,Dry,"Holes, Deep Ruts",Daylight,Intersection <= 20ft,0.0,1,1.0,Driver,South,Making Right Turn,Pedestrian,East,Proceeding Straight,POINT (-122.43944 37.71567),58.0,9.0,1.0,7.0,09
15148,vw_geo_sfpd_cr_switrs_all_types_col_cty_union.fid-c18a0c2_186644fdb18_-177c,47053,24431000.0,7114000.0,190338474,37.7816136049,-122.415496937,SFPD-INTERIM DB,CITY STREET,05/11/2019 07:31:00 PM,2019 May 11,19:31:00,2019,May,Saturday,HYDE ST,GOLDEN GATE AVE,15.0,Clear,Fatal,Vehicle/Pedestrian,Pedestrian,Crossing Not in Crosswalk,Dry,No Unusual Condition,Dusk - Dawn,Intersection <= 20ft,1.0,0,,Pedestrian,East,Not Stated,Driver,South,Making Right Turn,POINT (-122.4155 37.781612),21.0,5.0,10.0,36.0,19
15151,vw_geo_sfpd_cr_switrs_all_types_col_cty_union.fid-c18a0c2_186644fdb18_-17fb,46302,26624000.0,,190309215,37.7852475268,-122.439872613,SFPD-INTERIM DB,CITY STREET,05/01/2019 12:00:00 AM,2019 May 01,00:00:00,2019,May,Wednesday,SUTTER ST,DIVISADERO ST,0.0,Clear,Fatal,Vehicle/Pedestrian,Pedestrian,Crossing in Crosswalk at Intersection,Dry,No Unusual Condition,Daylight,Intersection <= 20ft,1.0,0,1.0,Driver,East,Making Left Turn,Pedestrian,South,Not Stated,POINT (-122.43987 37.785248),103.0,4.0,11.0,15.0,00
15154,vw_geo_sfpd_cr_switrs_all_types_col_cty_union.fid-c18a0c2_186644fdb18_-ce5,25316,24892000.0,8747202.0,140141653,37.7854405260902,-122.406295900998,SFPD-CROSSROADS,CITY STREET,02/17/2014 04:20:00 PM,2014 February 17,16:20:00,2014,February,Monday,MARKET ST,04TH ST,173.0,Clear,Injury (Complaint of Pain),Vehicle/Pedestrian,Pedestrian,Crossing Not in Crosswalk,Dry,No Unusual Condition,Daylight,Midblock > 20ft,0.0,1,,Pedestrian,North,Other,Driver,East,Proceeding Straight,POINT (-122.406296 37.785442),19.0,5.0,3.0,8.0,16
15158,vw_geo_sfpd_cr_switrs_all_types_col_cty_union.fid-c18a0c2_186644fdb18_-824,27597,24726000.0,10460000.0,160996933,37.7918666285125,-122.402827012859,SFPD-CROSSROADS,CITY STREET,12/08/2016 04:13:00 PM,2016 December 08,16:13:00,2016,December,Thursday,PINE ST,MONTGOMERY ST,75.0,Raining,Injury (Other Visible),Vehicle/Pedestrian,Pedestrian,Crossing in Crosswalk at Intersection,Wet,No Unusual Condition,Dark - Street Lights,Midblock > 20ft,0.0,1,,Pedestrian,North,Other,Driver,West,Proceeding Straight,POINT (-122.402824 37.791866),108.0,6.0,3.0,8.0,16
15163,vw_geo_sfpd_cr_switrs_all_types_col_cty_union.fid-c18a0c2_186644fdb18_-1717,47351,20120000.0,10973000.0,190357678,37.7274008547,-122.382644678,SFPD-INTERIM DB,CITY STREET,05/19/2019 11:07:00 AM,2019 May 19,11:07:00,2019,May,Sunday,REVERE AVE,HAWES ST,15.0,Cloudy,Injury (Other Visible),Vehicle/Pedestrian,Pedestrian,Crossing in Crosswalk at Intersection,Wet,No Unusual Condition,Daylight,Intersection <= 20ft,0.0,1,1.0,Driver,West,Proceeding Straight,Pedestrian,South,Proceeding Straight,POINT (-122.382645 37.7274),78.0,2.0,9.0,1.0,11
15165,vw_geo_sfpd_cr_switrs_all_types_col_cty_union.fid-c18a0c2_186644fdb18_-1516,43184,27225000.0,2424000.0,170887134,37.7793069032714,-122.458729765173,SFPD-CROSSROADS,CITY STREET,10/30/2017 03:20:00 PM,2017 October 30,15:20:00,2017,October,Monday,ARGUELLO BLVD,ANZA ST,10.0,Clear,Injury (Complaint of Pain),Vehicle/Pedestrian,Pedestrian,Crossing in Crosswalk at Intersection,Dry,No Unusual Condition,Daylight,Intersection <= 20ft,0.0,1,,Driver,South,Making Left Turn,Pedestrian,East,Not Stated,POINT (-122.45873 37.77931),5.0,8.0,4.0,18.0,15
15177,vw_geo_sfpd_cr_switrs_all_types_col_cty_union.fid-c18a0c2_186644fdb18_-112a,49098,25480000.0,,190655400,37.8067580833,-122.412141424,SFPD-INTERIM DB,CITY STREET,09/03/2019 11:36:00 AM,2019 September 03,11:36:00,2019,September,Tuesday,NORTH POINT ST,POWELL ST,0.0,Clear,Injury (Complaint of Pain),Vehicle/Pedestrian,Pedestrian,Crossing in Crosswalk at Intersection,Dry,No Unusual Condition,Daylight,Intersection <= 20ft,0.0,1,1.0,Driver,East,Making Left Turn,Pedestrian,North,Proceeding Straight,POINT (-122.41214 37.80676),99.0,6.0,3.0,23.0,11
15185,vw_geo_sfpd_cr_switrs_all_types_col_cty_union.fid-c18a0c2_186644fdb18_-d00,49791,52186000.0,10390000.0,190810290,37.723354835,-122.452334425,SFPD-INTERIM DB,CITY STREET,10/26/2019 06:31:00 PM,2019 October 26,18:31:00,2019,October,Saturday,FRIDA KAHLO WAY,OCEAN AVE,100.0,Clear,Injury (Other Visible),Vehicle/Pedestrian,Pedestrian,"In Road, Including Shoulder",Dry,No Unusual Condition,Dusk - Dawn,Midblock > 20ft,0.0,1,1.0,Pedestrian,West,Stopped,Driver,South,Proceeding Straight,POINT (-122.45233 37.723354),95.0,9.0,8.0,41.0,18
15200,vw_geo_sfpd_cr_switrs_all_types_col_cty_union.fid-c18a0c2_186644fdb18_-1e39,2657,20505000.0,,180965968,37.729159754,-122.392415074,SFPD-INTERIM DB,CITY STREET,12/23/2018 10:15:00 PM,2018 December 23,22:15:00,2018,December,Sunday,LANE ST,VAN DYKE AVE,0.0,Clear,Injury (Complaint of Pain),Vehicle/Pedestrian,Pedestrian,Crossing in Crosswalk at Intersection,Dry,No Unusual Condition,Dark - Street Lights,Intersection <= 20ft,0.0,1,1.0,Driver,North,Proceeding Straight,Pedestrian,West,Proceeding Straight,POINT (-122.39242 37.72916),86.0,2.0,9.0,1.0,22
15209,vw_geo_sfpd_cr_switrs_all_types_col_cty_union.fid-c18a0c2_186644fdb18_-c49,5867,21105000.0,,130812739,37.7432627760754,-122.40936104806,SFPD-CROSSROADS,CITY STREET,09/26/2013 05:15:00 PM,2013 September 26,17:15:00,2013,September,Thursday,BRADFORD ST,ESMERALDA AVE,0.0,Clear,Injury (Complaint of Pain),Vehicle/Pedestrian,Pedestrian,Crossing in Crosswalk at Intersection,Dry,No Unusual Condition,Daylight,Intersection <= 20ft,0.0,1,1.0,Driver,West,Proceeding Straight,Pedestrian,North,Proceeding Straight,POINT (-122.40936 37.743263),60.0,9.0,2.0,2.0,17
15214,vw_geo_sfpd_cr_switrs_all_types_col_cty_union.fid-c18a0c2_186644fdb18_-1375,48512,20498000.0,10978000.0,190540789,37.7324047873,-122.391473492,SFPD-INTERIM DB,CITY STREET,07/25/2019 06:02:00 PM,2019 July 25,18:02:00,2019,July,Thursday,REVERE AVE,03RD ST,17.0,Clear,Injury (Complaint of Pain),Vehicle/Pedestrian,Pedestrian,Crossing in Crosswalk at Intersection,Dry,No Unusual Condition,Daylight,Intersection <= 20ft,0.0,1,1.0,Driver,East,Proceeding Straight,Pedestrian,North,Proceeding Straight,POINT (-122.39147 37.732407),86.0,2.0,9.0,1.0,18
15217,vw_geo_sfpd_cr_switrs_all_types_col_cty_union.fid-c18a0c2_186644fdb18_-1620,47437,27533000.000000004,,190405255,37.7763998868,-122.482318449,SFPD-INTERIM DB,CITY STREET,06/05/2019 06:25:00 PM,2019 June 05,18:25:00,2019,June,Wednesday,23RD AVE,BALBOA ST,0.0,Clear,Injury (Other Visible),Broadside,Pedestrian,"In Road, Including Shoulder",Dry,No Unusual Condition,Daylight,Intersection <= 20ft,0.0,1,1.0,Pedestrian,East,Making Left Turn,Driver,North,Proceeding Straight,POINT (-122.482315 37.7764),8.0,8.0,4.0,29.0,18
15220,vw_geo_sfpd_cr_switrs_all_types_col_cty_union.fid-c18a0c2_186644fdb18_-1ab3,46823,27284000.0,6061101.0,190178537,37.7810122734,-122.464264048,SFPD-INTERIM DB,CITY STREET,03/12/2019 11:48:00 AM,2019 March 12,11:48:00,2019,March,Tuesday,GEARY BLVD,06TH AVE,5.0,Clear,Injury (Severe),Vehicle/Pedestrian,Pedestrian,Crossing in Crosswalk at Intersection,Dry,No Unusual Condition,Daylight,Intersection <= 20ft,0.0,1,1.0,Driver,East,Making Left Turn,Pedestrian,South,Proceeding Straight,POINT (-122.464264 37.781013),5.0,8.0,4.0,11.0,11
15224,vw_geo_sfpd_cr_switrs_all_types_col_cty_union.fid-c18a0c2_186644fdb18_-1c86,46580,25182000.000000004,,190084382,37.7858929011,-122.419738734,SFPD-INTERIM DB,CITY STREET,02/03/2019 10:16:00 AM,2019 February 03,10:16:00,2019,February,Sunday,GEARY ST,POLK ST,0.0,Cloudy,Injury (Complaint of Pain),Vehicle/Pedestrian,Pedestrian,Crossing in Crosswalk at Intersection,Wet,No Unusual Condition,Daylight,Intersection <= 20ft,0.0,1,1.0,Driver,West,Making Left Turn,Pedestrian,South,Proceeding Straight,POINT (-122.41974 37.785892),20.0,4.0,10.0,36.0,10
15229,vw_geo_sfpd_cr_switrs_all_types_col_cty_union.fid-c18a0c2_186644fdb18_-1b28,46768,23908000.0,,190157337,37.7790321336,-122.401843273,SFPD-INTERIM DB,CITY STREET,03/04/2019 12:20:00 AM,2019 March 04,00:20:00,2019,March,Monday,HARRISON ST,05TH ST,0.0,Clear,Injury (Other Visible),Vehicle/Pedestrian,Pedestrian,Crossing in Crosswalk at Intersection,Wet,No Unusual Condition,Dark - Street Lights,Intersection <= 20ft,0.0,1,1.0,Driver,West,Making Left Turn,Pedestrian,North,Proceeding Straight,POINT (-122.40184 37.779034),32.0,1.0,10.0,34.0,00
15235,vw_geo_sfpd_cr_switrs_all_types_col_cty_union.fid-c18a0c2_186644fdb18_-1399,48511,30735000.0,8744101.0,190531894,37.7885592668,-122.402191761,SFPD-INTERIM DB,CITY STREET,07/22/2019 06:43:00 PM,2019 July 22,18:43:00,2019,July,Monday,MARKET ST,MONTGOMERY ST,72.0,Clear,Injury (Complaint of Pain),Vehicle/Pedestrian,Pedestrian,Crossing Not in Crosswalk,Dry,No Unusual Condition,Daylight,Midblock > 20ft,0.0,1,1.0,Pedestrian,South,Entering Traffic,Driver,West,Proceeding Straight,POINT (-122.40219 37.78856),32.0,6.0,10.0,8.0,18
15258,vw_geo_sfpd_cr_switrs_all_types_col_cty_union.fid-c18a0c2_186644fdb18_-a0f,7817,24097000.0,13073000.0,180086241,37.7507106154,-122.42052723,SFPD-INTERIM DB,CITY STREET,02/01/2018 04:05:00 PM,2018 February 01,16:05:00,2018,February,Thursday,VALENCIA ST,25TH ST,75.0,Clear,Injury (Complaint of Pain),Vehicle/Pedestrian,Pedestrian,Crossing Not in Crosswalk,Dry,No Unusual Condition,Daylight,Midblock > 20ft,0.0,1,1.0,Pedestrian,East,Entering Traffic,Driver,South,Making U Turn,POINT (-122.420525 37.75071),53.0,3.0,2.0,20.0,16
15269,vw_geo_sfpd_cr_switrs_all_types_col_cty_union.fid-c18a0c2_186644fdb18_-d71,50290,27537000.000000004,,190795737,37.7802802385,-122.480450628,SFPD-INTERIM DB,CITY STREET,10/21/2019 11:06:00 AM,2019 October 21,11:06:00,2019,October,Monday,GEARY BLVD,21ST AVE,0.0,Clear,Injury (Other Visible),Vehicle/Pedestrian,Pedestrian,Crossing in Crosswalk at Intersection,Dry,No Unusual Condition,Daylight,Intersection <= 20ft,0.0,1,1.0,Driver,East,Making Left Turn,Pedestrian,North,Proceeding Straight,POINT (-122.48045 37.78028),8.0,8.0,4.0,29.0,11
15272,vw_geo_sfpd_cr_switrs_all_types_col_cty_union.fid-c18a0c2_186644fdb18_-14e7,21320,24462000.0,10549000.0,140897094,37.7794479831574,-122.418427949616,SFPD-CROSSROADS,CITY STREET,10/23/2014 11:30:00 AM,2014 October 23,11:30:00,2014,October,Thursday,POLK ST,MCALLISTER ST,300.0,Clear,Fatal,Vehicle/Pedestrian,Pedestrian,Crossing in Crosswalk Not at Intersection,Dry,No Unusual Condition,Daylight,Midblock > 20ft,1.0,0,1.0,Driver,South,Proceeding Straight,Pedestrian,West,Proceeding Straight,POINT (-122.41843 37.77945),21.0,4.0,10.0,36.0,11
15277,vw_geo_sfpd_cr_switrs_all_types_col_cty_union.fid-c18a0c2_186644fdb18_-16a4,20528,30746000.000000004,,170121738,37.7765408937212,-122.417501462587,SFPD-CROSSROADS,CITY STREET,02/12/2017 06:33:00 AM,2017 February 12,06:33:00,2017,February,Sunday,MARKET ST,10TH ST,0.0,Clear,Injury (Complaint of Pain),Sideswipe,Pedestrian,"In Road, Including Shoulder",Dry,No Unusual Condition,Dusk - Dawn,Intersection <= 20ft,0.0,1,1.0,Pedestrian,West,Making Left Turn,Driver,West,Entering Traffic,POINT (-122.4175 37.776543),21.0,5.0,10.0,34.0,06
15307,vw_geo_sfpd_cr_switrs_all_types_col_cty_union.fid-c18a0c2_186644fdb18_-e79,24531,24923000.0,12718000.0,140985401,37.7829570841584,-122.412779846432,SFPD-CROSSROADS,CITY STREET,11/21/2014 09:40:00 AM,2014 November 21,09:40:00,2014,November,Friday,TURK ST,JONES ST,108.0,Cloudy,Injury (Complaint of Pain),Vehicle/Pedestrian,Pedestrian,Crossing Not in Crosswalk,Dry,No Unusual Condition,Daylight,Midblock > 20ft,0.0,1,1.0,Pedestrian,South,Stopped In Road,Driver,East,Backing,POINT (-122.41278 37.78296),20.0,5.0,10.0,36.0,09
15309,vw_geo_sfpd_cr_switrs_all_types_col_cty_union.fid-c18a0c2_186644fdb18_-156c,47514,25840000.0,,190440477,37.7662679225,-122.426538464,SFPD-INTERIM DB,CITY STREET,06/19/2019 12:45:00 PM,2019 June 19,12:45:00,2019,June,Wednesday,DOLORES ST,15TH ST,0.0,Clear,Injury (Complaint of Pain),Vehicle/Pedestrian,Pedestrian,Crossing in Crosswalk at Intersection,Dry,No Unusual Condition,Daylight,Intersection <= 20ft,0.0,1,1.0,Driver,North,Making Left Turn,Pedestrian,West,Proceeding Straight,POINT (-122.42654 37.76627),37.0,3.0,5.0,5.0,12
15316,vw_geo_sfpd_cr_switrs_all_types_col_cty_union.fid-c18a0c2_186644fdb18_-1022,1060,21416000.0,2543000.0,170947716,37.7122727068404,-122.435807637136,SFPD-CROSSROADS,CITY STREET,11/21/2017 03:28:00 PM,2017 November 21,15:28:00,2017,November,Tuesday,ATHENS ST,CORDOVA ST,11.0,Clear,Injury (Complaint of Pain),Vehicle/Pedestrian,Pedestrian,Crossing in Crosswalk at Intersection,Dry,No Unusual Condition,Daylight,Intersection <= 20ft,0.0,1,1.0,Driver,West,Proceeding Straight,Pedestrian,South,Not Stated,POINT (-122.43581 37.712273),58.0,9.0,1.0,7.0,15
15320,vw_geo_sfpd_cr_switrs_all_types_col_cty_union.fid-c18a0c2_186644fdb18_-1277,48123,27505000.0,,190592200,37.7803346896,-122.479382975,SFPD-INTERIM DB,CITY STREET,08/12/2019 06:30:00 PM,2019 August 12,18:30:00,2019,August,Monday,GEARY BLVD,20TH AVE,0.0,Clear,Injury (Other Visible),Vehicle/Pedestrian,Pedestrian,Crossing in Crosswalk at Intersection,Dry,No Unusual Condition,Daylight,Intersection <= 20ft,0.0,1,1.0,Driver,East,Making Left Turn,Pedestrian,North,Proceeding Straight,POINT (-122.479385 37.780334),8.0,8.0,4.0,29.0,18
15322,vw_geo_sfpd_cr_switrs_all_types_col_cty_union.fid-c18a0c2_186644fdb18_-d51,49095,23512000.0,,190799280,37.7454095438,-122.507030542,SFPD-INTERIM DB,CITY STREET,10/23/2019 07:30:00 AM,2019 October 23,07:30:00,2019,October,Wednesday,RIVERA ST,48TH AVE,0.0,Clear,Injury (Other Visible),Vehicle/Pedestrian,Pedestrian,Crossing in Crosswalk at Intersection,Dry,No Unusual Condition,Daylight,Intersection <= 20ft,0.0,1,1.0,Driver,West,Making Left Turn,Pedestrian,South,Other,POINT (-122.507034 37.74541),39.0,10.0,7.0,35.0,07
15340,vw_geo_sfpd_cr_switrs_all_types_col_cty_union.fid-c18a0c2_186644fdb18_-1b23,46770,22927000.0,,190157901,37.7397234996,-122.466991014,SFPD-INTERIM DB,CITY STREET,03/04/2019 11:21:00 AM,2019 March 04,11:21:00,2019,March,Monday,WEST PORTAL AVE,VICENTE ST,0.0,Cloudy,Injury (Severe),Vehicle/Pedestrian,Pedestrian,Crossing in Crosswalk at Intersection,Dry,No Unusual Condition,Daylight,Intersection <= 20ft,0.0,1,1.0,Driver,East,Making Left Turn,Pedestrian,North,Proceeding Straight,POINT (-122.46699 37.739723),46.0,10.0,8.0,41.0,11
15342,vw_geo_sfpd_cr_switrs_all_types_col_cty_union.fid-c18a0c2_186644fdb18_-1410,48516,24552000.0,,190510058,37.7932304921,-122.393181333,SFPD-INTERIM DB,CITY STREET,07/14/2019 02:50:00 PM,2019 July 14,14:50:00,2019,July,Sunday,STEUART ST,MISSION ST,0.0,Clear,Injury (Complaint of Pain),Sideswipe,Pedestrian,Crossing Not in Crosswalk,Dry,No Unusual Condition,Daylight,Intersection <= 20ft,0.0,1,1.0,Pedestrian,East,Entering Traffic,Driver,South,Slowing/Stopping,POINT (-122.39318 37.793232),108.0,1.0,3.0,8.0,14
15349,vw_geo_sfpd_cr_switrs_all_types_col_cty_union.fid-c18a0c2_186644fdb18_-a54,49855,24149000.000000004,,190923069,37.761835855,-122.419359268,SFPD-INTERIM DB,CITY STREET,12/08/2019 11:29:00 PM,2019 December 08,23:29:00,2019,December,Sunday,18TH ST,MISSION ST,0.0,Cloudy,Injury (Complaint of Pain),Vehicle/Pedestrian,Pedestrian,Crossing in Crosswalk at Intersection,Wet,No Unusual Condition,Dark - Street Lights,Intersection <= 20ft,0.0,1,1.0,Driver,North,Making Left Turn,Pedestrian,West,Proceeding Straight,POINT (-122.41936 37.761837),53.0,3.0,2.0,20.0,23
15352,vw_geo_sfpd_cr_switrs_all_types_col_cty_union.fid-c18a0c2_186644fdb18_-1978,47216,23195000.0,,190232519,37.7430026326,-122.476764599,SFPD-INTERIM DB,CITY STREET,04/02/2019 03:32:00 PM,2019 April 02,15:32:00,2019,April,Tuesday,20TH AVE,TARAVAL ST,0.0,Clear,Injury (Severe),Vehicle/Pedestrian,Pedestrian,Crossing in Crosswalk at Intersection,Dry,No Unusual Condition,Daylight,Intersection <= 20ft,0.0,1,1.0,Driver,North,Making Left Turn,Pedestrian,West,Proceeding Straight,POINT (-122.47676 37.743004),40.0,10.0,7.0,35.0,15
15354,vw_geo_sfpd_cr_switrs_all_types_col_cty_union.fid-c18a0c2_186644fdb18_-f8e,48414,27550000.0,2672000.0,190720887,37.7761632427,-122.48749344,SFPD-INTERIM DB,CITY STREET,09/26/2019 07:40:00 AM,2019 September 26,07:40:00,2019,September,Thursday,BALBOA ST,28TH AVE,51.0,Clear,Injury (Other Visible),Vehicle/Pedestrian,Pedestrian,Crossing in Crosswalk at Intersection,Dry,No Unusual Condition,Daylight,Midblock > 20ft,0.0,1,1.0,Driver,East,Proceeding Straight,Pedestrian,North,Proceeding Straight,POINT (-122.487495 37.776165),8.0,8.0,4.0,29.0,07
15357,vw_geo_sfpd_cr_switrs_all_types_col_cty_union.fid-c18a0c2_186644fdb18_-13df,21925,25968000.0,,160868332,37.7786320376331,-122.431763220242,SFPD-CROSSROADS,CITY STREET,10/25/2016 08:00:00 AM,2016 October 25,08:00:00,2016,October,Tuesday,FILLMORE ST,MCALLISTER ST,0.0,Cloudy,Injury (Complaint of Pain),Vehicle/Pedestrian,Pedestrian,Crossing in Crosswalk at Intersection,Dry,No Unusual Condition,Daylight,Intersection <= 20ft,0.0,1,2.0,Pedestrian,South,Not Stated,Driver,West,Making Left Turn,POINT (-122.43176 37.778633),97.0,4.0,11.0,39.0,08
15360,vw_geo_sfpd_cr_switrs_all_types_col_cty_union.fid-c18a0c2_186644fdb18_-10a1,23450,24539000.0,,160877361,37.7863386156344,-122.397704485577,SFPD-CROSSROADS,CITY STREET,10/28/2016 06:25:00 AM,2016 October 28,06:25:00,2016,October,Friday,TEHAMA ST,02ND ST,0.0,Raining,Injury (Complaint of Pain),Vehicle/Pedestrian,Pedestrian,Crossing in Crosswalk at Intersection,Wet,No Unusual Condition,Dark - No Street Lights,Intersection <= 20ft,0.0,1,1.0,Driver,West,Making Left Turn,Pedestrian,North,Proceeding Straight,POINT (-122.397705 37.78634),32.0,1.0,10.0,8.0,06