,id,unique_id,cnn_intrsctn_fkey,cnn_sgmt_fkey,case_id_pkey,tb_latitude,tb_longitude,geocode_source,geocode_location,collision_datetime,collision_date,collision_time,accident_year,month,day_of_week,primary_rd,secondary_rd,distance,weather_1,collision_severity,type_of_collision,mviw,ped_action,road_surface,road_cond_1,lighting,intersection,number_killed,number_injured,party_at_fault,party1_type,party1_dir_of_travel,party1_move_pre_acc,party2_type,party2_dir_of_travel,party2_move_pre_acc,point,Neighborhoods,Current Police Districts,Current Supervisor Districts,Analysis Neighborhoods,hour
15381,vw_geo_sfpd_cr_switrs_all_types_col_cty_union.fid-c18a0c2_186644fdb18_-705,11037,24149000.000000004,9120000.0,150770270,37.7613018665945,-122.419308145281,SFPD-CROSSROADS,CITY STREET,09/02/2015 02:25:00 PM,2015 September 02,14:25:00,2015,September,Wednesday,MISSION ST,18TH ST,195.0,Clear,Injury (Complaint of Pain),Vehicle/Pedestrian,Pedestrian,Crossing Not in Crosswalk,Dry,No Unusual Condition,Daylight,Midblock > 20ft,0.0,1,1.0,Pedestrian,West,Other,Driver,North,Proceeding Straight,POINT (-122.41931 37.761303),53.0,3.0,2.0,20.0,14
15385,vw_geo_sfpd_cr_switrs_all_types_col_cty_union.fid-c18a0c2_186644fdb18_-f28,24240,24326000.0,6259000.0,140737597,37.7820752471668,-122.412203641021,SFPD-CROSSROADS,CITY STREET,09/02/2014 09:01:00 AM,2014 September 02,09:01:00,2014,September,Tuesday,GOLDEN GATE AVE,JONES ST,5.0,Cloudy,Injury (Other Visible),Vehicle/Pedestrian,Pedestrian,Crossing in Crosswalk at Intersection,Dry,No Unusual Condition,Daylight,Intersection <= 20ft,0.0,1,1.0,Pedestrian,North,Proceeding Straight,Driver,East,Proceeding Straight,POINT (-122.4122 37.782074),20.0,5.0,10.0,36.0,09
15390,vw_geo_sfpd_cr_switrs_all_types_col_cty_union.fid-c18a0c2_186644fdb18_-dcd,49036,26594000.0,,190783368,37.7841518636,-122.434562099,SFPD-INTERIM DB,CITY STREET,10/17/2019 04:54:00 PM,2019 October 17,16:54:00,2019,October,Thursday,GEARY BLVD,STEINER ST,0.0,Clear,Injury (Severe),Vehicle/Pedestrian,Pedestrian,Crossing Not in Crosswalk,Dry,No Unusual Condition,Daylight,Intersection <= 20ft,0.0,1,1.0,Pedestrian,South,Proceeding Straight,Pedestrian,South,Proceeding Straight,POINT (-122.43456 37.784153),103.0,4.0,11.0,39.0,16
15397,vw_geo_sfpd_cr_switrs_all_types_col_cty_union.fid-c18a0c2_186644fdb18_-1449,48484,25351000.0,12212000.0,190498711,37.7992412211,-122.408958499,SFPD-INTERIM DB,CITY STREET,07/10/2019 12:06:00 PM,2019 July 10,12:06:00,2019,July,Wednesday,STOCKTON ST,COLUMBUS AVE,92.0,Clear,Injury (Other Visible),Vehicle/Pedestrian,Pedestrian,"In Road, Including Shoulder",Dry,No Unusual Condition,Daylight,Midblock > 20ft,0.0,1,1.0,Pedestrian,West,Entering Traffic,Driver,South,Proceeding Straight,POINT (-122.40896 37.79924),106.0,6.0,3.0,6.0,12
15406,vw_geo_sfpd_cr_switrs_all_types_col_cty_union.fid-c18a0c2_186644fdb18_-18b2,46291,50270000.0,5174000.0,190267572,37.7847312057,-122.413776872,SFPD-INTERIM DB,CITY STREET,04/15/2019 11:50:00 AM,2019 April 15,11:50:00,2019,April,Monday,ELLIS ST,LEAVENWORTH ST,191.0,Clear,Injury (Complaint of Pain),Vehicle/Pedestrian,Pedestrian,"In Road, Including Shoulder",Dry,No Unusual Condition,Daylight,Midblock > 20ft,0.0,1,1.0,Pedestrian,North,Other,Driver,East,Proceeding Straight,POINT (-122.41378 37.784733),20.0,5.0,10.0,36.0,11
15410,vw_geo_sfpd_cr_switrs_all_types_col_cty_union.fid-c18a0c2_186644fdb18_-9a6,49864,24634000.0,,190941390,37.7827316355,-122.406479403,SFPD-INTERIM DB,CITY STREET,12/14/2019 11:50:00 PM,2019 December 14,23:50:00,2019,December,Saturday,05TH ST,MISSION ST,0.0,Clear,Injury (Complaint of Pain),Vehicle/Pedestrian,Pedestrian,Crossing in Crosswalk at Intersection,Dry,No Unusual Condition,Dark - Street Lights,Intersection <= 20ft,0.0,1,1.0,Driver,South,Making Left Turn,Pedestrian,East,Other,POINT (-122.40648 37.78273),32.0,1.0,10.0,34.0,23
15416,vw_geo_sfpd_cr_switrs_all_types_col_cty_union.fid-c18a0c2_186644fdb18_-118f,47947,26027000.0,,190632276,37.7733457128,-122.435751499,SFPD-INTERIM DB,CITY STREET,08/26/2019 12:49:00 PM,2019 August 26,12:49:00,2019,August,Monday,OAK ST,SCOTT ST,0.0,Clear,Injury (Other Visible),Sideswipe,Pedestrian,"In Road, Including Shoulder",Dry,No Unusual Condition,Daylight,Intersection <= 20ft,0.0,1,1.0,Driver,East,Other Unsafe Turning,Pedestrian,East,Parked,POINT (-122.43575 37.773346),26.0,4.0,11.0,3.0,12
15419,vw_geo_sfpd_cr_switrs_all_types_col_cty_union.fid-c18a0c2_186644fdb18_-1e87,31560,26833000.0,,180942245,37.7855486686,-122.445019857,SFPD-INTERIM DB,CITY STREET,12/14/2018 05:38:00 PM,2018 December 14,17:38:00,2018,December,Friday,BUSH ST,LYON ST,0.0,Cloudy,Injury (Other Visible),Broadside,Pedestrian,Crossing in Crosswalk at Intersection,Wet,No Unusual Condition,Dark - Street Lights,Intersection <= 20ft,0.0,1,1.0,Driver,South,Making Left Turn,Pedestrian,South,Proceeding Straight,POINT (-122.44502 37.78555),103.0,8.0,6.0,31.0,17
15421,vw_geo_sfpd_cr_switrs_all_types_col_cty_union.fid-c18a0c2_186644fdb18_-d56,48743,24184000.0,731000.0,190798260,37.7649391111,-122.421526741,SFPD-INTERIM DB,CITY STREET,10/22/2019 06:56:00 PM,2019 October 22,18:56:00,2019,October,Tuesday,16TH ST,CALEDONIA ST,42.0,Clear,Injury (Other Visible),Vehicle/Pedestrian,Pedestrian,Crossing Not in Crosswalk,Dry,No Unusual Condition,Dark - Street Lights,Midblock > 20ft,0.0,1,1.0,Pedestrian,South,Other,Driver,West,Proceeding Straight,POINT (-122.421524 37.76494),53.0,3.0,2.0,20.0,18
15423,vw_geo_sfpd_cr_switrs_all_types_col_cty_union.fid-c18a0c2_186644fdb18_-ed9,24374,24334000.0,6260000.0,140833258,37.7819041889025,-122.413545229985,SFPD-CROSSROADS,CITY STREET,10/03/2014 10:40:00 AM,2014 October 03,10:40:00,2014,October,Friday,GOLDEN GATE AVE,LEAVENWORTH ST,94.0,Clear,Injury (Other Visible),Vehicle/Pedestrian,Pedestrian,Crossing Not in Crosswalk,Dry,No Unusual Condition,Daylight,Midblock > 20ft,0.0,2,1.0,Pedestrian,South,Proceeding Straight,Driver,East,Proceeding Straight,POINT (-122.41354 37.781902),20.0,5.0,10.0,36.0,10
15425,vw_geo_sfpd_cr_switrs_all_types_col_cty_union.fid-c18a0c2_186644fdb18_-b15,48785,24311000.0,,190893735,37.7774574201,-122.413157691,SFPD-INTERIM DB,CITY STREET,11/26/2019 06:32:00 AM,2019 November 26,06:32:00,2019,November,Tuesday,08TH ST,MISSION ST,0.0,Clear,Injury (Complaint of Pain),Vehicle/Pedestrian,Pedestrian,Crossing in Crosswalk at Intersection,Dry,No Unusual Condition,Dusk - Dawn,Intersection <= 20ft,0.0,1,1.0,Pedestrian,South,Proceeding Straight,Driver,East,Proceeding Straight,POINT (-122.413155 37.77746),32.0,1.0,10.0,34.0,06
15431,vw_geo_sfpd_cr_switrs_all_types_col_cty_union.fid-c18a0c2_186644fdb18_-eb5,24439,24431000.0,,170970632,37.7816542616751,-122.415505178752,SFPD-CROSSROADS,CITY STREET,11/30/2017 06:30:00 AM,2017 November 30,06:30:00,2017,November,Thursday,GOLDEN GATE AVE,HYDE ST,0.0,Clear,Injury (Other Visible),Vehicle/Pedestrian,Pedestrian,Crossing in Crosswalk at Intersection,Dry,No Unusual Condition,Dark - Street Lights,Intersection <= 20ft,0.0,1,1.0,Driver,East,Making Left Turn,Pedestrian,South,Proceeding Straight,POINT (-122.415504 37.781654),21.0,5.0,10.0,36.0,06
15438,vw_geo_sfpd_cr_switrs_all_types_col_cty_union.fid-c18a0c2_186644fdb18_-1013,48066,27554000.0,,190694505,37.7800379527,-122.485807576,SFPD-INTERIM DB,CITY STREET,09/17/2019 12:16:00 PM,2019 September 17,12:16:00,2019,September,Tuesday,GEARY BLVD,26TH AVE,0.0,Clear,Injury (Complaint of Pain),Sideswipe,Pedestrian,Crossing Not in Crosswalk,Dry,No Unusual Condition,Daylight,Intersection <= 20ft,0.0,1,,Driver,East,Making Left Turn,Pedestrian,South,Proceeding Straight,POINT (-122.48581 37.780037),8.0,8.0,4.0,29.0,12
15439,vw_geo_sfpd_cr_switrs_all_types_col_cty_union.fid-c18a0c2_186644fdb18_-19e7,18941,25889000.0,6166000.0,150890301,37.7706948106377,-122.430280864776,SFPD-CROSSROADS,CITY STREET,10/11/2015 12:15:00 PM,2015 October 11,12:15:00,2015,October,Sunday,GERMANIA ST,FILLMORE ST,33.0,Clear,Injury (Complaint of Pain),Vehicle/Pedestrian,Pedestrian,"In Road, Including Shoulder",Dry,No Unusual Condition,Daylight,Midblock > 20ft,0.0,1,1.0,Driver,East,Stopped In Road,Pedestrian,North,Not Stated,POINT (-122.43028 37.770695),28.0,7.0,11.0,9.0,12
15452,vw_geo_sfpd_cr_switrs_all_types_col_cty_union.fid-c18a0c2_186644fdb18_-1acf,46808,25332000.0,,190170486,37.7986968613,-122.407869496,SFPD-INTERIM DB,CITY STREET,03/09/2019 01:11:00 AM,2019 March 09,01:11:00,2019,March,Saturday,COLUMBUS AVE,VALLEJO ST,0.0,Cloudy,Injury (Severe),Vehicle/Pedestrian,Pedestrian,Crossing in Crosswalk at Intersection,Dry,No Unusual Condition,Dark - Street Lights,Intersection <= 20ft,0.0,1,,Driver,North,Other,Pedestrian,East,Proceeding Straight,POINT (-122.40787 37.7987),106.0,6.0,3.0,23.0,01
15456,vw_geo_sfpd_cr_switrs_all_types_col_cty_union.fid-c18a0c2_186644fdb18_-e4d,49775,25611000.0,4211000.0,190767265,37.749299938,-122.427131036,SFPD-INTERIM DB,CITY STREET,10/11/2019 06:13:00 PM,2019 October 11,18:13:00,2019,October,Friday,CLIPPER ST,CHURCH ST,20.0,Clear,Injury (Other Visible),Vehicle/Pedestrian,Pedestrian,Not in Road,Dry,No Unusual Condition,Daylight,Intersection <= 20ft,0.0,1,1.0,Driver,West,Backing,Pedestrian,East,Stopped,POINT (-122.42713 37.7493),52.0,3.0,5.0,22.0,18
15464,vw_geo_sfpd_cr_switrs_all_types_col_cty_union.fid-c18a0c2_186644fdb18_-1c94,46572,22174000.0,,190083271,37.7194811197,-122.447562063,SFPD-INTERIM DB,CITY STREET,02/02/2019 06:52:00 PM,2019 February 02,18:52:00,2019,February,Saturday,SAN JOSE AVE,NIAGARA AVE,0.0,Raining,Injury (Other Visible),Vehicle/Pedestrian,Pedestrian,Crossing in Crosswalk at Intersection,Wet,No Unusual Condition,Dark - Street Lights,Intersection <= 20ft,0.0,2,1.0,Driver,West,Making Left Turn,Pedestrian,South,Stopped,POINT (-122.44756 37.719482),80.0,9.0,1.0,28.0,18
15470,vw_geo_sfpd_cr_switrs_all_types_col_cty_union.fid-c18a0c2_186644fdb18_-b2b,6681,21174000.0,,141069206,37.7494362308698,-122.411592844111,SFPD-CROSSROADS,CITY STREET,12/20/2014 05:50:00 PM,2014 December 20,17:50:00,2014,December,Saturday,HARRISON ST,26TH ST,0.0,Clear,Injury (Complaint of Pain),Vehicle/Pedestrian,Pedestrian,Crossing in Crosswalk at Intersection,Dry,No Unusual Condition,Dark - Street Lights,Intersection <= 20ft,0.0,1,1.0,Driver,North,Stopped In Road,Pedestrian,East,Proceeding Straight,POINT (-122.41159 37.749435),53.0,3.0,2.0,20.0,17
15473,vw_geo_sfpd_cr_switrs_all_types_col_cty_union.fid-c18a0c2_186644fdb18_-c5f,50528,27564000.0,,190832523,37.7850588724,-122.459133705,SFPD-INTERIM DB,CITY STREET,11/03/2019 05:40:00 PM,2019 November 03,17:40:00,2019,November,Sunday,CORNWALL ST,ARGUELLO BLVD,0.0,Clear,Injury (Severe),Vehicle/Pedestrian,Pedestrian,Crossing in Crosswalk at Intersection,Dry,No Unusual Condition,Dark - Street Lights,Intersection <= 20ft,0.0,1,1.0,Driver,West,Making Left Turn,Pedestrian,South,Proceeding Straight,POINT (-122.45914 37.785057),5.0,8.0,4.0,11.0,17
15479,vw_geo_sfpd_cr_switrs_all_types_col_cty_union.fid-c18a0c2_186644fdb18_-123e,47887,25294000.0,3547000.0,190603465,37.7908011675,-122.4189197,SFPD-INTERIM DB,CITY STREET,08/16/2019 12:15:00 PM,2019 August 16,12:15:00,2019,August,Friday,CALIFORNIA ST,LARKIN ST,34.0,Clear,Injury (Other Visible),Vehicle/Pedestrian,Pedestrian,Crossing Not in Crosswalk,Dry,No Unusual Condition,Daylight,Midblock > 20ft,0.0,1,1.0,Pedestrian,North,Not Stated,Driver,North,Proceeding Straight,POINT (-122.41892 37.790802),16.0,6.0,3.0,21.0,12
15484,vw_geo_sfpd_cr_switrs_all_types_col_cty_union.fid-c18a0c2_186644fdb18_-1dd6,16778,24434000.0,6553000.0,130211294,37.7786597675622,-122.416600819597,SFPD-CROSSROADS,CITY STREET,03/13/2013 06:00:00 PM,2013 March 13,18:00:00,2013,March,Wednesday,GROVE ST,LARKIN ST,6.0,Clear,Injury (Other Visible),Vehicle/Pedestrian,Pedestrian,Crossing in Crosswalk at Intersection,Dry,No Unusual Condition,Daylight,Intersection <= 20ft,0.0,1,1.0,Driver,North,Making Left Turn,Pedestrian,North,Other,POINT (-122.4166 37.77866),21.0,5.0,10.0,36.0,18
15492,vw_geo_sfpd_cr_switrs_all_types_col_cty_union.fid-c18a0c2_186644fdb18_-ffd,48377,24634000.0,,190698278,37.7827316355,-122.406479403,SFPD-INTERIM DB,CITY STREET,09/18/2019 01:33:00 PM,2019 September 18,13:33:00,2019,September,Wednesday,05TH ST,MISSION ST,0.0,Clear,Injury (Complaint of Pain),Vehicle/Pedestrian,Pedestrian,Crossing in Crosswalk at Intersection,Dry,No Unusual Condition,Daylight,Intersection <= 20ft,0.0,1,1.0,Driver,South,Making Left Turn,Pedestrian,East,Proceeding Straight,POINT (-122.40648 37.78273),32.0,1.0,10.0,34.0,13
15499,vw_geo_sfpd_cr_switrs_all_types_col_cty_union.fid-c18a0c2_186644fdb18_-1704,47362,26498000.0,,190363211,37.7882797329,-122.423594072,SFPD-INTERIM DB,CITY STREET,05/21/2019 12:28:00 PM,2019 May 21,12:28:00,2019,May,Tuesday,BUSH ST,FRANKLIN ST,0.0,Clear,Injury (Complaint of Pain),Vehicle/Pedestrian,Pedestrian,Crossing in Crosswalk at Intersection,Dry,No Unusual Condition,Daylight,Intersection <= 20ft,0.0,1,1.0,Driver,North,Making Left Turn,Pedestrian,East,Proceeding Straight,POINT (-122.42359 37.78828),100.0,4.0,6.0,39.0,12
15514,vw_geo_sfpd_cr_switrs_all_types_col_cty_union.fid-c18a0c2_186644fdb18_-699,28458,30770000.0,6395000.0,130933498,37.7946215884718,-122.406374301412,SFPD-CROSSROADS,CITY STREET,11/03/2013 01:10:00 PM,2013 November 03,13:10:00,2013,November,Sunday,GRANT AVE,CLAY ST,132.0,Clear,Injury (Complaint of Pain),Vehicle/Pedestrian,Pedestrian,Crossing Not in Crosswalk,Dry,No Unusual Condition,Daylight,Midblock > 20ft,0.0,1,1.0,Pedestrian,East,Proceeding Straight,Driver,South,Backing,POINT (-122.40637 37.79462),104.0,6.0,3.0,6.0,13
15521,vw_geo_sfpd_cr_switrs_all_types_col_cty_union.fid-c18a0c2_186644fdb18_-1214,48811,24509000.0,,190607887,37.7867654833,-122.392052962,SFPD-INTERIM DB,CITY STREET,08/18/2019 02:50:00 AM,2019 August 18,02:50:00,2019,August,Sunday,HARRISON ST,FREMONT ST,0.0,Clear,Injury (Severe),Vehicle/Pedestrian,Pedestrian,Crossing in Crosswalk at Intersection,Dry,No Unusual Condition,Dark - Street Lights,Intersection <= 20ft,0.0,1,,Driver,East,Making Left Turn,Pedestrian,South,Proceeding Straight,POINT (-122.39205 37.786766),30.0,1.0,10.0,8.0,02
15522,vw_geo_sfpd_cr_switrs_all_types_col_cty_union.fid-c18a0c2_186644fdb18_-9c6,49860,24171000.0,9115000.0,190938397,37.7666516799,-122.419823123,SFPD-INTERIM DB,CITY STREET,12/13/2019 06:13:00 PM,2019 December 13,18:13:00,2019,December,Friday,MISSION ST,15TH ST,8.0,Raining,Injury (Other Visible),Vehicle/Pedestrian,Pedestrian,Crossing in Crosswalk at Intersection,Wet,No Unusual Condition,Dark - Street Lights,Intersection <= 20ft,0.0,1,1.0,Driver,South,Making Left Turn,Pedestrian,East,Proceeding Straight,POINT (-122.41982 37.76665),53.0,3.0,2.0,20.0,18
15541,vw_geo_sfpd_cr_switrs_all_types_col_cty_union.fid-c18a0c2_186644fdb18_-ab4,49352,30705000.0,13143101.0,190909279,37.775297536,-122.41936914,SFPD-INTERIM DB,CITY STREET,12/02/2019 11:53:00 PM,2019 December 02,23:53:00,2019,December,Monday,VAN NESS AVE,MARKET ST,66.0,Raining,Injury (Other Visible),Vehicle/Pedestrian,Pedestrian,Crossing Not in Crosswalk,Wet,Construction or Repair Zone,Dark - Street Lights,Midblock > 20ft,0.0,1,1.0,Pedestrian,East,Other,Driver,South,Proceeding Straight,POINT (-122.41937 37.7753),21.0,4.0,11.0,9.0,23
15563,vw_geo_sfpd_cr_switrs_all_types_col_cty_union.fid-c18a0c2_186644fdb18_-100c,1165,21547000.0,,151028781,37.7099462034127,-122.449308667011,SFPD-CROSSROADS,CITY STREET,11/26/2015 03:40:00 PM,2015 November 26,15:40:00,2015,November,Thursday,MISSION ST,FARRAGUT AVE,0.0,Clear,Injury (Other Visible),Vehicle/Pedestrian,Pedestrian,Crossing in Crosswalk at Intersection,Dry,No Unusual Condition,Daylight,Intersection <= 20ft,0.0,1,1.0,Driver,South,Proceeding Straight,Pedestrian,West,Proceeding Straight,POINT (-122.44931 37.709946),66.0,9.0,1.0,28.0,15
15566,vw_geo_sfpd_cr_switrs_all_types_col_cty_union.fid-c18a0c2_186644fdb18_-14d4,21362,25945000.0,5884000.0,160450199,37.7784888905325,-122.425383074305,SFPD-CROSSROADS,CITY STREET,06/02/2016 10:00:00 AM,2016 June 02,10:00:00,2016,June,Thursday,FULTON ST,OCTAVIA ST,113.0,Cloudy,Injury (Complaint of Pain),Vehicle/Pedestrian,Pedestrian,"In Road, Including Shoulder",Dry,No Unusual Condition,Daylight,Midblock > 20ft,0.0,1,1.0,Driver,West,Stopped In Road,Pedestrian,North,Not Stated,POINT (-122.425385 37.77849),97.0,4.0,11.0,39.0,10
15567,vw_geo_sfpd_cr_switrs_all_types_col_cty_union.fid-c18a0c2_186644fdb18_-a8c,49379,24936000.0,,190916020,37.7848662459,-122.412782128,SFPD-INTERIM DB,CITY STREET,12/05/2019 10:45:00 AM,2019 December 05,10:45:00,2019,December,Thursday,JONES ST,ELLIS ST,0.0,Cloudy,Injury (Complaint of Pain),Vehicle/Pedestrian,Pedestrian,Crossing in Crosswalk at Intersection,Dry,No Unusual Condition,Daylight,Intersection <= 20ft,0.0,1,1.0,Driver,South,Making Right Turn,Pedestrian,South,Proceeding Straight,POINT (-122.41278 37.784866),20.0,5.0,10.0,36.0,10
15573,vw_geo_sfpd_cr_switrs_all_types_col_cty_union.fid-c18a0c2_186644fdb18_-1c08,47684,24079000.0,,190108089,37.7572976441,-122.414541468,SFPD-INTERIM DB,CITY STREET,02/12/2019 07:13:00 PM,2019 February 12,19:13:00,2019,February,Tuesday,FOLSOM ST,21ST ST,0.0,Raining,Injury (Other Visible),Vehicle/Pedestrian,Pedestrian,Crossing in Crosswalk at Intersection,Wet,No Unusual Condition,Dark - Street Lights,Intersection <= 20ft,0.0,1,1.0,Driver,South,Making Left Turn,Pedestrian,West,Proceeding Straight,POINT (-122.41454 37.757298),53.0,3.0,2.0,20.0,19
15578,vw_geo_sfpd_cr_switrs_all_types_col_cty_union.fid-c18a0c2_186644fdb18_-15eb,20823,25918000.0,6318000.0,170020209,37.7768496032685,-122.422971226827,SFPD-CROSSROADS,CITY STREET,01/08/2017 10:35:00 AM,2017 January 08,10:35:00,2017,January,Sunday,GOUGH ST,HAYES ST,13.0,Raining,Injury (Complaint of Pain),Vehicle/Pedestrian,Pedestrian,"In Road, Including Shoulder",Dry,No Unusual Condition,Daylight,Intersection <= 20ft,0.0,1,1.0,Pedestrian,East,Not Stated,Driver,South,Making Left Turn,POINT (-122.42297 37.776848),22.0,4.0,11.0,9.0,10
15579,vw_geo_sfpd_cr_switrs_all_types_col_cty_union.fid-c18a0c2_186644fdb18_-1741,20238,30705000.0,13143201.0,160848152,37.7754085384037,-122.419228127034,SFPD-CROSSROADS,CITY STREET,10/18/2016 05:50:00 AM,2016 October 18,05:50:00,2016,October,Tuesday,VAN NESS AVE,MARKET ST,93.0,Clear,Injury (Other Visible),Vehicle/Pedestrian,Pedestrian,Crossing Not in Crosswalk,Dry,No Unusual Condition,Dark - Street Lights,Midblock > 20ft,0.0,1,1.0,Pedestrian,East,Other,Driver,North,Proceeding Straight,POINT (-122.41923 37.77541),21.0,4.0,10.0,36.0,05
15585,vw_geo_sfpd_cr_switrs_all_types_col_cty_union.fid-c18a0c2_186644fdb18_-1c77,17370,24372000.0,9113000.0,130442994,37.7683083253452,-122.419983784258,SFPD-CROSSROADS,CITY STREET,05/29/2013 02:22:00 PM,2013 May 29,14:22:00,2013,May,Wednesday,MISSION ST,14TH ST,13.0,Clear,Injury (Other Visible),Vehicle/Pedestrian,Pedestrian,Crossing in Crosswalk at Intersection,Dry,No Unusual Condition,Daylight,Intersection <= 20ft,0.0,1,1.0,Pedestrian,East,Proceeding Straight,Driver,South,Proceeding Straight,POINT (-122.41998 37.768307),53.0,3.0,2.0,20.0,14
15589,vw_geo_sfpd_cr_switrs_all_types_col_cty_union.fid-c18a0c2_186644fdb18_-1849,40867,27364000.0,911101.0,130948516,37.7606329344963,-122.4768215213,SFPD-CROSSROADS,CITY STREET,11/08/2013 03:25:00 PM,2013 November 08,15:25:00,2013,November,Friday,19TH AVE,KIRKHAM ST,290.0,Clear,Injury (Other Visible),Vehicle/Pedestrian,Pedestrian,Crossing Not in Crosswalk,Dry,No Unusual Condition,Daylight,Midblock > 20ft,0.0,1,1.0,Pedestrian,East,Proceeding Straight,Driver,South,Proceeding Straight,POINT (-122.47682 37.76063),109.0,10.0,8.0,14.0,15
15592,vw_geo_sfpd_cr_switrs_all_types_col_cty_union.fid-c18a0c2_186644fdb18_-13b0,48201,24439000.0,,190527417,37.7804703415,-122.416947605,SFPD-INTERIM DB,CITY STREET,07/21/2019 02:30:00 AM,2019 July 21,02:30:00,2019,July,Sunday,LARKIN ST,MCALLISTER ST,0.0,Clear,Injury (Complaint of Pain),Vehicle/Pedestrian,Pedestrian,Crossing in Crosswalk at Intersection,Dry,No Unusual Condition,Dark - Street Lights,Intersection <= 20ft,0.0,1,1.0,Driver,West,Proceeding Straight,Pedestrian,North,Proceeding Straight,POINT (-122.41695 37.78047),21.0,5.0,10.0,36.0,02
15596,vw_geo_sfpd_cr_switrs_all_types_col_cty_union.fid-c18a0c2_186644fdb18_-16ad,41954,27183000.0,7827103.0,180490460,37.7672019466,-122.458543612,SFPD-INTERIM DB,CITY STREET,07/02/2018 03:20:00 PM,2018 July 02,15:20:00,2018,July,Monday,KEZAR DR,MARTIN LUTHER KING JR DR,27.0,Clear,Injury (Complaint of Pain),Vehicle/Pedestrian,Pedestrian,Crossing Not in Crosswalk,Dry,No Unusual Condition,Daylight,Midblock > 20ft,0.0,1,1.0,Pedestrian,South,Other,Driver,East,Proceeding Straight,POINT (-122.45854 37.7672),9.0,7.0,11.0,12.0,15
15597,vw_geo_sfpd_cr_switrs_all_types_col_cty_union.fid-c18a0c2_186644fdb18_-6dd,28323,24694000.000000004,4082000.0,160342502,37.7950194743614,-122.400279661276,SFPD-CROSSROADS,CITY STREET,04/26/2016 05:30:00 PM,2016 April 26,17:30:00,2016,April,Tuesday,CLAY ST,BATTERY ST,15.0,Clear,Injury (Other Visible),Vehicle/Pedestrian,Pedestrian,Crossing Not in Crosswalk,Dry,No Unusual Condition,Daylight,Intersection <= 20ft,0.0,1,1.0,Pedestrian,South,Proceeding Straight,Driver,East,Proceeding Straight,POINT (-122.400276 37.79502),108.0,6.0,3.0,8.0,17
15601,vw_geo_sfpd_cr_switrs_all_types_col_cty_union.fid-c18a0c2_186644fdb18_-179b,47533,25261000.0,,190332498,37.7936837853,-122.417935758,SFPD-INTERIM DB,CITY STREET,05/09/2019 01:51:00 PM,2019 May 09,13:51:00,2019,May,Thursday,HYDE ST,WASHINGTON ST,0.0,Clear,Injury (Complaint of Pain),Vehicle/Pedestrian,Pedestrian,Crossing in Crosswalk at Intersection,Dry,No Unusual Condition,Daylight,Intersection <= 20ft,0.0,1,1.0,Driver,North,Making Left Turn,Pedestrian,West,Proceeding Straight,POINT (-122.41794 37.793682),16.0,6.0,3.0,32.0,13
15604,vw_geo_sfpd_cr_switrs_all_types_col_cty_union.fid-c18a0c2_186644fdb18_-1a9e,51157,23190000.0,,190182215,37.7487867601,-122.472873109,SFPD-INTERIM DB,CITY STREET,03/13/2019 05:18:00 PM,2019 March 13,17:18:00,2019,March,Wednesday,QUINTARA ST,16TH AVE,0.0,Clear,Injury (Other Visible),Broadside,Pedestrian,"In Road, Including Shoulder",Dry,No Unusual Condition,Daylight,Intersection <= 20ft,0.0,1,1.0,Pedestrian,West,Stopped,Driver,East,Stopped,POINT (-122.47287 37.748787),44.0,10.0,8.0,41.0,17
15608,vw_geo_sfpd_cr_switrs_all_types_col_cty_union.fid-c18a0c2_186644fdb18_-10c1,47960,23919000.0,,190669310,37.7772727019,-122.404070257,SFPD-INTERIM DB,CITY STREET,09/08/2019 05:52:00 AM,2019 September 08,05:52:00,2019,September,Sunday,06TH ST,HARRISON ST,0.0,Clear,Injury (Other Visible),Vehicle/Pedestrian,Pedestrian,Crossing in Crosswalk at Intersection,Dry,No Unusual Condition,Dark - Street Lights,Intersection <= 20ft,0.0,1,,Driver,South,Proceeding Straight,Pedestrian,West,Other,POINT (-122.40407 37.77727),32.0,1.0,10.0,34.0,05
15617,vw_geo_sfpd_cr_switrs_all_types_col_cty_union.fid-c18a0c2_186644fdb18_-1a2a,47743,24347000.0,,190206097,37.7708961088,-122.414996655,SFPD-INTERIM DB,CITY STREET,03/22/2019 11:50:00 PM,2019 March 22,23:50:00,2019,March,Friday,FOLSOM ST,12TH ST,0.0,Raining,Injury (Complaint of Pain),Vehicle/Pedestrian,Pedestrian,"In Road, Including Shoulder",Wet,No Unusual Condition,Dark - Street Lights,Intersection <= 20ft,0.0,1,1.0,Pedestrian,East,Proceeding Straight,Driver,West,Making Right Turn,POINT (-122.41499 37.770897),32.0,1.0,10.0,20.0,23
15620,vw_geo_sfpd_cr_switrs_all_types_col_cty_union.fid-c18a0c2_186644fdb18_-1829,46338,26587000.0,,190297262,37.7845682411,-122.431204946,SFPD-INTERIM DB,CITY STREET,04/26/2019 01:38:00 PM,2019 April 26,13:38:00,2019,April,Friday,GEARY BLVD,WEBSTER ST,0.0,Clear,Injury (Complaint of Pain),Vehicle/Pedestrian,Pedestrian,Crossing Not in Crosswalk,Dry,No Unusual Condition,Daylight,Intersection <= 20ft,0.0,1,1.0,Pedestrian,South,Proceeding Straight,Driver,West,Proceeding Straight,POINT (-122.431206 37.78457),101.0,4.0,11.0,15.0,13