,id,unique_id,cnn_intrsctn_fkey,cnn_sgmt_fkey,case_id_pkey,tb_latitude,tb_longitude,geocode_source,geocode_location,collision_datetime,collision_date,collision_time,accident_year,month,day_of_week,primary_rd,secondary_rd,distance,weather_1,collision_severity,type_of_collision,mviw,ped_action,road_surface,road_cond_1,lighting,intersection,number_killed,number_injured,party_at_fault,party1_type,party1_dir_of_travel,party1_move_pre_acc,party2_type,party2_dir_of_travel,party2_move_pre_acc,point,Neighborhoods,Current Police Districts,Current Supervisor Districts,Analysis Neighborhoods,hour
15632,vw_geo_sfpd_cr_switrs_all_types_col_cty_union.fid-c18a0c2_186644fdb18_-168d,47397,24925000.0,5060000.0,190385243,37.7841375451,-122.410978956,SFPD-INTERIM DB,CITY STREET,05/29/2019 01:56:00 PM,2019 May 29,13:56:00,2019,May,Wednesday,EDDY ST,TAYLOR ST,8.0,Clear,Injury (Severe),Vehicle/Pedestrian,Pedestrian,Crossing in Crosswalk at Intersection,Dry,No Unusual Condition,Daylight,Intersection <= 20ft,0.0,2,1.0,Driver,East,Proceeding Straight,Pedestrian,South,Not Stated,POINT (-122.41098 37.784138),20.0,5.0,10.0,36.0,13
15635,vw_geo_sfpd_cr_switrs_all_types_col_cty_union.fid-c18a0c2_186644fdb18_-d97,24989,24929000.0,5060000.0,170317909,37.7839344657061,-122.412580382654,SFPD-CROSSROADS,CITY STREET,04/18/2017 03:17:00 PM,2017 April 18,15:17:00,2017,April,Tuesday,EDDY ST,JONES ST,4.0,Clear,Injury (Complaint of Pain),Broadside,Pedestrian,Crossing in Crosswalk at Intersection,Dry,No Unusual Condition,Daylight,Intersection <= 20ft,0.0,1,1.0,Driver,East,Making Left Turn,Pedestrian,North,Proceeding Straight,POINT (-122.41258 37.783936),20.0,5.0,10.0,36.0,15
15639,vw_geo_sfpd_cr_switrs_all_types_col_cty_union.fid-c18a0c2_186644fdb18_-1619,47443,27397000.0,,190407085,37.7519507946,-122.485988182,SFPD-INTERIM DB,CITY STREET,06/06/2019 01:30:00 PM,2019 June 06,13:30:00,2019,June,Thursday,28TH AVE,ORTEGA ST,0.0,Clear,Injury (Other Visible),Vehicle/Pedestrian,Pedestrian,Crossing in Crosswalk at Intersection,Dry,No Unusual Condition,Daylight,Intersection <= 20ft,0.0,1,1.0,Pedestrian,West,Proceeding Straight,Driver,North,Making Left Turn,POINT (-122.485985 37.75195),39.0,10.0,7.0,35.0,13
15644,vw_geo_sfpd_cr_switrs_all_types_col_cty_union.fid-c18a0c2_186644fdb18_-15b6,47491,25332000.0,4294000.0,190424960,37.7987239549,-122.407908616,SFPD-INTERIM DB,CITY STREET,06/13/2019 08:55:00 AM,2019 June 13,08:55:00,2019,June,Thursday,COLUMBUS AVE,VALLEJO ST,15.0,Clear,Injury (Complaint of Pain),Vehicle/Pedestrian,Pedestrian,Crossing in Crosswalk at Intersection,Dry,No Unusual Condition,Daylight,Intersection <= 20ft,0.0,1,1.0,Driver,North,Making Left Turn,Pedestrian,East,Proceeding Straight,POINT (-122.407906 37.798725),106.0,6.0,3.0,23.0,08
15649,vw_geo_sfpd_cr_switrs_all_types_col_cty_union.fid-c18a0c2_186644fdb18_-1766,20169,30748000.000000004,12015201.0,130349992,37.7750921496106,-122.419262238421,SFPD-CROSSROADS,CITY STREET,04/29/2013 02:35:00 PM,2013 April 29,14:35:00,2013,April,Monday,VAN NESS AVE,MARKET ST,21.0,Clear,Injury (Complaint of Pain),Vehicle/Pedestrian,Pedestrian,Crossing in Crosswalk at Intersection,Dry,No Unusual Condition,Daylight,Midblock > 20ft,0.0,1,1.0,Driver,North,Proceeding Straight,Pedestrian,West,Proceeding Straight,POINT (-122.419266 37.775093),32.0,1.0,10.0,20.0,14
15672,vw_geo_sfpd_cr_switrs_all_types_col_cty_union.fid-c18a0c2_186644fdb18_-9c2,49861,24246000.0,,190939050,37.7737693459,-122.411610117,SFPD-INTERIM DB,CITY STREET,12/13/2019 11:59:00 PM,2019 December 13,23:59:00,2019,December,Friday,FOLSOM ST,09TH ST,0.0,Clear,Injury (Complaint of Pain),Vehicle/Pedestrian,Pedestrian,Crossing in Crosswalk at Intersection,Dry,No Unusual Condition,Dark - Street Lights,Intersection <= 20ft,0.0,1,1.0,Driver,North,Making Left Turn,Pedestrian,West,Proceeding Straight,POINT (-122.41161 37.77377),32.0,1.0,10.0,34.0,23
15673,vw_geo_sfpd_cr_switrs_all_types_col_cty_union.fid-c18a0c2_186644fdb18_-1bd5,46671,25149000.0,8127000.0,190116593,37.7841788,-122.417695794,SFPD-INTERIM DB,CITY STREET,02/16/2019 06:52:00 AM,2019 February 16,06:52:00,2019,February,Saturday,LARKIN ST,ELLIS ST,21.0,Raining,Injury (Complaint of Pain),Vehicle/Pedestrian,Pedestrian,Crossing in Crosswalk at Intersection,Wet,No Unusual Condition,Daylight,Midblock > 20ft,0.0,1,1.0,Driver,West,Proceeding Straight,Pedestrian,South,Proceeding Straight,POINT (-122.417694 37.78418),20.0,5.0,10.0,36.0,06
15681,vw_geo_sfpd_cr_switrs_all_types_col_cty_union.fid-c18a0c2_186644fdb18_-1942,19273,26429000.0,,170578333,37.7684455253727,-122.451675937092,SFPD-CROSSROADS,CITY STREET,07/16/2017 05:00:00 PM,2017 July 16,17:00:00,2017,July,Sunday,WALLER ST,SHRADER ST,0.0,Clear,Injury (Complaint of Pain),Vehicle/Pedestrian,Pedestrian,Crossing in Crosswalk at Intersection,Dry,No Unusual Condition,Daylight,Intersection <= 20ft,0.0,1,1.0,Driver,West,Proceeding Straight,Pedestrian,South,Proceeding Straight,POINT (-122.451675 37.768444),29.0,7.0,11.0,3.0,17
15683,vw_geo_sfpd_cr_switrs_all_types_col_cty_union.fid-c18a0c2_186644fdb18_-1eeb,35108,26699000.0,8454201.0,160709968,37.8010933545094,-122.426699193397,SFPD-CROSSROADS,CITY STREET,09/01/2016 05:40:00 PM,2016 September 01,17:40:00,2016,September,Thursday,LOMBARD ST,FRANKLIN ST,148.0,Clear,Injury (Other Visible),Vehicle/Pedestrian,Pedestrian,"In Road, Including Shoulder",Dry,No Unusual Condition,Daylight,Midblock > 20ft,0.0,1,1.0,Pedestrian,West,Other,Driver,West,Proceeding Straight,POINT (-122.4267 37.801094),17.0,4.0,6.0,13.0,17
15693,vw_geo_sfpd_cr_switrs_all_types_col_cty_union.fid-c18a0c2_186644fdb18_-1390,22113,54063000.0,,170635933,37.7809155481361,-122.428852680518,SFPD-CROSSROADS,CITY STREET,08/05/2017 10:42:00 AM,2017 August 05,10:42:00,2017,August,Saturday,TURK ST,BUCHANAN ST,0.0,Cloudy,Injury (Other Visible),Vehicle/Pedestrian,Pedestrian,Crossing in Crosswalk at Intersection,Dry,No Unusual Condition,Daylight,Intersection <= 20ft,0.0,1,1.0,Driver,West,Proceeding Straight,Pedestrian,North,Proceeding Straight,POINT (-122.428856 37.780914),97.0,4.0,11.0,39.0,10
15695,vw_geo_sfpd_cr_switrs_all_types_col_cty_union.fid-c18a0c2_186644fdb18_-1901,40470,27168000.0,7648101.0,180568120,37.7619390211,-122.470617777,SFPD-INTERIM DB,CITY STREET,07/30/2018 04:50:00 PM,2018 July 30,16:50:00,2018,July,Monday,JUDAH ST,FUNSTON AVE,50.0,Clear,Injury (Complaint of Pain),Vehicle/Pedestrian,Pedestrian,Crossing Not in Crosswalk,Dry,No Unusual Condition,Daylight,Midblock > 20ft,0.0,1,1.0,Driver,West,Proceeding Straight,Pedestrian,North,Other,POINT (-122.47062 37.76194),109.0,10.0,11.0,14.0,16
15705,vw_geo_sfpd_cr_switrs_all_types_col_cty_union.fid-c18a0c2_186644fdb18_-1e6c,9146,23645000.0,,180950414,37.7616523124,-122.390573367,SFPD-INTERIM DB,CITY STREET,12/18/2018 07:01:00 AM,2018 December 18,07:01:00,2018,December,Tuesday,MINNESOTA ST,19TH ST,0.0,Clear,Injury (Complaint of Pain),Vehicle/Pedestrian,Pedestrian,Crossing in Crosswalk at Intersection,Dry,No Unusual Condition,Daylight,Intersection <= 20ft,0.0,1,1.0,Driver,South,Making Left Turn,Pedestrian,East,Proceeding Straight,POINT (-122.39057 37.761654),55.0,2.0,9.0,26.0,07
15711,vw_geo_sfpd_cr_switrs_all_types_col_cty_union.fid-c18a0c2_186644fdb18_-1df6,16768,24434000.0,,160893511,37.7786578558534,-122.416580343569,SFPD-CROSSROADS,CITY STREET,11/02/2016 05:15:00 PM,2016 November 02,17:15:00,2016,November,Wednesday,LARKIN ST,GROVE ST,0.0,Clear,Injury (Complaint of Pain),Vehicle/Pedestrian,Pedestrian,Crossing in Crosswalk at Intersection,Dry,No Unusual Condition,Daylight,Intersection <= 20ft,0.0,1,1.0,Driver,West,Making Left Turn,Pedestrian,South,Proceeding Straight,POINT (-122.41658 37.778656),21.0,5.0,10.0,36.0,17
15717,vw_geo_sfpd_cr_switrs_all_types_col_cty_union.fid-c18a0c2_186644fdb18_-1721,20282,30706000.000000004,13143103.0,140790896,37.7759807860094,-122.419508732613,SFPD-CROSSROADS,CITY STREET,09/19/2014 04:34:00 PM,2014 September 19,16:34:00,2014,September,Friday,VAN NESS AVE,FELL ST,140.0,Clear,Injury (Complaint of Pain),Vehicle/Pedestrian,Pedestrian,Crossing Not in Crosswalk,Dry,No Unusual Condition,Daylight,Midblock > 20ft,0.0,1,,Pedestrian,East,Proceeding Straight,Driver,South,Proceeding Straight,POINT (-122.41951 37.77598),21.0,4.0,11.0,9.0,16
15721,vw_geo_sfpd_cr_switrs_all_types_col_cty_union.fid-c18a0c2_186644fdb18_-18d2,40596,27084000.0,323000.0,140130399,37.7641343500274,-122.46309895938,SFPD-CROSSROADS,CITY STREET,02/13/2014 03:24:00 PM,2014 February 13,15:24:00,2014,February,Thursday,06TH AVE,IRVING ST,16.0,Clear,Injury (Severe),Vehicle/Pedestrian,Pedestrian,Crossing in Crosswalk at Intersection,Dry,No Unusual Condition,Daylight,Intersection <= 20ft,0.0,1,1.0,Driver,West,Making Left Turn,Pedestrian,East,Proceeding Straight,POINT (-122.4631 37.764133),109.0,7.0,11.0,14.0,15
15726,vw_geo_sfpd_cr_switrs_all_types_col_cty_union.fid-c18a0c2_186644fdb18_-7e5,36964,22731000.0,6984000.0,170915616,37.721649973646,-122.468916335181,SFPD-CROSSROADS,CITY STREET,11/09/2017 05:35:00 PM,2017 November 09,17:35:00,2017,November,Thursday,HOLLOWAY AVE,RALSTON ST,17.0,Clear,Injury (Complaint of Pain),Vehicle/Pedestrian,Pedestrian,Crossing Not in Crosswalk,Dry,No Unusual Condition,Dark - Street Lights,Intersection <= 20ft,0.0,1,1.0,Pedestrian,South,Proceeding Straight,Driver,East,Proceeding Straight,POINT (-122.46892 37.72165),67.0,10.0,1.0,24.0,17
15727,vw_geo_sfpd_cr_switrs_all_types_col_cty_union.fid-c18a0c2_186644fdb18_-b75,50366,20410000.0,,190877585,37.7132466409,-122.414369812,SFPD-INTERIM DB,CITY STREET,11/20/2019 07:56:00 AM,2019 November 20,07:56:00,2019,November,Wednesday,VISITACION AVE,SAWYER ST,0.0,Clear,Injury (Complaint of Pain),Vehicle/Pedestrian,Pedestrian,Crossing in Crosswalk at Intersection,Dry,No Unusual Condition,Dusk - Dawn,Intersection <= 20ft,0.0,1,1.0,Driver,East,Proceeding Straight,Pedestrian,North,Proceeding Straight,POINT (-122.41437 37.713245),75.0,9.0,9.0,40.0,07
15728,vw_geo_sfpd_cr_switrs_all_types_col_cty_union.fid-c18a0c2_186644fdb18_-d76,50504,26376000.0,,190793276,37.7739353721,-122.446091727,SFPD-INTERIM DB,CITY STREET,10/21/2019 08:57:00 AM,2019 October 21,08:57:00,2019,October,Monday,MASONIC AVE,HAYES ST,0.0,Clear,Injury (Severe),Vehicle/Pedestrian,Pedestrian,Crossing in Crosswalk at Intersection,Dry,No Unusual Condition,Daylight,Intersection <= 20ft,0.0,1,,Driver,North,Stopped,Pedestrian,East,Proceeding Straight,POINT (-122.44609 37.773937),24.0,7.0,11.0,18.0,08
15733,vw_geo_sfpd_cr_switrs_all_types_col_cty_union.fid-c18a0c2_186644fdb18_-b26,49060,25411000.0,,190887261,37.798372704,-122.410456158,SFPD-INTERIM DB,CITY STREET,11/23/2019 01:30:00 PM,2019 November 23,13:30:00,2019,November,Saturday,POWELL ST,VALLEJO ST,0.0,Clear,Injury (Complaint of Pain),Vehicle/Pedestrian,Pedestrian,Crossing in Crosswalk at Intersection,Dry,No Unusual Condition,Daylight,Intersection <= 20ft,0.0,1,1.0,Driver,South,Making Left Turn,Pedestrian,East,Proceeding Straight,POINT (-122.41045 37.798374),106.0,6.0,3.0,6.0,13
15749,vw_geo_sfpd_cr_switrs_all_types_col_cty_union.fid-c18a0c2_186644fdb18_-109d,23472,24540000.0,,160604186,37.7867789493795,-122.398256962951,SFPD-CROSSROADS,CITY STREET,07/27/2016 09:13:00 AM,2016 July 27,09:13:00,2016,July,Wednesday,HOWARD ST,02ND ST,0.0,Clear,Injury (Other Visible),Vehicle/Pedestrian,Pedestrian,"In Road, Including Shoulder",Dry,No Unusual Condition,Daylight,Intersection <= 20ft,0.0,1,1.0,Pedestrian,North,Proceeding Straight,Driver,West,Proceeding Straight,POINT (-122.398254 37.786777),32.0,1.0,10.0,8.0,09
15750,vw_geo_sfpd_cr_switrs_all_types_col_cty_union.fid-c18a0c2_186644fdb18_-1d51,46469,24477000.000000004,,190038072,37.7812863873,-122.422186711,SFPD-INTERIM DB,CITY STREET,01/16/2019 05:21:00 AM,2019 January 16,05:21:00,2019,January,Wednesday,FRANKLIN ST,ELM ST,0.0,Clear,Injury (Complaint of Pain),Vehicle/Pedestrian,Pedestrian,Crossing in Crosswalk at Intersection,Wet,No Unusual Condition,Dark - Street Lights,Intersection <= 20ft,0.0,1,1.0,Driver,West,Making Left Turn,Pedestrian,South,Proceeding Straight,POINT (-122.42219 37.78129),100.0,4.0,11.0,39.0,05
15776,vw_geo_sfpd_cr_switrs_all_types_col_cty_union.fid-c18a0c2_186644fdb18_-1a8b,47731,24917000.0,,190186847,37.7871491436,-122.409874016,SFPD-INTERIM DB,CITY STREET,03/15/2019 01:21:00 PM,2019 March 15,13:21:00,2019,March,Friday,MASON ST,GEARY ST,0.0,Clear,Injury (Complaint of Pain),Vehicle/Pedestrian,Pedestrian,Crossing in Crosswalk at Intersection,Dry,No Unusual Condition,Daylight,Intersection <= 20ft,0.0,1,1.0,Driver,South,Making Left Turn,Pedestrian,East,Proceeding Straight,POINT (-122.409874 37.787148),20.0,6.0,3.0,36.0,13
15782,vw_geo_sfpd_cr_switrs_all_types_col_cty_union.fid-c18a0c2_186644fdb18_-f44,48435,25973000.0,,190728411,37.7804962607,-122.43214039,SFPD-INTERIM DB,CITY STREET,09/28/2019 05:33:00 PM,2019 September 28,17:33:00,2019,September,Saturday,FILLMORE ST,TURK ST,0.0,Clear,Injury (Severe),Vehicle/Pedestrian,Pedestrian,Crossing in Crosswalk at Intersection,Dry,No Unusual Condition,Daylight,Intersection <= 20ft,0.0,1,1.0,Driver,South,Making Left Turn,Pedestrian,East,Proceeding Straight,POINT (-122.432144 37.780495),97.0,4.0,11.0,39.0,17
15784,vw_geo_sfpd_cr_switrs_all_types_col_cty_union.fid-c18a0c2_186644fdb18_-11e1,48273,24918000.0,10628000.0,190618737,37.7883195744,-122.40819305,SFPD-INTERIM DB,CITY STREET,08/21/2019 03:01:00 PM,2019 August 21,15:01:00,2019,August,Wednesday,POST ST,POWELL ST,61.0,Clear,Injury (Other Visible),Broadside,Pedestrian,Not in Road,Dry,No Unusual Condition,Daylight,Midblock > 20ft,0.0,1,,Bicyclist,West,Proceeding Straight,Pedestrian,South,Proceeding Straight,POINT (-122.408195 37.78832),19.0,6.0,3.0,8.0,15
15785,vw_geo_sfpd_cr_switrs_all_types_col_cty_union.fid-c18a0c2_186644fdb18_-6b3,28396,24756000.0,,160512266,37.7946662814912,-122.403139294842,SFPD-CROSSROADS,CITY STREET,06/24/2016 02:38:00 PM,2016 June 24,14:38:00,2016,June,Friday,MONTGOMERY ST,CLAY ST,0.0,Clear,Injury (Other Visible),Vehicle/Pedestrian,Pedestrian,Crossing in Crosswalk at Intersection,Dry,No Unusual Condition,Daylight,Intersection <= 20ft,0.0,1,1.0,Driver,West,Making Left Turn,Pedestrian,North,Other,POINT (-122.40314 37.794666),104.0,6.0,3.0,6.0,14
15792,vw_geo_sfpd_cr_switrs_all_types_col_cty_union.fid-c18a0c2_186644fdb18_-129a,19786,26350000.0,,180118145,37.7736352964,-122.440921792,SFPD-INTERIM DB,CITY STREET,02/13/2018 03:45:00 PM,2018 February 13,15:45:00,2018,February,Tuesday,BAKER ST,FELL ST,0.0,Clear,Injury (Complaint of Pain),Broadside,Pedestrian,Crossing in Crosswalk at Intersection,Dry,No Unusual Condition,Dusk - Dawn,Intersection <= 20ft,0.0,1,1.0,Driver,South,Making Left Turn,Pedestrian,East,Proceeding Straight,POINT (-122.440926 37.773636),24.0,7.0,11.0,18.0,15
15802,vw_geo_sfpd_cr_switrs_all_types_col_cty_union.fid-c18a0c2_186644fdb18_-130f,47817,23910000.0,,190566653,37.7794587153,-122.402377492,SFPD-INTERIM DB,CITY STREET,08/03/2019 06:00:00 PM,2019 August 03,18:00:00,2019,August,Saturday,05TH ST,CLARA ST,0.0,Clear,Injury (Complaint of Pain),Vehicle/Pedestrian,Pedestrian,Crossing in Crosswalk at Intersection,Dry,No Unusual Condition,Daylight,Intersection <= 20ft,0.0,1,1.0,Driver,East,Proceeding Straight,Pedestrian,North,Proceeding Straight,POINT (-122.402374 37.779457),32.0,1.0,10.0,34.0,18
15803,vw_geo_sfpd_cr_switrs_all_types_col_cty_union.fid-c18a0c2_186644fdb18_-1466,48548,24888000.0,289000.0,190490541,37.7836999516,-122.407698647,SFPD-INTERIM DB,CITY STREET,07/07/2019 09:37:00 AM,2019 July 07,09:37:00,2019,July,Sunday,05TH ST,MARKET ST,150.0,Clear,Injury (Severe),Vehicle/Pedestrian,Pedestrian,Crossing Not in Crosswalk,Dry,No Unusual Condition,Daylight,Midblock > 20ft,0.0,1,1.0,Pedestrian,West,Not Stated,Driver,North,Proceeding Straight,POINT (-122.4077 37.7837),32.0,5.0,10.0,34.0,09
15806,vw_geo_sfpd_cr_switrs_all_types_col_cty_union.fid-c18a0c2_186644fdb18_-1c57,28344,24700000.000000004,,170405394,37.7944268461782,-122.401403797324,SFPD-CROSSROADS,CITY STREET,05/17/2017 03:43:00 PM,2017 May 17,15:43:00,2017,May,Wednesday,SANSOME ST,COMMERCIAL ST,0.0,Clear,Injury (Severe),Vehicle/Pedestrian,Pedestrian,Crossing Not in Crosswalk,Dry,No Unusual Condition,Daylight,Intersection <= 20ft,0.0,1,1.0,Pedestrian,West,Proceeding Straight,Driver,South,Proceeding Straight,POINT (-122.401405 37.794426),108.0,6.0,3.0,6.0,15
15812,vw_geo_sfpd_cr_switrs_all_types_col_cty_union.fid-c18a0c2_186644fdb18_-10d9,48330,21480000.0,9181000.0,190666162,37.7148369714,-122.442382674,SFPD-INTERIM DB,CITY STREET,09/06/2019 09:45:00 PM,2019 September 06,21:45:00,2019,September,Friday,MISSION ST,ALLISON ST,83.0,Clear,Injury (Severe),Vehicle/Pedestrian,Pedestrian,Crossing Not in Crosswalk,Dry,No Unusual Condition,Dark - Street Lights,Midblock > 20ft,0.0,1,1.0,Pedestrian,West,Other,Driver,North,Proceeding Straight,POINT (-122.44238 37.714836),58.0,9.0,1.0,7.0,21
15817,vw_geo_sfpd_cr_switrs_all_types_col_cty_union.fid-c18a0c2_186644fdb18_-1393,47782,21006000.0,,190534042,37.7311685315539,-122.426161767203,SFPD-INTERIM DB,CITY STREET,07/23/2019 12:45:00 PM,2019 July 23,12:45:00,2019,July,Tuesday,ALEMANY BLVD,CONGDON ST,0.0,Clear,Injury (Other Visible),Vehicle/Pedestrian,Pedestrian,Crossing in Crosswalk at Intersection,Dry,No Unusual Condition,Daylight,Intersection <= 20ft,0.0,1,1.0,Driver,North,Making Left Turn,Pedestrian,North,Proceeding Straight,POINT (-122.42616 37.731167),94.0,9.0,1.0,7.0,12
15824,vw_geo_sfpd_cr_switrs_all_types_col_cty_union.fid-c18a0c2_186644fdb18_-18be,40640,27154000.0,7285000.0,170673983,37.7640415800638,-122.466206057479,SFPD-CROSSROADS,CITY STREET,08/18/2017 05:50:00 PM,2017 August 18,17:50:00,2017,August,Friday,IRVING ST,09TH AVE,30.0,Clear,Injury (Complaint of Pain),Vehicle/Pedestrian,Pedestrian,"In Road, Including Shoulder",Dry,No Unusual Condition,Daylight,Midblock > 20ft,0.0,1,1.0,Driver,West,Proceeding Straight,Pedestrian,North,Proceeding Straight,POINT (-122.46621 37.76404),109.0,10.0,11.0,14.0,17
15827,vw_geo_sfpd_cr_switrs_all_types_col_cty_union.fid-c18a0c2_186644fdb18_-d7f,25028,25138000.0,5062000.0,150773666,37.7835417684866,-122.415676552785,SFPD-CROSSROADS,CITY STREET,09/03/2015 02:45:00 PM,2015 September 03,14:45:00,2015,September,Thursday,EDDY ST,HYDE ST,60.0,Clear,Injury (Complaint of Pain),Vehicle/Pedestrian,Pedestrian,Not in Road,Dry,No Unusual Condition,Daylight,Midblock > 20ft,0.0,1,1.0,Driver,North,Backing,Pedestrian,West,Proceeding Straight,POINT (-122.41568 37.783543),20.0,5.0,10.0,36.0,14
15833,vw_geo_sfpd_cr_switrs_all_types_col_cty_union.fid-c18a0c2_186644fdb18_-9fa,7902,24101000.0,,140503053,37.7521036455171,-122.420664800808,SFPD-CROSSROADS,CITY STREET,06/17/2014 04:10:00 PM,2014 June 17,16:10:00,2014,June,Tuesday,VALENCIA ST,24TH ST,0.0,Clear,Injury (Other Visible),Broadside,Pedestrian,Crossing in Crosswalk at Intersection,Dry,No Unusual Condition,Daylight,Intersection <= 20ft,0.0,1,1.0,Pedestrian,East,Proceeding Straight,Driver,South,Proceeding Straight,POINT (-122.42066 37.7521),53.0,3.0,2.0,20.0,16
15835,vw_geo_sfpd_cr_switrs_all_types_col_cty_union.fid-c18a0c2_186644fdb18_-731,28091,24675000.000000004,3527000.0,130944940,37.7932059663073,-122.399983339705,SFPD-CROSSROADS,CITY STREET,11/07/2013 11:25:00 AM,2013 November 07,11:25:00,2013,November,Thursday,CALIFORNIA ST,BATTERY ST,7.0,Clear,Injury (Complaint of Pain),Vehicle/Pedestrian,Pedestrian,Crossing in Crosswalk at Intersection,Dry,No Unusual Condition,Daylight,Intersection <= 20ft,0.0,1,1.0,Driver,East,Making Right Turn,Pedestrian,South,Proceeding Straight,POINT (-122.39999 37.793205),108.0,6.0,3.0,8.0,11
15848,vw_geo_sfpd_cr_switrs_all_types_col_cty_union.fid-c18a0c2_186644fdb18_-1681,47406,23976000.0,,190390474,37.7526848882,-122.410962662,SFPD-INTERIM DB,CITY STREET,05/31/2019 10:48:00 AM,2019 May 31,10:48:00,2019,May,Friday,ALABAMA ST,24TH ST,0.0,Clear,Injury (Complaint of Pain),Vehicle/Pedestrian,Pedestrian,Crossing in Crosswalk at Intersection,Dry,No Unusual Condition,Daylight,Intersection <= 20ft,0.0,1,1.0,Driver,North,Making Left Turn,Pedestrian,East,Proceeding Straight,POINT (-122.410965 37.752686),53.0,3.0,2.0,20.0,10
15850,vw_geo_sfpd_cr_switrs_all_types_col_cty_union.fid-c18a0c2_186644fdb18_-1368,22161,25973000.0,5542000.0,150528825,37.7804711175124,-122.432135302676,SFPD-CROSSROADS,CITY STREET,06/17/2015 12:55:00 PM,2015 June 17,12:55:00,2015,June,Wednesday,FILLMORE ST,TURK ST,9.0,Clear,Injury (Complaint of Pain),Vehicle/Pedestrian,Pedestrian,Crossing in Crosswalk at Intersection,Dry,No Unusual Condition,Daylight,Intersection <= 20ft,0.0,1,1.0,Driver,South,Making Left Turn,Pedestrian,West,Proceeding Straight,POINT (-122.43214 37.78047),97.0,4.0,11.0,39.0,12
15871,vw_geo_sfpd_cr_switrs_all_types_col_cty_union.fid-c18a0c2_186644fdb18_-cc8,49797,24171000.0,,190816276,37.7666736021,-122.419825234,SFPD-INTERIM DB,CITY STREET,10/28/2019 07:45:00 PM,2019 October 28,19:45:00,2019,October,Monday,MISSION ST,15TH ST,0.0,Clear,Injury (Complaint of Pain),Broadside,Pedestrian,Crossing in Crosswalk at Intersection,Dry,No Unusual Condition,Dark - Street Lights,Intersection <= 20ft,0.0,1,1.0,Pedestrian,East,Proceeding Straight,Driver,South,Proceeding Straight,POINT (-122.41982 37.766674),53.0,3.0,2.0,20.0,19
15874,vw_geo_sfpd_cr_switrs_all_types_col_cty_union.fid-c18a0c2_186644fdb18_-172d,20262,30705000.0,13143201.0,140873298,37.7755090112742,-122.419248951806,SFPD-CROSSROADS,CITY STREET,10/15/2014 05:45:00 PM,2014 October 15,17:45:00,2014,October,Wednesday,VAN NESS AVE,OAK ST,25.0,Clear,Injury (Complaint of Pain),Vehicle/Pedestrian,Pedestrian,Crossing Not in Crosswalk,Dry,No Unusual Condition,Dusk - Dawn,Midblock > 20ft,0.0,1,2.0,Driver,South,Proceeding Straight,Pedestrian,West,Not Stated,POINT (-122.41925 37.77551),21.0,4.0,10.0,36.0,17
15886,vw_geo_sfpd_cr_switrs_all_types_col_cty_union.fid-c18a0c2_186644fdb18_-1bd3,46672,25677000.0,885000.0,190117052,37.7615650429,-122.423811018,SFPD-INTERIM DB,CITY STREET,02/16/2019 11:51:00 AM,2019 February 16,11:51:00,2019,February,Saturday,18TH ST,GUERRERO ST,3.0,Cloudy,Injury (Complaint of Pain),Vehicle/Pedestrian,Pedestrian,Crossing in Crosswalk at Intersection,Wet,No Unusual Condition,Daylight,Intersection <= 20ft,0.0,1,1.0,Driver,West,Making Left Turn,Pedestrian,South,Proceeding Straight,POINT (-122.42381 37.761566),37.0,3.0,5.0,20.0,11
15898,vw_geo_sfpd_cr_switrs_all_types_col_cty_union.fid-c18a0c2_186644fdb18_-190e,46316,23577000.0,12531000.0,190253957,37.774127,-122.387566,SFPD-INTERIM DB,CITY STREET,04/10/2019 09:50:00 AM,2019 April 10,09:50:00,2019,April,Wednesday,TERRY FRANCOIS BLVD,MISSION ROCK ST,450.0,Clear,Injury (Complaint of Pain),Vehicle/Pedestrian,Pedestrian,"In Road, Including Shoulder",Dry,No Unusual Condition,Daylight,Midblock > 20ft,0.0,1,,Driver,North,Backing,Pedestrian,South,Entering Traffic,POINT (-122.387566 37.774128),34.0,1.0,10.0,4.0,09
15906,vw_geo_sfpd_cr_switrs_all_types_col_cty_union.fid-c18a0c2_186644fdb18_-b24,48604,30710000.0,,190888275,37.8011251328,-122.411376271,SFPD-INTERIM DB,CITY STREET,11/23/2019 08:15:00 PM,2019 November 23,20:15:00,2019,November,Saturday,FILBERT ST,COLUMBUS AVE,0.0,Clear,Injury (Complaint of Pain),Vehicle/Pedestrian,Pedestrian,Crossing in Crosswalk at Intersection,Dry,No Unusual Condition,Dark - Street Lights,Intersection <= 20ft,0.0,1,1.0,Driver,South,Making Left Turn,Pedestrian,East,Proceeding Straight,POINT (-122.41138 37.801125),107.0,6.0,3.0,6.0,20