,id,unique_id,cnn_intrsctn_fkey,cnn_sgmt_fkey,case_id_pkey,tb_latitude,tb_longitude,geocode_source,geocode_location,collision_datetime,collision_date,collision_time,accident_year,month,day_of_week,primary_rd,secondary_rd,distance,weather_1,collision_severity,type_of_collision,mviw,ped_action,road_surface,road_cond_1,lighting,intersection,number_killed,number_injured,party_at_fault,party1_type,party1_dir_of_travel,party1_move_pre_acc,party2_type,party2_dir_of_travel,party2_move_pre_acc,point,Neighborhoods,Current Police Districts,Current Supervisor Districts,Analysis Neighborhoods,hour
15923,vw_geo_sfpd_cr_switrs_all_types_col_cty_union.fid-c18a0c2_186644fdb18_-b9e,49405,26833000.0,,190869247,37.7855486694,-122.445019857,SFPD-INTERIM DB,CITY STREET,11/17/2019 09:12:00 AM,2019 November 17,09:12:00,2019,November,Sunday,BUSH ST,LYON ST,0.0,Clear,Injury (Complaint of Pain),Vehicle/Pedestrian,Pedestrian,Crossing in Crosswalk at Intersection,Dry,No Unusual Condition,Daylight,Intersection <= 20ft,0.0,1,1.0,Driver,East,Making Left Turn,Pedestrian,North,Proceeding Straight,POINT (-122.44502 37.78555),103.0,8.0,6.0,31.0,09
15924,vw_geo_sfpd_cr_switrs_all_types_col_cty_union.fid-c18a0c2_186644fdb18_-191d,47237,25461000.0,,190250828,37.8058249312,-122.411950087,SFPD-INTERIM DB,CITY STREET,04/09/2019 07:26:00 AM,2019 April 09,07:26:00,2019,April,Tuesday,BAY ST,POWELL ST,0.0,Clear,Injury (Other Visible),Vehicle/Pedestrian,Pedestrian,Crossing in Crosswalk at Intersection,Dry,No Unusual Condition,Dusk - Dawn,Intersection <= 20ft,0.0,1,1.0,Driver,East,Making Left Turn,Pedestrian,South,Proceeding Straight,POINT (-122.41195 37.805824),106.0,6.0,3.0,23.0,07
15926,vw_geo_sfpd_cr_switrs_all_types_col_cty_union.fid-c18a0c2_186644fdb18_-ff1,47992,23944000.0,,190701097,37.7814995083,-122.404933347,SFPD-INTERIM DB,CITY STREET,09/19/2019 11:33:00 AM,2019 September 19,11:33:00,2019,September,Thursday,05TH ST,HOWARD ST,0.0,Clear,Injury (Complaint of Pain),Overturned,Pedestrian,Crossing in Crosswalk at Intersection,Dry,No Unusual Condition,Daylight,Intersection <= 20ft,0.0,1,1.0,Driver,North,Making Right Turn,Pedestrian,West,Proceeding Straight,POINT (-122.40493 37.781498),32.0,1.0,10.0,34.0,11
15928,vw_geo_sfpd_cr_switrs_all_types_col_cty_union.fid-c18a0c2_186644fdb18_-140c,48513,23139000.0,11084000.0,190510650,37.732226477,-122.487154245,SFPD-INTERIM DB,CITY STREET,07/14/2019 07:28:00 PM,2019 July 14,19:28:00,2019,July,Sunday,RIVERTON DR,OCEAN AVE,10.0,Clear,Injury (Complaint of Pain),Head-On,Pedestrian,Crossing in Crosswalk at Intersection,Dry,No Unusual Condition,Daylight,Intersection <= 20ft,0.0,1,1.0,Driver,North,Making Right Turn,Pedestrian,East,Proceeding Straight,POINT (-122.48715 37.732227),62.0,10.0,8.0,35.0,19
15936,vw_geo_sfpd_cr_switrs_all_types_col_cty_union.fid-c18a0c2_186644fdb18_-bbb,25860,24648000.0,7748000.0,160791686,37.7885681588384,-122.403604247906,SFPD-CROSSROADS,CITY STREET,09/29/2016 01:50:00 PM,2016 September 29,13:50:00,2016,September,Thursday,KEARNY ST,POST ST,120.0,Clear,Injury (Other Visible),Vehicle/Pedestrian,Pedestrian,"In Road, Including Shoulder",Dry,No Unusual Condition,Daylight,Midblock > 20ft,0.0,1,1.0,Driver,South,Other,Pedestrian,West,Backing,POINT (-122.4036 37.788567),19.0,6.0,3.0,8.0,13
15943,vw_geo_sfpd_cr_switrs_all_types_col_cty_union.fid-c18a0c2_186644fdb18_-193d,40229,27402000.000000004,,150079561,37.7557298366202,-122.485176269993,SFPD-CROSSROADS,CITY STREET,01/26/2015 04:23:00 PM,2015 January 26,16:23:00,2015,January,Monday,27TH AVE,MORAGA ST,0.0,Clear,Injury (Severe),Vehicle/Pedestrian,Pedestrian,"In Road, Including Shoulder",Dry,No Unusual Condition,Daylight,Intersection <= 20ft,0.0,1,,Pedestrian,South,Backing,Driver,South,Backing,POINT (-122.485176 37.75573),39.0,10.0,7.0,35.0,16
15944,vw_geo_sfpd_cr_switrs_all_types_col_cty_union.fid-c18a0c2_186644fdb18_-1402,44379,27851000.0,1793000.0,170713608,37.7748582517454,-122.496189179116,SFPD-CROSSROADS,CITY STREET,09/01/2017 02:22:00 PM,2017 September 01,14:22:00,2017,September,Friday,36TH AVE,BALBOA ST,330.0,Clear,Injury (Other Visible),Sideswipe,Pedestrian,"In Road, Including Shoulder",Dry,No Unusual Condition,Daylight,Midblock > 20ft,0.0,1,1.0,Pedestrian,South,Not Stated,Driver,South,Proceeding Straight,POINT (-122.49619 37.774857),8.0,8.0,4.0,29.0,14
15953,vw_geo_sfpd_cr_switrs_all_types_col_cty_union.fid-c18a0c2_186644fdb18_-1280,47864,25793000.0,8767101.0,190590179,37.7631122005,-122.434363401,SFPD-INTERIM DB,CITY STREET,08/12/2019 01:25:00 AM,2019 August 12,01:25:00,2019,August,Monday,MARKET ST,CASTRO ST,300.0,Clear,Injury (Severe),Head-On,Pedestrian,Crossing Not in Crosswalk,Dry,No Unusual Condition,Dark - Street Lights,Midblock > 20ft,0.0,1,1.0,Pedestrian,South,Other,Driver,East,Proceeding Straight,POINT (-122.434364 37.76311),38.0,3.0,5.0,5.0,01
15955,vw_geo_sfpd_cr_switrs_all_types_col_cty_union.fid-c18a0c2_186644fdb18_-1c8c,46576,25473000.0,,190083851,37.8056184799,-122.413604168,SFPD-INTERIM DB,CITY STREET,02/03/2019 12:06:00 AM,2019 February 03,00:06:00,2019,February,Sunday,BAY ST,MASON ST,0.0,Raining,Injury (Other Visible),Vehicle/Pedestrian,Pedestrian,Crossing Not in Crosswalk,Wet,No Unusual Condition,Dark - Street Lights,Intersection <= 20ft,0.0,1,1.0,Pedestrian,North,Other,Driver,East,Making Right Turn,POINT (-122.413605 37.80562),99.0,6.0,3.0,23.0,00
15960,vw_geo_sfpd_cr_switrs_all_types_col_cty_union.fid-c18a0c2_186644fdb18_-d5f,49786,24192000.0,3300000.0,190797438,37.7703659162,-122.409713703,SFPD-INTERIM DB,CITY STREET,10/22/2019 02:23:00 PM,2019 October 22,14:23:00,2019,October,Tuesday,BRYANT ST,10TH ST,9.0,Clear,Injury (Severe),Vehicle/Pedestrian,Pedestrian,Crossing in Crosswalk at Intersection,Dry,No Unusual Condition,Daylight,Intersection <= 20ft,0.0,1,1.0,Driver,South,Making Left Turn,Pedestrian,North,Proceeding Straight,POINT (-122.40971 37.770367),33.0,1.0,10.0,34.0,14
15962,vw_geo_sfpd_cr_switrs_all_types_col_cty_union.fid-c18a0c2_186644fdb18_-1ec6,35170,26737000.000000004,8458201.0,130848320,37.8002717867027,-122.432792301636,SFPD-CROSSROADS,CITY STREET,10/07/2013 04:25:00 PM,2013 October 07,16:25:00,2013,October,Monday,LOMBARD ST,BUCHANAN ST,12.0,Clear,Injury (Other Visible),Vehicle/Pedestrian,Pedestrian,Crossing in Crosswalk at Intersection,Dry,No Unusual Condition,Daylight,Intersection <= 20ft,0.0,1,1.0,Driver,East,Proceeding Straight,Pedestrian,North,Other,POINT (-122.43279 37.80027),17.0,4.0,6.0,13.0,16
15973,vw_geo_sfpd_cr_switrs_all_types_col_cty_union.fid-c18a0c2_186644fdb18_-133e,22281,26053000.0,6824000.0,150637090,37.7749939992059,-122.437782739756,SFPD-CROSSROADS,CITY STREET,07/22/2015 11:45:00 AM,2015 July 22,11:45:00,2015,July,Wednesday,HAYES ST,DIVISADERO ST,5.0,Clear,Injury (Other Visible),Vehicle/Pedestrian,Pedestrian,Crossing in Crosswalk at Intersection,Dry,No Unusual Condition,Daylight,Intersection <= 20ft,0.0,1,1.0,Driver,East,Making Right Turn,Pedestrian,North,Proceeding Straight,POINT (-122.43778 37.774994),23.0,4.0,11.0,9.0,11
15978,vw_geo_sfpd_cr_switrs_all_types_col_cty_union.fid-c18a0c2_186644fdb18_-1d50,46470,24104000.0,,190039575,37.7520468097,-122.421595152,SFPD-INTERIM DB,CITY STREET,01/16/2019 05:30:00 PM,2019 January 16,17:30:00,2019,January,Wednesday,SAN JOSE AVE,24TH ST,0.0,Raining,Injury (Complaint of Pain),Vehicle/Pedestrian,Pedestrian,Crossing in Crosswalk at Intersection,Wet,No Unusual Condition,Dark - Street Lights,Intersection <= 20ft,0.0,1,1.0,Driver,North,Making Left Turn,Pedestrian,West,Proceeding Straight,POINT (-122.42159 37.75205),53.0,3.0,5.0,20.0,17
15988,vw_geo_sfpd_cr_switrs_all_types_col_cty_union.fid-c18a0c2_186644fdb18_-1661,47416,20154000.0,10976000.0,190394482,37.7297886024,-122.386851749,SFPD-INTERIM DB,CITY STREET,06/01/2019 08:34:00 PM,2019 June 01,20:34:00,2019,June,Saturday,REVERE AVE,JENNINGS ST,154.0,Clear,Injury (Severe),Vehicle/Pedestrian,Pedestrian,Crossing Not in Crosswalk,Dry,No Unusual Condition,Dark - Street Lights,Midblock > 20ft,0.0,1,1.0,Driver,West,Proceeding Straight,Pedestrian,North,Proceeding Straight,POINT (-122.38685 37.72979),86.0,2.0,9.0,1.0,20
15989,vw_geo_sfpd_cr_switrs_all_types_col_cty_union.fid-c18a0c2_186644fdb18_-f91,48083,54043000.0,8899001.0,190719799,37.7787894631,-122.430529129,SFPD-INTERIM DB,CITY STREET,09/25/2019 07:02:00 PM,2019 September 25,19:02:00,2019,September,Wednesday,MCALLISTER ST,WEBSTER ST,141.0,Clear,Injury (Other Visible),Vehicle/Pedestrian,Pedestrian,Crossing Not in Crosswalk,Dry,No Unusual Condition,Daylight,Midblock > 20ft,0.0,1,1.0,Pedestrian,North,Proceeding Straight,Driver,West,Proceeding Straight,POINT (-122.43053 37.77879),97.0,4.0,11.0,39.0,19
15990,vw_geo_sfpd_cr_switrs_all_types_col_cty_union.fid-c18a0c2_186644fdb18_-1cd1,17226,24333000.0,,160301423,37.7807191769573,-122.415315615362,SFPD-CROSSROADS,CITY STREET,04/12/2016 03:58:00 PM,2016 April 12,15:58:00,2016,April,Tuesday,HYDE ST,MCALLISTER ST,0.0,Clear,Injury (Severe),Vehicle/Pedestrian,Pedestrian,Crossing in Crosswalk at Intersection,Dry,No Unusual Condition,Daylight,Intersection <= 20ft,0.0,1,1.0,Driver,South,Proceeding Straight,Pedestrian,West,Not Stated,POINT (-122.41531 37.78072),21.0,5.0,10.0,36.0,15
15991,vw_geo_sfpd_cr_switrs_all_types_col_cty_union.fid-c18a0c2_186644fdb18_-94e,49412,27430000.0,,190953094,37.7593594209,-122.487579501,SFPD-INTERIM DB,CITY STREET,12/19/2019 05:25:00 PM,2019 December 19,17:25:00,2019,December,Thursday,KIRKHAM ST,29TH AVE,0.0,Cloudy,Injury (Severe),Vehicle/Pedestrian,Pedestrian,Crossing in Crosswalk at Intersection,Dry,No Unusual Condition,Dark - Street Lights,Intersection <= 20ft,0.0,1,1.0,Driver,West,Proceeding Straight,Pedestrian,South,Proceeding Straight,POINT (-122.48758 37.75936),39.0,10.0,7.0,35.0,17
15994,vw_geo_sfpd_cr_switrs_all_types_col_cty_union.fid-c18a0c2_186644fdb18_-f0d,24279,24887000.0,12170000.0,140612121,37.7828397100189,-122.408341302804,SFPD-CROSSROADS,CITY STREET,07/23/2014 03:38:00 PM,2014 July 23,15:38:00,2014,July,Wednesday,STEVENSON ST,05TH ST,353.0,Clear,Injury (Complaint of Pain),Vehicle/Pedestrian,Pedestrian,Crossing Not in Crosswalk,Dry,No Unusual Condition,Daylight,Midblock > 20ft,0.0,1,1.0,Driver,East,Backing,Pedestrian,North,Other,POINT (-122.40834 37.78284),32.0,5.0,10.0,34.0,15
15997,vw_geo_sfpd_cr_switrs_all_types_col_cty_union.fid-c18a0c2_186644fdb18_-1dd4,35845,25593000.0,,130819008,37.8061412469844,-122.41707727811,SFPD-CROSSROADS,CITY STREET,09/28/2013 02:40:00 PM,2013 September 28,14:40:00,2013,September,Saturday,NORTH POINT ST,JONES ST,0.0,Clear,Injury (Complaint of Pain),Vehicle/Pedestrian,Pedestrian,Crossing in Crosswalk at Intersection,Dry,No Unusual Condition,Daylight,Intersection <= 20ft,0.0,1,1.0,Driver,East,Backing,Pedestrian,South,Proceeding Straight,POINT (-122.417076 37.80614),99.0,6.0,3.0,23.0,14
15998,vw_geo_sfpd_cr_switrs_all_types_col_cty_union.fid-c18a0c2_186644fdb18_-b0f,49949,23202000.0,,190895214,37.7467820371,-122.475902021,SFPD-INTERIM DB,CITY STREET,11/26/2019 03:13:00 PM,2019 November 26,15:13:00,2019,November,Tuesday,RIVERA ST,19TH AVE,0.0,Raining,Injury (Severe),Vehicle/Pedestrian,Pedestrian,Crossing in Crosswalk at Intersection,Wet,No Unusual Condition,Daylight,Intersection <= 20ft,0.0,1,1.0,Driver,South,Making Right Turn,Pedestrian,East,Proceeding Straight,POINT (-122.4759 37.74678),44.0,10.0,8.0,41.0,15
16010,vw_geo_sfpd_cr_switrs_all_types_col_cty_union.fid-c18a0c2_186644fdb18_-1308,48688,23945000.0,295000.0,190567093,37.7818664618,-122.405392936,SFPD-INTERIM DB,CITY STREET,08/03/2019 10:12:00 PM,2019 August 03,22:12:00,2019,August,Saturday,05TH ST,NATOMA ST,30.0,Clear,Injury (Other Visible),Vehicle/Pedestrian,Pedestrian,Not in Road,Dry,No Unusual Condition,Dark - Street Lights,Midblock > 20ft,0.0,1,,Driver,South,Changing Lanes,Pedestrian,South,Proceeding Straight,POINT (-122.405396 37.781868),32.0,1.0,10.0,34.0,22
16013,vw_geo_sfpd_cr_switrs_all_types_col_cty_union.fid-c18a0c2_186644fdb18_-10cf,47163,23579000.0,9198000.0,190465384,37.77293396,-122.389657,SFPD-INTERIM DB,CITY STREET,06/27/2019 05:52:00 PM,2019 June 27,17:52:00,2019,June,Thursday,MISSION ROCK ST,03RD ST,18.0,Clear,Injury (Complaint of Pain),Vehicle/Pedestrian,Pedestrian,Crossing in Crosswalk at Intersection,Dry,No Unusual Condition,Daylight,Intersection <= 20ft,0.0,1,1.0,Pedestrian,North,Entering Traffic,Driver,East,Proceeding Straight,POINT (-122.389656 37.772934),34.0,1.0,10.0,4.0,17
16023,vw_geo_sfpd_cr_switrs_all_types_col_cty_union.fid-c18a0c2_186644fdb18_-1e7d,19218,26011000.000000004,,180946786,37.7703428967,-122.436848943,SFPD-INTERIM DB,CITY STREET,12/16/2018 05:46:00 PM,2018 December 16,17:46:00,2018,December,Sunday,CASTRO ST,DIVISADERO ST,0.0,Raining,Injury (Other Visible),Vehicle/Pedestrian,Pedestrian,Crossing in Crosswalk at Intersection,Wet,No Unusual Condition,Dark - Street Lights,Intersection <= 20ft,0.0,1,1.0,Driver,North,Proceeding Straight,Pedestrian,East,Proceeding Straight,POINT (-122.43685 37.770344),112.0,7.0,11.0,3.0,17
16045,vw_geo_sfpd_cr_switrs_all_types_col_cty_union.fid-c18a0c2_186644fdb18_-dd0,49069,25294000.0,,190782984,37.7907880536,-122.419036212,SFPD-INTERIM DB,CITY STREET,10/17/2019 02:38:00 PM,2019 October 17,14:38:00,2019,October,Thursday,CALIFORNIA ST,LARKIN ST,0.0,Clear,Injury (Complaint of Pain),Vehicle/Pedestrian,Pedestrian,Crossing in Crosswalk at Intersection,Dry,No Unusual Condition,Daylight,Intersection <= 20ft,0.0,1,1.0,Driver,West,Making Left Turn,Pedestrian,South,Proceeding Straight,POINT (-122.41904 37.790787),105.0,6.0,3.0,21.0,14
16051,vw_geo_sfpd_cr_switrs_all_types_col_cty_union.fid-c18a0c2_186644fdb18_-b2f,48763,26303000.0,,190885566,37.7654428541,-122.452758422,SFPD-INTERIM DB,CITY STREET,11/22/2019 07:01:00 PM,2019 November 22,19:01:00,2019,November,Friday,CARL ST,STANYAN ST,0.0,Clear,Injury (Other Visible),Vehicle/Pedestrian,Pedestrian,Crossing in Crosswalk at Intersection,Dry,No Unusual Condition,Dark - Street Lights,Intersection <= 20ft,0.0,1,1.0,Driver,East,Making Left Turn,Pedestrian,North,Other,POINT (-122.45276 37.76544),110.0,7.0,11.0,14.0,19
16052,vw_geo_sfpd_cr_switrs_all_types_col_cty_union.fid-c18a0c2_186644fdb18_-1a36,46880,22739000.000000004,6987000.0,190201229,37.7216382188,-122.470644209,SFPD-INTERIM DB,CITY STREET,03/21/2019 07:56:00 AM,2019 March 21,07:56:00,2019,March,Thursday,HOLLOWAY AVE,MONTICELLO ST,39.0,Clear,Injury (Other Visible),Vehicle/Pedestrian,Pedestrian,Crossing Not in Crosswalk,Dry,No Unusual Condition,Daylight,Midblock > 20ft,0.0,1,1.0,Pedestrian,West,Crossed Into Opposing Lane,Driver,East,Proceeding Straight,POINT (-122.47064 37.721638),64.0,10.0,8.0,41.0,07
16056,vw_geo_sfpd_cr_switrs_all_types_col_cty_union.fid-c18a0c2_186644fdb18_-c71,49314,20964000.0,,190827405,37.7276266219,-122.418900051,SFPD-INTERIM DB,CITY STREET,11/01/2019 05:14:00 PM,2019 November 01,17:14:00,2019,November,Friday,SILLIMAN ST,CAMBRIDGE ST,0.0,Clear,Injury (Complaint of Pain),Vehicle/Pedestrian,Pedestrian,Crossing in Crosswalk at Intersection,Dry,No Unusual Condition,Daylight,Intersection <= 20ft,0.0,1,1.0,Driver,West,Stopped,Pedestrian,North,Not Stated,POINT (-122.4189 37.727627),92.0,2.0,2.0,7.0,17
16058,vw_geo_sfpd_cr_switrs_all_types_col_cty_union.fid-c18a0c2_186644fdb18_-1edc,25714,30735000.0,,180922952,37.7887211523,-122.402065729,SFPD-INTERIM DB,CITY STREET,12/07/2018 12:08:00 PM,2018 December 07,12:08:00,2018,December,Friday,MARKET ST,MONTGOMERY ST,0.0,Clear,Injury (Other Visible),Vehicle/Pedestrian,Pedestrian,Crossing in Crosswalk at Intersection,Dry,No Unusual Condition,Daylight,Intersection <= 20ft,0.0,1,1.0,Bicyclist,East,Proceeding Straight,Pedestrian,North,Proceeding Straight,POINT (-122.40207 37.788723),19.0,6.0,3.0,8.0,12
16059,vw_geo_sfpd_cr_switrs_all_types_col_cty_union.fid-c18a0c2_186644fdb18_-1583,20985,25952000.0,,170537129,37.7760442859664,-122.429554057244,SFPD-CROSSROADS,CITY STREET,07/02/2017 07:13:00 AM,2017 July 02,07:13:00,2017,July,Sunday,WEBSTER ST,HAYES ST,0.0,Clear,Injury (Severe),Vehicle/Pedestrian,Pedestrian,Crossing in Crosswalk at Intersection,Dry,No Unusual Condition,Daylight,Intersection <= 20ft,0.0,1,1.0,Pedestrian,East,Proceeding Straight,Driver,North,Proceeding Straight,POINT (-122.42956 37.776043),22.0,4.0,11.0,9.0,07
16060,vw_geo_sfpd_cr_switrs_all_types_col_cty_union.fid-c18a0c2_186644fdb18_-1446,44128,27869000.0,,141083676,37.767726480786,-122.50182634885,SFPD-CROSSROADS,CITY STREET,12/25/2014 02:38:00 PM,2014 December 25,14:38:00,2014,December,Thursday,JOHN F KENNEDY DR,CHAIN OF LAKES DR,0.0,Clear,Injury (Complaint of Pain),Head-On,Pedestrian,Crossing Not in Crosswalk,Dry,No Unusual Condition,Daylight,Intersection <= 20ft,0.0,1,1.0,Pedestrian,North,Other,Driver,East,Proceeding Straight,POINT (-122.50182 37.767727),9.0,8.0,4.0,12.0,14
16063,vw_geo_sfpd_cr_switrs_all_types_col_cty_union.fid-c18a0c2_186644fdb18_-ab6,26271,24903000.0,6109000.0,130492682,37.7873996906419,-122.407909737604,SFPD-CROSSROADS,CITY STREET,06/15/2013 02:25:00 PM,2013 June 15,14:25:00,2013,June,Saturday,GEARY ST,POWELL ST,93.0,Clear,Injury (Other Visible),Vehicle/Pedestrian,Pedestrian,Crossing Not in Crosswalk,Dry,No Unusual Condition,Daylight,Midblock > 20ft,0.0,1,1.0,Pedestrian,South,Proceeding Straight,Driver,West,Proceeding Straight,POINT (-122.40791 37.7874),19.0,6.0,3.0,8.0,14
16069,vw_geo_sfpd_cr_switrs_all_types_col_cty_union.fid-c18a0c2_186644fdb18_-1706,47361,21589000.0,,190363192,37.7104785535,-122.454885126,SFPD-INTERIM DB,CITY STREET,05/21/2019 12:06:00 PM,2019 May 21,12:06:00,2019,May,Tuesday,ALEMANY BLVD,SICKLES AVE,0.0,Cloudy,Injury (Complaint of Pain),Head-On,Pedestrian,Crossing in Crosswalk at Intersection,Wet,No Unusual Condition,Daylight,Intersection <= 20ft,0.0,1,1.0,Driver,North,Proceeding Straight,Pedestrian,West,Proceeding Straight,POINT (-122.45489 37.71048),66.0,9.0,1.0,28.0,12
16070,vw_geo_sfpd_cr_switrs_all_types_col_cty_union.fid-c18a0c2_186644fdb18_-1ac9,38921,23154000.0,13243000.0,140151884,37.7394078899286,-122.473534141053,SFPD-CROSSROADS,CITY STREET,02/20/2014 05:25:00 PM,2014 February 20,17:25:00,2014,February,Thursday,VICENTE ST,17TH AVE,70.0,Clear,Injury (Complaint of Pain),Vehicle/Pedestrian,Pedestrian,Crossing Not in Crosswalk,Dry,No Unusual Condition,Daylight,Midblock > 20ft,0.0,1,1.0,Pedestrian,North,Proceeding Straight,Driver,West,Proceeding Straight,POINT (-122.47353 37.739407),46.0,10.0,8.0,41.0,17
16078,vw_geo_sfpd_cr_switrs_all_types_col_cty_union.fid-c18a0c2_186644fdb18_-1697,47100,23338000.0,,190382750,37.7340078582,-122.491342618,SFPD-INTERIM DB,CITY STREET,05/28/2019 04:28:00 PM,2019 May 28,16:28:00,2019,May,Tuesday,SLOAT BLVD,34TH AVE,0.0,Clear,Injury (Other Visible),Vehicle/Pedestrian,Pedestrian,Crossing in Crosswalk at Intersection,Dry,No Unusual Condition,Daylight,Intersection <= 20ft,0.0,1,1.0,Driver,North,Making Left Turn,Pedestrian,South,Other,POINT (-122.49134 37.73401),40.0,10.0,7.0,35.0,16
16080,vw_geo_sfpd_cr_switrs_all_types_col_cty_union.fid-c18a0c2_186644fdb18_-1828,47014,34185000.0,,190297660,37.7707620421,-122.387734645,SFPD-INTERIM DB,CITY STREET,04/26/2019 04:01:00 PM,2019 April 26,16:01:00,2019,April,Friday,MISSION BAY BLVD SOUTH,BRIDGEVIEW WAY,0.0,Clear,Injury (Complaint of Pain),Vehicle/Pedestrian,Pedestrian,Crossing in Crosswalk at Intersection,Dry,No Unusual Condition,Daylight,Intersection <= 20ft,0.0,1,1.0,Pedestrian,West,Proceeding Straight,Driver,North,Proceeding Straight,POINT (-122.38773 37.770763),34.0,1.0,10.0,4.0,16
16085,vw_geo_sfpd_cr_switrs_all_types_col_cty_union.fid-c18a0c2_186644fdb18_-1574,46287,33347000.0,6148101.0,190437195,37.7124566882,-122.430174248,SFPD-INTERIM DB,CITY STREET,06/17/2019 10:22:00 PM,2019 June 17,22:22:00,2019,June,Monday,GENEVA AVE,PRAGUE ST,524.0,Clear,Injury (Other Visible),Vehicle/Pedestrian,Pedestrian,Crossing Not in Crosswalk,Dry,No Unusual Condition,Dark - Street Lights,Midblock > 20ft,0.0,2,2.0,Driver,West,Proceeding Straight,Pedestrian,North,Not Stated,POINT (-122.430176 37.712456),58.0,9.0,1.0,7.0,22
16114,vw_geo_sfpd_cr_switrs_all_types_col_cty_union.fid-c18a0c2_186644fdb18_-11f2,22842,26396000.0,8845101.0,170819159,37.7801066185565,-122.447320304991,SFPD-CROSSROADS,CITY STREET,10/07/2017 02:37:00 PM,2017 October 07,14:37:00,2017,October,Saturday,MASONIC AVE,EWING TER,20.0,Clear,Injury (Complaint of Pain),Vehicle/Pedestrian,Pedestrian,Crossing in Crosswalk at Intersection,Dry,No Unusual Condition,Daylight,Intersection <= 20ft,0.0,1,1.0,Driver,South,Making Right Turn,Pedestrian,East,Other,POINT (-122.44732 37.780106),13.0,7.0,4.0,18.0,14
16116,vw_geo_sfpd_cr_switrs_all_types_col_cty_union.fid-c18a0c2_186644fdb18_-e78,24586,24933000.0,,150994505,37.7825850335311,-122.415693873471,SFPD-CROSSROADS,CITY STREET,11/15/2015 09:55:00 AM,2015 November 15,09:55:00,2015,November,Sunday,HYDE ST,TURK ST,0.0,Clear,Injury (Complaint of Pain),Vehicle/Pedestrian,Pedestrian,Crossing in Crosswalk at Intersection,Dry,No Unusual Condition,Daylight,Intersection <= 20ft,0.0,1,,Pedestrian,East,Proceeding Straight,Driver,South,Making Left Turn,POINT (-122.415695 37.782585),20.0,5.0,10.0,36.0,09
16124,vw_geo_sfpd_cr_switrs_all_types_col_cty_union.fid-c18a0c2_186644fdb18_-dbc,50508,30744000.0,6812000.0,190783813,37.7776301745,-122.417121409,SFPD-INTERIM DB,CITY STREET,10/17/2019 07:22:00 PM,2019 October 17,19:22:00,2019,October,Thursday,HAYES ST,POLK ST,270.0,Clear,Injury (Severe),Broadside,Pedestrian,"In Road, Including Shoulder",Dry,No Unusual Condition,Dark - Street Lights,Midblock > 20ft,0.0,1,1.0,Pedestrian,North,Proceeding Straight,Driver,West,Proceeding Straight,POINT (-122.41712 37.77763),21.0,4.0,10.0,36.0,19
16128,vw_geo_sfpd_cr_switrs_all_types_col_cty_union.fid-c18a0c2_186644fdb18_-12ab,14054,24347000.0,544000.0,180052452,37.7710544236,-122.415360609,SFPD-INTERIM DB,CITY STREET,01/20/2018 03:00:00 PM,2018 January 20,15:00:00,2018,January,Saturday,12TH ST,FOLSOM ST,120.0,Clear,Injury (Complaint of Pain),Vehicle/Pedestrian,Pedestrian,Crossing Not in Crosswalk,Dry,No Unusual Condition,Daylight,Midblock > 20ft,0.0,1,1.0,Pedestrian,East,Entering Traffic,Driver,South,Proceeding Straight,POINT (-122.41536 37.771053),32.0,1.0,10.0,20.0,15
16132,vw_geo_sfpd_cr_switrs_all_types_col_cty_union.fid-c18a0c2_186644fdb18_-1cf1,46525,20965000.0,,190062877,37.7286576043,-122.41495595,SFPD-INTERIM DB,CITY STREET,01/25/2019 07:00:00 PM,2019 January 25,19:00:00,2019,January,Friday,UNIVERSITY ST,SILLIMAN ST,0.0,Clear,Injury (Other Visible),Vehicle/Pedestrian,Pedestrian,"In Road, Including Shoulder",Dry,No Unusual Condition,Dark - Street Lights,Intersection <= 20ft,0.0,1,1.0,Pedestrian,East,Proceeding Straight,Driver,North,Proceeding Straight,POINT (-122.414955 37.728657),91.0,2.0,2.0,25.0,19
16141,vw_geo_sfpd_cr_switrs_all_types_col_cty_union.fid-c18a0c2_186644fdb18_-1c11,17554,24241000.0,550101.0,150708306,37.7697976838905,-122.417730989686,SFPD-CROSSROADS,CITY STREET,08/14/2015 05:54:00 AM,2015 August 14,05:54:00,2015,August,Friday,13TH ST,VAN NESS AVE,10.0,Clear,Injury (Other Visible),Vehicle/Pedestrian,Pedestrian,Crossing in Crosswalk at Intersection,Dry,No Unusual Condition,Dark - Street Lights,Intersection <= 20ft,0.0,1,1.0,Driver,South,Making Left Turn,Pedestrian,North,Proceeding Straight,POINT (-122.41773 37.7698),53.0,3.0,10.0,20.0,05
16146,vw_geo_sfpd_cr_switrs_all_types_col_cty_union.fid-c18a0c2_186644fdb18_-70d,28199,24701000.0,11547000.0,130746401,37.7940005434928,-122.401317241273,SFPD-CROSSROADS,CITY STREET,09/06/2013 05:46:00 PM,2013 September 06,17:46:00,2013,September,Friday,SANSOME ST,SACRAMENTO ST,5.0,Clear,Injury (Complaint of Pain),Vehicle/Pedestrian,Pedestrian,Crossing in Crosswalk at Intersection,Dry,No Unusual Condition,Dusk - Dawn,Intersection <= 20ft,0.0,1,1.0,Driver,North,Making Right Turn,Pedestrian,East,Proceeding Straight,POINT (-122.40131 37.794),108.0,6.0,3.0,6.0,17