,id,unique_id,cnn_intrsctn_fkey,cnn_sgmt_fkey,case_id_pkey,tb_latitude,tb_longitude,geocode_source,geocode_location,collision_datetime,collision_date,collision_time,accident_year,month,day_of_week,primary_rd,secondary_rd,distance,weather_1,collision_severity,type_of_collision,mviw,ped_action,road_surface,road_cond_1,lighting,intersection,number_killed,number_injured,party_at_fault,party1_type,party1_dir_of_travel,party1_move_pre_acc,party2_type,party2_dir_of_travel,party2_move_pre_acc,point,Neighborhoods,Current Police Districts,Current Supervisor Districts,Analysis Neighborhoods,hour
16156,vw_geo_sfpd_cr_switrs_all_types_col_cty_union.fid-c18a0c2_186644fdb18_-81f,27605,24686000.0,,160848704,37.7921084037533,-122.400933081912,SFPD-CROSSROADS,CITY STREET,10/18/2016 09:20:00 AM,2016 October 18,09:20:00,2016,October,Tuesday,SANSOME ST,PINE ST,0.0,Clear,Injury (Complaint of Pain),Vehicle/Pedestrian,Pedestrian,Crossing in Crosswalk at Intersection,Dry,No Unusual Condition,Daylight,Intersection <= 20ft,0.0,1,,Driver,South,Making Left Turn,Pedestrian,East,Proceeding Straight,POINT (-122.40093 37.792107),108.0,6.0,3.0,8.0,09
16161,vw_geo_sfpd_cr_switrs_all_types_col_cty_union.fid-c18a0c2_186644fdb18_-16c6,20453,25916000.0,,160080100,37.7759498628609,-122.422787633911,SFPD-CROSSROADS,CITY STREET,01/28/2016 08:38:00 AM,2016 January 28,08:38:00,2016,January,Thursday,FELL ST,GOUGH ST,0.0,Clear,Injury (Complaint of Pain),Vehicle/Pedestrian,Pedestrian,Crossing in Crosswalk at Intersection,Dry,No Unusual Condition,Daylight,Intersection <= 20ft,0.0,1,1.0,Driver,West,Making Right Turn,Pedestrian,North,Proceeding Straight,POINT (-122.42279 37.77595),22.0,4.0,11.0,9.0,08
16162,vw_geo_sfpd_cr_switrs_all_types_col_cty_union.fid-c18a0c2_186644fdb18_-b3e,48723,21765000.0,,190884853,37.7287295478,-122.431293844,SFPD-INTERIM DB,CITY STREET,11/22/2019 03:00:00 PM,2019 November 22,15:00:00,2019,November,Friday,SILVER AVE,MISSION ST,0.0,Clear,Injury (Complaint of Pain),Vehicle/Pedestrian,Pedestrian,Crossing in Crosswalk at Intersection,Dry,No Unusual Condition,Daylight,Intersection <= 20ft,0.0,1,1.0,Pedestrian,North,Proceeding Straight,Driver,West,Proceeding Straight,POINT (-122.4313 37.72873),94.0,9.0,1.0,28.0,15
16166,vw_geo_sfpd_cr_switrs_all_types_col_cty_union.fid-c18a0c2_186644fdb18_-1d77,46451,26496000.0,6039102.0,190030125,37.7850419166,-122.426583702,SFPD-INTERIM DB,CITY STREET,01/12/2019 09:45:00 PM,2019 January 12,21:45:00,2019,January,Saturday,GEARY BLVD,LAGUNA ST,420.0,Clear,Injury (Other Visible),Vehicle/Pedestrian,Pedestrian,Crossing Not in Crosswalk,Dry,No Unusual Condition,Dark - Street Lights,Midblock > 20ft,0.0,2,,Pedestrian,North,Other,Pedestrian,North,Other,POINT (-122.42658 37.78504),100.0,4.0,11.0,39.0,21
16170,vw_geo_sfpd_cr_switrs_all_types_col_cty_union.fid-c18a0c2_186644fdb18_-762,10560,24119000.0,,150265356,37.7569020095308,-122.421117540033,SFPD-CROSSROADS,CITY STREET,03/25/2015 03:33:00 PM,2015 March 25,15:33:00,2015,March,Wednesday,VALENCIA ST,21ST ST,0.0,Clear,Injury (Complaint of Pain),Head-On,Pedestrian,Crossing in Crosswalk at Intersection,Dry,No Unusual Condition,Daylight,Intersection <= 20ft,0.0,1,1.0,Driver,South,Making Left Turn,Pedestrian,East,Proceeding Straight,POINT (-122.42112 37.7569),52.0,3.0,5.0,20.0,15
16175,vw_geo_sfpd_cr_switrs_all_types_col_cty_union.fid-c18a0c2_186644fdb18_-1e9c,35242,26760000.0,2789000.0,140174701,37.8030597962333,-122.433305085247,SFPD-CROSSROADS,CITY STREET,02/28/2014 02:45:00 PM,2014 February 28,14:45:00,2014,February,Friday,BAY ST,BUCHANAN ST,7.0,Raining,Injury (Other Visible),Vehicle/Pedestrian,Pedestrian,Crossing in Crosswalk at Intersection,Wet,No Unusual Condition,Daylight,Intersection <= 20ft,0.0,1,1.0,Driver,East,Making Left Turn,Pedestrian,North,Proceeding Straight,POINT (-122.433304 37.80306),17.0,4.0,6.0,13.0,14
16177,vw_geo_sfpd_cr_switrs_all_types_col_cty_union.fid-c18a0c2_186644fdb18_-1c64,46596,26633000.0,,190088970,37.7886969402,-122.435485564,SFPD-INTERIM DB,CITY STREET,02/05/2019 07:09:00 AM,2019 February 05,07:09:00,2019,February,Tuesday,CALIFORNIA ST,STEINER ST,0.0,Clear,Injury (Complaint of Pain),Vehicle/Pedestrian,Pedestrian,Crossing in Crosswalk at Intersection,Dry,No Unusual Condition,Daylight,Intersection <= 20ft,0.0,1,1.0,Driver,West,Making Left Turn,Pedestrian,North,Proceeding Straight,POINT (-122.435486 37.788696),103.0,4.0,6.0,30.0,07
16180,vw_geo_sfpd_cr_switrs_all_types_col_cty_union.fid-c18a0c2_186644fdb18_-1523,47566,26583000.0,,190454791,37.7977162124,-122.43055896,SFPD-INTERIM DB,CITY STREET,06/23/2019 09:42:00 PM,2019 June 23,21:42:00,2019,June,Sunday,LAGUNA ST,UNION ST,0.0,Clear,Injury (Other Visible),Vehicle/Pedestrian,Pedestrian,Crossing in Crosswalk at Intersection,Dry,No Unusual Condition,Dark - No Street Lights,Intersection <= 20ft,0.0,1,1.0,Driver,North,Proceeding Straight,Pedestrian,West,Proceeding Straight,POINT (-122.43056 37.797718),15.0,4.0,6.0,13.0,21
16189,vw_geo_sfpd_cr_switrs_all_types_col_cty_union.fid-c18a0c2_186644fdb18_-dfc,491,20436000.0,6961000.0,170414282,37.7190424963563,-122.391189385415,SFPD-CROSSROADS,CITY STREET,05/20/2017 03:15:00 PM,2017 May 20,15:15:00,2017,May,Saturday,HOLLISTER AVE,HAWES ST,222.0,Clear,Injury (Complaint of Pain),Vehicle/Pedestrian,Pedestrian,"In Road, Including Shoulder",Dry,No Unusual Condition,Daylight,Midblock > 20ft,0.0,1,1.0,Pedestrian,North,Entering Traffic,Driver,East,Proceeding Straight,POINT (-122.39119 37.719044),88.0,2.0,9.0,1.0,15
16209,vw_geo_sfpd_cr_switrs_all_types_col_cty_union.fid-c18a0c2_186644fdb18_-1362,47841,23966000.0,,190546257,37.7561087836,-122.407601867,SFPD-INTERIM DB,CITY STREET,07/27/2019 04:24:00 PM,2019 July 27,16:24:00,2019,July,Saturday,22ND ST,HAMPSHIRE ST,0.0,Clear,Injury (Complaint of Pain),Rear End,Pedestrian,Crossing in Crosswalk at Intersection,Dry,No Unusual Condition,Daylight,Intersection <= 20ft,0.0,1,1.0,Driver,East,Backing,Pedestrian,South,Proceeding Straight,POINT (-122.4076 37.756107),53.0,3.0,2.0,20.0,16
16214,vw_geo_sfpd_cr_switrs_all_types_col_cty_union.fid-c18a0c2_186644fdb18_-a40,36567,22476000.0,,160170256,37.7131720483966,-122.459024435492,SFPD-CROSSROADS,CITY STREET,02/27/2016 08:12:00 AM,2016 February 27,08:12:00,2016,February,Saturday,BROAD ST,CAPITOL AVE,0.0,Clear,Injury (Complaint of Pain),Vehicle/Pedestrian,Pedestrian,Crossing in Crosswalk at Intersection,Dry,No Unusual Condition,Daylight,Intersection <= 20ft,0.0,1,1.0,Driver,East,Proceeding Straight,Pedestrian,North,Proceeding Straight,POINT (-122.45902 37.713173),81.0,10.0,1.0,24.0,08
16223,vw_geo_sfpd_cr_switrs_all_types_col_cty_union.fid-c18a0c2_186644fdb18_-1b1a,38668,32904000.0,6437201.0,150776999,37.7346075208348,-122.506878229195,SFPD-CROSSROADS,CITY STREET,09/04/2015 03:13:00 PM,2015 September 04,15:13:00,2015,September,Friday,GREAT HWY,SLOAT BLVD,318.0,Wind,Injury (Severe),Vehicle/Pedestrian,Pedestrian,Crossing Not in Crosswalk,Dry,No Unusual Condition,Daylight,Midblock > 20ft,0.0,1,,Pedestrian,East,Not Stated,Driver,South,Proceeding Straight,POINT (-122.50688 37.734608),43.0,10.0,8.0,16.0,15
16226,vw_geo_sfpd_cr_switrs_all_types_col_cty_union.fid-c18a0c2_186644fdb18_-f98,48409,23069000.0,,190718365,37.7269906996,-122.474900344,SFPD-INTERIM DB,CITY STREET,09/25/2019 12:21:00 PM,2019 September 25,12:21:00,2019,September,Wednesday,19TH AVE,WINSTON DR,0.0,Clear,Injury (Severe),Vehicle/Pedestrian,Pedestrian,Crossing in Crosswalk at Intersection,Dry,No Unusual Condition,Daylight,Intersection <= 20ft,0.0,1,1.0,Driver,North,Making Left Turn,Pedestrian,East,Proceeding Straight,POINT (-122.4749 37.72699),41.0,10.0,8.0,16.0,12
16227,vw_geo_sfpd_cr_switrs_all_types_col_cty_union.fid-c18a0c2_186644fdb18_-1437,48491,25148000.0,,190502776,37.7833108899,-122.417528773,SFPD-INTERIM DB,CITY STREET,07/11/2019 06:08:00 PM,2019 July 11,18:08:00,2019,July,Thursday,LARKIN ST,EDDY ST,0.0,Clear,Injury (Complaint of Pain),Vehicle/Pedestrian,Pedestrian,Crossing in Crosswalk at Intersection,Dry,No Unusual Condition,Daylight,Intersection <= 20ft,0.0,1,1.0,Driver,North,Making Right Turn,Pedestrian,East,Proceeding Straight,POINT (-122.41753 37.78331),20.0,5.0,10.0,36.0,18
16237,vw_geo_sfpd_cr_switrs_all_types_col_cty_union.fid-c18a0c2_186644fdb18_-11b2,47915,24431000.0,,190626031,37.7816542624,-122.415505178,SFPD-INTERIM DB,CITY STREET,08/24/2019 02:52:00 AM,2019 August 24,02:52:00,2019,August,Saturday,HYDE ST,GOLDEN GATE AVE,0.0,Clear,Injury (Other Visible),Vehicle/Pedestrian,Pedestrian,Crossing Not in Crosswalk,Dry,No Unusual Condition,Dark - Street Lights,Intersection <= 20ft,0.0,1,1.0,Pedestrian,East,Entering Traffic,Driver,South,Proceeding Straight,POINT (-122.415504 37.781654),21.0,5.0,10.0,36.0,02
16248,vw_geo_sfpd_cr_switrs_all_types_col_cty_union.fid-c18a0c2_186644fdb18_-16dc,47373,27373000.000000004,834000.0,190371731,37.7654902128,-122.476186062,SFPD-INTERIM DB,CITY STREET,05/24/2019 01:51:00 PM,2019 May 24,13:51:00,2019,May,Friday,18TH AVE,LINCOLN WAY,3.0,Clear,Injury (Severe),Vehicle/Pedestrian,Pedestrian,Crossing in Crosswalk at Intersection,Dry,No Unusual Condition,Daylight,Intersection <= 20ft,0.0,1,1.0,Driver,North,Making Right Turn,Pedestrian,West,Proceeding Straight,POINT (-122.47619 37.76549),109.0,10.0,7.0,14.0,13
16249,vw_geo_sfpd_cr_switrs_all_types_col_cty_union.fid-c18a0c2_186644fdb18_-830,36917,22578000.0,6359000.0,130524730,37.720030968734,-122.456915120944,SFPD-CROSSROADS,CITY STREET,06/26/2013 07:45:00 AM,2013 June 26,07:45:00,2013,June,Wednesday,GRAFTON AVE,GRANADA AVE,70.0,Clear,Injury (Other Visible),Vehicle/Pedestrian,Pedestrian,Crossing Not in Crosswalk,Dry,No Unusual Condition,Daylight,Midblock > 20ft,0.0,1,1.0,Pedestrian,East,Other,Driver,West,Proceeding Straight,POINT (-122.45692 37.72003),64.0,10.0,1.0,24.0,07
16250,vw_geo_sfpd_cr_switrs_all_types_col_cty_union.fid-c18a0c2_186644fdb18_-1247,50163,25939000.0,,190600916,37.777815247,-122.423165552,SFPD-INTERIM DB,CITY STREET,08/15/2019 03:21:00 PM,2019 August 15,15:21:00,2019,August,Thursday,GOUGH ST,GROVE ST,0.0,Clear,Injury (Other Visible),Vehicle/Pedestrian,Pedestrian,Crossing in Crosswalk at Intersection,Dry,No Unusual Condition,Daylight,Intersection <= 20ft,0.0,1,,Driver,South,Making Left Turn,Pedestrian,East,Not Stated,POINT (-122.423164 37.777817),21.0,4.0,11.0,9.0,15
16252,vw_geo_sfpd_cr_switrs_all_types_col_cty_union.fid-c18a0c2_186644fdb18_-163c,20691,24436000.0,6813000.0,170601558,37.7775109826888,-122.418048842268,SFPD-CROSSROADS,CITY STREET,07/24/2017 11:06:00 AM,2017 July 24,11:06:00,2017,July,Monday,HAYES ST,POLK ST,2.0,Clear,Injury (Complaint of Pain),Vehicle/Pedestrian,Pedestrian,Crossing in Crosswalk at Intersection,Dry,No Unusual Condition,Daylight,Intersection <= 20ft,0.0,1,1.0,Pedestrian,South,Other,Driver,West,Proceeding Straight,POINT (-122.418045 37.77751),21.0,4.0,10.0,36.0,11
16259,vw_geo_sfpd_cr_switrs_all_types_col_cty_union.fid-c18a0c2_186644fdb18_-1382,47831,24466000.0,,190538715,37.7800746967,-122.420247184,SFPD-INTERIM DB,CITY STREET,07/24/2019 09:31:00 PM,2019 July 24,21:31:00,2019,July,Wednesday,VAN NESS AVE,MCALLISTER ST,0.0,Clear,Injury (Other Visible),Vehicle/Pedestrian,Pedestrian,Crossing in Crosswalk at Intersection,Dry,Construction or Repair Zone,Dark - Street Lights,Intersection <= 20ft,0.0,1,1.0,Bicyclist,North,Proceeding Straight,Pedestrian,North,Proceeding Straight,POINT (-122.42025 37.780075),21.0,4.0,11.0,39.0,21
16268,vw_geo_sfpd_cr_switrs_all_types_col_cty_union.fid-c18a0c2_186644fdb18_-12eb,48224,20667000.0,,190570701,37.7356609595,-122.392213661,SFPD-INTERIM DB,CITY STREET,08/05/2019 12:00:00 PM,2019 August 05,12:00:00,2019,August,Monday,OAKDALE AVE,NEWHALL ST,0.0,Clear,Injury (Severe),Vehicle/Pedestrian,Pedestrian,Crossing in Crosswalk at Intersection,Dry,No Unusual Condition,Daylight,Intersection <= 20ft,0.0,1,1.0,Driver,East,Proceeding Straight,Pedestrian,North,Proceeding Straight,POINT (-122.39221 37.73566),86.0,2.0,9.0,1.0,12
16271,vw_geo_sfpd_cr_switrs_all_types_col_cty_union.fid-c18a0c2_186644fdb18_-1907,47243,23411000.0,,190254949,37.7459515427,-122.494705713,SFPD-INTERIM DB,CITY STREET,04/10/2019 03:47:00 PM,2019 April 10,15:47:00,2019,April,Wednesday,SUNSET BLVD,RIVERA ST,0.0,Clear,Injury (Complaint of Pain),Vehicle/Pedestrian,Pedestrian,Crossing Not in Crosswalk,Dry,No Unusual Condition,Daylight,Intersection <= 20ft,0.0,1,1.0,Pedestrian,East,Proceeding Straight,Driver,South,Making Left Turn,POINT (-122.494705 37.745953),40.0,10.0,7.0,35.0,15
16273,vw_geo_sfpd_cr_switrs_all_types_col_cty_union.fid-c18a0c2_186644fdb18_-1d4a,46473,26824000.0,,190040447,37.7898722962,-122.440805573,SFPD-INTERIM DB,CITY STREET,01/17/2019 08:55:00 AM,2019 January 17,08:55:00,2019,January,Thursday,DIVISADERO ST,CLAY ST,0.0,Raining,Injury (Complaint of Pain),Vehicle/Pedestrian,Pedestrian,Crossing in Crosswalk at Intersection,Wet,No Unusual Condition,Daylight,Intersection <= 20ft,0.0,1,1.0,Driver,North,Proceeding Straight,Pedestrian,East,Proceeding Straight,POINT (-122.4408 37.78987),102.0,4.0,6.0,30.0,08
16279,vw_geo_sfpd_cr_switrs_all_types_col_cty_union.fid-c18a0c2_186644fdb18_-c48,36409,21597000.0,19317000.0,160809013,37.7123370119968,-122.454431937818,SFPD-CROSSROADS,CITY STREET,10/05/2016 09:04:00 AM,2016 October 05,09:04:00,2016,October,Wednesday,SAN JOSE AVE,SAGAMORE ST,440.0,Clear,Injury (Complaint of Pain),Vehicle/Pedestrian,Pedestrian,Crossing Not in Crosswalk,Dry,No Unusual Condition,Daylight,Midblock > 20ft,0.0,1,1.0,Pedestrian,East,Proceeding Straight,Driver,South,Changing Lanes,POINT (-122.45443 37.712337),81.0,10.0,1.0,24.0,09
16284,vw_geo_sfpd_cr_switrs_all_types_col_cty_union.fid-c18a0c2_186644fdb18_-1e18,20167,30748000.000000004,8755201.0,130256416,37.7750384781848,-122.419470989882,SFPD-CROSSROADS,CITY STREET,03/28/2013 04:46:00 PM,2013 March 28,16:46:00,2013,March,Thursday,MARKET ST,VAN NESS AVE,72.0,Clear,Injury (Complaint of Pain),Vehicle/Pedestrian,Pedestrian,Crossing Not in Crosswalk,Dry,No Unusual Condition,Daylight,Midblock > 20ft,0.0,1,1.0,Pedestrian,North,Proceeding Straight,Driver,East,Proceeding Straight,POINT (-122.41947 37.77504),21.0,1.0,11.0,9.0,16
16286,vw_geo_sfpd_cr_switrs_all_types_col_cty_union.fid-c18a0c2_186644fdb18_-16c9,47598,25138000.0,,190374462,37.783515641,-122.415882538,SFPD-INTERIM DB,CITY STREET,05/25/2019 12:55:00 PM,2019 May 25,12:55:00,2019,May,Saturday,HYDE ST,EDDY ST,0.0,Clear,Injury (Complaint of Pain),Vehicle/Pedestrian,Pedestrian,Crossing in Crosswalk at Intersection,Dry,No Unusual Condition,Daylight,Intersection <= 20ft,0.0,1,1.0,Driver,North,Backing,Pedestrian,West,Not Stated,POINT (-122.415886 37.783516),20.0,5.0,10.0,36.0,12
16297,vw_geo_sfpd_cr_switrs_all_types_col_cty_union.fid-c18a0c2_186644fdb18_-e98,2315,22102000.0,,170049049,37.7229665717039,-122.444746624942,SFPD-CROSSROADS,CITY STREET,01/18/2017 05:58:00 PM,2017 January 18,17:58:00,2017,January,Wednesday,SAN JOSE AVE,OCEAN AVE,0.0,Raining,Injury (Other Visible),Vehicle/Pedestrian,Pedestrian,Crossing in Crosswalk at Intersection,Wet,No Unusual Condition,Dark - Street Lights,Intersection <= 20ft,0.0,1,1.0,Driver,South,Making Left Turn,Pedestrian,East,Proceeding Straight,POINT (-122.44475 37.722965),94.0,9.0,1.0,28.0,17
16302,vw_geo_sfpd_cr_switrs_all_types_col_cty_union.fid-c18a0c2_186644fdb18_-1ee6,21289,24459000.0,,180921493,37.7782510174,-122.419883231,SFPD-INTERIM DB,CITY STREET,12/06/2018 07:47:00 PM,2018 December 06,19:47:00,2018,December,Thursday,VAN NESS AVE,GROVE ST,0.0,Clear,Injury (Complaint of Pain),Vehicle/Pedestrian,Pedestrian,Crossing in Crosswalk at Intersection,Dry,No Unusual Condition,Dark - Street Lights,Intersection <= 20ft,0.0,1,1.0,Driver,North,Making Left Turn,Pedestrian,West,Proceeding Straight,POINT (-122.41988 37.77825),21.0,4.0,10.0,36.0,19
16304,vw_geo_sfpd_cr_switrs_all_types_col_cty_union.fid-c18a0c2_186644fdb18_-a2b,49856,24440000.0,6264000.0,190929681,37.7814461911,-122.417155855,SFPD-INTERIM DB,CITY STREET,12/10/2019 02:12:00 PM,2019 December 10,14:12:00,2019,December,Tuesday,GOLDEN GATE AVE,LARKIN ST,3.0,Cloudy,Injury (Complaint of Pain),Vehicle/Pedestrian,Pedestrian,Crossing in Crosswalk at Intersection,Dry,No Unusual Condition,Daylight,Intersection <= 20ft,0.0,1,1.0,Driver,West,Backing,Pedestrian,East,Entering Traffic,POINT (-122.41715 37.781445),21.0,5.0,10.0,36.0,14
16312,vw_geo_sfpd_cr_switrs_all_types_col_cty_union.fid-c18a0c2_186644fdb18_-67c,37179,23021000.000000004,,150827627,37.7204426318843,-122.475225476182,SFPD-CROSSROADS,CITY STREET,09/21/2015 07:50:00 AM,2015 September 21,07:50:00,2015,September,Monday,CRESPI DR,19TH AVE,0.0,Clear,Injury (Complaint of Pain),Vehicle/Pedestrian,Pedestrian,Crossing in Crosswalk at Intersection,Dry,No Unusual Condition,Daylight,Intersection <= 20ft,0.0,1,1.0,Driver,East,Making Right Turn,Pedestrian,North,Proceeding Straight,POINT (-122.47523 37.720444),42.0,10.0,8.0,16.0,07
16315,vw_geo_sfpd_cr_switrs_all_types_col_cty_union.fid-c18a0c2_186644fdb18_-141b,48510,30710000.0,,190508019,37.8011251328,-122.411376271,SFPD-INTERIM DB,CITY STREET,07/13/2019 06:00:00 PM,2019 July 13,18:00:00,2019,July,Saturday,COLUMBUS AVE,FILBERT ST,0.0,Clear,Injury (Complaint of Pain),Vehicle/Pedestrian,Pedestrian,Crossing in Crosswalk at Intersection,Dry,No Unusual Condition,Daylight,Intersection <= 20ft,0.0,1,1.0,Driver,West,Making Left Turn,Pedestrian,South,Proceeding Straight,POINT (-122.41138 37.801125),107.0,6.0,3.0,6.0,18
16321,vw_geo_sfpd_cr_switrs_all_types_col_cty_union.fid-c18a0c2_186644fdb18_-8d4,27254,24678000.0,9297000.0,130663786,37.7897004708349,-122.402120152663,SFPD-CROSSROADS,CITY STREET,08/11/2013 02:05:00 PM,2013 August 11,14:05:00,2013,August,Sunday,MONTGOMERY ST,SUTTER ST,125.0,Clear,Injury (Complaint of Pain),Vehicle/Pedestrian,Pedestrian,Crossing Not in Crosswalk,Dry,No Unusual Condition,Daylight,Midblock > 20ft,0.0,1,1.0,Pedestrian,East,Entering Traffic,Driver,South,Proceeding Straight,POINT (-122.40212 37.7897),108.0,6.0,3.0,8.0,14
16323,vw_geo_sfpd_cr_switrs_all_types_col_cty_union.fid-c18a0c2_186644fdb18_-1dde,46390,26434000.000000004,6624000.0,190001944,37.7692193496,-122.45311311,SFPD-INTERIM DB,CITY STREET,01/01/2019 06:05:00 PM,2019 January 01,18:05:00,2019,January,Tuesday,HAIGHT ST,STANYAN ST,124.0,Clear,Fatal,Vehicle/Pedestrian,Pedestrian,Crossing Not in Crosswalk,Dry,No Unusual Condition,Dark - Street Lights,Midblock > 20ft,1.0,0,1.0,Pedestrian,North,Proceeding Straight,Driver,South,Entering Traffic,POINT (-122.45311 37.76922),25.0,7.0,11.0,3.0,18
16324,vw_geo_sfpd_cr_switrs_all_types_col_cty_union.fid-c18a0c2_186644fdb18_-1aab,35536,26969000.000000004,,171010401,37.8003010078604,-122.440309605904,SFPD-CROSSROADS,CITY STREET,12/14/2017 01:37:00 PM,2017 December 14,13:37:00,2017,December,Thursday,CHESTNUT ST,AVILA ST,0.0,Clear,Injury (Complaint of Pain),Vehicle/Pedestrian,Pedestrian,Crossing in Crosswalk at Intersection,Dry,No Unusual Condition,Daylight,Intersection <= 20ft,0.0,1,1.0,Driver,West,Making Right Turn,Pedestrian,North,Stopped In Road,POINT (-122.44031 37.8003),17.0,4.0,6.0,13.0,13
16325,vw_geo_sfpd_cr_switrs_all_types_col_cty_union.fid-c18a0c2_186644fdb18_-e41,24659,30739000.0,8747103.0,160995515,37.7840018039938,-122.408010251774,SFPD-CROSSROADS,CITY STREET,12/08/2016 07:30:00 AM,2016 December 08,07:30:00,2016,December,Thursday,MARKET ST,05TH ST,19.0,Raining,Injury (Complaint of Pain),Head-On,Pedestrian,Crossing in Crosswalk at Intersection,Wet,No Unusual Condition,Daylight,Intersection <= 20ft,0.0,1,2.0,Driver,East,Making Left Turn,Pedestrian,North,Proceeding Straight,POINT (-122.40801 37.784),32.0,5.0,10.0,34.0,07
16332,vw_geo_sfpd_cr_switrs_all_types_col_cty_union.fid-c18a0c2_186644fdb18_-1873,47298,24895000.0,,190284946,37.7853882488,-122.408667084,SFPD-INTERIM DB,CITY STREET,04/22/2019 05:42:00 AM,2019 April 22,05:42:00,2019,April,Monday,ELLIS ST,CYRIL MAGNIN ST,0.0,Clear,Injury (Severe),Vehicle/Pedestrian,Pedestrian,Crossing Not in Crosswalk,Dry,No Unusual Condition,Dark - Street Lights,Intersection <= 20ft,0.0,1,1.0,Pedestrian,North,Not Stated,Driver,West,Making Left Turn,POINT (-122.40867 37.78539),19.0,5.0,10.0,36.0,05
16336,vw_geo_sfpd_cr_switrs_all_types_col_cty_union.fid-c18a0c2_186644fdb18_-110b,47938,24192000.0,490000.0,190659418,37.7706404867,-122.410101882,SFPD-INTERIM DB,CITY STREET,09/04/2019 03:33:00 PM,2019 September 04,15:33:00,2019,September,Wednesday,10TH ST,BRYANT ST,150.0,Clear,Injury (Complaint of Pain),Vehicle/Pedestrian,Pedestrian,Not in Road,Dry,No Unusual Condition,Daylight,Midblock > 20ft,0.0,1,1.0,Driver,West,Entering Traffic,Pedestrian,South,Proceeding Straight,POINT (-122.4101 37.77064),32.0,1.0,10.0,34.0,15
16348,vw_geo_sfpd_cr_switrs_all_types_col_cty_union.fid-c18a0c2_186644fdb18_-196e,40104,27159000.0,530000.0,160464394,37.7595714998906,-122.469220746639,SFPD-CROSSROADS,CITY STREET,06/07/2016 03:21:00 PM,2016 June 07,15:21:00,2016,June,Tuesday,12TH AVE,KIRKHAM ST,218.0,Clear,Injury (Complaint of Pain),Vehicle/Pedestrian,Pedestrian,"In Road, Including Shoulder",Dry,No Unusual Condition,Daylight,Midblock > 20ft,0.0,1,1.0,Driver,North,Backing,Pedestrian,West,Other,POINT (-122.46922 37.75957),109.0,10.0,8.0,14.0,15
16359,vw_geo_sfpd_cr_switrs_all_types_col_cty_union.fid-c18a0c2_186644fdb18_-de9,24827,24929000.0,5060000.0,130046615,37.7840258960451,-122.411859390551,SFPD-CROSSROADS,CITY STREET,01/17/2013 01:18:00 PM,2013 January 17,13:18:00,2013,January,Thursday,EDDY ST,JONES ST,215.0,Clear,Injury (Complaint of Pain),Vehicle/Pedestrian,Pedestrian,Not in Road,Dry,No Unusual Condition,Daylight,Midblock > 20ft,0.0,1,1.0,Driver,North,Entering Traffic,Pedestrian,West,Other,POINT (-122.41186 37.784027),20.0,5.0,10.0,36.0,13
16361,vw_geo_sfpd_cr_switrs_all_types_col_cty_union.fid-c18a0c2_186644fdb18_-1b93,46712,51022999.99999999,9196000.0,190134294,37.7091144067,-122.451759913,SFPD-INTERIM DB,CITY STREET,02/22/2019 07:53:00 PM,2019 February 22,19:53:00,2019,February,Friday,MISSION ST,LAWRENCE AVE,276.0,Clear,Injury (Complaint of Pain),Vehicle/Pedestrian,Pedestrian,Crossing Not in Crosswalk,Dry,No Unusual Condition,Dark - Street Lights,Midblock > 20ft,0.0,1,1.0,Pedestrian,East,Proceeding Straight,Driver,South,Other,POINT (-122.45176 37.709114),58.0,9.0,1.0,7.0,19
16366,vw_geo_sfpd_cr_switrs_all_types_col_cty_union.fid-c18a0c2_186644fdb18_-95d,49871,23917000.0,,190950642,37.7756027628,-122.403076401,SFPD-INTERIM DB,CITY STREET,12/18/2019 06:24:00 PM,2019 December 18,18:24:00,2019,December,Wednesday,BRYANT ST,HARRIET ST,0.0,Raining,Injury (Complaint of Pain),Vehicle/Pedestrian,Pedestrian,Crossing in Crosswalk at Intersection,Wet,No Unusual Condition,Dark - Street Lights,Intersection <= 20ft,0.0,1,1.0,Driver,North,Making Left Turn,Pedestrian,East,Proceeding Straight,POINT (-122.403076 37.775604),32.0,1.0,10.0,34.0,18
16375,vw_geo_sfpd_cr_switrs_all_types_col_cty_union.fid-c18a0c2_186644fdb18_-1687,47401,24140000.0,,190387120,37.7634964348,-122.418483975,SFPD-INTERIM DB,CITY STREET,05/30/2019 02:00:00 AM,2019 May 30,02:00:00,2019,May,Thursday,17TH ST,CAPP ST,0.0,Cloudy,Injury (Complaint of Pain),Sideswipe,Pedestrian,Crossing Not in Crosswalk,Dry,No Unusual Condition,Dark - Street Lights,Intersection <= 20ft,0.0,1,1.0,Pedestrian,South,Proceeding Straight,Driver,West,Proceeding Straight,POINT (-122.41849 37.763496),53.0,3.0,2.0,20.0,02
16377,vw_geo_sfpd_cr_switrs_all_types_col_cty_union.fid-c18a0c2_186644fdb18_-a16,50486,27558000.0,,190930456,37.7799471323,-122.487945906,SFPD-INTERIM DB,CITY STREET,12/10/2019 07:06:00 PM,2019 December 10,19:06:00,2019,December,Tuesday,GEARY BLVD,28TH AVE,0.0,Raining,Injury (Complaint of Pain),Vehicle/Pedestrian,Pedestrian,Crossing in Crosswalk at Intersection,Wet,No Unusual Condition,Dark - Street Lights,Intersection <= 20ft,0.0,1,1.0,Driver,West,Making Right Turn,Pedestrian,West,Proceeding Straight,POINT (-122.487946 37.779945),8.0,8.0,4.0,29.0,19