,id,unique_id,cnn_intrsctn_fkey,cnn_sgmt_fkey,case_id_pkey,tb_latitude,tb_longitude,geocode_source,geocode_location,collision_datetime,collision_date,collision_time,accident_year,month,day_of_week,primary_rd,secondary_rd,distance,weather_1,collision_severity,type_of_collision,mviw,ped_action,road_surface,road_cond_1,lighting,intersection,number_killed,number_injured,party_at_fault,party1_type,party1_dir_of_travel,party1_move_pre_acc,party2_type,party2_dir_of_travel,party2_move_pre_acc,point,Neighborhoods,Current Police Districts,Current Supervisor Districts,Analysis Neighborhoods,hour
16398,vw_geo_sfpd_cr_switrs_all_types_col_cty_union.fid-c18a0c2_186644fdb18_-1c96,46570,24685000.0,3527000.0,190083259,37.7931138177,-122.400706415,SFPD-INTERIM DB,CITY STREET,02/02/2019 07:00:00 PM,2019 February 02,19:00:00,2019,February,Saturday,CALIFORNIA ST,SANSOME ST,123.0,Raining,Injury (Complaint of Pain),Vehicle/Pedestrian,Pedestrian,"In Road, Including Shoulder",Wet,No Unusual Condition,Dark - Street Lights,Midblock > 20ft,0.0,1,1.0,Driver,East,Proceeding Straight,Pedestrian,North,Other,POINT (-122.4007 37.793114),108.0,6.0,3.0,8.0,19
16399,vw_geo_sfpd_cr_switrs_all_types_col_cty_union.fid-c18a0c2_186644fdb18_-1457,36009,25600000.0,7152000.0,130386784,37.8071290924614,-122.420652633182,SFPD-CROSSROADS,CITY STREET,05/11/2013 11:30:00 AM,2013 May 11,11:30:00,2013,May,Saturday,HYDE ST,BEACH ST,174.0,Clear,Injury (Complaint of Pain),Vehicle/Pedestrian,Pedestrian,"In Road, Including Shoulder",Dry,No Unusual Condition,Daylight,Midblock > 20ft,0.0,1,1.0,Driver,South,Proceeding Straight,Pedestrian,North,Other,POINT (-122.420654 37.80713),98.0,6.0,6.0,32.0,11
16404,vw_geo_sfpd_cr_switrs_all_types_col_cty_union.fid-c18a0c2_186644fdb18_-db0,24950,24926000.0,5173000.0,140161247,37.7850487256482,-122.411343727411,SFPD-CROSSROADS,CITY STREET,02/24/2014 04:57:00 AM,2014 February 24,04:57:00,2014,February,Monday,ELLIS ST,TAYLOR ST,60.0,Clear,Injury (Complaint of Pain),Vehicle/Pedestrian,Pedestrian,Crossing Not in Crosswalk,Dry,No Unusual Condition,Dark - Street Lights,Midblock > 20ft,0.0,1,1.0,Pedestrian,South,Other,Driver,West,Proceeding Straight,POINT (-122.41135 37.78505),20.0,5.0,10.0,36.0,04
16413,vw_geo_sfpd_cr_switrs_all_types_col_cty_union.fid-c18a0c2_186644fdb18_-131e,22322,26351000.0,2607000.0,130005003,37.7744711426414,-122.441090923134,SFPD-CROSSROADS,CITY STREET,01/02/2013 05:10:00 PM,2013 January 02,17:10:00,2013,January,Wednesday,BAKER ST,HAYES ST,36.0,Clear,Injury (Other Visible),Vehicle/Pedestrian,Pedestrian,Crossing Not in Crosswalk,Dry,No Unusual Condition,Dusk - Dawn,Midblock > 20ft,0.0,1,1.0,Pedestrian,East,Entering Traffic,Driver,South,Proceeding Straight,POINT (-122.44109 37.77447),24.0,7.0,11.0,9.0,17
16422,vw_geo_sfpd_cr_switrs_all_types_col_cty_union.fid-c18a0c2_186644fdb18_-8ab,48745,25302000.0,,190977254,37.7923832533,-122.421052874,SFPD-INTERIM DB,CITY STREET,12/29/2019 07:10:00 PM,2019 December 29,19:10:00,2019,December,Sunday,POLK ST,CLAY ST,0.0,Raining,Injury (Complaint of Pain),Broadside,Pedestrian,Crossing Not in Crosswalk,Wet,No Unusual Condition,Dark - Street Lights,Intersection <= 20ft,0.0,1,1.0,Pedestrian,East,Entering Traffic,Driver,South,Proceeding Straight,POINT (-122.42105 37.792385),105.0,4.0,3.0,32.0,19
16435,vw_geo_sfpd_cr_switrs_all_types_col_cty_union.fid-c18a0c2_186644fdb18_-16ce,47379,33076000.0,7740000.0,190372842,37.7484836047,-122.401980467,SFPD-INTERIM DB,CITY STREET,05/24/2019 07:15:00 PM,2019 May 24,19:15:00,2019,May,Friday,KANSAS ST,MARIN ST,98.0,Clear,Injury (Complaint of Pain),Sideswipe,Pedestrian,Crossing Not in Crosswalk,Dry,No Unusual Condition,Daylight,Midblock > 20ft,0.0,1,1.0,Driver,South,Proceeding Straight,Pedestrian,East,Proceeding Straight,POINT (-122.40198 37.74848),85.0,2.0,9.0,1.0,19
16437,vw_geo_sfpd_cr_switrs_all_types_col_cty_union.fid-c18a0c2_186644fdb18_-ad6,49847,24354000.0,,190903130,37.771723947,-122.416899819,SFPD-INTERIM DB,CITY STREET,11/30/2019 12:11:00 PM,2019 November 30,12:11:00,2019,November,Saturday,HOWARD ST,12TH ST,0.0,Cloudy,Injury (Complaint of Pain),Vehicle/Pedestrian,Pedestrian,Crossing in Crosswalk at Intersection,Wet,No Unusual Condition,Daylight,Intersection <= 20ft,0.0,1,1.0,Driver,East,Making Right Turn,Pedestrian,North,Proceeding Straight,POINT (-122.4169 37.771725),32.0,1.0,10.0,20.0,12
16441,vw_geo_sfpd_cr_switrs_all_types_col_cty_union.fid-c18a0c2_186644fdb18_-1744,47335,25208000.0,,190350622,37.7877566525,-122.420116076,SFPD-INTERIM DB,CITY STREET,05/16/2019 12:00:00 PM,2019 May 16,12:00:00,2019,May,Thursday,POLK ST,SUTTER ST,0.0,Raining,Injury (Complaint of Pain),Head-On,Pedestrian,Crossing in Crosswalk at Intersection,Wet,Construction or Repair Zone,Daylight,Intersection <= 20ft,0.0,1,1.0,Driver,South,Making Left Turn,Pedestrian,East,Proceeding Straight,POINT (-122.42011 37.787758),50.0,4.0,3.0,21.0,12
16442,vw_geo_sfpd_cr_switrs_all_types_col_cty_union.fid-c18a0c2_186644fdb18_-c3b,49416,24605000.0,,190840413,37.7884421629,-122.400343849,SFPD-INTERIM DB,CITY STREET,11/06/2019 01:45:00 PM,2019 November 06,13:45:00,2019,November,Wednesday,02ND ST,JESSIE ST,0.0,Clear,Injury (Complaint of Pain),Vehicle/Pedestrian,Pedestrian,"In Road, Including Shoulder",Dry,No Unusual Condition,Daylight,Intersection <= 20ft,0.0,1,1.0,Pedestrian,East,Proceeding Straight,Driver,North,Proceeding Straight,POINT (-122.400345 37.78844),108.0,6.0,10.0,8.0,13
16447,vw_geo_sfpd_cr_switrs_all_types_col_cty_union.fid-c18a0c2_186644fdb18_-a36,36577,22495000.0,5408000.0,140836694,37.7140400777839,-122.461135168136,SFPD-CROSSROADS,CITY STREET,10/04/2014 01:25:00 PM,2014 October 04,13:25:00,2014,October,Saturday,FARALLONES ST,ORIZABA AVE,420.0,Clear,Injury (Complaint of Pain),Vehicle/Pedestrian,Pedestrian,Not in Road,Dry,No Unusual Condition,Daylight,Midblock > 20ft,0.0,1,,Driver,North,Backing,Pedestrian,West,Proceeding Straight,POINT (-122.461136 37.71404),81.0,10.0,1.0,24.0,13
16451,vw_geo_sfpd_cr_switrs_all_types_col_cty_union.fid-c18a0c2_186644fdb18_-184a,47010,23375000.0,,190291258,37.7422957932,-122.492836942,SFPD-INTERIM DB,CITY STREET,04/24/2019 09:25:00 AM,2019 April 24,09:25:00,2019,April,Wednesday,TARAVAL ST,35TH AVE,0.0,Clear,Injury (Complaint of Pain),Vehicle/Pedestrian,Pedestrian,Crossing in Crosswalk at Intersection,Dry,No Unusual Condition,Daylight,Intersection <= 20ft,0.0,1,1.0,Driver,West,Making Left Turn,Pedestrian,South,Proceeding Straight,POINT (-122.492836 37.742294),40.0,10.0,7.0,35.0,09
16461,vw_geo_sfpd_cr_switrs_all_types_col_cty_union.fid-c18a0c2_186644fdb18_-1a83,46848,33710000.0,7553000.0,190187691,37.716472588,-122.496531302,SFPD-INTERIM DB,CITY STREET,03/15/2019 06:16:00 PM,2019 March 15,18:16:00,2019,March,Friday,JOHN MUIR DR,SKYLINE BLVD,1450.0,Clear,Fatal,Vehicle/Pedestrian,Pedestrian,Crossing in Crosswalk Not at Intersection,Dry,No Unusual Condition,Daylight,Midblock > 20ft,1.0,1,1.0,Driver,West,Proceeding Straight,Pedestrian,South,Not Stated,POINT (-122.49653 37.716473),43.0,10.0,8.0,16.0,18
16471,vw_geo_sfpd_cr_switrs_all_types_col_cty_union.fid-c18a0c2_186644fdb18_-1eb2,37759,33719000.0,19003000.0,180933454,37.7273694626,-122.476007526,SFPD-INTERIM DB,CITY STREET,12/11/2018 03:00:00 PM,2018 December 11,15:00:00,2018,December,Tuesday,20TH AVE,WINSTON DR,153.0,Clear,Injury (Complaint of Pain),Vehicle/Pedestrian,Pedestrian,Crossing in Crosswalk Not at Intersection,Dry,No Unusual Condition,Daylight,Midblock > 20ft,0.0,1,1.0,Driver,South,Proceeding Straight,Pedestrian,East,Proceeding Straight,POINT (-122.476006 37.72737),41.0,10.0,8.0,16.0,15
16472,vw_geo_sfpd_cr_switrs_all_types_col_cty_union.fid-c18a0c2_186644fdb18_-12b0,22519,26379000.0,5895000.0,130698824,37.7758669512584,-122.445956784865,SFPD-CROSSROADS,CITY STREET,08/22/2013 12:00:00 PM,2013 August 22,12:00:00,2013,August,Thursday,FULTON ST,MASONIC AVE,150.0,Clear,Injury (Other Visible),Vehicle/Pedestrian,Pedestrian,"In Road, Including Shoulder",Dry,No Unusual Condition,Daylight,Midblock > 20ft,0.0,2,1.0,Pedestrian,North,Proceeding Straight,Bicyclist,East,Proceeding Straight,POINT (-122.44595 37.775867),24.0,7.0,11.0,18.0,12
16474,vw_geo_sfpd_cr_switrs_all_types_col_cty_union.fid-c18a0c2_186644fdb18_-e9d,48780,33027000.000000004,,190757824,37.7701114493,-122.420008321,SFPD-INTERIM DB,CITY STREET,10/08/2019 04:02:00 PM,2019 October 08,16:02:00,2019,October,Tuesday,OTIS ST,DUBOCE AVE,0.0,Clear,Injury (Complaint of Pain),Vehicle/Pedestrian,Pedestrian,Crossing in Crosswalk at Intersection,Dry,No Unusual Condition,Daylight,Intersection <= 20ft,0.0,1,1.0,Pedestrian,South,Proceeding Straight,Driver,West,Proceeding Straight,POINT (-122.420006 37.77011),53.0,3.0,2.0,20.0,16
16478,vw_geo_sfpd_cr_switrs_all_types_col_cty_union.fid-c18a0c2_186644fdb18_-e21,24702,30739000.0,,170419016,37.7839914868634,-122.408066547888,SFPD-CROSSROADS,CITY STREET,05/22/2017 10:24:00 AM,2017 May 22,10:24:00,2017,May,Monday,MARKET ST,CYRIL MAGNIN ST,0.0,Clear,Injury (Complaint of Pain),Vehicle/Pedestrian,Pedestrian,Crossing in Crosswalk at Intersection,Dry,No Unusual Condition,Daylight,Intersection <= 20ft,0.0,1,1.0,Pedestrian,East,Not Stated,Driver,North,Proceeding Straight,POINT (-122.408066 37.783993),19.0,5.0,10.0,34.0,10
16492,vw_geo_sfpd_cr_switrs_all_types_col_cty_union.fid-c18a0c2_186644fdb18_-10ef,47940,26101000.0,6374000.0,190662483,37.7538364865,-122.44136057,SFPD-INTERIM DB,CITY STREET,09/05/2019 04:01:00 PM,2019 September 05,16:01:00,2019,September,Thursday,GRAND VIEW AVE,HOFFMAN AVE,150.0,Clear,Injury (Complaint of Pain),Vehicle/Pedestrian,Pedestrian,"In Road, Including Shoulder",Dry,No Unusual Condition,Daylight,Midblock > 20ft,0.0,1,1.0,Driver,South,Backing,Pedestrian,South,Stopped,POINT (-122.44136 37.753838),51.0,3.0,5.0,38.0,16
16495,vw_geo_sfpd_cr_switrs_all_types_col_cty_union.fid-c18a0c2_186644fdb18_-1b08,46779,25089000.0,,190161673,37.7906727839,-122.412266187,SFPD-INTERIM DB,CITY STREET,03/05/2019 06:28:00 PM,2019 March 05,18:28:00,2019,March,Tuesday,PINE ST,TAYLOR ST,0.0,Raining,Injury (Other Visible),Vehicle/Pedestrian,Pedestrian,Crossing in Crosswalk at Intersection,Wet,No Unusual Condition,Dark - Street Lights,Intersection <= 20ft,0.0,1,1.0,Driver,West,Making Left Turn,Pedestrian,North,Entering Traffic,POINT (-122.41227 37.790672),50.0,6.0,3.0,21.0,18
16505,vw_geo_sfpd_cr_switrs_all_types_col_cty_union.fid-c18a0c2_186644fdb18_-122b,47872,24022000.0,,190605342,37.7657832988,-122.40753423,SFPD-INTERIM DB,CITY STREET,08/17/2019 04:22:00 AM,2019 August 17,04:22:00,2019,August,Saturday,16TH ST,POTRERO AVE,0.0,Clear,Injury (Other Visible),Vehicle/Pedestrian,Pedestrian,Crossing in Crosswalk at Intersection,Dry,No Unusual Condition,Dark - Street Lights,Intersection <= 20ft,0.0,1,,Driver,North,Making Left Turn,Pedestrian,West,Proceeding Straight,POINT (-122.40753 37.76578),54.0,3.0,9.0,20.0,04
16510,vw_geo_sfpd_cr_switrs_all_types_col_cty_union.fid-c18a0c2_186644fdb18_-1b7a,46729,27687000.0,1711000.0,190143574,37.7569909958,-122.490638646,SFPD-INTERIM DB,CITY STREET,02/26/2019 03:15:00 PM,2019 February 26,15:15:00,2019,February,Tuesday,32ND AVE,LAWTON ST,132.0,Raining,Injury (Other Visible),Vehicle/Pedestrian,Pedestrian,Crossing Not in Crosswalk,Wet,No Unusual Condition,Daylight,Midblock > 20ft,0.0,1,1.0,Driver,South,Backing,Pedestrian,West,Other,POINT (-122.49064 37.756992),39.0,10.0,7.0,35.0,15
16513,vw_geo_sfpd_cr_switrs_all_types_col_cty_union.fid-c18a0c2_186644fdb18_-1172,23066,50070000.0,10360000.0,160647039,37.7817943396721,-122.39725534495,SFPD-CROSSROADS,CITY STREET,08/11/2016 09:20:00 AM,2016 August 11,09:20:00,2016,August,Thursday,PERRY ST,03RD ST,168.0,Clear,Injury (Complaint of Pain),Vehicle/Pedestrian,Pedestrian,Not in Road,Dry,No Unusual Condition,Daylight,Midblock > 20ft,0.0,2,1.0,Driver,East,Backing,Pedestrian,East,Other,POINT (-122.397255 37.781796),32.0,1.0,10.0,34.0,09
16514,vw_geo_sfpd_cr_switrs_all_types_col_cty_union.fid-c18a0c2_186644fdb18_-f8a,48084,23399000.0,,190719971,37.7499900798,-122.48799608,SFPD-INTERIM DB,CITY STREET,09/25/2019 07:50:00 PM,2019 September 25,19:50:00,2019,September,Wednesday,PACHECO ST,30TH AVE,0.0,Clear,Injury (Complaint of Pain),Vehicle/Pedestrian,Pedestrian,Crossing in Crosswalk at Intersection,Dry,No Unusual Condition,Dark - Street Lights,Intersection <= 20ft,0.0,1,1.0,Driver,East,Making Left Turn,Pedestrian,North,Proceeding Straight,POINT (-122.488 37.74999),39.0,10.0,7.0,35.0,19
16518,vw_geo_sfpd_cr_switrs_all_types_col_cty_union.fid-c18a0c2_186644fdb18_-1c0c,46641,24918000.0,,190107144,37.7882931938,-122.40840155,SFPD-INTERIM DB,CITY STREET,02/12/2019 01:34:00 PM,2019 February 12,13:34:00,2019,February,Tuesday,POWELL ST,POST ST,0.0,Cloudy,Injury (Complaint of Pain),Sideswipe,Pedestrian,"In Road, Including Shoulder",Dry,No Unusual Condition,Daylight,Intersection <= 20ft,0.0,1,1.0,Pedestrian,West,Proceeding Straight,Driver,North,Proceeding Straight,POINT (-122.4084 37.788292),19.0,6.0,3.0,8.0,13
16523,vw_geo_sfpd_cr_switrs_all_types_col_cty_union.fid-c18a0c2_186644fdb18_-14b6,43473,27284000.0,,180694264,37.7810189216,-122.46427917,SFPD-INTERIM DB,CITY STREET,09/13/2018 02:06:00 PM,2018 September 13,14:06:00,2018,September,Thursday,06TH AVE,GEARY BLVD,0.0,Clear,Injury (Other Visible),Vehicle/Pedestrian,Pedestrian,Crossing in Crosswalk at Intersection,Dry,No Unusual Condition,Daylight,Intersection <= 20ft,0.0,1,1.0,Driver,South,Making Left Turn,Pedestrian,North,Proceeding Straight,POINT (-122.46428 37.781017),5.0,8.0,4.0,11.0,14
16535,vw_geo_sfpd_cr_switrs_all_types_col_cty_union.fid-c18a0c2_186644fdb18_-1c71,46587,51560000.0,10544000.0,190085716,37.7790777641,-122.51218342,SFPD-INTERIM DB,CITY STREET,02/03/2019 07:16:00 PM,2019 February 03,19:16:00,2019,February,Sunday,POINT LOBOS AVE,MERRIE WAY,252.0,Cloudy,Injury (Severe),Vehicle/Pedestrian,Pedestrian,Crossing in Crosswalk Not at Intersection,Dry,No Unusual Condition,Dark - Street Lights,Midblock > 20ft,0.0,2,1.0,Driver,West,Proceeding Straight,Driver,West,Stopped,POINT (-122.512184 37.77908),6.0,8.0,4.0,29.0,19
16538,vw_geo_sfpd_cr_switrs_all_types_col_cty_union.fid-c18a0c2_186644fdb18_-1e47,39040,23179000.0,12392000.0,180959864,37.7431485929,-122.473439431,SFPD-INTERIM DB,CITY STREET,12/21/2018 12:45:00 PM,2018 December 21,12:45:00,2018,December,Friday,TARAVAL ST,17TH AVE,33.0,Cloudy,Injury (Severe),Vehicle/Pedestrian,Pedestrian,Crossing Not in Crosswalk,Wet,No Unusual Condition,Daylight,Midblock > 20ft,0.0,1,1.0,Pedestrian,North,Proceeding Straight,Driver,East,Making Left Turn,POINT (-122.47344 37.74315),44.0,10.0,8.0,41.0,12
16542,vw_geo_sfpd_cr_switrs_all_types_col_cty_union.fid-c18a0c2_186644fdb18_-136f,47783,26621000.0,,190542142,37.7833084874,-122.439480382,SFPD-INTERIM DB,CITY STREET,07/26/2019 08:20:00 AM,2019 July 26,08:20:00,2019,July,Friday,GEARY BLVD,DIVISADERO ST,0.0,Clear,Injury (Severe),Vehicle/Pedestrian,Pedestrian,Crossing in Crosswalk at Intersection,Dry,No Unusual Condition,Daylight,Intersection <= 20ft,0.0,2,1.0,Pedestrian,North,Proceeding Straight,Driver,East,Proceeding Straight,POINT (-122.43948 37.78331),103.0,4.0,11.0,15.0,08
16564,vw_geo_sfpd_cr_switrs_all_types_col_cty_union.fid-c18a0c2_186644fdb18_-7aa,27853,25174000.0,3441000.0,160471543,37.7891494820007,-122.416708508208,SFPD-CROSSROADS,CITY STREET,06/10/2016 03:18:00 AM,2016 June 10,03:18:00,2016,June,Friday,BUSH ST,HYDE ST,90.0,Clear,Injury (Other Visible),Vehicle/Pedestrian,Pedestrian,Crossing Not in Crosswalk,Dry,No Unusual Condition,Dark - Street Lights,Midblock > 20ft,0.0,1,1.0,Pedestrian,South,Proceeding Straight,Driver,East,Proceeding Straight,POINT (-122.41671 37.78915),50.0,6.0,3.0,21.0,03
16568,vw_geo_sfpd_cr_switrs_all_types_col_cty_union.fid-c18a0c2_186644fdb18_-1c60,17405,54188000.0,13057001.0,140580647,37.7677241426435,-122.422158826881,SFPD-CROSSROADS,CITY STREET,07/13/2014 03:03:00 AM,2014 July 13,03:03:00,2014,July,Sunday,VALENCIA ST,14TH ST,152.0,Cloudy,Injury (Other Visible),Vehicle/Pedestrian,Pedestrian,"In Road, Including Shoulder",Wet,No Unusual Condition,Dark - Street Lights,Midblock > 20ft,0.0,1,1.0,Pedestrian,North,Other Unsafe Turning,Driver,North,Proceeding Straight,POINT (-122.42216 37.767723),37.0,3.0,5.0,20.0,03
16577,vw_geo_sfpd_cr_switrs_all_types_col_cty_union.fid-c18a0c2_186644fdb18_-bc8,25840,24645000.0,,170889704,37.7879630907635,-122.403491774895,SFPD-CROSSROADS,CITY STREET,10/31/2017 11:55:00 AM,2017 October 31,11:55:00,2017,October,Tuesday,GEARY ST,KEARNY ST,0.0,Clear,Injury (Complaint of Pain),Broadside,Pedestrian,Crossing in Crosswalk at Intersection,Dry,No Unusual Condition,Daylight,Intersection <= 20ft,0.0,1,1.0,Driver,West,Making Right Turn,Pedestrian,North,Proceeding Straight,POINT (-122.40349 37.787964),19.0,6.0,3.0,8.0,11
16581,vw_geo_sfpd_cr_switrs_all_types_col_cty_union.fid-c18a0c2_186644fdb18_-a31,36583,21596000.0,10516000.0,150391058,37.7151657444001,-122.456074256323,SFPD-CROSSROADS,CITY STREET,05/05/2015 03:54:00 PM,2015 May 05,15:54:00,2015,May,Tuesday,PLYMOUTH AVE,LOBOS ST,95.0,Clear,Injury (Other Visible),Vehicle/Pedestrian,Pedestrian,Crossing Not in Crosswalk,Dry,No Unusual Condition,Daylight,Midblock > 20ft,0.0,1,1.0,Pedestrian,West,Entering Traffic,Driver,South,Proceeding Straight,POINT (-122.45608 37.715164),81.0,10.0,1.0,24.0,15
16596,vw_geo_sfpd_cr_switrs_all_types_col_cty_union.fid-c18a0c2_186644fdb18_-194b,46958,24897000.0,,190245017,37.7843492694,-122.409309181,SFPD-INTERIM DB,CITY STREET,04/06/2019 10:42:00 PM,2019 April 06,22:42:00,2019,April,Saturday,EDDY ST,MASON ST,0.0,Clear,Injury (Complaint of Pain),Head-On,Pedestrian,Crossing in Crosswalk at Intersection,Dry,No Unusual Condition,Dark - Street Lights,Intersection <= 20ft,0.0,1,1.0,Driver,East,Making Left Turn,Pedestrian,North,Other,POINT (-122.40931 37.784348),20.0,5.0,10.0,36.0,22
16597,vw_geo_sfpd_cr_switrs_all_types_col_cty_union.fid-c18a0c2_186644fdb18_-e85,24514,24934000.0,12719000.0,140905578,37.782790164631,-122.414087296072,SFPD-CROSSROADS,CITY STREET,10/26/2014 03:33:00 AM,2014 October 26,03:33:00,2014,October,Sunday,TURK ST,LEAVENWORTH ST,10.0,Clear,Injury (Complaint of Pain),Vehicle/Pedestrian,Pedestrian,Crossing in Crosswalk at Intersection,Dry,No Unusual Condition,Dark - Street Lights,Intersection <= 20ft,0.0,1,1.0,Pedestrian,South,Other,Driver,West,Proceeding Straight,POINT (-122.414085 37.78279),20.0,5.0,10.0,36.0,03
16600,vw_geo_sfpd_cr_switrs_all_types_col_cty_union.fid-c18a0c2_186644fdb18_-1468,44031,27553000.0,,140148295,37.7800925822621,-122.484732261494,SFPD-CROSSROADS,CITY STREET,02/19/2014 03:56:00 PM,2014 February 19,15:56:00,2014,February,Wednesday,GEARY BLVD,25TH AVE,0.0,Clear,Injury (Complaint of Pain),Vehicle/Pedestrian,Pedestrian,Crossing in Crosswalk at Intersection,Dry,No Unusual Condition,Daylight,Intersection <= 20ft,0.0,1,1.0,Driver,West,Making Left Turn,Pedestrian,South,Other,POINT (-122.48473 37.780094),8.0,8.0,4.0,29.0,15
16615,vw_geo_sfpd_cr_switrs_all_types_col_cty_union.fid-c18a0c2_186644fdb18_-1bd2,46673,33183000.0,11374000.0,190117137,37.7306234511,-122.404832528,SFPD-INTERIM DB,CITY STREET,02/16/2019 12:10:00 PM,2019 February 16,12:10:00,2019,February,Saturday,SAN BRUNO AVE,THORNTON AVE,117.0,Cloudy,Injury (Complaint of Pain),Broadside,Pedestrian,Crossing Not in Crosswalk,Dry,No Unusual Condition,Daylight,Midblock > 20ft,0.0,1,1.0,Pedestrian,South,Proceeding Straight,Driver,South,Making Right Turn,POINT (-122.40483 37.730625),91.0,2.0,2.0,25.0,12
16618,vw_geo_sfpd_cr_switrs_all_types_col_cty_union.fid-c18a0c2_186644fdb18_-ac0,50392,21703000.0,,190906532,37.7307421735,-122.429304397,SFPD-INTERIM DB,CITY STREET,12/02/2019 01:00:00 AM,2019 December 02,01:00:00,2019,December,Monday,MISSION ST,TRUMBULL ST,0.0,Raining,Injury (Severe),Vehicle/Pedestrian,Pedestrian,"In Road, Including Shoulder",Wet,No Unusual Condition,Dark - Street Lights,Intersection <= 20ft,0.0,1,1.0,Pedestrian,South,Other,Driver,South,Proceeding Straight,POINT (-122.429306 37.730743),94.0,9.0,1.0,28.0,01
16621,vw_geo_sfpd_cr_switrs_all_types_col_cty_union.fid-c18a0c2_186644fdb18_-1440,48558,23908000.0,,190500087,37.7790321342,-122.401843274,SFPD-INTERIM DB,CITY STREET,07/10/2019 07:11:00 PM,2019 July 10,19:11:00,2019,July,Wednesday,05TH ST,HARRISON ST,0.0,Clear,Injury (Severe),Head-On,Pedestrian,Crossing Not in Crosswalk,Dry,No Unusual Condition,Daylight,Intersection <= 20ft,0.0,2,1.0,Pedestrian,West,Proceeding Straight,Driver,North,Proceeding Straight,POINT (-122.40184 37.779034),32.0,1.0,10.0,34.0,19
16623,vw_geo_sfpd_cr_switrs_all_types_col_cty_union.fid-c18a0c2_186644fdb18_-1c91,46574,25174000.0,,190083384,37.7891101758,-122.417016878,SFPD-INTERIM DB,CITY STREET,02/02/2019 07:52:00 PM,2019 February 02,19:52:00,2019,February,Saturday,BUSH ST,HYDE ST,0.0,Raining,Injury (Other Visible),Vehicle/Pedestrian,Pedestrian,Crossing Not in Crosswalk,Wet,No Unusual Condition,Dark - Street Lights,Intersection <= 20ft,0.0,1,1.0,Pedestrian,North,Entering Traffic,Driver,East,Proceeding Straight,POINT (-122.417015 37.78911),50.0,6.0,3.0,21.0,19
16626,vw_geo_sfpd_cr_switrs_all_types_col_cty_union.fid-c18a0c2_186644fdb18_-1c56,46605,20489000.0,,190091503,37.7254756503,-122.394243493,SFPD-INTERIM DB,CITY STREET,02/06/2019 07:35:00 AM,2019 February 06,07:35:00,2019,February,Wednesday,CARROLL AVE,03RD ST,0.0,Clear,Injury (Complaint of Pain),Vehicle/Pedestrian,Pedestrian,Crossing Not in Crosswalk,Dry,No Unusual Condition,Daylight,Intersection <= 20ft,0.0,1,,Driver,East,Proceeding Straight,Pedestrian,South,Entering Traffic,POINT (-122.39424 37.725475),86.0,2.0,9.0,1.0,07
16631,vw_geo_sfpd_cr_switrs_all_types_col_cty_union.fid-c18a0c2_186644fdb18_-1df7,20651,30746000.000000004,8753201.0,170731553,37.7770028691022,-122.416983366143,SFPD-CROSSROADS,CITY STREET,09/07/2017 05:00:00 PM,2017 September 07,17:00:00,2017,September,Thursday,MARKET ST,10TH ST,225.0,Cloudy,Injury (Complaint of Pain),Vehicle/Pedestrian,Pedestrian,Crossing Not in Crosswalk,Dry,No Unusual Condition,Daylight,Midblock > 20ft,0.0,1,1.0,Pedestrian,North,Not Stated,Driver,East,Proceeding Straight,POINT (-122.416985 37.777004),21.0,5.0,10.0,36.0,17
16644,vw_geo_sfpd_cr_switrs_all_types_col_cty_union.fid-c18a0c2_186644fdb18_-df8,3713,20908000.000000004,,160801310,37.7312550972079,-122.409478165915,SFPD-CROSSROADS,CITY STREET,10/02/2016 05:50:00 PM,2016 October 02,17:50:00,2016,October,Sunday,SILVER AVE,SOMERSET ST,0.0,Clear,Injury (Severe),Vehicle/Pedestrian,Pedestrian,Crossing in Crosswalk at Intersection,Dry,No Unusual Condition,Daylight,Intersection <= 20ft,0.0,1,1.0,Driver,West,Proceeding Straight,Pedestrian,South,Not Stated,POINT (-122.40948 37.731255),91.0,2.0,2.0,25.0,17
16652,vw_geo_sfpd_cr_switrs_all_types_col_cty_union.fid-c18a0c2_186644fdb18_-1d46,23013,24490000.0,3280000.0,150147265,37.7830760996742,-122.393620296674,SFPD-CROSSROADS,CITY STREET,02/17/2015 04:09:00 PM,2015 February 17,16:09:00,2015,February,Tuesday,BRYANT ST,02ND ST,1.0,Cloudy,Injury (Complaint of Pain),Vehicle/Pedestrian,Pedestrian,Crossing Not in Crosswalk,Dry,No Unusual Condition,Daylight,Intersection <= 20ft,0.0,1,1.0,Driver,East,Proceeding Straight,Pedestrian,South,Proceeding Straight,POINT (-122.39362 37.783077),32.0,1.0,10.0,8.0,16
16654,vw_geo_sfpd_cr_switrs_all_types_col_cty_union.fid-c18a0c2_186644fdb18_-a8d,49061,21379000.0,,190915583,37.712766597,-122.431927236,SFPD-INTERIM DB,CITY STREET,12/05/2019 08:14:00 AM,2019 December 05,08:14:00,2019,December,Thursday,GENEVA AVE,PRAGUE ST,0.0,Cloudy,Injury (Complaint of Pain),Vehicle/Pedestrian,Pedestrian,Crossing in Crosswalk at Intersection,Dry,No Unusual Condition,Daylight,Intersection <= 20ft,0.0,1,1.0,Driver,East,Proceeding Straight,Pedestrian,North,Proceeding Straight,POINT (-122.43193 37.712765),58.0,9.0,1.0,7.0,08
16657,vw_geo_sfpd_cr_switrs_all_types_col_cty_union.fid-c18a0c2_186644fdb18_-f18,48700,23023000.0,,190735751,37.7216606043,-122.4719834,SFPD-INTERIM DB,CITY STREET,10/01/2019 08:00:00 AM,2019 October 01,08:00:00,2019,October,Tuesday,HOLLOWAY AVE,JUNIPERO SERRA BLVD,0.0,Clear,Injury (Complaint of Pain),Vehicle/Pedestrian,Pedestrian,Crossing in Crosswalk at Intersection,Dry,No Unusual Condition,Daylight,Intersection <= 20ft,0.0,1,1.0,Pedestrian,West,Proceeding Straight,Driver,South,Proceeding Straight,POINT (-122.471985 37.72166),64.0,10.0,1.0,24.0,08