,id,unique_id,cnn_intrsctn_fkey,cnn_sgmt_fkey,case_id_pkey,tb_latitude,tb_longitude,geocode_source,geocode_location,collision_datetime,collision_date,collision_time,accident_year,month,day_of_week,primary_rd,secondary_rd,distance,weather_1,collision_severity,type_of_collision,mviw,ped_action,road_surface,road_cond_1,lighting,intersection,number_killed,number_injured,party_at_fault,party1_type,party1_dir_of_travel,party1_move_pre_acc,party2_type,party2_dir_of_travel,party2_move_pre_acc,point,Neighborhoods,Current Police Districts,Current Supervisor Districts,Analysis Neighborhoods,hour
16671,vw_geo_sfpd_cr_switrs_all_types_col_cty_union.fid-c18a0c2_186644fdb18_-946,50440,23182000.0,,190953276,37.7430966143,-122.47462383,SFPD-INTERIM DB,CITY STREET,12/19/2019 06:50:00 PM,2019 December 19,18:50:00,2019,December,Thursday,TARAVAL ST,18TH AVE,0.0,Clear,Injury (Complaint of Pain),Vehicle/Pedestrian,Pedestrian,Crossing in Crosswalk at Intersection,Dry,No Unusual Condition,Dark - Street Lights,Intersection <= 20ft,0.0,1,1.0,Driver,South,Making Right Turn,Pedestrian,East,Proceeding Straight,POINT (-122.474625 37.743095),46.0,10.0,8.0,41.0,18
16677,vw_geo_sfpd_cr_switrs_all_types_col_cty_union.fid-c18a0c2_186644fdb18_-1264,50492,25973000.0,5542000.0,190594591,37.7803607799,-122.432112979,SFPD-INTERIM DB,CITY STREET,08/13/2019 04:17:00 PM,2019 August 13,16:17:00,2019,August,Tuesday,FILLMORE ST,TURK ST,50.0,Clear,Injury (Complaint of Pain),Sideswipe,Pedestrian,Crossing Not in Crosswalk,Dry,No Unusual Condition,Daylight,Midblock > 20ft,0.0,1,,Pedestrian,West,Proceeding Straight,Driver,North,Proceeding Straight,POINT (-122.43211 37.78036),97.0,4.0,11.0,39.0,16
16683,vw_geo_sfpd_cr_switrs_all_types_col_cty_union.fid-c18a0c2_186644fdb18_-181e,46335,20664000.0,10223000.0,190299155,37.7350349097,-122.392770299,SFPD-INTERIM DB,CITY STREET,04/27/2019 08:28:00 AM,2019 April 27,08:28:00,2019,April,Saturday,PALOU AVE,NEWHALL ST,2.0,Clear,Injury (Complaint of Pain),Vehicle/Pedestrian,Pedestrian,Crossing Not in Crosswalk,Dry,No Unusual Condition,Daylight,Intersection <= 20ft,0.0,1,1.0,Driver,West,Stopped,Pedestrian,North,Proceeding Straight,POINT (-122.39277 37.735035),87.0,2.0,9.0,1.0,08
16687,vw_geo_sfpd_cr_switrs_all_types_col_cty_union.fid-c18a0c2_186644fdb18_-144d,21678,25942000.0,6268000.0,131092643,37.7806088443584,-122.42375278398,SFPD-CROSSROADS,CITY STREET,12/29/2013 03:00:00 PM,2013 December 29,15:00:00,2013,December,Sunday,GOLDEN GATE AVE,GOUGH ST,6.0,Clear,Injury (Other Visible),Vehicle/Pedestrian,Pedestrian,Crossing in Crosswalk at Intersection,Dry,No Unusual Condition,Daylight,Intersection <= 20ft,0.0,1,1.0,Driver,East,Proceeding Straight,Pedestrian,South,Other,POINT (-122.42375 37.78061),100.0,4.0,11.0,39.0,15
16688,vw_geo_sfpd_cr_switrs_all_types_col_cty_union.fid-c18a0c2_186644fdb18_-1972,51160,27487000.0,,190233335,37.7805285349,-122.475083581,SFPD-INTERIM DB,CITY STREET,04/02/2019 08:30:00 PM,2019 April 02,20:30:00,2019,April,Tuesday,GEARY BLVD,16TH AVE,0.0,Raining,Injury (Severe),Vehicle/Pedestrian,Pedestrian,Crossing Not in Crosswalk,Wet,No Unusual Condition,Dark - Street Lights,Intersection <= 20ft,0.0,1,1.0,Pedestrian,North,Other,Driver,West,Proceeding Straight,POINT (-122.47508 37.78053),5.0,8.0,4.0,29.0,20
16690,vw_geo_sfpd_cr_switrs_all_types_col_cty_union.fid-c18a0c2_186644fdb18_-14c4,47177,24444000.0,,190469706,37.7742943981,-122.420759893,SFPD-INTERIM DB,CITY STREET,06/29/2019 12:11:00 PM,2019 June 29,12:11:00,2019,June,Saturday,FRANKLIN ST,PAGE ST,0.0,Clear,Injury (Other Visible),Vehicle/Pedestrian,Pedestrian,Crossing in Crosswalk at Intersection,Dry,No Unusual Condition,Daylight,Intersection <= 20ft,0.0,1,1.0,Driver,North,Making Right Turn,Pedestrian,East,Proceeding Straight,POINT (-122.42076 37.774296),21.0,4.0,11.0,9.0,12
16695,vw_geo_sfpd_cr_switrs_all_types_col_cty_union.fid-c18a0c2_186644fdb18_-834,27546,24671000.0,10455000.0,140893321,37.7922379818476,-122.399919526974,SFPD-CROSSROADS,CITY STREET,10/22/2014 09:00:00 AM,2014 October 22,09:00:00,2014,October,Wednesday,PINE ST,BATTERY ST,46.0,Clear,Injury (Complaint of Pain),Vehicle/Pedestrian,Pedestrian,Crossing Not in Crosswalk,Dry,No Unusual Condition,Daylight,Midblock > 20ft,0.0,1,1.0,Pedestrian,North,Proceeding Straight,Driver,West,Proceeding Straight,POINT (-122.39992 37.792236),108.0,6.0,3.0,8.0,09
16705,vw_geo_sfpd_cr_switrs_all_types_col_cty_union.fid-c18a0c2_186644fdb18_-e3d,50269,25878000.0,594000.0,190769192,37.7677371496,-122.428626165,SFPD-INTERIM DB,CITY STREET,10/12/2019 02:45:00 PM,2019 October 12,14:45:00,2019,October,Saturday,14TH ST,MARKET ST,9.0,Clear,Injury (Complaint of Pain),Vehicle/Pedestrian,Pedestrian,Crossing in Crosswalk at Intersection,Dry,No Unusual Condition,Daylight,Intersection <= 20ft,0.0,1,1.0,Pedestrian,North,Proceeding Straight,Driver,East,Entering Traffic,POINT (-122.42863 37.76774),37.0,3.0,5.0,5.0,14
16714,vw_geo_sfpd_cr_switrs_all_types_col_cty_union.fid-c18a0c2_186644fdb18_-1a2b,46890,30742000.0,8751201.0,190205958,37.7804637547,-122.412586048,SFPD-INTERIM DB,CITY STREET,03/22/2019 10:04:00 PM,2019 March 22,22:04:00,2019,March,Friday,MARKET ST,CHARLES J BRENHAM PL,22.0,Raining,Injury (Other Visible),Vehicle/Pedestrian,Pedestrian,Crossing Not in Crosswalk,Wet,No Unusual Condition,Dark - Street Lights,Midblock > 20ft,0.0,1,1.0,Pedestrian,South,Other,Driver,West,Proceeding Straight,POINT (-122.41258 37.780464),21.0,5.0,10.0,34.0,22
16723,vw_geo_sfpd_cr_switrs_all_types_col_cty_union.fid-c18a0c2_186644fdb18_-1155,48299,25924000.0,,190644447,37.7748579499,-122.427630999,SFPD-INTERIM DB,CITY STREET,08/30/2019 01:59:00 PM,2019 August 30,13:59:00,2019,August,Friday,BUCHANAN ST,HICKORY ST,0.0,Clear,Injury (Other Visible),Vehicle/Pedestrian,Pedestrian,Crossing Not in Crosswalk,Dry,No Unusual Condition,Daylight,Intersection <= 20ft,0.0,1,1.0,Driver,North,Making Left Turn,Pedestrian,West,Proceeding Straight,POINT (-122.42763 37.774857),22.0,4.0,11.0,9.0,13
16734,vw_geo_sfpd_cr_switrs_all_types_col_cty_union.fid-c18a0c2_186644fdb18_-1356,47798,24933000.0,,190548811,37.7825850335,-122.415693872,SFPD-INTERIM DB,CITY STREET,07/28/2019 03:34:00 PM,2019 July 28,15:34:00,2019,July,Sunday,TURK ST,HYDE ST,0.0,Clear,Injury (Complaint of Pain),Vehicle/Pedestrian,Pedestrian,Crossing in Crosswalk at Intersection,Dry,No Unusual Condition,Daylight,Intersection <= 20ft,0.0,1,1.0,Pedestrian,East,Proceeding Straight,Driver,West,Making Left Turn,POINT (-122.415695 37.782585),20.0,5.0,10.0,36.0,15
16736,vw_geo_sfpd_cr_switrs_all_types_col_cty_union.fid-c18a0c2_186644fdb18_-11f9,46441,25154000.0,,190027144,37.78651982,-122.414806648,SFPD-INTERIM DB,CITY STREET,01/11/2019 04:27:00 PM,2019 January 11,16:27:00,2019,January,Friday,GEARY ST,LEAVENWORTH ST,0.0,Raining,Injury (Complaint of Pain),Vehicle/Pedestrian,Pedestrian,Crossing in Crosswalk at Intersection,Wet,No Unusual Condition,Dusk - Dawn,Intersection <= 20ft,0.0,1,1.0,Driver,West,Making Left Turn,Pedestrian,South,Proceeding Straight,POINT (-122.41481 37.78652),20.0,6.0,10.0,36.0,16
16740,vw_geo_sfpd_cr_switrs_all_types_col_cty_union.fid-c18a0c2_186644fdb18_-996,49423,25995000.0,,190942730,37.7728292478,-122.43228011,SFPD-INTERIM DB,CITY STREET,12/15/2019 05:21:00 PM,2019 December 15,17:21:00,2019,December,Sunday,STEINER ST,PAGE ST,0.0,Clear,Injury (Severe),Vehicle/Pedestrian,Pedestrian,Crossing in Crosswalk at Intersection,Dry,No Unusual Condition,Dark - Street Lights,Intersection <= 20ft,0.0,1,1.0,Driver,South,Proceeding Straight,Pedestrian,East,Proceeding Straight,POINT (-122.43228 37.77283),26.0,4.0,11.0,9.0,17
16748,vw_geo_sfpd_cr_switrs_all_types_col_cty_union.fid-c18a0c2_186644fdb18_-1c80,17362,24372000.0,9113000.0,130059903,37.768278156395,-122.41998180717,SFPD-CROSSROADS,CITY STREET,01/22/2013 09:18:00 AM,2013 January 22,09:18:00,2013,January,Tuesday,MISSION ST,14TH ST,2.0,Clear,Injury (Other Visible),Vehicle/Pedestrian,Pedestrian,Crossing in Crosswalk at Intersection,Dry,No Unusual Condition,Daylight,Intersection <= 20ft,0.0,1,1.0,Pedestrian,East,Proceeding Straight,Driver,South,Proceeding Straight,POINT (-122.41998 37.76828),53.0,3.0,2.0,20.0,09
16751,vw_geo_sfpd_cr_switrs_all_types_col_cty_union.fid-c18a0c2_186644fdb18_-fe9,48383,23616000.0,1235000.0,190702879,37.7552880304,-122.389691761,SFPD-INTERIM DB,CITY STREET,09/19/2019 11:31:00 PM,2019 September 19,23:31:00,2019,September,Thursday,23RD ST,MINNESOTA ST,86.0,Clear,Injury (Complaint of Pain),Vehicle/Pedestrian,Pedestrian,"In Road, Including Shoulder",Dry,No Unusual Condition,Dark - Street Lights,Midblock > 20ft,0.0,1,1.0,Pedestrian,North,Stopped,Driver,East,Proceeding Straight,POINT (-122.389694 37.755287),56.0,2.0,9.0,26.0,23
16753,vw_geo_sfpd_cr_switrs_all_types_col_cty_union.fid-c18a0c2_186644fdb18_-186f,47002,30710000.0,4297000.0,190285160,37.8011161149,-122.411363231,SFPD-INTERIM DB,CITY STREET,04/22/2019 08:35:00 AM,2019 April 22,08:35:00,2019,April,Monday,COLUMBUS AVE,FILBERT ST,5.0,Clear,Injury (Complaint of Pain),Vehicle/Pedestrian,Pedestrian,Crossing in Crosswalk at Intersection,Dry,No Unusual Condition,Daylight,Intersection <= 20ft,0.0,1,1.0,Driver,South,Making Left Turn,Pedestrian,East,Not Stated,POINT (-122.41136 37.801117),106.0,6.0,3.0,23.0,08
16764,vw_geo_sfpd_cr_switrs_all_types_col_cty_union.fid-c18a0c2_186644fdb18_-1800,19874,26345000.0,8852000.0,150331327,37.7721949630846,-122.445739916938,SFPD-CROSSROADS,CITY STREET,04/16/2015 09:45:00 AM,2015 April 16,09:45:00,2015,April,Thursday,MASONIC AVE,OAK ST,42.0,Clear,Injury (Other Visible),Vehicle/Pedestrian,Pedestrian,Crossing Not in Crosswalk,Dry,No Unusual Condition,Daylight,Midblock > 20ft,0.0,1,1.0,Pedestrian,East,Proceeding Straight,Driver,North,Proceeding Straight,POINT (-122.44574 37.772194),24.0,7.0,11.0,12.0,09
16769,vw_geo_sfpd_cr_switrs_all_types_col_cty_union.fid-c18a0c2_186644fdb18_-116b,48294,24532000.0,,190636472,37.7885359312,-122.396034765,SFPD-INTERIM DB,CITY STREET,08/27/2019 07:01:00 PM,2019 August 27,19:01:00,2019,August,Tuesday,01ST ST,HOWARD ST,0.0,Clear,Injury (Complaint of Pain),Vehicle/Pedestrian,Pedestrian,Crossing in Crosswalk at Intersection,Dry,No Unusual Condition,Daylight,Intersection <= 20ft,0.0,1,1.0,Driver,South,Proceeding Straight,Pedestrian,East,Proceeding Straight,POINT (-122.396034 37.788536),32.0,1.0,10.0,8.0,19
16775,vw_geo_sfpd_cr_switrs_all_types_col_cty_union.fid-c18a0c2_186644fdb18_-1738,47067,23797000.0,,190352850,37.7757873155,-122.393355125,SFPD-INTERIM DB,CITY STREET,05/17/2019 10:22:00 AM,2019 May 17,10:22:00,2019,May,Friday,04TH ST,BERRY ST,0.0,Clear,Injury (Complaint of Pain),Vehicle/Pedestrian,Pedestrian,Crossing in Crosswalk at Intersection,Dry,No Unusual Condition,Daylight,Intersection <= 20ft,0.0,1,1.0,Pedestrian,East,Proceeding Straight,Driver,North,Proceeding Straight,POINT (-122.39336 37.775787),34.0,1.0,10.0,4.0,10
16779,vw_geo_sfpd_cr_switrs_all_types_col_cty_union.fid-c18a0c2_186644fdb18_-1d34,24036,24635000.0,250000.0,150945730,37.7850708740729,-122.404995842235,SFPD-CROSSROADS,CITY STREET,10/30/2015 02:33:00 PM,2015 October 30,14:33:00,2015,October,Friday,04TH ST,STEVENSON ST,99.0,Clear,Injury (Other Visible),Vehicle/Pedestrian,Pedestrian,Crossing Not in Crosswalk,Dry,No Unusual Condition,Daylight,Midblock > 20ft,0.0,1,1.0,Pedestrian,West,Other,Driver,North,Backing,POINT (-122.405 37.785072),32.0,5.0,10.0,34.0,14
16784,vw_geo_sfpd_cr_switrs_all_types_col_cty_union.fid-c18a0c2_186644fdb18_-18b3,47267,33083000.0,,190267118,37.7481181105,-122.403537293,SFPD-INTERIM DB,CITY STREET,04/15/2019 09:25:00 AM,2019 April 15,09:25:00,2019,April,Monday,MARIN ST,HWY 101 N ON RAMP,0.0,Clear,Injury (Complaint of Pain),Sideswipe,Pedestrian,Crossing in Crosswalk at Intersection,Dry,No Unusual Condition,Daylight,Intersection <= 20ft,0.0,1,1.0,Driver,East,Making Right Turn,Pedestrian,North,Proceeding Straight,POINT (-122.403534 37.74812),85.0,2.0,9.0,1.0,09
16786,vw_geo_sfpd_cr_switrs_all_types_col_cty_union.fid-c18a0c2_186644fdb18_-114b,46417,24917000.0,,190014464,37.7871491436,-122.409874016,SFPD-INTERIM DB,CITY STREET,01/06/2019 05:30:00 PM,2019 January 06,17:30:00,2019,January,Sunday,MASON ST,GEARY ST,0.0,Raining,Injury (Complaint of Pain),Vehicle/Pedestrian,Pedestrian,Crossing in Crosswalk Not at Intersection,Wet,No Unusual Condition,Dark - Street Lights,Intersection <= 20ft,0.0,1,1.0,Driver,South,Making Left Turn,Pedestrian,East,Proceeding Straight,POINT (-122.409874 37.787148),20.0,6.0,3.0,36.0,17
16789,vw_geo_sfpd_cr_switrs_all_types_col_cty_union.fid-c18a0c2_186644fdb18_-1707,47198,23834000.0,,190363045,37.7795669108,-122.39805994,SFPD-INTERIM DB,CITY STREET,05/21/2019 11:32:00 AM,2019 May 21,11:32:00,2019,May,Tuesday,04TH ST,BRYANT ST,0.0,Cloudy,Injury (Complaint of Pain),Broadside,Pedestrian,Crossing in Crosswalk at Intersection,Wet,No Unusual Condition,Daylight,Intersection <= 20ft,0.0,1,1.0,Driver,East,Making Left Turn,Pedestrian,North,Proceeding Straight,POINT (-122.39806 37.779568),32.0,1.0,10.0,34.0,11
16791,vw_geo_sfpd_cr_switrs_all_types_col_cty_union.fid-c18a0c2_186644fdb18_-1c3b,46616,26409000.000000004,4132000.0,190097658,37.7697354541,-122.448566172,SFPD-INTERIM DB,CITY STREET,02/08/2019 02:45:00 PM,2019 February 08,14:45:00,2019,February,Friday,CLAYTON ST,HAIGHT ST,23.0,Cloudy,Injury (Complaint of Pain),Vehicle/Pedestrian,Pedestrian,Crossing Not in Crosswalk,Wet,No Unusual Condition,Daylight,Midblock > 20ft,0.0,1,1.0,Pedestrian,East,Proceeding Straight,Driver,South,Making Left Turn,POINT (-122.44856 37.769737),25.0,7.0,11.0,3.0,14
16793,vw_geo_sfpd_cr_switrs_all_types_col_cty_union.fid-c18a0c2_186644fdb18_-e9e,24476,24934000.0,12719000.0,130283823,37.7827936567737,-122.414059945792,SFPD-CROSSROADS,CITY STREET,04/07/2013 10:27:00 AM,2013 April 07,10:27:00,2013,April,Sunday,TURK ST,LEAVENWORTH ST,2.0,Cloudy,Injury (Severe),Vehicle/Pedestrian,Pedestrian,Crossing in Crosswalk at Intersection,Dry,No Unusual Condition,Daylight,Intersection <= 20ft,0.0,1,1.0,Driver,West,Making Left Turn,Pedestrian,North,Proceeding Straight,POINT (-122.41406 37.782795),20.0,5.0,10.0,36.0,10
16800,vw_geo_sfpd_cr_switrs_all_types_col_cty_union.fid-c18a0c2_186644fdb18_-164e,47107,27251000.000000004,278000.0,190398688,37.7833427909,-122.463375652,SFPD-INTERIM DB,CITY STREET,06/03/2019 03:40:00 PM,2019 June 03,15:40:00,2019,June,Monday,05TH AVE,CLEMENT ST,129.0,Cloudy,Injury (Severe),Vehicle/Pedestrian,Pedestrian,"In Road, Including Shoulder",Dry,No Unusual Condition,Daylight,Midblock > 20ft,0.0,1,,Pedestrian,South,Other,Driver,South,Proceeding Straight,POINT (-122.46338 37.783344),5.0,8.0,4.0,11.0,15
16801,vw_geo_sfpd_cr_switrs_all_types_col_cty_union.fid-c18a0c2_186644fdb18_-1d23,46494,21485000.0,,190047926,37.7157534444,-122.441554284,SFPD-INTERIM DB,CITY STREET,01/19/2019 11:30:00 PM,2019 January 19,23:30:00,2019,January,Saturday,MISSION ST,ROLPH ST,0.0,Clear,Injury (Complaint of Pain),Vehicle/Pedestrian,Pedestrian,Crossing in Crosswalk at Intersection,Dry,No Unusual Condition,Dark - Street Lights,Intersection <= 20ft,0.0,1,1.0,Driver,North,Proceeding Straight,Pedestrian,East,Other,POINT (-122.44155 37.71575),58.0,9.0,1.0,7.0,23
16805,vw_geo_sfpd_cr_switrs_all_types_col_cty_union.fid-c18a0c2_186644fdb18_-96b,49399,26498000.0,5823000.0,190949140,37.788293281,-122.423596816,SFPD-INTERIM DB,CITY STREET,12/18/2019 09:15:00 AM,2019 December 18,09:15:00,2019,December,Wednesday,FRANKLIN ST,BUSH ST,5.0,Cloudy,Injury (Complaint of Pain),Vehicle/Pedestrian,Pedestrian,Crossing in Crosswalk at Intersection,Wet,Obstruction on Roadway,Daylight,Intersection <= 20ft,0.0,1,1.0,Driver,North,Making Left Turn,Pedestrian,East,Proceeding Straight,POINT (-122.4236 37.788292),100.0,4.0,6.0,39.0,09
16813,vw_geo_sfpd_cr_switrs_all_types_col_cty_union.fid-c18a0c2_186644fdb18_-17fc,41094,27375000.0,1005000.0,140033323,37.7637634530758,-122.478208509897,SFPD-CROSSROADS,CITY STREET,01/12/2014 04:22:00 PM,2014 January 12,16:22:00,2014,January,Sunday,20TH AVE,IRVING ST,91.0,Clear,Injury (Other Visible),Rear End,Pedestrian,Crossing Not in Crosswalk,Dry,No Unusual Condition,Daylight,Intersection Rear End <= 150ft,0.0,1,1.0,Driver,North,Backing,Pedestrian,West,Crossed Into Opposing Lane - Unplanned,POINT (-122.47821 37.763763),39.0,10.0,7.0,35.0,16
16816,vw_geo_sfpd_cr_switrs_all_types_col_cty_union.fid-c18a0c2_186644fdb18_-188f,47286,23897000.0,,190278557,37.7760393213,-122.402524097,SFPD-INTERIM DB,CITY STREET,04/19/2019 11:28:00 AM,2019 April 19,11:28:00,2019,April,Friday,06TH ST,BRYANT ST,0.0,Clear,Injury (Other Visible),Vehicle/Pedestrian,Pedestrian,Crossing in Crosswalk at Intersection,Dry,No Unusual Condition,Daylight,Intersection <= 20ft,0.0,1,1.0,Driver,East,Making Right Turn,Pedestrian,East,Proceeding Straight,POINT (-122.40253 37.77604),32.0,1.0,10.0,34.0,11
16824,vw_geo_sfpd_cr_switrs_all_types_col_cty_union.fid-c18a0c2_186644fdb18_-80b,27647,24724000.0,7753000.0,170306899,37.7907782749215,-122.404034418687,SFPD-CROSSROADS,CITY STREET,04/14/2017 05:02:00 PM,2017 April 14,17:02:00,2017,April,Friday,KEARNY ST,BUSH ST,7.0,Clear,Injury (Complaint of Pain),Vehicle/Pedestrian,Pedestrian,Crossing in Crosswalk at Intersection,Dry,No Unusual Condition,Daylight,Intersection <= 20ft,0.0,1,1.0,Pedestrian,West,Not Stated,Driver,North,Making Left Turn,POINT (-122.40404 37.79078),104.0,6.0,3.0,8.0,17
16830,vw_geo_sfpd_cr_switrs_all_types_col_cty_union.fid-c18a0c2_186644fdb18_-fad,47991,24128000.0,,190713945,37.7587642287,-122.416872481,SFPD-INTERIM DB,CITY STREET,09/23/2019 03:30:00 PM,2019 September 23,15:30:00,2019,September,Monday,SOUTH VAN NESS AVE,20TH ST,0.0,Clear,Injury (Other Visible),Vehicle/Pedestrian,Pedestrian,Crossing in Crosswalk at Intersection,Dry,No Unusual Condition,Daylight,Intersection <= 20ft,0.0,1,1.0,Driver,North,Proceeding Straight,Pedestrian,East,Proceeding Straight,POINT (-122.41687 37.758762),53.0,3.0,2.0,20.0,15
16837,vw_geo_sfpd_cr_switrs_all_types_col_cty_union.fid-c18a0c2_186644fdb18_-975,49063,20657000.0,,190946544,37.7821191226,-122.396841427,SFPD-INTERIM DB,CITY STREET,12/17/2019 08:11:00 AM,2019 December 17,08:11:00,2019,December,Tuesday,03RD ST,PERRY ST,0.0,Clear,Injury (Other Visible),Vehicle/Pedestrian,Pedestrian,Crossing in Crosswalk at Intersection,Dry,No Unusual Condition,Daylight,Intersection <= 20ft,0.0,1,1.0,Driver,North,Proceeding Straight,Pedestrian,West,Proceeding Straight,POINT (-122.39684 37.78212),32.0,1.0,10.0,8.0,08
16840,vw_geo_sfpd_cr_switrs_all_types_col_cty_union.fid-c18a0c2_186644fdb18_-1cc0,25818,24901000.0,6109000.0,160619668,37.7875624760263,-122.406633388524,SFPD-CROSSROADS,CITY STREET,08/01/2016 04:08:00 PM,2016 August 01,16:08:00,2016,August,Monday,GEARY ST,STOCKTON ST,13.0,Clear,Fatal,Vehicle/Pedestrian,Pedestrian,Crossing in Crosswalk at Intersection,Dry,Construction or Repair Zone,Daylight,Intersection <= 20ft,1.0,1,1.0,Pedestrian,South,Not Stated,Pedestrian,South,Not Stated,POINT (-122.40663 37.787563),19.0,6.0,3.0,8.0,16
16850,vw_geo_sfpd_cr_switrs_all_types_col_cty_union.fid-c18a0c2_186644fdb18_-c09,49349,24131000.0,3675000.0,190847384,37.760586085,-122.4181454,SFPD-INTERIM DB,CITY STREET,11/08/2019 10:30:00 PM,2019 November 08,22:30:00,2019,November,Friday,CAPP ST,19TH ST,104.0,Clear,Injury (Complaint of Pain),Vehicle/Pedestrian,Pedestrian,"In Road, Including Shoulder",Dry,No Unusual Condition,Dark - Street Lights,Midblock > 20ft,0.0,1,1.0,Pedestrian,North,Other,Driver,North,Proceeding Straight,POINT (-122.418144 37.760586),53.0,3.0,2.0,20.0,22
16854,vw_geo_sfpd_cr_switrs_all_types_col_cty_union.fid-c18a0c2_186644fdb18_-e69,24576,24933000.0,7115000.0,130942035,37.7825527832299,-122.415687334063,SFPD-CROSSROADS,CITY STREET,11/06/2013 12:29:00 PM,2013 November 06,12:29:00,2013,November,Wednesday,HYDE ST,TURK ST,12.0,Clear,Injury (Other Visible),Vehicle/Pedestrian,Pedestrian,Crossing in Crosswalk at Intersection,Dry,No Unusual Condition,Daylight,Intersection <= 20ft,1.0,0,1.0,Driver,South,Making Left Turn,Pedestrian,West,Proceeding Straight,POINT (-122.41569 37.782555),20.0,5.0,10.0,36.0,12
16860,vw_geo_sfpd_cr_switrs_all_types_col_cty_union.fid-c18a0c2_186644fdb18_-1bf2,46653,24331000.0,,190111208,37.7797885273,-122.415126955,SFPD-INTERIM DB,CITY STREET,02/14/2019 12:01:00 AM,2019 February 14,00:01:00,2019,February,Thursday,HYDE ST,FULTON ST,0.0,Raining,Injury (Complaint of Pain),Vehicle/Pedestrian,Pedestrian,Crossing in Crosswalk at Intersection,Wet,No Unusual Condition,Dark - Street Lights,Intersection <= 20ft,0.0,1,1.0,Driver,South,Backing,Pedestrian,South,Proceeding Straight,POINT (-122.41513 37.77979),21.0,5.0,10.0,36.0,00
16878,vw_geo_sfpd_cr_switrs_all_types_col_cty_union.fid-c18a0c2_186644fdb18_-1981,19160,26004000.0,3784000.0,130851505,37.7671192595805,-122.435604311141,SFPD-CROSSROADS,CITY STREET,10/08/2013 05:07:00 PM,2013 October 08,17:07:00,2013,October,Tuesday,CASTRO ST,14TH ST,76.0,Clear,Injury (Complaint of Pain),Vehicle/Pedestrian,Pedestrian,"In Road, Including Shoulder",Dry,No Unusual Condition,Daylight,Midblock > 20ft,0.0,1,1.0,Pedestrian,South,Other,Driver,South,Proceeding Straight,POINT (-122.43561 37.76712),113.0,7.0,5.0,5.0,17
16882,vw_geo_sfpd_cr_switrs_all_types_col_cty_union.fid-c18a0c2_186644fdb18_-d5c,4455,22070000.0,,130449081,37.7233421457844,-122.441050162651,SFPD-CROSSROADS,CITY STREET,05/31/2013 03:59:00 PM,2013 May 31,15:59:00,2013,May,Friday,OCEAN AVE,OTSEGO AVE,0.0,Clear,Injury (Other Visible),Vehicle/Pedestrian,Pedestrian,Crossing Not in Crosswalk,Dry,No Unusual Condition,Daylight,Intersection <= 20ft,0.0,1,1.0,Pedestrian,South,Other,Driver,West,Proceeding Straight,POINT (-122.44105 37.723343),94.0,9.0,1.0,28.0,15
16894,vw_geo_sfpd_cr_switrs_all_types_col_cty_union.fid-c18a0c2_186644fdb18_-1653,42193,32854000.0,7539000.0,140714852,37.7710967010459,-122.470953415529,SFPD-CROSSROADS,CITY STREET,08/25/2014 03:39:00 PM,2014 August 25,15:39:00,2014,August,Monday,JOHN F KENNEDY DR,STOW LAKE DR,850.0,Clear,Injury (Other Visible),Vehicle/Pedestrian,Pedestrian,Crossing in Crosswalk at Intersection,Dry,No Unusual Condition,Daylight,Midblock > 20ft,0.0,1,1.0,Bicyclist,West,Proceeding Straight,Pedestrian,South,Proceeding Straight,POINT (-122.470955 37.771095),9.0,8.0,4.0,12.0,15
16898,vw_geo_sfpd_cr_switrs_all_types_col_cty_union.fid-c18a0c2_186644fdb18_b8a,40527,27081000.0,,150790773,37.7652567814495,-122.459952996153,SFPD-CROSSROADS,CITY STREET,09/09/2015 08:20:00 AM,2015 September 09,08:20:00,2015,September,Wednesday,HUGO ST,03RD AVE,0.0,Clear,Injury (Complaint of Pain),Vehicle/Pedestrian,Pedestrian,Crossing in Crosswalk at Intersection,Dry,No Unusual Condition,Daylight,Intersection <= 20ft,0.0,1,,Driver,East,Proceeding Straight,Pedestrian,North,Not Stated,POINT (-122.45995 37.765255),109.0,7.0,11.0,14.0,08
16901,vw_geo_sfpd_cr_switrs_all_types_col_cty_union.fid-c18a0c2_186644fdb18_-12c3,48233,27739000.000000004,,190582449,37.7629005977,-122.492127421,SFPD-INTERIM DB,CITY STREET,08/09/2019 09:38:00 AM,2019 August 09,09:38:00,2019,August,Friday,IRVING ST,33RD AVE,0.0,Clear,Injury (Complaint of Pain),Vehicle/Pedestrian,Pedestrian,Crossing Not in Crosswalk,Dry,No Unusual Condition,Daylight,Intersection <= 20ft,0.0,1,1.0,Pedestrian,North,Making Left Turn,Driver,East,Proceeding Straight,POINT (-122.49213 37.7629),39.0,10.0,7.0,35.0,09
16908,vw_geo_sfpd_cr_switrs_all_types_col_cty_union.fid-c18a0c2_186644fdb18_-1be1,46663,22648000.0,9283201.0,190113646,37.7310030175,-122.457462274,SFPD-INTERIM DB,CITY STREET,02/15/2019 05:55:00 AM,2019 February 15,05:55:00,2019,February,Friday,MONTEREY BLVD,PLYMOUTH AVE,4.0,Raining,Injury (Complaint of Pain),Vehicle/Pedestrian,Pedestrian,Crossing in Crosswalk at Intersection,Wet,No Unusual Condition,Dark - Street Lights,Intersection <= 20ft,0.0,1,1.0,Driver,West,Proceeding Straight,Pedestrian,South,Proceeding Straight,POINT (-122.45746 37.731003),70.0,9.0,8.0,41.0,05