,id,unique_id,cnn_intrsctn_fkey,cnn_sgmt_fkey,case_id_pkey,tb_latitude,tb_longitude,geocode_source,geocode_location,collision_datetime,collision_date,collision_time,accident_year,month,day_of_week,primary_rd,secondary_rd,distance,weather_1,collision_severity,type_of_collision,mviw,ped_action,road_surface,road_cond_1,lighting,intersection,number_killed,number_injured,party_at_fault,party1_type,party1_dir_of_travel,party1_move_pre_acc,party2_type,party2_dir_of_travel,party2_move_pre_acc,point,Neighborhoods,Current Police Districts,Current Supervisor Districts,Analysis Neighborhoods,hour
16910,vw_geo_sfpd_cr_switrs_all_types_col_cty_union.fid-c18a0c2_186644fdb18_-1ad4,38890,22882000.0,,140926546,37.7437494097442,-122.463685995622,SFPD-CROSSROADS,CITY STREET,11/01/2014 05:00:00 PM,2014 November 01,17:00:00,2014,November,Saturday,CLAREMONT BLVD,KENSINGTON WAY,0.0,Clear,Injury (Complaint of Pain),Vehicle/Pedestrian,Pedestrian,Crossing in Crosswalk at Intersection,Dry,No Unusual Condition,Daylight,Intersection <= 20ft,0.0,1,1.0,Driver,North,Stopped In Road,Pedestrian,West,Proceeding Straight,POINT (-122.463684 37.743748),49.0,10.0,8.0,41.0,17
16912,vw_geo_sfpd_cr_switrs_all_types_col_cty_union.fid-c18a0c2_186644fdb18_-1c20,46632,25692000.0,,190102809,37.7632433229,-122.422698659,SFPD-INTERIM DB,CITY STREET,02/10/2019 06:47:00 PM,2019 February 10,18:47:00,2019,February,Sunday,17TH ST,ALBION ST,0.0,Clear,Injury (Complaint of Pain),Vehicle/Pedestrian,Pedestrian,"In Road, Including Shoulder",Dry,No Unusual Condition,Dark - Street Lights,Intersection <= 20ft,0.0,1,1.0,Bicyclist,East,Proceeding Straight,Pedestrian,East,Proceeding Straight,POINT (-122.4227 37.763245),37.0,3.0,5.0,20.0,18
16918,vw_geo_sfpd_cr_switrs_all_types_col_cty_union.fid-c18a0c2_186644fdb18_-1747,47064,24895000.0,,190349158,37.7853882488,-122.408667084,SFPD-INTERIM DB,CITY STREET,05/15/2019 06:11:00 PM,2019 May 15,18:11:00,2019,May,Wednesday,ELLIS ST,CYRIL MAGNIN ST,0.0,Cloudy,Injury (Severe),Head-On,Pedestrian,Crossing Not in Crosswalk,Wet,No Unusual Condition,Daylight,Intersection <= 20ft,0.0,1,1.0,Pedestrian,South,Not Stated,Driver,West,Making Left Turn,POINT (-122.40867 37.78539),19.0,5.0,10.0,36.0,18
16919,vw_geo_sfpd_cr_switrs_all_types_col_cty_union.fid-c18a0c2_186644fdb18_-1325,47809,25932000.0,,190561841,37.7764643059,-122.426263345,SFPD-INTERIM DB,CITY STREET,08/01/2019 08:50:00 PM,2019 August 01,20:50:00,2019,August,Thursday,LAGUNA ST,HAYES ST,0.0,Clear,Injury (Complaint of Pain),Vehicle/Pedestrian,Pedestrian,Crossing in Crosswalk at Intersection,Dry,No Unusual Condition,Dark - Street Lights,Intersection <= 20ft,0.0,1,1.0,Driver,North,Proceeding Straight,Pedestrian,East,Proceeding Straight,POINT (-122.42626 37.776463),22.0,4.0,11.0,9.0,20
16935,vw_geo_sfpd_cr_switrs_all_types_col_cty_union.fid-c18a0c2_186644fdb18_-118e,48290,26587000.0,6040104.0,190633020,37.7845208261,-122.431028019,SFPD-INTERIM DB,CITY STREET,08/24/2019 05:20:00 PM,2019 August 24,17:20:00,2019,August,Saturday,GEARY BLVD,WEBSTER ST,54.0,Clear,Injury (Severe),Vehicle/Pedestrian,Pedestrian,"In Road, Including Shoulder",Dry,No Unusual Condition,Daylight,Midblock > 20ft,0.0,2,,Driver,West,Slowing/Stopping,Pedestrian,West,Not Stated,POINT (-122.43103 37.78452),101.0,4.0,11.0,39.0,17
16955,vw_geo_sfpd_cr_switrs_all_types_col_cty_union.fid-c18a0c2_186644fdb18_-e0a,49457,23171000.0,12796000.0,190773212,37.7411481857,-122.476405786,SFPD-INTERIM DB,CITY STREET,10/14/2019 05:05:00 AM,2019 October 14,05:05:00,2019,October,Monday,ULLOA ST,20TH AVE,65.0,Clear,Injury (Other Visible),Vehicle/Pedestrian,Pedestrian,"In Road, Including Shoulder",Dry,No Unusual Condition,Dark - Street Lights,Midblock > 20ft,0.0,1,1.0,Pedestrian,West,Traveling Wrong Way,Driver,East,Proceeding Straight,POINT (-122.4764 37.74115),40.0,10.0,7.0,35.0,05
16960,vw_geo_sfpd_cr_switrs_all_types_col_cty_union.fid-c18a0c2_186644fdb18_-1231,47885,30045000.0,,190605007,37.7809937828,-122.41314805,SFPD-INTERIM DB,CITY STREET,08/16/2019 11:23:00 PM,2019 August 16,23:23:00,2019,August,Friday,MCALLISTER ST,CHARLES J BRENHAM PL,0.0,Clear,Injury (Complaint of Pain),Vehicle/Pedestrian,Pedestrian,Crossing in Crosswalk at Intersection,Dry,No Unusual Condition,Dark - Street Lights,Intersection <= 20ft,0.0,1,,Pedestrian,North,Proceeding Straight,Driver,West,Proceeding Straight,POINT (-122.41315 37.780994),20.0,5.0,10.0,36.0,23
16964,vw_geo_sfpd_cr_switrs_all_types_col_cty_union.fid-c18a0c2_186644fdb18_-b00,48707,24466000.0,,190895957,37.7800746967,-122.420247184,SFPD-INTERIM DB,CITY STREET,11/26/2019 07:45:00 PM,2019 November 26,19:45:00,2019,November,Tuesday,VAN NESS AVE,MCALLISTER ST,0.0,Raining,Injury (Complaint of Pain),Vehicle/Pedestrian,Pedestrian,Crossing in Crosswalk at Intersection,Wet,No Unusual Condition,Dark - Street Lights,Intersection <= 20ft,0.0,1,1.0,Driver,South,Making Left Turn,Pedestrian,West,Proceeding Straight,POINT (-122.42025 37.780075),21.0,4.0,11.0,39.0,19
16981,vw_geo_sfpd_cr_switrs_all_types_col_cty_union.fid-c18a0c2_186644fdb18_-1e4b,24477,24934000.0,,180959052,37.782794446,-122.414053765,SFPD-INTERIM DB,CITY STREET,12/21/2018 07:08:00 AM,2018 December 21,07:08:00,2018,December,Friday,TURK ST,LEAVENWORTH ST,0.0,Cloudy,Injury (Complaint of Pain),Vehicle/Pedestrian,Pedestrian,Crossing in Crosswalk at Intersection,Wet,No Unusual Condition,Dark - Street Lights,Intersection <= 20ft,0.0,1,1.0,Driver,West,Proceeding Straight,Pedestrian,South,Making Left Turn,POINT (-122.414055 37.782795),20.0,5.0,10.0,36.0,07
16990,vw_geo_sfpd_cr_switrs_all_types_col_cty_union.fid-c18a0c2_186644fdb18_-cdb,48805,26623000.0,,190814101,37.7843186736,-122.439684679,SFPD-INTERIM DB,CITY STREET,10/28/2019 09:00:00 AM,2019 October 28,09:00:00,2019,October,Monday,POST ST,DIVISADERO ST,0.0,Clear,Injury (Complaint of Pain),Head-On,Pedestrian,Crossing in Crosswalk at Intersection,Dry,No Unusual Condition,Daylight,Intersection <= 20ft,0.0,1,1.0,Driver,East,Making Right Turn,Pedestrian,West,Proceeding Straight,POINT (-122.43968 37.784317),103.0,4.0,11.0,15.0,09
16992,vw_geo_sfpd_cr_switrs_all_types_col_cty_union.fid-c18a0c2_186644fdb18_-9c7,26747,24560000.0,,170815113,37.79046106869,-122.396689694733,SFPD-CROSSROADS,CITY STREET,10/06/2017 09:30:00 AM,2017 October 06,09:30:00,2017,October,Friday,MISSION ST,FREMONT ST,0.0,Clear,Injury (Complaint of Pain),Vehicle/Pedestrian,Pedestrian,Crossing in Crosswalk at Intersection,Dry,No Unusual Condition,Daylight,Intersection <= 20ft,0.0,1,1.0,Pedestrian,North,Making Right Turn,Driver,East,Proceeding Straight,POINT (-122.39669 37.790462),108.0,1.0,10.0,8.0,09
16993,vw_geo_sfpd_cr_switrs_all_types_col_cty_union.fid-c18a0c2_186644fdb18_-f79,48189,22662000.0,,190723057,37.7249497015,-122.461210548,SFPD-INTERIM DB,CITY STREET,09/26/2019 08:10:00 PM,2019 September 26,20:10:00,2019,September,Thursday,JULES AVE,OCEAN AVE,0.0,Clear,Injury (Other Visible),Vehicle/Pedestrian,Pedestrian,Crossing in Crosswalk at Intersection,Dry,No Unusual Condition,Dark - Street Lights,Intersection <= 20ft,0.0,1,1.0,Driver,South,Making Right Turn,Pedestrian,East,Proceeding Straight,POINT (-122.46121 37.72495),68.0,10.0,8.0,24.0,20
16998,vw_geo_sfpd_cr_switrs_all_types_col_cty_union.fid-c18a0c2_186644fdb18_-e6e,24568,24934000.0,8240000.0,171005327,37.7831862704447,-122.414132947523,SFPD-CROSSROADS,CITY STREET,12/12/2017 05:36:00 PM,2017 December 12,17:36:00,2017,December,Tuesday,LEAVENWORTH ST,TURK ST,145.0,Clear,Injury (Other Visible),Vehicle/Pedestrian,Pedestrian,Crossing Not in Crosswalk,Dry,No Unusual Condition,Dark - Street Lights,Midblock > 20ft,0.0,1,1.0,Pedestrian,West,Not Stated,Driver,North,Proceeding Straight,POINT (-122.41413 37.783188),20.0,5.0,10.0,36.0,17
17003,vw_geo_sfpd_cr_switrs_all_types_col_cty_union.fid-c18a0c2_186644fdb18_-9c1,48699,25857000.0,,190939072,37.7729573925,-122.423758379,SFPD-INTERIM DB,CITY STREET,12/14/2019 12:08:00 AM,2019 December 14,00:08:00,2019,December,Saturday,OCTAVIA ST,HAIGHT ST,0.0,Clear,Injury (Complaint of Pain),Vehicle/Pedestrian,Pedestrian,Crossing in Crosswalk at Intersection,Wet,No Unusual Condition,Dark - Street Lights,Intersection <= 20ft,0.0,1,1.0,Driver,South,Making Left Turn,Pedestrian,East,Proceeding Straight,POINT (-122.42376 37.772957),27.0,4.0,11.0,9.0,00
17005,vw_geo_sfpd_cr_switrs_all_types_col_cty_union.fid-c18a0c2_186644fdb18_-1839,19758,26319000.0,9762000.0,150862463,37.7727173878322,-122.440699604041,SFPD-CROSSROADS,CITY STREET,10/02/2015 08:25:00 AM,2015 October 02,08:25:00,2015,October,Friday,OAK ST,BAKER ST,10.0,Clear,Injury (Other Visible),Vehicle/Pedestrian,Pedestrian,Crossing in Crosswalk at Intersection,Dry,No Unusual Condition,Daylight,Intersection <= 20ft,0.0,1,1.0,Driver,East,Making Left Turn,Pedestrian,South,Proceeding Straight,POINT (-122.4407 37.772717),112.0,7.0,11.0,3.0,08
17023,vw_geo_sfpd_cr_switrs_all_types_col_cty_union.fid-c18a0c2_186644fdb18_-1bb6,37972,23070000.0,,170045489,37.7310323550775,-122.471797435888,SFPD-CROSSROADS,CITY STREET,01/17/2017 03:38:00 PM,2017 January 17,15:38:00,2017,January,Tuesday,OCEAN AVE,JUNIPERO SERRA BLVD,0.0,Clear,Injury (Severe),Vehicle/Pedestrian,Pedestrian,Crossing Not in Crosswalk,Dry,No Unusual Condition,Daylight,Intersection <= 20ft,0.0,1,,Pedestrian,South,Proceeding Straight,Driver,East,Making Left Turn,POINT (-122.471794 37.731033),63.0,10.0,8.0,41.0,15
17026,vw_geo_sfpd_cr_switrs_all_types_col_cty_union.fid-c18a0c2_186644fdb18_-725,10841,25781000.0,,170775090,37.7574907182435,-122.437959116352,SFPD-CROSSROADS,CITY STREET,09/22/2017 04:02:00 PM,2017 September 22,16:02:00,2017,September,Friday,EUREKA ST,20TH ST,0.0,Clear,Injury (Other Visible),Vehicle/Pedestrian,Pedestrian,Crossing in Crosswalk at Intersection,Dry,No Unusual Condition,Daylight,Intersection <= 20ft,0.0,2,1.0,Driver,West,Making Left Turn,Pedestrian,East,Proceeding Straight,POINT (-122.43796 37.757492),115.0,3.0,5.0,5.0,16
17032,vw_geo_sfpd_cr_switrs_all_types_col_cty_union.fid-c18a0c2_186644fdb18_-121a,46953,24532000.0,,190232741,37.7885359306,-122.396034766,SFPD-INTERIM DB,CITY STREET,04/02/2019 04:13:00 PM,2019 April 02,16:13:00,2019,April,Tuesday,01ST ST,HOWARD ST,0.0,Cloudy,Injury (Complaint of Pain),Vehicle/Pedestrian,Pedestrian,Crossing in Crosswalk at Intersection,Dry,No Unusual Condition,Daylight,Intersection <= 20ft,0.0,1,1.0,Pedestrian,West,Proceeding Straight,Driver,South,Proceeding Straight,POINT (-122.396034 37.788536),32.0,1.0,10.0,8.0,16
17035,vw_geo_sfpd_cr_switrs_all_types_col_cty_union.fid-c18a0c2_186644fdb18_-926,36764,33480000.0,5717101.0,130123774,37.715801187794,-122.47437176313,SFPD-CROSSROADS,CITY STREET,02/13/2013 11:41:00 AM,2013 February 13,11:41:00,2013,February,Wednesday,FONT BLVD,CAMBON DR,43.0,Clear,Injury (Other Visible),Vehicle/Pedestrian,Pedestrian,"In Road, Including Shoulder",Dry,No Unusual Condition,Daylight,Midblock > 20ft,0.0,1,1.0,Pedestrian,North,Other,Driver,East,Backing,POINT (-122.47437 37.7158),42.0,10.0,8.0,16.0,11
17042,vw_geo_sfpd_cr_switrs_all_types_col_cty_union.fid-c18a0c2_186644fdb18_-7e6,36962,22729000.0,,180815222,37.721655684,-122.468075585,SFPD-INTERIM DB,CITY STREET,10/27/2018 08:43:00 AM,2018 October 27,08:43:00,2018,October,Saturday,VERNON ST,HOLLOWAY AVE,0.0,Fog,Injury (Complaint of Pain),Vehicle/Pedestrian,Pedestrian,Crossing in Crosswalk at Intersection,Wet,No Unusual Condition,Daylight,Intersection <= 20ft,0.0,1,1.0,Driver,North,Making Left Turn,Pedestrian,East,Proceeding Straight,POINT (-122.46808 37.721657),67.0,10.0,8.0,41.0,08
17050,vw_geo_sfpd_cr_switrs_all_types_col_cty_union.fid-c18a0c2_186644fdb18_-1efb,25459,24902000.000000004,9722000.0,180916024,37.786600744,-122.406515101,SFPD-INTERIM DB,CITY STREET,12/04/2018 06:42:00 PM,2018 December 04,18:42:00,2018,December,Tuesday,OFARRELL ST,STOCKTON ST,34.0,Raining,Injury (Complaint of Pain),Vehicle/Pedestrian,Pedestrian,"In Road, Including Shoulder",Wet,No Unusual Condition,Dark - Street Lights,Midblock > 20ft,0.0,1,1.0,Pedestrian,East,Other,Driver,East,Backing,POINT (-122.40652 37.786602),19.0,6.0,3.0,8.0,18
17055,vw_geo_sfpd_cr_switrs_all_types_col_cty_union.fid-c18a0c2_186644fdb18_-12e5,47821,24334000.0,,190573608,37.7818633398,-122.413865603,SFPD-INTERIM DB,CITY STREET,08/06/2019 10:44:00 AM,2019 August 06,10:44:00,2019,August,Tuesday,LEAVENWORTH ST,GOLDEN GATE AVE,0.0,Clear,Injury (Complaint of Pain),Vehicle/Pedestrian,Pedestrian,Crossing in Crosswalk at Intersection,Dry,No Unusual Condition,Daylight,Intersection <= 20ft,0.0,1,1.0,Pedestrian,North,Proceeding Straight,Driver,East,Making Right Turn,POINT (-122.413864 37.781864),20.0,5.0,10.0,36.0,10
17063,vw_geo_sfpd_cr_switrs_all_types_col_cty_union.fid-c18a0c2_186644fdb18_-1df3,24539,24923000.0,,180982439,37.7830040786,-122.412411746,SFPD-INTERIM DB,CITY STREET,12/30/2018 03:30:00 PM,2018 December 30,15:30:00,2018,December,Sunday,JONES ST,TURK ST,0.0,Clear,Injury (Complaint of Pain),Vehicle/Pedestrian,Pedestrian,Crossing in Crosswalk at Intersection,Dry,No Unusual Condition,Daylight,Intersection <= 20ft,0.0,1,1.0,Driver,West,Other Unsafe Turning,Pedestrian,North,Proceeding Straight,POINT (-122.412415 37.783005),20.0,5.0,10.0,36.0,15
17069,vw_geo_sfpd_cr_switrs_all_types_col_cty_union.fid-c18a0c2_186644fdb18_-81e,3592,20739000.0,,180957921,37.7340732038,-122.402855866,SFPD-INTERIM DB,CITY STREET,12/20/2018 05:47:00 PM,2018 December 20,17:47:00,2018,December,Thursday,SILVER AVE,LEDYARD ST,0.0,Cloudy,Injury (Complaint of Pain),Vehicle/Pedestrian,Pedestrian,Crossing in Crosswalk at Intersection,Dry,No Unusual Condition,Dark - Street Lights,Intersection <= 20ft,0.0,1,1.0,Driver,West,Proceeding Straight,Pedestrian,South,Other,POINT (-122.402855 37.734074),87.0,2.0,9.0,1.0,17
17071,vw_geo_sfpd_cr_switrs_all_types_col_cty_union.fid-c18a0c2_186644fdb18_-1e77,23327,24494000.0,,180948168,37.7860675323,-122.392936685,SFPD-INTERIM DB,CITY STREET,12/17/2018 11:37:00 AM,2018 December 17,11:37:00,2018,December,Monday,HARRISON ST,01ST ST,0.0,Clear,Injury (Complaint of Pain),Vehicle/Pedestrian,Pedestrian,Crossing in Crosswalk at Intersection,Dry,No Unusual Condition,Daylight,Intersection <= 20ft,0.0,1,1.0,Driver,South,Making Right Turn,Pedestrian,West,Proceeding Straight,POINT (-122.39294 37.786068),30.0,1.0,10.0,8.0,11
17076,vw_geo_sfpd_cr_switrs_all_types_col_cty_union.fid-c18a0c2_186644fdb18_-bc2,51972,24311000.0,406000.0,190863562,37.7773719971,-122.413050461,SFPD-INTERIM DB,CITY STREET,11/14/2019 09:47:00 PM,2019 November 14,21:47:00,2019,November,Thursday,08TH ST,MISSION ST,44.0,Clear,Injury (Complaint of Pain),Vehicle/Pedestrian,Pedestrian,Crossing Not in Crosswalk,Dry,No Unusual Condition,Dark - Street Lights,Midblock > 20ft,0.0,1,1.0,Pedestrian,East,Entering Traffic,Driver,South,Proceeding Straight,POINT (-122.41305 37.77737),32.0,1.0,10.0,34.0,21
17077,vw_geo_sfpd_cr_switrs_all_types_col_cty_union.fid-c18a0c2_186644fdb18_-9a7,36673,22695000.0,2397000.0,160571030,37.7155286689328,-122.467108989404,SFPD-CROSSROADS,CITY STREET,07/15/2016 10:00:00 AM,2016 July 15,10:00:00,2016,July,Friday,ARCH ST,SARGENT ST,211.0,Clear,Injury (Complaint of Pain),Vehicle/Pedestrian,Pedestrian,Not in Road,Dry,No Unusual Condition,Daylight,Midblock > 20ft,0.0,1,1.0,Driver,West,Backing,Pedestrian,North,Stopped In Road,POINT (-122.46711 37.71553),65.0,10.0,1.0,24.0,10
17086,vw_geo_sfpd_cr_switrs_all_types_col_cty_union.fid-c18a0c2_186644fdb18_-1b96,38059,23141000.0,,141045541,37.7347068105091,-122.471569341061,SFPD-CROSSROADS,CITY STREET,12/12/2014 04:04:00 PM,2014 December 12,16:04:00,2014,December,Friday,SLOAT BLVD,WEST PORTAL AVE,0.0,Clear,Injury (Other Visible),Vehicle/Pedestrian,Pedestrian,"In Road, Including Shoulder",Dry,No Unusual Condition,Daylight,Intersection <= 20ft,0.0,1,1.0,Pedestrian,South,Other,Driver,West,Proceeding Straight,POINT (-122.47157 37.734707),46.0,10.0,8.0,41.0,16
17089,vw_geo_sfpd_cr_switrs_all_types_col_cty_union.fid-c18a0c2_186644fdb18_-1b42,47707,25147000.0,,190152519,37.7823789433,-122.41733888,SFPD-INTERIM DB,CITY STREET,03/01/2019 11:45:00 AM,2019 March 01,11:45:00,2019,March,Friday,TURK ST,LARKIN ST,0.0,Raining,Injury (Complaint of Pain),Vehicle/Pedestrian,Pedestrian,Crossing in Crosswalk at Intersection,Wet,No Unusual Condition,Dark - Street Lights,Intersection <= 20ft,0.0,1,1.0,Driver,West,Making Left Turn,Pedestrian,South,Proceeding Straight,POINT (-122.417336 37.78238),20.0,5.0,10.0,36.0,11
17090,vw_geo_sfpd_cr_switrs_all_types_col_cty_union.fid-c18a0c2_186644fdb18_-1eae,16391,23946000.0,7043000.0,130136222,37.7797208102384,-122.407182367145,SFPD-CROSSROADS,CITY STREET,02/16/2013 11:16:00 AM,2013 February 16,11:16:00,2013,February,Saturday,HOWARD ST,06TH ST,9.0,Clear,Injury (Complaint of Pain),Vehicle/Pedestrian,Pedestrian,Crossing in Crosswalk at Intersection,Dry,No Unusual Condition,Daylight,Intersection <= 20ft,0.0,1,1.0,Driver,West,Making Left Turn,Pedestrian,South,Proceeding Straight,POINT (-122.40718 37.77972),32.0,1.0,10.0,34.0,11
17104,vw_geo_sfpd_cr_switrs_all_types_col_cty_union.fid-c18a0c2_186644fdb18_-899,27350,24720000.0,,170088332,37.7898293387765,-122.403841563596,SFPD-CROSSROADS,CITY STREET,02/01/2017 06:14:00 AM,2017 February 01,06:14:00,2017,February,Wednesday,KEARNY ST,SUTTER ST,0.0,Clear,Injury (Severe),Vehicle/Pedestrian,Pedestrian,Crossing in Crosswalk at Intersection,Dry,No Unusual Condition,Dark - Street Lights,Intersection <= 20ft,0.0,1,1.0,Driver,North,Making Right Turn,Pedestrian,East,Proceeding Straight,POINT (-122.40384 37.78983),19.0,6.0,3.0,8.0,06
17114,vw_geo_sfpd_cr_switrs_all_types_col_cty_union.fid-c18a0c2_186644fdb18_-1b53,46747,23813000.0,,190150808,37.7796627433,-122.39484032,SFPD-INTERIM DB,CITY STREET,03/01/2019 10:47:00 AM,2019 March 01,10:47:00,2019,March,Friday,RITCH ST,BRANNAN ST,0.0,Cloudy,Injury (Complaint of Pain),Vehicle/Pedestrian,Pedestrian,Crossing in Crosswalk at Intersection,Dry,No Unusual Condition,Daylight,Intersection <= 20ft,0.0,1,1.0,Driver,South,Making Right Turn,Pedestrian,East,Proceeding Straight,POINT (-122.394844 37.779663),32.0,1.0,10.0,34.0,10
17121,vw_geo_sfpd_cr_switrs_all_types_col_cty_union.fid-c18a0c2_186644fdb18_-12d4,40331,27074000.0,7843000.0,180099802,37.7604983385,-122.461790564,SFPD-INTERIM DB,CITY STREET,02/06/2018 05:14:00 PM,2018 February 06,17:14:00,2018,February,Tuesday,KIRKHAM ST,05TH AVE,6.0,Clear,Injury (Other Visible),Vehicle/Pedestrian,Pedestrian,Crossing in Crosswalk at Intersection,Dry,No Unusual Condition,Daylight,Intersection <= 20ft,0.0,1,1.0,Driver,West,Proceeding Straight,Pedestrian,North,Not Stated,POINT (-122.46179 37.760498),109.0,7.0,8.0,14.0,17
17127,vw_geo_sfpd_cr_switrs_all_types_col_cty_union.fid-c18a0c2_186644fdb18_-d68,49453,24170000.0,,190797080,37.7650513371,-122.419668973,SFPD-INTERIM DB,CITY STREET,10/22/2019 11:20:00 AM,2019 October 22,11:20:00,2019,October,Tuesday,16TH ST,MISSION ST,0.0,Clear,Injury (Complaint of Pain),Vehicle/Pedestrian,Pedestrian,Crossing in Crosswalk at Intersection,Dry,No Unusual Condition,Daylight,Intersection <= 20ft,0.0,1,1.0,Driver,East,Making Right Turn,Pedestrian,South,Proceeding Straight,POINT (-122.41967 37.765053),53.0,3.0,2.0,20.0,11
17139,vw_geo_sfpd_cr_switrs_all_types_col_cty_union.fid-c18a0c2_186644fdb18_-15a6,47501,24294000.000000004,,190430600,37.7813981335,-122.409245443,SFPD-INTERIM DB,CITY STREET,06/15/2019 11:10:00 AM,2019 June 15,11:10:00,2019,June,Saturday,06TH ST,JESSIE ST,0.0,Clear,Injury (Complaint of Pain),Head-On,Pedestrian,Crossing in Crosswalk at Intersection,Dry,No Unusual Condition,Daylight,Intersection <= 20ft,0.0,1,1.0,Pedestrian,East,Stopped,Driver,South,Not Stated,POINT (-122.40925 37.7814),32.0,5.0,10.0,34.0,11
17157,vw_geo_sfpd_cr_switrs_all_types_col_cty_union.fid-c18a0c2_186644fdb18_-1a3f,46876,25804000.0,9612000.0,190198698,37.7641847341,-122.433074947,SFPD-INTERIM DB,CITY STREET,03/20/2019 06:55:00 AM,2019 March 20,06:55:00,2019,March,Wednesday,NOE ST,MARKET ST,4.0,Cloudy,Injury (Other Visible),Vehicle/Pedestrian,Pedestrian,Crossing in Crosswalk at Intersection,Wet,No Unusual Condition,Dusk - Dawn,Intersection <= 20ft,0.0,1,1.0,Driver,South,Making Left Turn,Pedestrian,South,Proceeding Straight,POINT (-122.433075 37.764183),38.0,3.0,5.0,5.0,06
17164,vw_geo_sfpd_cr_switrs_all_types_col_cty_union.fid-c18a0c2_186644fdb18_-1ac3,46813,24414000.0,,190172874,37.7752720602,-122.415908179,SFPD-INTERIM DB,CITY STREET,03/10/2019 05:58:00 AM,2019 March 10,05:58:00,2019,March,Sunday,10TH ST,MISSION ST,0.0,Raining,Injury (Other Visible),Vehicle/Pedestrian,Pedestrian,Crossing Not in Crosswalk,Wet,No Unusual Condition,Dark - Street Lights,Intersection <= 20ft,0.0,1,1.0,Pedestrian,East,Proceeding Straight,Driver,South,Proceeding Straight,POINT (-122.41591 37.775272),32.0,1.0,10.0,34.0,05
17169,vw_geo_sfpd_cr_switrs_all_types_col_cty_union.fid-c18a0c2_186644fdb18_-b73,49365,24287000.0,,190878533,37.7788606872,-122.408271588,SFPD-INTERIM DB,CITY STREET,11/20/2019 01:20:00 PM,2019 November 20,13:20:00,2019,November,Wednesday,HOWARD ST,RUSS ST,0.0,Clear,Injury (Complaint of Pain),Vehicle/Pedestrian,Pedestrian,Crossing in Crosswalk at Intersection,Dry,No Unusual Condition,Daylight,Intersection <= 20ft,0.0,1,1.0,Driver,West,Making Left Turn,Pedestrian,East,Proceeding Straight,POINT (-122.40827 37.778862),32.0,1.0,10.0,34.0,13
17174,vw_geo_sfpd_cr_switrs_all_types_col_cty_union.fid-c18a0c2_186644fdb18_-14ad,43509,27285000.0,,180365716,37.7809654903,-122.465352871,SFPD-INTERIM DB,CITY STREET,05/16/2018 04:30:00 PM,2018 May 16,16:30:00,2018,May,Wednesday,GEARY BLVD,07TH AVE,0.0,Clear,Injury (Other Visible),Sideswipe,Pedestrian,Crossing in Crosswalk at Intersection,Dry,No Unusual Condition,Daylight,Intersection <= 20ft,0.0,1,1.0,Pedestrian,East,Proceeding Straight,Driver,South,Not Stated,POINT (-122.465355 37.780964),5.0,8.0,4.0,11.0,16
17188,vw_geo_sfpd_cr_switrs_all_types_col_cty_union.fid-c18a0c2_186644fdb18_-125f,48252,26486000.0,,190595373,37.7775992794,-122.455216941,SFPD-INTERIM DB,CITY STREET,08/13/2019 08:07:00 PM,2019 August 13,20:07:00,2019,August,Tuesday,STANYAN BLVD,TURK BLVD,0.0,Clear,Injury (Complaint of Pain),Vehicle/Pedestrian,Pedestrian,Crossing in Crosswalk at Intersection,Dry,No Unusual Condition,Dusk - Dawn,Intersection <= 20ft,0.0,1,,Driver,North,Making Right Turn,Pedestrian,East,Proceeding Straight,POINT (-122.455215 37.7776),12.0,7.0,4.0,18.0,20
17189,vw_geo_sfpd_cr_switrs_all_types_col_cty_union.fid-c18a0c2_186644fdb18_-db8,4104,33314000.0,,170132155,37.7286410217783,-122.425963703056,SFPD-CROSSROADS,CITY STREET,02/15/2017 05:30:00 PM,2017 February 15,17:30:00,2017,February,Wednesday,SILVER AVE,CONGDON ST,0.0,Clear,Injury (Complaint of Pain),Vehicle/Pedestrian,Pedestrian,Crossing in Crosswalk at Intersection,Dry,No Unusual Condition,Daylight,Intersection <= 20ft,0.0,1,1.0,Driver,West,Making Right Turn,Pedestrian,South,Proceeding Straight,POINT (-122.425964 37.72864),90.0,9.0,1.0,7.0,17
17190,vw_geo_sfpd_cr_switrs_all_types_col_cty_union.fid-c18a0c2_186644fdb18_-1195,46617,20896000.0,,190097921,37.7309756183,-122.406085975,SFPD-INTERIM DB,CITY STREET,02/08/2019 04:29:00 PM,2019 February 08,16:29:00,2019,February,Friday,SILLIMAN ST,GIRARD ST,0.0,Clear,Injury (Complaint of Pain),Vehicle/Pedestrian,Pedestrian,Crossing in Crosswalk at Intersection,Wet,No Unusual Condition,Daylight,Intersection <= 20ft,0.0,2,1.0,Driver,West,Proceeding Straight,Pedestrian,North,Proceeding Straight,POINT (-122.40609 37.730976),91.0,2.0,2.0,25.0,16