,id,unique_id,cnn_intrsctn_fkey,cnn_sgmt_fkey,case_id_pkey,tb_latitude,tb_longitude,geocode_source,geocode_location,collision_datetime,collision_date,collision_time,accident_year,month,day_of_week,primary_rd,secondary_rd,distance,weather_1,collision_severity,type_of_collision,mviw,ped_action,road_surface,road_cond_1,lighting,intersection,number_killed,number_injured,party_at_fault,party1_type,party1_dir_of_travel,party1_move_pre_acc,party2_type,party2_dir_of_travel,party2_move_pre_acc,point,Neighborhoods,Current Police Districts,Current Supervisor Districts,Analysis Neighborhoods,hour
17193,vw_geo_sfpd_cr_switrs_all_types_col_cty_union.fid-c18a0c2_186644fdb18_-a7f,26394,24919000.000000004,,170124152,37.788082187514,-122.410056929791,SFPD-CROSSROADS,CITY STREET,02/13/2017 03:19:00 AM,2017 February 13,03:19:00,2017,February,Monday,POST ST,MASON ST,0.0,Clear,Injury (Other Visible),Vehicle/Pedestrian,Pedestrian,Crossing in Crosswalk at Intersection,Dry,No Unusual Condition,Dark - Street Lights,Intersection <= 20ft,0.0,1,1.0,Driver,East,Proceeding Straight,Pedestrian,North,Proceeding Straight,POINT (-122.41006 37.788082),50.0,6.0,3.0,21.0,03
17215,vw_geo_sfpd_cr_switrs_all_types_col_cty_union.fid-c18a0c2_186644fdb18_-fa9,23966,35048000.0,9096002.0,150588409,37.7835107775798,-122.405492718679,SFPD-CROSSROADS,CITY STREET,07/06/2015 04:44:00 PM,2015 July 06,16:44:00,2015,July,Monday,MISSION ST,05TH ST,402.0,Clear,Injury (Complaint of Pain),Broadside,Pedestrian,Crossing in Crosswalk Not at Intersection,Dry,No Unusual Condition,Daylight,Midblock > 20ft,0.0,2,1.0,Driver,West,Proceeding Straight,Pedestrian,North,Not Stated,POINT (-122.405495 37.783512),32.0,1.0,10.0,34.0,16
17217,vw_geo_sfpd_cr_switrs_all_types_col_cty_union.fid-c18a0c2_186644fdb18_-9e3,26680,24506000.0,7031000.0,160244384,37.7898562767219,-122.394364711835,SFPD-CROSSROADS,CITY STREET,03/24/2016 09:30:00 AM,2016 March 24,09:30:00,2016,March,Thursday,HOWARD ST,BEALE ST,36.0,Clear,Injury (Complaint of Pain),Vehicle/Pedestrian,Pedestrian,Crossing Not in Crosswalk,Dry,No Unusual Condition,Daylight,Midblock > 20ft,0.0,1,1.0,Pedestrian,East,Proceeding Straight,Driver,South,Proceeding Straight,POINT (-122.39436 37.789856),32.0,1.0,10.0,8.0,09
17223,vw_geo_sfpd_cr_switrs_all_types_col_cty_union.fid-c18a0c2_186644fdb18_-8aa,48614,25149000.0,,190977618,37.784235739,-122.41770675,SFPD-INTERIM DB,CITY STREET,12/29/2019 09:46:00 PM,2019 December 29,21:46:00,2019,December,Sunday,ELLIS ST,LARKIN ST,0.0,Cloudy,Injury (Complaint of Pain),Vehicle/Pedestrian,Pedestrian,Crossing in Crosswalk at Intersection,Wet,No Unusual Condition,Dark - Street Lights,Intersection <= 20ft,0.0,1,1.0,Driver,West,Making Left Turn,Pedestrian,North,Proceeding Straight,POINT (-122.41771 37.784237),20.0,5.0,10.0,36.0,21
17224,vw_geo_sfpd_cr_switrs_all_types_col_cty_union.fid-c18a0c2_186644fdb18_-1975,19173,26004000.0,601000.0,150790717,37.767325385215,-122.435665396645,SFPD-CROSSROADS,CITY STREET,09/09/2015 07:45:00 AM,2015 September 09,07:45:00,2015,September,Wednesday,14TH ST,CASTRO ST,12.0,Clear,Injury (Complaint of Pain),Vehicle/Pedestrian,Pedestrian,Crossing in Crosswalk at Intersection,Dry,No Unusual Condition,Dusk - Dawn,Intersection <= 20ft,0.0,1,1.0,Driver,East,Proceeding Straight,Pedestrian,North,Proceeding Straight,POINT (-122.43567 37.767326),112.0,7.0,5.0,5.0,07
17227,vw_geo_sfpd_cr_switrs_all_types_col_cty_union.fid-c18a0c2_186644fdb18_-1023,52030,52142000.0,2805000.0,190693256,37.7324461681,-122.404395972,SFPD-INTERIM DB,CITY STREET,09/16/2019 05:40:00 PM,2019 September 16,17:40:00,2019,September,Monday,BAY SHORE BLVD,SILVER AVE,198.0,Clear,Injury (Complaint of Pain),Vehicle/Pedestrian,Pedestrian,"In Road, Including Shoulder",Dry,No Unusual Condition,Daylight,Midblock > 20ft,0.0,1,,Driver,North,Other,Pedestrian,South,Stopped,POINT (-122.404396 37.732445),91.0,2.0,9.0,25.0,17
17232,vw_geo_sfpd_cr_switrs_all_types_col_cty_union.fid-c18a0c2_186644fdb18_-10a2,48055,27959000.0,6436101.0,190673775,37.7604017272,-122.50983491,SFPD-INTERIM DB,CITY STREET,09/09/2019 07:49:00 PM,2019 September 09,19:49:00,2019,September,Monday,GREAT HWY,LINCOLN WAY,1322.0,Cloudy,Injury (Other Visible),Vehicle/Pedestrian,Pedestrian,Crossing in Crosswalk at Intersection,Dry,Loose Material on Roadway,Dark - Street Lights,Midblock > 20ft,0.0,1,1.0,Pedestrian,East,Proceeding Straight,Driver,North,Slowing/Stopping,POINT (-122.509834 37.760403),39.0,10.0,7.0,35.0,19
17236,vw_geo_sfpd_cr_switrs_all_types_col_cty_union.fid-c18a0c2_186644fdb18_-1244,46759,25216000.000000004,,190153987,37.7864023196,-122.423213873,SFPD-INTERIM DB,CITY STREET,03/02/2019 03:49:00 PM,2019 March 02,15:49:00,2019,March,Saturday,FRANKLIN ST,POST ST,0.0,Raining,Injury (Complaint of Pain),Vehicle/Pedestrian,Pedestrian,Crossing in Crosswalk at Intersection,Wet,No Unusual Condition,Dusk - Dawn,Intersection <= 20ft,0.0,2,1.0,Driver,North,Making Left Turn,Pedestrian,West,Proceeding Straight,POINT (-122.42321 37.786404),100.0,4.0,6.0,39.0,15
17251,vw_geo_sfpd_cr_switrs_all_types_col_cty_union.fid-c18a0c2_186644fdb18_-1083,48446,24133000.0,,190680162,37.7619015632,-122.418271319,SFPD-INTERIM DB,CITY STREET,09/12/2019 12:12:00 AM,2019 September 12,00:12:00,2019,September,Thursday,CAPP ST,18TH ST,0.0,Clear,Injury (Other Visible),Vehicle/Pedestrian,Pedestrian,Crossing in Crosswalk at Intersection,Dry,No Unusual Condition,Dark - Street Lights,Intersection <= 20ft,0.0,1,1.0,Driver,South,Making Left Turn,Pedestrian,West,Proceeding Straight,POINT (-122.418274 37.7619),53.0,3.0,2.0,20.0,00
17261,vw_geo_sfpd_cr_switrs_all_types_col_cty_union.fid-c18a0c2_186644fdb18_-1c40,46381,26624000.0,4813101.0,190097288,37.7852370184,-122.439876599,SFPD-INTERIM DB,CITY STREET,02/08/2019 12:46:00 PM,2019 February 08,12:46:00,2019,February,Friday,DIVISADERO ST,SUTTER ST,4.0,Cloudy,Injury (Complaint of Pain),Vehicle/Pedestrian,Pedestrian,Crossing in Crosswalk at Intersection,Wet,No Unusual Condition,Daylight,Intersection <= 20ft,0.0,1,1.0,Pedestrian,East,Proceeding Straight,Driver,South,Proceeding Straight,POINT (-122.43988 37.785236),103.0,4.0,11.0,15.0,12
17266,vw_geo_sfpd_cr_switrs_all_types_col_cty_union.fid-c18a0c2_186644fdb18_-95a,50436,25012000.0,,190950664,37.7927617768,-122.411006736,SFPD-INTERIM DB,CITY STREET,12/18/2019 07:00:00 PM,2019 December 18,19:00:00,2019,December,Wednesday,SACRAMENTO ST,MASON ST,0.0,Raining,Injury (Complaint of Pain),Vehicle/Pedestrian,Pedestrian,Crossing in Crosswalk at Intersection,Wet,No Unusual Condition,Dark - Street Lights,Intersection <= 20ft,0.0,1,1.0,Driver,South,Making Left Turn,Pedestrian,East,Other,POINT (-122.411 37.792763),16.0,6.0,3.0,21.0,19
17276,vw_geo_sfpd_cr_switrs_all_types_col_cty_union.fid-c18a0c2_186644fdb18_-1590,20980,25952000.0,,160801257,37.7760442859664,-122.429554057244,SFPD-CROSSROADS,CITY STREET,10/02/2016 05:10:00 PM,2016 October 02,17:10:00,2016,October,Sunday,HAYES ST,WEBSTER ST,0.0,Clear,Injury (Severe),Vehicle/Pedestrian,Pedestrian,"In Road, Including Shoulder",Dry,No Unusual Condition,Daylight,Intersection <= 20ft,0.0,1,1.0,Driver,West,Making Left Turn,Pedestrian,East,Proceeding Straight,POINT (-122.42956 37.776043),22.0,4.0,11.0,9.0,17
17277,vw_geo_sfpd_cr_switrs_all_types_col_cty_union.fid-c18a0c2_186644fdb18_-c6d,49807,25830000.0,5317000.0,190827712,37.7612926297,-122.438322812,SFPD-INTERIM DB,CITY STREET,11/01/2019 06:48:00 PM,2019 November 01,18:48:00,2019,November,Friday,EUREKA ST,MARKET ST,150.0,Clear,Injury (Complaint of Pain),Sideswipe,Pedestrian,Crossing Not in Crosswalk,Dry,No Unusual Condition,Dark - Street Lights,Midblock > 20ft,0.0,1,1.0,Pedestrian,West,Proceeding Straight,Driver,South,Proceeding Straight,POINT (-122.438324 37.76129),115.0,3.0,5.0,5.0,18
17278,vw_geo_sfpd_cr_switrs_all_types_col_cty_union.fid-c18a0c2_186644fdb18_-10c6,23386,24500000.0,112000.0,140154355,37.7867518114355,-122.393795491783,SFPD-CROSSROADS,CITY STREET,02/21/2014 03:30:00 PM,2014 February 21,15:30:00,2014,February,Friday,01ST ST,GUY PL,51.0,Clear,Injury (Complaint of Pain),Vehicle/Pedestrian,Pedestrian,Crossing Not in Crosswalk,Dry,No Unusual Condition,Daylight,Midblock > 20ft,0.0,1,1.0,Pedestrian,East,Entering Traffic,Driver,South,Proceeding Straight,POINT (-122.3938 37.78675),30.0,1.0,10.0,8.0,15
17279,vw_geo_sfpd_cr_switrs_all_types_col_cty_union.fid-c18a0c2_186644fdb18_-1a1f,46900,26404000.0,5848000.0,190209427,37.7671195864,-122.447130883,SFPD-INTERIM DB,CITY STREET,03/24/2019 01:03:00 PM,2019 March 24,13:03:00,2019,March,Sunday,FREDERICK ST,DOWNEY ST,20.0,Clear,Injury (Other Visible),Vehicle/Pedestrian,Pedestrian,Crossing Not in Crosswalk,Dry,No Unusual Condition,Daylight,Intersection <= 20ft,0.0,1,1.0,Pedestrian,South,Proceeding Straight,Driver,West,Proceeding Straight,POINT (-122.44713 37.76712),114.0,7.0,11.0,3.0,13
17281,vw_geo_sfpd_cr_switrs_all_types_col_cty_union.fid-c18a0c2_186644fdb18_-1a3a,47741,22990000.0,,190201241,37.743289169,-122.470234915,SFPD-INTERIM DB,CITY STREET,03/21/2019 08:03:00 AM,2019 March 21,08:03:00,2019,March,Thursday,TARAVAL ST,14TH AVE,0.0,Clear,Injury (Severe),Vehicle/Pedestrian,Pedestrian,Crossing in Crosswalk at Intersection,Dry,No Unusual Condition,Daylight,Intersection <= 20ft,0.0,1,1.0,Driver,East,Proceeding Straight,Pedestrian,North,Proceeding Straight,POINT (-122.47024 37.74329),44.0,10.0,8.0,41.0,08
17287,vw_geo_sfpd_cr_switrs_all_types_col_cty_union.fid-c18a0c2_186644fdb18_-1629,42303,27262000.0,,170440920,37.7733038339108,-122.46802391701,SFPD-CROSSROADS,CITY STREET,05/29/2017 05:00:00 PM,2017 May 29,17:00:00,2017,May,Monday,FULTON ST,10TH AVE,0.0,Wind,Injury (Complaint of Pain),Vehicle/Pedestrian,Pedestrian,Crossing in Crosswalk at Intersection,Dry,No Unusual Condition,Daylight,Intersection <= 20ft,0.0,1,1.0,Driver,North,Making Right Turn,Pedestrian,West,Proceeding Straight,POINT (-122.468025 37.773304),5.0,8.0,4.0,11.0,17
17297,vw_geo_sfpd_cr_switrs_all_types_col_cty_union.fid-c18a0c2_186644fdb18_-a50,49384,25712000.0,,190923075,37.761289573,-122.428354064,SFPD-INTERIM DB,CITY STREET,12/07/2019 11:08:00 PM,2019 December 07,23:08:00,2019,December,Saturday,18TH ST,CHURCH ST,0.0,Cloudy,Injury (Complaint of Pain),Broadside,Pedestrian,Crossing in Crosswalk at Intersection,Wet,No Unusual Condition,Dark - Street Lights,Intersection <= 20ft,0.0,1,1.0,Driver,West,Making Right Turn,Pedestrian,North,Proceeding Straight,POINT (-122.42835 37.761288),37.0,3.0,5.0,5.0,23
17312,vw_geo_sfpd_cr_switrs_all_types_col_cty_union.fid-c18a0c2_186644fdb18_-1ccd,46542,26816000.0,,190070541,37.7859677461,-122.44172632,SFPD-INTERIM DB,CITY STREET,01/28/2019 08:29:00 PM,2019 January 28,20:29:00,2019,January,Monday,BUSH ST,BRODERICK ST,0.0,Clear,Injury (Complaint of Pain),Vehicle/Pedestrian,Pedestrian,Crossing in Crosswalk at Intersection,Dry,No Unusual Condition,Dark - No Street Lights,Intersection <= 20ft,0.0,1,1.0,Driver,East,Making Left Turn,Pedestrian,North,Proceeding Straight,POINT (-122.44173 37.78597),103.0,8.0,6.0,30.0,20
17318,vw_geo_sfpd_cr_switrs_all_types_col_cty_union.fid-c18a0c2_186644fdb18_-1480,21573,24463000.0,6264000.0,140174143,37.7812386586926,-122.418785739704,SFPD-CROSSROADS,CITY STREET,02/28/2014 10:30:00 AM,2014 February 28,10:30:00,2014,February,Friday,GOLDEN GATE AVE,POLK ST,7.0,Raining,Injury (Complaint of Pain),Vehicle/Pedestrian,Pedestrian,Crossing in Crosswalk at Intersection,Wet,No Unusual Condition,Daylight,Intersection <= 20ft,0.0,1,1.0,Driver,East,Making Right Turn,Pedestrian,North,Proceeding Straight,POINT (-122.418785 37.78124),21.0,4.0,10.0,36.0,10
17327,vw_geo_sfpd_cr_switrs_all_types_col_cty_union.fid-c18a0c2_186644fdb18_-1be5,46662,25411000.0,,190113276,37.7983727036,-122.410456158,SFPD-INTERIM DB,CITY STREET,02/14/2019 10:05:00 PM,2019 February 14,22:05:00,2019,February,Thursday,POWELL ST,VALLEJO ST,0.0,Raining,Injury (Complaint of Pain),Vehicle/Pedestrian,Pedestrian,Crossing in Crosswalk at Intersection,Wet,No Unusual Condition,Dark - Street Lights,Intersection <= 20ft,0.0,1,,Driver,North,Proceeding Straight,Pedestrian,East,Proceeding Straight,POINT (-122.41045 37.798374),106.0,6.0,3.0,6.0,22
17337,vw_geo_sfpd_cr_switrs_all_types_col_cty_union.fid-c18a0c2_186644fdb18_-12a7,16378,23946000.0,,180161229,37.7797389058,-122.407159488,SFPD-INTERIM DB,CITY STREET,03/01/2018 04:14:00 PM,2018 March 01,16:14:00,2018,March,Thursday,HOWARD ST,06TH ST,0.0,Raining,Injury (Complaint of Pain),Vehicle/Pedestrian,Pedestrian,Crossing in Crosswalk at Intersection,Wet,No Unusual Condition,Daylight,Intersection <= 20ft,0.0,1,1.0,Driver,South,Making Left Turn,Pedestrian,West,Proceeding Straight,POINT (-122.40716 37.77974),32.0,1.0,10.0,34.0,16
17349,vw_geo_sfpd_cr_switrs_all_types_col_cty_union.fid-c18a0c2_186644fdb18_-1a4b,39424,23209000.0,,160794903,37.7466379273952,-122.479166139196,SFPD-CROSSROADS,CITY STREET,09/30/2016 03:24:00 PM,2016 September 30,15:24:00,2016,September,Friday,22ND AVE,RIVERA ST,0.0,Clear,Injury (Other Visible),Vehicle/Pedestrian,Pedestrian,Crossing in Crosswalk at Intersection,Dry,No Unusual Condition,Daylight,Intersection <= 20ft,0.0,1,1.0,Driver,South,Proceeding Straight,Pedestrian,East,Other,POINT (-122.479164 37.74664),40.0,10.0,7.0,35.0,15
17354,vw_geo_sfpd_cr_switrs_all_types_col_cty_union.fid-c18a0c2_186644fdb18_-b1b,52006,23921000.0,,190889029,37.7768462346,-122.404610031,SFPD-INTERIM DB,CITY STREET,11/24/2019 05:22:00 AM,2019 November 24,05:22:00,2019,November,Sunday,HARRISON ST,HARRIET ST,0.0,Clear,Injury (Severe),Rear End,Pedestrian,Crossing in Crosswalk Not at Intersection,Dry,No Unusual Condition,Dark - Street Lights,Intersection <= 20ft,0.0,3,1.0,Driver,West,Proceeding Straight,Pedestrian,West,Other,POINT (-122.40461 37.776848),32.0,1.0,10.0,34.0,05
17363,vw_geo_sfpd_cr_switrs_all_types_col_cty_union.fid-c18a0c2_186644fdb18_-1a49,39443,23204000.000000004,918101.0,170996597,37.7486254110677,-122.476018136868,SFPD-CROSSROADS,CITY STREET,12/09/2017 04:35:00 PM,2017 December 09,16:35:00,2017,December,Saturday,19TH AVE,QUINTARA ST,10.0,Clear,Fatal,Vehicle/Pedestrian,Pedestrian,Crossing in Crosswalk at Intersection,Dry,No Unusual Condition,Daylight,Intersection <= 20ft,1.0,0,1.0,Driver,South,Making Left Turn,Pedestrian,East,Not Stated,POINT (-122.47602 37.748627),44.0,10.0,7.0,41.0,16
17367,vw_geo_sfpd_cr_switrs_all_types_col_cty_union.fid-c18a0c2_186644fdb18_-108a,47973,22575000.0,,190679820,37.7166034617,-122.459063546,SFPD-INTERIM DB,CITY STREET,09/11/2019 09:01:00 PM,2019 September 11,21:01:00,2019,September,Wednesday,MONTANA ST,CAPITOL AVE,0.0,Clear,Injury (Complaint of Pain),Vehicle/Pedestrian,Pedestrian,Crossing in Crosswalk at Intersection,Dry,No Unusual Condition,Dark - Street Lights,Intersection <= 20ft,0.0,1,1.0,Driver,West,Proceeding Straight,Pedestrian,North,Proceeding Straight,POINT (-122.45906 37.716602),81.0,10.0,1.0,24.0,21
17369,vw_geo_sfpd_cr_switrs_all_types_col_cty_union.fid-c18a0c2_186644fdb18_-1ced,25342,24892000.0,8747202.0,170023388,37.7857352678874,-122.405855587198,SFPD-CROSSROADS,CITY STREET,01/09/2017 02:47:00 PM,2017 January 09,14:47:00,2017,January,Monday,MARKET ST,STOCKTON ST,8.0,Raining,Injury (Other Visible),Vehicle/Pedestrian,Pedestrian,"In Road, Including Shoulder",Wet,No Unusual Condition,Daylight,Intersection <= 20ft,0.0,1,1.0,Pedestrian,East,Entering Traffic,Driver,East,Proceeding Straight,POINT (-122.40585 37.785736),19.0,5.0,10.0,34.0,14
17371,vw_geo_sfpd_cr_switrs_all_types_col_cty_union.fid-c18a0c2_186644fdb18_-1eee,33540,24768000.0,,180919078,37.7982229714,-122.403863018,SFPD-INTERIM DB,CITY STREET,12/05/2018 10:09:00 PM,2018 December 05,22:09:00,2018,December,Wednesday,BROADWAY,MONTGOMERY ST,0.0,Clear,Injury (Complaint of Pain),Vehicle/Pedestrian,Pedestrian,Crossing in Crosswalk at Intersection,Dry,No Unusual Condition,Dark - Street Lights,Intersection <= 20ft,0.0,1,1.0,Driver,North,Making Left Turn,Pedestrian,South,Proceeding Straight,POINT (-122.40386 37.79822),106.0,6.0,3.0,23.0,22
17389,vw_geo_sfpd_cr_switrs_all_types_col_cty_union.fid-c18a0c2_186644fdb18_-1906,40437,27147000.0,433000.0,140280154,37.762143666731,-122.466178363914,SFPD-CROSSROADS,CITY STREET,04/04/2014 02:43:00 PM,2014 April 04,14:43:00,2014,April,Friday,09TH AVE,JUDAH ST,11.0,Clear,Injury (Complaint of Pain),Vehicle/Pedestrian,Pedestrian,Crossing in Crosswalk at Intersection,Dry,No Unusual Condition,Daylight,Intersection <= 20ft,0.0,1,1.0,Driver,South,Making Left Turn,Pedestrian,East,Other,POINT (-122.46618 37.762142),109.0,10.0,8.0,14.0,14
17393,vw_geo_sfpd_cr_switrs_all_types_col_cty_union.fid-c18a0c2_186644fdb18_-1dbd,35912,25586000.000000004,2847000.0,160697517,37.8063785889296,-122.42264028756,SFPD-CROSSROADS,CITY STREET,08/28/2016 03:00:00 PM,2016 August 28,15:00:00,2016,August,Sunday,BEACH ST,LARKIN ST,130.0,Clear,Injury (Complaint of Pain),Vehicle/Pedestrian,Pedestrian,Crossing Not in Crosswalk,Dry,No Unusual Condition,Daylight,Midblock > 20ft,0.0,1,1.0,Pedestrian,North,Proceeding Straight,Driver,West,Proceeding Straight,POINT (-122.42264 37.806377),98.0,6.0,6.0,32.0,15
17406,vw_geo_sfpd_cr_switrs_all_types_col_cty_union.fid-c18a0c2_186644fdb18_-11b6,47295,25178000.000000004,,190281588,37.7840291164,-122.419364168,SFPD-INTERIM DB,CITY STREET,04/20/2019 03:05:00 PM,2019 April 20,15:05:00,2019,April,Saturday,POLK ST,ELLIS ST,0.0,Clear,Injury (Complaint of Pain),Vehicle/Pedestrian,Pedestrian,Crossing in Crosswalk at Intersection,Dry,No Unusual Condition,Daylight,Intersection <= 20ft,0.0,1,1.0,Driver,South,Making Left Turn,Pedestrian,East,Proceeding Straight,POINT (-122.419365 37.78403),20.0,4.0,10.0,36.0,15
17422,vw_geo_sfpd_cr_switrs_all_types_col_cty_union.fid-c18a0c2_186644fdb18_-1c7d,17366,24372000.0,9113000.0,170788548,37.7682863638957,-122.419982345039,SFPD-CROSSROADS,CITY STREET,09/27/2017 08:46:00 AM,2017 September 27,08:46:00,2017,September,Wednesday,MISSION ST,14TH ST,5.0,Clear,Injury (Other Visible),Vehicle/Pedestrian,Pedestrian,Crossing in Crosswalk at Intersection,Dry,No Unusual Condition,Daylight,Intersection <= 20ft,0.0,1,1.0,Driver,South,Proceeding Straight,Pedestrian,East,Proceeding Straight,POINT (-122.41998 37.768288),53.0,3.0,2.0,20.0,08
17431,vw_geo_sfpd_cr_switrs_all_types_col_cty_union.fid-c18a0c2_186644fdb18_-cfd,51987,24241000.0,,190810397,37.7698150783,-122.417753194,SFPD-INTERIM DB,CITY STREET,10/26/2019 12:14:00 AM,2019 October 26,00:14:00,2019,October,Saturday,SOUTH VAN NESS AVE,13TH ST,0.0,Clear,Injury (Severe),Vehicle/Pedestrian,Pedestrian,"In Road, Including Shoulder",Dry,No Unusual Condition,Dark - Street Lights,Intersection <= 20ft,0.0,1,,Driver,West,Not Stated,Pedestrian,West,Other,POINT (-122.417755 37.769814),53.0,3.0,2.0,20.0,00
17436,vw_geo_sfpd_cr_switrs_all_types_col_cty_union.fid-c18a0c2_186644fdb18_-e77,50263,24199000.0,415002.0,190762685,37.7726682207,-122.407146446,SFPD-INTERIM DB,CITY STREET,10/10/2019 06:20:00 AM,2019 October 10,06:20:00,2019,October,Thursday,08TH ST,BRYANT ST,73.0,Clear,Injury (Complaint of Pain),Vehicle/Pedestrian,Pedestrian,Not in Road,Dry,No Unusual Condition,Dusk - Dawn,Midblock > 20ft,0.0,1,1.0,Driver,South,Ran Off Road,Pedestrian,South,Stopped,POINT (-122.40714 37.772667),32.0,1.0,10.0,34.0,06
17437,vw_geo_sfpd_cr_switrs_all_types_col_cty_union.fid-c18a0c2_186644fdb18_-79f,10307,25607000.0,6585201.0,180702566,37.7535371723,-122.423038434,SFPD-INTERIM DB,CITY STREET,09/16/2018 04:27:00 PM,2018 September 16,16:27:00,2018,September,Sunday,GUERRERO ST,23RD ST,12.0,Clear,Injury (Complaint of Pain),Vehicle/Pedestrian,Pedestrian,Crossing in Crosswalk at Intersection,Dry,No Unusual Condition,Daylight,Intersection <= 20ft,0.0,1,1.0,Driver,South,Making Left Turn,Pedestrian,East,Proceeding Straight,POINT (-122.423035 37.753536),52.0,3.0,5.0,20.0,16
17440,vw_geo_sfpd_cr_switrs_all_types_col_cty_union.fid-c18a0c2_186644fdb18_-a95,7320,33496000.0,4778201.0,171002163,37.7419634627634,-122.435902058159,SFPD-CROSSROADS,CITY STREET,12/11/2017 04:13:00 PM,2017 December 11,16:13:00,2017,December,Monday,DIAMOND HEIGHTS BLVD,DIAMOND ST (N),175.0,Clear,Injury (Complaint of Pain),Vehicle/Pedestrian,Pedestrian,Crossing Not in Crosswalk,Dry,No Unusual Condition,Daylight,Midblock > 20ft,0.0,1,,Driver,North,Proceeding Straight,Pedestrian,East,Proceeding Straight,POINT (-122.435905 37.741962),57.0,9.0,5.0,10.0,16
17449,vw_geo_sfpd_cr_switrs_all_types_col_cty_union.fid-c18a0c2_186644fdb18_-c81,49805,25053000.0,12207000.0,190824326,37.7963789084,-122.40836528,SFPD-INTERIM DB,CITY STREET,10/31/2019 04:03:00 PM,2019 October 31,16:03:00,2019,October,Thursday,STOCKTON ST,PACIFIC AVE,120.0,Clear,Injury (Complaint of Pain),Vehicle/Pedestrian,Pedestrian,Crossing Not in Crosswalk,Dry,No Unusual Condition,Daylight,Midblock > 20ft,0.0,1,1.0,Pedestrian,West,Proceeding Straight,Driver,North,Crossed Into Opposing Lane,POINT (-122.40836 37.79638),104.0,6.0,3.0,6.0,16
17454,vw_geo_sfpd_cr_switrs_all_types_col_cty_union.fid-c18a0c2_186644fdb18_-13f2,48489,25164000.0,12326000.0,190515923,37.7884535048,-122.414672641,SFPD-INTERIM DB,CITY STREET,07/16/2019 05:06:00 PM,2019 July 16,17:06:00,2019,July,Tuesday,SUTTER ST,LEAVENWORTH ST,150.0,Clear,Injury (Complaint of Pain),Vehicle/Pedestrian,Pedestrian,Not in Road,Dry,No Unusual Condition,Daylight,Midblock > 20ft,0.0,1,1.0,Driver,North,Proceeding Straight,Pedestrian,East,Stopped,POINT (-122.41467 37.788452),50.0,6.0,3.0,21.0,17
17463,vw_geo_sfpd_cr_switrs_all_types_col_cty_union.fid-c18a0c2_186644fdb18_-b8e,49494,25195000.0,9472000.0,190872723,37.7853193852,-122.420533571,SFPD-INTERIM DB,CITY STREET,11/18/2019 02:12:00 PM,2019 November 18,14:12:00,2019,November,Monday,ALICE B TOKLAS PL,VAN NESS AVE,200.0,Clear,Injury (Complaint of Pain),Vehicle/Pedestrian,Pedestrian,Not in Road,Dry,No Unusual Condition,Daylight,Midblock > 20ft,0.0,1,1.0,Driver,South,Proceeding Straight,Pedestrian,South,Stopped,POINT (-122.42053 37.78532),20.0,4.0,10.0,36.0,14
17479,vw_geo_sfpd_cr_switrs_all_types_col_cty_union.fid-c18a0c2_186644fdb18_-d53,25098,24936000.0,,160011666,37.7848662451966,-122.412782128208,SFPD-CROSSROADS,CITY STREET,01/05/2016 12:45:00 PM,2016 January 05,12:45:00,2016,January,Tuesday,JONES ST,ELLIS ST,0.0,Raining,Injury (Complaint of Pain),Head-On,Pedestrian,Crossing in Crosswalk at Intersection,Wet,No Unusual Condition,Daylight,Intersection <= 20ft,0.0,1,1.0,Driver,South,Making Left Turn,Pedestrian,East,Proceeding Straight,POINT (-122.41278 37.784866),20.0,5.0,10.0,36.0,12
17493,vw_geo_sfpd_cr_switrs_all_types_col_cty_union.fid-c18a0c2_186644fdb18_-1d8b,16938,24293000.0,,170603918,37.780971183063,-122.408708673534,SFPD-CROSSROADS,CITY STREET,07/25/2017 02:24:00 AM,2017 July 25,02:24:00,2017,July,Tuesday,MISSION ST,06TH ST,0.0,Clear,Injury (Severe),Vehicle/Pedestrian,Pedestrian,Crossing in Crosswalk at Intersection,Dry,No Unusual Condition,Dark - Street Lights,Intersection <= 20ft,0.0,1,1.0,Driver,West,Making Right Turn,Pedestrian,South,Proceeding Straight,POINT (-122.40871 37.78097),32.0,1.0,10.0,34.0,02
17494,vw_geo_sfpd_cr_switrs_all_types_col_cty_union.fid-c18a0c2_186644fdb18_-153e,47601,34162000.0,185208.0,190450614,37.7686915994,-122.389364842,SFPD-INTERIM DB,CITY STREET,06/22/2019 02:04:00 AM,2019 June 22,02:04:00,2019,June,Saturday,03RD ST,SOUTH ST,50.0,Clear,Injury (Severe),Vehicle/Pedestrian,Pedestrian,"In Road, Including Shoulder",Dry,Construction or Repair Zone,Dark - Street Lights,Midblock > 20ft,0.0,2,1.0,Driver,North,Changing Lanes,Driver,North,Stopped,POINT (-122.389366 37.768692),34.0,1.0,10.0,4.0,02
17503,vw_geo_sfpd_cr_switrs_all_types_col_cty_union.fid-c18a0c2_186644fdb18_-f10,50244,23797000.0,,190736771,37.7757873155,-122.393355125,SFPD-INTERIM DB,CITY STREET,10/01/2019 01:15:00 PM,2019 October 01,13:15:00,2019,October,Tuesday,04TH ST,BERRY ST,0.0,Clear,Injury (Severe),Broadside,Pedestrian,Crossing in Crosswalk at Intersection,Dry,No Unusual Condition,Daylight,Intersection <= 20ft,0.0,1,1.0,Driver,South,Proceeding Straight,Pedestrian,East,Proceeding Straight,POINT (-122.39336 37.775787),34.0,1.0,10.0,4.0,13