,id,unique_id,cnn_intrsctn_fkey,cnn_sgmt_fkey,case_id_pkey,tb_latitude,tb_longitude,geocode_source,geocode_location,collision_datetime,collision_date,collision_time,accident_year,month,day_of_week,primary_rd,secondary_rd,distance,weather_1,collision_severity,type_of_collision,mviw,ped_action,road_surface,road_cond_1,lighting,intersection,number_killed,number_injured,party_at_fault,party1_type,party1_dir_of_travel,party1_move_pre_acc,party2_type,party2_dir_of_travel,party2_move_pre_acc,point,Neighborhoods,Current Police Districts,Current Supervisor Districts,Analysis Neighborhoods,hour
17513,vw_geo_sfpd_cr_switrs_all_types_col_cty_union.fid-c18a0c2_186644fdb18_-e62,24587,24933000.0,,160925136,37.7825850335311,-122.415693873471,SFPD-CROSSROADS,CITY STREET,11/13/2016 03:56:00 PM,2016 November 13,15:56:00,2016,November,Sunday,HYDE ST,TURK ST,0.0,Clear,Injury (Complaint of Pain),Vehicle/Pedestrian,Pedestrian,Crossing in Crosswalk at Intersection,Dry,No Unusual Condition,Daylight,Intersection <= 20ft,0.0,1,1.0,Driver,South,Making Left Turn,Pedestrian,West,Proceeding Straight,POINT (-122.415695 37.782585),20.0,5.0,10.0,36.0,15
17514,vw_geo_sfpd_cr_switrs_all_types_col_cty_union.fid-c18a0c2_186644fdb18_-1858,47304,24289000.0,369000.0,190288948,37.7784862147,-122.410026015,SFPD-INTERIM DB,CITY STREET,04/23/2019 12:16:00 PM,2019 April 23,12:16:00,2019,April,Tuesday,07TH ST,NATOMA ST,36.0,Clear,Fatal,Vehicle/Pedestrian,Pedestrian,"In Road, Including Shoulder",Dry,No Unusual Condition,Daylight,Midblock > 20ft,1.0,0,2.0,Driver,North,Proceeding Straight,Pedestrian,North,Not Stated,POINT (-122.41003 37.778484),32.0,1.0,10.0,34.0,12
17518,vw_geo_sfpd_cr_switrs_all_types_col_cty_union.fid-c18a0c2_186644fdb18_-1392,48557,24610000.0,9093000.0,190534848,37.7873768625,-122.400596363,SFPD-INTERIM DB,CITY STREET,07/23/2019 05:09:00 PM,2019 July 23,17:09:00,2019,July,Tuesday,MISSION ST,NEW MONTGOMERY ST,38.0,Clear,Injury (Severe),Vehicle/Pedestrian,Pedestrian,"In Road, Including Shoulder",Dry,No Unusual Condition,Daylight,Midblock > 20ft,0.0,1,1.0,Driver,East,Proceeding Straight,Pedestrian,East,Other,POINT (-122.4006 37.787376),32.0,1.0,10.0,8.0,17
17532,vw_geo_sfpd_cr_switrs_all_types_col_cty_union.fid-c18a0c2_186644fdb18_-1cba,46552,25864000.000000004,,190075535,37.7706601752,-122.426780766,SFPD-INTERIM DB,CITY STREET,01/30/2019 05:55:00 PM,2019 January 30,17:55:00,2019,January,Wednesday,HERMANN ST,BUCHANAN ST,0.0,Clear,Injury (Complaint of Pain),Vehicle/Pedestrian,Pedestrian,Crossing in Crosswalk at Intersection,Dry,No Unusual Condition,Daylight,Intersection <= 20ft,0.0,1,1.0,Driver,West,Making Left Turn,Pedestrian,South,Proceeding Straight,POINT (-122.42678 37.77066),27.0,7.0,5.0,9.0,17
17545,vw_geo_sfpd_cr_switrs_all_types_col_cty_union.fid-c18a0c2_186644fdb18_-931,49966,27595000.0,,190955971,37.7867215802,-122.463617944,SFPD-INTERIM DB,CITY STREET,12/20/2019 06:27:00 PM,2019 December 20,18:27:00,2019,December,Friday,LAKE ST,05TH AVE,0.0,Clear,Injury (Complaint of Pain),Vehicle/Pedestrian,Pedestrian,Crossing in Crosswalk at Intersection,Dry,No Unusual Condition,Dark - Street Lights,Intersection <= 20ft,0.0,1,1.0,Driver,East,Proceeding Straight,Pedestrian,South,Proceeding Straight,POINT (-122.463615 37.78672),4.0,8.0,6.0,11.0,18
17550,vw_geo_sfpd_cr_switrs_all_types_col_cty_union.fid-c18a0c2_186644fdb18_-1d1c,46497,25957000.0,,190049580,37.7767596778,-122.431384423,SFPD-INTERIM DB,CITY STREET,01/20/2019 06:40:00 PM,2019 January 20,18:40:00,2019,January,Sunday,GROVE ST,FILLMORE ST,0.0,Cloudy,Injury (Severe),Vehicle/Pedestrian,Pedestrian,Crossing in Crosswalk at Intersection,Wet,No Unusual Condition,Dark - Street Lights,Intersection <= 20ft,0.0,1,1.0,Driver,West,Proceeding Straight,Pedestrian,South,Proceeding Straight,POINT (-122.43138 37.77676),22.0,4.0,11.0,9.0,18
17551,vw_geo_sfpd_cr_switrs_all_types_col_cty_union.fid-c18a0c2_186644fdb18_-134e,22214,25973000.0,5543000.0,130599868,37.7806283897339,-122.432167123054,SFPD-CROSSROADS,CITY STREET,07/21/2013 02:20:00 PM,2013 July 21,14:20:00,2013,July,Sunday,FILLMORE ST,TURK ST,49.0,Clear,Injury (Complaint of Pain),Vehicle/Pedestrian,Pedestrian,Crossing Not in Crosswalk,Dry,No Unusual Condition,Daylight,Midblock > 20ft,0.0,2,1.0,Pedestrian,East,Entering Traffic,Pedestrian,East,Entering Traffic,POINT (-122.43217 37.78063),97.0,4.0,11.0,39.0,14
17553,vw_geo_sfpd_cr_switrs_all_types_col_cty_union.fid-c18a0c2_186644fdb18_-1633,47435,22528000.0,2184101.0,190403306,37.710598455,-122.469272372,SFPD-INTERIM DB,CITY STREET,06/05/2019 07:35:00 AM,2019 June 05,07:35:00,2019,June,Wednesday,ALEMANY BLVD,SAINT CHARLES AVE,5.0,Clear,Injury (Other Visible),Vehicle/Pedestrian,Pedestrian,Crossing in Crosswalk at Intersection,Dry,No Unusual Condition,Daylight,Intersection <= 20ft,0.0,1,1.0,Pedestrian,North,Proceeding Straight,Driver,East,Proceeding Straight,POINT (-122.46927 37.710598),65.0,10.0,8.0,24.0,07
17555,vw_geo_sfpd_cr_switrs_all_types_col_cty_union.fid-c18a0c2_186644fdb18_-ed7,24371,24334000.0,6261000.0,150396155,37.7818501684316,-122.413968895399,SFPD-CROSSROADS,CITY STREET,05/07/2015 06:55:00 AM,2015 May 07,06:55:00,2015,May,Thursday,GOLDEN GATE AVE,LEAVENWORTH ST,30.0,Clear,Injury (Complaint of Pain),Vehicle/Pedestrian,Pedestrian,Crossing Not in Crosswalk,Dry,No Unusual Condition,Daylight,Midblock > 20ft,0.0,1,1.0,Pedestrian,South,Proceeding Straight,Driver,East,Proceeding Straight,POINT (-122.41397 37.78185),21.0,5.0,10.0,36.0,06
17562,vw_geo_sfpd_cr_switrs_all_types_col_cty_union.fid-c18a0c2_186644fdb18_-efe,50247,33638000.0,1251000.0,190739098,37.7543614729,-122.405052751,SFPD-INTERIM DB,CITY STREET,10/02/2019 09:37:00 AM,2019 October 02,09:37:00,2019,October,Wednesday,23RD ST,UTAH ST,116.0,Clear,Injury (Complaint of Pain),Vehicle/Pedestrian,Pedestrian,Crossing in Crosswalk Not at Intersection,Dry,No Unusual Condition,Daylight,Midblock > 20ft,0.0,1,1.0,Driver,East,Making Left Turn,Pedestrian,North,Proceeding Straight,POINT (-122.40505 37.75436),54.0,3.0,9.0,20.0,09
17567,vw_geo_sfpd_cr_switrs_all_types_col_cty_union.fid-c18a0c2_186644fdb18_-1bb2,35493,26751000.0,8460201.0,150723025,37.7998468344863,-122.436056849353,SFPD-CROSSROADS,CITY STREET,08/19/2015 07:02:00 AM,2015 August 19,07:02:00,2015,August,Wednesday,LOMBARD ST,FILLMORE ST,4.0,Cloudy,Injury (Other Visible),Vehicle/Pedestrian,Pedestrian,Crossing in Crosswalk at Intersection,Dry,No Unusual Condition,Daylight,Intersection <= 20ft,0.0,1,1.0,Driver,West,Making Right Turn,Pedestrian,South,Proceeding Straight,POINT (-122.43606 37.799847),17.0,4.0,6.0,13.0,07
17570,vw_geo_sfpd_cr_switrs_all_types_col_cty_union.fid-c18a0c2_186644fdb18_-1235,50164,24450000.0,13145101.0,190604924,37.7773123681,-122.419707125,SFPD-INTERIM DB,CITY STREET,08/16/2019 10:11:00 PM,2019 August 16,22:11:00,2019,August,Friday,VAN NESS AVE,HAYES ST,6.0,Clear,Injury (Severe),Vehicle/Pedestrian,Pedestrian,Crossing in Crosswalk at Intersection,Dry,No Unusual Condition,Dark - Street Lights,Intersection <= 20ft,0.0,1,,Pedestrian,East,Other,Driver,North,Proceeding Straight,POINT (-122.41971 37.777313),21.0,4.0,11.0,9.0,22
17573,vw_geo_sfpd_cr_switrs_all_types_col_cty_union.fid-c18a0c2_186644fdb18_-e94,48729,24774000.000000004,,190759206,37.7953266921,-122.404957208,SFPD-INTERIM DB,CITY STREET,10/09/2019 06:15:00 AM,2019 October 09,06:15:00,2019,October,Wednesday,WASHINGTON ST,KEARNY ST,0.0,Clear,Injury (Other Visible),Head-On,Pedestrian,Crossing in Crosswalk at Intersection,Dry,No Unusual Condition,Dark - Street Lights,Intersection <= 20ft,0.0,1,1.0,Driver,West,Proceeding Straight,Pedestrian,North,Making Left Turn,POINT (-122.40496 37.795326),104.0,6.0,3.0,6.0,06
17582,vw_geo_sfpd_cr_switrs_all_types_col_cty_union.fid-c18a0c2_186644fdb18_-12ad,22532,26471000.0,5901000.0,160276321,37.7750244616166,-122.452574795629,SFPD-CROSSROADS,CITY STREET,04/04/2016 07:52:00 AM,2016 April 04,07:52:00,2016,April,Monday,FULTON ST,SHRADER ST,125.0,Clear,Injury (Complaint of Pain),Vehicle/Pedestrian,Pedestrian,Crossing Not in Crosswalk,Dry,No Unusual Condition,Daylight,Midblock > 20ft,0.0,1,1.0,Pedestrian,North,Other,Driver,East,Making Left Turn,POINT (-122.452576 37.775024),12.0,7.0,4.0,18.0,07
17590,vw_geo_sfpd_cr_switrs_all_types_col_cty_union.fid-c18a0c2_186644fdb18_-1730,47343,22272000.0,,190354555,37.7330979559,-122.442002319,SFPD-INTERIM DB,CITY STREET,05/17/2019 09:05:00 PM,2019 May 17,21:05:00,2019,May,Friday,CONGO ST,MANGELS AVE,0.0,Clear,Injury (Complaint of Pain),Vehicle/Pedestrian,Pedestrian,"In Road, Including Shoulder",Dry,No Unusual Condition,Dark - Street Lights,Intersection <= 20ft,0.0,1,1.0,Pedestrian,East,Proceeding Straight,Driver,North,Proceeding Straight,POINT (-122.442 37.733097),95.0,9.0,5.0,41.0,21
17592,vw_geo_sfpd_cr_switrs_all_types_col_cty_union.fid-c18a0c2_186644fdb18_-11c5,47914,25181000.0,,190623350,37.785433036,-122.419638989,SFPD-INTERIM DB,CITY STREET,08/23/2019 09:09:00 AM,2019 August 23,09:09:00,2019,August,Friday,POLK ST,ALICE B TOKLAS PL,0.0,Clear,Injury (Complaint of Pain),Broadside,Pedestrian,Crossing Not in Crosswalk,Dry,No Unusual Condition,Daylight,Intersection <= 20ft,0.0,1,1.0,Pedestrian,East,Proceeding Straight,Driver,South,Proceeding Straight,POINT (-122.41964 37.785435),20.0,4.0,10.0,36.0,09
17614,vw_geo_sfpd_cr_switrs_all_types_col_cty_union.fid-c18a0c2_186644fdb18_-1c9a,46362,24791000.0,4288000.0,190083118,37.7967988649,-122.405129319,SFPD-INTERIM DB,CITY STREET,02/02/2019 05:40:00 PM,2019 February 02,17:40:00,2019,February,Saturday,COLUMBUS AVE,KEARNY ST,61.0,Raining,Injury (Complaint of Pain),Vehicle/Pedestrian,Pedestrian,"In Road, Including Shoulder",Wet,No Unusual Condition,Dark - Street Lights,Midblock > 20ft,0.0,1,1.0,Pedestrian,South,Proceeding Straight,Driver,South,Changing Lanes,POINT (-122.40513 37.7968),106.0,6.0,3.0,6.0,17
17616,vw_geo_sfpd_cr_switrs_all_types_col_cty_union.fid-c18a0c2_186644fdb18_-178f,47538,24934000.0,8240000.0,190335618,37.7829570115,-122.414086618,SFPD-INTERIM DB,CITY STREET,05/10/2019 04:55:00 PM,2019 May 10,16:55:00,2019,May,Friday,LEAVENWORTH ST,TURK ST,60.0,Clear,Injury (Complaint of Pain),Vehicle/Pedestrian,Pedestrian,Crossing Not in Crosswalk,Dry,No Unusual Condition,Daylight,Midblock > 20ft,0.0,1,1.0,Pedestrian,East,Entering Traffic,Driver,North,Proceeding Straight,POINT (-122.414085 37.782955),20.0,5.0,10.0,36.0,16
17620,vw_geo_sfpd_cr_switrs_all_types_col_cty_union.fid-c18a0c2_186644fdb18_-19e9,18938,25864000.000000004,,160207047,37.7706601749846,-122.426780765723,SFPD-CROSSROADS,CITY STREET,03/11/2016 11:16:00 AM,2016 March 11,11:16:00,2016,March,Friday,HERMANN ST,BUCHANAN ST,0.0,Clear,Injury (Complaint of Pain),Vehicle/Pedestrian,Pedestrian,Crossing in Crosswalk at Intersection,Dry,No Unusual Condition,Daylight,Intersection <= 20ft,0.0,1,1.0,Driver,North,Making Left Turn,Pedestrian,South,Proceeding Straight,POINT (-122.42678 37.77066),27.0,7.0,5.0,9.0,11
17623,vw_geo_sfpd_cr_switrs_all_types_col_cty_union.fid-c18a0c2_186644fdb18_-cb3,49925,20631000.0,,190818686,37.7249755875,-122.403600918,SFPD-INTERIM DB,CITY STREET,10/29/2019 04:40:00 PM,2019 October 29,16:40:00,2019,October,Tuesday,GIRARD ST,WOOLSEY ST,0.0,Clear,Injury (Complaint of Pain),Vehicle/Pedestrian,Pedestrian,Crossing in Crosswalk at Intersection,Dry,No Unusual Condition,Daylight,Intersection <= 20ft,0.0,1,1.0,Driver,South,Proceeding Straight,Pedestrian,West,Other,POINT (-122.4036 37.724976),91.0,2.0,2.0,25.0,16
17625,vw_geo_sfpd_cr_switrs_all_types_col_cty_union.fid-c18a0c2_186644fdb18_-1ad1,46806,24678000.0,9297000.0,190169837,37.7900119523,-122.402184075,SFPD-INTERIM DB,CITY STREET,03/08/2019 06:30:00 PM,2019 March 08,18:30:00,2019,March,Friday,MONTGOMERY ST,SUTTER ST,10.0,Clear,Injury (Other Visible),Vehicle/Pedestrian,Pedestrian,Crossing in Crosswalk at Intersection,Dry,No Unusual Condition,Dusk - Dawn,Intersection <= 20ft,0.0,1,1.0,Pedestrian,East,Proceeding Straight,Driver,South,Proceeding Straight,POINT (-122.40218 37.790012),108.0,6.0,3.0,8.0,18
17632,vw_geo_sfpd_cr_switrs_all_types_col_cty_union.fid-c18a0c2_186644fdb18_-11c4,49297,27559000.0,1546000.0,190623918,37.7819098679,-122.487018782,SFPD-INTERIM DB,CITY STREET,08/23/2019 12:13:00 PM,2019 August 23,12:13:00,2019,August,Friday,27TH AVE,CLEMENT ST,5.0,Clear,Injury (Other Visible),Broadside,Pedestrian,Crossing in Crosswalk at Intersection,Dry,No Unusual Condition,Daylight,Intersection <= 20ft,0.0,1,1.0,Driver,South,Proceeding Straight,Pedestrian,West,Proceeding Straight,POINT (-122.48702 37.78191),8.0,8.0,4.0,29.0,12
17633,vw_geo_sfpd_cr_switrs_all_types_col_cty_union.fid-c18a0c2_186644fdb18_-c96,49311,22494000.0,3139000.0,190823243,37.7131510189,-122.462430675,SFPD-INTERIM DB,CITY STREET,10/31/2019 08:45:00 AM,2019 October 31,08:45:00,2019,October,Thursday,BROAD ST,ORIZABA AVE,40.0,Clear,Injury (Other Visible),Vehicle/Pedestrian,Pedestrian,Crossing Not in Crosswalk,Dry,No Unusual Condition,Daylight,Midblock > 20ft,0.0,1,1.0,Pedestrian,North,Proceeding Straight,Driver,East,Proceeding Straight,POINT (-122.46243 37.71315),81.0,10.0,1.0,24.0,08
17641,vw_geo_sfpd_cr_switrs_all_types_col_cty_union.fid-c18a0c2_186644fdb18_-e28,24678,30739000.0,8747103.0,151051453,37.7839970600469,-122.408036136357,SFPD-CROSSROADS,CITY STREET,12/04/2015 04:19:00 PM,2015 December 04,16:19:00,2015,December,Friday,MARKET ST,05TH ST,10.0,Clear,Injury (Other Visible),Vehicle/Pedestrian,Pedestrian,Crossing in Crosswalk at Intersection,Dry,No Unusual Condition,Daylight,Intersection <= 20ft,0.0,1,1.0,Driver,East,Making Left Turn,Pedestrian,North,Other,POINT (-122.408035 37.783997),32.0,5.0,10.0,34.0,16
17645,vw_geo_sfpd_cr_switrs_all_types_col_cty_union.fid-c18a0c2_186644fdb18_-d22,49300,24662000.0,12321000.0,190806368,37.7895812509,-122.405795087,SFPD-INTERIM DB,CITY STREET,10/25/2019 09:02:00 AM,2019 October 25,09:02:00,2019,October,Friday,SUTTER ST,GRANT AVE,116.0,Clear,Injury (Complaint of Pain),Vehicle/Pedestrian,Pedestrian,"In Road, Including Shoulder",Dry,No Unusual Condition,Daylight,Midblock > 20ft,0.0,1,1.0,Driver,West,Merging,Pedestrian,East,Other,POINT (-122.40579 37.78958),19.0,6.0,3.0,8.0,09
17646,vw_geo_sfpd_cr_switrs_all_types_col_cty_union.fid-c18a0c2_186644fdb18_-bbc,25850,24645000.0,6107000.0,130092016,37.7879588719486,-122.403524867786,SFPD-CROSSROADS,CITY STREET,02/01/2013 03:45:00 PM,2013 February 01,15:45:00,2013,February,Friday,GEARY ST,KEARNY ST,10.0,Clear,Injury (Complaint of Pain),Vehicle/Pedestrian,Pedestrian,Crossing in Crosswalk at Intersection,Dry,No Unusual Condition,Daylight,Intersection <= 20ft,0.0,1,1.0,Driver,West,Making Left Turn,Pedestrian,South,Not Stated,POINT (-122.40353 37.78796),19.0,6.0,3.0,8.0,15
17652,vw_geo_sfpd_cr_switrs_all_types_col_cty_union.fid-c18a0c2_186644fdb18_-c6b,49441,23754000.0,708000.0,190828691,37.7661341761,-122.401692931,SFPD-INTERIM DB,CITY STREET,11/02/2019 08:48:00 AM,2019 November 02,08:48:00,2019,November,Saturday,16TH ST,DE HARO ST,8.0,Clear,Fatal,Vehicle/Pedestrian,Pedestrian,Crossing in Crosswalk at Intersection,Dry,No Unusual Condition,Daylight,Intersection <= 20ft,1.0,0,1.0,Driver,South,Making Left Turn,Pedestrian,North,Not Stated,POINT (-122.401695 37.766132),54.0,1.0,9.0,4.0,08
17653,vw_geo_sfpd_cr_switrs_all_types_col_cty_union.fid-c18a0c2_186644fdb18_-175f,47554,25231000.0,,190344192,37.791206309,-122.415750197,SFPD-INTERIM DB,CITY STREET,05/13/2019 10:40:00 PM,2019 May 13,22:40:00,2019,May,Monday,LEAVENWORTH ST,CALIFORNIA ST,0.0,Clear,Injury (Complaint of Pain),Vehicle/Pedestrian,Pedestrian,Crossing in Crosswalk at Intersection,Dry,No Unusual Condition,Dark - Street Lights,Intersection <= 20ft,0.0,1,1.0,Driver,North,Making Left Turn,Pedestrian,West,Proceeding Straight,POINT (-122.41575 37.791206),16.0,6.0,3.0,21.0,22
17663,vw_geo_sfpd_cr_switrs_all_types_col_cty_union.fid-c18a0c2_186644fdb18_-1d2b,47655,25869000.0,,190044693,37.7725249174,-122.427158445,SFPD-INTERIM DB,CITY STREET,01/18/2019 07:49:00 PM,2019 January 18,19:49:00,2019,January,Friday,BUCHANAN ST,HAIGHT ST,0.0,Clear,Injury (Other Visible),Vehicle/Pedestrian,Pedestrian,Crossing in Crosswalk at Intersection,Dry,No Unusual Condition,Dark - Street Lights,Intersection <= 20ft,0.0,1,1.0,Driver,North,Proceeding Straight,Pedestrian,East,Proceeding Straight,POINT (-122.42716 37.772526),26.0,4.0,11.0,9.0,19
17666,vw_geo_sfpd_cr_switrs_all_types_col_cty_union.fid-c18a0c2_186644fdb18_-13d7,48509,30731000.0,,190522423,37.7910166485,-122.399148598,SFPD-INTERIM DB,CITY STREET,07/19/2019 01:14:00 AM,2019 July 19,01:14:00,2019,July,Friday,MARKET ST,01ST ST,0.0,Clear,Injury (Other Visible),Vehicle/Pedestrian,Pedestrian,Crossing in Crosswalk at Intersection,Dry,No Unusual Condition,Dark - Street Lights,Intersection <= 20ft,0.0,1,1.0,Driver,East,Making Left Turn,Pedestrian,South,Not Stated,POINT (-122.39915 37.791016),108.0,6.0,10.0,8.0,01
17667,vw_geo_sfpd_cr_switrs_all_types_col_cty_union.fid-c18a0c2_186644fdb18_-ec8,24416,24431000.0,6262000.0,140027332,37.7816573620681,-122.415480864722,SFPD-CROSSROADS,CITY STREET,01/10/2014 11:22:00 AM,2014 January 10,11:22:00,2014,January,Friday,GOLDEN GATE AVE,HYDE ST,7.0,Clear,Injury (Other Visible),Vehicle/Pedestrian,Pedestrian,Crossing in Crosswalk at Intersection,Dry,No Unusual Condition,Daylight,Intersection <= 20ft,0.0,1,1.0,Driver,East,Making Left Turn,Pedestrian,North,Proceeding Straight,POINT (-122.41548 37.78166),20.0,5.0,10.0,36.0,11
17668,vw_geo_sfpd_cr_switrs_all_types_col_cty_union.fid-c18a0c2_186644fdb18_-1401,48448,23817000.0,178000.0,190512935,37.7802298473,-122.394475499,SFPD-INTERIM DB,CITY STREET,07/15/2019 04:29:00 PM,2019 July 15,16:29:00,2019,July,Monday,03RD ST,BRANNAN ST,72.0,Clear,Injury (Complaint of Pain),Vehicle/Pedestrian,Pedestrian,Crossing Not in Crosswalk,Dry,No Unusual Condition,Daylight,Midblock > 20ft,0.0,1,1.0,Pedestrian,West,Proceeding Straight,Driver,North,Proceeding Straight,POINT (-122.39448 37.78023),32.0,1.0,10.0,34.0,16
17670,vw_geo_sfpd_cr_switrs_all_types_col_cty_union.fid-c18a0c2_186644fdb18_-1c6e,36944,22222000.0,3134000.0,160637331,37.7229856063117,-122.455132409129,SFPD-CROSSROADS,CITY STREET,08/07/2016 06:00:00 PM,2016 August 07,18:00:00,2016,August,Sunday,BRIGHTON AVE,OCEAN AVE,250.0,Clear,Injury (Other Visible),Vehicle/Pedestrian,Pedestrian,Crossing Not in Crosswalk,Dry,No Unusual Condition,Daylight,Midblock > 20ft,0.0,1,1.0,Pedestrian,East,Entering Traffic,Driver,North,Slowing/Stopping,POINT (-122.45513 37.722984),64.0,10.0,8.0,24.0,18
17699,vw_geo_sfpd_cr_switrs_all_types_col_cty_union.fid-c18a0c2_186644fdb18_-b88,49839,25900000.0,,190874478,37.7741814226,-122.429178343,SFPD-INTERIM DB,CITY STREET,11/19/2019 05:41:00 AM,2019 November 19,05:41:00,2019,November,Tuesday,OAK ST,WEBSTER ST,0.0,Clear,Injury (Other Visible),Vehicle/Pedestrian,Pedestrian,Crossing in Crosswalk at Intersection,Dry,No Unusual Condition,Dark - Street Lights,Intersection <= 20ft,0.0,1,1.0,Driver,East,Making Left Turn,Pedestrian,West,Proceeding Straight,POINT (-122.42918 37.77418),26.0,4.0,11.0,9.0,05
17701,vw_geo_sfpd_cr_switrs_all_types_col_cty_union.fid-c18a0c2_186644fdb18_-1d01,46516,26747000.0,,190057787,37.7989518501,-122.43586632,SFPD-INTERIM DB,CITY STREET,01/23/2019 10:33:00 PM,2019 January 23,22:33:00,2019,January,Wednesday,FILLMORE ST,GREENWICH ST,0.0,Clear,Injury (Complaint of Pain),Sideswipe,Pedestrian,Crossing in Crosswalk at Intersection,Dry,No Unusual Condition,Dark - Street Lights,Intersection <= 20ft,0.0,1,,Pedestrian,East,Proceeding Straight,Driver,South,Making Right Turn,POINT (-122.43587 37.79895),15.0,4.0,6.0,13.0,22
17720,vw_geo_sfpd_cr_switrs_all_types_col_cty_union.fid-c18a0c2_186644fdb18_-eb4,49192,25332000.0,,190753474,37.7986968607,-122.407869497,SFPD-INTERIM DB,CITY STREET,10/07/2019 08:05:00 AM,2019 October 07,08:05:00,2019,October,Monday,VALLEJO ST,COLUMBUS AVE,0.0,Clear,Injury (Complaint of Pain),Vehicle/Pedestrian,Pedestrian,Crossing in Crosswalk at Intersection,Dry,No Unusual Condition,Daylight,Intersection <= 20ft,0.0,1,1.0,Driver,East,Making Left Turn,Pedestrian,West,Not Stated,POINT (-122.40787 37.7987),106.0,6.0,3.0,23.0,08
17721,vw_geo_sfpd_cr_switrs_all_types_col_cty_union.fid-c18a0c2_186644fdb18_-1c16,37615,33411000.0,,130654757,37.7268240494936,-122.472056884613,SFPD-CROSSROADS,CITY STREET,08/08/2013 02:47:00 PM,2013 August 08,14:47:00,2013,August,Thursday,JUNIPERO SERRA BLVD,WINSTON DR,0.0,Cloudy,Injury (Other Visible),Vehicle/Pedestrian,Pedestrian,Crossing in Crosswalk at Intersection,Dry,No Unusual Condition,Daylight,Intersection <= 20ft,0.0,2,1.0,Driver,South,Making Left Turn,Pedestrian,East,Proceeding Straight,POINT (-122.47205 37.726826),67.0,10.0,8.0,41.0,14
17726,vw_geo_sfpd_cr_switrs_all_types_col_cty_union.fid-c18a0c2_186644fdb18_-10e4,48326,30766000.0,7151000.0,190664699,37.8066035442,-122.420548929,SFPD-INTERIM DB,CITY STREET,09/06/2019 01:25:00 PM,2019 September 06,13:25:00,2019,September,Friday,HYDE ST,BEACH ST,20.0,Clear,Injury (Other Visible),Vehicle/Pedestrian,Pedestrian,"In Road, Including Shoulder",Dry,No Unusual Condition,Daylight,Intersection <= 20ft,0.0,1,,Driver,North,Proceeding Straight,Pedestrian,South,Entering Traffic,POINT (-122.42055 37.806602),98.0,6.0,6.0,32.0,13
17740,vw_geo_sfpd_cr_switrs_all_types_col_cty_union.fid-c18a0c2_186644fdb18_-f07,48712,25149000.0,5178000.0,190737826,37.7841411612,-122.418465403,SFPD-INTERIM DB,CITY STREET,10/01/2019 07:12:00 PM,2019 October 01,19:12:00,2019,October,Tuesday,ELLIS ST,LARKIN ST,222.0,Clear,Injury (Complaint of Pain),Vehicle/Pedestrian,Pedestrian,Crossing Not in Crosswalk,Dry,No Unusual Condition,Dark - Street Lights,Midblock > 20ft,0.0,1,1.0,Pedestrian,North,Not Stated,Driver,West,Proceeding Straight,POINT (-122.418465 37.78414),20.0,5.0,10.0,36.0,19
17741,vw_geo_sfpd_cr_switrs_all_types_col_cty_union.fid-c18a0c2_186644fdb18_-1682,47403,23987000.0,,190388576,37.7525727572,-122.412995175,SFPD-INTERIM DB,CITY STREET,05/18/2019 10:30:00 AM,2019 May 18,10:30:00,2019,May,Saturday,24TH ST,TREAT AVE,0.0,Clear,Injury (Complaint of Pain),Vehicle/Pedestrian,Pedestrian,Crossing in Crosswalk at Intersection,Dry,No Unusual Condition,Daylight,Intersection <= 20ft,0.0,1,1.0,Driver,West,Proceeding Straight,Pedestrian,North,Proceeding Straight,POINT (-122.412994 37.75257),53.0,3.0,2.0,20.0,10
17743,vw_geo_sfpd_cr_switrs_all_types_col_cty_union.fid-c18a0c2_186644fdb18_-11fb,48268,23542000.0,,190615404,37.7527778071,-122.388753181,SFPD-INTERIM DB,CITY STREET,08/20/2019 04:28:00 PM,2019 August 20,16:28:00,2019,August,Tuesday,25TH ST,TENNESSEE ST,0.0,Clear,Injury (Severe),Vehicle/Pedestrian,Pedestrian,Crossing Not in Crosswalk,Dry,No Unusual Condition,Daylight,Intersection <= 20ft,0.0,1,,Driver,West,Proceeding Straight,Pedestrian,North,Proceeding Straight,POINT (-122.388756 37.752777),56.0,2.0,9.0,1.0,16
17762,vw_geo_sfpd_cr_switrs_all_types_col_cty_union.fid-c18a0c2_186644fdb18_-14ba,43448,27284000.0,6062101.0,180849118,37.7809495048,-122.464381885,SFPD-INTERIM DB,CITY STREET,11/08/2018 02:45:00 PM,2018 November 08,14:45:00,2018,November,Thursday,GEARY BLVD,06TH AVE,39.0,Clear,Injury (Complaint of Pain),Vehicle/Pedestrian,Pedestrian,"In Road, Including Shoulder",Dry,No Unusual Condition,Daylight,Midblock > 20ft,0.0,1,1.0,Pedestrian,North,Not Stated,Driver,East,Entering Traffic,POINT (-122.46438 37.78095),5.0,8.0,4.0,11.0,14
17765,vw_geo_sfpd_cr_switrs_all_types_col_cty_union.fid-c18a0c2_186644fdb18_-a39,26523,25163000.000000004,,170783899,37.7881778907293,-122.416827153897,SFPD-CROSSROADS,CITY STREET,09/25/2017 05:55:00 PM,2017 September 25,17:55:00,2017,September,Monday,HYDE ST,SUTTER ST,0.0,Clear,Injury (Complaint of Pain),Vehicle/Pedestrian,Pedestrian,Crossing in Crosswalk at Intersection,Dry,No Unusual Condition,Daylight,Intersection <= 20ft,0.0,1,1.0,Driver,South,Making Left Turn,Pedestrian,West,Other,POINT (-122.416824 37.788177),50.0,6.0,3.0,21.0,17