,id,unique_id,cnn_intrsctn_fkey,cnn_sgmt_fkey,case_id_pkey,tb_latitude,tb_longitude,geocode_source,geocode_location,collision_datetime,collision_date,collision_time,accident_year,month,day_of_week,primary_rd,secondary_rd,distance,weather_1,collision_severity,type_of_collision,mviw,ped_action,road_surface,road_cond_1,lighting,intersection,number_killed,number_injured,party_at_fault,party1_type,party1_dir_of_travel,party1_move_pre_acc,party2_type,party2_dir_of_travel,party2_move_pre_acc,point,Neighborhoods,Current Police Districts,Current Supervisor Districts,Analysis Neighborhoods,hour
17767,vw_geo_sfpd_cr_switrs_all_types_col_cty_union.fid-c18a0c2_186644fdb18_-17c3,47041,50705000.0,9125000.0,190322875,37.7531352727,-122.418528661,SFPD-INTERIM DB,CITY STREET,05/05/2019 10:25:00 PM,2019 May 05,22:25:00,2019,May,Sunday,MISSION ST,23RD ST,256.0,Clear,Injury (Other Visible),Vehicle/Pedestrian,Pedestrian,Not in Road,Dry,No Unusual Condition,Dark - Street Lights,Midblock > 20ft,0.0,1,1.0,Driver,South,Backing,Pedestrian,West,Stopped,POINT (-122.418526 37.753136),53.0,3.0,2.0,20.0,22
17769,vw_geo_sfpd_cr_switrs_all_types_col_cty_union.fid-c18a0c2_186644fdb18_-14ab,47186,26686000.0,13167101.0,190473058,37.7985999274,-122.424054007,SFPD-INTERIM DB,CITY STREET,06/30/2019 04:53:00 PM,2019 June 30,16:53:00,2019,June,Sunday,VAN NESS AVE,UNION ST,27.0,Clear,Injury (Complaint of Pain),Broadside,Pedestrian,Crossing Not in Crosswalk,Dry,Construction or Repair Zone,Daylight,Midblock > 20ft,0.0,1,,Pedestrian,West,Proceeding Straight,Driver,North,Proceeding Straight,POINT (-122.42406 37.7986),15.0,4.0,6.0,13.0,16
17770,vw_geo_sfpd_cr_switrs_all_types_col_cty_union.fid-c18a0c2_186644fdb18_-fb4,48400,24184000.0,3521000.0,190713092,37.7652824934,-122.421412369,SFPD-INTERIM DB,CITY STREET,09/23/2019 04:20:00 PM,2019 September 23,16:20:00,2019,September,Monday,CALEDONIA ST,16TH ST,122.0,Clear,Injury (Complaint of Pain),Vehicle/Pedestrian,Pedestrian,"In Road, Including Shoulder",Dry,No Unusual Condition,Daylight,Midblock > 20ft,0.0,1,1.0,Pedestrian,West,Other,Driver,East,Making Left Turn,POINT (-122.42141 37.76528),53.0,3.0,2.0,20.0,16
17777,vw_geo_sfpd_cr_switrs_all_types_col_cty_union.fid-c18a0c2_186644fdb18_-1c0a,37657,22757000.0,,170838165,37.7283290668726,-122.467739341508,SFPD-CROSSROADS,CITY STREET,10/13/2017 05:35:00 PM,2017 October 13,17:35:00,2017,October,Friday,OCEAN AVE,APTOS AVE,0.0,Clear,Injury (Other Visible),Vehicle/Pedestrian,Pedestrian,Crossing in Crosswalk at Intersection,Dry,No Unusual Condition,Daylight,Intersection <= 20ft,0.0,1,1.0,Pedestrian,South,Proceeding Straight,Driver,West,Proceeding Straight,POINT (-122.46774 37.72833),67.0,10.0,8.0,41.0,17
17779,vw_geo_sfpd_cr_switrs_all_types_col_cty_union.fid-c18a0c2_186644fdb18_-13b2,44670,27286000.0,316000.0,170928352,37.7821036657933,-122.46436152992,SFPD-CROSSROADS,CITY STREET,11/14/2017 02:37:00 PM,2017 November 14,14:37:00,2017,November,Tuesday,06TH AVE,CLEMENT ST,305.0,Clear,Injury (Complaint of Pain),Vehicle/Pedestrian,Pedestrian,Crossing Not in Crosswalk,Dry,No Unusual Condition,Daylight,Midblock > 20ft,0.0,1,1.0,Pedestrian,East,Proceeding Straight,Driver,North,Backing,POINT (-122.46436 37.782104),5.0,8.0,4.0,11.0,14
17784,vw_geo_sfpd_cr_switrs_all_types_col_cty_union.fid-c18a0c2_186644fdb18_-173f,47336,25986000.000000004,,190351733,37.769320912,-122.431356624,SFPD-INTERIM DB,CITY STREET,05/16/2019 07:02:00 PM,2019 May 16,19:02:00,2019,May,Thursday,DUBOCE AVE,SANCHEZ ST,0.0,Cloudy,Injury (Complaint of Pain),Head-On,Pedestrian,Crossing in Crosswalk at Intersection,Wet,No Unusual Condition,Daylight,Intersection <= 20ft,0.0,1,1.0,Driver,East,Proceeding Straight,Pedestrian,South,Other,POINT (-122.43136 37.76932),28.0,7.0,5.0,5.0,19
17785,vw_geo_sfpd_cr_switrs_all_types_col_cty_union.fid-c18a0c2_186644fdb18_-d2f,25214,24613000.0,9095201.0,150069932,37.7858141128455,-122.402624333366,SFPD-CROSSROADS,CITY STREET,01/23/2015 12:38:00 PM,2015 January 23,12:38:00,2015,January,Friday,HOWARD ST,03RD ST,239.0,Clear,Injury (Other Visible),Sideswipe,Pedestrian,Not in Road,Dry,No Unusual Condition,Daylight,Midblock > 20ft,0.0,1,,Driver,South,Other Unsafe Turning,Pedestrian,North,Other,POINT (-122.402626 37.785812),32.0,1.0,10.0,8.0,12
17786,vw_geo_sfpd_cr_switrs_all_types_col_cty_union.fid-c18a0c2_186644fdb18_-1038,1029,21405000.0,6145201.0,180064372,37.7134769909,-122.434558425,SFPD-INTERIM DB,CITY STREET,01/24/2018 05:47:00 PM,2018 January 24,17:47:00,2018,January,Wednesday,GENEVA AVE,ATHENS ST,6.0,Raining,Injury (Complaint of Pain),Vehicle/Pedestrian,Pedestrian,Crossing in Crosswalk at Intersection,Dry,No Unusual Condition,Dark - Street Lights,Intersection <= 20ft,0.0,1,1.0,Driver,South,Making Right Turn,Pedestrian,South,Proceeding Straight,POINT (-122.434555 37.713478),58.0,9.0,1.0,7.0,17
17796,vw_geo_sfpd_cr_switrs_all_types_col_cty_union.fid-c18a0c2_186644fdb18_-90d,49413,27382000.0,9657000.0,190962045,37.7540078787,-122.481749021,SFPD-INTERIM DB,CITY STREET,12/23/2019 09:14:00 AM,2019 December 23,09:14:00,2019,December,Monday,NORIEGA ST,24TH AVE,24.0,Clear,Injury (Complaint of Pain),Vehicle/Pedestrian,Pedestrian,Crossing in Crosswalk at Intersection,Dry,No Unusual Condition,Daylight,Midblock > 20ft,0.0,1,1.0,Driver,East,Proceeding Straight,Pedestrian,North,Stopped,POINT (-122.48175 37.75401),39.0,10.0,7.0,35.0,09
17804,vw_geo_sfpd_cr_switrs_all_types_col_cty_union.fid-c18a0c2_186644fdb18_-1a28,46892,25469000.0,,190206279,37.8027251823,-122.413860852,SFPD-INTERIM DB,CITY STREET,03/23/2019 12:49:00 AM,2019 March 23,00:49:00,2019,March,Saturday,LOMBARD ST,JANSEN ST,0.0,Raining,Injury (Complaint of Pain),Vehicle/Pedestrian,Pedestrian,Crossing Not in Crosswalk,Wet,No Unusual Condition,Dark - Street Lights,Intersection <= 20ft,0.0,1,1.0,Pedestrian,North,Other,Driver,West,Making Left Turn,POINT (-122.413864 37.802727),107.0,6.0,3.0,32.0,00
17814,vw_geo_sfpd_cr_switrs_all_types_col_cty_union.fid-c18a0c2_186644fdb18_-19a4,47759,21500000.0,3260000.0,190226829,37.708757193,-122.448591902,SFPD-INTERIM DB,CITY STREET,03/31/2019 10:10:00 AM,2019 March 31,10:10:00,2019,March,Sunday,BRUNSWICK ST,OLIVER ST,395.0,Clear,Injury (Complaint of Pain),Vehicle/Pedestrian,Pedestrian,Crossing Not in Crosswalk,Dry,No Unusual Condition,Daylight,Midblock > 20ft,0.0,1,1.0,Pedestrian,West,Not Stated,Driver,North,Proceeding Straight,POINT (-122.44859 37.708755),58.0,9.0,1.0,7.0,10
17816,vw_geo_sfpd_cr_switrs_all_types_col_cty_union.fid-c18a0c2_186644fdb18_-1854,40840,27364000.0,,130094993,37.7598339364745,-122.476813891641,SFPD-CROSSROADS,CITY STREET,02/02/2013 04:47:00 PM,2013 February 02,16:47:00,2013,February,Saturday,19TH AVE,KIRKHAM ST,0.0,Clear,Injury (Complaint of Pain),Vehicle/Pedestrian,Pedestrian,Crossing in Crosswalk at Intersection,Dry,No Unusual Condition,Daylight,Intersection <= 20ft,0.0,1,1.0,Driver,East,Making Left Turn,Pedestrian,West,Proceeding Straight,POINT (-122.476814 37.759834),39.0,10.0,8.0,35.0,16
17823,vw_geo_sfpd_cr_switrs_all_types_col_cty_union.fid-c18a0c2_186644fdb18_-168f,42080,27185000.0,7532000.0,170119818,37.7710529338549,-122.45731395434,SFPD-CROSSROADS,CITY STREET,02/11/2017 03:28:00 PM,2017 February 11,15:28:00,2017,February,Saturday,JOHN F KENNEDY DR,CONSERVATORY EAST DR,139.0,Clear,Injury (Severe),Vehicle/Pedestrian,Pedestrian,"In Road, Including Shoulder",Dry,No Unusual Condition,Daylight,Midblock > 20ft,0.0,1,1.0,Driver,West,Parking Maneuver,Pedestrian,East,Other,POINT (-122.45731 37.771053),9.0,7.0,4.0,12.0,15
17826,vw_geo_sfpd_cr_switrs_all_types_col_cty_union.fid-c18a0c2_186644fdb18_-15b8,20915,25950000.0,13527000.0,170886960,37.7750968342047,-122.429362966248,SFPD-CROSSROADS,CITY STREET,10/30/2017 02:27:00 PM,2017 October 30,14:27:00,2017,October,Monday,WEBSTER ST,FELL ST,5.0,Clear,Injury (Other Visible),Vehicle/Pedestrian,Pedestrian,Crossing in Crosswalk at Intersection,Dry,No Unusual Condition,Daylight,Intersection <= 20ft,0.0,1,1.0,Driver,West,Making Left Turn,Pedestrian,West,Proceeding Straight,POINT (-122.42936 37.775097),22.0,4.0,11.0,9.0,14
17836,vw_geo_sfpd_cr_switrs_all_types_col_cty_union.fid-c18a0c2_186644fdb18_-1040,48062,30078000.0,,190689722,37.7880272153,-122.421749881,SFPD-INTERIM DB,CITY STREET,09/15/2019 04:15:00 PM,2019 September 15,16:15:00,2019,September,Sunday,VAN NESS AVE,FERN ST,0.0,Clear,Injury (Complaint of Pain),Vehicle/Pedestrian,Pedestrian,"In Road, Including Shoulder",Dry,Construction or Repair Zone,Daylight,Intersection <= 20ft,0.0,1,1.0,Driver,South,Backing,Pedestrian,East,Stopped,POINT (-122.42175 37.78803),50.0,4.0,3.0,21.0,16
17850,vw_geo_sfpd_cr_switrs_all_types_col_cty_union.fid-c18a0c2_186644fdb18_-b7d,49461,20500000.0,,190876424,37.7316435455,-122.391797156,SFPD-INTERIM DB,CITY STREET,11/19/2019 06:49:00 PM,2019 November 19,18:49:00,2019,November,Tuesday,03RD ST,SHAFTER AVE,0.0,Clear,Injury (Complaint of Pain),Vehicle/Pedestrian,Pedestrian,Crossing in Crosswalk at Intersection,Dry,No Unusual Condition,Dark - Street Lights,Intersection <= 20ft,0.0,1,1.0,Driver,South,Making Left Turn,Pedestrian,East,Other,POINT (-122.3918 37.731644),87.0,2.0,9.0,1.0,18
17853,vw_geo_sfpd_cr_switrs_all_types_col_cty_union.fid-c18a0c2_186644fdb18_-a07,48764,20691000.0,,190932800,37.7371561847,-122.396515236,SFPD-INTERIM DB,CITY STREET,12/11/2019 05:35:00 PM,2019 December 11,17:35:00,2019,December,Wednesday,SILVER AVE,PALOU AVE,0.0,Raining,Injury (Complaint of Pain),Broadside,Pedestrian,Crossing Not in Crosswalk,Wet,No Unusual Condition,Dark - Street Lights,Intersection <= 20ft,0.0,1,1.0,Pedestrian,North,Proceeding Straight,Driver,West,Proceeding Straight,POINT (-122.396515 37.737156),87.0,2.0,9.0,1.0,17
17856,vw_geo_sfpd_cr_switrs_all_types_col_cty_union.fid-c18a0c2_186644fdb18_-1ddd,46377,24189000.0,10659000.0,190002180,37.7679434814,-122.407772051,SFPD-INTERIM DB,CITY STREET,01/01/2019 08:19:00 PM,2019 January 01,20:19:00,2019,January,Tuesday,POTRERO AVE,ALAMEDA ST,150.0,Clear,Injury (Other Visible),Vehicle/Pedestrian,Pedestrian,Crossing Not in Crosswalk,Dry,No Unusual Condition,Daylight,Midblock > 20ft,0.0,1,1.0,Pedestrian,West,Stopped,Driver,South,Slowing/Stopping,POINT (-122.40777 37.767944),53.0,3.0,9.0,20.0,20
17863,vw_geo_sfpd_cr_switrs_all_types_col_cty_union.fid-c18a0c2_186644fdb18_-b01,2243,52261000.0,,180669085,37.7211553069,-122.447751555,SFPD-INTERIM DB,CITY STREET,09/04/2018 02:58:00 PM,2018 September 04,14:58:00,2018,September,Tuesday,GENEVA AVE,I-280 N OFF RAMP,0.0,Cloudy,Injury (Complaint of Pain),Vehicle/Pedestrian,Pedestrian,Crossing in Crosswalk at Intersection,Dry,No Unusual Condition,Daylight,Intersection <= 20ft,0.0,1,1.0,Driver,North,Making Right Turn,Pedestrian,North,Proceeding Straight,POINT (-122.447754 37.721157),80.0,9.0,1.0,28.0,14
17876,vw_geo_sfpd_cr_switrs_all_types_col_cty_union.fid-c18a0c2_186644fdb18_-9db,48798,24132000.0,,190936391,37.7619675284,-122.417178936,SFPD-INTERIM DB,CITY STREET,12/12/2019 10:39:00 PM,2019 December 12,22:39:00,2019,December,Thursday,18TH ST,SOUTH VAN NESS AVE,0.0,Clear,Injury (Complaint of Pain),Broadside,Pedestrian,Crossing in Crosswalk at Intersection,Dry,No Unusual Condition,Dark - Street Lights,Intersection <= 20ft,0.0,1,1.0,Driver,East,Making Right Turn,Pedestrian,South,Proceeding Straight,POINT (-122.417175 37.761967),53.0,3.0,2.0,20.0,22
17884,vw_geo_sfpd_cr_switrs_all_types_col_cty_union.fid-c18a0c2_186644fdb18_-d4f,50297,22223000.0,,190799315,37.7234570073,-122.454115753,SFPD-INTERIM DB,CITY STREET,10/23/2019 08:07:00 AM,2019 October 23,08:07:00,2019,October,Wednesday,OCEAN AVE,LEE AVE,0.0,Clear,Injury (Other Visible),Vehicle/Pedestrian,Pedestrian,Crossing in Crosswalk at Intersection,Dry,No Unusual Condition,Daylight,Intersection <= 20ft,0.0,1,1.0,Driver,East,Proceeding Straight,Pedestrian,North,Proceeding Straight,POINT (-122.45412 37.723457),64.0,10.0,8.0,24.0,08
17886,vw_geo_sfpd_cr_switrs_all_types_col_cty_union.fid-c18a0c2_186644fdb18_-ca2,25478,24599000.000000004,,160323386,37.7870107876346,-122.399974962186,SFPD-CROSSROADS,CITY STREET,04/20/2016 08:00:00 AM,2016 April 20,08:00:00,2016,April,Wednesday,NEW MONTGOMERY ST,MINNA ST,0.0,Clear,Injury (Complaint of Pain),Vehicle/Pedestrian,Pedestrian,Crossing Not in Crosswalk,Dry,No Unusual Condition,Daylight,Intersection <= 20ft,0.0,1,1.0,Pedestrian,East,Proceeding Straight,Driver,East,Making Left Turn,POINT (-122.39998 37.78701),32.0,1.0,10.0,8.0,08
17899,vw_geo_sfpd_cr_switrs_all_types_col_cty_union.fid-c18a0c2_186644fdb18_-1ed6,32259,26537000.0,11249000.0,180923091,37.7910894867,-122.424096559,SFPD-INTERIM DB,CITY STREET,12/07/2018 01:03:00 PM,2018 December 07,13:03:00,2018,December,Friday,SACRAMENTO ST,FRANKLIN ST,19.0,Clear,Injury (Complaint of Pain),Broadside,Pedestrian,Crossing in Crosswalk at Intersection,Dry,No Unusual Condition,Daylight,Intersection <= 20ft,0.0,2,1.0,Pedestrian,South,Stopped In Road,Driver,West,Proceeding Straight,POINT (-122.424095 37.79109),102.0,4.0,6.0,30.0,13
17902,vw_geo_sfpd_cr_switrs_all_types_col_cty_union.fid-c18a0c2_186644fdb18_-10df,48329,24934000.0,,190664893,37.7827944462,-122.414053764,SFPD-INTERIM DB,CITY STREET,09/06/2019 02:30:00 PM,2019 September 06,14:30:00,2019,September,Friday,TURK ST,LEAVENWORTH ST,0.0,Clear,Injury (Complaint of Pain),Vehicle/Pedestrian,Pedestrian,Crossing in Crosswalk at Intersection,Dry,No Unusual Condition,Daylight,Intersection <= 20ft,0.0,1,1.0,Pedestrian,South,Proceeding Straight,Driver,West,Proceeding Straight,POINT (-122.414055 37.782795),20.0,5.0,10.0,36.0,14
17918,vw_geo_sfpd_cr_switrs_all_types_col_cty_union.fid-c18a0c2_186644fdb18_-1a31,46884,24094000.000000004,9125000.0,190202380,37.7538037126,-122.418590886,SFPD-INTERIM DB,CITY STREET,03/21/2019 03:20:00 PM,2019 March 21,15:20:00,2019,March,Thursday,MISSION ST,23RD ST,12.0,Clear,Injury (Complaint of Pain),Vehicle/Pedestrian,Pedestrian,Crossing Not in Crosswalk,Dry,No Unusual Condition,Daylight,Intersection <= 20ft,0.0,1,1.0,Driver,South,Making Left Turn,Pedestrian,East,Proceeding Straight,POINT (-122.418594 37.753803),53.0,3.0,2.0,20.0,15
17919,vw_geo_sfpd_cr_switrs_all_types_col_cty_union.fid-c18a0c2_186644fdb18_-9fb,48698,23908000.0,6720000.0,190933278,37.7789624403,-122.40193149,SFPD-INTERIM DB,CITY STREET,12/11/2019 08:14:00 PM,2019 December 11,20:14:00,2019,December,Wednesday,HARRISON ST,05TH ST,36.0,Raining,Injury (Complaint of Pain),Vehicle/Pedestrian,Pedestrian,Crossing Not in Crosswalk,Wet,No Unusual Condition,Dark - Street Lights,Midblock > 20ft,0.0,1,1.0,Driver,West,Making Right Turn,Pedestrian,North,Proceeding Straight,POINT (-122.40193 37.77896),32.0,1.0,10.0,34.0,20
17920,vw_geo_sfpd_cr_switrs_all_types_col_cty_union.fid-c18a0c2_186644fdb18_-891,49509,23141000.0,15106103.0,190982225,37.7347982024,-122.471440228,SFPD-INTERIM DB,CITY STREET,12/31/2019 05:35:00 PM,2019 December 31,17:35:00,2019,December,Tuesday,PORTOLA DR,SAINT FRANCIS BLVD,50.0,Clear,Injury (Other Visible),Vehicle/Pedestrian,Pedestrian,Crossing in Crosswalk at Intersection,Dry,No Unusual Condition,Dark - Street Lights,Midblock > 20ft,0.0,1,1.0,Pedestrian,West,Proceeding Straight,Driver,North,Proceeding Straight,POINT (-122.47144 37.7348),116.0,10.0,8.0,41.0,17
17923,vw_geo_sfpd_cr_switrs_all_types_col_cty_union.fid-c18a0c2_186644fdb18_-17ef,47033,22579000.000000004,,190313921,37.7200271925,-122.458177518,SFPD-INTERIM DB,CITY STREET,05/02/2019 09:29:00 PM,2019 May 02,21:29:00,2019,May,Thursday,GRAFTON AVE,MIRAMAR AVE,0.0,Clear,Injury (Other Visible),Vehicle/Pedestrian,Pedestrian,"In Road, Including Shoulder",Dry,No Unusual Condition,Dark - No Street Lights,Intersection <= 20ft,0.0,1,1.0,Pedestrian,South,Not Stated,Driver,East,Proceeding Straight,POINT (-122.458176 37.720028),64.0,10.0,1.0,24.0,21
17931,vw_geo_sfpd_cr_switrs_all_types_col_cty_union.fid-c18a0c2_186644fdb18_-cac,48716,26632000.0,,190820039,37.7866010394,-122.436746552,SFPD-INTERIM DB,CITY STREET,10/30/2019 07:21:00 AM,2019 October 30,07:21:00,2019,October,Wednesday,BUSH ST,PIERCE ST,0.0,Clear,Injury (Complaint of Pain),Broadside,Pedestrian,Crossing in Crosswalk at Intersection,Dry,No Unusual Condition,Daylight,Intersection <= 20ft,0.0,1,1.0,Driver,East,Making Left Turn,Pedestrian,North,Proceeding Straight,POINT (-122.436745 37.786602),103.0,4.0,11.0,30.0,07
17933,vw_geo_sfpd_cr_switrs_all_types_col_cty_union.fid-c18a0c2_186644fdb18_-ffa,48112,24509000.0,,190699113,37.7867654833,-122.392052962,SFPD-INTERIM DB,CITY STREET,09/18/2019 05:28:00 PM,2019 September 18,17:28:00,2019,September,Wednesday,FREMONT ST,HARRISON ST,0.0,Clear,Injury (Complaint of Pain),Vehicle/Pedestrian,Pedestrian,Crossing in Crosswalk at Intersection,Dry,No Unusual Condition,Daylight,Intersection <= 20ft,0.0,1,1.0,Driver,North,Making Right Turn,Pedestrian,East,Proceeding Straight,POINT (-122.39205 37.786766),30.0,1.0,10.0,8.0,17
17946,vw_geo_sfpd_cr_switrs_all_types_col_cty_union.fid-c18a0c2_186644fdb18_-ba4,50357,25330000.0,,190868910,37.7981520563,-122.407082926,SFPD-INTERIM DB,CITY STREET,11/17/2019 03:52:00 AM,2019 November 17,03:52:00,2019,November,Sunday,COLUMBUS AVE,GRANT AVE,0.0,Clear,Injury (Other Visible),Vehicle/Pedestrian,Pedestrian,Crossing Not in Crosswalk,Dry,No Unusual Condition,Dark - Street Lights,Intersection <= 20ft,0.0,1,1.0,Pedestrian,West,Other,Driver,North,Proceeding Straight,POINT (-122.40708 37.798153),106.0,6.0,3.0,23.0,03
17962,vw_geo_sfpd_cr_switrs_all_types_col_cty_union.fid-c18a0c2_186644fdb18_-e68,723,20871000.0,,140045920,37.7190742505676,-122.410989852672,SFPD-CROSSROADS,CITY STREET,01/16/2014 03:05:00 PM,2014 January 16,15:05:00,2014,January,Thursday,MANSELL ST,UNIVERSITY ST,0.0,Clear,Injury (Complaint of Pain),Vehicle/Pedestrian,Pedestrian,Crossing Not in Crosswalk,Dry,No Unusual Condition,Daylight,Intersection <= 20ft,0.0,1,1.0,Driver,North,Other,Pedestrian,West,Proceeding Straight,POINT (-122.41099 37.719074),91.0,2.0,9.0,25.0,15
17964,vw_geo_sfpd_cr_switrs_all_types_col_cty_union.fid-c18a0c2_186644fdb18_-15b3,51173,24895000.0,,190425178,37.7853882489,-122.408667084,SFPD-INTERIM DB,CITY STREET,06/13/2019 10:27:00 AM,2019 June 13,10:27:00,2019,June,Thursday,ELLIS ST,CYRIL MAGNIN ST,0.0,Clear,Injury (Complaint of Pain),Vehicle/Pedestrian,Pedestrian,Crossing in Crosswalk at Intersection,Dry,No Unusual Condition,Daylight,Intersection <= 20ft,0.0,1,1.0,Pedestrian,South,Proceeding Straight,Driver,West,Proceeding Straight,POINT (-122.40867 37.78539),19.0,5.0,10.0,36.0,10
17985,vw_geo_sfpd_cr_switrs_all_types_col_cty_union.fid-c18a0c2_186644fdb18_-12a0,47878,30739000.0,8748101.0,190587154,37.7839042584,-122.408094972,SFPD-INTERIM DB,CITY STREET,08/11/2019 08:50:00 PM,2019 August 11,20:50:00,2019,August,Sunday,MARKET ST,05TH ST,33.0,Clear,Fatal,Vehicle/Pedestrian,Pedestrian,Crossing in Crosswalk at Intersection,Dry,No Unusual Condition,Dark - Street Lights,Midblock > 20ft,1.0,0,1.0,Pedestrian,North,Not Stated,Driver,West,Proceeding Straight,POINT (-122.4081 37.783905),32.0,5.0,10.0,34.0,20
17993,vw_geo_sfpd_cr_switrs_all_types_col_cty_union.fid-c18a0c2_186644fdb18_-1211,48000,22696000.0,,190608192,37.7196854082,-122.465357095,SFPD-INTERIM DB,CITY STREET,08/18/2019 08:47:00 AM,2019 August 18,08:47:00,2019,August,Sunday,GARFIELD ST,VICTORIA ST,0.0,Clear,Injury (Other Visible),Vehicle/Pedestrian,Pedestrian,Crossing in Crosswalk at Intersection,Dry,No Unusual Condition,Daylight,Intersection <= 20ft,0.0,1,,Driver,West,Backing,Pedestrian,North,Not Stated,POINT (-122.465355 37.719685),64.0,10.0,1.0,24.0,08
18001,vw_geo_sfpd_cr_switrs_all_types_col_cty_union.fid-c18a0c2_186644fdb18_-1b7b,46728,25226000.0,,190143267,37.7894120611,-122.422135208,SFPD-INTERIM DB,CITY STREET,02/26/2019 12:40:00 PM,2019 February 26,12:40:00,2019,February,Tuesday,VAN NESS AVE,PINE ST,0.0,Cloudy,Injury (Complaint of Pain),Vehicle/Pedestrian,Pedestrian,Not in Road,Wet,No Unusual Condition,Daylight,Intersection <= 20ft,0.0,1,1.0,Driver,East,Backing,Pedestrian,West,Proceeding Straight,POINT (-122.422134 37.789413),105.0,4.0,3.0,21.0,12
18016,vw_geo_sfpd_cr_switrs_all_types_col_cty_union.fid-c18a0c2_186644fdb18_-ebe,49454,25364000.0,,190752799,37.8003154992,-122.410206544,SFPD-INTERIM DB,CITY STREET,10/06/2019 09:45:00 PM,2019 October 06,21:45:00,2019,October,Sunday,UNION ST,COLUMBUS AVE,0.0,Clear,Injury (Other Visible),Vehicle/Pedestrian,Pedestrian,Crossing in Crosswalk at Intersection,Dry,No Unusual Condition,Dark - Street Lights,Intersection <= 20ft,0.0,1,1.0,Driver,West,Proceeding Straight,Pedestrian,North,Proceeding Straight,POINT (-122.41021 37.800316),106.0,6.0,3.0,6.0,21
18018,vw_geo_sfpd_cr_switrs_all_types_col_cty_union.fid-c18a0c2_186644fdb18_-1164,48295,30739000.0,,190639006,37.7839914876,-122.408066546,SFPD-INTERIM DB,CITY STREET,08/28/2019 04:40:00 PM,2019 August 28,16:40:00,2019,August,Wednesday,MARKET ST,05TH ST,0.0,Clear,Injury (Other Visible),Broadside,Pedestrian,Crossing in Crosswalk at Intersection,Dry,No Unusual Condition,Daylight,Intersection <= 20ft,0.0,2,1.0,Pedestrian,North,Proceeding Straight,Bicyclist,West,Proceeding Straight,POINT (-122.408066 37.783993),19.0,5.0,10.0,34.0,16
18022,vw_geo_sfpd_cr_switrs_all_types_col_cty_union.fid-c18a0c2_186644fdb18_-67b,37180,23021000.000000004,,160291385,37.7204426318843,-122.475225476182,SFPD-CROSSROADS,CITY STREET,04/09/2016 03:30:00 AM,2016 April 09,03:30:00,2016,April,Saturday,CRESPI DR,19TH AVE,0.0,Cloudy,Injury (Complaint of Pain),Vehicle/Pedestrian,Pedestrian,"In Road, Including Shoulder",Wet,No Unusual Condition,Dark - Street Lights,Intersection <= 20ft,0.0,1,,Pedestrian,North,Proceeding Straight,Driver,East,Proceeding Straight,POINT (-122.47523 37.720444),42.0,10.0,8.0,16.0,03
18026,vw_geo_sfpd_cr_switrs_all_types_col_cty_union.fid-c18a0c2_186644fdb18_-14b5,47181,24153000.000000004,,190470195,37.7584985087,-122.421271729,SFPD-INTERIM DB,CITY STREET,06/29/2019 04:00:00 PM,2019 June 29,16:00:00,2019,June,Saturday,20TH ST,VALENCIA ST,0.0,Clear,Injury (Complaint of Pain),Vehicle/Pedestrian,Pedestrian,Crossing in Crosswalk at Intersection,Dry,No Unusual Condition,Daylight,Intersection <= 20ft,0.0,1,1.0,Driver,West,Proceeding Straight,Pedestrian,South,Not Stated,POINT (-122.42127 37.7585),53.0,3.0,2.0,20.0,16
18031,vw_geo_sfpd_cr_switrs_all_types_col_cty_union.fid-c18a0c2_186644fdb18_-8d1,27261,24678000.0,9297000.0,160032286,37.7900257464204,-122.402186904721,SFPD-CROSSROADS,CITY STREET,01/12/2016 05:13:00 PM,2016 January 12,17:13:00,2016,January,Tuesday,MONTGOMERY ST,SUTTER ST,5.0,Clear,Injury (Complaint of Pain),Vehicle/Pedestrian,Pedestrian,Crossing in Crosswalk at Intersection,Dry,No Unusual Condition,Dusk - Dawn,Intersection <= 20ft,0.0,1,1.0,Pedestrian,East,Proceeding Straight,Driver,South,Proceeding Straight,POINT (-122.40218 37.790028),108.0,6.0,3.0,8.0,17
18032,vw_geo_sfpd_cr_switrs_all_types_col_cty_union.fid-c18a0c2_186644fdb18_-d1e,49919,24376000.000000004,13059000.0,190806584,37.7654136628,-122.421934547,SFPD-INTERIM DB,CITY STREET,10/25/2019 03:00:00 PM,2019 October 25,15:00:00,2019,October,Friday,VALENCIA ST,16TH ST,181.0,Clear,Injury (Other Visible),Vehicle/Pedestrian,Pedestrian,Crossing Not in Crosswalk,Dry,No Unusual Condition,Daylight,Midblock > 20ft,0.0,1,1.0,Pedestrian,West,Proceeding Straight,Bicyclist,South,Entering Traffic,POINT (-122.421936 37.765415),53.0,3.0,5.0,20.0,15
18037,vw_geo_sfpd_cr_switrs_all_types_col_cty_union.fid-c18a0c2_186644fdb18_-78b,27899,25230000.0,8248000.0,150813165,37.7902650245932,-122.415561239271,SFPD-CROSSROADS,CITY STREET,09/16/2015 01:04:00 PM,2015 September 16,13:04:00,2015,September,Wednesday,LEAVENWORTH ST,PINE ST,4.0,Cloudy,Fatal,Vehicle/Pedestrian,Pedestrian,Crossing in Crosswalk at Intersection,Dry,No Unusual Condition,Daylight,Intersection <= 20ft,1.0,0,,Driver,West,Making Left Turn,Pedestrian,North,Not Stated,POINT (-122.41556 37.790264),16.0,6.0,3.0,21.0,13