,id,unique_id,cnn_intrsctn_fkey,cnn_sgmt_fkey,case_id_pkey,tb_latitude,tb_longitude,geocode_source,geocode_location,collision_datetime,collision_date,collision_time,accident_year,month,day_of_week,primary_rd,secondary_rd,distance,weather_1,collision_severity,type_of_collision,mviw,ped_action,road_surface,road_cond_1,lighting,intersection,number_killed,number_injured,party_at_fault,party1_type,party1_dir_of_travel,party1_move_pre_acc,party2_type,party2_dir_of_travel,party2_move_pre_acc,point,Neighborhoods,Current Police Districts,Current Supervisor Districts,Analysis Neighborhoods,hour
18040,vw_geo_sfpd_cr_switrs_all_types_col_cty_union.fid-c18a0c2_186644fdb18_-c67,49315,26049000.0,,190829934,37.781218802,-122.433973158,SFPD-INTERIM DB,CITY STREET,11/02/2019 05:31:00 PM,2019 November 02,17:31:00,2019,November,Saturday,STEINER ST,EDDY ST,0.0,Clear,Injury (Complaint of Pain),Vehicle/Pedestrian,Pedestrian,Crossing in Crosswalk at Intersection,Dry,No Unusual Condition,Daylight,Intersection <= 20ft,0.0,1,1.0,Driver,West,Proceeding Straight,Pedestrian,North,Proceeding Straight,POINT (-122.433975 37.78122),97.0,4.0,11.0,39.0,17
18041,vw_geo_sfpd_cr_switrs_all_types_col_cty_union.fid-c18a0c2_186644fdb18_-e42,24653,30739000.0,289000.0,140117381,37.7837969070797,-122.407820998852,SFPD-CROSSROADS,CITY STREET,02/09/2014 02:50:00 PM,2014 February 09,14:50:00,2014,February,Sunday,05TH ST,MARKET ST,100.0,Raining,Injury (Complaint of Pain),Vehicle/Pedestrian,Pedestrian,Crossing Not in Crosswalk,Wet,No Unusual Condition,Daylight,Midblock > 20ft,0.0,1,1.0,Pedestrian,East,Proceeding Straight,Driver,North,Proceeding Straight,POINT (-122.40782 37.7838),32.0,5.0,10.0,34.0,14
18060,vw_geo_sfpd_cr_switrs_all_types_col_cty_union.fid-c18a0c2_186644fdb18_-14fd,47578,22193000.0,,190462681,37.7229613197,-122.44955862,SFPD-INTERIM DB,CITY STREET,06/26/2019 06:02:00 PM,2019 June 26,18:02:00,2019,June,Wednesday,OCEAN AVE,HOWTH ST,0.0,Clear,Injury (Other Visible),Broadside,Pedestrian,Crossing in Crosswalk at Intersection,Dry,No Unusual Condition,Daylight,Intersection <= 20ft,0.0,1,1.0,Pedestrian,South,Proceeding Straight,Driver,East,Proceeding Straight,POINT (-122.44956 37.72296),81.0,9.0,8.0,24.0,18
18071,vw_geo_sfpd_cr_switrs_all_types_col_cty_union.fid-c18a0c2_186644fdb18_-15d3,47130,34074000.0,,190418424,37.8252699445,-122.369976637,SFPD-INTERIM DB,CITY STREET,06/10/2019 10:40:00 PM,2019 June 10,22:40:00,2019,June,Monday,AVENUE H,09TH TI ST,0.0,Clear,Injury (Other Visible),Vehicle/Pedestrian,Pedestrian,Crossing in Crosswalk at Intersection,Dry,No Unusual Condition,Dark - Street Lights,Intersection <= 20ft,0.0,2,1.0,Driver,South,Proceeding Straight,Pedestrian,West,Proceeding Straight,POINT (-122.36998 37.82527),36.0,1.0,10.0,37.0,22
18075,vw_geo_sfpd_cr_switrs_all_types_col_cty_union.fid-c18a0c2_186644fdb18_-94d,26944,24546000.0,12552201.0,130636181,37.7924909358793,-122.391071108196,SFPD-CROSSROADS,CITY STREET,08/02/2013 05:05:00 AM,2013 August 02,05:05:00,2013,August,Friday,THE EMBARCADERO,HOWARD ST,26.0,Clear,Injury (Complaint of Pain),Vehicle/Pedestrian,Pedestrian,Crossing Not in Crosswalk,Dry,No Unusual Condition,Dark - Street Lights,Midblock > 20ft,0.0,1,1.0,Pedestrian,West,Entering Traffic,Driver,South,Proceeding Straight,POINT (-122.39107 37.792492),108.0,1.0,10.0,8.0,05
18081,vw_geo_sfpd_cr_switrs_all_types_col_cty_union.fid-c18a0c2_186644fdb18_-18c6,47266,34161000.0,,190265532,37.7706565857,-122.389483,SFPD-INTERIM DB,CITY STREET,04/14/2019 03:15:00 PM,2019 April 14,15:15:00,2019,April,Sunday,03RD ST,MISSION BAY SOUTH ST,0.0,Clear,Injury (Other Visible),Vehicle/Pedestrian,Pedestrian,Crossing in Crosswalk at Intersection,Dry,No Unusual Condition,Daylight,Intersection <= 20ft,0.0,1,,Driver,South,Proceeding Straight,Pedestrian,East,Proceeding Straight,POINT (-122.38948 37.770657),34.0,1.0,10.0,4.0,15
18085,vw_geo_sfpd_cr_switrs_all_types_col_cty_union.fid-c18a0c2_186644fdb18_-6a1,37150,23011000.0,7709101.0,160489483,37.7198831926603,-122.472330015784,SFPD-CROSSROADS,CITY STREET,06/16/2016 02:57:00 PM,2016 June 16,14:57:00,2016,June,Thursday,JUNIPERO SERRA BLVD,GARFIELD ST,92.0,Clear,Injury (Other Visible),Vehicle/Pedestrian,Pedestrian,Crossing Not in Crosswalk,Dry,No Unusual Condition,Daylight,Midblock > 20ft,0.0,1,1.0,Pedestrian,North,Not Stated,Driver,North,Proceeding Straight,POINT (-122.47233 37.719883),64.0,10.0,8.0,24.0,14
18089,vw_geo_sfpd_cr_switrs_all_types_col_cty_union.fid-c18a0c2_186644fdb18_-820,27603,24686000.0,,160339480,37.7921084037533,-122.400933081912,SFPD-CROSSROADS,CITY STREET,04/25/2016 05:00:00 PM,2016 April 25,17:00:00,2016,April,Monday,SANSOME ST,PINE ST,0.0,Clear,Injury (Complaint of Pain),Vehicle/Pedestrian,Pedestrian,Crossing Not in Crosswalk,Dry,No Unusual Condition,Daylight,Intersection <= 20ft,0.0,1,1.0,Pedestrian,West,Proceeding Straight,Driver,North,Making Right Turn,POINT (-122.40093 37.792107),108.0,6.0,3.0,8.0,17
18097,vw_geo_sfpd_cr_switrs_all_types_col_cty_union.fid-c18a0c2_186644fdb18_-16c5,20454,25916000.0,,160313177,37.7759498628609,-122.422787633911,SFPD-CROSSROADS,CITY STREET,04/16/2016 03:30:00 PM,2016 April 16,15:30:00,2016,April,Saturday,GOUGH ST,FELL ST,0.0,Clear,Injury (Other Visible),Vehicle/Pedestrian,Pedestrian,Crossing in Crosswalk at Intersection,Dry,No Unusual Condition,Daylight,Intersection <= 20ft,0.0,2,1.0,Driver,West,Making Left Turn,Pedestrian,East,Proceeding Straight,POINT (-122.42279 37.77595),22.0,4.0,11.0,9.0,15
18098,vw_geo_sfpd_cr_switrs_all_types_col_cty_union.fid-c18a0c2_186644fdb18_-b0e,26116,24945000.0,9728000.0,140683445,37.7857928846843,-122.412943411837,SFPD-CROSSROADS,CITY STREET,08/15/2014 04:30:00 PM,2014 August 15,16:30:00,2014,August,Friday,OFARRELL ST,JONES ST,8.0,Clear,Injury (Complaint of Pain),Vehicle/Pedestrian,Pedestrian,Crossing in Crosswalk at Intersection,Dry,No Unusual Condition,Daylight,Intersection <= 20ft,0.0,1,1.0,Pedestrian,South,Entering Traffic,Driver,East,Making Left Turn,POINT (-122.41294 37.785793),20.0,5.0,10.0,36.0,16
18105,vw_geo_sfpd_cr_switrs_all_types_col_cty_union.fid-c18a0c2_186644fdb18_-1c61,46600,25222000.0,,190090185,37.7896204372,-122.420493442,SFPD-INTERIM DB,CITY STREET,02/05/2019 03:48:00 PM,2019 February 05,15:48:00,2019,February,Tuesday,PINE ST,POLK ST,0.0,Clear,Injury (Complaint of Pain),Broadside,Pedestrian,Crossing in Crosswalk at Intersection,Dry,No Unusual Condition,Daylight,Intersection <= 20ft,0.0,1,1.0,Driver,West,Making Right Turn,Pedestrian,South,Proceeding Straight,POINT (-122.420494 37.78962),50.0,4.0,3.0,21.0,15
18110,vw_geo_sfpd_cr_switrs_all_types_col_cty_union.fid-c18a0c2_186644fdb18_-1617,47119,26593000.0,12132000.0,190407477,37.7823053576,-122.434193029,SFPD-INTERIM DB,CITY STREET,06/06/2019 10:15:00 AM,2019 June 06,10:15:00,2019,June,Thursday,STEINER ST,ELLIS ST,57.0,Clear,Injury (Other Visible),Vehicle/Pedestrian,Pedestrian,Not in Road,Dry,No Unusual Condition,Daylight,Midblock > 20ft,0.0,1,1.0,Driver,West,Entering Traffic,Pedestrian,North,Proceeding Straight,POINT (-122.4342 37.782307),97.0,4.0,11.0,39.0,10
18111,vw_geo_sfpd_cr_switrs_all_types_col_cty_union.fid-c18a0c2_186644fdb18_-1719,47349,24546000.0,,190356711,37.7924360473,-122.391096119,SFPD-INTERIM DB,CITY STREET,05/18/2019 08:34:00 PM,2019 May 18,20:34:00,2019,May,Saturday,THE EMBARCADERO,HOWARD ST,0.0,Cloudy,Injury (Complaint of Pain),Vehicle/Pedestrian,Pedestrian,Crossing in Crosswalk at Intersection,Wet,No Unusual Condition,Dusk - Dawn,Intersection <= 20ft,0.0,1,,Driver,South,Proceeding Straight,Pedestrian,South,Proceeding Straight,POINT (-122.3911 37.792435),108.0,1.0,10.0,8.0,20
18115,vw_geo_sfpd_cr_switrs_all_types_col_cty_union.fid-c18a0c2_186644fdb18_-8e5,8,20403000.000000004,,180931505,37.7087380329,-122.415049086,SFPD-INTERIM DB,CITY STREET,12/10/2018 05:36:00 PM,2018 December 10,17:36:00,2018,December,Monday,VELASCO AVE,RIO VERDE ST,0.0,Clear,Injury (Other Visible),Vehicle/Pedestrian,Pedestrian,"In Road, Including Shoulder",Dry,No Unusual Condition,Dark - Street Lights,Intersection <= 20ft,0.0,1,1.0,Pedestrian,South,Stopped In Road,Driver,East,Proceeding Straight,POINT (-122.41505 37.708736),75.0,9.0,9.0,40.0,17
18122,vw_geo_sfpd_cr_switrs_all_types_col_cty_union.fid-c18a0c2_186644fdb18_-1969,51161,21475000.0,,190235422,37.7160388196,-122.440255135,SFPD-INTERIM DB,CITY STREET,04/03/2019 12:15:00 PM,2019 April 03,12:15:00,2019,April,Wednesday,GENEVA AVE,LONDON ST,0.0,Clear,Injury (Complaint of Pain),Vehicle/Pedestrian,Pedestrian,Crossing in Crosswalk at Intersection,Dry,No Unusual Condition,Daylight,Intersection <= 20ft,0.0,1,1.0,Driver,East,Proceeding Straight,Pedestrian,North,Proceeding Straight,POINT (-122.440254 37.716038),58.0,9.0,1.0,7.0,12
18123,vw_geo_sfpd_cr_switrs_all_types_col_cty_union.fid-c18a0c2_186644fdb18_-d33,48608,24284000.0,9043000.0,190804184,37.7818661916,-122.406475743,SFPD-INTERIM DB,CITY STREET,11/15/2019 07:52:00 AM,2019 November 15,07:52:00,2019,November,Friday,MINNA ST,MARY ST,96.0,Clear,Injury (Severe),Vehicle/Pedestrian,Pedestrian,Crossing Not in Crosswalk,Dry,No Unusual Condition,Daylight,Midblock > 20ft,0.0,1,1.0,Driver,East,Traveling Wrong Way,Pedestrian,East,Proceeding Straight,POINT (-122.40648 37.781868),32.0,1.0,10.0,34.0,07
18124,vw_geo_sfpd_cr_switrs_all_types_col_cty_union.fid-c18a0c2_186644fdb18_-ac1,49112,26345000.0,,190906253,37.7720803942,-122.445716665,SFPD-INTERIM DB,CITY STREET,12/01/2019 09:09:00 PM,2019 December 01,21:09:00,2019,December,Sunday,MASONIC AVE,OAK ST,0.0,Cloudy,Injury (Complaint of Pain),Vehicle/Pedestrian,Pedestrian,Crossing in Crosswalk at Intersection,Wet,No Unusual Condition,Dark - No Street Lights,Intersection <= 20ft,0.0,1,1.0,Driver,East,Making Left Turn,Pedestrian,South,Proceeding Straight,POINT (-122.44572 37.77208),24.0,7.0,11.0,12.0,21
18129,vw_geo_sfpd_cr_switrs_all_types_col_cty_union.fid-c18a0c2_186644fdb18_-14ce,47173,26512000.000000004,,190468827,37.7829860475,-122.427584325,SFPD-INTERIM DB,CITY STREET,06/29/2019 12:56:00 AM,2019 June 29,00:56:00,2019,June,Saturday,LAGUNA ST,ELLIS ST,0.0,Clear,Injury (Complaint of Pain),Vehicle/Pedestrian,Pedestrian,Crossing Not in Crosswalk,Dry,No Unusual Condition,Dark - Street Lights,Intersection <= 20ft,0.0,1,,Driver,North,Proceeding Straight,Pedestrian,West,Proceeding Straight,POINT (-122.42758 37.782986),100.0,4.0,11.0,39.0,00
18133,vw_geo_sfpd_cr_switrs_all_types_col_cty_union.fid-c18a0c2_186644fdb18_-ac3,31919,25226000.0,,190905958,37.7894120611,-122.422135208,SFPD-INTERIM DB,CITY STREET,11/30/2018 09:36:00 PM,2018 November 30,21:36:00,2018,November,Friday,VAN NESS AVE,PINE ST,0.0,Cloudy,Injury (Complaint of Pain),Vehicle/Pedestrian,Pedestrian,Crossing in Crosswalk at Intersection,Wet,No Unusual Condition,Dark - Street Lights,Intersection <= 20ft,0.0,1,,Driver,South,Making Right Turn,Pedestrian,East,Proceeding Straight,POINT (-122.422134 37.789413),105.0,4.0,3.0,21.0,21
18134,vw_geo_sfpd_cr_switrs_all_types_col_cty_union.fid-c18a0c2_186644fdb18_-8c5,49879,27156000.000000004,,190971676,37.7659246628,-122.46644249,SFPD-INTERIM DB,CITY STREET,12/27/2019 01:12:00 PM,2019 December 27,13:12:00,2019,December,Friday,09TH AVE,LINCOLN WAY,0.0,Clear,Injury (Other Visible),Vehicle/Pedestrian,Pedestrian,Crossing in Crosswalk at Intersection,Dry,No Unusual Condition,Daylight,Intersection <= 20ft,0.0,1,1.0,Driver,North,Making Right Turn,Pedestrian,South,Proceeding Straight,POINT (-122.466446 37.765926),9.0,10.0,11.0,14.0,13
18140,vw_geo_sfpd_cr_switrs_all_types_col_cty_union.fid-c18a0c2_186644fdb18_-1cf5,47659,20645000.0,,190060978,37.7306583524,-122.403400462,SFPD-INTERIM DB,CITY STREET,01/25/2019 07:00:00 AM,2019 January 25,07:00:00,2019,January,Friday,CARROLL AVE,THORNTON AVE,0.0,Clear,Injury (Complaint of Pain),Vehicle/Pedestrian,Pedestrian,Crossing in Crosswalk at Intersection,Dry,No Unusual Condition,Daylight,Intersection <= 20ft,0.0,1,1.0,Driver,North,Proceeding Straight,Pedestrian,South,Proceeding Straight,POINT (-122.403404 37.73066),91.0,2.0,9.0,25.0,07
18141,vw_geo_sfpd_cr_switrs_all_types_col_cty_union.fid-c18a0c2_186644fdb18_-172a,47071,26053000.0,4803201.0,190354696,37.7752339274,-122.437800392,SFPD-INTERIM DB,CITY STREET,05/17/2019 10:36:00 PM,2019 May 17,22:36:00,2019,May,Friday,DIVISADERO ST,HAYES ST,90.0,Clear,Injury (Complaint of Pain),Vehicle/Pedestrian,Pedestrian,Crossing Not in Crosswalk,Dry,No Unusual Condition,Dark - Street Lights,Midblock > 20ft,0.0,1,1.0,Pedestrian,East,Proceeding Straight,Driver,North,Other,POINT (-122.4378 37.775234),23.0,4.0,11.0,9.0,22
18147,vw_geo_sfpd_cr_switrs_all_types_col_cty_union.fid-c18a0c2_186644fdb18_-1c41,37274,23016000.0,,170923512,37.7216237681759,-122.472322354746,SFPD-CROSSROADS,CITY STREET,11/12/2017 05:35:00 PM,2017 November 12,17:35:00,2017,November,Sunday,JUNIPERO SERRA BLVD,HOLLOWAY AVE,0.0,Clear,Injury (Complaint of Pain),Vehicle/Pedestrian,Pedestrian,Crossing in Crosswalk at Intersection,Dry,No Unusual Condition,Dark - Street Lights,Intersection <= 20ft,0.0,1,1.0,Driver,East,Making Left Turn,Pedestrian,East,Proceeding Straight,POINT (-122.47232 37.721622),64.0,10.0,1.0,24.0,17
18150,vw_geo_sfpd_cr_switrs_all_types_col_cty_union.fid-c18a0c2_186644fdb18_-1a84,35539,26969000.000000004,3981000.0,180150090,37.8002993523,-122.440322567,SFPD-INTERIM DB,CITY STREET,02/25/2018 05:12:00 PM,2018 February 25,17:12:00,2018,February,Sunday,CHESTNUT ST,AVILA ST,4.0,Clear,Injury (Other Visible),Vehicle/Pedestrian,Pedestrian,Crossing in Crosswalk at Intersection,Dry,No Unusual Condition,Daylight,Intersection <= 20ft,0.0,1,,Driver,West,Slowing/Stopping,Pedestrian,North,Ran Off Road,POINT (-122.44032 37.8003),17.0,4.0,6.0,13.0,17
18152,vw_geo_sfpd_cr_switrs_all_types_col_cty_union.fid-c18a0c2_186644fdb18_-18bf,46986,21023000.0,,190266176,37.7395662723,-122.406978585,SFPD-INTERIM DB,CITY STREET,04/14/2019 08:28:00 PM,2019 April 14,20:28:00,2019,April,Sunday,BAY SHORE BLVD,CORTLAND AVE,0.0,Clear,Injury (Other Visible),Vehicle/Pedestrian,Pedestrian,Crossing in Crosswalk at Intersection,Dry,No Unusual Condition,Dark - Street Lights,Intersection <= 20ft,0.0,1,1.0,Driver,South,Proceeding Straight,Pedestrian,East,Proceeding Straight,POINT (-122.406975 37.739567),82.0,2.0,9.0,1.0,20
18154,vw_geo_sfpd_cr_switrs_all_types_col_cty_union.fid-c18a0c2_186644fdb18_-1bed,46657,27539000.0,,190111753,37.7822123125,-122.480590017,SFPD-INTERIM DB,CITY STREET,02/14/2019 10:23:00 AM,2019 February 14,10:23:00,2019,February,Thursday,CLEMENT ST,21ST AVE,0.0,Cloudy,Injury (Other Visible),Vehicle/Pedestrian,Pedestrian,Crossing in Crosswalk at Intersection,Wet,No Unusual Condition,Daylight,Intersection <= 20ft,0.0,1,1.0,Driver,East,Proceeding Straight,Pedestrian,South,Proceeding Straight,POINT (-122.48059 37.78221),8.0,8.0,4.0,29.0,10
18186,vw_geo_sfpd_cr_switrs_all_types_col_cty_union.fid-c18a0c2_186644fdb18_-1925,40322,27709000.0,1651000.0,170045536,37.758839185031,-122.488614841539,SFPD-CROSSROADS,CITY STREET,01/17/2017 03:40:00 PM,2017 January 17,15:40:00,2017,January,Tuesday,30TH AVE,KIRKHAM ST,173.0,Clear,Injury (Complaint of Pain),Vehicle/Pedestrian,Pedestrian,Crossing Not in Crosswalk,Dry,No Unusual Condition,Daylight,Midblock > 20ft,0.0,1,1.0,Pedestrian,East,Entering Traffic,Driver,South,Proceeding Straight,POINT (-122.48862 37.75884),39.0,10.0,7.0,35.0,15
18187,vw_geo_sfpd_cr_switrs_all_types_col_cty_union.fid-c18a0c2_186644fdb18_-181f,47587,23946000.0,,190298696,37.7797389056,-122.407159488,SFPD-INTERIM DB,CITY STREET,04/26/2019 11:42:00 PM,2019 April 26,23:42:00,2019,April,Friday,HOWARD ST,06TH ST,0.0,Clear,Injury (Complaint of Pain),Vehicle/Pedestrian,Pedestrian,"In Road, Including Shoulder",Dry,No Unusual Condition,Dark - Street Lights,Intersection <= 20ft,0.0,1,1.0,Pedestrian,West,Other,Driver,West,Proceeding Straight,POINT (-122.40716 37.77974),32.0,1.0,10.0,34.0,23
18188,vw_geo_sfpd_cr_switrs_all_types_col_cty_union.fid-c18a0c2_186644fdb18_-160f,35859,25597000.0,,160125386,37.8068630308211,-122.418908044659,SFPD-CROSSROADS,CITY STREET,02/11/2016 09:10:00 AM,2016 February 11,09:10:00,2016,February,Thursday,LEAVENWORTH ST,BEACH ST,0.0,Clear,Injury (Complaint of Pain),Vehicle/Pedestrian,Pedestrian,Crossing in Crosswalk at Intersection,Dry,No Unusual Condition,Daylight,Intersection <= 20ft,0.0,1,1.0,Driver,West,Making Right Turn,Pedestrian,South,Proceeding Straight,POINT (-122.41891 37.80686),99.0,6.0,6.0,32.0,09
18204,vw_geo_sfpd_cr_switrs_all_types_col_cty_union.fid-c18a0c2_186644fdb18_-b04,48598,25461000.0,2774000.0,190895850,37.8058321286,-122.411891909,SFPD-INTERIM DB,CITY STREET,11/26/2019 06:48:00 PM,2019 November 26,18:48:00,2019,November,Tuesday,BAY ST,POWELL ST,17.0,Raining,Injury (Complaint of Pain),Vehicle/Pedestrian,Pedestrian,Crossing in Crosswalk Not at Intersection,Wet,Flooded,Dark - Street Lights,Intersection <= 20ft,0.0,1,,Driver,South,Making Left Turn,Pedestrian,North,Other,POINT (-122.41189 37.805832),106.0,6.0,3.0,23.0,18
18205,vw_geo_sfpd_cr_switrs_all_types_col_cty_union.fid-c18a0c2_186644fdb18_-d95,49783,24084000.0,3678000.0,190787376,37.7565069974,-122.417755083,SFPD-INTERIM DB,CITY STREET,10/19/2019 12:34:00 AM,2019 October 19,00:34:00,2019,October,Saturday,CAPP ST,21ST ST,217.0,Clear,Injury (Other Visible),Vehicle/Pedestrian,Pedestrian,Crossing Not in Crosswalk,Dry,No Unusual Condition,Dark - Street Lights,Midblock > 20ft,0.0,1,1.0,Driver,North,Proceeding Straight,Pedestrian,West,Entering Traffic,POINT (-122.417755 37.756508),53.0,3.0,2.0,20.0,00
18218,vw_geo_sfpd_cr_switrs_all_types_col_cty_union.fid-c18a0c2_186644fdb18_-df3,49425,21940000.0,,190778745,37.7335503435,-122.434144536,SFPD-INTERIM DB,CITY STREET,10/16/2019 06:38:00 AM,2019 October 16,06:38:00,2019,October,Wednesday,BOSWORTH ST,DIAMOND ST,0.0,Clear,Injury (Complaint of Pain),Vehicle/Pedestrian,Pedestrian,Crossing in Crosswalk at Intersection,Dry,No Unusual Condition,Dusk - Dawn,Intersection <= 20ft,0.0,1,1.0,Driver,East,Making Right Turn,Pedestrian,North,Proceeding Straight,POINT (-122.43414 37.73355),96.0,9.0,5.0,41.0,06
18221,vw_geo_sfpd_cr_switrs_all_types_col_cty_union.fid-c18a0c2_186644fdb18_-163e,46303,20219000.0,206102.0,190400562,37.7387757788,-122.389264425,SFPD-INTERIM DB,CITY STREET,06/04/2019 09:10:00 AM,2019 June 04,09:10:00,2019,June,Tuesday,03RD ST,JERROLD AVE,18.0,Clear,Injury (Other Visible),Vehicle/Pedestrian,Pedestrian,Crossing in Crosswalk at Intersection,Dry,No Unusual Condition,Daylight,Intersection <= 20ft,0.0,1,1.0,Driver,South,Making Left Turn,Pedestrian,West,Proceeding Straight,POINT (-122.38927 37.738777),86.0,2.0,9.0,1.0,09
18225,vw_geo_sfpd_cr_switrs_all_types_col_cty_union.fid-c18a0c2_186644fdb18_-e09,3589,20739000.0,,131069573,37.7340732039459,-122.402855865591,SFPD-CROSSROADS,CITY STREET,12/20/2013 04:09:00 PM,2013 December 20,16:09:00,2013,December,Friday,SILVER AVE,LEDYARD ST,0.0,Clear,Injury (Complaint of Pain),Vehicle/Pedestrian,Pedestrian,Crossing in Crosswalk at Intersection,Dry,No Unusual Condition,Daylight,Intersection <= 20ft,0.0,1,1.0,Driver,West,Proceeding Straight,Pedestrian,South,Proceeding Straight,POINT (-122.402855 37.734074),87.0,2.0,9.0,1.0,16
18226,vw_geo_sfpd_cr_switrs_all_types_col_cty_union.fid-c18a0c2_186644fdb18_-1d5d,51151,33647000.0,,190037284,37.727634127,-122.403592889,SFPD-INTERIM DB,CITY STREET,01/15/2019 05:31:00 PM,2019 January 15,17:31:00,2019,January,Tuesday,BACON ST,SAN BRUNO AVE,0.0,Raining,Injury (Complaint of Pain),Vehicle/Pedestrian,Pedestrian,Crossing in Crosswalk at Intersection,Wet,No Unusual Condition,Dark - Street Lights,Intersection <= 20ft,0.0,1,1.0,Pedestrian,North,Proceeding Straight,Driver,East,Proceeding Straight,POINT (-122.403595 37.727634),91.0,2.0,2.0,25.0,17
18228,vw_geo_sfpd_cr_switrs_all_types_col_cty_union.fid-c18a0c2_186644fdb18_-fca,47988,25814000.0,,190710907,37.7626707078,-122.435187963,SFPD-INTERIM DB,CITY STREET,09/22/2019 09:01:00 PM,2019 September 22,21:01:00,2019,September,Sunday,MARKET ST,CASTRO ST,0.0,Clear,Injury (Complaint of Pain),Vehicle/Pedestrian,Pedestrian,Crossing in Crosswalk at Intersection,Dry,No Unusual Condition,Dark - Street Lights,Intersection <= 20ft,0.0,1,1.0,Driver,North,Making Left Turn,Pedestrian,North,Proceeding Straight,POINT (-122.43519 37.762672),113.0,3.0,5.0,5.0,21
18229,vw_geo_sfpd_cr_switrs_all_types_col_cty_union.fid-c18a0c2_186644fdb18_-869,27424,30731000.0,100000.0,150532440,37.7909583743487,-122.399075452728,SFPD-CROSSROADS,CITY STREET,06/18/2015 03:46:00 PM,2015 June 18,15:46:00,2015,June,Thursday,01ST ST,MARKET ST,30.0,Clear,Injury (Other Visible),Vehicle/Pedestrian,Pedestrian,"In Road, Including Shoulder",Dry,No Unusual Condition,Daylight,Midblock > 20ft,0.0,1,1.0,Driver,South,Entering Traffic,Pedestrian,North,Not Stated,POINT (-122.39908 37.79096),108.0,6.0,10.0,8.0,15
18232,vw_geo_sfpd_cr_switrs_all_types_col_cty_union.fid-c18a0c2_186644fdb18_-c44,48686,24527000.0,,190837749,37.7892346999,-122.395150932,SFPD-INTERIM DB,CITY STREET,11/05/2019 03:12:00 PM,2019 November 05,15:12:00,2019,November,Tuesday,HOWARD ST,FREMONT ST,0.0,Clear,Injury (Other Visible),Head-On,Pedestrian,Crossing in Crosswalk at Intersection,Dry,No Unusual Condition,Daylight,Intersection <= 20ft,0.0,1,1.0,Driver,West,Making Left Turn,Pedestrian,South,Proceeding Straight,POINT (-122.39515 37.789234),32.0,1.0,10.0,8.0,15
18233,vw_geo_sfpd_cr_switrs_all_types_col_cty_union.fid-c18a0c2_186644fdb18_-1ee9,20707,24450000.0,,180919307,37.777299856,-122.419693566,SFPD-INTERIM DB,CITY STREET,12/05/2018 12:21:00 AM,2018 December 05,00:21:00,2018,December,Wednesday,VAN NESS AVE,HAYES ST,0.0,Clear,Injury (Complaint of Pain),Vehicle/Pedestrian,Pedestrian,Crossing Not in Crosswalk,Dry,Construction or Repair Zone,Dark - Street Lights,Intersection <= 20ft,0.0,1,1.0,Pedestrian,West,Proceeding Straight,Driver,South,Proceeding Straight,POINT (-122.41969 37.777298),21.0,4.0,10.0,36.0,00
18235,vw_geo_sfpd_cr_switrs_all_types_col_cty_union.fid-c18a0c2_186644fdb18_-1366,47851,25184000.0,,190544803,37.7819607664,-122.42063825,SFPD-INTERIM DB,CITY STREET,07/27/2019 02:00:00 AM,2019 July 27,02:00:00,2019,July,Saturday,TURK ST,VAN NESS AVE,0.0,Clear,Injury (Severe),Vehicle/Pedestrian,Pedestrian,Crossing in Crosswalk at Intersection,Dry,No Unusual Condition,Dark - Street Lights,Intersection <= 20ft,0.0,1,1.0,Driver,East,Stopped,Pedestrian,South,Proceeding Straight,POINT (-122.42064 37.78196),100.0,4.0,11.0,39.0,02
18236,vw_geo_sfpd_cr_switrs_all_types_col_cty_union.fid-c18a0c2_186644fdb18_-ff4,48380,24289000.0,,190700914,37.7784162826,-122.409938241,SFPD-INTERIM DB,CITY STREET,09/19/2019 10:09:00 AM,2019 September 19,10:09:00,2019,September,Thursday,07TH ST,NATOMA ST,0.0,Clear,Injury (Complaint of Pain),Vehicle/Pedestrian,Pedestrian,"In Road, Including Shoulder",Dry,No Unusual Condition,Daylight,Intersection <= 20ft,0.0,1,,Pedestrian,North,Other,Driver,North,Proceeding Straight,POINT (-122.409935 37.778416),32.0,1.0,10.0,34.0,10
18243,vw_geo_sfpd_cr_switrs_all_types_col_cty_union.fid-c18a0c2_186644fdb18_-1e65,30876,26800000.0,,180951359,37.7815203529,-122.439113936,SFPD-INTERIM DB,CITY STREET,12/18/2018 02:10:00 PM,2018 December 18,14:10:00,2018,December,Tuesday,DIVISADERO ST,ELLIS ST,0.0,Clear,Injury (Complaint of Pain),Vehicle/Pedestrian,Pedestrian,Crossing in Crosswalk at Intersection,Dry,No Unusual Condition,Daylight,Intersection <= 20ft,0.0,1,1.0,Driver,South,Making Right Turn,Pedestrian,North,Proceeding Straight,POINT (-122.43912 37.78152),13.0,4.0,11.0,39.0,14
18249,vw_geo_sfpd_cr_switrs_all_types_col_cty_union.fid-c18a0c2_186644fdb18_-1e7b,23706,24627000.0,,180947223,37.7832592362,-122.402708154,SFPD-INTERIM DB,CITY STREET,12/16/2018 10:20:00 PM,2018 December 16,22:20:00,2018,December,Sunday,04TH ST,HOWARD ST,0.0,Clear,Injury (Complaint of Pain),Vehicle/Pedestrian,Pedestrian,Crossing in Crosswalk at Intersection,Wet,No Unusual Condition,Dark - Street Lights,Intersection <= 20ft,0.0,1,1.0,Driver,South,Making Left Turn,Pedestrian,West,Not Stated,POINT (-122.40271 37.78326),32.0,1.0,10.0,34.0,22