,id,unique_id,cnn_intrsctn_fkey,cnn_sgmt_fkey,case_id_pkey,tb_latitude,tb_longitude,geocode_source,geocode_location,collision_datetime,collision_date,collision_time,accident_year,month,day_of_week,primary_rd,secondary_rd,distance,weather_1,collision_severity,type_of_collision,mviw,ped_action,road_surface,road_cond_1,lighting,intersection,number_killed,number_injured,party_at_fault,party1_type,party1_dir_of_travel,party1_move_pre_acc,party2_type,party2_dir_of_travel,party2_move_pre_acc,point,Neighborhoods,Current Police Districts,Current Supervisor Districts,Analysis Neighborhoods,hour
18772,vw_geo_sfpd_cr_switrs_all_types_col_cty_union.fid-c18a0c2_186644fdb18_-b68,50481,24048000.0,,190879779,37.7656058389,-122.410486689,SFPD-INTERIM DB,CITY STREET,11/20/2019 06:58:00 PM,2019 November 20,18:58:00,2019,November,Wednesday,16TH ST,BRYANT ST,0.0,Clear,Injury (Complaint of Pain),Vehicle/Pedestrian,Pedestrian,Crossing in Crosswalk at Intersection,Dry,No Unusual Condition,Daylight,Intersection <= 20ft,0.0,1,1.0,Driver,East,Making Left Turn,Pedestrian,North,Proceeding Straight,POINT (-122.410484 37.765606),53.0,3.0,9.0,20.0,18
18774,vw_geo_sfpd_cr_switrs_all_types_col_cty_union.fid-c18a0c2_186644fdb18_-1188,36139,22464000.0,,151070306,37.7084446836434,-122.458824734614,SFPD-CROSSROADS,CITY STREET,12/11/2015 06:40:00 AM,2015 December 11,06:40:00,2015,December,Friday,SAN JOSE AVE,GOETHE ST,0.0,Raining,Injury (Complaint of Pain),Vehicle/Pedestrian,Pedestrian,Crossing in Crosswalk at Intersection,Wet,No Unusual Condition,Dark - Street Lights,Intersection <= 20ft,0.0,1,1.0,Driver,North,Proceeding Straight,Pedestrian,East,Other,POINT (-122.458824 37.708447),66.0,10.0,1.0,28.0,06
18781,vw_geo_sfpd_cr_switrs_all_types_col_cty_union.fid-c18a0c2_186644fdb18_-1dbc,35925,26723000.0,,180255606,37.8039364174,-122.426755543,SFPD-INTERIM DB,CITY STREET,04/06/2018 05:50:00 PM,2018 April 06,17:50:00,2018,April,Friday,BAY ST,FRANKLIN ST,0.0,Raining,Injury (Complaint of Pain),Vehicle/Pedestrian,Pedestrian,Crossing in Crosswalk at Intersection,Wet,No Unusual Condition,Daylight,Intersection <= 20ft,0.0,1,1.0,Driver,West,Making Left Turn,Pedestrian,South,Proceeding Straight,POINT (-122.42676 37.803936),98.0,4.0,6.0,13.0,17
18791,vw_geo_sfpd_cr_switrs_all_types_col_cty_union.fid-c18a0c2_186644fdb18_-caf,49926,22498000.0,,190819189,37.71488395,-122.462607828,SFPD-INTERIM DB,CITY STREET,10/29/2019 06:43:00 PM,2019 October 29,18:43:00,2019,October,Tuesday,ORIZABA AVE,LOBOS ST,0.0,Clear,Injury (Other Visible),Broadside,Pedestrian,Crossing Not in Crosswalk,Dry,No Unusual Condition,Dark - Street Lights,Intersection <= 20ft,0.0,1,,Pedestrian,West,Proceeding Straight,Driver,South,Proceeding Straight,POINT (-122.46261 37.714886),65.0,10.0,1.0,24.0,18
18795,vw_geo_sfpd_cr_switrs_all_types_col_cty_union.fid-c18a0c2_186644fdb18_-cfa,4995,21941000.0,,160454107,37.7342596157139,-122.433947184598,SFPD-CROSSROADS,CITY STREET,06/03/2016 05:57:00 PM,2016 June 03,17:57:00,2016,June,Friday,DIAMOND ST,WILDER ST,0.0,Clear,Injury (Other Visible),Vehicle/Pedestrian,Pedestrian,Crossing Not in Crosswalk,Dry,No Unusual Condition,Daylight,Intersection <= 20ft,0.0,1,1.0,Pedestrian,East,Proceeding Straight,Driver,South,Making Left Turn,POINT (-122.433945 37.73426),96.0,9.0,5.0,10.0,17
18796,vw_geo_sfpd_cr_switrs_all_types_col_cty_union.fid-c18a0c2_186644fdb18_-d25,4605,20994000.0,3617000.0,170705069,37.7313776298343,-122.420605632583,SFPD-CROSSROADS,CITY STREET,08/29/2017 05:36:00 PM,2017 August 29,17:36:00,2017,August,Tuesday,CAMBRIDGE ST,STONEYFORD AVE,94.0,Clear,Injury (Severe),Vehicle/Pedestrian,Pedestrian,Crossing Not in Crosswalk,Dry,No Unusual Condition,Daylight,Midblock > 20ft,0.0,1,1.0,Pedestrian,South,Proceeding Straight,Driver,West,Proceeding Straight,POINT (-122.42061 37.731377),94.0,9.0,2.0,25.0,17
18803,vw_geo_sfpd_cr_switrs_all_types_col_cty_union.fid-c18a0c2_186644fdb18_-7ab,10236,24076000.0,,160248659,37.7539020522099,-122.417505901163,SFPD-CROSSROADS,CITY STREET,03/25/2016 05:45:00 PM,2016 March 25,17:45:00,2016,March,Friday,CAPP ST,23RD ST,0.0,Clear,Injury (Complaint of Pain),Vehicle/Pedestrian,Pedestrian,Crossing in Crosswalk at Intersection,Dry,No Unusual Condition,Daylight,Intersection <= 20ft,0.0,1,1.0,Driver,South,Proceeding Straight,Pedestrian,West,Other,POINT (-122.4175 37.753902),53.0,3.0,2.0,20.0,17
18807,vw_geo_sfpd_cr_switrs_all_types_col_cty_union.fid-c18a0c2_186644fdb18_-1dab,46414,26504000.0,,190013585,37.7880701882,-122.425236501,SFPD-INTERIM DB,CITY STREET,01/06/2019 11:15:00 AM,2019 January 06,11:15:00,2019,January,Sunday,GOUGH ST,BUSH ST,0.0,Raining,Injury (Complaint of Pain),Vehicle/Pedestrian,Pedestrian,Crossing in Crosswalk at Intersection,Dry,No Unusual Condition,Daylight,Intersection <= 20ft,0.0,1,1.0,Driver,South,Proceeding Straight,Pedestrian,South,Proceeding Straight,POINT (-122.42524 37.78807),100.0,4.0,11.0,30.0,11
18808,vw_geo_sfpd_cr_switrs_all_types_col_cty_union.fid-c18a0c2_186644fdb18_-bf2,48817,24898000.0,,190851777,37.7832878528,-122.408952159,SFPD-INTERIM DB,CITY STREET,11/10/2019 06:37:00 PM,2019 November 10,18:37:00,2019,November,Sunday,MASON ST,TURK ST,0.0,Clear,Injury (Complaint of Pain),Vehicle/Pedestrian,Pedestrian,Crossing in Crosswalk at Intersection,Dry,No Unusual Condition,Dark - Street Lights,Intersection <= 20ft,0.0,1,1.0,Pedestrian,West,Proceeding Straight,Driver,South,Making Right Turn,POINT (-122.40895 37.783287),32.0,5.0,10.0,34.0,18
18809,vw_geo_sfpd_cr_switrs_all_types_col_cty_union.fid-c18a0c2_186644fdb18_-8c2,50453,21349000.0,,190973111,37.7439422414,-122.422669445,SFPD-INTERIM DB,CITY STREET,12/27/2019 11:28:00 PM,2019 December 27,23:28:00,2019,December,Friday,SAN JOSE AVE,29TH ST,0.0,Clear,Injury (Complaint of Pain),Vehicle/Pedestrian,Pedestrian,Crossing in Crosswalk at Intersection,Dry,No Unusual Condition,Dark - Street Lights,Intersection <= 20ft,0.0,1,1.0,Driver,North,Making Left Turn,Pedestrian,West,Proceeding Straight,POINT (-122.42267 37.743942),84.0,9.0,5.0,22.0,23
18828,vw_geo_sfpd_cr_switrs_all_types_col_cty_union.fid-c18a0c2_186644fdb18_-187c,47291,24238000.0,,190282326,37.7718637064,-122.414026707,SFPD-INTERIM DB,CITY STREET,04/20/2019 09:10:00 PM,2019 April 20,21:10:00,2019,April,Saturday,FOLSOM ST,11TH ST,0.0,Clear,Injury (Other Visible),Vehicle/Pedestrian,Pedestrian,Crossing in Crosswalk at Intersection,Dry,No Unusual Condition,Dark - Street Lights,Intersection <= 20ft,0.0,1,1.0,Driver,West,Making Right Turn,Pedestrian,North,Proceeding Straight,POINT (-122.414024 37.771862),32.0,1.0,10.0,34.0,21
18841,vw_geo_sfpd_cr_switrs_all_types_col_cty_union.fid-c18a0c2_186644fdb18_-1357,48114,24349000.0,,190548601,37.7695911606,-122.415577015,SFPD-INTERIM DB,CITY STREET,07/28/2019 01:48:00 PM,2019 July 28,13:48:00,2019,July,Sunday,FOLSOM ST,13TH ST,0.0,Clear,Injury (Complaint of Pain),Vehicle/Pedestrian,Pedestrian,Crossing in Crosswalk at Intersection,Dry,No Unusual Condition,Daylight,Intersection <= 20ft,0.0,1,1.0,Driver,East,Making Left Turn,Pedestrian,North,Proceeding Straight,POINT (-122.41558 37.769592),32.0,3.0,10.0,20.0,13
18842,vw_geo_sfpd_cr_switrs_all_types_col_cty_union.fid-c18a0c2_186644fdb18_-18f0,40498,27061000.0,,140100370,37.7649324617006,-122.456759007415,SFPD-CROSSROADS,CITY STREET,02/03/2014 03:40:00 PM,2014 February 03,15:40:00,2014,February,Monday,CARL ST,HILLWAY AVE,0.0,Clear,Injury (Complaint of Pain),Vehicle/Pedestrian,Pedestrian,Crossing in Crosswalk at Intersection,Dry,No Unusual Condition,Daylight,Intersection <= 20ft,0.0,1,1.0,Driver,East,Making Right Turn,Pedestrian,West,Proceeding Straight,POINT (-122.45676 37.76493),110.0,7.0,11.0,14.0,15
18848,vw_geo_sfpd_cr_switrs_all_types_col_cty_union.fid-c18a0c2_186644fdb18_-871,27412,30732000.0,8742101.0,170833820,37.7907079929513,-122.399459589566,SFPD-CROSSROADS,CITY STREET,10/12/2017 12:39:00 PM,2017 October 12,12:39:00,2017,October,Thursday,BATTERY ST,MARKET ST,5.0,Clear,Injury (Complaint of Pain),Vehicle/Pedestrian,Pedestrian,Crossing in Crosswalk at Intersection,Dry,No Unusual Condition,Daylight,Intersection <= 20ft,0.0,1,1.0,Pedestrian,West,Proceeding Straight,Driver,West,Proceeding Straight,POINT (-122.39946 37.790707),108.0,6.0,10.0,8.0,12
18860,vw_geo_sfpd_cr_switrs_all_types_col_cty_union.fid-c18a0c2_186644fdb18_-c7d,25562,24620000.000000004,9542000.0,151013594,37.7878148199915,-122.400951075724,SFPD-CROSSROADS,CITY STREET,11/21/2015 10:32:00 AM,2015 November 21,10:32:00,2015,November,Saturday,NEW MONTGOMERY ST,JESSIE ST,38.0,Clear,Injury (Other Visible),Vehicle/Pedestrian,Pedestrian,Crossing Not in Crosswalk,Dry,No Unusual Condition,Daylight,Midblock > 20ft,0.0,1,1.0,Pedestrian,West,Not Stated,Driver,South,Proceeding Straight,POINT (-122.40095 37.787815),108.0,6.0,10.0,8.0,10
18863,vw_geo_sfpd_cr_switrs_all_types_col_cty_union.fid-c18a0c2_186644fdb18_-1614,47449,23609000.0,,190408936,37.752663074,-122.390682856,SFPD-INTERIM DB,CITY STREET,06/07/2019 08:53:00 AM,2019 June 07,08:53:00,2019,June,Friday,25TH ST,INDIANA ST,0.0,Clear,Injury (Complaint of Pain),Vehicle/Pedestrian,Pedestrian,Crossing in Crosswalk at Intersection,Dry,No Unusual Condition,Daylight,Intersection <= 20ft,0.0,1,1.0,Driver,West,Proceeding Straight,Pedestrian,South,Proceeding Straight,POINT (-122.390686 37.752663),56.0,2.0,9.0,26.0,08
18878,vw_geo_sfpd_cr_switrs_all_types_col_cty_union.fid-c18a0c2_186644fdb18_-dc6,49327,22628000.0,,190783512,37.7245331712,-122.459212803,SFPD-INTERIM DB,CITY STREET,10/17/2019 05:46:00 PM,2019 October 17,17:46:00,2019,October,Thursday,CAPITOL AVE,OCEAN AVE,0.0,Clear,Injury (Other Visible),Vehicle/Pedestrian,Pedestrian,Crossing in Crosswalk at Intersection,Dry,No Unusual Condition,Daylight,Intersection <= 20ft,0.0,1,1.0,Driver,West,Making Left Turn,Pedestrian,North,Proceeding Straight,POINT (-122.45921 37.724533),71.0,10.0,8.0,24.0,17
18890,vw_geo_sfpd_cr_switrs_all_types_col_cty_union.fid-c18a0c2_186644fdb18_-1693,47396,26514000.0,6039102.0,190384182,37.7849522982,-122.427986102,SFPD-INTERIM DB,CITY STREET,05/29/2019 05:25:00 AM,2019 May 29,05:25:00,2019,May,Wednesday,GEARY BLVD,LAGUNA ST,1.0,Cloudy,Fatal,Vehicle/Pedestrian,Pedestrian,Crossing in Crosswalk at Intersection,Dry,No Unusual Condition,Dark - Street Lights,Intersection <= 20ft,1.0,0,2.0,Driver,East,Proceeding Straight,Pedestrian,North,Not Stated,POINT (-122.427986 37.784954),100.0,4.0,11.0,39.0,05
18896,vw_geo_sfpd_cr_switrs_all_types_col_cty_union.fid-c18a0c2_186644fdb18_-1d22,46495,25831000.0,,190048134,37.7622907257,-122.438418297,SFPD-INTERIM DB,CITY STREET,01/20/2019 02:04:00 AM,2019 January 20,02:04:00,2019,January,Sunday,17TH ST,EUREKA ST,0.0,Raining,Injury (Complaint of Pain),Vehicle/Pedestrian,Pedestrian,"In Road, Including Shoulder",Wet,No Unusual Condition,Dark - Street Lights,Intersection <= 20ft,0.0,1,,Driver,West,Slowing/Stopping,Pedestrian,West,Stopped,POINT (-122.438416 37.76229),115.0,7.0,5.0,5.0,02
18910,vw_geo_sfpd_cr_switrs_all_types_col_cty_union.fid-c18a0c2_186644fdb18_-fb0,36200,22465000.0,,180146340,37.7089993019,-122.458241195,SFPD-INTERIM DB,CITY STREET,02/24/2018 06:24:00 AM,2018 February 24,06:24:00,2018,February,Saturday,SAN JOSE AVE,RICE ST,0.0,Clear,Fatal,Vehicle/Pedestrian,Pedestrian,Crossing in Crosswalk at Intersection,Dry,No Unusual Condition,Dark - Street Lights,Intersection <= 20ft,1.0,0,1.0,Driver,North,Proceeding Straight,Pedestrian,East,Not Stated,POINT (-122.458244 37.709),66.0,10.0,1.0,28.0,06
18912,vw_geo_sfpd_cr_switrs_all_types_col_cty_union.fid-c18a0c2_186644fdb18_-a60,50407,33158000.0,2808000.0,190921029,37.7281617454,-122.402235057,SFPD-INTERIM DB,CITY STREET,12/07/2019 06:07:00 AM,2019 December 07,06:07:00,2019,December,Saturday,BAY SHORE BLVD,BACON ST,23.0,Cloudy,Fatal,Vehicle/Pedestrian,Pedestrian,Crossing in Crosswalk at Intersection,Wet,No Unusual Condition,Dusk - Dawn,Midblock > 20ft,1.0,0,1.0,Pedestrian,West,Entering Traffic,Driver,North,Not Stated,POINT (-122.40224 37.72816),91.0,2.0,9.0,25.0,06
18913,vw_geo_sfpd_cr_switrs_all_types_col_cty_union.fid-c18a0c2_186644fdb18_-da2,50287,25163000.000000004,12327000.0,190786566,37.7882460114,-122.416294651,SFPD-INTERIM DB,CITY STREET,10/18/2019 06:20:00 PM,2019 October 18,18:20:00,2019,October,Friday,SUTTER ST,HYDE ST,156.0,Clear,Injury (Complaint of Pain),Vehicle/Pedestrian,Pedestrian,Crossing Not in Crosswalk,Dry,No Unusual Condition,Dusk - Dawn,Midblock > 20ft,0.0,1,1.0,Pedestrian,South,Other,Driver,West,Proceeding Straight,POINT (-122.4163 37.788246),50.0,6.0,3.0,21.0,18
18922,vw_geo_sfpd_cr_switrs_all_types_col_cty_union.fid-c18a0c2_186644fdb18_-ebf,2973,20612000.0,,151051657,37.7301646139395,-122.398970457951,SFPD-CROSSROADS,CITY STREET,12/04/2015 05:21:00 PM,2015 December 04,17:21:00,2015,December,Friday,WILLIAMS AVE,APOLLO ST,0.0,Clear,Injury (Complaint of Pain),Vehicle/Pedestrian,Pedestrian,Crossing in Crosswalk at Intersection,Dry,No Unusual Condition,Dark - Street Lights,Intersection <= 20ft,0.0,1,1.0,Driver,East,Proceeding Straight,Pedestrian,South,Proceeding Straight,POINT (-122.39897 37.730164),86.0,2.0,9.0,1.0,17
18928,vw_geo_sfpd_cr_switrs_all_types_col_cty_union.fid-c18a0c2_186644fdb18_-bc1,48710,25164000.0,,190863891,37.7883879308,-122.415185269,SFPD-INTERIM DB,CITY STREET,11/14/2019 10:30:00 PM,2019 November 14,22:30:00,2019,November,Thursday,SUTTER ST,LEAVENWORTH ST,0.0,Clear,Injury (Complaint of Pain),Vehicle/Pedestrian,Pedestrian,Crossing in Crosswalk at Intersection,Dry,No Unusual Condition,Dark - Street Lights,Intersection <= 20ft,0.0,1,1.0,Driver,West,Stopped,Pedestrian,South,Stopped,POINT (-122.415184 37.788387),50.0,6.0,3.0,21.0,22
18934,vw_geo_sfpd_cr_switrs_all_types_col_cty_union.fid-c18a0c2_186644fdb18_-1369,47836,25903000.0,,190544342,37.7734554624,-122.427357436,SFPD-INTERIM DB,CITY STREET,07/26/2019 09:21:00 PM,2019 July 26,21:21:00,2019,July,Friday,BUCHANAN ST,PAGE ST,0.0,Clear,Injury (Other Visible),Head-On,Pedestrian,Crossing in Crosswalk at Intersection,Dry,No Unusual Condition,Dark - Street Lights,Intersection <= 20ft,0.0,1,1.0,Driver,East,Making Left Turn,Pedestrian,South,Proceeding Straight,POINT (-122.42736 37.773457),26.0,4.0,11.0,9.0,21
18940,vw_geo_sfpd_cr_switrs_all_types_col_cty_union.fid-c18a0c2_186644fdb18_-1ea9,33623,25064000.0,,180933993,37.7964927621,-122.410075971,SFPD-INTERIM DB,CITY STREET,12/11/2018 05:30:00 PM,2018 December 11,17:30:00,2018,December,Tuesday,POWELL ST,PACIFIC AVE,0.0,Clear,Injury (Complaint of Pain),Vehicle/Pedestrian,Pedestrian,Crossing in Crosswalk at Intersection,Dry,No Unusual Condition,Dark - Street Lights,Intersection <= 20ft,0.0,1,1.0,Driver,South,Making Left Turn,Pedestrian,West,Proceeding Straight,POINT (-122.41007 37.796494),104.0,6.0,3.0,6.0,17
18951,vw_geo_sfpd_cr_switrs_all_types_col_cty_union.fid-c18a0c2_186644fdb18_-143a,21736,24476000.0,5808000.0,150708908,37.7808707093896,-122.422097456141,SFPD-CROSSROADS,CITY STREET,08/14/2015 11:27:00 AM,2015 August 14,11:27:00,2015,August,Friday,FRANKLIN ST,GOLDEN GATE AVE,18.0,Clear,Injury (Complaint of Pain),Vehicle/Pedestrian,Pedestrian,Crossing in Crosswalk at Intersection,Dry,No Unusual Condition,Daylight,Intersection <= 20ft,0.0,1,1.0,Driver,North,Making Left Turn,Pedestrian,West,Proceeding Straight,POINT (-122.4221 37.780872),100.0,4.0,11.0,39.0,11
18953,vw_geo_sfpd_cr_switrs_all_types_col_cty_union.fid-c18a0c2_186644fdb18_200,53632,26591000.0,,200548016,37.7853726478,-122.431366397,SFPD-INTERIM DB,CITY STREET,09/11/2020 05:10:00 PM,2020 September 11,17:10:00,2020,September,Friday,WEBSTER ST,POST ST,0.0,Clear,Injury (Severe),Vehicle/Pedestrian,Pedestrian,Crossing in Crosswalk at Intersection,Dry,No Unusual Condition,Daylight,Intersection <= 20ft,0.0,1,1.0,Driver,West,Making Left Turn,Pedestrian,West,Proceeding Straight,POINT (-122.431366 37.785374),101.0,4.0,11.0,15.0,17
18961,vw_geo_sfpd_cr_switrs_all_types_col_cty_union.fid-c18a0c2_186644fdb18_55a,54449,26621000.0,6044101.0,200781432,37.7832868311,-122.43951158,SFPD-INTERIM DB,CITY STREET,12/28/2020 12:36:00 AM,2020 December 28,00:36:00,2020,December,Monday,GEARY BLVD,DIVISADERO ST,12.0,Clear,Injury (Complaint of Pain),Vehicle/Pedestrian,Pedestrian,Crossing in Crosswalk at Intersection,Dry,No Unusual Condition,Dark - Street Lights,Intersection <= 20ft,0.0,1,1.0,Driver,East,Proceeding Straight,Pedestrian,North,Entering Traffic,POINT (-122.439514 37.783287),13.0,4.0,11.0,39.0,00
18962,vw_geo_sfpd_cr_switrs_all_types_col_cty_union.fid-c18a0c2_186644fdb18_eca,56013,24439000.0,8892000.0,210611039,37.7804768354,-122.416932384,SFPD-INTERIM DB,CITY STREET,09/20/2021 09:20:00 PM,2021 September 20,21:20:00,2021,September,Monday,MCALLISTER ST,LARKIN ST,5.0,Clear,Injury (Other Visible),Head-On,Pedestrian,Crossing in Crosswalk at Intersection,Dry,No Unusual Condition,Dark - Street Lights,Intersection <= 20ft,0.0,1,,Pedestrian,South,Proceeding Straight,Driver,East,Proceeding Straight,POINT (-122.41693 37.780476),21.0,5.0,10.0,36.0,21
18973,vw_geo_sfpd_cr_switrs_all_types_col_cty_union.fid-c18a0c2_186644fdb18_-96,52950,26699000.0,8453101.0,200316415,37.8010736528,-122.425849279,SFPD-INTERIM DB,CITY STREET,05/25/2020 09:56:00 AM,2020 May 25,09:56:00,2020,May,Monday,LOMBARD ST,FRANKLIN ST,100.0,Clear,Injury (Other Visible),Vehicle/Pedestrian,Pedestrian,"In Road, Including Shoulder",Dry,No Unusual Condition,Daylight,Midblock > 20ft,0.0,1,1.0,Pedestrian,East,Other,Driver,East,Proceeding Straight,POINT (-122.42585 37.801075),15.0,4.0,6.0,13.0,09
18978,vw_geo_sfpd_cr_switrs_all_types_col_cty_union.fid-c18a0c2_186644fdb18_b5d,55522,27597000.0,315000.0,210279223,37.7847754054,-122.46455026,SFPD-INTERIM DB,CITY STREET,05/07/2021 10:01:00 AM,2021 May 07,10:01:00,2021,May,Friday,06TH AVE,CORNWALL ST,6.0,Clear,Injury (Other Visible),Vehicle/Pedestrian,Pedestrian,Crossing in Crosswalk at Intersection,Dry,No Unusual Condition,Daylight,Intersection <= 20ft,0.0,1,1.0,Driver,South,Proceeding Straight,Pedestrian,West,Proceeding Straight,POINT (-122.464554 37.784775),5.0,8.0,4.0,11.0,10
18984,vw_geo_sfpd_cr_switrs_all_types_col_cty_union.fid-c18a0c2_186644fdb18_43,53191,22943000.0,,200395152,37.7374171476,-122.468309608,SFPD-INTERIM DB,CITY STREET,07/02/2020 07:30:00 AM,2020 July 02,07:30:00,2020,July,Thursday,PORTOLA DR,14TH AVE,0.0,Clear,Injury (Other Visible),Vehicle/Pedestrian,Pedestrian,Crossing in Crosswalk at Intersection,Dry,No Unusual Condition,Daylight,Intersection <= 20ft,0.0,1,1.0,Driver,East,Making Left Turn,Pedestrian,North,Proceeding Straight,POINT (-122.46831 37.737415),116.0,10.0,8.0,41.0,07
18988,vw_geo_sfpd_cr_switrs_all_types_col_cty_union.fid-c18a0c2_186644fdb18_-f0,52873,20895000.0,,200280296,37.7292612573,-122.407560417,SFPD-INTERIM DB,CITY STREET,05/06/2020 04:40:00 PM,2020 May 06,16:40:00,2020,May,Wednesday,GOETTINGEN ST,FELTON ST,0.0,Clear,Injury (Complaint of Pain),Vehicle/Pedestrian,Pedestrian,Crossing in Crosswalk at Intersection,Dry,No Unusual Condition,Daylight,Intersection <= 20ft,0.0,1,1.0,Driver,East,Making Left Turn,Pedestrian,West,Not Stated,POINT (-122.40756 37.72926),91.0,2.0,2.0,25.0,16
18997,vw_geo_sfpd_cr_switrs_all_types_col_cty_union.fid-c18a0c2_186644fdb18_-273,52365,24904000.0,9723000.0,200137487,37.7863546961,-122.408473268,SFPD-INTERIM DB,CITY STREET,02/23/2020 06:41:00 PM,2020 February 23,18:41:00,2020,February,Sunday,OFARRELL ST,POWELL ST,128.0,Clear,Injury (Complaint of Pain),Vehicle/Pedestrian,Pedestrian,Crossing Not in Crosswalk,Dry,No Unusual Condition,Dark - Street Lights,Midblock > 20ft,0.0,1,1.0,Pedestrian,South,Other,Driver,East,Proceeding Straight,POINT (-122.40847 37.786354),19.0,5.0,3.0,36.0,18
19002,vw_geo_sfpd_cr_switrs_all_types_col_cty_union.fid-c18a0c2_186644fdb18_445,14100,24238000.0,5683000.0,160744293,37.7718031572641,-122.41409257513,SFPD-CROSSROADS,CITY STREET,09/13/2016 05:00:00 PM,2016 September 13,17:00:00,2016,September,Tuesday,FOLSOM ST,11TH ST,29.0,Clear,Injury (Severe),Vehicle/Pedestrian,Pedestrian,Crossing Not in Crosswalk,Dry,No Unusual Condition,Daylight,Midblock > 20ft,0.0,1,1.0,Driver,West,Making Left Turn,Pedestrian,South,Proceeding Straight,POINT (-122.41409 37.771805),32.0,1.0,10.0,20.0,17
19010,vw_geo_sfpd_cr_switrs_all_types_col_cty_union.fid-c18a0c2_186644fdb18_-1e3,52439,27060000.0,,200178679,37.7638146883,-122.456669912,SFPD-INTERIM DB,CITY STREET,03/10/2020 05:50:00 PM,2020 March 10,17:50:00,2020,March,Tuesday,PARNASSUS AVE,HILLWAY AVE,0.0,Clear,Injury (Complaint of Pain),Vehicle/Pedestrian,Pedestrian,Crossing in Crosswalk Not at Intersection,Dry,No Unusual Condition,Daylight,Intersection <= 20ft,0.0,1,1.0,Driver,West,Proceeding Straight,Pedestrian,South,Other,POINT (-122.45667 37.763813),110.0,7.0,8.0,14.0,17
19012,vw_geo_sfpd_cr_switrs_all_types_col_cty_union.fid-c18a0c2_186644fdb18_28f,53848,25186000.0,,200596770,37.7828941215,-122.420817003,SFPD-INTERIM DB,CITY STREET,10/03/2020 09:45:00 PM,2020 October 03,21:45:00,2020,October,Saturday,VAN NESS AVE,EDDY ST,0.0,Clear,Injury (Severe),Broadside,Pedestrian,"In Road, Including Shoulder",Dry,No Unusual Condition,Dark - Street Lights,Intersection <= 20ft,0.0,1,1.0,Pedestrian,East,Proceeding Straight,Driver,North,Proceeding Straight,POINT (-122.420815 37.782894),20.0,4.0,10.0,36.0,21
19018,vw_geo_sfpd_cr_switrs_all_types_col_cty_union.fid-c18a0c2_186644fdb18_-37b,52140,26034000.0,,200065424,37.7710564951,-122.438709125,SFPD-INTERIM DB,CITY STREET,01/26/2020 08:05:00 PM,2020 January 26,20:05:00,2020,January,Sunday,HAIGHT ST,BRODERICK ST,0.0,Fog,Injury (Complaint of Pain),Vehicle/Pedestrian,Pedestrian,Crossing in Crosswalk at Intersection,Dry,No Unusual Condition,Dark - Street Lights,Intersection <= 20ft,0.0,1,1.0,Driver,East,Proceeding Straight,Pedestrian,South,Other,POINT (-122.438705 37.771057),112.0,7.0,11.0,3.0,20
19020,vw_geo_sfpd_cr_switrs_all_types_col_cty_union.fid-c18a0c2_186644fdb18_106e,41732,27796000.000000004,,150971763,37.7606613207873,-122.500567326742,SFPD-CROSSROADS,CITY STREET,11/07/2015 09:20:00 AM,2015 November 07,09:20:00,2015,November,Saturday,JUDAH ST,41ST AVE,0.0,Clear,Injury (Other Visible),Vehicle/Pedestrian,Pedestrian,Crossing Not in Crosswalk,Dry,No Unusual Condition,Daylight,Intersection <= 20ft,0.0,1,1.0,Pedestrian,West,Proceeding Straight,Driver,South,Proceeding Straight,POINT (-122.500565 37.760662),39.0,10.0,7.0,35.0,09
19042,vw_geo_sfpd_cr_switrs_all_types_col_cty_union.fid-c18a0c2_186644fdb18_e5e,55861,24138000.0,,210572726,37.7653146395,-122.415308388,SFPD-INTERIM DB,CITY STREET,09/05/2021 04:58:00 PM,2021 September 05,16:58:00,2021,September,Sunday,16TH ST,FOLSOM ST,0.0,Clear,Injury (Other Visible),Vehicle/Pedestrian,Pedestrian,Crossing in Crosswalk at Intersection,Dry,No Unusual Condition,Daylight,Intersection <= 20ft,0.0,2,1.0,Driver,South,Making Left Turn,Pedestrian,East,Proceeding Straight,POINT (-122.415306 37.765316),53.0,3.0,2.0,20.0,16
19050,vw_geo_sfpd_cr_switrs_all_types_col_cty_union.fid-c18a0c2_186644fdb18_9d6,54940,27770000.0,9679000.0,210158229,37.7530571779,-122.503300829,SFPD-INTERIM DB,CITY STREET,03/12/2021 07:23:00 AM,2021 March 12,07:23:00,2021,March,Friday,NORIEGA ST,44TH AVE,11.0,Clear,Injury (Other Visible),Vehicle/Pedestrian,Pedestrian,Crossing in Crosswalk at Intersection,Dry,No Unusual Condition,Daylight,Intersection <= 20ft,0.0,1,1.0,Driver,East,Proceeding Straight,Pedestrian,North,Entering Traffic,POINT (-122.5033 37.753056),39.0,10.0,7.0,35.0,07
19051,vw_geo_sfpd_cr_switrs_all_types_col_cty_union.fid-c18a0c2_186644fdb18_-494,52516,52261000.0,,200018473,37.7211553067,-122.447751554,SFPD-INTERIM DB,CITY STREET,01/08/2020 11:45:00 AM,2020 January 08,11:45:00,2020,January,Wednesday,GENEVA AVE,I-280 N ON RAMP,0.0,Clear,Injury (Complaint of Pain),Sideswipe,Pedestrian,Crossing in Crosswalk at Intersection,Dry,No Unusual Condition,Daylight,Intersection <= 20ft,0.0,1,1.0,Driver,West,Making Right Turn,Pedestrian,North,Proceeding Straight,POINT (-122.447754 37.721157),80.0,9.0,1.0,28.0,11