,id,unique_id,cnn_intrsctn_fkey,cnn_sgmt_fkey,case_id_pkey,tb_latitude,tb_longitude,geocode_source,geocode_location,collision_datetime,collision_date,collision_time,accident_year,month,day_of_week,primary_rd,secondary_rd,distance,weather_1,collision_severity,type_of_collision,mviw,ped_action,road_surface,road_cond_1,lighting,intersection,number_killed,number_injured,party_at_fault,party1_type,party1_dir_of_travel,party1_move_pre_acc,party2_type,party2_dir_of_travel,party2_move_pre_acc,point,Neighborhoods,Current Police Districts,Current Supervisor Districts,Analysis Neighborhoods,hour
19053,vw_geo_sfpd_cr_switrs_all_types_col_cty_union.fid-c18a0c2_186644fdb18_863,54512,20061000.0,,210045905,37.7333807328,-122.379931725,SFPD-INTERIM DB,CITY STREET,01/20/2021 08:07:00 PM,2021 January 20,20:07:00,2021,January,Wednesday,HARBOR RD,INGALLS ST,0.0,Clear,Injury (Complaint of Pain),Vehicle/Pedestrian,Pedestrian,Crossing Not in Crosswalk,Dry,No Unusual Condition,Dark - No Street Lights,Intersection <= 20ft,0.0,1,1.0,Driver,West,Proceeding Straight,Pedestrian,East,Crossed Into Opposing Lane,POINT (-122.37993 37.73338),78.0,2.0,9.0,1.0,20
19055,vw_geo_sfpd_cr_switrs_all_types_col_cty_union.fid-c18a0c2_186644fdb18_-222,52404,24926000.0,12428000.0,200159851,37.7848737689,-122.41109932,SFPD-INTERIM DB,CITY STREET,03/03/2020 11:22:00 AM,2020 March 03,11:22:00,2020,March,Tuesday,TAYLOR ST,ELLIS ST,74.0,Clear,Injury (Complaint of Pain),Sideswipe,Pedestrian,Crossing Not in Crosswalk,Dry,No Unusual Condition,Daylight,Midblock > 20ft,0.0,2,,Driver,North,Proceeding Straight,Driver,North,Proceeding Straight,POINT (-122.4111 37.784874),20.0,5.0,10.0,36.0,11
19062,vw_geo_sfpd_cr_switrs_all_types_col_cty_union.fid-c18a0c2_186644fdb18_6f7,32120,25252000.0,7126000.0,130830689,37.790995979006,-122.417395916374,SFPD-CROSSROADS,CITY STREET,10/02/2013 09:25:00 AM,2013 October 02,09:25:00,2013,October,Wednesday,HYDE ST,CALIFORNIA ST,8.0,Clear,Injury (Other Visible),Vehicle/Pedestrian,Pedestrian,Crossing in Crosswalk at Intersection,Dry,No Unusual Condition,Daylight,Intersection <= 20ft,0.0,1,1.0,Driver,South,Making Right Turn,Pedestrian,West,Proceeding Straight,POINT (-122.4174 37.790997),16.0,6.0,3.0,21.0,09
19066,vw_geo_sfpd_cr_switrs_all_types_col_cty_union.fid-c18a0c2_186644fdb18_-19e,52773,24431000.0,,200210403,37.7816542624,-122.415505178,SFPD-INTERIM DB,CITY STREET,03/27/2020 11:07:00 AM,2020 March 27,11:07:00,2020,March,Friday,GOLDEN GATE AVE,HYDE ST,0.0,Clear,Injury (Other Visible),Vehicle/Pedestrian,Pedestrian,Crossing in Crosswalk at Intersection,Dry,No Unusual Condition,Daylight,Intersection <= 20ft,0.0,1,1.0,Pedestrian,North,Proceeding Straight,Driver,East,Proceeding Straight,POINT (-122.415504 37.781654),21.0,5.0,10.0,36.0,11
19071,vw_geo_sfpd_cr_switrs_all_types_col_cty_union.fid-c18a0c2_186644fdb18_-2e6,52229,23976000.0,,200109072,37.7526848885,-122.410962662,SFPD-INTERIM DB,CITY STREET,02/12/2020 08:45:00 PM,2020 February 12,20:45:00,2020,February,Wednesday,24TH ST,ALABAMA ST,0.0,Clear,Injury (Complaint of Pain),Vehicle/Pedestrian,Pedestrian,Crossing in Crosswalk at Intersection,Dry,No Unusual Condition,Dark - Street Lights,Intersection <= 20ft,0.0,1,1.0,Driver,West,Making Left Turn,Pedestrian,South,Not Stated,POINT (-122.410965 37.752686),53.0,3.0,2.0,20.0,20
19101,vw_geo_sfpd_cr_switrs_all_types_col_cty_union.fid-c18a0c2_186644fdb18_33d,54024,25182000.000000004,10560000.0,200646541,37.785868555,-122.419733453,SFPD-INTERIM DB,CITY STREET,10/26/2020 02:19:00 PM,2020 October 26,14:19:00,2020,October,Monday,POLK ST,GEARY ST,9.0,Clear,Injury (Other Visible),Vehicle/Pedestrian,Pedestrian,Crossing in Crosswalk at Intersection,Dry,No Unusual Condition,Daylight,Intersection <= 20ft,0.0,2,1.0,Driver,South,Making Left Turn,Pedestrian,East,Other,POINT (-122.41973 37.78587),20.0,4.0,10.0,36.0,14
19103,vw_geo_sfpd_cr_switrs_all_types_col_cty_union.fid-c18a0c2_186644fdb18_-238,52387,20243000.000000004,10397000.0,200154704,37.7418412777,-122.389480568,SFPD-INTERIM DB,CITY STREET,03/01/2020 10:20:00 AM,2020 March 01,10:20:00,2020,March,Sunday,PHELPS ST,GALVEZ AVE,50.0,Clear,Injury (Complaint of Pain),Sideswipe,Pedestrian,"In Road, Including Shoulder",Dry,No Unusual Condition,Daylight,Midblock > 20ft,0.0,1,1.0,Driver,South,Other,Pedestrian,North,Other,POINT (-122.38948 37.74184),86.0,2.0,9.0,1.0,10
19106,vw_geo_sfpd_cr_switrs_all_types_col_cty_union.fid-c18a0c2_186644fdb18_-49f,52081,23880000.0,,200016950,37.7696590099,-122.405939204,SFPD-INTERIM DB,CITY STREET,01/07/2020 03:55:00 PM,2020 January 07,15:55:00,2020,January,Tuesday,DIVISION ST,SAN BRUNO AVE,0.0,Clear,Injury (Complaint of Pain),Vehicle/Pedestrian,Pedestrian,Crossing in Crosswalk at Intersection,Dry,No Unusual Condition,Daylight,Intersection <= 20ft,0.0,1,1.0,Driver,West,Proceeding Straight,Pedestrian,North,Proceeding Straight,POINT (-122.40594 37.769657),33.0,3.0,9.0,20.0,15
19115,vw_geo_sfpd_cr_switrs_all_types_col_cty_union.fid-c18a0c2_186644fdb18_37d,54087,23962000.0,,200660375,37.7542769339,-122.406452616,SFPD-INTERIM DB,CITY STREET,11/02/2020 04:06:00 AM,2020 November 02,04:06:00,2020,November,Monday,POTRERO AVE,23RD ST,0.0,Clear,Injury (Severe),Vehicle/Pedestrian,Pedestrian,Crossing in Crosswalk at Intersection,Dry,No Unusual Condition,Dark - Street Lights,Intersection <= 20ft,0.0,1,1.0,Pedestrian,East,Proceeding Straight,Driver,South,Proceeding Straight,POINT (-122.406456 37.754276),54.0,3.0,2.0,20.0,04
19125,vw_geo_sfpd_cr_switrs_all_types_col_cty_union.fid-c18a0c2_186644fdb18_ff2,56494,26054000.0,,210705381,37.7772806648964,-122.434863772513,SFPD-INTERIM DB,CITY STREET,10/27/2021 07:00:00 PM,2021 October 27,19:00:00,2021,October,Wednesday,FULTON ST,PIERCE ST,0.0,Clear,Injury (Severe),Broadside,Pedestrian,Crossing in Crosswalk at Intersection,Dry,No Unusual Condition,Dark - Street Lights,Intersection <= 20ft,0.0,1,1.0,Pedestrian,South,Proceeding Straight,Driver,East,Proceeding Straight,POINT (-122.43486 37.77728),23.0,4.0,11.0,9.0,19
19131,vw_geo_sfpd_cr_switrs_all_types_col_cty_union.fid-c18a0c2_186644fdb18_c05,55225,24910000.0,12225000.0,210329834,37.7894472304,-122.406959774,SFPD-INTERIM DB,CITY STREET,05/28/2021 02:40:00 PM,2021 May 28,14:40:00,2021,May,Friday,STOCKTON TUNL,SUTTER ST,5.0,Clear,Injury (Other Visible),Broadside,Pedestrian,Crossing in Crosswalk at Intersection,Dry,No Unusual Condition,Daylight,Intersection <= 20ft,0.0,1,1.0,Bicyclist,South,Proceeding Straight,Pedestrian,East,Proceeding Straight,POINT (-122.40696 37.789448),19.0,6.0,3.0,8.0,14
19138,vw_geo_sfpd_cr_switrs_all_types_col_cty_union.fid-c18a0c2_186644fdb18_f5b,56428,25184000.0,,210655811,37.7819607663533,-122.420638250202,SFPD-INTERIM DB,CITY STREET,10/08/2021 08:12:00 AM,2021 October 08,08:12:00,2021,October,Friday,TURK ST,VAN NESS AVE,0.0,Clear,Injury (Other Visible),Vehicle/Pedestrian,Pedestrian,Crossing in Crosswalk at Intersection,Dry,No Unusual Condition,Daylight,Intersection <= 20ft,0.0,1,1.0,Driver,West,Making Right Turn,Pedestrian,South,Proceeding Straight,POINT (-122.42064 37.78196),100.0,4.0,11.0,39.0,08
19168,vw_geo_sfpd_cr_switrs_all_types_col_cty_union.fid-c18a0c2_186644fdb18_-4db,52056,20662000.0,,200009864,37.7345987092,-122.39034455,SFPD-INTERIM DB,CITY STREET,01/04/2020 06:10:00 PM,2020 January 04,18:10:00,2020,January,Saturday,OAKDALE AVE,MENDELL ST,0.0,Clear,Injury (Complaint of Pain),Vehicle/Pedestrian,Pedestrian,Crossing in Crosswalk at Intersection,Dry,No Unusual Condition,Dark - Street Lights,Intersection <= 20ft,0.0,1,1.0,Driver,East,Proceeding Straight,Pedestrian,North,Proceeding Straight,POINT (-122.39034 37.7346),86.0,2.0,9.0,1.0,18
19174,vw_geo_sfpd_cr_switrs_all_types_col_cty_union.fid-c18a0c2_186644fdb18_-1b8,52496,24084000.0,,200196568,37.7571009319,-122.4178119,SFPD-INTERIM DB,CITY STREET,03/18/2020 05:06:00 PM,2020 March 18,17:06:00,2020,March,Wednesday,21ST ST,CAPP ST,0.0,Clear,Injury (Complaint of Pain),Vehicle/Pedestrian,Pedestrian,Crossing in Crosswalk at Intersection,Dry,No Unusual Condition,Daylight,Intersection <= 20ft,0.0,1,1.0,Driver,East,Slowing/Stopping,Pedestrian,South,Proceeding Straight,POINT (-122.41781 37.7571),53.0,3.0,2.0,20.0,17
19179,vw_geo_sfpd_cr_switrs_all_types_col_cty_union.fid-c18a0c2_186644fdb18_105f,57092,24311000.0,,210785979,37.7774574201244,-122.41315769137,SFPD-INTERIM DB,CITY STREET,11/28/2021 10:11:00 PM,2021 November 28,22:11:00,2021,November,Sunday,MISSION ST,08TH ST,0.0,Clear,Injury (Other Visible),Vehicle/Pedestrian,Pedestrian,Crossing Not in Crosswalk,Dry,No Unusual Condition,Dark - Street Lights,Intersection <= 20ft,0.0,1,2.0,Pedestrian,South,Proceeding Straight,Driver,West,Making Right Turn,POINT (-122.413155 37.77746),32.0,1.0,10.0,34.0,22
19182,vw_geo_sfpd_cr_switrs_all_types_col_cty_union.fid-c18a0c2_186644fdb18_292,53851,27813000.0,5937000.0,200597580,37.7723166558,-122.489732863,SFPD-INTERIM DB,CITY STREET,10/04/2020 12:43:00 PM,2020 October 04,12:43:00,2020,October,Sunday,FULTON ST,30TH AVE,56.0,Cloudy,Injury (Complaint of Pain),Vehicle/Pedestrian,Pedestrian,"In Road, Including Shoulder",Dry,No Unusual Condition,Daylight,Midblock > 20ft,0.0,1,1.0,Pedestrian,North,Backing,Driver,West,Not Stated,POINT (-122.48973 37.772316),9.0,8.0,4.0,12.0,12
19186,vw_geo_sfpd_cr_switrs_all_types_col_cty_union.fid-c18a0c2_186644fdb18_-379,52120,21331000.0,,200065690,37.7431226645,-122.42148545,SFPD-INTERIM DB,CITY STREET,01/26/2020 11:05:00 PM,2020 January 26,23:05:00,2020,January,Sunday,MISSION ST,VIRGINIA AVE,0.0,Clear,Injury (Complaint of Pain),Head-On,Pedestrian,Crossing in Crosswalk at Intersection,Dry,No Unusual Condition,Dark - Street Lights,Intersection <= 20ft,0.0,1,1.0,Driver,East,Making Left Turn,Pedestrian,North,Proceeding Straight,POINT (-122.421486 37.743122),83.0,9.0,2.0,2.0,23
19190,vw_geo_sfpd_cr_switrs_all_types_col_cty_union.fid-c18a0c2_186644fdb18_-286,52448,25933000.0,,200132255,37.7762536675,-122.427913716,SFPD-INTERIM DB,CITY STREET,02/21/2020 07:46:00 PM,2020 February 21,19:46:00,2020,February,Friday,BUCHANAN ST,HAYES ST,0.0,Clear,Injury (Other Visible),Broadside,Pedestrian,Crossing in Crosswalk at Intersection,Dry,No Unusual Condition,Dark - Street Lights,Intersection <= 20ft,0.0,1,1.0,Driver,South,Proceeding Straight,Pedestrian,West,Proceeding Straight,POINT (-122.42792 37.776253),22.0,4.0,11.0,9.0,19
19194,vw_geo_sfpd_cr_switrs_all_types_col_cty_union.fid-c18a0c2_186644fdb18_509,15225,50013000.0,3286000.0,150459612,37.777504102173,-122.400670882623,SFPD-CROSSROADS,CITY STREET,05/26/2015 05:04:00 PM,2015 May 26,17:04:00,2015,May,Tuesday,BRYANT ST,05TH ST,152.0,Clear,Injury (Other Visible),Vehicle/Pedestrian,Pedestrian,Not in Road,Dry,No Unusual Condition,Daylight,Midblock > 20ft,0.0,2,1.0,Bicyclist,East,Proceeding Straight,Pedestrian,North,Proceeding Straight,POINT (-122.40067 37.777504),32.0,1.0,10.0,34.0,17
19198,vw_geo_sfpd_cr_switrs_all_types_col_cty_union.fid-c18a0c2_186644fdb18_-600,28710,25274000.0,10142000.0,160823518,37.7956653857599,-122.41668983119,SFPD-CROSSROADS,CITY STREET,10/09/2016 05:51:00 PM,2016 October 09,17:51:00,2016,October,Sunday,PACIFIC AVE,LEAVENWORTH ST,11.0,Clear,Injury (Other Visible),Vehicle/Pedestrian,Pedestrian,Crossing in Crosswalk at Intersection,Dry,No Unusual Condition,Daylight,Intersection <= 20ft,0.0,1,1.0,Driver,West,Proceeding Straight,Pedestrian,North,Not Stated,POINT (-122.41669 37.795666),16.0,6.0,3.0,32.0,17
19203,vw_geo_sfpd_cr_switrs_all_types_col_cty_union.fid-c18a0c2_186644fdb18_a0f,40294,27343000.0,912201.0,160083552,37.7582530247958,-122.476778059781,SFPD-CROSSROADS,CITY STREET,01/29/2016 08:35:00 AM,2016 January 29,08:35:00,2016,January,Friday,19TH AVE,LAWTON ST,105.0,Raining,Injury (Complaint of Pain),Vehicle/Pedestrian,Pedestrian,"In Road, Including Shoulder",Wet,No Unusual Condition,Daylight,Midblock > 20ft,0.0,1,1.0,Pedestrian,East,Other,Driver,South,Proceeding Straight,POINT (-122.476776 37.75825),39.0,10.0,8.0,14.0,08
19212,vw_geo_sfpd_cr_switrs_all_types_col_cty_union.fid-c18a0c2_186644fdb18_e7,53305,24233000.000000004,5681000.0,200453926,37.7727928346,-122.412848728,SFPD-INTERIM DB,CITY STREET,07/29/2020 01:48:00 PM,2020 July 29,13:48:00,2020,July,Wednesday,FOLSOM ST,10TH ST,10.0,Clear,Injury (Other Visible),Vehicle/Pedestrian,Pedestrian,Crossing in Crosswalk at Intersection,Dry,No Unusual Condition,Daylight,Intersection <= 20ft,0.0,1,1.0,Pedestrian,South,Proceeding Straight,Driver,East,Proceeding Straight,POINT (-122.41285 37.772793),32.0,1.0,10.0,34.0,13
19232,vw_geo_sfpd_cr_switrs_all_types_col_cty_union.fid-c18a0c2_186644fdb18_2da,53928,25220000.000000004,,200619996,37.7873391636,-122.423403593,SFPD-INTERIM DB,CITY STREET,10/14/2020 03:20:00 PM,2020 October 14,15:20:00,2020,October,Wednesday,FRANKLIN ST,SUTTER ST,0.0,Clear,Injury (Other Visible),Vehicle/Pedestrian,Pedestrian,Crossing Not in Crosswalk,Dry,No Unusual Condition,Daylight,Intersection <= 20ft,0.0,1,1.0,Pedestrian,West,Entering Traffic,Driver,South,Parking Maneuver,POINT (-122.4234 37.78734),100.0,4.0,6.0,39.0,15
19236,vw_geo_sfpd_cr_switrs_all_types_col_cty_union.fid-c18a0c2_186644fdb18_2e8,53940,27023000.0,11010102.0,200622303,37.80037761,-122.447129947,SFPD-INTERIM DB,CITY STREET,10/15/2020 01:50:00 PM,2020 October 15,13:50:00,2020,October,Thursday,RICHARDSON AVE,FRANCISCO ST,3.0,Clear,Injury (Complaint of Pain),Vehicle/Pedestrian,Pedestrian,Crossing in Crosswalk at Intersection,Dry,No Unusual Condition,Daylight,Intersection <= 20ft,0.0,1,1.0,Driver,West,Making Left Turn,Pedestrian,East,Proceeding Straight,POINT (-122.44713 37.800377),14.0,4.0,6.0,13.0,13
19239,vw_geo_sfpd_cr_switrs_all_types_col_cty_union.fid-c18a0c2_186644fdb18_-d0,52903,20758000.0,,200295273,37.7399019741,-122.399685488,SFPD-INTERIM DB,CITY STREET,05/14/2020 06:35:00 PM,2020 May 14,18:35:00,2020,May,Thursday,OAKDALE AVE,SELBY ST,0.0,Cloudy,Injury (Other Visible),Vehicle/Pedestrian,Pedestrian,Crossing in Crosswalk at Intersection,Dry,No Unusual Condition,Daylight,Intersection <= 20ft,0.0,1,1.0,Driver,East,Proceeding Straight,Pedestrian,South,Not Stated,POINT (-122.39969 37.739902),87.0,2.0,9.0,1.0,18
19240,vw_geo_sfpd_cr_switrs_all_types_col_cty_union.fid-c18a0c2_186644fdb18_d15,18820,25857000.0,,140115755,37.772957392491,-122.423758379458,SFPD-CROSSROADS,CITY STREET,02/08/2014 09:19:00 PM,2014 February 08,21:19:00,2014,February,Saturday,HAIGHT ST,OCTAVIA ST,0.0,Raining,Injury (Other Visible),Vehicle/Pedestrian,Pedestrian,Crossing in Crosswalk at Intersection,Wet,No Unusual Condition,Dark - Street Lights,Intersection <= 20ft,0.0,1,1.0,Driver,East,Making Left Turn,Pedestrian,West,Proceeding Straight,POINT (-122.42376 37.772957),27.0,4.0,11.0,9.0,21
19241,vw_geo_sfpd_cr_switrs_all_types_col_cty_union.fid-c18a0c2_186644fdb18_465,54281,21507000.0,,200721745,37.7133620901,-122.443951628,SFPD-INTERIM DB,CITY STREET,11/30/2020 10:54:00 AM,2020 November 30,10:54:00,2020,November,Monday,MISSION ST,FLORENTINE AVE,0.0,Clear,Injury (Complaint of Pain),Vehicle/Pedestrian,Pedestrian,Crossing in Crosswalk at Intersection,Dry,No Unusual Condition,Daylight,Intersection <= 20ft,0.0,1,1.0,Driver,South,Proceeding Straight,Pedestrian,East,Other,POINT (-122.443954 37.713364),66.0,9.0,1.0,28.0,10
19256,vw_geo_sfpd_cr_switrs_all_types_col_cty_union.fid-c18a0c2_186644fdb18_5de,16428,23939000.0,297000.0,170771872,37.7807433849052,-122.403977576877,SFPD-CROSSROADS,CITY STREET,09/21/2017 03:00:00 PM,2017 September 21,15:00:00,2017,September,Thursday,05TH ST,CLEMENTINA ST,23.0,Clear,Injury (Complaint of Pain),Vehicle/Pedestrian,Pedestrian,Crossing Not in Crosswalk,Dry,No Unusual Condition,Daylight,Midblock > 20ft,0.0,1,1.0,Pedestrian,West,Not Stated,Driver,North,Making Left Turn,POINT (-122.40398 37.780743),32.0,1.0,10.0,34.0,15
19270,vw_geo_sfpd_cr_switrs_all_types_col_cty_union.fid-c18a0c2_186644fdb18_255,53605,24377000.0,,200580488,37.7665395766,-122.422043813,SFPD-INTERIM DB,CITY STREET,09/26/2020 04:32:00 PM,2020 September 26,16:32:00,2020,September,Saturday,VALENCIA ST,15TH ST,0.0,Clear,Injury (Complaint of Pain),Vehicle/Pedestrian,Pedestrian,Crossing in Crosswalk at Intersection,Dry,No Unusual Condition,Daylight,Intersection <= 20ft,0.0,1,1.0,Driver,East,Making Left Turn,Pedestrian,West,Proceeding Straight,POINT (-122.42204 37.76654),53.0,3.0,2.0,20.0,16
19272,vw_geo_sfpd_cr_switrs_all_types_col_cty_union.fid-c18a0c2_186644fdb18_1083,56609,20125000.0,,210832683,37.7284858491253,-122.384556304701,SFPD-INTERIM DB,CITY STREET,12/16/2021 09:08:00 PM,2021 December 16,21:08:00,2021,December,Thursday,INGALLS ST,REVERE AVE,0.0,Clear,Injury (Severe),Vehicle/Pedestrian,Pedestrian,Crossing in Crosswalk at Intersection,Dry,No Unusual Condition,Dark - Street Lights,Intersection <= 20ft,0.0,1,1.0,Driver,North,Proceeding Straight,Pedestrian,East,Proceeding Straight,POINT (-122.38456 37.728485),86.0,2.0,9.0,1.0,21
19276,vw_geo_sfpd_cr_switrs_all_types_col_cty_union.fid-c18a0c2_186644fdb18_-242,52380,24600000.0,9038000.0,200151738,37.788571783,-122.398000888,SFPD-INTERIM DB,CITY STREET,02/29/2020 02:15:00 AM,2020 February 29,02:15:00,2020,February,Saturday,MINNA ST,SHAW ALY,8.0,Cloudy,Injury (Complaint of Pain),Vehicle/Pedestrian,Pedestrian,Crossing Not in Crosswalk,Dry,No Unusual Condition,Dark - Street Lights,Intersection <= 20ft,0.0,1,1.0,Pedestrian,South,Proceeding Straight,Driver,East,Proceeding Straight,POINT (-122.398 37.78857),32.0,1.0,10.0,8.0,02
19279,vw_geo_sfpd_cr_switrs_all_types_col_cty_union.fid-c18a0c2_186644fdb18_401,54215,25701000.0,6577101.0,200697986,37.766002561,-122.424170909,SFPD-INTERIM DB,CITY STREET,11/18/2020 07:22:00 PM,2020 November 18,19:22:00,2020,November,Wednesday,GUERRERO ST,15TH ST,150.0,Clear,Injury (Other Visible),Vehicle/Pedestrian,Pedestrian,Crossing in Crosswalk Not at Intersection,Dry,No Unusual Condition,Dark - Street Lights,Midblock > 20ft,0.0,1,1.0,Pedestrian,West,Proceeding Straight,Driver,South,Proceeding Straight,POINT (-122.42417 37.766003),37.0,3.0,5.0,20.0,19
19294,vw_geo_sfpd_cr_switrs_all_types_col_cty_union.fid-c18a0c2_186644fdb18_-4b2,12980,26282000.0,,160988134,37.7658000288975,-122.449958131893,SFPD-CROSSROADS,CITY STREET,12/05/2016 02:48:00 PM,2016 December 05,14:48:00,2016,December,Monday,COLE ST,CARL ST,0.0,Clear,Injury (Complaint of Pain),Vehicle/Pedestrian,Pedestrian,Crossing in Crosswalk at Intersection,Dry,No Unusual Condition,Daylight,Intersection <= 20ft,0.0,1,1.0,Driver,South,Proceeding Straight,Pedestrian,West,Proceeding Straight,POINT (-122.44996 37.7658),29.0,7.0,11.0,3.0,14
19296,vw_geo_sfpd_cr_switrs_all_types_col_cty_union.fid-c18a0c2_186644fdb18_1c0,53804,23922000.0,337000.0,200527559,37.7776938109,-122.404598174,SFPD-INTERIM DB,CITY STREET,09/02/2020 07:00:00 AM,2020 September 02,07:00:00,2020,September,Wednesday,06TH ST,CLARA ST,3.0,Clear,Injury (Severe),Vehicle/Pedestrian,Pedestrian,Crossing Not in Crosswalk,Dry,No Unusual Condition,Daylight,Intersection <= 20ft,0.0,1,1.0,Driver,South,Proceeding Straight,Pedestrian,West,Not Stated,POINT (-122.404594 37.777695),32.0,1.0,10.0,34.0,07
19298,vw_geo_sfpd_cr_switrs_all_types_col_cty_union.fid-c18a0c2_186644fdb18_277,53822,21484000.0,,200592154,37.7155726992,-122.441691159,SFPD-INTERIM DB,CITY STREET,10/01/2020 08:01:00 PM,2020 October 01,20:01:00,2020,October,Thursday,MISSION ST,NIAGARA AVE,0.0,Clear,Injury (Severe),Vehicle/Pedestrian,Pedestrian,Crossing in Crosswalk at Intersection,Dry,No Unusual Condition,Daylight,Intersection <= 20ft,0.0,1,1.0,Driver,West,Making Right Turn,Pedestrian,North,Proceeding Straight,POINT (-122.44169 37.715572),58.0,9.0,1.0,7.0,20
19302,vw_geo_sfpd_cr_switrs_all_types_col_cty_union.fid-c18a0c2_186644fdb18_1cf,53470,24547000.0,,200532906,37.791310971,-122.392524624,SFPD-INTERIM DB,CITY STREET,09/04/2020 02:16:00 PM,2020 September 04,14:16:00,2020,September,Friday,HOWARD ST,SPEAR ST,0.0,Clear,Injury (Complaint of Pain),Vehicle/Pedestrian,Pedestrian,Crossing in Crosswalk at Intersection,Dry,No Unusual Condition,Daylight,Intersection <= 20ft,0.0,1,1.0,Driver,South,Making Left Turn,Pedestrian,East,Proceeding Straight,POINT (-122.392525 37.79131),108.0,1.0,10.0,8.0,14
19303,vw_geo_sfpd_cr_switrs_all_types_col_cty_union.fid-c18a0c2_186644fdb18_eaa,55913,22556000.0,7710101.0,210600509,37.717123859,-122.472543748,SFPD-INTERIM DB,CITY STREET,09/16/2021 03:46:00 PM,2021 September 16,15:46:00,2021,September,Thursday,JUNIPERO SERRA BLVD,19TH AVE,20.0,Clear,Injury (Complaint of Pain),Vehicle/Pedestrian,Pedestrian,Crossing Not in Crosswalk,Dry,No Unusual Condition,Daylight,Intersection <= 20ft,0.0,1,1.0,Pedestrian,West,Proceeding Straight,Driver,North,Proceeding Straight,POINT (-122.47254 37.717125),65.0,10.0,1.0,24.0,15
19305,vw_geo_sfpd_cr_switrs_all_types_col_cty_union.fid-c18a0c2_186644fdb18_-1fd,52421,25288000.0,,200167804,37.7984721538,-122.417217771,SFPD-INTERIM DB,CITY STREET,03/06/2020 11:23:00 AM,2020 March 06,11:23:00,2020,March,Friday,LEAVENWORTH ST,GREEN ST,0.0,Cloudy,Injury (Complaint of Pain),Vehicle/Pedestrian,Pedestrian,Crossing in Crosswalk at Intersection,Dry,No Unusual Condition,Daylight,Intersection <= 20ft,0.0,1,1.0,Driver,North,Proceeding Straight,Pedestrian,East,Not Stated,POINT (-122.41722 37.798473),107.0,6.0,3.0,32.0,11
19312,vw_geo_sfpd_cr_switrs_all_types_col_cty_union.fid-c18a0c2_186644fdb18_-3e4,52584,22174000.0,,200039792,37.7194811199,-122.447562063,SFPD-INTERIM DB,CITY STREET,01/16/2020 04:15:00 PM,2020 January 16,16:15:00,2020,January,Thursday,SAN JOSE AVE,NIAGARA AVE,0.0,Clear,Injury (Complaint of Pain),Vehicle/Pedestrian,Pedestrian,Crossing in Crosswalk at Intersection,Wet,No Unusual Condition,Daylight,Intersection <= 20ft,0.0,1,1.0,Driver,South,Making Left Turn,Pedestrian,East,Proceeding Straight,POINT (-122.44756 37.719482),80.0,9.0,1.0,28.0,16
19324,vw_geo_sfpd_cr_switrs_all_types_col_cty_union.fid-c18a0c2_186644fdb18_e02,41005,27422000.0,7301000.0,130904972,37.7632805034734,-122.483510989011,SFPD-CROSSROADS,CITY STREET,10/25/2013 09:05:00 AM,2013 October 25,09:05:00,2013,October,Friday,IRVING ST,25TH AVE,12.0,Clear,Injury (Complaint of Pain),Vehicle/Pedestrian,Pedestrian,Crossing in Crosswalk at Intersection,Dry,No Unusual Condition,Daylight,Intersection <= 20ft,0.0,1,1.0,Driver,East,Proceeding Straight,Pedestrian,South,Proceeding Straight,POINT (-122.48351 37.76328),39.0,10.0,7.0,35.0,09
19334,vw_geo_sfpd_cr_switrs_all_types_col_cty_union.fid-c18a0c2_186644fdb18_e71,41090,27375000.0,7297000.0,170498543,37.7635139463709,-122.478209269699,SFPD-CROSSROADS,CITY STREET,06/19/2017 08:45:00 AM,2017 June 19,08:45:00,2017,June,Monday,IRVING ST,20TH AVE,5.0,Clear,Injury (Other Visible),Vehicle/Pedestrian,Pedestrian,Crossing in Crosswalk at Intersection,Dry,No Unusual Condition,Daylight,Intersection <= 20ft,0.0,1,1.0,Driver,West,Making Left Turn,Pedestrian,South,Not Stated,POINT (-122.47821 37.763515),39.0,10.0,7.0,35.0,08
19337,vw_geo_sfpd_cr_switrs_all_types_col_cty_union.fid-c18a0c2_186644fdb18_-15a,52809,25829000.0,,200238160,37.761424566,-122.439413852,SFPD-INTERIM DB,CITY STREET,04/13/2020 07:07:00 PM,2020 April 13,19:07:00,2020,April,Monday,MARKET ST,DOUGLASS ST,0.0,Clear,Injury (Other Visible),Broadside,Pedestrian,Crossing Not in Crosswalk,Dry,No Unusual Condition,Dusk - Dawn,Intersection <= 20ft,0.0,1,1.0,Pedestrian,South,Entering Traffic,Driver,West,Proceeding Straight,POINT (-122.439415 37.761425),115.0,3.0,5.0,5.0,19
19346,vw_geo_sfpd_cr_switrs_all_types_col_cty_union.fid-c18a0c2_186644fdb18_-262,52323,20962000.0,,200143854,37.7264254184,-122.418403942,SFPD-INTERIM DB,CITY STREET,02/26/2020 08:34:00 AM,2020 February 26,08:34:00,2020,February,Wednesday,FELTON ST,CAMBRIDGE ST,0.0,Clear,Injury (Other Visible),Vehicle/Pedestrian,Pedestrian,Crossing in Crosswalk at Intersection,Dry,No Unusual Condition,Daylight,Intersection <= 20ft,0.0,1,1.0,Driver,East,Making Left Turn,Pedestrian,North,Proceeding Straight,POINT (-122.4184 37.726425),92.0,2.0,2.0,25.0,08