,id,unique_id,cnn_intrsctn_fkey,cnn_sgmt_fkey,case_id_pkey,tb_latitude,tb_longitude,geocode_source,geocode_location,collision_datetime,collision_date,collision_time,accident_year,month,day_of_week,primary_rd,secondary_rd,distance,weather_1,collision_severity,type_of_collision,mviw,ped_action,road_surface,road_cond_1,lighting,intersection,number_killed,number_injured,party_at_fault,party1_type,party1_dir_of_travel,party1_move_pre_acc,party2_type,party2_dir_of_travel,party2_move_pre_acc,point,Neighborhoods,Current Police Districts,Current Supervisor Districts,Analysis Neighborhoods,hour
19705,vw_geo_sfpd_cr_switrs_all_types_col_cty_union.fid-c18a0c2_186644fdb18_c34,40641,27154000.0,,140795539,37.7640369894919,-122.466310621354,SFPD-CROSSROADS,CITY STREET,09/21/2014 09:10:00 AM,2014 September 21,09:10:00,2014,September,Sunday,IRVING ST,09TH AVE,0.0,Cloudy,Injury (Complaint of Pain),Vehicle/Pedestrian,Pedestrian,Crossing in Crosswalk at Intersection,Dry,No Unusual Condition,Daylight,Intersection <= 20ft,0.0,1,1.0,Driver,North,Making Right Turn,Pedestrian,West,Other,POINT (-122.46631 37.764038),109.0,10.0,11.0,14.0,09
19708,vw_geo_sfpd_cr_switrs_all_types_col_cty_union.fid-c18a0c2_186644fdb18_b2c,55364,25165000.0,,210269393,37.7893198495,-122.415371923,SFPD-INTERIM DB,CITY STREET,05/02/2021 08:49:00 PM,2021 May 02,20:49:00,2021,May,Sunday,LEAVENWORTH ST,BUSH ST,0.0,Clear,Injury (Other Visible),Vehicle/Pedestrian,Pedestrian,Crossing in Crosswalk at Intersection,Dry,No Unusual Condition,Dark - Street Lights,Intersection <= 20ft,0.0,1,1.0,Driver,North,Making Left Turn,Pedestrian,East,Proceeding Straight,POINT (-122.415375 37.789318),50.0,6.0,3.0,21.0,20
19714,vw_geo_sfpd_cr_switrs_all_types_col_cty_union.fid-c18a0c2_186644fdb18_e6b,19642,26027000.0,,131021636,37.7733457128099,-122.435751498457,SFPD-CROSSROADS,CITY STREET,12/03/2013 08:54:00 PM,2013 December 03,20:54:00,2013,December,Tuesday,OAK ST,SCOTT ST,0.0,Clear,Injury (Severe),Vehicle/Pedestrian,Pedestrian,Crossing in Crosswalk at Intersection,Dry,No Unusual Condition,Dark - Street Lights,Intersection <= 20ft,0.0,1,1.0,Driver,East,Proceeding Straight,Pedestrian,North,Not Stated,POINT (-122.43575 37.773346),26.0,4.0,11.0,3.0,20
19718,vw_geo_sfpd_cr_switrs_all_types_col_cty_union.fid-c18a0c2_186644fdb18_-3e8,13567,24228000.0,,130735802,37.7695020045828,-122.413385237326,SFPD-CROSSROADS,CITY STREET,09/04/2013 05:00:00 PM,2013 September 04,17:00:00,2013,September,Wednesday,13TH ST,HARRISON ST,0.0,Clear,Injury (Complaint of Pain),Vehicle/Pedestrian,Pedestrian,"In Road, Including Shoulder",Dry,No Unusual Condition,Daylight,Intersection <= 20ft,0.0,1,1.0,Driver,West,Proceeding Straight,Pedestrian,East,Stopped In Road,POINT (-122.41338 37.7695),53.0,3.0,2.0,20.0,17
19723,vw_geo_sfpd_cr_switrs_all_types_col_cty_union.fid-c18a0c2_186644fdb18_f3e,56923,24082000.0,3679000.0,210643979,37.7553380706772,-122.417643263445,SFPD-INTERIM DB,CITY STREET,10/03/2021 08:08:00 PM,2021 October 03,20:08:00,2021,October,Sunday,CAPP ST,22ND ST,60.0,Clear,Injury (Other Visible),Vehicle/Pedestrian,Pedestrian,Crossing Not in Crosswalk,Dry,No Unusual Condition,Dark - Street Lights,Midblock > 20ft,0.0,1,1.0,Driver,South,Proceeding Straight,Pedestrian,West,Proceeding Straight,POINT (-122.41764 37.755337),53.0,3.0,2.0,20.0,20
19738,vw_geo_sfpd_cr_switrs_all_types_col_cty_union.fid-c18a0c2_186644fdb18_1012,327,20407000.0,12265000.0,160698076,37.7115264630589,-122.414624919916,SFPD-CROSSROADS,CITY STREET,08/28/2016 07:10:00 PM,2016 August 28,19:10:00,2016,August,Sunday,SUNNYDALE AVE,SAWYER ST,140.0,Clear,Injury (Complaint of Pain),Vehicle/Pedestrian,Pedestrian,Crossing Not in Crosswalk,Dry,No Unusual Condition,Daylight,Midblock > 20ft,0.0,1,1.0,Pedestrian,North,Other,Driver,West,Proceeding Straight,POINT (-122.41463 37.711525),75.0,9.0,9.0,40.0,19
19749,vw_geo_sfpd_cr_switrs_all_types_col_cty_union.fid-c18a0c2_186644fdb18_4f1,54374,25867000.0,,200755700,37.7727343122,-122.425512056,SFPD-INTERIM DB,CITY STREET,12/15/2020 06:06:00 PM,2020 December 15,18:06:00,2020,December,Tuesday,LAGUNA ST,HAIGHT ST,0.0,Clear,Injury (Complaint of Pain),Vehicle/Pedestrian,Pedestrian,Crossing in Crosswalk at Intersection,Dry,No Unusual Condition,Dark - Street Lights,Intersection <= 20ft,0.0,1,1.0,Driver,North,Proceeding Straight,Pedestrian,East,Proceeding Straight,POINT (-122.425514 37.772736),26.0,4.0,11.0,9.0,18
19784,vw_geo_sfpd_cr_switrs_all_types_col_cty_union.fid-c18a0c2_186644fdb18_3f8,54207,26205000.0,,200694249,37.7618804426,-122.445309436,SFPD-INTERIM DB,CITY STREET,11/17/2020 08:40:00 AM,2020 November 17,08:40:00,2020,November,Tuesday,17TH ST,ROOSEVELT WAY,0.0,Clear,Injury (Other Visible),Vehicle/Pedestrian,Pedestrian,Crossing in Crosswalk at Intersection,Dry,No Unusual Condition,Daylight,Intersection <= 20ft,0.0,1,1.0,Driver,South,Making Left Turn,Pedestrian,North,Proceeding Straight,POINT (-122.44531 37.76188),115.0,7.0,5.0,5.0,08
19788,vw_geo_sfpd_cr_switrs_all_types_col_cty_union.fid-c18a0c2_186644fdb18_2b0,53881,20241000.0,5334000.0,200607894,37.7429684874,-122.388431917,SFPD-INTERIM DB,CITY STREET,10/08/2020 08:44:00 PM,2020 October 08,20:44:00,2020,October,Thursday,EVANS AVE,PHELPS ST,8.0,Clear,Injury (Severe),Vehicle/Pedestrian,Pedestrian,Crossing in Crosswalk at Intersection,Dry,No Unusual Condition,Dark - Street Lights,Intersection <= 20ft,0.0,1,1.0,Driver,West,Proceeding Straight,Pedestrian,North,Not Stated,POINT (-122.388435 37.74297),86.0,2.0,9.0,1.0,20
19805,vw_geo_sfpd_cr_switrs_all_types_col_cty_union.fid-c18a0c2_186644fdb18_c26,55233,20666000.000000004,9572000.0,210339714,37.7364399272,-122.391510078,SFPD-INTERIM DB,CITY STREET,06/01/2021 07:03:00 PM,2021 June 01,19:03:00,2021,June,Tuesday,NEWHALL ST,NEWCOMB AVE,68.0,Clear,Injury (Other Visible),Vehicle/Pedestrian,Pedestrian,Crossing Not in Crosswalk,Dry,No Unusual Condition,Daylight,Midblock > 20ft,0.0,1,1.0,Pedestrian,East,Proceeding Straight,Driver,North,Proceeding Straight,POINT (-122.39151 37.73644),86.0,2.0,9.0,1.0,19
19815,vw_geo_sfpd_cr_switrs_all_types_col_cty_union.fid-c18a0c2_186644fdb18_bbb,55234,27104000.0,,210307658,37.7585381809,-122.463781528,SFPD-INTERIM DB,CITY STREET,05/19/2021 11:56:00 AM,2021 May 19,11:56:00,2021,May,Wednesday,07TH AVE,LAWTON ST,0.0,Clear,Injury (Complaint of Pain),Vehicle/Pedestrian,Pedestrian,Crossing in Crosswalk at Intersection,Dry,No Unusual Condition,Daylight,Intersection <= 20ft,0.0,1,1.0,Driver,West,Making Left Turn,Pedestrian,South,Other,POINT (-122.46378 37.758537),111.0,7.0,8.0,14.0,11
19826,vw_geo_sfpd_cr_switrs_all_types_col_cty_union.fid-c18a0c2_186644fdb18_5d9,16402,23946000.0,331000.0,180508784,37.7799427015,-122.407415692,SFPD-INTERIM DB,CITY STREET,07/09/2018 02:30:00 PM,2018 July 09,14:30:00,2018,July,Monday,06TH ST,HOWARD ST,105.0,Clear,Injury (Complaint of Pain),Vehicle/Pedestrian,Pedestrian,Crossing Not in Crosswalk,Dry,No Unusual Condition,Daylight,Midblock > 20ft,0.0,1,1.0,Pedestrian,East,Proceeding Straight,Driver,South,Proceeding Straight,POINT (-122.40742 37.77994),32.0,1.0,10.0,34.0,14
19828,vw_geo_sfpd_cr_switrs_all_types_col_cty_union.fid-c18a0c2_186644fdb18_-408,4433,21740000.0,,180012951,37.7248407631,-122.437010758,SFPD-INTERIM DB,CITY STREET,01/05/2018 05:30:00 PM,2018 January 05,17:30:00,2018,January,Friday,ALEMANY BLVD,SAN JUAN AVE,0.0,Raining,Injury (Other Visible),Vehicle/Pedestrian,Pedestrian,Crossing in Crosswalk at Intersection,Wet,No Unusual Condition,Dark - Street Lights,Intersection <= 20ft,0.0,1,1.0,Pedestrian,West,Proceeding Straight,Driver,South,Proceeding Straight,POINT (-122.43701 37.724842),94.0,9.0,1.0,28.0,17
19833,vw_geo_sfpd_cr_switrs_all_types_col_cty_union.fid-c18a0c2_186644fdb18_-3b5,52610,24678000.0,9297000.0,200051683,37.7896645196,-122.402112775,SFPD-INTERIM DB,CITY STREET,01/21/2020 01:11:00 PM,2020 January 21,13:11:00,2020,January,Tuesday,MONTGOMERY ST,SUTTER ST,138.0,Raining,Injury (Other Visible),Vehicle/Pedestrian,Pedestrian,Crossing Not in Crosswalk,Wet,No Unusual Condition,Daylight,Midblock > 20ft,0.0,1,1.0,Pedestrian,East,Proceeding Straight,Driver,South,Proceeding Straight,POINT (-122.402115 37.789665),19.0,6.0,3.0,8.0,13
19844,vw_geo_sfpd_cr_switrs_all_types_col_cty_union.fid-c18a0c2_186644fdb18_af,53316,24282000.0,331000.0,200431671,37.7800300437,-122.407525493,SFPD-INTERIM DB,CITY STREET,07/19/2020 02:38:00 PM,2020 July 19,14:38:00,2020,July,Sunday,06TH ST,NATOMA ST,68.0,Clear,Injury (Complaint of Pain),Vehicle/Pedestrian,Pedestrian,Not in Road,Dry,No Unusual Condition,Daylight,Midblock > 20ft,0.0,1,1.0,Driver,North,Proceeding Straight,Pedestrian,North,Not Stated,POINT (-122.407524 37.78003),32.0,1.0,10.0,34.0,14
19856,vw_geo_sfpd_cr_switrs_all_types_col_cty_union.fid-c18a0c2_186644fdb18_db5,55710,24145000.0,,210501571,37.7602353556,-122.419206043,SFPD-INTERIM DB,CITY STREET,08/07/2021 03:00:00 PM,2021 August 07,15:00:00,2021,August,Saturday,19TH ST,MISSION ST,0.0,Clear,Injury (Complaint of Pain),Vehicle/Pedestrian,Pedestrian,Crossing in Crosswalk at Intersection,Dry,No Unusual Condition,Daylight,Intersection <= 20ft,0.0,1,1.0,Driver,North,Making Right Turn,Pedestrian,East,Proceeding Straight,POINT (-122.419205 37.760235),53.0,3.0,2.0,20.0,15
19866,vw_geo_sfpd_cr_switrs_all_types_col_cty_union.fid-c18a0c2_186644fdb18_f95,41367,27440000.0,,130901893,37.7649707931967,-122.487967431701,SFPD-CROSSROADS,CITY STREET,10/24/2013 10:06:00 AM,2013 October 24,10:06:00,2013,October,Thursday,LINCOLN WAY,29TH AVE,0.0,Clear,Injury (Other Visible),Vehicle/Pedestrian,Pedestrian,Crossing in Crosswalk at Intersection,Dry,No Unusual Condition,Daylight,Intersection <= 20ft,0.0,1,1.0,Driver,North,Proceeding Straight,Pedestrian,West,Proceeding Straight,POINT (-122.48797 37.764973),9.0,10.0,4.0,12.0,10
19878,vw_geo_sfpd_cr_switrs_all_types_col_cty_union.fid-c18a0c2_186644fdb18_155,53792,27819000.000000004,,200490053,37.7654614221,-122.496063127,SFPD-INTERIM DB,CITY STREET,08/15/2020 10:44:00 AM,2020 August 15,10:44:00,2020,August,Saturday,SUNSET BLVD,MARTIN LUTHER KING JR DR,0.0,Clear,Injury (Other Visible),Vehicle/Pedestrian,Pedestrian,Crossing in Crosswalk at Intersection,Dry,No Unusual Condition,Daylight,Intersection <= 20ft,0.0,1,,Driver,South,Proceeding Straight,Pedestrian,West,Proceeding Straight,POINT (-122.49606 37.76546),9.0,8.0,4.0,12.0,10
19898,vw_geo_sfpd_cr_switrs_all_types_col_cty_union.fid-c18a0c2_186644fdb18_-2be,52283,21736000.0,9173101.0,200117956,37.7195545872,-122.438638617,SFPD-INTERIM DB,CITY STREET,02/16/2020 01:05:00 PM,2020 February 16,13:05:00,2020,February,Sunday,MISSION ST,FRANCE AVE,193.0,Clear,Injury (Other Visible),Vehicle/Pedestrian,Pedestrian,Crossing Not in Crosswalk,Dry,No Unusual Condition,Daylight,Midblock > 20ft,0.0,1,1.0,Driver,North,Making Left Turn,Pedestrian,West,Proceeding Straight,POINT (-122.43864 37.719555),90.0,9.0,1.0,7.0,13
19908,vw_geo_sfpd_cr_switrs_all_types_col_cty_union.fid-c18a0c2_186644fdb18_a20,40301,27410000.0,7860000.0,150124746,37.7596505338504,-122.48097750191,SFPD-CROSSROADS,CITY STREET,02/10/2015 08:48:00 AM,2015 February 10,08:48:00,2015,February,Tuesday,IRVING ST,23RD AVE,48.0,Clear,Injury (Complaint of Pain),Vehicle/Pedestrian,Pedestrian,Crossing Not in Crosswalk,Dry,No Unusual Condition,Daylight,Midblock > 20ft,0.0,1,1.0,Pedestrian,North,Other,Driver,East,Making Left Turn,POINT (-122.48098 37.75965),39.0,10.0,7.0,35.0,08
19911,vw_geo_sfpd_cr_switrs_all_types_col_cty_union.fid-c18a0c2_186644fdb18_41c,54231,24282000.0,,200701753,37.7801620259,-122.407691415,SFPD-INTERIM DB,CITY STREET,11/20/2020 01:52:00 PM,2020 November 20,13:52:00,2020,November,Friday,NATOMA ST,06TH ST,0.0,Clear,Injury (Complaint of Pain),Vehicle/Pedestrian,Pedestrian,Crossing in Crosswalk at Intersection,Dry,No Unusual Condition,Daylight,Intersection <= 20ft,0.0,1,1.0,Driver,East,Making Left Turn,Pedestrian,North,Proceeding Straight,POINT (-122.40769 37.780163),32.0,1.0,10.0,34.0,13
19918,vw_geo_sfpd_cr_switrs_all_types_col_cty_union.fid-c18a0c2_186644fdb18_-342,52160,20148000.0,7233000.0,200080331,37.7246910647,-122.387964719,SFPD-INTERIM DB,CITY STREET,02/01/2020 02:12:00 PM,2020 February 01,14:12:00,2020,February,Saturday,INGALLS ST,YOSEMITE AVE,17.0,Clear,Injury (Other Visible),Vehicle/Pedestrian,Pedestrian,Crossing Not in Crosswalk,Dry,No Unusual Condition,Daylight,Intersection <= 20ft,0.0,1,1.0,Driver,South,Proceeding Straight,Pedestrian,West,Not Stated,POINT (-122.38796 37.72469),78.0,2.0,9.0,1.0,14
19921,vw_geo_sfpd_cr_switrs_all_types_col_cty_union.fid-c18a0c2_186644fdb18_-2ed,52228,21750000.0,,200106131,37.721626383,-122.438641761,SFPD-INTERIM DB,CITY STREET,02/11/2020 06:04:00 PM,2020 February 11,18:04:00,2020,February,Tuesday,ALEMANY BLVD,ONONDAGA AVE,0.0,Clear,Injury (Complaint of Pain),Vehicle/Pedestrian,Pedestrian,Crossing in Crosswalk at Intersection,Dry,No Unusual Condition,Dark - Street Lights,Intersection <= 20ft,0.0,1,1.0,Driver,West,Making Left Turn,Pedestrian,West,Proceeding Straight,POINT (-122.438644 37.721626),80.0,9.0,1.0,28.0,18
19923,vw_geo_sfpd_cr_switrs_all_types_col_cty_union.fid-c18a0c2_186644fdb18_-444,52526,27172000.0,,200025036,37.7658300286,-122.468582998,SFPD-INTERIM DB,CITY STREET,01/10/2020 06:08:00 PM,2020 January 10,18:08:00,2020,January,Friday,LINCOLN WAY,11TH AVE,0.0,Clear,Injury (Other Visible),Vehicle/Pedestrian,Pedestrian,Crossing in Crosswalk at Intersection,Dry,No Unusual Condition,Dark - Street Lights,Intersection <= 20ft,0.0,1,1.0,Driver,East,Proceeding Straight,Pedestrian,South,Proceeding Straight,POINT (-122.46858 37.76583),109.0,10.0,11.0,14.0,18
19926,vw_geo_sfpd_cr_switrs_all_types_col_cty_union.fid-c18a0c2_186644fdb18_95,53243,25716000.0,11520000.0,200420890,37.7585535883,-122.430325214,SFPD-INTERIM DB,CITY STREET,07/14/2020 12:11:00 PM,2020 July 14,12:11:00,2020,July,Tuesday,SANCHEZ ST,CUMBERLAND ST,74.0,Clear,Injury (Complaint of Pain),Vehicle/Pedestrian,Pedestrian,"In Road, Including Shoulder",Dry,No Unusual Condition,Daylight,Midblock > 20ft,0.0,2,1.0,Driver,South,Proceeding Straight,Driver,North,Stopped,POINT (-122.43033 37.758553),52.0,3.0,5.0,5.0,12
19927,vw_geo_sfpd_cr_switrs_all_types_col_cty_union.fid-c18a0c2_186644fdb18_e67,41082,27375000.0,,130292222,37.7635147583187,-122.478190825715,SFPD-CROSSROADS,CITY STREET,04/10/2013 08:30:00 AM,2013 April 10,08:30:00,2013,April,Wednesday,20TH AVE,IRVING ST,0.0,Clear,Injury (Other Visible),Vehicle/Pedestrian,Pedestrian,Crossing in Crosswalk at Intersection,Dry,No Unusual Condition,Daylight,Intersection <= 20ft,0.0,1,1.0,Driver,South,Making Right Turn,Pedestrian,East,Proceeding Straight,POINT (-122.47819 37.763515),39.0,10.0,7.0,35.0,08
19935,vw_geo_sfpd_cr_switrs_all_types_col_cty_union.fid-c18a0c2_186644fdb18_f1,38979,23161000.0,,130820889,37.7411866395936,-122.475539787717,SFPD-CROSSROADS,CITY STREET,09/29/2013 07:45:00 AM,2013 September 29,07:45:00,2013,September,Sunday,19TH AVE,ULLOA ST,0.0,Cloudy,Injury (Complaint of Pain),Vehicle/Pedestrian,Pedestrian,Crossing in Crosswalk at Intersection,Dry,No Unusual Condition,Daylight,Intersection <= 20ft,0.0,1,1.0,Driver,North,Making Left Turn,Pedestrian,West,Proceeding Straight,POINT (-122.47554 37.741188),40.0,10.0,8.0,41.0,07
19959,vw_geo_sfpd_cr_switrs_all_types_col_cty_union.fid-c18a0c2_186644fdb18_-65f,28527,25013000.0,10685000.0,160369493,37.7929479657572,-122.409356619255,SFPD-CROSSROADS,CITY STREET,05/05/2016 05:42:00 PM,2016 May 05,17:42:00,2016,May,Thursday,POWELL ST,SACRAMENTO ST,8.0,Clear,Injury (Complaint of Pain),Vehicle/Pedestrian,Pedestrian,Crossing in Crosswalk at Intersection,Dry,No Unusual Condition,Daylight,Intersection <= 20ft,0.0,1,1.0,Driver,South,Making Left Turn,Pedestrian,East,Not Stated,POINT (-122.409355 37.79295),16.0,6.0,3.0,6.0,17
19961,vw_geo_sfpd_cr_switrs_all_types_col_cty_union.fid-c18a0c2_186644fdb18_-1f8,52420,27470000.0,5926000.0,200169399,37.7728167853,-122.478788628,SFPD-INTERIM DB,CITY STREET,03/06/2020 09:05:00 PM,2020 March 06,21:05:00,2020,March,Friday,FULTON ST,20TH AVE,14.0,Cloudy,Injury (Severe),Vehicle/Pedestrian,Pedestrian,Crossing in Crosswalk at Intersection,Wet,No Unusual Condition,Dark - Street Lights,Intersection <= 20ft,0.0,1,1.0,Driver,East,Proceeding Straight,Pedestrian,North,Not Stated,POINT (-122.47879 37.772816),9.0,8.0,4.0,12.0,21
19986,vw_geo_sfpd_cr_switrs_all_types_col_cty_union.fid-c18a0c2_186644fdb18_f83,57216,24134000.000000004,5692000.0,210667258,37.7636830653805,-122.415153743597,SFPD-INTERIM DB,CITY STREET,10/12/2021 05:17:00 PM,2021 October 12,17:17:00,2021,October,Tuesday,FOLSOM ST,17TH ST,5.0,Clear,Injury (Other Visible),Vehicle/Pedestrian,Pedestrian,Crossing in Crosswalk at Intersection,Dry,No Unusual Condition,Daylight,Intersection <= 20ft,0.0,1,1.0,Pedestrian,East,Proceeding Straight,Driver,West,Making Left Turn,POINT (-122.41515 37.763683),53.0,3.0,2.0,20.0,17
19990,vw_geo_sfpd_cr_switrs_all_types_col_cty_union.fid-c18a0c2_186644fdb18_-415,37537,22662000.0,,140395098,37.7249497014961,-122.46121054772,SFPD-CROSSROADS,CITY STREET,05/11/2014 01:30:00 PM,2014 May 11,13:30:00,2014,May,Sunday,DORADO TER,OCEAN AVE,0.0,Clear,Injury (Complaint of Pain),Head-On,Pedestrian,Crossing in Crosswalk at Intersection,Dry,No Unusual Condition,Daylight,Intersection <= 20ft,0.0,1,1.0,Driver,South,Stopped In Road,Pedestrian,West,Not Stated,POINT (-122.46121 37.72495),68.0,10.0,8.0,24.0,13
19993,vw_geo_sfpd_cr_switrs_all_types_col_cty_union.fid-c18a0c2_186644fdb18_ccd,55307,25598000.0,2845000.0,210388147,37.8067784067,-122.419590939,SFPD-INTERIM DB,CITY STREET,06/21/2021 04:26:00 PM,2021 June 21,16:26:00,2021,June,Monday,BEACH ST,COLUMBUS AVE,4.0,Clear,Injury (Severe),Vehicle/Pedestrian,Pedestrian,Crossing in Crosswalk at Intersection,Dry,No Unusual Condition,Daylight,Intersection <= 20ft,0.0,1,1.0,Driver,West,Proceeding Straight,Pedestrian,South,Proceeding Straight,POINT (-122.41959 37.806778),99.0,6.0,6.0,32.0,16
20000,vw_geo_sfpd_cr_switrs_all_types_col_cty_union.fid-c18a0c2_186644fdb18_61d,16789,24429000.0,8751101.0,130832492,37.7790739013903,-122.414218026026,SFPD-CROSSROADS,CITY STREET,10/02/2013 05:37:00 PM,2013 October 02,17:37:00,2013,October,Wednesday,MARKET ST,08TH ST,198.0,Clear,Injury (Severe),Broadside,Pedestrian,Crossing Not in Crosswalk,Dry,No Unusual Condition,Daylight,Midblock > 20ft,0.0,2,1.0,Bicyclist,West,Proceeding Straight,Pedestrian,South,Entering Traffic,POINT (-122.414215 37.779076),32.0,5.0,10.0,34.0,17
20004,vw_geo_sfpd_cr_switrs_all_types_col_cty_union.fid-c18a0c2_186644fdb18_-371,52141,24897000.0,5059000.0,200067185,37.7842864892,-122.409804303,SFPD-INTERIM DB,CITY STREET,01/27/2020 02:51:00 PM,2020 January 27,14:51:00,2020,January,Monday,EDDY ST,MASON ST,145.0,Clear,Injury (Complaint of Pain),Vehicle/Pedestrian,Pedestrian,Crossing Not in Crosswalk,Dry,No Unusual Condition,Daylight,Midblock > 20ft,0.0,1,1.0,Pedestrian,South,Entering Traffic,Driver,West,Proceeding Straight,POINT (-122.409805 37.784286),20.0,5.0,10.0,36.0,14
20009,vw_geo_sfpd_cr_switrs_all_types_col_cty_union.fid-c18a0c2_186644fdb18_-302,52236,54330000.0,,200097693,37.7457569908,-122.386060187,SFPD-INTERIM DB,CITY STREET,02/08/2020 01:07:00 PM,2020 February 08,13:07:00,2020,February,Saturday,ILLINOIS ST,AMADOR ST,0.0,Clear,Injury (Complaint of Pain),Vehicle/Pedestrian,Pedestrian,Crossing Not in Crosswalk,Dry,No Unusual Condition,Daylight,Intersection <= 20ft,0.0,1,1.0,Pedestrian,North,Proceeding Straight,Driver,East,Making Right Turn,POINT (-122.38606 37.745758),56.0,2.0,9.0,1.0,13
20012,vw_geo_sfpd_cr_switrs_all_types_col_cty_union.fid-c18a0c2_186644fdb18_-218,52408,22476000.0,,200162092,37.7131720491,-122.459024435,SFPD-INTERIM DB,CITY STREET,03/04/2020 07:55:00 AM,2020 March 04,07:55:00,2020,March,Wednesday,BROAD ST,CAPITOL AVE,0.0,Clear,Injury (Other Visible),Vehicle/Pedestrian,Pedestrian,Crossing in Crosswalk at Intersection,Dry,No Unusual Condition,Daylight,Intersection <= 20ft,0.0,1,1.0,Driver,East,Proceeding Straight,Pedestrian,North,Proceeding Straight,POINT (-122.45902 37.713173),81.0,10.0,1.0,24.0,07
20021,vw_geo_sfpd_cr_switrs_all_types_col_cty_union.fid-c18a0c2_186644fdb18_b54,40495,26308000.0,,170280823,37.764310945715,-122.454217264742,SFPD-CROSSROADS,CITY STREET,04/06/2017 06:36:00 AM,2017 April 06,06:36:00,2017,April,Thursday,PARNASSUS AVE,WILLARD ST,0.0,Raining,Injury (Complaint of Pain),Vehicle/Pedestrian,Pedestrian,Crossing in Crosswalk at Intersection,Wet,No Unusual Condition,Dusk - Dawn,Intersection <= 20ft,0.0,1,1.0,Driver,East,Stopped In Road,Pedestrian,South,Proceeding Straight,POINT (-122.454216 37.764313),110.0,7.0,11.0,14.0,06
20041,vw_geo_sfpd_cr_switrs_all_types_col_cty_union.fid-c18a0c2_186644fdb18_175,53704,25222000.0,10568000.0,200499635,37.7896068861,-122.420490698,SFPD-INTERIM DB,CITY STREET,08/19/2020 04:55:00 PM,2020 August 19,16:55:00,2020,August,Wednesday,POLK ST,PINE ST,5.0,Clear,Injury (Complaint of Pain),Vehicle/Pedestrian,Pedestrian,Crossing in Crosswalk at Intersection,Dry,No Unusual Condition,Daylight,Intersection <= 20ft,0.0,1,1.0,Driver,South,Making Left Turn,Pedestrian,West,Proceeding Straight,POINT (-122.420494 37.789608),50.0,4.0,3.0,21.0,16
20048,vw_geo_sfpd_cr_switrs_all_types_col_cty_union.fid-c18a0c2_186644fdb18_a36,54954,22661000.0,2528000.0,210186838,37.7251402599,-122.462280237,SFPD-INTERIM DB,CITY STREET,03/25/2021 04:20:00 PM,2021 March 25,16:20:00,2021,March,Thursday,ASHTON AVE,OCEAN AVE,50.0,Clear,Injury (Other Visible),Sideswipe,Pedestrian,Crossing Not in Crosswalk,Dry,No Unusual Condition,Daylight,Midblock > 20ft,0.0,1,1.0,Pedestrian,West,Stopped,Bicyclist,North,Proceeding Straight,POINT (-122.46228 37.72514),67.0,10.0,8.0,41.0,16
20057,vw_geo_sfpd_cr_switrs_all_types_col_cty_union.fid-c18a0c2_186644fdb18_53a,54429,27854000.0,,200773774,37.7796883692,-122.493297258,SFPD-INTERIM DB,CITY STREET,12/23/2020 06:50:00 PM,2020 December 23,18:50:00,2020,December,Wednesday,GEARY BLVD,33RD AVE,0.0,Clear,Injury (Complaint of Pain),Vehicle/Pedestrian,Pedestrian,Crossing in Crosswalk at Intersection,Dry,No Unusual Condition,Dark - Street Lights,Intersection <= 20ft,0.0,1,1.0,Pedestrian,North,Not Stated,Driver,East,Proceeding Straight,POINT (-122.49329 37.77969),8.0,8.0,4.0,29.0,18
20061,vw_geo_sfpd_cr_switrs_all_types_col_cty_union.fid-c18a0c2_186644fdb18_138,53790,26494000.0,6039101.0,200480593,37.7853195036,-122.424715889,SFPD-INTERIM DB,CITY STREET,08/11/2020 06:58:00 AM,2020 August 11,06:58:00,2020,August,Tuesday,GEARY BLVD,GOUGH ST,10.0,Cloudy,Fatal,Vehicle/Pedestrian,Pedestrian,Crossing in Crosswalk at Intersection,Dry,No Unusual Condition,Daylight,Intersection <= 20ft,1.0,1,1.0,Driver,East,Proceeding Straight,Pedestrian,South,Proceeding Straight,POINT (-122.42471 37.78532),100.0,4.0,11.0,39.0,06
20067,vw_geo_sfpd_cr_switrs_all_types_col_cty_union.fid-c18a0c2_186644fdb18_b28,55507,23944000.0,7041000.0,210269183,37.7814412772,-122.405006978,SFPD-INTERIM DB,CITY STREET,05/02/2021 05:30:00 PM,2021 May 02,17:30:00,2021,May,Sunday,HOWARD ST,05TH ST,30.0,Clear,Injury (Complaint of Pain),Vehicle/Pedestrian,Pedestrian,Crossing Not in Crosswalk,Dry,No Unusual Condition,Daylight,Midblock > 20ft,0.0,1,1.0,Driver,West,Proceeding Straight,Pedestrian,North,Other,POINT (-122.40501 37.78144),32.0,1.0,10.0,34.0,17
20072,vw_geo_sfpd_cr_switrs_all_types_col_cty_union.fid-c18a0c2_186644fdb18_abd,55472,23183000.0,920101.0,210225141,37.7431328944,-122.475611429,SFPD-INTERIM DB,CITY STREET,04/12/2021 12:18:00 PM,2021 April 12,12:18:00,2021,April,Monday,19TH AVE,TARAVAL ST,31.0,Clear,Injury (Severe),Vehicle/Pedestrian,Pedestrian,Not in Road,Dry,No Unusual Condition,Daylight,Midblock > 20ft,0.0,1,1.0,Driver,South,Backing,Pedestrian,South,Not Stated,POINT (-122.47561 37.743134),44.0,10.0,8.0,41.0,12