,id,unique_id,cnn_intrsctn_fkey,cnn_sgmt_fkey,case_id_pkey,tb_latitude,tb_longitude,geocode_source,geocode_location,collision_datetime,collision_date,collision_time,accident_year,month,day_of_week,primary_rd,secondary_rd,distance,weather_1,collision_severity,type_of_collision,mviw,ped_action,road_surface,road_cond_1,lighting,intersection,number_killed,number_injured,party_at_fault,party1_type,party1_dir_of_travel,party1_move_pre_acc,party2_type,party2_dir_of_travel,party2_move_pre_acc,point,Neighborhoods,Current Police Districts,Current Supervisor Districts,Analysis Neighborhoods,hour
20407,vw_geo_sfpd_cr_switrs_all_types_col_cty_union.fid-c18a0c2_186644fdb18_d11,56369,25897000.0,,210414526,37.7713833301,-122.428614043,SFPD-INTERIM DB,CITY STREET,07/02/2021 09:27:00 AM,2021 July 02,09:27:00,2021,July,Friday,WALLER ST,WEBSTER ST,0.0,Cloudy,Injury (Other Visible),Broadside,Pedestrian,Crossing Not in Crosswalk,Wet,No Unusual Condition,Daylight,Intersection <= 20ft,0.0,2,1.0,Pedestrian,South,Proceeding Straight,Driver,East,Making Left Turn,POINT (-122.42861 37.771385),27.0,7.0,11.0,9.0,09
20408,vw_geo_sfpd_cr_switrs_all_types_col_cty_union.fid-c18a0c2_186644fdb18_e3d,56079,33183000.0,11374000.0,210558873,37.7307148217,-122.404870261,SFPD-INTERIM DB,CITY STREET,08/31/2021 08:42:00 AM,2021 August 31,08:42:00,2021,August,Tuesday,SAN BRUNO AVE,SILLIMAN ST,200.0,Clear,Injury (Other Visible),Vehicle/Pedestrian,Pedestrian,Crossing Not in Crosswalk,Dry,No Unusual Condition,Daylight,Midblock > 20ft,0.0,1,1.0,Pedestrian,East,Other,Driver,South,Backing,POINT (-122.40487 37.730717),91.0,2.0,2.0,25.0,08
20416,vw_geo_sfpd_cr_switrs_all_types_col_cty_union.fid-c18a0c2_186644fdb18_e56,56005,25139000.0,,210568628,37.7846571415,-122.414430199,SFPD-INTERIM DB,CITY STREET,09/03/2021 10:02:00 PM,2021 September 03,22:02:00,2021,September,Friday,ELLIS ST,LEAVENWORTH ST,0.0,Clear,Injury (Complaint of Pain),Vehicle/Pedestrian,Pedestrian,Crossing in Crosswalk at Intersection,Dry,No Unusual Condition,Dark - Street Lights,Intersection <= 20ft,0.0,1,,Driver,West,Proceeding Straight,Pedestrian,North,Proceeding Straight,POINT (-122.41443 37.784657),20.0,5.0,10.0,36.0,22
20422,vw_geo_sfpd_cr_switrs_all_types_col_cty_union.fid-c18a0c2_186644fdb18_-5ee,28738,25147000.0,,170613547,37.7823789436448,-122.417338880097,SFPD-CROSSROADS,CITY STREET,07/28/2017 11:30:00 AM,2017 July 28,11:30:00,2017,July,Friday,TURK ST,LARKIN ST,0.0,Clear,Injury (Complaint of Pain),Sideswipe,Pedestrian,Crossing in Crosswalk at Intersection,Dry,No Unusual Condition,Daylight,Intersection <= 20ft,0.0,1,1.0,Driver,North,Making Left Turn,Pedestrian,South,Proceeding Straight,POINT (-122.417336 37.78238),20.0,5.0,10.0,36.0,11
20431,vw_geo_sfpd_cr_switrs_all_types_col_cty_union.fid-c18a0c2_186644fdb18_-28d,52331,25179000.0,9734000.0,200130544,37.7849649831,-122.419510279,SFPD-INTERIM DB,CITY STREET,02/21/2020 08:27:00 AM,2020 February 21,08:27:00,2020,February,Friday,OFARRELL ST,POLK ST,11.0,Clear,Fatal,Vehicle/Pedestrian,Pedestrian,Crossing in Crosswalk at Intersection,Dry,No Unusual Condition,Daylight,Intersection <= 20ft,1.0,0,1.0,Driver,East,Making Left Turn,Pedestrian,North,Not Stated,POINT (-122.41951 37.784966),20.0,4.0,10.0,36.0,08
20438,vw_geo_sfpd_cr_switrs_all_types_col_cty_union.fid-c18a0c2_186644fdb18_24f,53598,21340000.0,9130000.0,200578182,37.7465995976,-122.419235024,SFPD-INTERIM DB,CITY STREET,09/25/2020 04:01:00 PM,2020 September 25,16:01:00,2020,September,Friday,MISSION ST,PRECITA AVE,72.0,Clear,Injury (Complaint of Pain),Vehicle/Pedestrian,Pedestrian,Crossing Not in Crosswalk,Dry,No Unusual Condition,Daylight,Midblock > 20ft,0.0,1,1.0,Pedestrian,West,Other,Driver,South,Proceeding Straight,POINT (-122.419235 37.7466),83.0,9.0,2.0,2.0,16
20461,vw_geo_sfpd_cr_switrs_all_types_col_cty_union.fid-c18a0c2_186644fdb18_522,15313,23928000.000000004,,180804855,37.7761619791,-122.405476063,SFPD-INTERIM DB,CITY STREET,10/23/2018 02:40:00 PM,2018 October 23,14:40:00,2018,October,Tuesday,SHERMAN ST,HARRISON ST,0.0,Clear,Injury (Complaint of Pain),Vehicle/Pedestrian,Pedestrian,Crossing in Crosswalk at Intersection,Dry,No Unusual Condition,Daylight,Intersection <= 20ft,0.0,1,1.0,Driver,South,Making Right Turn,Pedestrian,East,Proceeding Straight,POINT (-122.40548 37.77616),32.0,1.0,10.0,34.0,14
20470,vw_geo_sfpd_cr_switrs_all_types_col_cty_union.fid-c18a0c2_186644fdb18_8ab,54657,21561000.0,,210067711,37.7138861683,-122.448950443,SFPD-INTERIM DB,CITY STREET,01/30/2021 06:24:00 PM,2021 January 30,18:24:00,2021,January,Saturday,ALEMANY BLVD,NAGLEE AVE,0.0,Clear,Injury (Other Visible),Head-On,Pedestrian,Crossing in Crosswalk at Intersection,Dry,No Unusual Condition,Dark - Street Lights,Intersection <= 20ft,0.0,1,1.0,Driver,North,Proceeding Straight,Pedestrian,East,Proceeding Straight,POINT (-122.44895 37.713886),66.0,9.0,1.0,28.0,18
20471,vw_geo_sfpd_cr_switrs_all_types_col_cty_union.fid-c18a0c2_186644fdb18_791,17157,24331000.0,,140390010,37.7797885271557,-122.415126955678,SFPD-CROSSROADS,CITY STREET,05/09/2014 02:45:00 PM,2014 May 09,14:45:00,2014,May,Friday,HYDE ST,FULTON ST,0.0,Clear,Injury (Complaint of Pain),Vehicle/Pedestrian,Pedestrian,Crossing in Crosswalk at Intersection,Dry,No Unusual Condition,Daylight,Intersection <= 20ft,0.0,1,1.0,Driver,South,Parked,Pedestrian,East,Not Stated,POINT (-122.41513 37.77979),21.0,5.0,10.0,36.0,14
20475,vw_geo_sfpd_cr_switrs_all_types_col_cty_union.fid-c18a0c2_186644fdb18_2e,53125,24388000.0,,200380216,37.7730534547,-122.418618217,SFPD-INTERIM DB,CITY STREET,06/24/2020 11:27:00 PM,2020 June 24,23:27:00,2020,June,Wednesday,MISSION ST,SOUTH VAN NESS AVE,0.0,Clear,Injury (Complaint of Pain),Vehicle/Pedestrian,Pedestrian,Crossing in Crosswalk at Intersection,Dry,No Unusual Condition,Dark - Street Lights,Intersection <= 20ft,0.0,1,1.0,Pedestrian,North,Other,Driver,East,Proceeding Straight,POINT (-122.41862 37.773052),32.0,1.0,10.0,20.0,23
20479,vw_geo_sfpd_cr_switrs_all_types_col_cty_union.fid-c18a0c2_186644fdb18_-322,52148,27804000.000000004,,200089515,37.7644061414,-122.500830596,SFPD-INTERIM DB,CITY STREET,02/05/2020 09:53:00 AM,2020 February 05,09:53:00,2020,February,Wednesday,LINCOLN WAY,41ST AVE,0.0,Clear,Injury (Complaint of Pain),Head-On,Pedestrian,Crossing in Crosswalk at Intersection,Dry,No Unusual Condition,Daylight,Intersection <= 20ft,0.0,1,1.0,Pedestrian,North,Proceeding Straight,Driver,East,Making Left Turn,POINT (-122.50083 37.764404),39.0,10.0,7.0,35.0,09
20480,vw_geo_sfpd_cr_switrs_all_types_col_cty_union.fid-c18a0c2_186644fdb18_1048,56549,24111000.000000004,,210765329,37.7554369371545,-122.418747574108,SFPD-INTERIM DB,CITY STREET,11/20/2021 12:59:00 AM,2021 November 20,00:59:00,2021,November,Saturday,MISSION ST,22ND ST,0.0,Clear,Injury (Complaint of Pain),Vehicle/Pedestrian,Pedestrian,Crossing in Crosswalk at Intersection,Dry,No Unusual Condition,Dark - Street Lights,Intersection <= 20ft,0.0,1,1.0,Driver,South,Making Left Turn,Pedestrian,West,Proceeding Straight,POINT (-122.41875 37.755436),53.0,3.0,2.0,20.0,00
20481,vw_geo_sfpd_cr_switrs_all_types_col_cty_union.fid-c18a0c2_186644fdb18_a4a,54965,24183000.0,,210191940,37.7649173775,-122.421886446,SFPD-INTERIM DB,CITY STREET,03/27/2021 08:28:00 PM,2021 March 27,20:28:00,2021,March,Saturday,VALENCIA ST,16TH ST,0.0,Clear,Injury (Severe),Vehicle/Pedestrian,Pedestrian,Crossing in Crosswalk at Intersection,Dry,No Unusual Condition,Dark - Street Lights,Intersection <= 20ft,0.0,1,1.0,Driver,East,Making Left Turn,Pedestrian,East,Proceeding Straight,POINT (-122.42189 37.76492),37.0,3.0,5.0,20.0,20
20484,vw_geo_sfpd_cr_switrs_all_types_col_cty_union.fid-c18a0c2_186644fdb18_2e5,53937,22038000.000000004,,200621377,37.7452960354,-122.440088049,SFPD-INTERIM DB,CITY STREET,10/15/2020 07:45:00 AM,2020 October 15,07:45:00,2020,October,Thursday,DUNCAN ST,DIAMOND HEIGHTS BLVD,0.0,Clear,Injury (Complaint of Pain),Head-On,Pedestrian,Crossing in Crosswalk at Intersection,Dry,No Unusual Condition,Daylight,Intersection <= 20ft,0.0,1,1.0,Driver,East,Proceeding Straight,Pedestrian,North,Not Stated,POINT (-122.44009 37.745296),57.0,9.0,5.0,22.0,07
20493,vw_geo_sfpd_cr_switrs_all_types_col_cty_union.fid-c18a0c2_186644fdb18_ba1,55194,20609000.0,,210299146,37.7279574571,-122.401955144,SFPD-INTERIM DB,CITY STREET,05/15/2021 06:50:00 PM,2021 May 15,18:50:00,2021,May,Saturday,EGBERT AVE,PHELPS ST,0.0,Clear,Injury (Complaint of Pain),Head-On,Pedestrian,Crossing in Crosswalk Not at Intersection,Dry,No Unusual Condition,Dusk - Dawn,Intersection <= 20ft,0.0,1,1.0,Driver,West,Proceeding Straight,Pedestrian,East,Proceeding Straight,POINT (-122.401955 37.72796),87.0,2.0,9.0,1.0,18
20496,vw_geo_sfpd_cr_switrs_all_types_col_cty_union.fid-c18a0c2_186644fdb18_-464,37493,22628000.0,9826101.0,130340699,37.7244042612065,-122.458736792055,SFPD-CROSSROADS,CITY STREET,04/26/2013 02:40:00 AM,2013 April 26,02:40:00,2013,April,Friday,OCEAN AVE,CAPITOL AVE,145.0,Clear,Injury (Complaint of Pain),Broadside,Pedestrian,Crossing Not in Crosswalk,Dry,No Unusual Condition,Dark - Street Lights,Midblock > 20ft,0.0,1,1.0,Pedestrian,North,Proceeding Straight,Driver,West,Proceeding Straight,POINT (-122.45874 37.724403),64.0,10.0,8.0,24.0,02
20500,vw_geo_sfpd_cr_switrs_all_types_col_cty_union.fid-c18a0c2_186644fdb18_42b,13946,24206000.0,490000.0,160331511,37.7712286958487,-122.41083922105,SFPD-CROSSROADS,CITY STREET,04/22/2016 05:24:00 PM,2016 April 22,17:24:00,2016,April,Friday,10TH ST,HARRISON ST,180.0,Clear,Injury (Complaint of Pain),Vehicle/Pedestrian,Pedestrian,"In Road, Including Shoulder",Dry,No Unusual Condition,Daylight,Midblock > 20ft,0.0,1,1.0,Pedestrian,East,Stopped In Road,Driver,South,Entering Traffic,POINT (-122.41084 37.77123),32.0,1.0,10.0,34.0,17
20509,vw_geo_sfpd_cr_switrs_all_types_col_cty_union.fid-c18a0c2_186644fdb18_b08,55356,23460000.0,,210256776,37.7400013924,-122.502345932,SFPD-INTERIM DB,CITY STREET,04/27/2021 07:05:00 AM,2021 April 27,07:05:00,2021,April,Tuesday,ULLOA ST,44TH AVE,0.0,Clear,Injury (Severe),Vehicle/Pedestrian,Pedestrian,Crossing Not in Crosswalk,Dry,No Unusual Condition,Daylight,Intersection <= 20ft,0.0,1,,Driver,East,Proceeding Straight,Pedestrian,North,Entering Traffic,POINT (-122.50234 37.74),39.0,10.0,7.0,35.0,07
20523,vw_geo_sfpd_cr_switrs_all_types_col_cty_union.fid-c18a0c2_186644fdb18_d4,53314,27943000.0,6436201.0,200446880,37.7546574236,-122.509204813,SFPD-INTERIM DB,CITY STREET,07/26/2020 01:46:00 PM,2020 July 26,13:46:00,2020,July,Sunday,GREAT HWY,LINCOLN WAY,3448.0,Clear,Injury (Severe),Vehicle/Pedestrian,Pedestrian,Crossing Not in Crosswalk,Dry,No Unusual Condition,Daylight,Midblock > 20ft,0.0,1,1.0,Bicyclist,South,Proceeding Straight,Pedestrian,West,Proceeding Straight,POINT (-122.5092 37.754658),39.0,10.0,7.0,35.0,13
20528,vw_geo_sfpd_cr_switrs_all_types_col_cty_union.fid-c18a0c2_186644fdb18_0,53055,25451000.0,,200367270,37.8021007253,-122.411202592,SFPD-INTERIM DB,CITY STREET,06/18/2020 03:26:00 PM,2020 June 18,15:26:00,2020,June,Thursday,POWELL ST,GREENWICH ST,0.0,Clear,Injury (Other Visible),Vehicle/Pedestrian,Pedestrian,Crossing in Crosswalk at Intersection,Dry,No Unusual Condition,Daylight,Intersection <= 20ft,0.0,1,1.0,Driver,South,Proceeding Straight,Pedestrian,West,Not Stated,POINT (-122.4112 37.8021),106.0,6.0,3.0,23.0,15
20530,vw_geo_sfpd_cr_switrs_all_types_col_cty_union.fid-c18a0c2_186644fdb18_-2f,53016,28009000.0,6431101.0,200351411,37.7752228621,-122.511247283,SFPD-INTERIM DB,CITY STREET,06/10/2020 08:25:00 PM,2020 June 10,20:25:00,2020,June,Wednesday,GREAT HWY,BALBOA ST,57.0,Clear,Injury (Complaint of Pain),Vehicle/Pedestrian,Pedestrian,Not in Road,Dry,No Unusual Condition,Daylight,Midblock > 20ft,0.0,1,1.0,Driver,East,Backing,Pedestrian,North,Not Stated,POINT (-122.511246 37.775223),6.0,8.0,4.0,29.0,20
20545,vw_geo_sfpd_cr_switrs_all_types_col_cty_union.fid-c18a0c2_186644fdb18_-58a,28960,25186000.0,,160093169,37.7828941222,-122.420817003265,SFPD-CROSSROADS,CITY STREET,02/01/2016 10:55:00 AM,2016 February 01,10:55:00,2016,February,Monday,EDDY ST,VAN NESS AVE,0.0,Clear,Injury (Complaint of Pain),Vehicle/Pedestrian,Pedestrian,Crossing in Crosswalk at Intersection,Dry,No Unusual Condition,Daylight,Intersection <= 20ft,0.0,1,1.0,Driver,East,Making Right Turn,Pedestrian,North,Proceeding Straight,POINT (-122.420815 37.782894),20.0,4.0,10.0,36.0,10
20546,vw_geo_sfpd_cr_switrs_all_types_col_cty_union.fid-c18a0c2_186644fdb18_-4af,12996,26410000.0,,130842532,37.7667290744992,-122.450145640836,SFPD-CROSSROADS,CITY STREET,10/05/2013 05:45:00 PM,2013 October 05,17:45:00,2013,October,Saturday,FREDERICK ST,COLE ST,0.0,Clear,Injury (Other Visible),Vehicle/Pedestrian,Pedestrian,Crossing in Crosswalk at Intersection,Dry,No Unusual Condition,Daylight,Intersection <= 20ft,0.0,1,1.0,Driver,West,Proceeding Straight,Pedestrian,North,Proceeding Straight,POINT (-122.45014 37.766727),29.0,7.0,11.0,3.0,17
20552,vw_geo_sfpd_cr_switrs_all_types_col_cty_union.fid-c18a0c2_186644fdb18_eab,55916,24962000.0,6112000.0,210600731,37.7868650667,-122.412100811,SFPD-INTERIM DB,CITY STREET,09/16/2021 05:10:00 PM,2021 September 16,17:10:00,2021,September,Thursday,GEARY ST,SHANNON ST,70.0,Clear,Injury (Complaint of Pain),Vehicle/Pedestrian,Pedestrian,"In Road, Including Shoulder",Dry,No Unusual Condition,Daylight,Midblock > 20ft,0.0,1,1.0,Pedestrian,South,Proceeding Straight,Driver,East,Backing,POINT (-122.4121 37.786865),20.0,6.0,10.0,36.0,17
20553,vw_geo_sfpd_cr_switrs_all_types_col_cty_union.fid-c18a0c2_186644fdb18_db2,37018,22556000.0,,140859939,37.7171738689179,-122.472572453806,SFPD-CROSSROADS,CITY STREET,10/11/2014 03:40:00 PM,2014 October 11,15:40:00,2014,October,Saturday,19TH AVE,JUNIPERO SERRA BLVD,0.0,Clear,Injury (Other Visible),Vehicle/Pedestrian,Pedestrian,Crossing in Crosswalk at Intersection,Dry,No Unusual Condition,Daylight,Intersection <= 20ft,0.0,1,,Pedestrian,West,Other,Driver,North,Proceeding Straight,POINT (-122.47257 37.717175),65.0,10.0,1.0,24.0,15
20556,vw_geo_sfpd_cr_switrs_all_types_col_cty_union.fid-c18a0c2_186644fdb18_-4f7,12747,25818000.0,894000.0,140363885,37.7607569000592,-122.437210358692,SFPD-CROSSROADS,CITY STREET,05/02/2014 02:35:00 PM,2014 May 02,14:35:00,2014,May,Friday,18TH ST,DIAMOND ST,6.0,Clear,Injury (Complaint of Pain),Vehicle/Pedestrian,Pedestrian,Crossing in Crosswalk at Intersection,Dry,No Unusual Condition,Daylight,Intersection <= 20ft,0.0,1,1.0,Driver,West,Proceeding Straight,Pedestrian,South,Proceeding Straight,POINT (-122.43721 37.760757),115.0,3.0,5.0,5.0,14
20562,vw_geo_sfpd_cr_switrs_all_types_col_cty_union.fid-c18a0c2_186644fdb18_-5fe,28705,25132000.0,,160093589,37.7958773189762,-122.415005454942,SFPD-CROSSROADS,CITY STREET,02/01/2016 01:34:00 PM,2016 February 01,13:34:00,2016,February,Monday,JONES ST,PACIFIC AVE,0.0,Clear,Injury (Other Visible),Vehicle/Pedestrian,Pedestrian,Crossing in Crosswalk at Intersection,Dry,No Unusual Condition,Daylight,Intersection <= 20ft,0.0,1,1.0,Driver,South,Making Left Turn,Pedestrian,West,Proceeding Straight,POINT (-122.41501 37.795876),16.0,6.0,3.0,21.0,13
20582,vw_geo_sfpd_cr_switrs_all_types_col_cty_union.fid-c18a0c2_186644fdb18_ac4,55115,24414000.0,,210235463,37.7752720604,-122.415908178,SFPD-INTERIM DB,CITY STREET,04/17/2021 12:54:00 AM,2021 April 17,00:54:00,2021,April,Saturday,10TH ST,MISSION ST,0.0,Clear,Injury (Complaint of Pain),Vehicle/Pedestrian,Pedestrian,Crossing in Crosswalk at Intersection,Dry,No Unusual Condition,Dark - Street Lights,Intersection <= 20ft,0.0,1,1.0,Driver,South,Making Right Turn,Pedestrian,West,Proceeding Straight,POINT (-122.41591 37.775272),32.0,1.0,10.0,34.0,00
20583,vw_geo_sfpd_cr_switrs_all_types_col_cty_union.fid-c18a0c2_186644fdb18_ba2,55247,23946000.0,,210299522,37.7797389058,-122.407159488,SFPD-INTERIM DB,CITY STREET,05/15/2021 10:24:00 PM,2021 May 15,22:24:00,2021,May,Saturday,06TH ST,HOWARD ST,0.0,Clear,Injury (Complaint of Pain),Vehicle/Pedestrian,Pedestrian,Crossing in Crosswalk at Intersection,Dry,No Unusual Condition,Dark - Street Lights,Intersection <= 20ft,0.0,1,1.0,Pedestrian,West,Proceeding Straight,Driver,South,Proceeding Straight,POINT (-122.40716 37.77974),32.0,1.0,10.0,34.0,22
20586,vw_geo_sfpd_cr_switrs_all_types_col_cty_union.fid-c18a0c2_186644fdb18_-565,12346,24377000.0,13057002.0,180872921,37.7668817106,-122.422077032,SFPD-INTERIM DB,CITY STREET,11/17/2018 03:16:00 PM,2018 November 17,15:16:00,2018,November,Saturday,VALENCIA ST,15TH ST,125.0,Clear,Injury (Complaint of Pain),Vehicle/Pedestrian,Pedestrian,Crossing Not in Crosswalk,Dry,No Unusual Condition,Daylight,Midblock > 20ft,0.0,1,1.0,Driver,North,Proceeding Straight,Pedestrian,East,Other,POINT (-122.42207 37.76688),53.0,3.0,2.0,20.0,15
20591,vw_geo_sfpd_cr_switrs_all_types_col_cty_union.fid-c18a0c2_186644fdb18_39b,54116,33717000.0,19003000.0,200670211,37.7299215021,-122.475952675,SFPD-INTERIM DB,CITY STREET,11/06/2020 11:00:00 AM,2020 November 06,11:00:00,2020,November,Friday,20TH AVE,WINSTON DR,72.0,Clear,Injury (Complaint of Pain),Vehicle/Pedestrian,Pedestrian,Crossing Not in Crosswalk,Dry,No Unusual Condition,Daylight,Midblock > 20ft,0.0,1,1.0,Driver,South,Proceeding Straight,Pedestrian,West,Proceeding Straight,POINT (-122.47595 37.729923),41.0,10.0,8.0,16.0,11
20592,vw_geo_sfpd_cr_switrs_all_types_col_cty_union.fid-c18a0c2_186644fdb18_ca5,57137,25139000.0,,210379083,37.7846571415195,-122.414430198987,SFPD-INTERIM DB,CITY STREET,06/17/2021 07:25:00 PM,2021 June 17,19:25:00,2021,June,Thursday,LEAVENWORTH ST,ELLIS ST,0.0,Clear,Injury (Severe),Vehicle/Pedestrian,Pedestrian,Crossing Not in Crosswalk,Dry,No Unusual Condition,Daylight,Intersection <= 20ft,0.0,1,1.0,Driver,North,Proceeding Straight,Pedestrian,East,Not Stated,POINT (-122.41443 37.784657),20.0,5.0,10.0,36.0,19
20597,vw_geo_sfpd_cr_switrs_all_types_col_cty_union.fid-c18a0c2_186644fdb18_eb0,55922,25175000.0,,210602862,37.7821692706,-122.418993273,SFPD-INTERIM DB,CITY STREET,09/17/2021 02:03:00 PM,2021 September 17,14:03:00,2021,September,Friday,POLK ST,TURK ST,0.0,Clear,Injury (Complaint of Pain),Vehicle/Pedestrian,Pedestrian,Crossing in Crosswalk at Intersection,Dry,No Unusual Condition,Daylight,Intersection <= 20ft,0.0,1,1.0,Driver,North,Making Right Turn,Pedestrian,East,Proceeding Straight,POINT (-122.41899 37.78217),20.0,4.0,10.0,36.0,14
20613,vw_geo_sfpd_cr_switrs_all_types_col_cty_union.fid-c18a0c2_186644fdb18_b40,55365,21474000.000000004,,210273043,37.716632326,-122.438757677,SFPD-INTERIM DB,CITY STREET,05/04/2021 10:45:00 AM,2021 May 04,10:45:00,2021,May,Tuesday,AMAZON AVE,PARIS ST,0.0,Clear,Injury (Other Visible),Vehicle/Pedestrian,Pedestrian,Crossing Not in Crosswalk,Dry,No Unusual Condition,Daylight,Intersection <= 20ft,0.0,1,1.0,Driver,East,Making Right Turn,Pedestrian,East,Proceeding Straight,POINT (-122.43876 37.716633),90.0,9.0,1.0,7.0,10
20620,vw_geo_sfpd_cr_switrs_all_types_col_cty_union.fid-c18a0c2_186644fdb18_ecb,1156,21581000.0,11867000.0,180167261,37.7092363456,-122.453335773,SFPD-INTERIM DB,CITY STREET,03/03/2018 08:48:00 PM,2018 March 03,20:48:00,2018,March,Saturday,SICKLES AVE,HURON AVE,36.0,Raining,Injury (Severe),Vehicle/Pedestrian,Pedestrian,Crossing Not in Crosswalk,Wet,No Unusual Condition,Dark - Street Lights,Midblock > 20ft,0.0,1,1.0,Pedestrian,South,Proceeding Straight,Driver,West,Proceeding Straight,POINT (-122.45334 37.709236),66.0,9.0,1.0,28.0,20
20649,vw_geo_sfpd_cr_switrs_all_types_col_cty_union.fid-c18a0c2_186644fdb18_1ba,53661,20313000.0,,200524050,37.7111885727,-122.403650108,SFPD-INTERIM DB,CITY STREET,08/31/2020 01:46:00 PM,2020 August 31,13:46:00,2020,August,Monday,LELAND AVE,BAY SHORE BLVD,0.0,Clear,Injury (Other Visible),Vehicle/Pedestrian,Pedestrian,Crossing in Crosswalk at Intersection,Dry,No Unusual Condition,Daylight,Intersection <= 20ft,0.0,1,1.0,Driver,East,Making Right Turn,Pedestrian,North,Not Stated,POINT (-122.40365 37.71119),89.0,9.0,9.0,1.0,13
20662,vw_geo_sfpd_cr_switrs_all_types_col_cty_union.fid-c18a0c2_186644fdb18_245,53591,34168000.0,19992000.0,200575887,37.7735273385,-122.392647314,SFPD-INTERIM DB,CITY STREET,09/24/2020 02:03:00 PM,2020 September 24,14:03:00,2020,September,Thursday,CHANNEL,04TH ST,413.0,Clear,Injury (Complaint of Pain),Vehicle/Pedestrian,Pedestrian,Crossing Not in Crosswalk,Dry,No Unusual Condition,Daylight,Midblock > 20ft,0.0,1,1.0,Pedestrian,South,Proceeding Straight,Driver,West,Parking Maneuver,POINT (-122.39265 37.77353),34.0,1.0,10.0,4.0,14
20663,vw_geo_sfpd_cr_switrs_all_types_col_cty_union.fid-c18a0c2_186644fdb18_285,53838,24265000.0,,200595681,37.7779770869,-122.409387006,SFPD-INTERIM DB,CITY STREET,10/03/2020 12:00:00 PM,2020 October 03,12:00:00,2020,October,Saturday,HOWARD ST,07TH ST,0.0,Clear,Injury (Other Visible),Vehicle/Pedestrian,Pedestrian,Crossing in Crosswalk at Intersection,Dry,No Unusual Condition,Daylight,Intersection <= 20ft,0.0,1,,Driver,West,Making Right Turn,Pedestrian,North,Proceeding Straight,POINT (-122.409386 37.777977),32.0,1.0,10.0,34.0,12
20666,vw_geo_sfpd_cr_switrs_all_types_col_cty_union.fid-c18a0c2_186644fdb18_57b,54468,20601000.0,5020000.0,200788579,37.7235416707,-122.403995627,SFPD-INTERIM DB,CITY STREET,12/30/2020 06:55:00 PM,2020 December 30,18:55:00,2020,December,Wednesday,DWIGHT ST,BRUSSELS ST,22.0,Raining,Injury (Complaint of Pain),Vehicle/Pedestrian,Pedestrian,"In Road, Including Shoulder",Wet,No Unusual Condition,Dark - Street Lights,Midblock > 20ft,0.0,1,1.0,Pedestrian,West,Proceeding Straight,Driver,West,Proceeding Straight,POINT (-122.404 37.72354),91.0,2.0,2.0,25.0,18
20670,vw_geo_sfpd_cr_switrs_all_types_col_cty_union.fid-c18a0c2_186644fdb18_-60d,28676,25027000.0,12207000.0,160622611,37.7960313318339,-122.408295115608,SFPD-CROSSROADS,CITY STREET,08/02/2016 02:40:00 PM,2016 August 02,14:40:00,2016,August,Tuesday,STOCKTON ST,JACKSON ST,77.0,Clear,Injury (Complaint of Pain),Vehicle/Pedestrian,Pedestrian,Crossing Not in Crosswalk,Dry,No Unusual Condition,Daylight,Midblock > 20ft,0.0,1,2.0,Driver,South,Proceeding Straight,Pedestrian,West,Other,POINT (-122.408295 37.796032),104.0,6.0,3.0,6.0,14
20680,vw_geo_sfpd_cr_switrs_all_types_col_cty_union.fid-c18a0c2_186644fdb18_3f1,54200,26471000.0,5901000.0,200693229,37.7750067409,-122.452717955,SFPD-INTERIM DB,CITY STREET,11/16/2020 06:07:00 PM,2020 November 16,18:07:00,2020,November,Monday,FULTON ST,PARKER AVE,27.0,Clear,Injury (Complaint of Pain),Broadside,Pedestrian,Crossing Not in Crosswalk,Dry,No Unusual Condition,Dark - Street Lights,Midblock > 20ft,0.0,1,1.0,Pedestrian,North,Proceeding Straight,Driver,West,Proceeding Straight,POINT (-122.45272 37.775005),12.0,7.0,4.0,18.0,18
20684,vw_geo_sfpd_cr_switrs_all_types_col_cty_union.fid-c18a0c2_186644fdb18_-3a9,52620,25234000.0,,200053225,37.7900451421,-122.417204798,SFPD-INTERIM DB,CITY STREET,01/21/2020 11:15:00 PM,2020 January 21,23:15:00,2020,January,Tuesday,HYDE ST,PINE ST,0.0,Raining,Injury (Complaint of Pain),Vehicle/Pedestrian,Pedestrian,Crossing in Crosswalk at Intersection,Wet,No Unusual Condition,Dark - Street Lights,Intersection <= 20ft,0.0,1,1.0,Driver,South,Making Left Turn,Pedestrian,West,Proceeding Straight,POINT (-122.417206 37.790047),16.0,6.0,3.0,21.0,23
20691,vw_geo_sfpd_cr_switrs_all_types_col_cty_union.fid-c18a0c2_186644fdb18_462,54278,24431000.0,,200718580,37.7816542624,-122.415505178,SFPD-INTERIM DB,CITY STREET,11/26/2020 12:43:00 PM,2020 November 26,12:43:00,2020,November,Thursday,HYDE ST,GOLDEN GATE AVE,0.0,Clear,Injury (Complaint of Pain),Vehicle/Pedestrian,Pedestrian,Crossing in Crosswalk at Intersection,Dry,No Unusual Condition,Daylight,Intersection <= 20ft,0.0,1,1.0,Driver,South,Proceeding Straight,Pedestrian,East,Proceeding Straight,POINT (-122.415504 37.781654),21.0,5.0,10.0,36.0,12