,id,unique_id,cnn_intrsctn_fkey,cnn_sgmt_fkey,case_id_pkey,tb_latitude,tb_longitude,geocode_source,geocode_location,collision_datetime,collision_date,collision_time,accident_year,month,day_of_week,primary_rd,secondary_rd,distance,weather_1,collision_severity,type_of_collision,mviw,ped_action,road_surface,road_cond_1,lighting,intersection,number_killed,number_injured,party_at_fault,party1_type,party1_dir_of_travel,party1_move_pre_acc,party2_type,party2_dir_of_travel,party2_move_pre_acc,point,Neighborhoods,Current Police Districts,Current Supervisor Districts,Analysis Neighborhoods,hour
20692,vw_geo_sfpd_cr_switrs_all_types_col_cty_union.fid-c18a0c2_186644fdb18_e2e,56074,26504000.0,6335000.0,210554382,37.7880918672,-122.425240873,SFPD-INTERIM DB,CITY STREET,08/29/2021 02:39:00 PM,2021 August 29,14:39:00,2021,August,Sunday,GOUGH ST,BUSH ST,8.0,Clear,Injury (Other Visible),Vehicle/Pedestrian,Pedestrian,Crossing in Crosswalk at Intersection,Dry,No Unusual Condition,Daylight,Intersection <= 20ft,0.0,1,1.0,Pedestrian,East,Entering Traffic,Driver,South,Proceeding Straight,POINT (-122.42524 37.788094),100.0,4.0,6.0,39.0,14
20700,vw_geo_sfpd_cr_switrs_all_types_col_cty_union.fid-c18a0c2_186644fdb18_860,18149,25888000.0,,140863885,37.7703506183369,-122.429224619877,SFPD-CROSSROADS,CITY STREET,10/12/2014 05:10:00 PM,2014 October 12,17:10:00,2014,October,Sunday,HERMANN ST,CHURCH ST,0.0,Clear,Injury (Other Visible),Vehicle/Pedestrian,Pedestrian,Crossing in Crosswalk at Intersection,Dry,No Unusual Condition,Daylight,Intersection <= 20ft,0.0,1,,Driver,West,Proceeding Straight,Pedestrian,North,Other,POINT (-122.42922 37.77035),28.0,7.0,5.0,9.0,17
20704,vw_geo_sfpd_cr_switrs_all_types_col_cty_union.fid-c18a0c2_186644fdb18_56a,54459,22190000.0,,200785650,37.7220827954,-122.450118225,SFPD-INTERIM DB,CITY STREET,12/28/2020 07:00:00 PM,2020 December 28,19:00:00,2020,December,Monday,GENEVA AVE,HOWTH ST,0.0,Clear,Injury (Complaint of Pain),Vehicle/Pedestrian,Pedestrian,Crossing in Crosswalk at Intersection,Dry,No Unusual Condition,Dark - Street Lights,Intersection <= 20ft,0.0,1,1.0,Pedestrian,North,Not Stated,Driver,West,Making Left Turn,POINT (-122.45012 37.722084),81.0,10.0,8.0,24.0,19
20715,vw_geo_sfpd_cr_switrs_all_types_col_cty_union.fid-c18a0c2_186644fdb18_3aa,54131,26752000.000000004,,200673033,37.8010266398,-122.434602345,SFPD-INTERIM DB,CITY STREET,11/07/2020 01:27:00 PM,2020 November 07,13:27:00,2020,November,Saturday,CHESTNUT ST,WEBSTER ST,0.0,Clear,Injury (Other Visible),Broadside,Pedestrian,Crossing in Crosswalk at Intersection,Dry,No Unusual Condition,Daylight,Intersection <= 20ft,0.0,1,1.0,Driver,South,Making Left Turn,Pedestrian,East,Proceeding Straight,POINT (-122.4346 37.801025),17.0,4.0,6.0,13.0,13
20741,vw_geo_sfpd_cr_switrs_all_types_col_cty_union.fid-c18a0c2_186644fdb18_309,53974,26068000.0,,200632352,37.7810093458,-122.435616264,SFPD-INTERIM DB,CITY STREET,10/20/2020 09:09:00 AM,2020 October 20,09:09:00,2020,October,Tuesday,EDDY ST,PIERCE ST,0.0,Clear,Injury (Complaint of Pain),Vehicle/Pedestrian,Pedestrian,Crossing in Crosswalk at Intersection,Dry,No Unusual Condition,Daylight,Intersection <= 20ft,0.0,1,1.0,Driver,South,Backing,Pedestrian,West,Proceeding Straight,POINT (-122.435616 37.78101),97.0,4.0,11.0,39.0,09
20743,vw_geo_sfpd_cr_switrs_all_types_col_cty_union.fid-c18a0c2_186644fdb18_80c,17766,24402000.0,13055000.0,140975048,37.76924568139,-122.422305237028,SFPD-CROSSROADS,CITY STREET,11/17/2014 04:30:00 PM,2014 November 17,16:30:00,2014,November,Monday,VALENCIA ST,CLINTON PARK,12.0,Clear,Injury (Other Visible),Vehicle/Pedestrian,Pedestrian,Crossing Not in Crosswalk,Dry,No Unusual Condition,Daylight,Intersection <= 20ft,0.0,1,1.0,Pedestrian,East,Proceeding Straight,Driver,West,Making Left Turn,POINT (-122.4223 37.769245),53.0,3.0,2.0,20.0,16
20744,vw_geo_sfpd_cr_switrs_all_types_col_cty_union.fid-c18a0c2_186644fdb18_43a,54254,23338000.0,11959101.0,200710970,37.7339948864,-122.491369129,SFPD-INTERIM DB,CITY STREET,11/24/2020 05:35:00 PM,2020 November 24,17:35:00,2020,November,Tuesday,SLOAT BLVD,CLEARFIELD DR,9.0,Clear,Injury (Severe),Vehicle/Pedestrian,Pedestrian,Crossing in Crosswalk at Intersection,Dry,No Unusual Condition,Dark - Street Lights,Intersection <= 20ft,0.0,1,1.0,Pedestrian,South,Proceeding Straight,Driver,West,Proceeding Straight,POINT (-122.49137 37.733994),43.0,10.0,8.0,35.0,17
20757,vw_geo_sfpd_cr_switrs_all_types_col_cty_union.fid-c18a0c2_186644fdb18_-369,52733,25154000.0,,200070514,37.7865198197,-122.414806649,SFPD-INTERIM DB,CITY STREET,01/28/2020 05:52:00 PM,2020 January 28,17:52:00,2020,January,Tuesday,GEARY ST,LEAVENWORTH ST,0.0,Clear,Injury (Other Visible),Vehicle/Pedestrian,Pedestrian,Crossing in Crosswalk at Intersection,Dry,No Unusual Condition,Dark - Street Lights,Intersection <= 20ft,0.0,1,1.0,Driver,West,Making Left Turn,Pedestrian,South,Proceeding Straight,POINT (-122.41481 37.78652),20.0,6.0,10.0,36.0,17
20759,vw_geo_sfpd_cr_switrs_all_types_col_cty_union.fid-c18a0c2_186644fdb18_-2bb,52728,27204000.0,,200118716,37.775239764,-122.458435273,SFPD-INTERIM DB,CITY STREET,02/16/2020 06:12:00 PM,2020 February 16,18:12:00,2020,February,Sunday,ARGUELLO BLVD,MCALLISTER ST,0.0,Clear,Injury (Severe),Vehicle/Pedestrian,Pedestrian,Crossing Not in Crosswalk,Dry,No Unusual Condition,Dark - Street Lights,Intersection <= 20ft,0.0,1,1.0,Pedestrian,East,Proceeding Straight,Driver,South,Proceeding Straight,POINT (-122.458435 37.775238),12.0,8.0,4.0,11.0,18
20761,vw_geo_sfpd_cr_switrs_all_types_col_cty_union.fid-c18a0c2_186644fdb18_-84,53027,35047000.0,9096002.0,200323523,37.783826287,-122.405093159,SFPD-INTERIM DB,CITY STREET,05/28/2020 07:18:00 PM,2020 May 28,19:18:00,2020,May,Thursday,MISSION ST,JESSIE EAST ST,93.0,Clear,Injury (Complaint of Pain),Vehicle/Pedestrian,Pedestrian,Not in Road,Dry,No Unusual Condition,Dusk - Dawn,Midblock > 20ft,0.0,1,1.0,Driver,West,Proceeding Straight,Pedestrian,East,Proceeding Straight,POINT (-122.40509 37.783825),32.0,1.0,10.0,34.0,19
20786,vw_geo_sfpd_cr_switrs_all_types_col_cty_union.fid-c18a0c2_186644fdb18_d0a,55330,24315000.0,,210408535,37.7792116855,-122.410936574,SFPD-INTERIM DB,CITY STREET,06/29/2021 06:11:00 PM,2021 June 29,18:11:00,2021,June,Tuesday,07TH ST,MISSION ST,0.0,Clear,Injury (Complaint of Pain),Vehicle/Pedestrian,Pedestrian,Crossing in Crosswalk at Intersection,Dry,No Unusual Condition,Daylight,Intersection <= 20ft,0.0,1,1.0,Driver,East,Making Left Turn,Pedestrian,East,Proceeding Straight,POINT (-122.410934 37.779213),32.0,1.0,10.0,34.0,18
20788,vw_geo_sfpd_cr_switrs_all_types_col_cty_union.fid-c18a0c2_186644fdb18_-1dd,52476,25176000.0,10555000.0,200180997,37.7831176692,-122.419184904,SFPD-INTERIM DB,CITY STREET,03/11/2020 03:20:00 PM,2020 March 11,15:20:00,2020,March,Wednesday,POLK ST,EDDY ST,6.0,Clear,Injury (Complaint of Pain),Vehicle/Pedestrian,Pedestrian,Crossing in Crosswalk at Intersection,Dry,No Unusual Condition,Daylight,Intersection <= 20ft,0.0,1,1.0,Driver,South,Proceeding Straight,Pedestrian,East,Other,POINT (-122.41918 37.78312),20.0,4.0,10.0,36.0,15
20792,vw_geo_sfpd_cr_switrs_all_types_col_cty_union.fid-c18a0c2_186644fdb18_1e2,53481,26552000.0,,200539253,37.7966910586,-122.423601296,SFPD-INTERIM DB,CITY STREET,09/07/2020 04:16:00 PM,2020 September 07,16:16:00,2020,September,Monday,VAN NESS AVE,VALLEJO ST,0.0,Clear,Injury (Other Visible),Vehicle/Pedestrian,Pedestrian,Crossing in Crosswalk at Intersection,Dry,No Unusual Condition,Daylight,Intersection <= 20ft,0.0,1,1.0,Driver,South,Making Left Turn,Pedestrian,East,Proceeding Straight,POINT (-122.4236 37.79669),105.0,4.0,6.0,32.0,16
20811,vw_geo_sfpd_cr_switrs_all_types_col_cty_union.fid-c18a0c2_186644fdb18_-a4,52937,23959000.0,,200311302,37.7527390247,-122.410066406,SFPD-INTERIM DB,CITY STREET,05/22/2020 12:40:00 PM,2020 May 22,12:40:00,2020,May,Friday,24TH ST,FLORIDA ST,0.0,Clear,Injury (Complaint of Pain),Vehicle/Pedestrian,Pedestrian,Crossing in Crosswalk at Intersection,Dry,No Unusual Condition,Daylight,Intersection <= 20ft,0.0,1,1.0,Driver,East,Making Left Turn,Pedestrian,North,Proceeding Straight,POINT (-122.410065 37.75274),53.0,3.0,2.0,20.0,12
20819,vw_geo_sfpd_cr_switrs_all_types_col_cty_union.fid-c18a0c2_186644fdb18_e83,55900,21296000.0,,210591403,37.7491721836,-122.415954642,SFPD-INTERIM DB,CITY STREET,09/13/2021 08:13:00 AM,2021 September 13,08:13:00,2021,September,Monday,SOUTH VAN NESS AVE,26TH ST,0.0,Clear,Injury (Complaint of Pain),Vehicle/Pedestrian,Pedestrian,Crossing in Crosswalk at Intersection,Dry,No Unusual Condition,Daylight,Intersection <= 20ft,0.0,1,1.0,Pedestrian,East,Proceeding Straight,Driver,South,Proceeding Straight,POINT (-122.415955 37.749172),53.0,3.0,2.0,20.0,08
20837,vw_geo_sfpd_cr_switrs_all_types_col_cty_union.fid-c18a0c2_186644fdb18_c3e,55389,25530000.0,,210346690,37.8022013086,-122.417966229,SFPD-INTERIM DB,CITY STREET,06/04/2021 03:35:00 PM,2021 June 04,15:35:00,2021,June,Friday,LOMBARD ST,LEAVENWORTH ST,0.0,Clear,Injury (Other Visible),Vehicle/Pedestrian,Pedestrian,Crossing in Crosswalk at Intersection,Dry,No Unusual Condition,Daylight,Intersection <= 20ft,0.0,1,1.0,Driver,West,Making Left Turn,Pedestrian,North,Stopped,POINT (-122.41797 37.8022),107.0,6.0,6.0,32.0,15
20845,vw_geo_sfpd_cr_switrs_all_types_col_cty_union.fid-c18a0c2_186644fdb18_d6a,56268,27358000.000000004,,210468448,37.765641191,-122.472922729,SFPD-INTERIM DB,CITY STREET,07/24/2021 04:39:00 PM,2021 July 24,16:39:00,2021,July,Saturday,15TH AVE,LINCOLN WAY,0.0,Clear,Injury (Severe),Vehicle/Pedestrian,Pedestrian,Crossing in Crosswalk at Intersection,Dry,No Unusual Condition,Daylight,Intersection <= 20ft,0.0,1,1.0,Pedestrian,West,Proceeding Straight,Driver,North,Stopped,POINT (-122.47292 37.76564),109.0,10.0,11.0,14.0,16
20852,vw_geo_sfpd_cr_switrs_all_types_col_cty_union.fid-c18a0c2_186644fdb18_875,54515,27333000.0,,210051623,37.7523785991,-122.47629224,SFPD-INTERIM DB,CITY STREET,01/23/2021 08:41:00 AM,2021 January 23,08:41:00,2021,January,Saturday,19TH AVE,ORTEGA ST,0.0,Clear,Injury (Severe),Vehicle/Pedestrian,Pedestrian,Crossing in Crosswalk at Intersection,Dry,No Unusual Condition,Daylight,Intersection <= 20ft,0.0,1,1.0,Pedestrian,West,Not Stated,Driver,South,Proceeding Straight,POINT (-122.476295 37.75238),39.0,10.0,7.0,35.0,08
20862,vw_geo_sfpd_cr_switrs_all_types_col_cty_union.fid-c18a0c2_186644fdb18_d7b,40933,27366000.0,7654000.0,180806572,37.7616841721,-122.477356641,SFPD-INTERIM DB,CITY STREET,10/24/2018 08:12:00 AM,2018 October 24,08:12:00,2018,October,Wednesday,JUDAH ST,19TH AVE,100.0,Clear,Injury (Other Visible),Vehicle/Pedestrian,Pedestrian,Crossing Not in Crosswalk,Dry,No Unusual Condition,Daylight,Midblock > 20ft,0.0,1,1.0,Pedestrian,South,Proceeding Straight,Driver,East,Proceeding Straight,POINT (-122.477356 37.761684),39.0,10.0,7.0,35.0,08
20865,vw_geo_sfpd_cr_switrs_all_types_col_cty_union.fid-c18a0c2_186644fdb18_537,54427,30739000.0,,200773724,37.7839914876,-122.408066546,SFPD-INTERIM DB,CITY STREET,12/23/2020 06:19:00 PM,2020 December 23,18:19:00,2020,December,Wednesday,05TH ST,MARKET ST,0.0,Clear,Injury (Complaint of Pain),Vehicle/Pedestrian,Pedestrian,Crossing in Crosswalk at Intersection,Dry,No Unusual Condition,Dark - Street Lights,Intersection <= 20ft,0.0,1,1.0,Pedestrian,West,Proceeding Straight,Driver,South,Proceeding Straight,POINT (-122.408066 37.783993),19.0,5.0,10.0,34.0,18
20883,vw_geo_sfpd_cr_switrs_all_types_col_cty_union.fid-c18a0c2_186644fdb18_2e9,53941,25984000.0,,200622676,37.7691783695,-122.433572208,SFPD-INTERIM DB,CITY STREET,10/15/2020 04:00:00 PM,2020 October 15,16:00:00,2020,October,Thursday,DUBOCE AVE,NOE ST,0.0,Clear,Injury (Other Visible),Vehicle/Pedestrian,Pedestrian,Crossing in Crosswalk at Intersection,Dry,No Unusual Condition,Daylight,Intersection <= 20ft,0.0,1,,Driver,West,Proceeding Straight,Pedestrian,North,Other,POINT (-122.43357 37.769176),28.0,7.0,5.0,5.0,16
20897,vw_geo_sfpd_cr_switrs_all_types_col_cty_union.fid-c18a0c2_186644fdb18_1060,56868,24319000.0,,210791813,37.7800058685422,-122.41193340891,SFPD-INTERIM DB,CITY STREET,11/30/2021 10:58:00 PM,2021 November 30,22:58:00,2021,November,Tuesday,STEVENSON ST,07TH ST,0.0,Clear,Injury (Other Visible),Vehicle/Pedestrian,Pedestrian,Crossing in Crosswalk at Intersection,Dry,No Unusual Condition,Dark - Street Lights,Intersection <= 20ft,0.0,1,1.0,Driver,West,Making Left Turn,Pedestrian,South,Proceeding Straight,POINT (-122.411934 37.780006),32.0,5.0,10.0,34.0,22
20901,vw_geo_sfpd_cr_switrs_all_types_col_cty_union.fid-c18a0c2_186644fdb18_51b,39960,27694000.0,,160831157,37.7515447673455,-122.495098259324,SFPD-CROSSROADS,CITY STREET,10/12/2016 09:56:00 AM,2016 October 12,09:56:00,2016,October,Wednesday,SUNSET BLVD,ORTEGA ST,0.0,Clear,Injury (Other Visible),Vehicle/Pedestrian,Pedestrian,Crossing in Crosswalk at Intersection,Dry,No Unusual Condition,Daylight,Intersection <= 20ft,0.0,1,1.0,Driver,South,Making Left Turn,Pedestrian,West,Not Stated,POINT (-122.4951 37.751545),39.0,10.0,7.0,35.0,09
20906,vw_geo_sfpd_cr_switrs_all_types_col_cty_union.fid-c18a0c2_186644fdb18_-2df,52231,25221000.0,,200110994,37.7905782589,-122.420687383,SFPD-INTERIM DB,CITY STREET,02/13/2020 03:50:00 PM,2020 February 13,15:50:00,2020,February,Thursday,POLK ST,CALIFORNIA ST,0.0,Clear,Injury (Other Visible),Vehicle/Pedestrian,Pedestrian,Crossing in Crosswalk at Intersection,Dry,No Unusual Condition,Daylight,Intersection <= 20ft,0.0,1,1.0,Bicyclist,West,Making Left Turn,Pedestrian,South,Proceeding Straight,POINT (-122.420685 37.790577),105.0,4.0,3.0,21.0,15
20924,vw_geo_sfpd_cr_switrs_all_types_col_cty_union.fid-c18a0c2_186644fdb18_-48f,29440,25196000.0,5816000.0,150821748,37.7845997232089,-122.422848955481,SFPD-CROSSROADS,CITY STREET,09/19/2015 05:35:00 AM,2015 September 19,05:35:00,2015,September,Saturday,FRANKLIN ST,STARR KING WAY,20.0,Clear,Injury (Severe),Broadside,Pedestrian,Crossing in Crosswalk at Intersection,Dry,No Unusual Condition,Dark - Street Lights,Intersection <= 20ft,0.0,1,1.0,Pedestrian,West,Proceeding Straight,Driver,North,Proceeding Straight,POINT (-122.42285 37.7846),100.0,4.0,11.0,39.0,05
20927,vw_geo_sfpd_cr_switrs_all_types_col_cty_union.fid-c18a0c2_186644fdb18_fd3,41449,27697000.000000004,,140208980,37.7534138183296,-122.495226537849,SFPD-CROSSROADS,CITY STREET,03/11/2014 08:00:00 AM,2014 March 11,08:00:00,2014,March,Tuesday,NORIEGA ST,SUNSET BLVD,0.0,Clear,Injury (Other Visible),Vehicle/Pedestrian,Pedestrian,Crossing in Crosswalk at Intersection,Dry,No Unusual Condition,Daylight,Intersection <= 20ft,0.0,1,1.0,Driver,South,Making Left Turn,Pedestrian,East,Proceeding Straight,POINT (-122.495224 37.753414),39.0,10.0,7.0,35.0,08
20929,vw_geo_sfpd_cr_switrs_all_types_col_cty_union.fid-c18a0c2_186644fdb18_-26b,52664,25026000.0,12205000.0,200141212,37.7949163079,-122.408074233,SFPD-INTERIM DB,CITY STREET,02/25/2020 09:53:00 AM,2020 February 25,09:53:00,2020,February,Tuesday,STOCKTON ST,WASHINGTON ST,9.0,Clear,Injury (Other Visible),Vehicle/Pedestrian,Pedestrian,Crossing in Crosswalk at Intersection,Dry,No Unusual Condition,Daylight,Intersection <= 20ft,0.0,1,2.0,Driver,West,Making Left Turn,Pedestrian,West,Proceeding Straight,POINT (-122.40807 37.794918),104.0,6.0,3.0,6.0,09
20937,vw_geo_sfpd_cr_switrs_all_types_col_cty_union.fid-c18a0c2_186644fdb18_-31,53024,21232000.000000004,11014000.0,200351041,37.7357470134,-122.419573127,SFPD-INTERIM DB,CITY STREET,06/10/2020 05:38:00 PM,2020 June 10,17:38:00,2020,June,Wednesday,RICHLAND AVE,MURRAY ST,171.0,Clear,Injury (Other Visible),Vehicle/Pedestrian,Pedestrian,"In Road, Including Shoulder",Dry,No Unusual Condition,Daylight,Midblock > 20ft,0.0,1,1.0,Pedestrian,East,Proceeding Straight,Driver,South,Proceeding Straight,POINT (-122.41957 37.73575),61.0,9.0,2.0,2.0,17
20943,vw_geo_sfpd_cr_switrs_all_types_col_cty_union.fid-c18a0c2_186644fdb18_-50a,29241,25190000.0,5180000.0,130463047,37.7838023325548,-122.421183072344,SFPD-CROSSROADS,CITY STREET,06/05/2013 12:19:00 PM,2013 June 05,12:19:00,2013,June,Wednesday,ELLIS ST,VAN NESS AVE,51.0,Clear,Injury (Complaint of Pain),Vehicle/Pedestrian,Pedestrian,"In Road, Including Shoulder",Dry,No Unusual Condition,Daylight,Midblock > 20ft,0.0,1,1.0,Pedestrian,East,Other,Driver,West,Proceeding Straight,POINT (-122.42118 37.783802),100.0,4.0,11.0,39.0,12
20949,vw_geo_sfpd_cr_switrs_all_types_col_cty_union.fid-c18a0c2_186644fdb18_86f,54507,24440000.0,,210051350,37.7814474954,-122.417145612,SFPD-INTERIM DB,CITY STREET,01/23/2021 04:30:00 AM,2021 January 23,04:30:00,2021,January,Saturday,GOLDEN GATE AVE,LARKIN ST,0.0,Clear,Injury (Other Visible),Vehicle/Pedestrian,Pedestrian,Crossing Not in Crosswalk,Dry,No Unusual Condition,Dark - Street Lights,Intersection <= 20ft,0.0,1,1.0,Driver,East,Proceeding Straight,Pedestrian,North,Proceeding Straight,POINT (-122.417145 37.78145),20.0,5.0,10.0,36.0,04
20951,vw_geo_sfpd_cr_switrs_all_types_col_cty_union.fid-c18a0c2_186644fdb18_b8d,55189,24311000.0,9102000.0,210293643,37.7774768231,-122.413133125,SFPD-INTERIM DB,CITY STREET,05/13/2021 11:30:00 AM,2021 May 13,11:30:00,2021,May,Thursday,MISSION ST,08TH ST,10.0,Clear,Injury (Other Visible),Vehicle/Pedestrian,Pedestrian,Not in Road,Dry,No Unusual Condition,Daylight,Intersection <= 20ft,0.0,2,1.0,Bicyclist,East,Proceeding Straight,Pedestrian,East,Other,POINT (-122.41313 37.777477),32.0,1.0,10.0,34.0,11
20957,vw_geo_sfpd_cr_switrs_all_types_col_cty_union.fid-c18a0c2_186644fdb18_30e,39590,23378000.0,,170764980,37.7384964538898,-122.49418139922,SFPD-CROSSROADS,CITY STREET,09/19/2017 07:12:00 AM,2017 September 19,07:12:00,2017,September,Tuesday,SUNSET BLVD,VICENTE ST,0.0,Clear,Injury (Other Visible),Vehicle/Pedestrian,Pedestrian,Crossing in Crosswalk at Intersection,Dry,No Unusual Condition,Daylight,Intersection <= 20ft,0.0,1,1.0,Driver,North,Making Left Turn,Pedestrian,West,Proceeding Straight,POINT (-122.49418 37.738495),40.0,10.0,7.0,35.0,07
20962,vw_geo_sfpd_cr_switrs_all_types_col_cty_union.fid-c18a0c2_186644fdb18_392,54106,27486000.0,,200665717,37.7805753825,-122.47398247,SFPD-INTERIM DB,CITY STREET,11/04/2020 11:40:00 AM,2020 November 04,11:40:00,2020,November,Wednesday,GEARY BLVD,15TH AVE,0.0,Clear,Injury (Complaint of Pain),Vehicle/Pedestrian,Pedestrian,Crossing in Crosswalk at Intersection,Dry,No Unusual Condition,Daylight,Intersection <= 20ft,0.0,1,1.0,Driver,East,Making Left Turn,Pedestrian,North,Proceeding Straight,POINT (-122.47398 37.780575),5.0,8.0,4.0,29.0,11
20967,vw_geo_sfpd_cr_switrs_all_types_col_cty_union.fid-c18a0c2_186644fdb18_-60,53029,20639000.0,6236000.0,200334962,37.7244711256,-122.405575967,SFPD-INTERIM DB,CITY STREET,06/02/2020 06:50:00 PM,2020 June 02,18:50:00,2020,June,Tuesday,GOETTINGEN ST,WOOLSEY ST,4.0,Cloudy,Injury (Severe),Vehicle/Pedestrian,Pedestrian,Crossing in Crosswalk at Intersection,Dry,No Unusual Condition,Daylight,Intersection <= 20ft,0.0,1,1.0,Driver,North,Making Right Turn,Pedestrian,West,Proceeding Straight,POINT (-122.40558 37.724472),91.0,2.0,2.0,25.0,18
21010,vw_geo_sfpd_cr_switrs_all_types_col_cty_union.fid-c18a0c2_186644fdb18_1a1,53443,20660000.0,211101.0,200514017,37.7353744451,-122.390425172,SFPD-INTERIM DB,CITY STREET,08/26/2020 02:59:00 PM,2020 August 26,14:59:00,2020,August,Wednesday,03RD ST,NEWCOMB AVE,80.0,Clear,Injury (Other Visible),Vehicle/Pedestrian,Pedestrian,Crossing Not in Crosswalk,Dry,No Unusual Condition,Daylight,Midblock > 20ft,0.0,1,1.0,Driver,North,Proceeding Straight,Pedestrian,West,Proceeding Straight,POINT (-122.39043 37.735374),86.0,2.0,9.0,1.0,14
21019,vw_geo_sfpd_cr_switrs_all_types_col_cty_union.fid-c18a0c2_186644fdb18_3be,54150,27489000.0,4165000.0,200678817,37.7825078069,-122.474138201,SFPD-INTERIM DB,CITY STREET,11/10/2020 07:55:00 AM,2020 November 10,07:55:00,2020,November,Tuesday,CLEMENT ST,15TH AVE,8.0,Clear,Injury (Other Visible),Vehicle/Pedestrian,Pedestrian,Crossing in Crosswalk at Intersection,Dry,No Unusual Condition,Daylight,Intersection <= 20ft,0.0,1,1.0,Driver,West,Making Left Turn,Pedestrian,South,Not Stated,POINT (-122.47414 37.78251),5.0,8.0,4.0,29.0,07
21036,vw_geo_sfpd_cr_switrs_all_types_col_cty_union.fid-c18a0c2_186644fdb18_b9,53342,25284000.0,,200437334,37.7965957029,-122.416839399,SFPD-INTERIM DB,CITY STREET,07/21/2020 07:20:00 PM,2020 July 21,19:20:00,2020,July,Tuesday,LEAVENWORTH ST,BROADWAY,0.0,Clear,Injury (Other Visible),Vehicle/Pedestrian,Pedestrian,"In Road, Including Shoulder",Dry,No Unusual Condition,Daylight,Intersection <= 20ft,0.0,1,1.0,Pedestrian,South,Proceeding Straight,Driver,North,Making U Turn,POINT (-122.41684 37.796597),107.0,6.0,3.0,32.0,19
21042,vw_geo_sfpd_cr_switrs_all_types_col_cty_union.fid-c18a0c2_186644fdb18_d00,55326,24632000.0,252000.0,210403024,37.7844459308,-122.40422493,SFPD-INTERIM DB,CITY STREET,06/27/2021 06:00:00 PM,2021 June 27,18:00:00,2021,June,Sunday,04TH ST,MISSION ST,17.0,Clear,Injury (Complaint of Pain),Vehicle/Pedestrian,Pedestrian,Crossing in Crosswalk at Intersection,Dry,No Unusual Condition,Daylight,Intersection <= 20ft,0.0,1,1.0,Pedestrian,East,Proceeding Straight,Driver,South,Making Right Turn,POINT (-122.40423 37.784447),32.0,1.0,10.0,34.0,18
21049,vw_geo_sfpd_cr_switrs_all_types_col_cty_union.fid-c18a0c2_186644fdb18_-270,52730,23592000.0,12547101.0,200138952,37.7819618029,-122.388392123,SFPD-INTERIM DB,CITY STREET,02/24/2020 12:38:00 PM,2020 February 24,12:38:00,2020,February,Monday,THE EMBARCADERO,TOWNSEND ST,67.0,Clear,Injury (Severe),Vehicle/Pedestrian,Pedestrian,"In Road, Including Shoulder",Dry,No Unusual Condition,Daylight,Midblock > 20ft,0.0,1,,Driver,North,Proceeding Straight,Pedestrian,North,Other,POINT (-122.38839 37.781963),31.0,1.0,10.0,8.0,12
21050,vw_geo_sfpd_cr_switrs_all_types_col_cty_union.fid-c18a0c2_186644fdb18_2a4,53869,24106000.0,,200602929,37.7537030936,-122.420812136,SFPD-INTERIM DB,CITY STREET,10/06/2020 06:06:00 PM,2020 October 06,18:06:00,2020,October,Tuesday,VALENCIA ST,23RD ST,0.0,Clear,Injury (Complaint of Pain),Vehicle/Pedestrian,Pedestrian,"In Road, Including Shoulder",Dry,No Unusual Condition,Daylight,Intersection <= 20ft,0.0,1,1.0,Pedestrian,East,Other,Driver,South,Proceeding Straight,POINT (-122.420815 37.753704),53.0,3.0,5.0,20.0,18
21061,vw_geo_sfpd_cr_switrs_all_types_col_cty_union.fid-c18a0c2_186644fdb18_-3c9,52599,21764000.0,,200045335,37.7282494656,-122.431800802,SFPD-INTERIM DB,CITY STREET,01/18/2020 03:20:00 PM,2020 January 18,15:20:00,2020,January,Saturday,TINGLEY ST,MISSION ST,0.0,Clear,Injury (Other Visible),Vehicle/Pedestrian,Pedestrian,Crossing in Crosswalk at Intersection,Dry,No Unusual Condition,Daylight,Intersection <= 20ft,0.0,1,1.0,Driver,East,Making Right Turn,Pedestrian,North,Proceeding Straight,POINT (-122.4318 37.72825),90.0,9.0,1.0,28.0,15
21070,vw_geo_sfpd_cr_switrs_all_types_col_cty_union.fid-c18a0c2_186644fdb18_-44c,52558,33273000.0,,200024458,37.7252351119,-122.402600411,SFPD-INTERIM DB,CITY STREET,01/10/2020 03:36:00 PM,2020 January 10,15:36:00,2020,January,Friday,WOOLSEY ST,SAN BRUNO AVE,0.0,Clear,Injury (Complaint of Pain),Vehicle/Pedestrian,Pedestrian,Crossing in Crosswalk at Intersection,Dry,No Unusual Condition,Daylight,Intersection <= 20ft,0.0,1,1.0,Driver,West,Backing,Pedestrian,South,Other,POINT (-122.4026 37.725235),91.0,2.0,2.0,25.0,15
21072,vw_geo_sfpd_cr_switrs_all_types_col_cty_union.fid-c18a0c2_186644fdb18_349,54036,21916000.000000004,,200648525,37.7476958532,-122.427045476,SFPD-INTERIM DB,CITY STREET,10/27/2020 01:49:00 PM,2020 October 27,13:49:00,2020,October,Tuesday,CHURCH ST,CESAR CHAVEZ ST,0.0,Clear,Injury (Complaint of Pain),Vehicle/Pedestrian,Pedestrian,Crossing in Crosswalk at Intersection,Dry,No Unusual Condition,Daylight,Intersection <= 20ft,0.0,1,1.0,Driver,South,Proceeding Straight,Pedestrian,East,Proceeding Straight,POINT (-122.42705 37.747696),84.0,3.0,5.0,22.0,13