,id,unique_id,cnn_intrsctn_fkey,cnn_sgmt_fkey,case_id_pkey,tb_latitude,tb_longitude,geocode_source,geocode_location,collision_datetime,collision_date,collision_time,accident_year,month,day_of_week,primary_rd,secondary_rd,distance,weather_1,collision_severity,type_of_collision,mviw,ped_action,road_surface,road_cond_1,lighting,intersection,number_killed,number_injured,party_at_fault,party1_type,party1_dir_of_travel,party1_move_pre_acc,party2_type,party2_dir_of_travel,party2_move_pre_acc,point,Neighborhoods,Current Police Districts,Current Supervisor Districts,Analysis Neighborhoods,hour
21081,vw_geo_sfpd_cr_switrs_all_types_col_cty_union.fid-c18a0c2_186644fdb18_7e0,54635,23506000.0,,210013548,37.7416730163,-122.506865452,SFPD-INTERIM DB,CITY STREET,01/07/2021 07:10:00 AM,2021 January 07,07:10:00,2021,January,Thursday,GREAT HWY,TARAVAL ST,0.0,Clear,Injury (Complaint of Pain),Vehicle/Pedestrian,Pedestrian,Crossing in Crosswalk at Intersection,Dry,No Unusual Condition,Dusk - Dawn,Intersection <= 20ft,0.0,1,1.0,Driver,South,Proceeding Straight,Pedestrian,West,Proceeding Straight,POINT (-122.50687 37.741673),39.0,10.0,7.0,35.0,07
21085,vw_geo_sfpd_cr_switrs_all_types_col_cty_union.fid-c18a0c2_186644fdb18_7cc,55033,25703000.0,,210009791,37.7630308702,-122.426228478,SFPD-INTERIM DB,CITY STREET,01/05/2021 12:32:00 PM,2021 January 05,12:32:00,2021,January,Tuesday,17TH ST,DOLORES ST,0.0,Clear,Injury (Complaint of Pain),Broadside,Pedestrian,"In Road, Including Shoulder",Dry,No Unusual Condition,Daylight,Intersection <= 20ft,0.0,1,1.0,Driver,North,Backing,Pedestrian,East,Parked,POINT (-122.42623 37.76303),37.0,3.0,5.0,5.0,12
21091,vw_geo_sfpd_cr_switrs_all_types_col_cty_union.fid-c18a0c2_186644fdb18_8e8,2287,22208000.0,6356000.0,170075981,37.7200399492826,-122.453360356515,SFPD-CROSSROADS,CITY STREET,01/27/2017 08:12:00 PM,2017 January 27,20:12:00,2017,January,Friday,GRAFTON AVE,HAROLD AVE,78.0,Clear,Injury (Other Visible),Broadside,Pedestrian,Crossing Not in Crosswalk,Dry,No Unusual Condition,Dark - Street Lights,Midblock > 20ft,0.0,1,,Pedestrian,North,Other,Driver,West,Proceeding Straight,POINT (-122.45336 37.72004),64.0,10.0,1.0,24.0,20
21110,vw_geo_sfpd_cr_switrs_all_types_col_cty_union.fid-c18a0c2_186644fdb18_e32,57153,54125000.0,,210557201,37.7851218536548,-122.403501281766,SFPD-INTERIM DB,CITY STREET,08/30/2021 04:45:00 PM,2021 August 30,16:45:00,2021,August,Monday,MISSION ST,YERBA BUENA LN,0.0,Clear,Injury (Complaint of Pain),Vehicle/Pedestrian,Pedestrian,Crossing in Crosswalk at Intersection,Dry,No Unusual Condition,Daylight,Intersection <= 20ft,0.0,1,,Driver,North,Backing,Pedestrian,North,Stopped,POINT (-122.4035 37.785122),32.0,1.0,10.0,8.0,16
21114,vw_geo_sfpd_cr_switrs_all_types_col_cty_union.fid-c18a0c2_186644fdb18_3ea,54245,21725000.0,,200706634,37.7227637306,-122.435208401,SFPD-INTERIM DB,CITY STREET,11/22/2020 06:25:00 PM,2020 November 22,18:25:00,2020,November,Sunday,PERSIA AVE,LONDON ST,0.0,Clear,Injury (Complaint of Pain),Vehicle/Pedestrian,Pedestrian,Crossing in Crosswalk at Intersection,Dry,No Unusual Condition,Dark - Street Lights,Intersection <= 20ft,0.0,1,,Driver,South,Stopped,Pedestrian,West,Proceeding Straight,POINT (-122.43521 37.722763),90.0,9.0,1.0,7.0,18
21121,vw_geo_sfpd_cr_switrs_all_types_col_cty_union.fid-c18a0c2_186644fdb18_820,54492,26717000.0,9899000.0,210030661,37.7979199808,-122.42891288,SFPD-INTERIM DB,CITY STREET,01/14/2021 02:07:00 PM,2021 January 14,14:07:00,2021,January,Thursday,OCTAVIA ST,UNION ST,2.0,Clear,Injury (Complaint of Pain),Vehicle/Pedestrian,Pedestrian,Crossing in Crosswalk at Intersection,Dry,No Unusual Condition,Daylight,Intersection <= 20ft,0.0,1,1.0,Driver,South,Making Left Turn,Pedestrian,East,Proceeding Straight,POINT (-122.42891 37.79792),15.0,4.0,6.0,13.0,14
21124,vw_geo_sfpd_cr_switrs_all_types_col_cty_union.fid-c18a0c2_186644fdb18_e4e,56081,24101000.0,,210565016,37.7521036455,-122.4206648,SFPD-INTERIM DB,CITY STREET,09/02/2021 03:35:00 PM,2021 September 02,15:35:00,2021,September,Thursday,VALENCIA ST,24TH ST,0.0,Clear,Injury (Complaint of Pain),Vehicle/Pedestrian,Pedestrian,Crossing in Crosswalk at Intersection,Dry,No Unusual Condition,Daylight,Intersection <= 20ft,0.0,0,1.0,Driver,South,Making Right Turn,Pedestrian,East,Proceeding Straight,POINT (-122.42066 37.7521),53.0,3.0,2.0,20.0,15
21127,vw_geo_sfpd_cr_switrs_all_types_col_cty_union.fid-c18a0c2_186644fdb18_-123,52845,23128000.000000004,,200263656,37.7323546945,-122.483634953,SFPD-INTERIM DB,CITY STREET,04/27/2020 07:52:00 PM,2020 April 27,19:52:00,2020,April,Monday,OCEAN AVE,FOREST VIEW DR,0.0,Clear,Injury (Other Visible),Vehicle/Pedestrian,Pedestrian,Crossing in Crosswalk at Intersection,Dry,No Unusual Condition,Daylight,Intersection <= 20ft,0.0,1,1.0,Driver,West,Proceeding Straight,Pedestrian,North,Proceeding Straight,POINT (-122.483635 37.732353),62.0,10.0,8.0,35.0,19
21142,vw_geo_sfpd_cr_switrs_all_types_col_cty_union.fid-c18a0c2_186644fdb18_-3ba,52605,22595000.0,,200049371,37.7200210596,-122.460218175,SFPD-INTERIM DB,CITY STREET,01/20/2020 03:00:00 PM,2020 January 20,15:00:00,2020,January,Monday,GRAFTON AVE,FAXON AVE,0.0,Clear,Injury (Other Visible),Sideswipe,Pedestrian,"In Road, Including Shoulder",Dry,No Unusual Condition,Daylight,Intersection <= 20ft,0.0,1,1.0,Pedestrian,East,Proceeding Straight,Driver,East,Proceeding Straight,POINT (-122.46022 37.72002),64.0,10.0,1.0,24.0,15
21157,vw_geo_sfpd_cr_switrs_all_types_col_cty_union.fid-c18a0c2_186644fdb18_4a5,54330,25942000.0,,200738869,37.7806116214,-122.423730984,SFPD-INTERIM DB,CITY STREET,12/07/2020 06:20:00 PM,2020 December 07,18:20:00,2020,December,Monday,GOUGH ST,GOLDEN GATE AVE,0.0,Clear,Injury (Complaint of Pain),Vehicle/Pedestrian,Pedestrian,Crossing in Crosswalk at Intersection,Dry,No Unusual Condition,Dark - Street Lights,Intersection <= 20ft,0.0,1,1.0,Driver,East,Making Left Turn,Pedestrian,North,Proceeding Straight,POINT (-122.42373 37.780613),100.0,4.0,11.0,39.0,18
21164,vw_geo_sfpd_cr_switrs_all_types_col_cty_union.fid-c18a0c2_186644fdb18_da6,55704,20213000.0,,210498047,37.7363901948,-122.390145052,SFPD-INTERIM DB,CITY STREET,08/05/2021 10:09:00 PM,2021 August 05,22:09:00,2021,August,Thursday,MCKINNON AVE,03RD ST,0.0,Clear,Injury (Other Visible),Vehicle/Pedestrian,Pedestrian,Crossing in Crosswalk at Intersection,Dry,No Unusual Condition,Dark - Street Lights,Intersection <= 20ft,0.0,1,1.0,Driver,East,Making Left Turn,Pedestrian,South,Proceeding Straight,POINT (-122.390144 37.73639),86.0,2.0,9.0,1.0,22
21169,vw_geo_sfpd_cr_switrs_all_types_col_cty_union.fid-c18a0c2_186644fdb18_1c1,53462,23922000.0,337000.0,200527599,37.7776938109,-122.404598174,SFPD-INTERIM DB,CITY STREET,09/02/2020 07:00:00 AM,2020 September 02,07:00:00,2020,September,Wednesday,06TH ST,CLARA ST,3.0,Clear,Injury (Severe),Vehicle/Pedestrian,Pedestrian,Crossing Not in Crosswalk,Dry,No Unusual Condition,Daylight,Intersection <= 20ft,0.0,1,1.0,Driver,South,Proceeding Straight,Pedestrian,West,Not Stated,POINT (-122.404594 37.777695),32.0,1.0,10.0,34.0,07
21175,vw_geo_sfpd_cr_switrs_all_types_col_cty_union.fid-c18a0c2_186644fdb18_d77,56313,30742000.0,,210475001,37.7804785115,-122.412512255,SFPD-INTERIM DB,CITY STREET,07/27/2021 02:15:00 PM,2021 July 27,14:15:00,2021,July,Tuesday,MARKET ST,07TH ST,0.0,Clear,Injury (Complaint of Pain),Vehicle/Pedestrian,Pedestrian,Crossing in Crosswalk at Intersection,Dry,No Unusual Condition,Daylight,Intersection <= 20ft,0.0,1,1.0,Driver,West,Making Left Turn,Pedestrian,South,Proceeding Straight,POINT (-122.41251 37.78048),32.0,5.0,10.0,34.0,14
21179,vw_geo_sfpd_cr_switrs_all_types_col_cty_union.fid-c18a0c2_186644fdb18_53b,54430,20659000.0,,200774603,37.7347973597,-122.390693773,SFPD-INTERIM DB,CITY STREET,12/24/2020 09:52:00 AM,2020 December 24,09:52:00,2020,December,Thursday,03RD ST,OAKDALE AVE,0.0,Clear,Injury (Complaint of Pain),Broadside,Pedestrian,Crossing in Crosswalk at Intersection,Dry,No Unusual Condition,Daylight,Intersection <= 20ft,0.0,1,1.0,Driver,East,Proceeding Straight,Pedestrian,North,Proceeding Straight,POINT (-122.39069 37.7348),86.0,2.0,9.0,1.0,09
21182,vw_geo_sfpd_cr_switrs_all_types_col_cty_union.fid-c18a0c2_186644fdb18_-3e9,52582,25775000.0,,200039770,37.7576230975,-122.435807989,SFPD-INTERIM DB,CITY STREET,01/16/2020 04:10:00 PM,2020 January 16,16:10:00,2020,January,Thursday,COLLINGWOOD ST,20TH ST,0.0,Cloudy,Injury (Complaint of Pain),Vehicle/Pedestrian,Pedestrian,Crossing in Crosswalk at Intersection,Wet,No Unusual Condition,Daylight,Intersection <= 20ft,0.0,1,1.0,Driver,North,Proceeding Straight,Pedestrian,East,Proceeding Straight,POINT (-122.43581 37.75762),115.0,3.0,5.0,5.0,16
21183,vw_geo_sfpd_cr_switrs_all_types_col_cty_union.fid-c18a0c2_186644fdb18_-2bf,52281,23792000.0,270002.0,200117489,37.7752822409,-122.392685021,SFPD-INTERIM DB,CITY STREET,02/16/2020 09:10:00 AM,2020 February 16,09:10:00,2020,February,Sunday,04TH ST,BERRY ST,267.0,Clear,Injury (Complaint of Pain),Vehicle/Pedestrian,Pedestrian,Not in Road,Dry,No Unusual Condition,Daylight,Midblock > 20ft,0.0,1,1.0,Driver,North,Proceeding Straight,Pedestrian,South,Proceeding Straight,POINT (-122.392685 37.775284),34.0,1.0,10.0,4.0,09
21196,vw_geo_sfpd_cr_switrs_all_types_col_cty_union.fid-c18a0c2_186644fdb18_d1b,56379,24293000.0,328000.0,210422030,37.7810779209,-122.408842866,SFPD-INTERIM DB,CITY STREET,07/05/2021 12:59:00 PM,2021 July 05,12:59:00,2021,July,Monday,06TH ST,MISSION ST,55.0,Clear,Injury (Other Visible),Sideswipe,Pedestrian,"In Road, Including Shoulder",Dry,No Unusual Condition,Daylight,Midblock > 20ft,0.0,1,1.0,Pedestrian,North,Proceeding Straight,Driver,South,Proceeding Straight,POINT (-122.408844 37.78108),32.0,5.0,10.0,34.0,12
21204,vw_geo_sfpd_cr_switrs_all_types_col_cty_union.fid-c18a0c2_186644fdb18_a25,54878,24421000.0,,210180200,37.7743252877,-122.417104136,SFPD-INTERIM DB,CITY STREET,03/22/2021 03:26:00 PM,2021 March 22,15:26:00,2021,March,Monday,11TH ST,MISSION ST,0.0,Clear,Injury (Other Visible),Vehicle/Pedestrian,Pedestrian,"In Road, Including Shoulder",Dry,No Unusual Condition,Daylight,Intersection <= 20ft,0.0,1,1.0,Driver,West,Proceeding Straight,Pedestrian,South,Making Left Turn,POINT (-122.41711 37.774326),32.0,1.0,10.0,20.0,15
21206,vw_geo_sfpd_cr_switrs_all_types_col_cty_union.fid-c18a0c2_186644fdb18_f7c,41324,27441000.0,4538201.0,170194810,37.7660865145294,-122.477382498895,SFPD-CROSSROADS,CITY STREET,03/09/2017 08:47:00 AM,2017 March 09,08:47:00,2017,March,Thursday,CROSSOVER DR,MARTIN LUTHER KING JR DR,11.0,Clear,Injury (Complaint of Pain),Vehicle/Pedestrian,Pedestrian,Crossing in Crosswalk at Intersection,Dry,No Unusual Condition,Daylight,Intersection <= 20ft,0.0,1,1.0,Driver,North,Making Left Turn,Pedestrian,East,Other,POINT (-122.47738 37.766087),9.0,8.0,4.0,12.0,08
21216,vw_geo_sfpd_cr_switrs_all_types_col_cty_union.fid-c18a0c2_186644fdb18_b13,55077,24935000.0,,210258095,37.7837237831,-122.414241573,SFPD-INTERIM DB,CITY STREET,04/27/2021 04:01:00 PM,2021 April 27,16:01:00,2021,April,Tuesday,LEAVENWORTH ST,EDDY ST,0.0,Clear,Injury (Other Visible),Vehicle/Pedestrian,Pedestrian,Crossing in Crosswalk at Intersection,Dry,No Unusual Condition,Daylight,Intersection <= 20ft,0.0,1,1.0,Driver,North,Making Right Turn,Pedestrian,East,Not Stated,POINT (-122.41424 37.783722),20.0,5.0,10.0,36.0,16
21227,vw_geo_sfpd_cr_switrs_all_types_col_cty_union.fid-c18a0c2_186644fdb18_1033,21146,25965000.0,,150126582,37.7776999251786,-122.431574642304,SFPD-CROSSROADS,CITY STREET,02/10/2015 06:39:00 PM,2015 February 10,18:39:00,2015,February,Tuesday,FULTON ST,FILLMORE ST,0.0,Clear,Injury (Complaint of Pain),Vehicle/Pedestrian,Pedestrian,Crossing in Crosswalk at Intersection,Dry,No Unusual Condition,Dark - Street Lights,Intersection <= 20ft,0.0,1,1.0,Driver,East,Making Left Turn,Pedestrian,North,Proceeding Straight,POINT (-122.43157 37.7777),22.0,4.0,11.0,9.0,18
21231,vw_geo_sfpd_cr_switrs_all_types_col_cty_union.fid-c18a0c2_186644fdb18_c42,55392,23803000.0,,210349917,37.7818461703,-122.392077449,SFPD-INTERIM DB,CITY STREET,06/05/2021 11:00:00 PM,2021 June 05,23:00:00,2021,June,Saturday,BRANNAN ST,02ND ST,0.0,Clear,Injury (Complaint of Pain),Vehicle/Pedestrian,Pedestrian,Crossing in Crosswalk at Intersection,Dry,No Unusual Condition,Dusk - Dawn,Intersection <= 20ft,0.0,1,1.0,Driver,North,Making Left Turn,Pedestrian,West,Proceeding Straight,POINT (-122.392075 37.781845),31.0,1.0,10.0,8.0,23
21233,vw_geo_sfpd_cr_switrs_all_types_col_cty_union.fid-c18a0c2_186644fdb18_b4d,35207,26741000.0,3974000.0,150845009,37.8012371917871,-122.432945878006,SFPD-CROSSROADS,CITY STREET,09/26/2015 03:48:00 PM,2015 September 26,15:48:00,2015,September,Saturday,CHESTNUT ST,BUCHANAN ST,3.0,Clear,Injury (Complaint of Pain),Vehicle/Pedestrian,Pedestrian,Crossing in Crosswalk at Intersection,Dry,No Unusual Condition,Daylight,Intersection <= 20ft,0.0,1,,Driver,West,Parking Maneuver,Pedestrian,West,Not Stated,POINT (-122.432945 37.80124),17.0,4.0,6.0,13.0,15
21241,vw_geo_sfpd_cr_switrs_all_types_col_cty_union.fid-c18a0c2_186644fdb18_411,54226,25858000.0,13359000.0,200700048,37.7719854319,-122.423828865,SFPD-INTERIM DB,CITY STREET,11/19/2020 06:02:00 PM,2020 November 19,18:02:00,2020,November,Thursday,WALLER ST,OCTAVIA ST,30.0,Clear,Injury (Complaint of Pain),Vehicle/Pedestrian,Pedestrian,Crossing Not in Crosswalk,Dry,No Unusual Condition,Dark - Street Lights,Midblock > 20ft,0.0,1,1.0,Driver,West,Backing,Pedestrian,South,Proceeding Straight,POINT (-122.42383 37.771984),27.0,7.0,5.0,9.0,18
21243,vw_geo_sfpd_cr_switrs_all_types_col_cty_union.fid-c18a0c2_186644fdb18_-66a,28518,25030000.0,7373000.0,160383562,37.795999242211,-122.40685547274,SFPD-CROSSROADS,CITY STREET,05/10/2016 05:50:00 PM,2016 May 10,17:50:00,2016,May,Tuesday,JACKSON ST,GRANT AVE,59.0,Clear,Injury (Complaint of Pain),Vehicle/Pedestrian,Pedestrian,Crossing in Crosswalk Not at Intersection,Dry,No Unusual Condition,Daylight,Midblock > 20ft,0.0,1,,Driver,East,Backing,Pedestrian,East,Other,POINT (-122.40685 37.795998),104.0,6.0,3.0,6.0,17
21257,vw_geo_sfpd_cr_switrs_all_types_col_cty_union.fid-c18a0c2_186644fdb18_805,54634,25138000.0,,210024404,37.783515641,-122.415882538,SFPD-INTERIM DB,CITY STREET,01/11/2021 11:07:00 PM,2021 January 11,23:07:00,2021,January,Monday,HYDE ST,EDDY ST,0.0,Clear,Injury (Complaint of Pain),Vehicle/Pedestrian,Pedestrian,Crossing in Crosswalk at Intersection,Dry,No Unusual Condition,Dark - Street Lights,Intersection <= 20ft,0.0,1,1.0,Driver,South,Making Right Turn,Pedestrian,East,Not Stated,POINT (-122.415886 37.783516),20.0,5.0,10.0,36.0,23
21260,vw_geo_sfpd_cr_switrs_all_types_col_cty_union.fid-c18a0c2_186644fdb18_-285,52355,24084000.0,3678000.0,200132261,37.7564440456,-122.417749061,SFPD-INTERIM DB,CITY STREET,02/21/2020 07:51:00 PM,2020 February 21,19:51:00,2020,February,Friday,CAPP ST,21ST ST,240.0,Clear,Injury (Complaint of Pain),Head-On,Pedestrian,Crossing Not in Crosswalk,Dry,No Unusual Condition,Dark - No Street Lights,Midblock > 20ft,0.0,2,1.0,Driver,South,Proceeding Straight,Pedestrian,North,Other,POINT (-122.41775 37.756443),53.0,3.0,2.0,20.0,19
21269,vw_geo_sfpd_cr_switrs_all_types_col_cty_union.fid-c18a0c2_186644fdb18_-63e,28568,25014000.000000004,,170505104,37.7938519289373,-122.409541048883,SFPD-CROSSROADS,CITY STREET,06/21/2017 10:58:00 AM,2017 June 21,10:58:00,2017,June,Wednesday,POWELL ST,CLAY ST,0.0,Clear,Injury (Other Visible),Vehicle/Pedestrian,Pedestrian,Crossing in Crosswalk at Intersection,Dry,No Unusual Condition,Daylight,Intersection <= 20ft,0.0,1,1.0,Driver,South,Making Right Turn,Pedestrian,West,Not Stated,POINT (-122.40954 37.793854),104.0,6.0,3.0,6.0,10
21273,vw_geo_sfpd_cr_switrs_all_types_col_cty_union.fid-c18a0c2_186644fdb18_44,53193,25157000.0,,200395243,37.7874538442,-122.414995423,SFPD-INTERIM DB,CITY STREET,07/02/2020 08:27:00 AM,2020 July 02,08:27:00,2020,July,Thursday,LEAVENWORTH ST,POST ST,0.0,Clear,Injury (Other Visible),Vehicle/Pedestrian,Pedestrian,Crossing in Crosswalk at Intersection,Dry,No Unusual Condition,Daylight,Intersection <= 20ft,0.0,1,1.0,Pedestrian,East,Other,Driver,North,Proceeding Straight,POINT (-122.41499 37.787453),50.0,6.0,3.0,36.0,08
21282,vw_geo_sfpd_cr_switrs_all_types_col_cty_union.fid-c18a0c2_186644fdb18_108e,57002,27464000.0,,210851445,37.7704958791085,-122.479895427476,SFPD-INTERIM DB,CITY STREET,12/25/2021 08:48:00 AM,2021 December 25,08:48:00,2021,December,Saturday,JOHN F KENNEDY DR,TRANSVERSE DR,0.0,Raining,Injury (Other Visible),Vehicle/Pedestrian,Pedestrian,Crossing in Crosswalk at Intersection,Wet,No Unusual Condition,Daylight,Intersection <= 20ft,0.0,1,1.0,Driver,South,Slowing/Stopping,Pedestrian,West,Proceeding Straight,POINT (-122.4799 37.770496),9.0,8.0,4.0,12.0,08
21285,vw_geo_sfpd_cr_switrs_all_types_col_cty_union.fid-c18a0c2_186644fdb18_e8a,55908,20188000.0,,210593954,37.733631794,-122.382279349,SFPD-INTERIM DB,CITY STREET,09/14/2021 06:27:00 AM,2021 September 14,06:27:00,2021,September,Tuesday,WHITNEY YOUNG CIR,HUDSON AVE,0.0,Clear,Injury (Other Visible),Vehicle/Pedestrian,Pedestrian,Crossing in Crosswalk at Intersection,Dry,No Unusual Condition,Dusk - Dawn,Intersection <= 20ft,0.0,1,1.0,Driver,South,Making Right Turn,Pedestrian,East,Proceeding Straight,POINT (-122.38228 37.73363),86.0,2.0,9.0,1.0,06
21291,vw_geo_sfpd_cr_switrs_all_types_col_cty_union.fid-c18a0c2_186644fdb18_ca0,55299,25683000.0,,210379328,37.7598296135,-122.425920302,SFPD-INTERIM DB,CITY STREET,06/17/2021 09:08:00 PM,2021 June 17,21:08:00,2021,June,Thursday,DOLORES ST,19TH ST,0.0,Clear,Injury (Severe),Vehicle/Pedestrian,Pedestrian,Crossing in Crosswalk at Intersection,Dry,No Unusual Condition,Dark - Street Lights,Intersection <= 20ft,0.0,1,1.0,Driver,West,Making Left Turn,Pedestrian,East,Proceeding Straight,POINT (-122.42592 37.75983),37.0,3.0,5.0,5.0,21
21299,vw_geo_sfpd_cr_switrs_all_types_col_cty_union.fid-c18a0c2_186644fdb18_8d9,54917,30732000.0,8742201.0,210079421,37.7908149188,-122.39949209,SFPD-INTERIM DB,CITY STREET,02/04/2021 01:41:00 PM,2021 February 04,13:41:00,2021,February,Thursday,MARKET ST,BATTERY ST,5.0,Clear,Injury (Complaint of Pain),Broadside,Pedestrian,Crossing Not in Crosswalk,Dry,No Unusual Condition,Daylight,Intersection <= 20ft,0.0,1,1.0,Pedestrian,South,Entering Traffic,Bicyclist,West,Proceeding Straight,POINT (-122.39949 37.790813),108.0,6.0,10.0,8.0,13
21301,vw_geo_sfpd_cr_switrs_all_types_col_cty_union.fid-c18a0c2_186644fdb18_-411,29665,26594000.0,6042201.0,130350303,37.7841728419479,-122.434610048007,SFPD-CROSSROADS,CITY STREET,04/29/2013 04:15:00 PM,2013 April 29,16:15:00,2013,April,Monday,GEARY BLVD,STEINER ST,20.0,Clear,Injury (Complaint of Pain),Head-On,Pedestrian,Crossing Not in Crosswalk,Dry,No Unusual Condition,Daylight,Intersection <= 20ft,0.0,1,1.0,Pedestrian,North,Other,Driver,West,Proceeding Straight,POINT (-122.43461 37.784172),103.0,4.0,11.0,39.0,16
21305,vw_geo_sfpd_cr_switrs_all_types_col_cty_union.fid-c18a0c2_186644fdb18_-364,52129,24020000.0,,200071528,37.7644878292,-122.407419738,SFPD-INTERIM DB,CITY STREET,01/29/2020 04:17:00 AM,2020 January 29,04:17:00,2020,January,Wednesday,POTRERO AVE,17TH ST,0.0,Clear,Injury (Severe),Vehicle/Pedestrian,Pedestrian,Crossing Not in Crosswalk,Dry,No Unusual Condition,Dark - Street Lights,Intersection <= 20ft,0.0,1,1.0,Pedestrian,East,Proceeding Straight,Driver,South,Proceeding Straight,POINT (-122.40742 37.76449),53.0,3.0,9.0,20.0,04
21308,vw_geo_sfpd_cr_switrs_all_types_col_cty_union.fid-c18a0c2_186644fdb18_-4cf,12929,25983000.0,3785000.0,171014174,37.766504617809,-122.435545908193,SFPD-CROSSROADS,CITY STREET,12/15/2017 05:45:00 PM,2017 December 15,17:45:00,2017,December,Friday,CASTRO ST,HENRY ST,8.0,Clear,Injury (Other Visible),Vehicle/Pedestrian,Pedestrian,Crossing in Crosswalk at Intersection,Dry,No Unusual Condition,Dark - Street Lights,Intersection <= 20ft,0.0,2,1.0,Driver,North,Proceeding Straight,Pedestrian,East,Proceeding Straight,POINT (-122.43555 37.766506),113.0,7.0,5.0,5.0,17
21310,vw_geo_sfpd_cr_switrs_all_types_col_cty_union.fid-c18a0c2_186644fdb18_fc4,41423,27680000.0,9666000.0,140884819,37.7535799113272,-122.491461896346,SFPD-CROSSROADS,CITY STREET,10/19/2014 03:00:00 PM,2014 October 19,15:00:00,2014,October,Sunday,NORIEGA ST,33RD AVE,4.0,Clear,Injury (Other Visible),Broadside,Pedestrian,Crossing in Crosswalk at Intersection,Dry,No Unusual Condition,Daylight,Intersection <= 20ft,0.0,1,1.0,Pedestrian,West,Proceeding Straight,Pedestrian,South,Proceeding Straight,POINT (-122.49146 37.75358),39.0,10.0,7.0,35.0,15
21311,vw_geo_sfpd_cr_switrs_all_types_col_cty_union.fid-c18a0c2_186644fdb18_-215,52410,27145000.0,,200162183,37.7603115582,-122.466050388,SFPD-INTERIM DB,CITY STREET,03/04/2020 08:47:00 AM,2020 March 04,08:47:00,2020,March,Wednesday,09TH AVE,KIRKHAM ST,0.0,Clear,Injury (Complaint of Pain),Vehicle/Pedestrian,Pedestrian,Crossing in Crosswalk at Intersection,Dry,No Unusual Condition,Daylight,Intersection <= 20ft,0.0,1,1.0,Driver,East,Making Left Turn,Pedestrian,North,Proceeding Straight,POINT (-122.46605 37.76031),109.0,10.0,8.0,14.0,08
21316,vw_geo_sfpd_cr_switrs_all_types_col_cty_union.fid-c18a0c2_186644fdb18_a08,54808,27247000.0,4151000.0,210174344,37.7831043711,-122.460838057,SFPD-INTERIM DB,CITY STREET,03/19/2021 03:20:00 PM,2021 March 19,15:20:00,2021,March,Friday,CLEMENT ST,03RD AVE,107.0,Clear,Injury (Complaint of Pain),Vehicle/Pedestrian,Pedestrian,Crossing Not in Crosswalk,Dry,No Unusual Condition,Daylight,Midblock > 20ft,0.0,1,1.0,Driver,East,Proceeding Straight,Pedestrian,South,Proceeding Straight,POINT (-122.46084 37.783104),5.0,8.0,4.0,11.0,15
21342,vw_geo_sfpd_cr_switrs_all_types_col_cty_union.fid-c18a0c2_186644fdb18_329,54010,24233000.000000004,,200641234,37.77281216,-122.412824226,SFPD-INTERIM DB,CITY STREET,10/23/2020 07:06:00 PM,2020 October 23,19:06:00,2020,October,Friday,10TH ST,FOLSOM ST,0.0,Clear,Injury (Severe),Vehicle/Pedestrian,Pedestrian,"In Road, Including Shoulder",Dry,No Unusual Condition,Dark - Street Lights,Intersection <= 20ft,0.0,1,1.0,Pedestrian,South,Stopped,Driver,South,Proceeding Straight,POINT (-122.41283 37.77281),32.0,1.0,10.0,34.0,19
21364,vw_geo_sfpd_cr_switrs_all_types_col_cty_union.fid-c18a0c2_186644fdb18_-239,52390,52170000.0,4440000.0,200154544,37.7396278245,-122.40800449,SFPD-INTERIM DB,CITY STREET,03/01/2020 06:00:00 AM,2020 March 01,06:00:00,2020,March,Sunday,CORTLAND AVE,HILTON ST,105.0,Clear,Injury (Complaint of Pain),Vehicle/Pedestrian,Pedestrian,Crossing Not in Crosswalk,Dry,No Unusual Condition,Dark - No Street Lights,Midblock > 20ft,0.0,1,1.0,Pedestrian,South,Other,Driver,West,Proceeding Straight,POINT (-122.408005 37.739628),83.0,2.0,2.0,2.0,06
21366,vw_geo_sfpd_cr_switrs_all_types_col_cty_union.fid-c18a0c2_186644fdb18_174,53414,27444000.0,5919000.0,200499594,37.773140778,-122.471720635,SFPD-INTERIM DB,CITY STREET,08/19/2020 04:35:00 PM,2020 August 19,16:35:00,2020,August,Wednesday,FULTON ST,PARK PRESIDIO BLVD,12.0,Clear,Injury (Complaint of Pain),Vehicle/Pedestrian,Pedestrian,Crossing in Crosswalk at Intersection,Dry,No Unusual Condition,Daylight,Intersection <= 20ft,0.0,1,1.0,Driver,East,Making Right Turn,Pedestrian,North,Not Stated,POINT (-122.47172 37.77314),9.0,8.0,4.0,12.0,16
21374,vw_geo_sfpd_cr_switrs_all_types_col_cty_union.fid-c18a0c2_186644fdb18_-122,53751,24390000.0,,200263753,37.7717702499,-122.420344369,SFPD-INTERIM DB,CITY STREET,04/27/2020 08:53:00 PM,2020 April 27,20:53:00,2020,April,Monday,OTIS ST,MCCOPPIN ST,0.0,Clear,Injury (Complaint of Pain),Vehicle/Pedestrian,Pedestrian,"In Road, Including Shoulder",Dry,No Unusual Condition,Dark - Street Lights,Intersection <= 20ft,0.0,1,,Pedestrian,East,Other,Driver,South,Stopped,POINT (-122.42034 37.77177),32.0,1.0,10.0,20.0,20