,id,unique_id,cnn_intrsctn_fkey,cnn_sgmt_fkey,case_id_pkey,tb_latitude,tb_longitude,geocode_source,geocode_location,collision_datetime,collision_date,collision_time,accident_year,month,day_of_week,primary_rd,secondary_rd,distance,weather_1,collision_severity,type_of_collision,mviw,ped_action,road_surface,road_cond_1,lighting,intersection,number_killed,number_injured,party_at_fault,party1_type,party1_dir_of_travel,party1_move_pre_acc,party2_type,party2_dir_of_travel,party2_move_pre_acc,point,Neighborhoods,Current Police Districts,Current Supervisor Districts,Analysis Neighborhoods,hour
21375,vw_geo_sfpd_cr_switrs_all_types_col_cty_union.fid-c18a0c2_186644fdb18_d60,56262,24006000.0,,210463034,37.7592466412,-122.408903726,SFPD-INTERIM DB,CITY STREET,07/21/2021 09:50:00 PM,2021 July 21,21:50:00,2021,July,Wednesday,20TH ST,YORK ST,0.0,Clear,Injury (Complaint of Pain),Sideswipe,Pedestrian,Crossing in Crosswalk at Intersection,Dry,No Unusual Condition,Dark - Street Lights,Intersection <= 20ft,0.0,1,1.0,Driver,North,Making Left Turn,Pedestrian,North,Proceeding Straight,POINT (-122.408905 37.759247),53.0,3.0,9.0,20.0,21
21378,vw_geo_sfpd_cr_switrs_all_types_col_cty_union.fid-c18a0c2_186644fdb18_139,53503,24229000.0,,200480913,37.7706298541,-122.412479935,SFPD-INTERIM DB,CITY STREET,08/11/2020 10:28:00 AM,2020 August 11,10:28:00,2020,August,Tuesday,HARRISON ST,11TH ST,0.0,Cloudy,Injury (Complaint of Pain),Vehicle/Pedestrian,Pedestrian,Crossing in Crosswalk at Intersection,Dry,No Unusual Condition,Daylight,Intersection <= 20ft,0.0,1,1.0,Driver,West,Making Left Turn,Pedestrian,West,Proceeding Straight,POINT (-122.41248 37.77063),32.0,1.0,10.0,34.0,10
21404,vw_geo_sfpd_cr_switrs_all_types_col_cty_union.fid-c18a0c2_186644fdb18_fd6,41453,27697000.000000004,,160204673,37.7534138183296,-122.495226537849,SFPD-CROSSROADS,CITY STREET,03/10/2016 12:29:00 PM,2016 March 10,12:29:00,2016,March,Thursday,SUNSET BLVD,NORIEGA ST,0.0,Raining,Fatal,Vehicle/Pedestrian,Pedestrian,Crossing in Crosswalk at Intersection,Wet,No Unusual Condition,Daylight,Intersection <= 20ft,1.0,0,1.0,Pedestrian,West,Proceeding Straight,Driver,South,Proceeding Straight,POINT (-122.495224 37.753414),39.0,10.0,7.0,35.0,12
21414,vw_geo_sfpd_cr_switrs_all_types_col_cty_union.fid-c18a0c2_186644fdb18_5a3,1988,21735000.000000004,9172201.0,150129821,37.7201709516171,-122.438252196484,SFPD-CROSSROADS,CITY STREET,02/11/2015 06:00:00 PM,2015 February 11,18:00:00,2015,February,Wednesday,MISSION ST,FRANCE AVE,60.0,Clear,Injury (Complaint of Pain),Vehicle/Pedestrian,Pedestrian,Crossing Not in Crosswalk,Dry,No Unusual Condition,Dark - Street Lights,Midblock > 20ft,0.0,1,1.0,Pedestrian,West,Proceeding Straight,Driver,North,Making Left Turn,POINT (-122.438255 37.72017),80.0,9.0,1.0,28.0,18
21457,vw_geo_sfpd_cr_switrs_all_types_col_cty_union.fid-c18a0c2_186644fdb18_192,53664,24431000.0,,200508377,37.7816542624,-122.415505178,SFPD-INTERIM DB,CITY STREET,08/23/2020 10:38:00 PM,2020 August 23,22:38:00,2020,August,Sunday,GOLDEN GATE AVE,HYDE ST,0.0,Clear,Injury (Severe),Vehicle/Pedestrian,Pedestrian,Crossing Not in Crosswalk,Dry,No Unusual Condition,Dark - Street Lights,Intersection <= 20ft,0.0,1,1.0,Driver,East,Proceeding Straight,Pedestrian,North,Proceeding Straight,POINT (-122.415504 37.781654),21.0,5.0,10.0,36.0,22
21466,vw_geo_sfpd_cr_switrs_all_types_col_cty_union.fid-c18a0c2_186644fdb18_f61,56694,20770000.0,,210656405,37.7324386577961,-122.405607548138,SFPD-INTERIM DB,CITY STREET,10/08/2021 12:23:00 PM,2021 October 08,12:23:00,2021,October,Friday,SILVER AVE,SAN BRUNO AVE,0.0,Clear,Injury (Complaint of Pain),Vehicle/Pedestrian,Pedestrian,Crossing in Crosswalk at Intersection,Dry,No Unusual Condition,Daylight,Intersection <= 20ft,0.0,1,1.0,Driver,West,Proceeding Straight,Pedestrian,South,Proceeding Straight,POINT (-122.40561 37.732437),91.0,2.0,2.0,25.0,12
21491,vw_geo_sfpd_cr_switrs_all_types_col_cty_union.fid-c18a0c2_186644fdb18_1c9,53649,27526000.0,,200530148,37.7743387738,-122.486468647,SFPD-INTERIM DB,CITY STREET,09/03/2020 09:23:00 AM,2020 September 03,09:23:00,2020,September,Thursday,CABRILLO ST,27TH AVE,0.0,Clear,Injury (Complaint of Pain),Vehicle/Pedestrian,Pedestrian,"In Road, Including Shoulder",Dry,No Unusual Condition,Daylight,Intersection <= 20ft,0.0,1,1.0,Driver,West,Proceeding Straight,Pedestrian,West,Proceeding Straight,POINT (-122.486465 37.774338),8.0,8.0,4.0,29.0,09
21493,vw_geo_sfpd_cr_switrs_all_types_col_cty_union.fid-c18a0c2_186644fdb18_-cd,52904,21480000.0,9181000.0,200295552,37.7150218228,-122.4421916,SFPD-INTERIM DB,CITY STREET,05/14/2020 09:48:00 PM,2020 May 14,21:48:00,2020,May,Thursday,MISSION ST,POPE ST,187.0,Raining,Injury (Complaint of Pain),Vehicle/Pedestrian,Pedestrian,Crossing in Crosswalk Not at Intersection,Wet,No Unusual Condition,Dark - Street Lights,Midblock > 20ft,0.0,1,1.0,Pedestrian,West,Proceeding Straight,Driver,South,Proceeding Straight,POINT (-122.44219 37.715023),58.0,9.0,1.0,7.0,21
21494,vw_geo_sfpd_cr_switrs_all_types_col_cty_union.fid-c18a0c2_186644fdb18_384,54092,24158000.0,,200661511,37.7601012943,-122.421425213,SFPD-INTERIM DB,CITY STREET,11/02/2020 02:11:00 PM,2020 November 02,14:11:00,2020,November,Monday,VALENCIA ST,19TH ST,0.0,Clear,Injury (Severe),Head-On,Pedestrian,Crossing Not in Crosswalk,Dry,No Unusual Condition,Daylight,Intersection <= 20ft,0.0,1,1.0,Driver,South,Making Left Turn,Pedestrian,East,Proceeding Straight,POINT (-122.421425 37.7601),53.0,3.0,5.0,20.0,14
21498,vw_geo_sfpd_cr_switrs_all_types_col_cty_union.fid-c18a0c2_186644fdb18_7e4,54509,24285000.0,329000.0,210016978,37.7806404447,-122.408292872,SFPD-INTERIM DB,CITY STREET,01/08/2021 02:30:00 PM,2021 January 08,14:30:00,2021,January,Friday,06TH ST,MINNA ST,54.0,Clear,Injury (Severe),Vehicle/Pedestrian,Pedestrian,Crossing Not in Crosswalk,Dry,No Unusual Condition,Daylight,Midblock > 20ft,0.0,1,1.0,Pedestrian,West,Proceeding Straight,Driver,North,Proceeding Straight,POINT (-122.408295 37.78064),32.0,1.0,10.0,34.0,14
21506,vw_geo_sfpd_cr_switrs_all_types_col_cty_union.fid-c18a0c2_186644fdb18_ee,53319,21755000.0,2166101.0,200458562,37.7237317611,-122.437446803,SFPD-INTERIM DB,CITY STREET,07/31/2020 01:11:00 PM,2020 July 31,13:11:00,2020,July,Friday,ALEMANY BLVD,OCEAN AVE,6.0,Clear,Injury (Severe),Vehicle/Pedestrian,Pedestrian,Crossing in Crosswalk at Intersection,Dry,No Unusual Condition,Daylight,Intersection <= 20ft,0.0,1,1.0,Pedestrian,West,Not Stated,Driver,North,Making Right Turn,POINT (-122.43745 37.723732),94.0,9.0,1.0,28.0,13
21518,vw_geo_sfpd_cr_switrs_all_types_col_cty_union.fid-c18a0c2_186644fdb18_-3cc,52594,23941000.0,335000.0,200044939,37.7784272259,-122.405517632,SFPD-INTERIM DB,CITY STREET,01/18/2020 03:41:00 PM,2020 January 18,15:41:00,2020,January,Saturday,06TH ST,FOLSOM ST,40.0,Clear,Injury (Other Visible),Vehicle/Pedestrian,Pedestrian,"In Road, Including Shoulder",Dry,No Unusual Condition,Daylight,Midblock > 20ft,0.0,1,1.0,Pedestrian,East,Other,Driver,North,Proceeding Straight,POINT (-122.40552 37.778427),32.0,1.0,10.0,34.0,15
21528,vw_geo_sfpd_cr_switrs_all_types_col_cty_union.fid-c18a0c2_186644fdb18_5d,53728,24457000.0,,200404985,37.7761587647,-122.421148424,SFPD-INTERIM DB,CITY STREET,07/06/2020 06:50:00 PM,2020 July 06,18:50:00,2020,July,Monday,FRANKLIN ST,FELL ST,0.0,Clear,Injury (Complaint of Pain),Vehicle/Pedestrian,Pedestrian,Crossing in Crosswalk at Intersection,Dry,No Unusual Condition,Daylight,Intersection <= 20ft,0.0,1,1.0,Pedestrian,West,Proceeding Straight,Driver,North,Proceeding Straight,POINT (-122.42115 37.776157),21.0,4.0,11.0,9.0,18
21540,vw_geo_sfpd_cr_switrs_all_types_col_cty_union.fid-c18a0c2_186644fdb18_-32e,52171,20600000.0,,200085739,37.7240356132,-122.402108391,SFPD-INTERIM DB,CITY STREET,02/03/2020 06:51:00 PM,2020 February 03,18:51:00,2020,February,Monday,SAN BRUNO AVE,DWIGHT ST,0.0,Clear,Injury (Complaint of Pain),Sideswipe,Pedestrian,Crossing in Crosswalk at Intersection,Dry,No Unusual Condition,Dark - Street Lights,Intersection <= 20ft,0.0,2,1.0,Driver,East,Proceeding Straight,Pedestrian,East,Other,POINT (-122.40211 37.724037),91.0,2.0,2.0,25.0,18
21542,vw_geo_sfpd_cr_switrs_all_types_col_cty_union.fid-c18a0c2_186644fdb18_804,54489,22232000.0,,210023393,37.7315429593,-122.448866265,SFPD-INTERIM DB,CITY STREET,01/11/2021 03:10:00 PM,2021 January 11,15:10:00,2021,January,Monday,MONTEREY BLVD,FOERSTER ST,0.0,Clear,Injury (Complaint of Pain),Broadside,Pedestrian,Crossing in Crosswalk at Intersection,Dry,No Unusual Condition,Daylight,Intersection <= 20ft,0.0,1,1.0,Pedestrian,South,Proceeding Straight,Driver,East,Proceeding Straight,POINT (-122.44887 37.731544),95.0,9.0,8.0,41.0,15
21543,vw_geo_sfpd_cr_switrs_all_types_col_cty_union.fid-c18a0c2_186644fdb18_ae,53779,33281000.0,2799103.0,200431392,37.7474136081,-122.403580255,SFPD-INTERIM DB,CITY STREET,07/19/2020 12:01:00 PM,2020 July 19,12:01:00,2020,July,Sunday,BAY SHORE BLVD,JERROLD AVE,127.0,Clear,Fatal,Vehicle/Pedestrian,Pedestrian,Crossing Not in Crosswalk,Dry,No Unusual Condition,Daylight,Midblock > 20ft,1.0,0,1.0,Pedestrian,East,Not Stated,Driver,South,Proceeding Straight,POINT (-122.40358 37.747414),85.0,2.0,9.0,1.0,12
21548,vw_geo_sfpd_cr_switrs_all_types_col_cty_union.fid-c18a0c2_186644fdb18_355,54047,20654000.0,5463000.0,200650940,37.7297697801,-122.405615461,SFPD-INTERIM DB,CITY STREET,10/28/2020 04:32:00 PM,2020 October 28,16:32:00,2020,October,Wednesday,FELTON ST,GIRARD ST,8.0,Clear,Injury (Other Visible),Vehicle/Pedestrian,Pedestrian,Crossing in Crosswalk at Intersection,Dry,No Unusual Condition,Daylight,Intersection <= 20ft,0.0,1,1.0,Driver,South,Making Left Turn,Pedestrian,West,Other,POINT (-122.40562 37.72977),91.0,2.0,2.0,25.0,16
21555,vw_geo_sfpd_cr_switrs_all_types_col_cty_union.fid-c18a0c2_186644fdb18_-3ec,37562,22661000.0,,130849641,37.7252657078447,-122.462212503435,SFPD-CROSSROADS,CITY STREET,10/08/2013 06:20:00 AM,2013 October 08,06:20:00,2013,October,Tuesday,OCEAN AVE,ASHTON AVE,0.0,Clear,Injury (Other Visible),Vehicle/Pedestrian,Pedestrian,Crossing in Crosswalk at Intersection,Dry,No Unusual Condition,Dark - Street Lights,Intersection <= 20ft,0.0,1,1.0,Driver,West,Making Left Turn,Pedestrian,South,Proceeding Straight,POINT (-122.46221 37.725266),68.0,10.0,8.0,24.0,06
21561,vw_geo_sfpd_cr_switrs_all_types_col_cty_union.fid-c18a0c2_186644fdb18_7a8,54479,25216000.000000004,,210002767,37.7864023199,-122.423213874,SFPD-INTERIM DB,CITY STREET,12/30/2020 06:00:00 AM,2020 December 30,06:00:00,2020,December,Wednesday,POST ST,FRANKLIN ST,0.0,Clear,Injury (Complaint of Pain),Vehicle/Pedestrian,Pedestrian,Crossing Not in Crosswalk,Dry,No Unusual Condition,Dusk - Dawn,Intersection <= 20ft,0.0,1,1.0,Driver,East,Proceeding Straight,Pedestrian,South,Not Stated,POINT (-122.42321 37.786404),100.0,4.0,6.0,39.0,06
21578,vw_geo_sfpd_cr_switrs_all_types_col_cty_union.fid-c18a0c2_186644fdb18_364,54062,24089000.0,,200655495,37.7522044418,-122.419017542,SFPD-INTERIM DB,CITY STREET,10/30/2020 04:17:00 PM,2020 October 30,16:17:00,2020,October,Friday,OSAGE ALY,24TH ST,0.0,Clear,Injury (Complaint of Pain),Vehicle/Pedestrian,Pedestrian,Crossing in Crosswalk at Intersection,Dry,No Unusual Condition,Daylight,Intersection <= 20ft,0.0,1,1.0,Bicyclist,South,Making Left Turn,Pedestrian,East,Proceeding Straight,POINT (-122.419014 37.752205),53.0,3.0,2.0,20.0,16
21579,vw_geo_sfpd_cr_switrs_all_types_col_cty_union.fid-c18a0c2_186644fdb18_ef6,55964,24378000.000000004,,210625563,37.768139684,-122.422199174,SFPD-INTERIM DB,CITY STREET,09/26/2021 02:40:00 PM,2021 September 26,14:40:00,2021,September,Sunday,VALENCIA ST,14TH ST,0.0,Clear,Injury (Complaint of Pain),Vehicle/Pedestrian,Pedestrian,Crossing in Crosswalk at Intersection,Dry,No Unusual Condition,Daylight,Intersection <= 20ft,0.0,1,1.0,Driver,East,Making Left Turn,Pedestrian,East,Stopped,POINT (-122.422195 37.76814),53.0,3.0,2.0,20.0,14
21581,vw_geo_sfpd_cr_switrs_all_types_col_cty_union.fid-c18a0c2_186644fdb18_115e,42110,27188000.0,7534000.0,150830993,37.7714549482954,-122.460026810453,SFPD-CROSSROADS,CITY STREET,09/22/2015 08:16:00 AM,2015 September 22,08:16:00,2015,September,Tuesday,JOHN F KENNEDY DR,NANCY PELOSI DR,255.0,Cloudy,Injury (Other Visible),Vehicle/Pedestrian,Pedestrian,Crossing Not in Crosswalk,Dry,No Unusual Condition,Daylight,Midblock > 20ft,0.0,2,1.0,Bicyclist,West,Proceeding Straight,Pedestrian,North,Proceeding Straight,POINT (-122.46003 37.771454),9.0,7.0,4.0,12.0,08
21603,vw_geo_sfpd_cr_switrs_all_types_col_cty_union.fid-c18a0c2_186644fdb18_4aa,14498,30021000.0,,150981580,37.7763001450442,-122.390025039741,SFPD-CROSSROADS,CITY STREET,11/10/2015 03:35:00 PM,2015 November 10,15:35:00,2015,November,Tuesday,03RD ST,TERRY A FRANCOIS BLVD,0.0,Clear,Injury (Other Visible),Vehicle/Pedestrian,Pedestrian,Crossing in Crosswalk at Intersection,Dry,No Unusual Condition,Daylight,Intersection <= 20ft,0.0,1,1.0,Pedestrian,East,Proceeding Straight,Driver,North,Proceeding Straight,POINT (-122.39002 37.7763),34.0,1.0,10.0,4.0,15
21610,vw_geo_sfpd_cr_switrs_all_types_col_cty_union.fid-c18a0c2_186644fdb18_4e1,54363,33350000.0,,200752245,37.7187541007,-122.411673324,SFPD-INTERIM DB,CITY STREET,12/14/2020 08:55:00 AM,2020 December 14,08:55:00,2020,December,Monday,MANSELL ST,VISITACION AVE,0.0,Clear,Injury (Other Visible),Vehicle/Pedestrian,Pedestrian,Crossing in Crosswalk at Intersection,Dry,No Unusual Condition,Daylight,Intersection <= 20ft,0.0,1,1.0,Driver,East,Proceeding Straight,Pedestrian,South,Not Stated,POINT (-122.411674 37.718754),73.0,9.0,9.0,19.0,08
21622,vw_geo_sfpd_cr_switrs_all_types_col_cty_union.fid-c18a0c2_186644fdb18_11,53086,24315000.0,9100000.0,200371237,37.7792562548,-122.41088014,SFPD-INTERIM DB,CITY STREET,06/20/2020 04:19:00 PM,2020 June 20,16:19:00,2020,June,Saturday,MISSION ST,07TH ST,23.0,Clear,Injury (Complaint of Pain),Vehicle/Pedestrian,Pedestrian,Crossing in Crosswalk Not at Intersection,Dry,No Unusual Condition,Daylight,Midblock > 20ft,0.0,1,1.0,Pedestrian,North,Entering Traffic,Driver,West,Proceeding Straight,POINT (-122.41088 37.779255),32.0,1.0,10.0,34.0,16
21633,vw_geo_sfpd_cr_switrs_all_types_col_cty_union.fid-c18a0c2_186644fdb18_-1cb,52571,25147000.0,12722000.0,200189240,37.7823741784,-122.41737648,SFPD-INTERIM DB,CITY STREET,03/14/2020 08:33:00 PM,2020 March 14,20:33:00,2020,March,Saturday,TURK ST,LARKIN ST,11.0,Cloudy,Injury (Severe),Vehicle/Pedestrian,Pedestrian,Crossing in Crosswalk at Intersection,Wet,No Unusual Condition,Dark - Street Lights,Intersection <= 20ft,0.0,2,1.0,Driver,West,Making Left Turn,Pedestrian,South,Not Stated,POINT (-122.41737 37.782375),20.0,5.0,10.0,36.0,20
21638,vw_geo_sfpd_cr_switrs_all_types_col_cty_union.fid-c18a0c2_186644fdb18_-24f,52374,22476000.0,,200148280,37.7131720491,-122.459024435,SFPD-INTERIM DB,CITY STREET,02/27/2020 06:15:00 PM,2020 February 27,18:15:00,2020,February,Thursday,BROAD ST,CAPITOL AVE,0.0,Clear,Injury (Complaint of Pain),Vehicle/Pedestrian,Pedestrian,Crossing in Crosswalk at Intersection,Dry,No Unusual Condition,Dark - Street Lights,Intersection <= 20ft,0.0,1,1.0,Driver,West,Proceeding Straight,Pedestrian,North,Proceeding Straight,POINT (-122.45902 37.713173),81.0,10.0,1.0,24.0,18
21651,vw_geo_sfpd_cr_switrs_all_types_col_cty_union.fid-c18a0c2_186644fdb18_cd3,55310,25480000.0,,210390879,37.8067580833,-122.412141424,SFPD-INTERIM DB,CITY STREET,06/22/2021 05:37:00 PM,2021 June 22,17:37:00,2021,June,Tuesday,NORTH POINT ST,POWELL ST,0.0,Clear,Injury (Complaint of Pain),Vehicle/Pedestrian,Pedestrian,Crossing in Crosswalk at Intersection,Dry,No Unusual Condition,Daylight,Intersection <= 20ft,0.0,1,1.0,Pedestrian,North,Entering Traffic,Driver,West,Backing,POINT (-122.41214 37.80676),99.0,6.0,3.0,23.0,17
21654,vw_geo_sfpd_cr_switrs_all_types_col_cty_union.fid-c18a0c2_186644fdb18_163,53404,26580000.0,,200494055,37.7967832611,-122.43037057,SFPD-INTERIM DB,CITY STREET,08/17/2020 09:43:00 AM,2020 August 17,09:43:00,2020,August,Monday,GREEN ST,LAGUNA ST,0.0,Clear,Injury (Complaint of Pain),Vehicle/Pedestrian,Pedestrian,Crossing in Crosswalk at Intersection,Dry,Construction or Repair Zone,Daylight,Intersection <= 20ft,0.0,1,1.0,Driver,West,Proceeding Straight,Pedestrian,South,Proceeding Straight,POINT (-122.430374 37.796783),15.0,4.0,6.0,13.0,09
21662,vw_geo_sfpd_cr_switrs_all_types_col_cty_union.fid-c18a0c2_186644fdb18_8ee,54839,27451000.0,7540000.0,210083745,37.7714975814,-122.474599139,SFPD-INTERIM DB,CITY STREET,02/06/2021 10:21:00 AM,2021 February 06,10:21:00,2021,February,Saturday,JOHN F KENNEDY DR,STOW LAKE DR,300.0,Clear,Injury (Severe),Rear End,Pedestrian,"In Road, Including Shoulder",Dry,No Unusual Condition,Daylight,Midblock > 20ft,0.0,2,1.0,Bicyclist,West,Proceeding Straight,Pedestrian,West,Not Stated,POINT (-122.4746 37.771496),9.0,8.0,4.0,12.0,10
21668,vw_geo_sfpd_cr_switrs_all_types_col_cty_union.fid-c18a0c2_186644fdb18_9a5,54754,25252000.0,,210142385,37.7909731916,-122.417391336,SFPD-INTERIM DB,CITY STREET,03/04/2021 01:49:00 PM,2021 March 04,13:49:00,2021,March,Thursday,HYDE ST,CALIFORNIA ST,0.0,Clear,Injury (Other Visible),Vehicle/Pedestrian,Pedestrian,Crossing in Crosswalk at Intersection,Dry,No Unusual Condition,Daylight,Intersection <= 20ft,0.0,1,1.0,Driver,South,Proceeding Straight,Pedestrian,East,Proceeding Straight,POINT (-122.41739 37.790974),16.0,6.0,3.0,21.0,13
21670,vw_geo_sfpd_cr_switrs_all_types_col_cty_union.fid-c18a0c2_186644fdb18_14d,53505,26006000.0,,200487680,37.7691137983,-122.434893192,SFPD-INTERIM DB,CITY STREET,08/14/2020 10:41:00 AM,2020 August 14,10:41:00,2020,August,Friday,DUBOCE AVE,SCOTT ST,0.0,Clear,Injury (Complaint of Pain),Vehicle/Pedestrian,Pedestrian,Crossing in Crosswalk at Intersection,Dry,No Unusual Condition,Daylight,Intersection <= 20ft,0.0,1,1.0,Driver,East,Proceeding Straight,Pedestrian,North,Proceeding Straight,POINT (-122.43489 37.769115),28.0,7.0,5.0,3.0,10
21677,vw_geo_sfpd_cr_switrs_all_types_col_cty_union.fid-c18a0c2_186644fdb18_df,53301,25202000.0,,200451522,37.7879662861,-122.418465027,SFPD-INTERIM DB,CITY STREET,07/28/2020 02:02:00 PM,2020 July 28,14:02:00,2020,July,Tuesday,LARKIN ST,SUTTER ST,0.0,Clear,Injury (Complaint of Pain),Vehicle/Pedestrian,Pedestrian,Crossing in Crosswalk at Intersection,Dry,No Unusual Condition,Daylight,Intersection <= 20ft,0.0,1,1.0,Driver,North,Making Right Turn,Pedestrian,West,Proceeding Straight,POINT (-122.418465 37.787968),50.0,6.0,3.0,21.0,14
21687,vw_geo_sfpd_cr_switrs_all_types_col_cty_union.fid-c18a0c2_186644fdb18_90c,54801,34171000.0,,210092984,37.771009192,-122.391199349,SFPD-INTERIM DB,CITY STREET,02/10/2021 04:27:00 PM,2021 February 10,16:27:00,2021,February,Wednesday,MISSION BAY BLVD NORTH,04TH ST,0.0,Clear,Injury (Complaint of Pain),Vehicle/Pedestrian,Pedestrian,Crossing in Crosswalk at Intersection,Dry,No Unusual Condition,Daylight,Intersection <= 20ft,0.0,1,1.0,Driver,West,Making Left Turn,Pedestrian,East,Not Stated,POINT (-122.3912 37.771008),34.0,1.0,10.0,4.0,16
21696,vw_geo_sfpd_cr_switrs_all_types_col_cty_union.fid-c18a0c2_186644fdb18_-34,53035,26076000.0,4809101.0,200350021,37.7806075972,-122.438946575,SFPD-INTERIM DB,CITY STREET,06/10/2020 09:18:00 AM,2020 June 10,09:18:00,2020,June,Wednesday,DIVISADERO ST,EDDY ST,9.0,Clear,Injury (Complaint of Pain),Vehicle/Pedestrian,Pedestrian,Crossing in Crosswalk at Intersection,Dry,No Unusual Condition,Daylight,Intersection <= 20ft,0.0,1,,Pedestrian,West,Other,Driver,North,Proceeding Straight,POINT (-122.43895 37.78061),13.0,4.0,11.0,39.0,09
21704,vw_geo_sfpd_cr_switrs_all_types_col_cty_union.fid-c18a0c2_186644fdb18_585,15959,30743000.0,8752202.0,180181910,37.7776612933,-122.416149637,SFPD-INTERIM DB,CITY STREET,03/09/2018 03:56:00 PM,2018 March 09,15:56:00,2018,March,Friday,MARKET ST,09TH ST,72.0,Clear,Injury (Complaint of Pain),Vehicle/Pedestrian,Pedestrian,Crossing Not in Crosswalk,Dry,No Unusual Condition,Daylight,Midblock > 20ft,0.0,1,1.0,Pedestrian,North,Proceeding Straight,Driver,West,Proceeding Straight,POINT (-122.41615 37.77766),21.0,5.0,10.0,34.0,15
21705,vw_geo_sfpd_cr_switrs_all_types_col_cty_union.fid-c18a0c2_186644fdb18_9c5,54591,24206000.0,490000.0,210151273,37.7715767302,-122.411275497,SFPD-INTERIM DB,CITY STREET,03/08/2021 07:27:00 PM,2021 March 08,19:27:00,2021,March,Monday,10TH ST,HARRISON ST,1.0,Clear,Injury (Complaint of Pain),Vehicle/Pedestrian,Pedestrian,Crossing in Crosswalk at Intersection,Dry,No Unusual Condition,Dark - Street Lights,Intersection <= 20ft,0.0,1,1.0,Driver,West,Making Left Turn,Pedestrian,West,Proceeding Straight,POINT (-122.41128 37.771576),32.0,1.0,10.0,34.0,19
21718,vw_geo_sfpd_cr_switrs_all_types_col_cty_union.fid-c18a0c2_186644fdb18_972,54577,25202000.0,,210122042,37.7879662861,-122.418465027,SFPD-INTERIM DB,CITY STREET,02/23/2021 02:06:00 PM,2021 February 23,14:06:00,2021,February,Tuesday,SUTTER ST,LARKIN ST,0.0,Clear,Injury (Severe),Sideswipe,Pedestrian,Crossing in Crosswalk at Intersection,Dry,No Unusual Condition,Daylight,Intersection <= 20ft,0.0,1,1.0,Bicyclist,West,Proceeding Straight,Pedestrian,South,Proceeding Straight,POINT (-122.418465 37.787968),50.0,6.0,3.0,21.0,14
21722,vw_geo_sfpd_cr_switrs_all_types_col_cty_union.fid-c18a0c2_186644fdb18_acd,55495,30742000.0,,210237340,37.7804785115,-122.412512255,SFPD-INTERIM DB,CITY STREET,04/18/2021 03:25:00 AM,2021 April 18,03:25:00,2021,April,Sunday,MARKET ST,07TH ST,0.0,Clear,Injury (Complaint of Pain),Vehicle/Pedestrian,Pedestrian,Crossing Not in Crosswalk,Wet,No Unusual Condition,Dark - Street Lights,Intersection <= 20ft,0.0,1,1.0,Driver,East,Proceeding Straight,Pedestrian,South,Proceeding Straight,POINT (-122.41251 37.78048),32.0,5.0,10.0,34.0,03
21726,vw_geo_sfpd_cr_switrs_all_types_col_cty_union.fid-c18a0c2_186644fdb18_983,54740,24115000.000000004,,210129173,37.7552947832,-122.420964093,SFPD-INTERIM DB,CITY STREET,02/26/2021 03:50:00 PM,2021 February 26,15:50:00,2021,February,Friday,VALENCIA ST,22ND ST,0.0,Clear,Injury (Other Visible),Vehicle/Pedestrian,Pedestrian,Crossing in Crosswalk at Intersection,Dry,No Unusual Condition,Daylight,Intersection <= 20ft,0.0,1,1.0,Driver,East,Making Right Turn,Pedestrian,South,Proceeding Straight,POINT (-122.42097 37.755295),52.0,3.0,5.0,20.0,15
21753,vw_geo_sfpd_cr_switrs_all_types_col_cty_union.fid-c18a0c2_186644fdb18_838,33117,24572000.0,12553201.0,170969334,37.7966802132048,-122.395391294719,SFPD-CROSSROADS,CITY STREET,11/29/2017 03:57:00 PM,2017 November 29,15:57:00,2017,November,Wednesday,THE EMBARCADERO,WASHINGTON ST,6.0,Clear,Injury (Other Visible),Vehicle/Pedestrian,Pedestrian,Crossing in Crosswalk at Intersection,Dry,No Unusual Condition,Daylight,Intersection <= 20ft,0.0,1,1.0,Pedestrian,East,Not Stated,Driver,North,Proceeding Straight,POINT (-122.39539 37.79668),77.0,6.0,3.0,8.0,15
21757,vw_geo_sfpd_cr_switrs_all_types_col_cty_union.fid-c18a0c2_186644fdb18_3d7,54173,26567000.0,,200686478,37.7943975488,-122.426514001,SFPD-INTERIM DB,CITY STREET,11/13/2020 03:48:00 PM,2020 November 13,15:48:00,2020,November,Friday,GOUGH ST,PACIFIC AVE,0.0,Raining,Injury (Other Visible),Vehicle/Pedestrian,Pedestrian,Crossing in Crosswalk at Intersection,Wet,No Unusual Condition,Daylight,Intersection <= 20ft,0.0,1,1.0,Pedestrian,West,Proceeding Straight,Driver,North,Proceeding Straight,POINT (-122.42651 37.7944),102.0,4.0,6.0,30.0,15
21758,vw_geo_sfpd_cr_switrs_all_types_col_cty_union.fid-c18a0c2_186644fdb18_d85,40938,27369000.0,,140779793,37.761653158029,-122.478061976761,SFPD-CROSSROADS,CITY STREET,09/16/2014 07:25:00 AM,2014 September 16,07:25:00,2014,September,Tuesday,JUDAH ST,20TH AVE,0.0,Clear,Injury (Other Visible),Vehicle/Pedestrian,Pedestrian,Crossing in Crosswalk at Intersection,Dry,No Unusual Condition,Daylight,Intersection <= 20ft,0.0,1,1.0,Driver,East,Proceeding Straight,Pedestrian,North,Proceeding Straight,POINT (-122.478065 37.761654),39.0,10.0,7.0,35.0,07