,id,unique_id,cnn_intrsctn_fkey,cnn_sgmt_fkey,case_id_pkey,tb_latitude,tb_longitude,geocode_source,geocode_location,collision_datetime,collision_date,collision_time,accident_year,month,day_of_week,primary_rd,secondary_rd,distance,weather_1,collision_severity,type_of_collision,mviw,ped_action,road_surface,road_cond_1,lighting,intersection,number_killed,number_injured,party_at_fault,party1_type,party1_dir_of_travel,party1_move_pre_acc,party2_type,party2_dir_of_travel,party2_move_pre_acc,point,Neighborhoods,Current Police Districts,Current Supervisor Districts,Analysis Neighborhoods,hour
21763,vw_geo_sfpd_cr_switrs_all_types_col_cty_union.fid-c18a0c2_186644fdb18_ce,53287,20556000.0,,200445149,37.7179063099,-122.400131476,SFPD-INTERIM DB,CITY STREET,07/23/2020 12:50:00 PM,2020 July 23,12:50:00,2020,July,Thursday,SAN BRUNO AVE,HARKNESS AVE,0.0,Clear,Injury (Complaint of Pain),Vehicle/Pedestrian,Pedestrian,Crossing in Crosswalk at Intersection,Dry,No Unusual Condition,Daylight,Intersection <= 20ft,0.0,1,1.0,Driver,North,Making Left Turn,Pedestrian,West,Other,POINT (-122.40013 37.717907),91.0,9.0,9.0,25.0,12
21768,vw_geo_sfpd_cr_switrs_all_types_col_cty_union.fid-c18a0c2_186644fdb18_-51c,52040,25321000.0,4292000.0,200002545,37.7978664209,-122.406670541,SFPD-INTERIM DB,CITY STREET,01/01/2020 09:41:00 PM,2020 January 01,21:41:00,2020,January,Wednesday,COLUMBUS AVE,BROADWAY,1.0,Clear,Injury (Other Visible),Vehicle/Pedestrian,Pedestrian,Crossing in Crosswalk at Intersection,Dry,No Unusual Condition,Dark - Street Lights,Intersection <= 20ft,0.0,1,1.0,Pedestrian,West,Not Stated,Driver,South,Proceeding Straight,POINT (-122.40667 37.797867),106.0,6.0,3.0,23.0,21
21784,vw_geo_sfpd_cr_switrs_all_types_col_cty_union.fid-c18a0c2_186644fdb18_228,53807,25671000.0,,200563252,37.7583645487,-122.423488531,SFPD-INTERIM DB,CITY STREET,09/18/2020 04:30:00 PM,2020 September 18,16:30:00,2020,September,Friday,GUERRERO ST,20TH ST,0.0,Clear,Injury (Complaint of Pain),Vehicle/Pedestrian,Pedestrian,Crossing in Crosswalk at Intersection,Dry,No Unusual Condition,Daylight,Intersection <= 20ft,0.0,1,1.0,Driver,South,Making Left Turn,Pedestrian,East,Proceeding Straight,POINT (-122.423485 37.758366),37.0,3.0,5.0,20.0,16
21789,vw_geo_sfpd_cr_switrs_all_types_col_cty_union.fid-c18a0c2_186644fdb18_626,1788,21487000.0,,161059936,37.7169702217552,-122.443431268584,SFPD-CROSSROADS,CITY STREET,12/23/2016 03:41:00 PM,2016 December 23,15:41:00,2016,December,Friday,ALEMANY BLVD,NIAGARA AVE,0.0,Cloudy,Injury (Other Visible),Sideswipe,Pedestrian,Crossing in Crosswalk at Intersection,Dry,No Unusual Condition,Daylight,Intersection <= 20ft,0.0,1,,Driver,South,Proceeding Straight,Pedestrian,East,Proceeding Straight,POINT (-122.44343 37.71697),80.0,9.0,1.0,28.0,15
21792,vw_geo_sfpd_cr_switrs_all_types_col_cty_union.fid-c18a0c2_186644fdb18_-569,12326,24377000.0,,140196852,37.7665395759103,-122.422043813584,SFPD-CROSSROADS,CITY STREET,03/07/2014 04:19:00 PM,2014 March 07,16:19:00,2014,March,Friday,VALENCIA ST,15TH ST,0.0,Clear,Injury (Other Visible),Vehicle/Pedestrian,Pedestrian,Crossing in Crosswalk at Intersection,Dry,No Unusual Condition,Daylight,Intersection <= 20ft,0.0,1,1.0,Driver,South,Making Left Turn,Pedestrian,East,Proceeding Straight,POINT (-122.42204 37.76654),53.0,3.0,2.0,20.0,16
21794,vw_geo_sfpd_cr_switrs_all_types_col_cty_union.fid-c18a0c2_186644fdb18_fdc,56458,27441000.0,11990000.0,210688812,37.7660371243645,-122.477578198024,SFPD-INTERIM DB,CITY STREET,10/20/2021 06:55:00 PM,2021 October 20,18:55:00,2021,October,Wednesday,MARTIN LUTHER KING JR DR,CROSSOVER DR,63.0,Cloudy,Injury (Other Visible),Vehicle/Pedestrian,Pedestrian,Crossing Not in Crosswalk,Wet,No Unusual Condition,Dark - Street Lights,Midblock > 20ft,0.0,1,1.0,Pedestrian,North,Not Stated,Driver,East,Proceeding Straight,POINT (-122.47758 37.766037),9.0,8.0,4.0,12.0,18
21834,vw_geo_sfpd_cr_switrs_all_types_col_cty_union.fid-c18a0c2_186644fdb18_196,53439,24631000.0,,200509604,37.784044438,-122.403711753,SFPD-INTERIM DB,CITY STREET,08/24/2020 01:36:00 PM,2020 August 24,13:36:00,2020,August,Monday,MINNA ST,04TH ST,0.0,Clear,Injury (Other Visible),Vehicle/Pedestrian,Pedestrian,Crossing in Crosswalk at Intersection,Dry,No Unusual Condition,Daylight,Intersection <= 20ft,0.0,1,1.0,Pedestrian,South,Proceeding Straight,Driver,East,Making Right Turn,POINT (-122.40371 37.784046),32.0,1.0,10.0,8.0,13
21855,vw_geo_sfpd_cr_switrs_all_types_col_cty_union.fid-c18a0c2_186644fdb18_ed4,19876,26345000.0,8852000.0,180097464,37.7722627416,-122.445753672,SFPD-INTERIM DB,CITY STREET,02/05/2018 09:26:00 PM,2018 February 05,21:26:00,2018,February,Monday,MASONIC AVE,OAK ST,67.0,Clear,Injury (Severe),Vehicle/Pedestrian,Pedestrian,Crossing Not in Crosswalk,Dry,No Unusual Condition,Dark - Street Lights,Midblock > 20ft,0.0,2,1.0,Pedestrian,East,Proceeding Straight,Pedestrian,East,Proceeding Straight,POINT (-122.445755 37.772263),24.0,7.0,11.0,12.0,21
21857,vw_geo_sfpd_cr_switrs_all_types_col_cty_union.fid-c18a0c2_186644fdb18_ff6,56773,21412000.0,,210706113,37.7153790503357,-122.435345700697,SFPD-INTERIM DB,CITY STREET,10/28/2021 08:00:00 AM,2021 October 28,08:00:00,2021,October,Thursday,NAPLES ST,AMAZON AVE,0.0,Clear,Injury (Complaint of Pain),Vehicle/Pedestrian,Pedestrian,Crossing in Crosswalk at Intersection,Dry,No Unusual Condition,Daylight,Intersection <= 20ft,0.0,1,1.0,Driver,East,Proceeding Straight,Pedestrian,South,Proceeding Straight,POINT (-122.43535 37.715378),90.0,9.0,1.0,7.0,08
21870,vw_geo_sfpd_cr_switrs_all_types_col_cty_union.fid-c18a0c2_186644fdb18_315,53985,25311000.0,,200635986,37.7982645792,-122.418859875,SFPD-INTERIM DB,CITY STREET,10/21/2020 04:44:00 PM,2020 October 21,16:44:00,2020,October,Wednesday,HYDE ST,GREEN ST,0.0,Clear,Injury (Other Visible),Vehicle/Pedestrian,Pedestrian,Crossing Not in Crosswalk,Dry,No Unusual Condition,Daylight,Intersection <= 20ft,0.0,1,1.0,Driver,West,Proceeding Straight,Pedestrian,North,Proceeding Straight,POINT (-122.41886 37.798264),107.0,6.0,3.0,32.0,16
21880,vw_geo_sfpd_cr_switrs_all_types_col_cty_union.fid-c18a0c2_186644fdb18_-88,53162,26699000.0,8453101.0,200320927,37.8010549908,-122.425996388,SFPD-INTERIM DB,CITY STREET,05/25/2020 09:56:00 AM,2020 May 25,09:56:00,2020,May,Monday,LOMBARD ST,FRANKLIN ST,57.0,Clear,Injury (Other Visible),Vehicle/Pedestrian,Pedestrian,"In Road, Including Shoulder",Dry,No Unusual Condition,Daylight,Midblock > 20ft,0.0,1,1.0,Pedestrian,East,Other,Driver,East,Proceeding Straight,POINT (-122.425995 37.801056),15.0,4.0,6.0,13.0,09
21885,vw_geo_sfpd_cr_switrs_all_types_col_cty_union.fid-c18a0c2_186644fdb18_108c,56979,22585000.0,9821101.0,210844525,37.7238059773177,-122.455903042846,SFPD-INTERIM DB,CITY STREET,12/22/2021 05:48:00 AM,2021 December 22,05:48:00,2021,December,Wednesday,OCEAN AVE,PLYMOUTH AVE,80.0,Raining,Injury (Other Visible),Vehicle/Pedestrian,Pedestrian,Crossing Not in Crosswalk,Wet,No Unusual Condition,Dark - Street Lights,Midblock > 20ft,0.0,1,,Driver,West,Proceeding Straight,Pedestrian,South,Other,POINT (-122.4559 37.723804),64.0,10.0,8.0,24.0,05
21888,vw_geo_sfpd_cr_switrs_all_types_col_cty_union.fid-c18a0c2_186644fdb18_-1e4,52474,30746000.000000004,10546000.0,200178663,37.7767130877,-122.417813298,SFPD-INTERIM DB,CITY STREET,03/10/2020 05:23:00 PM,2020 March 10,17:23:00,2020,March,Tuesday,POLK ST,MARKET ST,110.0,Clear,Injury (Complaint of Pain),Vehicle/Pedestrian,Pedestrian,Crossing Not in Crosswalk,Dry,No Unusual Condition,Daylight,Midblock > 20ft,0.0,1,1.0,Pedestrian,West,Proceeding Straight,Bicyclist,South,Proceeding Straight,POINT (-122.417816 37.776714),21.0,4.0,10.0,36.0,17
21893,vw_geo_sfpd_cr_switrs_all_types_col_cty_union.fid-c18a0c2_186644fdb18_f16,55984,30729000.000000004,10453000.0,210633710,37.7925321839,-122.397541744,SFPD-INTERIM DB,CITY STREET,09/29/2021 04:30:00 PM,2021 September 29,16:30:00,2021,September,Wednesday,PINE ST,DAVIS ST,65.0,Clear,Injury (Complaint of Pain),Vehicle/Pedestrian,Pedestrian,Crossing Not in Crosswalk,Dry,No Unusual Condition,Daylight,Midblock > 20ft,0.0,1,1.0,Pedestrian,South,Proceeding Straight,Driver,East,Backing,POINT (-122.397545 37.792534),108.0,6.0,3.0,8.0,16
21901,vw_geo_sfpd_cr_switrs_all_types_col_cty_union.fid-c18a0c2_186644fdb18_3c6,54158,26846000.0,,200681713,37.7872618536,-122.44679278,SFPD-INTERIM DB,CITY STREET,11/11/2020 03:20:00 PM,2020 November 11,15:20:00,2020,November,Wednesday,PRESIDIO AVE,CALIFORNIA ST,0.0,Clear,Injury (Complaint of Pain),Vehicle/Pedestrian,Pedestrian,Crossing in Crosswalk at Intersection,Dry,No Unusual Condition,Daylight,Intersection <= 20ft,0.0,1,1.0,Driver,South,Proceeding Straight,Pedestrian,West,Not Stated,POINT (-122.44679 37.787262),103.0,8.0,6.0,31.0,15
21902,vw_geo_sfpd_cr_switrs_all_types_col_cty_union.fid-c18a0c2_186644fdb18_e0e,56156,20755000.0,,210539265,37.7396591213,-122.400899014,SFPD-INTERIM DB,CITY STREET,08/23/2021 10:56:00 AM,2021 August 23,10:56:00,2021,August,Monday,PALOU AVE,INDUSTRIAL ST,0.0,Clear,Injury (Complaint of Pain),Vehicle/Pedestrian,Pedestrian,"In Road, Including Shoulder",Dry,No Unusual Condition,Daylight,Intersection <= 20ft,0.0,2,1.0,Driver,West,Backing,Pedestrian,West,Stopped,POINT (-122.4009 37.73966),82.0,2.0,9.0,1.0,10
21907,vw_geo_sfpd_cr_switrs_all_types_col_cty_union.fid-c18a0c2_186644fdb18_-1d2,52485,20816000.0,2799106.0,200185050,37.7430581532,-122.405231633,SFPD-INTERIM DB,CITY STREET,03/13/2020 07:12:00 AM,2020 March 13,07:12:00,2020,March,Friday,BAY SHORE BLVD,OAKDALE AVE,4.0,Clear,Injury (Severe),Vehicle/Pedestrian,Pedestrian,Crossing in Crosswalk at Intersection,Dry,No Unusual Condition,Daylight,Intersection <= 20ft,0.0,1,1.0,Driver,South,Proceeding Straight,Pedestrian,West,Proceeding Straight,POINT (-122.405235 37.743057),85.0,2.0,2.0,1.0,07
21912,vw_geo_sfpd_cr_switrs_all_types_col_cty_union.fid-c18a0c2_186644fdb18_2af,53880,26011000.000000004,,200607747,37.7703428968,-122.436848942,SFPD-INTERIM DB,CITY STREET,10/08/2020 07:46:00 PM,2020 October 08,19:46:00,2020,October,Thursday,CASTRO ST,DIVISADERO ST,0.0,Clear,Injury (Severe),Vehicle/Pedestrian,Pedestrian,"In Road, Including Shoulder",Dry,No Unusual Condition,Dark - Street Lights,Intersection <= 20ft,0.0,1,,Pedestrian,South,Other,Driver,South,Making Left Turn,POINT (-122.43685 37.770344),112.0,7.0,11.0,3.0,19
21914,vw_geo_sfpd_cr_switrs_all_types_col_cty_union.fid-c18a0c2_186644fdb18_107d,56980,27504000.0,904000.0,210819722,37.7805237442827,-122.478315133485,SFPD-INTERIM DB,CITY STREET,12/11/2021 05:35:00 PM,2021 December 11,17:35:00,2021,December,Saturday,19TH AVE,GEARY BLVD,52.0,Cloudy,Injury (Complaint of Pain),Vehicle/Pedestrian,Pedestrian,"In Road, Including Shoulder",Wet,No Unusual Condition,Dark - Street Lights,Midblock > 20ft,0.0,1,1.0,Pedestrian,East,Not Stated,Driver,South,Backing,POINT (-122.47832 37.780525),8.0,8.0,4.0,29.0,17
21930,vw_geo_sfpd_cr_switrs_all_types_col_cty_union.fid-c18a0c2_186644fdb18_248,53595,24923000.0,,200576528,37.7830040784,-122.412411747,SFPD-INTERIM DB,CITY STREET,09/24/2020 06:10:00 PM,2020 September 24,18:10:00,2020,September,Thursday,TURK ST,JONES ST,0.0,Clear,Injury (Other Visible),Vehicle/Pedestrian,Pedestrian,Crossing in Crosswalk at Intersection,Dry,No Unusual Condition,Dusk - Dawn,Intersection <= 20ft,0.0,1,1.0,Pedestrian,North,Proceeding Straight,Driver,South,Proceeding Straight,POINT (-122.412415 37.783005),20.0,5.0,10.0,36.0,18
21933,vw_geo_sfpd_cr_switrs_all_types_col_cty_union.fid-c18a0c2_186644fdb18_-2e9,52245,24094000.000000004,,200108444,37.7538365883,-122.418593945,SFPD-INTERIM DB,CITY STREET,02/12/2020 04:19:00 PM,2020 February 12,16:19:00,2020,February,Wednesday,MISSION ST,23RD ST,0.0,Clear,Injury (Severe),Vehicle/Pedestrian,Pedestrian,Crossing in Crosswalk at Intersection,Dry,No Unusual Condition,Daylight,Intersection <= 20ft,0.0,3,1.0,Driver,West,Making Right Turn,Pedestrian,North,Not Stated,POINT (-122.418594 37.753838),53.0,3.0,2.0,20.0,16
21969,vw_geo_sfpd_cr_switrs_all_types_col_cty_union.fid-c18a0c2_186644fdb18_bda,55569,26046000.0,,210317237,37.7784224761,-122.433407336,SFPD-INTERIM DB,CITY STREET,05/23/2021 02:45:00 PM,2021 May 23,14:45:00,2021,May,Sunday,MCALLISTER ST,STEINER ST,0.0,Clear,Injury (Complaint of Pain),Vehicle/Pedestrian,Pedestrian,"In Road, Including Shoulder",Dry,No Unusual Condition,Daylight,Intersection <= 20ft,0.0,1,1.0,Driver,West,Proceeding Straight,Pedestrian,West,Proceeding Straight,POINT (-122.43341 37.778423),23.0,4.0,11.0,39.0,14
21979,vw_geo_sfpd_cr_switrs_all_types_col_cty_union.fid-c18a0c2_186644fdb18_1d,53078,25800000.0,744000.0,200375079,37.7642895917,-122.432269173,SFPD-INTERIM DB,CITY STREET,06/22/2020 05:15:00 PM,2020 June 22,17:15:00,2020,June,Monday,JOSE SARRIA CT,POND ST,3.0,Clear,Injury (Complaint of Pain),Vehicle/Pedestrian,Pedestrian,Crossing Not in Crosswalk,Dry,No Unusual Condition,Daylight,Intersection <= 20ft,0.0,1,1.0,Pedestrian,North,Proceeding Straight,Driver,East,Proceeding Straight,POINT (-122.43227 37.76429),38.0,3.0,5.0,5.0,17
21983,vw_geo_sfpd_cr_switrs_all_types_col_cty_union.fid-c18a0c2_186644fdb18_389,54097,20573000.0,11385000.0,200662434,37.7212949869,-122.400971758,SFPD-INTERIM DB,CITY STREET,11/02/2020 07:56:00 PM,2020 November 02,19:56:00,2020,November,Monday,SAN BRUNO AVE,MANSELL ST,92.0,Clear,Injury (Other Visible),Vehicle/Pedestrian,Pedestrian,"In Road, Including Shoulder",Dry,No Unusual Condition,Dusk - Dawn,Midblock > 20ft,0.0,1,1.0,Pedestrian,East,Entering Traffic,Driver,South,Proceeding Straight,POINT (-122.40097 37.721294),91.0,9.0,9.0,25.0,19
21986,vw_geo_sfpd_cr_switrs_all_types_col_cty_union.fid-c18a0c2_186644fdb18_-224,52401,24933000.0,,200159293,37.7825850335,-122.415693872,SFPD-INTERIM DB,CITY STREET,03/03/2020 06:17:00 AM,2020 March 03,06:17:00,2020,March,Tuesday,HYDE ST,TURK ST,0.0,Clear,Injury (Severe),Vehicle/Pedestrian,Pedestrian,Crossing in Crosswalk at Intersection,Dry,No Unusual Condition,Dusk - Dawn,Intersection <= 20ft,0.0,2,1.0,Driver,South,Making Left Turn,Pedestrian,West,Proceeding Straight,POINT (-122.415695 37.782585),20.0,5.0,10.0,36.0,06
21999,vw_geo_sfpd_cr_switrs_all_types_col_cty_union.fid-c18a0c2_186644fdb18_b7f,55176,25216000.000000004,,210286115,37.7864023199,-122.423213874,SFPD-INTERIM DB,CITY STREET,05/10/2021 08:30:00 AM,2021 May 10,08:30:00,2021,May,Monday,POST ST,FRANKLIN ST,0.0,Clear,Injury (Other Visible),Vehicle/Pedestrian,Pedestrian,Crossing in Crosswalk at Intersection,Dry,No Unusual Condition,Daylight,Intersection <= 20ft,0.0,1,1.0,Driver,East,Making Right Turn,Pedestrian,East,Proceeding Straight,POINT (-122.42321 37.786404),100.0,4.0,6.0,39.0,08
22011,vw_geo_sfpd_cr_switrs_all_types_col_cty_union.fid-c18a0c2_186644fdb18_e2b,55822,22551000.0,,210552897,37.716126071,-122.471572044,SFPD-INTERIM DB,CITY STREET,08/28/2021 07:45:00 PM,2021 August 28,19:45:00,2021,August,Saturday,19TH AVE,BEVERLY ST,0.0,Clear,Injury (Other Visible),Sideswipe,Pedestrian,"In Road, Including Shoulder",Dry,No Unusual Condition,Dark - Street Lights,Intersection <= 20ft,0.0,1,1.0,Driver,South,Proceeding Straight,Pedestrian,West,Other,POINT (-122.47157 37.716125),65.0,10.0,1.0,24.0,19
22012,vw_geo_sfpd_cr_switrs_all_types_col_cty_union.fid-c18a0c2_186644fdb18_f11,56126,22101000.0,11765000.0,210631190,37.724985087,-122.44308622,SFPD-INTERIM DB,CITY STREET,09/28/2021 04:23:00 PM,2021 September 28,16:23:00,2021,September,Tuesday,SERGEANT JOHN V YOUNG ST,SAN JOSE AVE,6.0,Clear,Injury (Other Visible),Vehicle/Pedestrian,Pedestrian,Crossing in Crosswalk at Intersection,Dry,No Unusual Condition,Daylight,Intersection <= 20ft,0.0,1,1.0,Pedestrian,North,Not Stated,Driver,East,Proceeding Straight,POINT (-122.443085 37.724983),94.0,9.0,1.0,28.0,16
22039,vw_geo_sfpd_cr_switrs_all_types_col_cty_union.fid-c18a0c2_186644fdb18_b5f,55528,24170000.0,726000.0,210280117,37.7650378026,-122.419893035,SFPD-INTERIM DB,CITY STREET,05/07/2021 03:01:00 PM,2021 May 07,15:01:00,2021,May,Friday,16TH ST,MISSION ST,65.0,Clear,Injury (Complaint of Pain),Vehicle/Pedestrian,Pedestrian,Crossing Not in Crosswalk,Wet,No Unusual Condition,Daylight,Midblock > 20ft,0.0,1,1.0,Pedestrian,South,Entering Traffic,Driver,West,Proceeding Straight,POINT (-122.41989 37.765038),53.0,3.0,2.0,20.0,15
22043,vw_geo_sfpd_cr_switrs_all_types_col_cty_union.fid-c18a0c2_186644fdb18_ab6,55352,33674000.0,,210224529,37.7379658671,-122.406910504,SFPD-INTERIM DB,CITY STREET,04/12/2021 04:56:00 AM,2021 April 12,04:56:00,2021,April,Monday,BAY SHORE BLVD,INDUSTRIAL ST,0.0,Clear,Injury (Complaint of Pain),Vehicle/Pedestrian,Pedestrian,Crossing in Crosswalk at Intersection,Dry,No Unusual Condition,Dark - Street Lights,Intersection <= 20ft,0.0,1,1.0,Driver,South,Proceeding Straight,Pedestrian,East,Proceeding Straight,POINT (-122.40691 37.737965),82.0,2.0,9.0,1.0,04
22046,vw_geo_sfpd_cr_switrs_all_types_col_cty_union.fid-c18a0c2_186644fdb18_666,40003,27921000.0,,130059834,37.7510931512194,-122.505276575735,SFPD-CROSSROADS,CITY STREET,01/22/2013 08:37:00 AM,2013 January 22,08:37:00,2013,January,Tuesday,ORTEGA ST,46TH AVE,0.0,Clear,Injury (Other Visible),Vehicle/Pedestrian,Pedestrian,Crossing Not in Crosswalk,Dry,No Unusual Condition,Daylight,Intersection <= 20ft,0.0,1,1.0,Driver,East,Making Left Turn,Pedestrian,North,Proceeding Straight,POINT (-122.50528 37.751095),39.0,10.0,7.0,35.0,08
22048,vw_geo_sfpd_cr_switrs_all_types_col_cty_union.fid-c18a0c2_186644fdb18_-633,11503,25813000.0,,180658389,37.760888933,-122.435000702,SFPD-INTERIM DB,CITY STREET,08/31/2018 02:30:00 PM,2018 August 31,14:30:00,2018,August,Friday,CASTRO ST,18TH ST,0.0,Clear,Injury (Complaint of Pain),Sideswipe,Pedestrian,Crossing Not in Crosswalk,Dry,No Unusual Condition,Daylight,Intersection <= 20ft,0.0,1,1.0,Pedestrian,East,Proceeding Straight,Driver,North,Stopped In Road,POINT (-122.435 37.760887),38.0,3.0,5.0,5.0,14
22058,vw_geo_sfpd_cr_switrs_all_types_col_cty_union.fid-c18a0c2_186644fdb18_-38,53012,26345000.0,,200348979,37.7720803942,-122.445716665,SFPD-INTERIM DB,CITY STREET,06/09/2020 05:33:00 PM,2020 June 09,17:33:00,2020,June,Tuesday,OAK ST,MASONIC AVE,0.0,Clear,Injury (Other Visible),Vehicle/Pedestrian,Pedestrian,Crossing in Crosswalk at Intersection,Dry,No Unusual Condition,Daylight,Intersection <= 20ft,0.0,1,1.0,Driver,East,Making Left Turn,Pedestrian,West,Proceeding Straight,POINT (-122.44572 37.77208),24.0,7.0,11.0,12.0,17
22073,vw_geo_sfpd_cr_switrs_all_types_col_cty_union.fid-c18a0c2_186644fdb18_f22,56387,25032000.0,,210638516,37.7969019056771,-122.406827676788,SFPD-INTERIM DB,CITY STREET,10/01/2021 12:50:00 PM,2021 October 01,12:50:00,2021,October,Friday,GRANT AVE,PACIFIC AVE,0.0,Clear,Injury (Severe),Broadside,Pedestrian,Crossing in Crosswalk at Intersection,Dry,No Unusual Condition,Daylight,Intersection <= 20ft,0.0,1,2.0,Driver,West,Proceeding Straight,Pedestrian,North,Proceeding Straight,POINT (-122.40683 37.7969),104.0,6.0,3.0,6.0,12
22074,vw_geo_sfpd_cr_switrs_all_types_col_cty_union.fid-c18a0c2_186644fdb18_-3c2,52601,25599000.0,7459000.0,200047115,37.8077613933,-122.419410674,SFPD-INTERIM DB,CITY STREET,01/19/2020 03:18:00 PM,2020 January 19,15:18:00,2020,January,Sunday,JEFFERSON ST,LEAVENWORTH ST,95.0,Clear,Injury (Complaint of Pain),Head-On,Pedestrian,Not in Road,Dry,No Unusual Condition,Daylight,Midblock > 20ft,0.0,1,1.0,Driver,West,Proceeding Straight,Pedestrian,East,Proceeding Straight,POINT (-122.41941 37.807762),99.0,6.0,6.0,32.0,15
22092,vw_geo_sfpd_cr_switrs_all_types_col_cty_union.fid-c18a0c2_186644fdb18_a9a,55144,27378000.0,8359101.0,210215001,37.7653452954,-122.479414167,SFPD-INTERIM DB,CITY STREET,04/07/2021 10:05:00 AM,2021 April 07,10:05:00,2021,April,Wednesday,LINCOLN WAY,21ST AVE,5.0,Cloudy,Injury (Severe),Vehicle/Pedestrian,Pedestrian,Crossing in Crosswalk at Intersection,Dry,No Unusual Condition,Daylight,Intersection <= 20ft,0.0,1,1.0,Driver,West,Proceeding Straight,Pedestrian,South,Not Stated,POINT (-122.479416 37.765347),39.0,10.0,7.0,35.0,10
22100,vw_geo_sfpd_cr_switrs_all_types_col_cty_union.fid-c18a0c2_186644fdb18_d40,56216,30727000.000000004,,210446375,37.7932563499,-122.396302004,SFPD-INTERIM DB,CITY STREET,07/15/2021 04:34:00 AM,2021 July 15,04:34:00,2021,July,Thursday,MARKET ST,DRUMM ST,0.0,Clear,Injury (Severe),Vehicle/Pedestrian,Pedestrian,Crossing Not in Crosswalk,Dry,No Unusual Condition,Dark - Street Lights,Intersection <= 20ft,0.0,1,1.0,Pedestrian,West,Proceeding Straight,Driver,North,Proceeding Straight,POINT (-122.3963 37.793255),108.0,6.0,10.0,8.0,04
22107,vw_geo_sfpd_cr_switrs_all_types_col_cty_union.fid-c18a0c2_186644fdb18_261,53677,24333000.0,,200585416,37.780719177,-122.415315615,SFPD-INTERIM DB,CITY STREET,09/29/2020 03:24:00 AM,2020 September 29,03:24:00,2020,September,Tuesday,MCALLISTER ST,HYDE ST,0.0,Clear,Injury (Other Visible),Vehicle/Pedestrian,Pedestrian,Crossing in Crosswalk at Intersection,Dry,No Unusual Condition,Dark - Street Lights,Intersection <= 20ft,0.0,1,1.0,Driver,West,Proceeding Straight,Pedestrian,North,Proceeding Straight,POINT (-122.41531 37.78072),21.0,5.0,10.0,36.0,03
22124,vw_geo_sfpd_cr_switrs_all_types_col_cty_union.fid-c18a0c2_186644fdb18_-2eb,52754,23946000.0,,200107816,37.7797389058,-122.407159488,SFPD-INTERIM DB,CITY STREET,02/12/2020 12:41:00 PM,2020 February 12,12:41:00,2020,February,Wednesday,06TH ST,HOWARD ST,0.0,Clear,Injury (Complaint of Pain),Vehicle/Pedestrian,Pedestrian,Crossing in Crosswalk at Intersection,Dry,No Unusual Condition,Daylight,Intersection <= 20ft,0.0,1,1.0,Pedestrian,West,Proceeding Straight,Driver,North,Making Right Turn,POINT (-122.40716 37.77974),32.0,1.0,10.0,34.0,12
22140,vw_geo_sfpd_cr_switrs_all_types_col_cty_union.fid-c18a0c2_186644fdb18_-4cc,52066,34167000.0,19992000.0,200012049,37.773978791,-122.392075714,SFPD-INTERIM DB,CITY STREET,01/05/2020 04:40:00 PM,2020 January 05,16:40:00,2020,January,Sunday,CHANNEL,04TH ST,180.0,Clear,Injury (Complaint of Pain),Vehicle/Pedestrian,Pedestrian,"In Road, Including Shoulder",Dry,No Unusual Condition,Daylight,Midblock > 20ft,0.0,1,1.0,Driver,East,Backing,Pedestrian,South,Stopped,POINT (-122.392075 37.77398),34.0,1.0,10.0,4.0,16
22141,vw_geo_sfpd_cr_switrs_all_types_col_cty_union.fid-c18a0c2_186644fdb18_527,54416,21766000.0,2163201.0,200768850,37.728722,-122.434581,SFPD-INTERIM DB,CITY STREET,12/21/2020 02:45:00 PM,2020 December 21,14:45:00,2020,December,Monday,ALEMANY BLVD,THERESA ST,6.0,Clear,Injury (Severe),Sideswipe,Pedestrian,Crossing in Crosswalk at Intersection,Dry,No Unusual Condition,Daylight,Intersection <= 20ft,0.0,1,1.0,Driver,West,Proceeding Straight,Pedestrian,East,Other,POINT (-122.43458 37.72872),94.0,9.0,1.0,28.0,14
22142,vw_geo_sfpd_cr_switrs_all_types_col_cty_union.fid-c18a0c2_186644fdb18_-284,52357,27557000.0,,200132443,37.7799935408,-122.486878047,SFPD-INTERIM DB,CITY STREET,02/21/2020 09:00:00 PM,2020 February 21,21:00:00,2020,February,Friday,GEARY BLVD,27TH AVE,0.0,Clear,Injury (Complaint of Pain),Vehicle/Pedestrian,Pedestrian,Crossing in Crosswalk at Intersection,Dry,No Unusual Condition,Dark - Street Lights,Intersection <= 20ft,0.0,1,1.0,Driver,South,Making Left Turn,Pedestrian,North,Proceeding Straight,POINT (-122.48688 37.779995),8.0,8.0,4.0,29.0,21
22150,vw_geo_sfpd_cr_switrs_all_types_col_cty_union.fid-c18a0c2_186644fdb18_7c1,57176,26475000.0,12084000.0,210006270,37.7746230378304,-122.454637282636,SFPD-INTERIM DB,CITY STREET,01/04/2021 07:30:00 AM,2021 January 04,07:30:00,2021,January,Monday,STANYAN ST,FULTON ST,50.0,Cloudy,Injury (Complaint of Pain),Broadside,Pedestrian,Crossing Not in Crosswalk,Wet,No Unusual Condition,Dusk - Dawn,Midblock > 20ft,0.0,1,1.0,Pedestrian,East,Entering Traffic,Driver,South,Proceeding Straight,POINT (-122.454636 37.774624),12.0,7.0,4.0,18.0,07