,id,unique_id,cnn_intrsctn_fkey,cnn_sgmt_fkey,case_id_pkey,tb_latitude,tb_longitude,geocode_source,geocode_location,collision_datetime,collision_date,collision_time,accident_year,month,day_of_week,primary_rd,secondary_rd,distance,weather_1,collision_severity,type_of_collision,mviw,ped_action,road_surface,road_cond_1,lighting,intersection,number_killed,number_injured,party_at_fault,party1_type,party1_dir_of_travel,party1_move_pre_acc,party2_type,party2_dir_of_travel,party2_move_pre_acc,point,Neighborhoods,Current Police Districts,Current Supervisor Districts,Analysis Neighborhoods,hour
22156,vw_geo_sfpd_cr_switrs_all_types_col_cty_union.fid-c18a0c2_186644fdb18_507,54393,25165000.0,,200760674,37.7893198495,-122.415371923,SFPD-INTERIM DB,CITY STREET,12/17/2020 11:56:00 PM,2020 December 17,23:56:00,2020,December,Thursday,BUSH ST,LEAVENWORTH ST,0.0,Clear,Injury (Other Visible),Vehicle/Pedestrian,Pedestrian,"In Road, Including Shoulder",Dry,No Unusual Condition,Dark - Street Lights,Intersection <= 20ft,0.0,1,1.0,Pedestrian,South,Proceeding Straight,Driver,East,Proceeding Straight,POINT (-122.415375 37.789318),50.0,6.0,3.0,21.0,23
22172,vw_geo_sfpd_cr_switrs_all_types_col_cty_union.fid-c18a0c2_186644fdb18_-647,28547,54152000.00000001,12204000.0,150822263,37.7934946244144,-122.407790349071,SFPD-CROSSROADS,CITY STREET,09/19/2015 10:16:00 AM,2015 September 19,10:16:00,2015,September,Saturday,STOCKTON ST,SACRAMENTO ST,117.0,Clear,Injury (Complaint of Pain),Vehicle/Pedestrian,Pedestrian,Crossing Not in Crosswalk,Dry,No Unusual Condition,Daylight,Midblock > 20ft,0.0,1,1.0,Pedestrian,West,Other,Driver,South,Proceeding Straight,POINT (-122.40779 37.793495),104.0,6.0,3.0,6.0,10
22175,vw_geo_sfpd_cr_switrs_all_types_col_cty_union.fid-c18a0c2_186644fdb18_474,54295,24063000.0,12031000.0,200727339,37.7523207679,-122.416260383,SFPD-INTERIM DB,CITY STREET,12/02/2020 05:40:00 PM,2020 December 02,17:40:00,2020,December,Wednesday,SOUTH VAN NESS AVE,24TH ST,19.0,Clear,Injury (Severe),Vehicle/Pedestrian,Pedestrian,Crossing Not in Crosswalk,Dry,No Unusual Condition,Dark - Street Lights,Intersection <= 20ft,0.0,1,1.0,Pedestrian,East,Proceeding Straight,Driver,South,Proceeding Straight,POINT (-122.41626 37.75232),53.0,3.0,2.0,20.0,17
22178,vw_geo_sfpd_cr_switrs_all_types_col_cty_union.fid-c18a0c2_186644fdb18_472,54293,23798000.0,,200726751,37.7763329764,-122.394035064,SFPD-INTERIM DB,CITY STREET,12/02/2020 02:00:00 PM,2020 December 02,14:00:00,2020,December,Wednesday,KING ST,04TH ST,0.0,Clear,Injury (Severe),Sideswipe,Pedestrian,Crossing in Crosswalk at Intersection,Dry,No Unusual Condition,Daylight,Intersection <= 20ft,0.0,1,1.0,Pedestrian,North,Proceeding Straight,Driver,West,Proceeding Straight,POINT (-122.394035 37.776333),34.0,1.0,10.0,4.0,14
22181,vw_geo_sfpd_cr_switrs_all_types_col_cty_union.fid-c18a0c2_186644fdb18_-20e,52409,25417000.0,6457000.0,200164167,37.7990979577,-122.412265941,SFPD-INTERIM DB,CITY STREET,03/04/2020 08:10:00 PM,2020 March 04,20:10:00,2020,March,Wednesday,GREEN ST,MASON ST,5.0,Clear,Injury (Other Visible),Vehicle/Pedestrian,Pedestrian,Crossing in Crosswalk at Intersection,Dry,No Unusual Condition,Dark - Street Lights,Intersection <= 20ft,0.0,1,1.0,Driver,East,Making Right Turn,Pedestrian,South,Proceeding Straight,POINT (-122.41227 37.7991),107.0,6.0,3.0,6.0,20
22182,vw_geo_sfpd_cr_switrs_all_types_col_cty_union.fid-c18a0c2_186644fdb18_36a,54069,27375000.0,7296000.0,200656794,37.7635167366,-122.478145869,SFPD-INTERIM DB,CITY STREET,10/31/2020 09:30:00 AM,2020 October 31,09:30:00,2020,October,Saturday,IRVING ST,20TH AVE,13.0,Clear,Injury (Complaint of Pain),Vehicle/Pedestrian,Pedestrian,Crossing in Crosswalk at Intersection,Dry,No Unusual Condition,Daylight,Intersection <= 20ft,0.0,1,1.0,Driver,East,Making Left Turn,Pedestrian,North,Proceeding Straight,POINT (-122.47815 37.763515),39.0,10.0,7.0,35.0,09
22185,vw_geo_sfpd_cr_switrs_all_types_col_cty_union.fid-c18a0c2_186644fdb18_7a6,55024,24900000.000000004,,210002347,37.785282918,-122.409497526,SFPD-INTERIM DB,CITY STREET,01/02/2021 06:32:00 AM,2021 January 02,06:32:00,2021,January,Saturday,MASON ST,ELLIS ST,0.0,Cloudy,Injury (Complaint of Pain),Vehicle/Pedestrian,Pedestrian,Crossing in Crosswalk at Intersection,Wet,No Unusual Condition,Dark - Street Lights,Intersection <= 20ft,0.0,1,1.0,Driver,South,Making Left Turn,Pedestrian,West,Proceeding Straight,POINT (-122.4095 37.785282),20.0,5.0,10.0,36.0,06
22198,vw_geo_sfpd_cr_switrs_all_types_col_cty_union.fid-c18a0c2_186644fdb18_2e6,53938,20612000.0,,200621383,37.7301646146,-122.398970458,SFPD-INTERIM DB,CITY STREET,10/15/2020 08:05:00 AM,2020 October 15,08:05:00,2020,October,Thursday,WILLIAMS AVE,APOLLO ST,0.0,Clear,Injury (Other Visible),Vehicle/Pedestrian,Pedestrian,Crossing in Crosswalk at Intersection,Dry,No Unusual Condition,Dusk - Dawn,Intersection <= 20ft,0.0,1,1.0,Pedestrian,North,Proceeding Straight,Driver,West,Entering Traffic,POINT (-122.39897 37.730164),86.0,2.0,9.0,1.0,08
22208,vw_geo_sfpd_cr_switrs_all_types_col_cty_union.fid-c18a0c2_186644fdb18_116,39013,23239000.0,,180389089,37.7409001003,-122.481989436,SFPD-INTERIM DB,CITY STREET,05/25/2018 08:00:00 AM,2018 May 25,08:00:00,2018,May,Friday,ULLOA ST,25TH AVE,0.0,Cloudy,Injury (Complaint of Pain),Vehicle/Pedestrian,Pedestrian,Crossing in Crosswalk at Intersection,Dry,No Unusual Condition,Daylight,Intersection <= 20ft,0.0,1,1.0,Driver,East,Proceeding Straight,Pedestrian,South,Proceeding Straight,POINT (-122.48199 37.740902),40.0,10.0,7.0,35.0,08
22217,vw_geo_sfpd_cr_switrs_all_types_col_cty_union.fid-c18a0c2_186644fdb18_3ff,54213,23944000.0,,200697914,37.7814995083039,-122.404933347246,SFPD-INTERIM DB,CITY STREET,11/18/2020 06:54:00 PM,2020 November 18,18:54:00,2020,November,Wednesday,05TH ST,05TH ST,0.0,Clear,Injury (Complaint of Pain),Vehicle/Pedestrian,Pedestrian,Crossing in Crosswalk at Intersection,Dry,No Unusual Condition,Dark - Street Lights,Intersection <= 20ft,0.0,1,1.0,Driver,South,Making Left Turn,Pedestrian,East,Other,POINT (-122.40493 37.781498),32.0,1.0,10.0,34.0,18
22221,vw_geo_sfpd_cr_switrs_all_types_col_cty_union.fid-c18a0c2_186644fdb18_-107,52862,24933000.0,12720000.0,200272635,37.7825797938,-122.415734905,SFPD-INTERIM DB,CITY STREET,05/02/2020 06:09:00 PM,2020 May 02,18:09:00,2020,May,Saturday,TURK ST,HYDE ST,12.0,Cloudy,Injury (Severe),Head-On,Pedestrian,Crossing Not in Crosswalk,Dry,No Unusual Condition,Daylight,Intersection <= 20ft,0.0,1,1.0,Driver,West,Proceeding Straight,Pedestrian,North,Not Stated,POINT (-122.41573 37.78258),20.0,5.0,10.0,36.0,18
22226,vw_geo_sfpd_cr_switrs_all_types_col_cty_union.fid-c18a0c2_186644fdb18_-38c,52105,24888000.0,290000.0,200061654,37.7834123964,-122.407336165,SFPD-INTERIM DB,CITY STREET,01/25/2020 11:05:00 AM,2020 January 25,11:05:00,2020,January,Saturday,05TH ST,STEVENSON ST,60.0,Cloudy,Injury (Other Visible),Vehicle/Pedestrian,Pedestrian,Crossing Not in Crosswalk,Dry,No Unusual Condition,Daylight,Midblock > 20ft,0.0,1,1.0,Pedestrian,East,Other,Driver,South,Proceeding Straight,POINT (-122.40733 37.783413),32.0,5.0,10.0,34.0,11
22235,vw_geo_sfpd_cr_switrs_all_types_col_cty_union.fid-c18a0c2_186644fdb18_bf2,55579,21332000.0,9133000.0,210325321,37.7445630392,-122.420553651,SFPD-INTERIM DB,CITY STREET,05/26/2021 06:22:00 PM,2021 May 26,18:22:00,2021,May,Wednesday,MISSION ST,29TH ST,215.0,Clear,Injury (Severe),Vehicle/Pedestrian,Pedestrian,Crossing Not in Crosswalk,Dry,No Unusual Condition,Daylight,Midblock > 20ft,0.0,1,1.0,Pedestrian,West,Crossed Into Opposing Lane,Driver,North,Proceeding Straight,POINT (-122.420555 37.744564),83.0,9.0,2.0,2.0,18
22244,vw_geo_sfpd_cr_switrs_all_types_col_cty_union.fid-c18a0c2_186644fdb18_483,54310,27207000.0,12752000.0,200734102,37.7773988762,-122.456887293,SFPD-INTERIM DB,CITY STREET,12/05/2020 05:39:00 PM,2020 December 05,17:39:00,2020,December,Saturday,TURK BLVD,WILLARD ST NORTH,7.0,Cloudy,Injury (Severe),Vehicle/Pedestrian,Pedestrian,Crossing in Crosswalk at Intersection,Dry,No Unusual Condition,Dark - Street Lights,Intersection <= 20ft,0.0,1,1.0,Driver,West,Proceeding Straight,Pedestrian,South,Not Stated,POINT (-122.45689 37.777397),12.0,8.0,4.0,18.0,17
22255,vw_geo_sfpd_cr_switrs_all_types_col_cty_union.fid-c18a0c2_186644fdb18_793,2426,22192000.0,9818201.0,140742251,37.7230855073778,-122.452337421684,SFPD-CROSSROADS,CITY STREET,09/03/2014 04:59:00 PM,2014 September 03,16:59:00,2014,September,Wednesday,OCEAN AVE,PHELAN AVE,3.0,Clear,Injury (Complaint of Pain),Vehicle/Pedestrian,Pedestrian,Crossing Not in Crosswalk,Dry,No Unusual Condition,Daylight,Intersection <= 20ft,0.0,1,1.0,Pedestrian,West,Proceeding Straight,Driver,West,Proceeding Straight,POINT (-122.45234 37.723087),71.0,10.0,8.0,24.0,16
22267,vw_geo_sfpd_cr_switrs_all_types_col_cty_union.fid-c18a0c2_186644fdb18_-83,52981,20770000.0,11373000.0,200323595,37.7321220045,-122.405470088,SFPD-INTERIM DB,CITY STREET,05/28/2020 08:24:00 PM,2020 May 28,20:24:00,2020,May,Thursday,SAN BRUNO AVE,SILVER AVE,122.0,Clear,Injury (Complaint of Pain),Vehicle/Pedestrian,Pedestrian,"In Road, Including Shoulder",Dry,No Unusual Condition,Dark - Street Lights,Midblock > 20ft,0.0,1,,Pedestrian,North,Entering Traffic,Driver,North,Proceeding Straight,POINT (-122.40547 37.73212),91.0,2.0,2.0,25.0,20
22269,vw_geo_sfpd_cr_switrs_all_types_col_cty_union.fid-c18a0c2_186644fdb18_8a9,40150,27339000.000000004,,140034757,37.7541457666514,-122.478615695607,SFPD-CROSSROADS,CITY STREET,01/13/2014 08:51:00 AM,2014 January 13,08:51:00,2014,January,Monday,NORIEGA ST,21ST AVE,0.0,Clear,Injury (Complaint of Pain),Vehicle/Pedestrian,Pedestrian,Crossing in Crosswalk at Intersection,Dry,No Unusual Condition,Daylight,Intersection <= 20ft,0.0,1,1.0,Driver,East,Making Left Turn,Pedestrian,North,Proceeding Straight,POINT (-122.478615 37.754147),39.0,10.0,7.0,35.0,08
22276,vw_geo_sfpd_cr_switrs_all_types_col_cty_union.fid-c18a0c2_186644fdb18_-20f,52412,25867000.0,,200163896,37.7727343122,-122.425512056,SFPD-INTERIM DB,CITY STREET,03/04/2020 06:58:00 PM,2020 March 04,18:58:00,2020,March,Wednesday,LAGUNA ST,HAIGHT ST,0.0,Clear,Injury (Complaint of Pain),Vehicle/Pedestrian,Pedestrian,Crossing in Crosswalk at Intersection,Dry,No Unusual Condition,Dark - Street Lights,Intersection <= 20ft,0.0,1,1.0,Driver,South,Proceeding Straight,Pedestrian,West,Other,POINT (-122.425514 37.772736),26.0,4.0,11.0,9.0,18
22280,vw_geo_sfpd_cr_switrs_all_types_col_cty_union.fid-c18a0c2_186644fdb18_-5a7,28894,25148000.0,,160621641,37.7833108898927,-122.417528773168,SFPD-CROSSROADS,CITY STREET,08/02/2016 09:28:00 AM,2016 August 02,09:28:00,2016,August,Tuesday,EDDY ST,LARKIN ST,0.0,Clear,Injury (Complaint of Pain),Vehicle/Pedestrian,Pedestrian,Crossing in Crosswalk at Intersection,Dry,No Unusual Condition,Daylight,Intersection <= 20ft,0.0,1,1.0,Driver,West,Making Left Turn,Pedestrian,North,Proceeding Straight,POINT (-122.41753 37.78331),20.0,5.0,10.0,36.0,09
22281,vw_geo_sfpd_cr_switrs_all_types_col_cty_union.fid-c18a0c2_186644fdb18_414,54229,23599000.0,,200700915,37.7862237778,-122.38963664,SFPD-INTERIM DB,CITY STREET,11/20/2020 08:31:00 AM,2020 November 20,08:31:00,2020,November,Friday,BEALE ST,BRYANT ST,0.0,Clear,Injury (Complaint of Pain),Broadside,Pedestrian,Crossing in Crosswalk at Intersection,Dry,No Unusual Condition,Daylight,Intersection <= 20ft,0.0,1,,Driver,South,Making Left Turn,Pedestrian,North,Proceeding Straight,POINT (-122.38963 37.786224),31.0,1.0,10.0,8.0,08
22292,vw_geo_sfpd_cr_switrs_all_types_col_cty_union.fid-c18a0c2_186644fdb18_51c,54408,20460000.0,,200766092,37.7202309123,-122.396617026,SFPD-INTERIM DB,CITY STREET,12/20/2020 01:17:00 PM,2020 December 20,13:17:00,2020,December,Sunday,03RD ST,JAMESTOWN AVE,0.0,Clear,Injury (Other Visible),Vehicle/Pedestrian,Pedestrian,Crossing in Crosswalk at Intersection,Dry,No Unusual Condition,Daylight,Intersection <= 20ft,0.0,1,1.0,Driver,South,Making Right Turn,Pedestrian,South,Not Stated,POINT (-122.396614 37.72023),88.0,2.0,9.0,1.0,13
22304,vw_geo_sfpd_cr_switrs_all_types_col_cty_union.fid-c18a0c2_186644fdb18_-62c,28615,25026000.0,12205000.0,140702017,37.7949190157177,-122.408074773699,SFPD-CROSSROADS,CITY STREET,08/21/2014 03:38:00 PM,2014 August 21,15:38:00,2014,August,Thursday,STOCKTON ST,WASHINGTON ST,8.0,Clear,Injury (Complaint of Pain),Broadside,Pedestrian,Crossing in Crosswalk at Intersection,Dry,Obstruction on Roadway,Daylight,Intersection <= 20ft,0.0,1,,Driver,South,Proceeding Straight,Pedestrian,East,Proceeding Straight,POINT (-122.40807 37.794918),104.0,6.0,3.0,6.0,15
22307,vw_geo_sfpd_cr_switrs_all_types_col_cty_union.fid-c18a0c2_186644fdb18_-200,52468,24160000.0,13063000.0,200166890,37.7617200544,-122.421580233,SFPD-INTERIM DB,CITY STREET,03/05/2020 11:03:00 PM,2020 March 05,23:03:00,2020,March,Thursday,VALENCIA ST,18TH ST,7.0,Clear,Fatal,Vehicle/Pedestrian,Pedestrian,Crossing in Crosswalk at Intersection,Dry,No Unusual Condition,Dark - Street Lights,Intersection <= 20ft,1.0,1,1.0,Driver,East,Making Left Turn,Pedestrian,West,Not Stated,POINT (-122.42158 37.76172),53.0,3.0,5.0,20.0,23
22314,vw_geo_sfpd_cr_switrs_all_types_col_cty_union.fid-c18a0c2_186644fdb18_21e,53560,26409000.000000004,,200561109,37.7697978514,-122.448578815,SFPD-INTERIM DB,CITY STREET,09/17/2020 05:16:00 PM,2020 September 17,17:16:00,2020,September,Thursday,HAIGHT ST,CLAYTON ST,0.0,Clear,Injury (Complaint of Pain),Vehicle/Pedestrian,Pedestrian,Crossing in Crosswalk at Intersection,Dry,No Unusual Condition,Daylight,Intersection <= 20ft,0.0,1,1.0,Driver,West,Making Left Turn,Pedestrian,South,Proceeding Straight,POINT (-122.44858 37.7698),25.0,7.0,11.0,3.0,17
22316,vw_geo_sfpd_cr_switrs_all_types_col_cty_union.fid-c18a0c2_186644fdb18_55c,39973,27695000.0,,170175070,37.7515268229886,-122.495630256907,SFPD-CROSSROADS,CITY STREET,03/02/2017 02:42:00 PM,2017 March 02,14:42:00,2017,March,Thursday,ORTEGA ST,37TH AVE,0.0,Cloudy,Injury (Complaint of Pain),Vehicle/Pedestrian,Pedestrian,Crossing in Crosswalk at Intersection,Dry,No Unusual Condition,Daylight,Intersection <= 20ft,0.0,1,1.0,Driver,East,Entering Traffic,Pedestrian,North,Proceeding Straight,POINT (-122.49563 37.751526),39.0,10.0,7.0,35.0,14
22323,vw_geo_sfpd_cr_switrs_all_types_col_cty_union.fid-c18a0c2_186644fdb18_84a,54680,24001000.0,10666101.0,210039942,37.7593418066,-122.406923203,SFPD-INTERIM DB,CITY STREET,01/18/2021 12:41:00 PM,2021 January 18,12:41:00,2021,January,Monday,POTRERO AVE,20TH ST,11.0,Clear,Injury (Severe),Vehicle/Pedestrian,Pedestrian,Crossing in Crosswalk at Intersection,Dry,No Unusual Condition,Daylight,Intersection <= 20ft,0.0,1,1.0,Driver,South,Proceeding Straight,Pedestrian,East,Not Stated,POINT (-122.40692 37.759342),54.0,3.0,9.0,20.0,12
22328,vw_geo_sfpd_cr_switrs_all_types_col_cty_union.fid-c18a0c2_186644fdb18_-4f5,37404,22223000.0,9819101.0,170657028,37.7234177910924,-122.454049985572,SFPD-CROSSROADS,CITY STREET,08/12/2017 03:47:00 PM,2017 August 12,15:47:00,2017,August,Saturday,OCEAN AVE,LEE AVE,25.0,Cloudy,Injury (Complaint of Pain),Vehicle/Pedestrian,Pedestrian,Crossing in Crosswalk at Intersection,Dry,No Unusual Condition,Daylight,Midblock > 20ft,0.0,1,1.0,Driver,East,Making Right Turn,Pedestrian,South,Proceeding Straight,POINT (-122.45405 37.72342),64.0,10.0,8.0,41.0,15
22330,vw_geo_sfpd_cr_switrs_all_types_col_cty_union.fid-c18a0c2_186644fdb18_9ac,18481,30756000.0,9875401.0,140595555,37.7719379398941,-122.423413912474,SFPD-CROSSROADS,CITY STREET,07/17/2014 09:30:00 PM,2014 July 17,21:30:00,2014,July,Thursday,OCTAVIA ST,MARKET ST,20.0,Fog,Injury (Complaint of Pain),Vehicle/Pedestrian,Pedestrian,"In Road, Including Shoulder",Dry,No Unusual Condition,Dark - Street Lights,Intersection <= 20ft,0.0,1,1.0,Pedestrian,North,Other,Driver,South,Not Stated,POINT (-122.423416 37.77194),26.0,1.0,5.0,20.0,21
22333,vw_geo_sfpd_cr_switrs_all_types_col_cty_union.fid-c18a0c2_186644fdb18_-437,13351,24227000.0,,150817327,37.768022822519,-122.413341003383,SFPD-CROSSROADS,CITY STREET,09/17/2015 05:56:00 PM,2015 September 17,17:56:00,2015,September,Thursday,ALAMEDA ST,HARRISON ST,0.0,Clear,Injury (Other Visible),Vehicle/Pedestrian,Pedestrian,Crossing in Crosswalk at Intersection,Dry,No Unusual Condition,Daylight,Intersection <= 20ft,0.0,1,1.0,Driver,West,Proceeding Straight,Pedestrian,South,Proceeding Straight,POINT (-122.41334 37.768024),53.0,3.0,2.0,20.0,17
22341,vw_geo_sfpd_cr_switrs_all_types_col_cty_union.fid-c18a0c2_186644fdb18_d8b,19045,25901000.0,,180247675,37.7732478005,-122.428990052,SFPD-INTERIM DB,CITY STREET,04/03/2018 08:05:00 PM,2018 April 03,20:05:00,2018,April,Tuesday,WEBSTER ST,PAGE ST,0.0,Clear,Injury (Complaint of Pain),Vehicle/Pedestrian,Pedestrian,Crossing in Crosswalk at Intersection,Dry,No Unusual Condition,Daylight,Intersection <= 20ft,0.0,1,,Driver,South,Proceeding Straight,Pedestrian,East,Proceeding Straight,POINT (-122.42899 37.773247),26.0,4.0,11.0,9.0,20
22343,vw_geo_sfpd_cr_switrs_all_types_col_cty_union.fid-c18a0c2_186644fdb18_282,53833,21898000.0,6587101.0,200594859,37.7487863321,-122.422567459,SFPD-INTERIM DB,CITY STREET,10/02/2020 11:01:00 PM,2020 October 02,23:01:00,2020,October,Friday,GUERRERO ST,26TH ST,5.0,Clear,Injury (Severe),Broadside,Pedestrian,Crossing in Crosswalk at Intersection,Dry,No Unusual Condition,Dark - Street Lights,Intersection <= 20ft,0.0,1,1.0,Pedestrian,West,Proceeding Straight,Driver,North,Proceeding Straight,POINT (-122.42257 37.748787),53.0,3.0,5.0,20.0,23
22347,vw_geo_sfpd_cr_switrs_all_types_col_cty_union.fid-c18a0c2_186644fdb18_4d8,54357,27519000.0,,200749866,37.7725690616,-122.4841942,SFPD-INTERIM DB,CITY STREET,12/12/2020 06:35:00 PM,2020 December 12,18:35:00,2020,December,Saturday,25TH AVE,FULTON ST,0.0,Clear,Injury (Severe),Vehicle/Pedestrian,Pedestrian,"In Road, Including Shoulder",Dry,No Unusual Condition,Dark - Street Lights,Intersection <= 20ft,0.0,1,1.0,Pedestrian,North,Not Stated,Driver,North,Proceeding Straight,POINT (-122.48419 37.772568),9.0,8.0,4.0,12.0,18
22358,vw_geo_sfpd_cr_switrs_all_types_col_cty_union.fid-c18a0c2_186644fdb18_99d,55005,25351000.0,4294000.0,210136344,37.7992315221,-122.408641443,SFPD-INTERIM DB,CITY STREET,03/01/2021 06:43:00 PM,2021 March 01,18:43:00,2021,March,Monday,COLUMBUS AVE,GREEN ST,143.0,Clear,Injury (Severe),Vehicle/Pedestrian,Pedestrian,"In Road, Including Shoulder",Dry,No Unusual Condition,Dark - Street Lights,Midblock > 20ft,0.0,1,1.0,Pedestrian,South,Other,Driver,North,Proceeding Straight,POINT (-122.40864 37.799232),106.0,6.0,3.0,23.0,18
22369,vw_geo_sfpd_cr_switrs_all_types_col_cty_union.fid-c18a0c2_186644fdb18_43f,14040,24347000.0,,141057308,37.7708961084587,-122.414996655046,SFPD-CROSSROADS,CITY STREET,12/16/2014 05:45:00 PM,2014 December 16,17:45:00,2014,December,Tuesday,FOLSOM ST,12TH ST,0.0,Raining,Injury (Other Visible),Vehicle/Pedestrian,Pedestrian,Crossing in Crosswalk at Intersection,Wet,No Unusual Condition,Dark - Street Lights,Intersection <= 20ft,0.0,1,1.0,Pedestrian,North,Proceeding Straight,Driver,West,Proceeding Straight,POINT (-122.41499 37.770897),32.0,1.0,10.0,20.0,17
22375,vw_geo_sfpd_cr_switrs_all_types_col_cty_union.fid-c18a0c2_186644fdb18_-3aa,52613,21486000.0,,200053140,37.7164595462,-122.441019562,SFPD-INTERIM DB,CITY STREET,01/21/2020 10:18:00 PM,2020 January 21,22:18:00,2020,January,Tuesday,GENEVA AVE,MISSION ST,0.0,Clear,Injury (Complaint of Pain),Vehicle/Pedestrian,Pedestrian,Crossing Not in Crosswalk,Dry,No Unusual Condition,Dark - Street Lights,Intersection <= 20ft,0.0,1,1.0,Pedestrian,North,Proceeding Straight,Driver,East,Making Right Turn,POINT (-122.44102 37.71646),80.0,9.0,1.0,28.0,22
22378,vw_geo_sfpd_cr_switrs_all_types_col_cty_union.fid-c18a0c2_186644fdb18_d6,53294,24532000.0,,200447123,37.7885359312,-122.396034765,SFPD-INTERIM DB,CITY STREET,07/26/2020 04:10:00 PM,2020 July 26,16:10:00,2020,July,Sunday,01ST ST,HOWARD ST,0.0,Clear,Injury (Severe),Vehicle/Pedestrian,Pedestrian,Crossing in Crosswalk at Intersection,Dry,No Unusual Condition,Daylight,Intersection <= 20ft,0.0,1,1.0,Driver,South,Making Left Turn,Pedestrian,East,Proceeding Straight,POINT (-122.396034 37.788536),32.0,1.0,10.0,8.0,16
22382,vw_geo_sfpd_cr_switrs_all_types_col_cty_union.fid-c18a0c2_186644fdb18_bcd,55376,26823000.0,,210312340,37.788780749,-122.442297331,SFPD-INTERIM DB,CITY STREET,05/21/2021 10:51:00 AM,2021 May 21,10:51:00,2021,May,Friday,SACRAMENTO ST,BRODERICK ST,0.0,Clear,Injury (Other Visible),Vehicle/Pedestrian,Pedestrian,"In Road, Including Shoulder",Dry,No Unusual Condition,Daylight,Intersection <= 20ft,0.0,1,1.0,Pedestrian,East,Proceeding Straight,Driver,East,Making Left Turn,POINT (-122.4423 37.78878),102.0,8.0,6.0,30.0,10
22383,vw_geo_sfpd_cr_switrs_all_types_col_cty_union.fid-c18a0c2_186644fdb18_504,54389,33273000.0,11379000.0,200759235,37.7257352922,-122.402809898,SFPD-INTERIM DB,CITY STREET,12/17/2020 01:00:00 PM,2020 December 17,13:00:00,2020,December,Thursday,SAN BRUNO AVE,WOOLSEY ST,192.0,Clear,Injury (Complaint of Pain),Vehicle/Pedestrian,Pedestrian,"In Road, Including Shoulder",Wet,No Unusual Condition,Daylight,Midblock > 20ft,0.0,1,1.0,Pedestrian,East,Other,Driver,North,Backing,POINT (-122.40281 37.725735),91.0,2.0,2.0,25.0,13
22390,vw_geo_sfpd_cr_switrs_all_types_col_cty_union.fid-c18a0c2_186644fdb18_-251,52328,24666000.0,,200146911,37.7905712252,-122.39858951,SFPD-INTERIM DB,CITY STREET,02/27/2020 10:32:00 AM,2020 February 27,10:32:00,2020,February,Thursday,01ST ST,STEVENSON ST,0.0,Clear,Injury (Other Visible),Vehicle/Pedestrian,Pedestrian,Crossing in Crosswalk at Intersection,Dry,No Unusual Condition,Daylight,Intersection <= 20ft,0.0,1,1.0,Bicyclist,South,Proceeding Straight,Pedestrian,East,Other,POINT (-122.39859 37.790573),108.0,6.0,10.0,8.0,10
22391,vw_geo_sfpd_cr_switrs_all_types_col_cty_union.fid-c18a0c2_186644fdb18_-220,52766,23964000.0,,200160494,37.7561669834,-122.406635799,SFPD-INTERIM DB,CITY STREET,03/03/2020 03:11:00 PM,2020 March 03,15:11:00,2020,March,Tuesday,22ND ST,POTRERO AVE,0.0,Clear,Injury (Other Visible),Vehicle/Pedestrian,Pedestrian,Crossing in Crosswalk at Intersection,Dry,No Unusual Condition,Daylight,Intersection <= 20ft,0.0,1,1.0,Driver,West,Making Left Turn,Pedestrian,West,Proceeding Straight,POINT (-122.40664 37.75617),53.0,3.0,2.0,20.0,15
22395,vw_geo_sfpd_cr_switrs_all_types_col_cty_union.fid-c18a0c2_186644fdb18_b6a,55531,24519000.000000004,,210281416,37.7855421308,-122.396705178,SFPD-INTERIM DB,CITY STREET,05/07/2021 11:39:00 PM,2021 May 07,23:39:00,2021,May,Friday,FOLSOM ST,02ND ST,0.0,Clear,Injury (Severe),Vehicle/Pedestrian,Pedestrian,Crossing in Crosswalk at Intersection,Dry,No Unusual Condition,Dark - Street Lights,Intersection <= 20ft,0.0,1,1.0,Driver,East,Proceeding Straight,Pedestrian,North,Proceeding Straight,POINT (-122.396706 37.78554),32.0,1.0,10.0,8.0,23
22401,vw_geo_sfpd_cr_switrs_all_types_col_cty_union.fid-c18a0c2_186644fdb18_c29,55258,23753000.000000004,,210341242,37.7648392366,-122.401599,SFPD-INTERIM DB,CITY STREET,06/02/2021 12:30:00 PM,2021 June 02,12:30:00,2021,June,Wednesday,17TH ST,DE HARO ST,0.0,Clear,Injury (Complaint of Pain),Vehicle/Pedestrian,Pedestrian,Crossing in Crosswalk at Intersection,Dry,No Unusual Condition,Daylight,Intersection <= 20ft,0.0,1,1.0,Bicyclist,East,Proceeding Straight,Pedestrian,South,Stopped,POINT (-122.401596 37.76484),54.0,1.0,9.0,4.0,12
22409,vw_geo_sfpd_cr_switrs_all_types_col_cty_union.fid-c18a0c2_186644fdb18_de4,19297,26342000.0,,131067038,37.7702101745611,-122.445344990058,SFPD-CROSSROADS,CITY STREET,12/19/2013 07:51:00 PM,2013 December 19,19:51:00,2013,December,Thursday,MASONIC AVE,HAIGHT ST,0.0,Clear,Injury (Other Visible),Head-On,Pedestrian,Crossing in Crosswalk at Intersection,Dry,No Unusual Condition,Dark - No Street Lights,Intersection <= 20ft,0.0,2,1.0,Pedestrian,East,Proceeding Straight,Pedestrian,East,Proceeding Straight,POINT (-122.44534 37.77021),25.0,7.0,11.0,3.0,19