,id,unique_id,cnn_intrsctn_fkey,cnn_sgmt_fkey,case_id_pkey,tb_latitude,tb_longitude,geocode_source,geocode_location,collision_datetime,collision_date,collision_time,accident_year,month,day_of_week,primary_rd,secondary_rd,distance,weather_1,collision_severity,type_of_collision,mviw,ped_action,road_surface,road_cond_1,lighting,intersection,number_killed,number_injured,party_at_fault,party1_type,party1_dir_of_travel,party1_move_pre_acc,party2_type,party2_dir_of_travel,party2_move_pre_acc,point,Neighborhoods,Current Police Districts,Current Supervisor Districts,Analysis Neighborhoods,hour
22413,vw_geo_sfpd_cr_switrs_all_types_col_cty_union.fid-c18a0c2_186644fdb18_72c,40087,27109000.0,,180090747,37.7584445941,-122.465919986,SFPD-INTERIM DB,CITY STREET,02/03/2018 09:36:00 AM,2018 February 03,09:36:00,2018,February,Saturday,LAWTON ST,09TH AVE,0.0,Clear,Injury (Complaint of Pain),Vehicle/Pedestrian,Pedestrian,Crossing in Crosswalk at Intersection,Dry,No Unusual Condition,Daylight,Intersection <= 20ft,0.0,1,1.0,Driver,East,Making Left Turn,Pedestrian,North,Proceeding Straight,POINT (-122.46592 37.758446),109.0,10.0,8.0,14.0,09
22417,vw_geo_sfpd_cr_switrs_all_types_col_cty_union.fid-c18a0c2_186644fdb18_801,54909,27304000.0,523000.0,210022317,37.7806684974,-122.470712495,SFPD-INTERIM DB,CITY STREET,01/11/2021 07:00:00 AM,2021 January 11,07:00:00,2021,January,Monday,12TH AVE,GEARY BLVD,20.0,Clear,Injury (Complaint of Pain),Broadside,Pedestrian,Crossing in Crosswalk Not at Intersection,Dry,No Unusual Condition,Daylight,Intersection <= 20ft,0.0,1,1.0,Driver,South,Making Left Turn,Pedestrian,West,Proceeding Straight,POINT (-122.47071 37.78067),5.0,8.0,4.0,11.0,07
22422,vw_geo_sfpd_cr_switrs_all_types_col_cty_union.fid-c18a0c2_186644fdb18_ed6,7844,24074000.0,,140162076,37.7522713659612,-122.417876920646,SFPD-CROSSROADS,CITY STREET,02/23/2014 05:00:00 PM,2014 February 23,17:00:00,2014,February,Sunday,LILAC ST,24TH ST,0.0,Clear,Injury (Complaint of Pain),Vehicle/Pedestrian,Pedestrian,Crossing in Crosswalk Not at Intersection,Dry,No Unusual Condition,Daylight,Intersection <= 20ft,0.0,1,1.0,Driver,South,Backing,Pedestrian,West,Other,POINT (-122.41788 37.75227),53.0,3.0,2.0,20.0,17
22424,vw_geo_sfpd_cr_switrs_all_types_col_cty_union.fid-c18a0c2_186644fdb18_203,53549,26025000.0,,200549600,37.7714794853,-122.435372983,SFPD-INTERIM DB,CITY STREET,09/12/2020 03:34:00 PM,2020 September 12,15:34:00,2020,September,Saturday,SCOTT ST,HAIGHT ST,0.0,Clear,Injury (Complaint of Pain),Broadside,Pedestrian,"In Road, Including Shoulder",Dry,No Unusual Condition,Daylight,Intersection <= 20ft,0.0,1,1.0,Pedestrian,East,Proceeding Straight,Driver,North,Proceeding Straight,POINT (-122.43537 37.77148),26.0,4.0,11.0,3.0,15
22426,vw_geo_sfpd_cr_switrs_all_types_col_cty_union.fid-c18a0c2_186644fdb18_72,53241,24459000.0,13145101.0,200414031,37.7782064012,-122.419900583,SFPD-INTERIM DB,CITY STREET,07/10/2020 09:28:00 PM,2020 July 10,21:28:00,2020,July,Friday,VAN NESS AVE,GROVE ST,17.0,Clear,Fatal,Vehicle/Pedestrian,Pedestrian,Crossing Not in Crosswalk,Dry,Construction or Repair Zone,Dark - Street Lights,Intersection <= 20ft,1.0,0,1.0,Pedestrian,West,Not Stated,Driver,South,Proceeding Straight,POINT (-122.4199 37.778206),21.0,4.0,10.0,36.0,21
22427,vw_geo_sfpd_cr_switrs_all_types_col_cty_union.fid-c18a0c2_186644fdb18_-231,52389,33459000.0,11465000.0,200156164,37.7153504852,-122.451078611,SFPD-INTERIM DB,CITY STREET,03/01/2020 08:50:00 PM,2020 March 01,20:50:00,2020,March,Sunday,SAN JOSE AVE,FARALLONES ST,554.0,Clear,Injury (Other Visible),Vehicle/Pedestrian,Pedestrian,Crossing Not in Crosswalk,Dry,No Unusual Condition,Dark - Street Lights,Midblock > 20ft,0.0,1,1.0,Pedestrian,West,Proceeding Straight,Driver,South,Proceeding Straight,POINT (-122.45108 37.71535),81.0,10.0,1.0,24.0,20
22439,vw_geo_sfpd_cr_switrs_all_types_col_cty_union.fid-c18a0c2_186644fdb18_-34f,52262,34155000.0,,200076788,37.7745511708,-122.389865004,SFPD-INTERIM DB,CITY STREET,01/07/2020 06:30:00 AM,2020 January 07,06:30:00,2020,January,Tuesday,03RD ST,CHANNEL,0.0,Fog,Injury (Other Visible),Broadside,Pedestrian,Crossing in Crosswalk at Intersection,Dry,No Unusual Condition,Dark - Street Lights,Intersection <= 20ft,0.0,1,1.0,Driver,North,Making Left Turn,Pedestrian,East,Proceeding Straight,POINT (-122.38986 37.77455),34.0,1.0,10.0,4.0,06
22446,vw_geo_sfpd_cr_switrs_all_types_col_cty_union.fid-c18a0c2_186644fdb18_-189,52649,23502000.0,,200215469,37.7417646814,-122.504620446,SFPD-INTERIM DB,CITY STREET,03/30/2020 07:01:00 PM,2020 March 30,19:01:00,2020,March,Monday,TARAVAL ST,46TH AVE,0.0,Clear,Injury (Complaint of Pain),Vehicle/Pedestrian,Pedestrian,"In Road, Including Shoulder",Dry,No Unusual Condition,Dusk - Dawn,Intersection <= 20ft,0.0,1,1.0,Pedestrian,West,Stopped,Driver,West,Proceeding Straight,POINT (-122.50462 37.741764),39.0,10.0,7.0,35.0,19
22461,vw_geo_sfpd_cr_switrs_all_types_col_cty_union.fid-c18a0c2_186644fdb18_ec5,19832,26345000.0,,140684136,37.7720803942368,-122.445716665312,SFPD-CROSSROADS,CITY STREET,08/15/2014 08:34:00 PM,2014 August 15,20:34:00,2014,August,Friday,MASONIC AVE,OAK ST,0.0,Clear,Injury (Severe),Vehicle/Pedestrian,Pedestrian,Crossing in Crosswalk at Intersection,Dry,No Unusual Condition,Dark - Street Lights,Intersection <= 20ft,0.0,1,1.0,Pedestrian,West,Proceeding Straight,Driver,South,Proceeding Straight,POINT (-122.44572 37.77208),24.0,7.0,11.0,12.0,20
22462,vw_geo_sfpd_cr_switrs_all_types_col_cty_union.fid-c18a0c2_186644fdb18_a22,57147,25792000.0,,210180379,37.760954739308,-122.433903579476,SFPD-INTERIM DB,CITY STREET,03/22/2021 04:48:00 PM,2021 March 22,16:48:00,2021,March,Monday,HARTFORD ST,18TH ST,0.0,Clear,Injury (Severe),Vehicle/Pedestrian,Pedestrian,Crossing Not in Crosswalk,Dry,No Unusual Condition,Daylight,Intersection <= 20ft,0.0,1,1.0,Pedestrian,North,Entering Traffic,Driver,West,Proceeding Straight,POINT (-122.43391 37.760956),38.0,3.0,5.0,5.0,16
22487,vw_geo_sfpd_cr_switrs_all_types_col_cty_union.fid-c18a0c2_186644fdb18_-3d3,13679,24229000.0,516000.0,170075323,37.7705335291958,-122.412357511206,SFPD-CROSSROADS,CITY STREET,01/27/2017 04:00:00 PM,2017 January 27,16:00:00,2017,January,Friday,11TH ST,HARRISON ST,50.0,Cloudy,Injury (Complaint of Pain),Vehicle/Pedestrian,Pedestrian,Crossing Not in Crosswalk,Dry,No Unusual Condition,Daylight,Midblock > 20ft,0.0,1,1.0,Pedestrian,East,Entering Traffic,Driver,West,Entering Traffic,POINT (-122.41236 37.770535),32.0,1.0,10.0,20.0,16
22503,vw_geo_sfpd_cr_switrs_all_types_col_cty_union.fid-c18a0c2_186644fdb18_5aa,16165,24281000.0,,140488621,37.7793184606944,-122.407691082642,SFPD-CROSSROADS,CITY STREET,06/12/2014 03:50:00 PM,2014 June 12,15:50:00,2014,June,Thursday,HOWARD ST,HARRIET ST,0.0,Clear,Injury (Severe),Vehicle/Pedestrian,Pedestrian,Crossing in Crosswalk at Intersection,Dry,No Unusual Condition,Daylight,Intersection <= 20ft,0.0,1,1.0,Bicyclist,West,Proceeding Straight,Pedestrian,East,Proceeding Straight,POINT (-122.40769 37.77932),32.0,1.0,10.0,34.0,15
22513,vw_geo_sfpd_cr_switrs_all_types_col_cty_union.fid-c18a0c2_186644fdb18_-2ef,52745,23890000.000000004,,200105597,37.7748087753,-122.400981568,SFPD-INTERIM DB,CITY STREET,02/11/2020 03:06:00 PM,2020 February 11,15:06:00,2020,February,Tuesday,BRANNAN ST,06TH ST,0.0,Clear,Injury (Complaint of Pain),Vehicle/Pedestrian,Pedestrian,Crossing in Crosswalk at Intersection,Dry,No Unusual Condition,Daylight,Intersection <= 20ft,0.0,1,1.0,Driver,North,Making Right Turn,Pedestrian,North,Proceeding Straight,POINT (-122.40098 37.774807),32.0,1.0,10.0,34.0,15
22516,vw_geo_sfpd_cr_switrs_all_types_col_cty_union.fid-c18a0c2_186644fdb18_bed,55218,22117000.0,,210322838,37.7269401043,-122.441437351,SFPD-INTERIM DB,CITY STREET,05/25/2021 06:06:00 PM,2021 May 25,18:06:00,2021,May,Tuesday,SAN JOSE AVE,SAN JUAN AVE,0.0,Clear,Injury (Severe),Vehicle/Pedestrian,Pedestrian,Crossing Not in Crosswalk,Dry,No Unusual Condition,Daylight,Intersection <= 20ft,0.0,1,1.0,Pedestrian,West,Proceeding Straight,Driver,South,Proceeding Straight,POINT (-122.44144 37.72694),94.0,9.0,1.0,28.0,18
22517,vw_geo_sfpd_cr_switrs_all_types_col_cty_union.fid-c18a0c2_186644fdb18_da4,56098,26974000.0,,210496580,37.7990000508,-122.442647897,SFPD-INTERIM DB,CITY STREET,08/05/2021 12:24:00 PM,2021 August 05,12:24:00,2021,August,Thursday,LOMBARD ST,DIVISADERO ST,0.0,Clear,Injury (Complaint of Pain),Vehicle/Pedestrian,Pedestrian,Crossing Not in Crosswalk,Dry,No Unusual Condition,Daylight,Intersection <= 20ft,0.0,1,1.0,Pedestrian,South,Proceeding Straight,Driver,West,Slowing/Stopping,POINT (-122.44265 37.799),17.0,4.0,6.0,13.0,12
22522,vw_geo_sfpd_cr_switrs_all_types_col_cty_union.fid-c18a0c2_186644fdb18_-334,52170,33273000.0,,200084769,37.7252351119,-122.402600411,SFPD-INTERIM DB,CITY STREET,02/03/2020 02:28:00 PM,2020 February 03,14:28:00,2020,February,Monday,SAN BRUNO AVE,WOOLSEY ST,0.0,Clear,Injury (Complaint of Pain),Vehicle/Pedestrian,Pedestrian,Crossing in Crosswalk at Intersection,Dry,No Unusual Condition,Daylight,Intersection <= 20ft,0.0,2,1.0,Driver,West,Making Right Turn,Pedestrian,South,Not Stated,POINT (-122.4026 37.725235),91.0,2.0,2.0,25.0,14
22544,vw_geo_sfpd_cr_switrs_all_types_col_cty_union.fid-c18a0c2_186644fdb18_1b1,53515,20692000.0,9792000.0,200518661,37.7379216805,-122.396186341,SFPD-INTERIM DB,CITY STREET,08/28/2020 06:47:00 PM,2020 August 28,18:47:00,2020,August,Friday,OAKDALE AVE,QUINT ST,86.0,Cloudy,Injury (Complaint of Pain),Vehicle/Pedestrian,Pedestrian,Not in Road,Dry,No Unusual Condition,Daylight,Midblock > 20ft,0.0,1,1.0,Driver,East,Proceeding Straight,Pedestrian,East,Not Stated,POINT (-122.39619 37.737923),87.0,2.0,9.0,1.0,18
22547,vw_geo_sfpd_cr_switrs_all_types_col_cty_union.fid-c18a0c2_186644fdb18_233,53578,24910000.0,12322000.0,200567771,37.7893780817,-122.407394715,SFPD-INTERIM DB,CITY STREET,09/20/2020 11:25:00 PM,2020 September 20,23:25:00,2020,September,Sunday,SUTTER ST,STOCKTON ST,128.0,Clear,Injury (Severe),Vehicle/Pedestrian,Pedestrian,Crossing Not in Crosswalk,Dry,No Unusual Condition,Dark - Street Lights,Midblock > 20ft,0.0,1,1.0,Pedestrian,North,Other,Driver,West,Proceeding Straight,POINT (-122.407394 37.78938),19.0,6.0,3.0,8.0,23
22548,vw_geo_sfpd_cr_switrs_all_types_col_cty_union.fid-c18a0c2_186644fdb18_2dc,53930,26055000.0,,200620379,37.7770680805,-122.436507233,SFPD-INTERIM DB,CITY STREET,10/14/2020 04:54:00 PM,2020 October 14,16:54:00,2020,October,Wednesday,FULTON ST,SCOTT ST,0.0,Clear,Injury (Other Visible),Vehicle/Pedestrian,Pedestrian,Crossing in Crosswalk at Intersection,Dry,No Unusual Condition,Daylight,Intersection <= 20ft,0.0,1,1.0,Driver,West,Proceeding Straight,Pedestrian,North,Proceeding Straight,POINT (-122.43651 37.77707),23.0,4.0,11.0,39.0,16
22553,vw_geo_sfpd_cr_switrs_all_types_col_cty_union.fid-c18a0c2_186644fdb18_2fc,53961,24933000.0,,200627535,37.7825850335,-122.415693872,SFPD-INTERIM DB,CITY STREET,10/17/2020 09:50:00 PM,2020 October 17,21:50:00,2020,October,Saturday,TURK ST,HYDE ST,0.0,Clear,Injury (Other Visible),Vehicle/Pedestrian,Pedestrian,Crossing Not in Crosswalk,Dry,No Unusual Condition,Dark - Street Lights,Intersection <= 20ft,0.0,1,1.0,Driver,West,Proceeding Straight,Pedestrian,South,Other,POINT (-122.415695 37.782585),20.0,5.0,10.0,36.0,21
22559,vw_geo_sfpd_cr_switrs_all_types_col_cty_union.fid-c18a0c2_186644fdb18_-363,52128,22461000.000000004,,200071540,37.7095398929,-122.457670306,SFPD-INTERIM DB,CITY STREET,01/29/2020 05:05:00 AM,2020 January 29,05:05:00,2020,January,Wednesday,SAN JOSE AVE,DE LONG ST,0.0,Clear,Injury (Other Visible),Vehicle/Pedestrian,Pedestrian,Crossing Not in Crosswalk,Dry,No Unusual Condition,Dark - Street Lights,Intersection <= 20ft,0.0,1,1.0,Pedestrian,East,Proceeding Straight,Driver,South,Proceeding Straight,POINT (-122.45767 37.70954),66.0,10.0,1.0,28.0,05
22566,vw_geo_sfpd_cr_switrs_all_types_col_cty_union.fid-c18a0c2_186644fdb18_-216,52508,26607000.000000004,,200162177,37.7860854287,-122.43327158,SFPD-INTERIM DB,CITY STREET,03/04/2020 09:00:00 AM,2020 March 04,09:00:00,2020,March,Wednesday,FILLMORE ST,SUTTER ST,0.0,Clear,Injury (Complaint of Pain),Head-On,Pedestrian,Crossing in Crosswalk at Intersection,Dry,No Unusual Condition,Daylight,Intersection <= 20ft,0.0,1,1.0,Driver,South,Making Left Turn,Pedestrian,North,Proceeding Straight,POINT (-122.43327 37.786087),101.0,4.0,11.0,30.0,09
22572,vw_geo_sfpd_cr_switrs_all_types_col_cty_union.fid-c18a0c2_186644fdb18_-4d0,37425,22223000.0,9820201.0,130918597,37.7235409838597,-122.454378872734,SFPD-CROSSROADS,CITY STREET,10/29/2013 03:49:00 PM,2013 October 29,15:49:00,2013,October,Tuesday,OCEAN AVE,LEE AVE,82.0,Clear,Injury (Complaint of Pain),Sideswipe,Pedestrian,"In Road, Including Shoulder",Dry,No Unusual Condition,Daylight,Midblock > 20ft,0.0,1,1.0,Pedestrian,North,Entering Traffic,Driver,East,Proceeding Straight,POINT (-122.45438 37.72354),71.0,10.0,8.0,24.0,15
22580,vw_geo_sfpd_cr_switrs_all_types_col_cty_union.fid-c18a0c2_186644fdb18_-7f,52982,30707000.0,13150102.0,200325381,37.783379233,-122.420982614,SFPD-INTERIM DB,CITY STREET,05/29/2020 04:00:00 PM,2020 May 29,16:00:00,2020,May,Friday,VAN NESS AVE,WILLOW ST,10.0,Clear,Injury (Complaint of Pain),Vehicle/Pedestrian,Pedestrian,Not in Road,Dry,No Unusual Condition,Daylight,Intersection <= 20ft,0.0,1,,Bicyclist,South,Proceeding Straight,Pedestrian,South,Proceeding Straight,POINT (-122.42098 37.78338),100.0,4.0,10.0,36.0,16
22592,vw_geo_sfpd_cr_switrs_all_types_col_cty_union.fid-c18a0c2_186644fdb18_be8,57135,33269000.000000004,,210320133,37.7340138728313,-122.390967889006,SFPD-INTERIM DB,CITY STREET,05/24/2021 04:09:00 PM,2021 May 24,16:09:00,2021,May,Monday,PALOU AVE,03RD ST,0.0,Clear,Injury (Other Visible),Vehicle/Pedestrian,Pedestrian,Crossing in Crosswalk at Intersection,Dry,No Unusual Condition,Daylight,Intersection <= 20ft,0.0,1,1.0,Pedestrian,North,Proceeding Straight,Driver,West,Proceeding Straight,POINT (-122.39097 37.734013),87.0,2.0,9.0,1.0,16
22594,vw_geo_sfpd_cr_switrs_all_types_col_cty_union.fid-c18a0c2_186644fdb18_f8c,56714,30081000.000000004,13153101.0,210668416,37.7863438570077,-122.421619610838,SFPD-INTERIM DB,CITY STREET,10/13/2021 06:26:00 AM,2021 October 13,06:26:00,2021,October,Wednesday,VAN NESS AVE,POST ST,107.0,Clear,Injury (Complaint of Pain),Vehicle/Pedestrian,Pedestrian,Crossing Not in Crosswalk,Dry,No Unusual Condition,Dark - Street Lights,Midblock > 20ft,0.0,1,1.0,Pedestrian,West,Proceeding Straight,Driver,South,Proceeding Straight,POINT (-122.42162 37.786343),100.0,4.0,11.0,39.0,06
22596,vw_geo_sfpd_cr_switrs_all_types_col_cty_union.fid-c18a0c2_186644fdb18_1050,56846,24929000.0,,210770265,37.7839325763122,-122.412595276832,SFPD-INTERIM DB,CITY STREET,11/22/2021 10:20:00 AM,2021 November 22,10:20:00,2021,November,Monday,EDDY ST,JONES ST,0.0,Clear,Injury (Complaint of Pain),Vehicle/Pedestrian,Pedestrian,Crossing in Crosswalk at Intersection,Dry,No Unusual Condition,Daylight,Intersection <= 20ft,0.0,1,1.0,Driver,East,Making Left Turn,Pedestrian,North,Proceeding Straight,POINT (-122.4126 37.78393),20.0,5.0,10.0,36.0,10
22600,vw_geo_sfpd_cr_switrs_all_types_col_cty_union.fid-c18a0c2_186644fdb18_-4fa,52503,27538000.0,,200007028,37.7802258185,-122.481515723,SFPD-INTERIM DB,CITY STREET,01/03/2020 05:18:00 PM,2020 January 03,17:18:00,2020,January,Friday,GEARY BLVD,22ND AVE,0.0,Clear,Injury (Complaint of Pain),Vehicle/Pedestrian,Pedestrian,Crossing in Crosswalk at Intersection,Dry,No Unusual Condition,Dusk - Dawn,Intersection <= 20ft,0.0,1,1.0,Pedestrian,North,Proceeding Straight,Driver,West,Making Right Turn,POINT (-122.481514 37.780228),8.0,8.0,4.0,29.0,17
22606,vw_geo_sfpd_cr_switrs_all_types_col_cty_union.fid-c18a0c2_186644fdb18_495,14347,24248000.0,,160763964,37.7740433278922,-122.414367689718,SFPD-CROSSROADS,CITY STREET,09/20/2016 03:16:00 PM,2016 September 20,15:16:00,2016,September,Tuesday,10TH ST,HOWARD ST,0.0,Clear,Injury (Other Visible),Sideswipe,Pedestrian,Crossing in Crosswalk at Intersection,Dry,No Unusual Condition,Daylight,Intersection <= 20ft,0.0,1,,Driver,South,Making Left Turn,Pedestrian,West,Proceeding Straight,POINT (-122.41437 37.774044),32.0,1.0,10.0,34.0,15
22613,vw_geo_sfpd_cr_switrs_all_types_col_cty_union.fid-c18a0c2_186644fdb18_288,53841,26600000.0,,200595891,37.7863039628,-122.431552025,SFPD-INTERIM DB,CITY STREET,10/03/2020 02:00:00 PM,2020 October 03,14:00:00,2020,October,Saturday,SUTTER ST,WEBSTER ST,0.0,Clear,Injury (Complaint of Pain),Vehicle/Pedestrian,Pedestrian,Crossing in Crosswalk at Intersection,Dry,No Unusual Condition,Daylight,Intersection <= 20ft,0.0,1,1.0,Driver,West,Making Left Turn,Pedestrian,East,Proceeding Straight,POINT (-122.43155 37.786304),101.0,4.0,11.0,15.0,14
22625,vw_geo_sfpd_cr_switrs_all_types_col_cty_union.fid-c18a0c2_186644fdb18_-627,37241,23053000.0,11769000.0,180132913,37.7201463752,-122.479005501,SFPD-INTERIM DB,CITY STREET,02/19/2018 08:41:00 AM,2018 February 19,08:41:00,2018,February,Monday,SERRANO DR,ARELLANO AVE,7.0,Clear,Injury (Complaint of Pain),Vehicle/Pedestrian,Pedestrian,Crossing in Crosswalk at Intersection,Dry,No Unusual Condition,Daylight,Intersection <= 20ft,0.0,1,1.0,Driver,East,Making Left Turn,Pedestrian,North,Proceeding Straight,POINT (-122.479004 37.720146),42.0,10.0,8.0,16.0,08
22630,vw_geo_sfpd_cr_switrs_all_types_col_cty_union.fid-c18a0c2_186644fdb18_c52,55397,24149000.000000004,9120000.0,210352932,37.7618221523,-122.419357956,SFPD-INTERIM DB,CITY STREET,06/07/2021 11:10:00 AM,2021 June 07,11:10:00,2021,June,Monday,MISSION ST,18TH ST,5.0,Clear,Injury (Complaint of Pain),Vehicle/Pedestrian,Pedestrian,Crossing in Crosswalk at Intersection,Dry,No Unusual Condition,Daylight,Intersection <= 20ft,0.0,1,1.0,Driver,South,Making Left Turn,Pedestrian,West,Proceeding Straight,POINT (-122.41936 37.76182),53.0,3.0,2.0,20.0,11
22635,vw_geo_sfpd_cr_switrs_all_types_col_cty_union.fid-c18a0c2_186644fdb18_b77,55245,21338000.0,,210283917,37.7453890202,-122.420019126,SFPD-INTERIM DB,CITY STREET,05/09/2021 02:53:00 AM,2021 May 09,02:53:00,2021,May,Sunday,VALENCIA ST,MISSION ST,0.0,Clear,Injury (Severe),Vehicle/Pedestrian,Pedestrian,Crossing in Crosswalk at Intersection,Dry,No Unusual Condition,Dark - Street Lights,Intersection <= 20ft,0.0,2,1.0,Driver,West,Making Left Turn,Pedestrian,North,Proceeding Straight,POINT (-122.42002 37.745388),83.0,9.0,2.0,2.0,02
22637,vw_geo_sfpd_cr_switrs_all_types_col_cty_union.fid-c18a0c2_186644fdb18_4a4,54329,22256000.0,,200738477,37.7315306469,-122.453411343,SFPD-INTERIM DB,CITY STREET,12/07/2020 05:57:00 PM,2020 December 07,17:57:00,2020,December,Monday,MONTEREY BLVD,RIDGEWOOD AVE,0.0,Clear,Injury (Severe),Vehicle/Pedestrian,Pedestrian,Crossing in Crosswalk at Intersection,Dry,No Unusual Condition,Dark - Street Lights,Intersection <= 20ft,0.0,1,1.0,Driver,East,Proceeding Straight,Pedestrian,North,Proceeding Straight,POINT (-122.453415 37.73153),71.0,9.0,8.0,41.0,17
22648,vw_geo_sfpd_cr_switrs_all_types_col_cty_union.fid-c18a0c2_186644fdb18_-476,29463,25964000.0,5068000.0,150421912,37.7820590612225,-122.427379787608,SFPD-CROSSROADS,CITY STREET,05/15/2015 07:10:00 AM,2015 May 15,07:10:00,2015,May,Friday,EDDY ST,LAGUNA ST,5.0,Clear,Injury (Complaint of Pain),Vehicle/Pedestrian,Pedestrian,Crossing in Crosswalk at Intersection,Wet,No Unusual Condition,Daylight,Intersection <= 20ft,0.0,1,1.0,Pedestrian,South,Proceeding Straight,Driver,East,Proceeding Straight,POINT (-122.42738 37.78206),100.0,4.0,11.0,39.0,07
22655,vw_geo_sfpd_cr_switrs_all_types_col_cty_union.fid-c18a0c2_186644fdb18_976,54738,24757000.0,,210124474,37.7950663296,-122.403221401,SFPD-INTERIM DB,CITY STREET,02/23/2021 02:30:00 PM,2021 February 23,14:30:00,2021,February,Tuesday,MONTGOMERY ST,MERCHANT ST,0.0,Clear,Injury (Complaint of Pain),Vehicle/Pedestrian,Pedestrian,Crossing in Crosswalk at Intersection,Dry,No Unusual Condition,Daylight,Intersection <= 20ft,0.0,1,1.0,Driver,East,Proceeding Straight,Pedestrian,South,Proceeding Straight,POINT (-122.40322 37.795067),108.0,6.0,3.0,6.0,14
22656,vw_geo_sfpd_cr_switrs_all_types_col_cty_union.fid-c18a0c2_186644fdb18_-260,52324,25473000.0,,200143989,37.8056184793,-122.413604168,SFPD-INTERIM DB,CITY STREET,02/26/2020 09:02:00 AM,2020 February 26,09:02:00,2020,February,Wednesday,MASON ST,BAY ST,0.0,Clear,Injury (Complaint of Pain),Head-On,Pedestrian,Crossing in Crosswalk at Intersection,Dry,No Unusual Condition,Daylight,Intersection <= 20ft,0.0,1,1.0,Driver,South,Making Left Turn,Pedestrian,North,Proceeding Straight,POINT (-122.413605 37.80562),99.0,6.0,3.0,23.0,09
22660,vw_geo_sfpd_cr_switrs_all_types_col_cty_union.fid-c18a0c2_186644fdb18_f28,20148,30749000.0,,171002680,37.7743586744872,-122.420254278808,SFPD-CROSSROADS,CITY STREET,12/11/2017 06:40:00 PM,2017 December 11,18:40:00,2017,December,Monday,MARKET ST,12TH ST,0.0,Clear,Injury (Other Visible),Vehicle/Pedestrian,Pedestrian,Crossing in Crosswalk at Intersection,Dry,No Unusual Condition,Dark - Street Lights,Intersection <= 20ft,0.0,1,1.0,Bicyclist,East,Proceeding Straight,Pedestrian,North,Proceeding Straight,POINT (-122.42026 37.774357),32.0,1.0,10.0,20.0,18
22663,vw_geo_sfpd_cr_switrs_all_types_col_cty_union.fid-c18a0c2_186644fdb18_4b5,54338,26609000.0,10486000.0,200742434,37.7879450664,-122.433688103,SFPD-INTERIM DB,CITY STREET,12/09/2020 12:07:00 PM,2020 December 09,12:07:00,2020,December,Wednesday,PINE ST,FILLMORE ST,12.0,Clear,Injury (Other Visible),Vehicle/Pedestrian,Pedestrian,Crossing in Crosswalk at Intersection,Dry,No Unusual Condition,Daylight,Intersection <= 20ft,0.0,1,1.0,Driver,West,Making Left Turn,Pedestrian,South,Proceeding Straight,POINT (-122.433685 37.787945),103.0,4.0,11.0,30.0,12
22669,vw_geo_sfpd_cr_switrs_all_types_col_cty_union.fid-c18a0c2_186644fdb18_5cf,39981,27752000.0,1917000.0,150343695,37.7494860787599,-122.499785424163,SFPD-CROSSROADS,CITY STREET,04/20/2015 06:20:00 AM,2015 April 20,06:20:00,2015,April,Monday,41ST AVE,PACHECO ST,5.0,Cloudy,Fatal,Vehicle/Pedestrian,Pedestrian,Crossing in Crosswalk at Intersection,Dry,No Unusual Condition,Dusk - Dawn,Intersection <= 20ft,1.0,0,,Driver,North,Proceeding Straight,Pedestrian,West,Proceeding Straight,POINT (-122.49979 37.749485),39.0,10.0,7.0,35.0,06
22670,vw_geo_sfpd_cr_switrs_all_types_col_cty_union.fid-c18a0c2_186644fdb18_-611,28670,30066000.0,7378000.0,150477846,37.7958750080253,-122.40784471425,SFPD-CROSSROADS,CITY STREET,06/01/2015 11:06:00 AM,2015 June 01,11:06:00,2015,June,Monday,JACKSON ST,STOCKTON ST,120.0,Clear,Injury (Other Visible),Hit Object,Pedestrian,Not in Road,Dry,No Unusual Condition,Daylight,Midblock > 20ft,0.0,1,1.0,Driver,East,Parking Maneuver,Pedestrian,East,Proceeding Straight,POINT (-122.407845 37.795876),104.0,6.0,3.0,6.0,11
22692,vw_geo_sfpd_cr_switrs_all_types_col_cty_union.fid-c18a0c2_186644fdb18_-41c,52540,25932000.0,,200032649,37.7764643059,-122.426263345,SFPD-INTERIM DB,CITY STREET,01/13/2020 08:20:00 PM,2020 January 13,20:20:00,2020,January,Monday,LAGUNA ST,HAYES ST,0.0,Raining,Injury (Complaint of Pain),Vehicle/Pedestrian,Pedestrian,Crossing in Crosswalk at Intersection,Wet,No Unusual Condition,Dark - Street Lights,Intersection <= 20ft,0.0,1,1.0,Driver,South,Proceeding Straight,Pedestrian,West,Proceeding Straight,POINT (-122.42626 37.776463),22.0,4.0,11.0,9.0,20
22695,vw_geo_sfpd_cr_switrs_all_types_col_cty_union.fid-c18a0c2_186644fdb18_-113,52855,25170000.0,,200268985,37.7861010397,-122.418088098,SFPD-INTERIM DB,CITY STREET,04/30/2020 01:36:00 PM,2020 April 30,13:36:00,2020,April,Thursday,GEARY ST,LARKIN ST,0.0,Clear,Injury (Complaint of Pain),Vehicle/Pedestrian,Pedestrian,Crossing in Crosswalk at Intersection,Dry,No Unusual Condition,Daylight,Intersection <= 20ft,0.0,1,1.0,Pedestrian,North,Proceeding Straight,Driver,West,Proceeding Straight,POINT (-122.41809 37.786102),20.0,6.0,10.0,36.0,13