,id,unique_id,cnn_intrsctn_fkey,cnn_sgmt_fkey,case_id_pkey,tb_latitude,tb_longitude,geocode_source,geocode_location,collision_datetime,collision_date,collision_time,accident_year,month,day_of_week,primary_rd,secondary_rd,distance,weather_1,collision_severity,type_of_collision,mviw,ped_action,road_surface,road_cond_1,lighting,intersection,number_killed,number_injured,party_at_fault,party1_type,party1_dir_of_travel,party1_move_pre_acc,party2_type,party2_dir_of_travel,party2_move_pre_acc,point,Neighborhoods,Current Police Districts,Current Supervisor Districts,Analysis Neighborhoods,hour
22700,vw_geo_sfpd_cr_switrs_all_types_col_cty_union.fid-c18a0c2_186644fdb18_998,54987,24634000.0,9097000.0,210136435,37.7826521466,-122.406580063,SFPD-INTERIM DB,CITY STREET,03/01/2021 07:09:00 PM,2021 March 01,19:09:00,2021,March,Monday,MISSION ST,05TH ST,41.0,Clear,Injury (Severe),Vehicle/Pedestrian,Pedestrian,Crossing Not in Crosswalk,Dry,No Unusual Condition,Dark - Street Lights,Midblock > 20ft,0.0,1,1.0,Driver,West,Making Left Turn,Pedestrian,South,Not Stated,POINT (-122.40658 37.782654),32.0,1.0,10.0,34.0,19
22704,vw_geo_sfpd_cr_switrs_all_types_col_cty_union.fid-c18a0c2_186644fdb18_-158,52921,25179000.0,10559000.0,200238881,37.7849982996,-122.419555186,SFPD-INTERIM DB,CITY STREET,04/14/2020 08:10:00 AM,2020 April 14,08:10:00,2020,April,Tuesday,POLK ST,OFARRELL ST,14.0,Clear,Injury (Complaint of Pain),Vehicle/Pedestrian,Pedestrian,Crossing in Crosswalk at Intersection,Dry,No Unusual Condition,Daylight,Intersection <= 20ft,0.0,1,1.0,Driver,North,Making Left Turn,Pedestrian,West,Not Stated,POINT (-122.419556 37.785),20.0,4.0,10.0,36.0,08
22713,vw_geo_sfpd_cr_switrs_all_types_col_cty_union.fid-c18a0c2_186644fdb18_211,53674,27407000.0,,200554289,37.7575419462,-122.486381938,SFPD-INTERIM DB,CITY STREET,08/14/2020 09:30:00 PM,2020 August 14,21:30:00,2020,August,Friday,LAWTON ST,28TH AVE,0.0,Clear,Injury (Other Visible),Vehicle/Pedestrian,Pedestrian,Crossing in Crosswalk at Intersection,Dry,No Unusual Condition,Dark - Street Lights,Intersection <= 20ft,0.0,1,1.0,Driver,West,Proceeding Straight,Pedestrian,North,Proceeding Straight,POINT (-122.48638 37.75754),39.0,10.0,7.0,35.0,21
22723,vw_geo_sfpd_cr_switrs_all_types_col_cty_union.fid-c18a0c2_186644fdb18_213,53557,24583000.0,169000.0,200555760,37.7838436608,-122.399002865,SFPD-INTERIM DB,CITY STREET,09/15/2020 02:30:00 PM,2020 September 15,14:30:00,2020,September,Tuesday,03RD ST,FOLSOM ST,30.0,Clear,Injury (Other Visible),Vehicle/Pedestrian,Pedestrian,Crossing Not in Crosswalk,Dry,No Unusual Condition,Daylight,Midblock > 20ft,0.0,1,1.0,Pedestrian,East,Proceeding Straight,Driver,North,Making Left Turn,POINT (-122.399 37.783844),32.0,1.0,10.0,8.0,14
22725,vw_geo_sfpd_cr_switrs_all_types_col_cty_union.fid-c18a0c2_186644fdb18_e84,41106,27417000.0,7298000.0,150142754,37.7634211463783,-122.480317501456,SFPD-CROSSROADS,CITY STREET,02/16/2015 08:38:00 AM,2015 February 16,08:38:00,2015,February,Monday,IRVING ST,22ND AVE,6.0,Clear,Injury (Complaint of Pain),Vehicle/Pedestrian,Pedestrian,Crossing in Crosswalk at Intersection,Dry,No Unusual Condition,Daylight,Intersection <= 20ft,0.0,1,1.0,Driver,East,Making Left Turn,Pedestrian,North,Not Stated,POINT (-122.480316 37.76342),39.0,10.0,7.0,35.0,08
22731,vw_geo_sfpd_cr_switrs_all_types_col_cty_union.fid-c18a0c2_186644fdb18_1045,56532,21702000.0,,210759087,37.7298598256879,-122.430181236721,SFPD-INTERIM DB,CITY STREET,11/17/2021 05:35:00 PM,2021 November 17,17:35:00,2021,November,Wednesday,ADMIRAL AVE,MISSION ST,0.0,Clear,Injury (Complaint of Pain),Vehicle/Pedestrian,Pedestrian,Crossing in Crosswalk at Intersection,Dry,No Unusual Condition,Dark - Street Lights,Intersection <= 20ft,0.0,1,1.0,Driver,West,Proceeding Straight,Pedestrian,South,Making Right Turn,POINT (-122.43018 37.72986),94.0,9.0,1.0,7.0,17
22735,vw_geo_sfpd_cr_switrs_all_types_col_cty_union.fid-c18a0c2_186644fdb18_d38,56199,24935000.0,,210440731,37.7837237831,-122.414241573,SFPD-INTERIM DB,CITY STREET,07/12/2021 09:48:00 PM,2021 July 12,21:48:00,2021,July,Monday,LEAVENWORTH ST,EDDY ST,0.0,Clear,Injury (Complaint of Pain),Vehicle/Pedestrian,Pedestrian,Crossing in Crosswalk at Intersection,Dry,No Unusual Condition,Dark - Street Lights,Intersection <= 20ft,0.0,1,1.0,Driver,North,Making Left Turn,Pedestrian,West,Proceeding Straight,POINT (-122.41424 37.783722),20.0,5.0,10.0,36.0,21
22753,vw_geo_sfpd_cr_switrs_all_types_col_cty_union.fid-c18a0c2_186644fdb18_3ba,54146,24088000.0,,200677422,37.7522394544,-122.41844527,SFPD-INTERIM DB,CITY STREET,11/09/2020 02:04:00 PM,2020 November 09,14:04:00,2020,November,Monday,MISSION ST,24TH ST,0.0,Clear,Injury (Other Visible),Broadside,Pedestrian,Crossing in Crosswalk at Intersection,Dry,No Unusual Condition,Daylight,Intersection <= 20ft,0.0,1,1.0,Driver,South,Making Left Turn,Pedestrian,East,Proceeding Straight,POINT (-122.41844 37.75224),53.0,3.0,2.0,20.0,14
22760,vw_geo_sfpd_cr_switrs_all_types_col_cty_union.fid-c18a0c2_186644fdb18_-504,52199,20770000.0,,200052647,37.7324386578,-122.405607548,SFPD-INTERIM DB,CITY STREET,01/21/2020 06:22:00 PM,2020 January 21,18:22:00,2020,January,Tuesday,SAN BRUNO AVE,SILVER AVE,0.0,Raining,Injury (Complaint of Pain),Vehicle/Pedestrian,Pedestrian,Crossing in Crosswalk at Intersection,Wet,No Unusual Condition,Dark - Street Lights,Intersection <= 20ft,0.0,1,,Driver,South,Making Left Turn,Pedestrian,West,Proceeding Straight,POINT (-122.40561 37.732437),91.0,2.0,2.0,25.0,18
22761,vw_geo_sfpd_cr_switrs_all_types_col_cty_union.fid-c18a0c2_186644fdb18_57c,15830,24310000.0,,130946071,37.7770264209779,-122.412616667515,SFPD-CROSSROADS,CITY STREET,11/07/2013 05:39:00 PM,2013 November 07,17:39:00,2013,November,Thursday,MINNA ST,08TH ST,0.0,Clear,Injury (Complaint of Pain),Vehicle/Pedestrian,Pedestrian,Crossing in Crosswalk at Intersection,Dry,No Unusual Condition,Dark - Street Lights,Intersection <= 20ft,0.0,1,1.0,Driver,West,Proceeding Straight,Pedestrian,South,Proceeding Straight,POINT (-122.41261 37.777027),32.0,1.0,10.0,34.0,17
22765,vw_geo_sfpd_cr_switrs_all_types_col_cty_union.fid-c18a0c2_186644fdb18_-44b,29571,26514000.0,7962000.0,130144601,37.7849394883439,-122.427985989695,SFPD-CROSSROADS,CITY STREET,02/19/2013 08:44:00 AM,2013 February 19,08:44:00,2013,February,Tuesday,LAGUNA ST,GEARY BLVD,5.0,Raining,Injury (Complaint of Pain),Vehicle/Pedestrian,Pedestrian,Crossing in Crosswalk at Intersection,Wet,No Unusual Condition,Daylight,Intersection <= 20ft,0.0,1,1.0,Driver,South,Making Right Turn,Pedestrian,East,Proceeding Straight,POINT (-122.427986 37.78494),100.0,4.0,11.0,39.0,08
22767,vw_geo_sfpd_cr_switrs_all_types_col_cty_union.fid-c18a0c2_186644fdb18_1de,53522,24305000.0,7052000.0,200538772,37.7749744044,-122.41318337,SFPD-INTERIM DB,CITY STREET,09/07/2020 11:39:00 AM,2020 September 07,11:39:00,2020,September,Monday,HOWARD ST,09TH ST,9.0,Clear,Injury (Other Visible),Vehicle/Pedestrian,Pedestrian,Crossing in Crosswalk at Intersection,Dry,No Unusual Condition,Daylight,Intersection <= 20ft,0.0,1,1.0,Driver,West,Making Left Turn,Pedestrian,North,Proceeding Straight,POINT (-122.413185 37.774975),32.0,1.0,10.0,34.0,11
22775,vw_geo_sfpd_cr_switrs_all_types_col_cty_union.fid-c18a0c2_186644fdb18_-343,52726,24901000.0,,200080165,37.7875680248,-122.406589884,SFPD-INTERIM DB,CITY STREET,02/01/2020 01:30:00 PM,2020 February 01,13:30:00,2020,February,Saturday,GEARY ST,STOCKTON ST,0.0,Clear,Injury (Other Visible),Vehicle/Pedestrian,Pedestrian,Crossing in Crosswalk at Intersection,Dry,No Unusual Condition,Daylight,Intersection <= 20ft,0.0,1,1.0,Driver,West,Making Left Turn,Pedestrian,East,Proceeding Straight,POINT (-122.40659 37.787567),19.0,6.0,3.0,8.0,13
22788,vw_geo_sfpd_cr_switrs_all_types_col_cty_union.fid-c18a0c2_186644fdb18_-15,53042,25147000.0,,200359120,37.7823789436,-122.41733888,SFPD-INTERIM DB,CITY STREET,06/15/2020 05:10:00 AM,2020 June 15,05:10:00,2020,June,Monday,LARKIN ST,TURK ST,0.0,Clear,Injury (Complaint of Pain),Vehicle/Pedestrian,Pedestrian,Crossing in Crosswalk at Intersection,Dry,No Unusual Condition,Dark - Street Lights,Intersection <= 20ft,0.0,1,1.0,Driver,North,Making Left Turn,Pedestrian,East,Proceeding Straight,POINT (-122.417336 37.78238),20.0,5.0,10.0,36.0,05
22791,vw_geo_sfpd_cr_switrs_all_types_col_cty_union.fid-c18a0c2_186644fdb18_469,54285,24924000.0,,200722981,37.7832143121,-122.410764827,SFPD-INTERIM DB,CITY STREET,11/30/2020 07:05:00 PM,2020 November 30,19:05:00,2020,November,Monday,TAYLOR ST,TURK ST,0.0,Clear,Injury (Severe),Broadside,Pedestrian,Crossing in Crosswalk at Intersection,Dry,No Unusual Condition,Dark - Street Lights,Intersection <= 20ft,0.0,1,1.0,Driver,West,Proceeding Straight,Pedestrian,South,Proceeding Straight,POINT (-122.41077 37.783215),20.0,5.0,10.0,36.0,19
22796,vw_geo_sfpd_cr_switrs_all_types_col_cty_union.fid-c18a0c2_186644fdb18_-1db,52459,21068000.0,,200181371,37.7397100092,-122.411991639,SFPD-INTERIM DB,CITY STREET,03/11/2020 05:18:00 PM,2020 March 11,17:18:00,2020,March,Wednesday,CORTLAND AVE,PRENTISS ST,0.0,Clear,Injury (Complaint of Pain),Head-On,Pedestrian,"In Road, Including Shoulder",Dry,No Unusual Condition,Daylight,Intersection <= 20ft,0.0,1,,Driver,West,Proceeding Straight,Pedestrian,South,Proceeding Straight,POINT (-122.411995 37.73971),83.0,9.0,2.0,2.0,17
22802,vw_geo_sfpd_cr_switrs_all_types_col_cty_union.fid-c18a0c2_186644fdb18_865,18154,25888000.0,,180517616,37.7703506185,-122.429224619,SFPD-INTERIM DB,CITY STREET,07/12/2018 05:18:00 PM,2018 July 12,17:18:00,2018,July,Thursday,HERMANN ST,CHURCH ST,0.0,Clear,Injury (Complaint of Pain),Vehicle/Pedestrian,Pedestrian,Crossing in Crosswalk at Intersection,Dry,No Unusual Condition,Daylight,Intersection <= 20ft,0.0,1,1.0,Driver,West,Making Left Turn,Pedestrian,South,Proceeding Straight,POINT (-122.42922 37.77035),28.0,7.0,5.0,9.0,17
22812,vw_geo_sfpd_cr_switrs_all_types_col_cty_union.fid-c18a0c2_186644fdb18_-1e9,52469,33031000.0,,200177671,37.7695860763,-122.407587388,SFPD-INTERIM DB,CITY STREET,03/10/2020 11:30:00 AM,2020 March 10,11:30:00,2020,March,Tuesday,BRANNAN ST,DORE ST,0.0,Clear,Injury (Complaint of Pain),Vehicle/Pedestrian,Pedestrian,"In Road, Including Shoulder",Dry,No Unusual Condition,Daylight,Intersection <= 20ft,0.0,1,1.0,Driver,West,Backing,Pedestrian,West,Stopped,POINT (-122.407585 37.769585),33.0,1.0,10.0,20.0,11
22819,vw_geo_sfpd_cr_switrs_all_types_col_cty_union.fid-c18a0c2_186644fdb18_-406,52697,24189000.0,,200034639,37.7683537207,-122.407813487,SFPD-INTERIM DB,CITY STREET,01/14/2020 03:15:00 PM,2020 January 14,15:15:00,2020,January,Tuesday,POTRERO AVE,ALAMEDA ST,0.0,Clear,Injury (Complaint of Pain),Vehicle/Pedestrian,Pedestrian,Crossing in Crosswalk at Intersection,Dry,Construction or Repair Zone,Daylight,Intersection <= 20ft,0.0,2,1.0,Bicyclist,East,Proceeding Straight,Pedestrian,North,Proceeding Straight,POINT (-122.407814 37.768353),53.0,3.0,9.0,20.0,15
22827,vw_geo_sfpd_cr_switrs_all_types_col_cty_union.fid-c18a0c2_186644fdb18_-323,52177,21304000.0,9129000.0,200089418,37.7477013608,-122.418521741,SFPD-INTERIM DB,CITY STREET,02/05/2020 09:11:00 AM,2020 February 05,09:11:00,2020,February,Wednesday,MISSION ST,CESAR CHAVEZ ST,190.0,Clear,Injury (Other Visible),Vehicle/Pedestrian,Pedestrian,Crossing Not in Crosswalk,Dry,No Unusual Condition,Daylight,Midblock > 20ft,0.0,1,1.0,Pedestrian,West,Proceeding Straight,Driver,North,Proceeding Straight,POINT (-122.41852 37.7477),83.0,9.0,2.0,2.0,09
22828,vw_geo_sfpd_cr_switrs_all_types_col_cty_union.fid-c18a0c2_186644fdb18_a79,55091,28013000.0,10543000.0,210203454,37.7798431649,-122.509574516,SFPD-INTERIM DB,CITY STREET,04/01/2021 09:40:00 PM,2021 April 01,21:40:00,2021,April,Thursday,POINT LOBOS AVE,EL CAMINO DEL MAR,41.0,Clear,Injury (Other Visible),Broadside,Pedestrian,Not in Road,Dry,No Unusual Condition,Dark - Street Lights,Midblock > 20ft,0.0,1,,Bicyclist,South,Proceeding Straight,Pedestrian,East,Not Stated,POINT (-122.509575 37.779842),6.0,8.0,4.0,29.0,21
22831,vw_geo_sfpd_cr_switrs_all_types_col_cty_union.fid-c18a0c2_186644fdb18_-46b,37486,22629000.0,,180001437,37.7243175355,-122.458191391,SFPD-INTERIM DB,CITY STREET,01/01/2018 01:45:00 PM,2018 January 01,13:45:00,2018,January,Monday,OCEAN AVE,MIRAMAR AVE,0.0,Clear,Injury (Severe),Vehicle/Pedestrian,Pedestrian,Crossing Not in Crosswalk,Dry,No Unusual Condition,Daylight,Intersection <= 20ft,0.0,1,1.0,Pedestrian,North,Not Stated,Driver,East,Proceeding Straight,POINT (-122.45819 37.724316),64.0,10.0,8.0,24.0,13
22833,vw_geo_sfpd_cr_switrs_all_types_col_cty_union.fid-c18a0c2_186644fdb18_567,54457,23652000.000000004,,200784254,37.7642007636,-122.390817277,SFPD-INTERIM DB,CITY STREET,12/29/2020 06:50:00 AM,2020 December 29,06:50:00,2020,December,Tuesday,MARIPOSA ST,MINNESOTA ST,0.0,Clear,Injury (Other Visible),Vehicle/Pedestrian,Pedestrian,Crossing in Crosswalk at Intersection,Dry,No Unusual Condition,Dark - Street Lights,Intersection <= 20ft,0.0,1,1.0,Driver,West,Making Left Turn,Pedestrian,North,Not Stated,POINT (-122.390816 37.764202),34.0,2.0,10.0,26.0,06
22838,vw_geo_sfpd_cr_switrs_all_types_col_cty_union.fid-c18a0c2_186644fdb18_4f8,15155,23929000.0,373000.0,150882079,37.7755178336757,-122.406300582254,SFPD-CROSSROADS,CITY STREET,10/08/2015 05:07:00 PM,2015 October 08,17:07:00,2015,October,Thursday,07TH ST,HARRISON ST,2.0,Clear,Injury (Complaint of Pain),Vehicle/Pedestrian,Pedestrian,Crossing in Crosswalk at Intersection,Dry,No Unusual Condition,Daylight,Intersection <= 20ft,0.0,1,1.0,Driver,North,Making Right Turn,Pedestrian,East,Not Stated,POINT (-122.4063 37.775517),32.0,1.0,10.0,34.0,17
22844,vw_geo_sfpd_cr_switrs_all_types_col_cty_union.fid-c18a0c2_186644fdb18_3ae,54135,30758000.0,,200673732,37.7696025975,-122.426309438,SFPD-INTERIM DB,CITY STREET,11/07/2020 07:09:00 PM,2020 November 07,19:09:00,2020,November,Saturday,DUBOCE AVE,MARKET ST,0.0,Clear,Injury (Other Visible),Head-On,Pedestrian,Crossing in Crosswalk at Intersection,Dry,No Unusual Condition,Dark - Street Lights,Intersection <= 20ft,0.0,1,1.0,Pedestrian,East,Stopped,Driver,North,Stopped,POINT (-122.42631 37.769604),27.0,3.0,5.0,9.0,19
22848,vw_geo_sfpd_cr_switrs_all_types_col_cty_union.fid-c18a0c2_186644fdb18_54b,15502,24308000.0,,150336076,37.7743781207515,-122.413943763058,SFPD-CROSSROADS,CITY STREET,04/17/2015 04:10:00 PM,2015 April 17,16:10:00,2015,April,Friday,HOWARD ST,GRACE ST,0.0,Clear,Injury (Complaint of Pain),Broadside,Pedestrian,Crossing Not in Crosswalk,Dry,No Unusual Condition,Daylight,Intersection <= 20ft,0.0,1,1.0,Driver,West,Proceeding Straight,Pedestrian,South,Proceeding Straight,POINT (-122.41394 37.77438),32.0,1.0,10.0,34.0,16
22851,vw_geo_sfpd_cr_switrs_all_types_col_cty_union.fid-c18a0c2_186644fdb18_-1f6,52424,26592000.000000004,,200169941,37.7851509404,-122.433083398,SFPD-INTERIM DB,CITY STREET,03/07/2020 07:48:00 AM,2020 March 07,07:48:00,2020,March,Saturday,POST ST,FILLMORE ST,0.0,Raining,Injury (Other Visible),Vehicle/Pedestrian,Pedestrian,Crossing in Crosswalk at Intersection,Wet,No Unusual Condition,Daylight,Intersection <= 20ft,0.0,1,1.0,Driver,West,Making Left Turn,Driver,East,Proceeding Straight,POINT (-122.43308 37.785152),101.0,4.0,11.0,15.0,07
22864,vw_geo_sfpd_cr_switrs_all_types_col_cty_union.fid-c18a0c2_186644fdb18_728,17073,30742000.0,8751101.0,160210614,37.7803833362804,-122.412563991805,SFPD-CROSSROADS,CITY STREET,03/12/2016 03:43:00 PM,2016 March 12,15:43:00,2016,March,Saturday,MARKET ST,07TH ST,35.0,Raining,Injury (Complaint of Pain),Broadside,Pedestrian,Crossing in Crosswalk at Intersection,Wet,No Unusual Condition,Daylight,Midblock > 20ft,0.0,1,1.0,Pedestrian,South,Entering Traffic,Driver,West,Making Left Turn,POINT (-122.41257 37.780384),32.0,5.0,10.0,34.0,15
22870,vw_geo_sfpd_cr_switrs_all_types_col_cty_union.fid-c18a0c2_186644fdb18_37b,54085,27557000.0,1546000.0,200659801,37.7800045071,-122.486878853,SFPD-INTERIM DB,CITY STREET,11/01/2020 06:03:00 PM,2020 November 01,18:03:00,2020,November,Sunday,27TH AVE,GEARY BLVD,4.0,Cloudy,Injury (Other Visible),Vehicle/Pedestrian,Pedestrian,Crossing in Crosswalk at Intersection,Dry,No Unusual Condition,Dark - Street Lights,Intersection <= 20ft,0.0,1,1.0,Driver,North,Making Left Turn,Pedestrian,East,Not Stated,POINT (-122.48688 37.780006),8.0,8.0,4.0,29.0,18
22876,vw_geo_sfpd_cr_switrs_all_types_col_cty_union.fid-c18a0c2_186644fdb18_-2c4,52277,26770000.0,,200116550,37.7996339304,-122.437694705,SFPD-INTERIM DB,CITY STREET,02/15/2020 08:17:00 PM,2020 February 15,20:17:00,2020,February,Saturday,LOMBARD ST,STEINER ST,0.0,Clear,Injury (Severe),Vehicle/Pedestrian,Pedestrian,Crossing in Crosswalk at Intersection,Dry,No Unusual Condition,Dark - Street Lights,Intersection <= 20ft,0.0,1,1.0,Pedestrian,North,Proceeding Straight,Driver,West,Proceeding Straight,POINT (-122.4377 37.799633),14.0,4.0,6.0,13.0,20
22882,vw_geo_sfpd_cr_switrs_all_types_col_cty_union.fid-c18a0c2_186644fdb18_8a2,54655,23613000.0,,210064698,37.7525446832,-122.392639386,SFPD-INTERIM DB,CITY STREET,01/29/2021 02:20:00 PM,2021 January 29,14:20:00,2021,January,Friday,25TH ST,PENNSYLVANIA AVE,0.0,Clear,Injury (Severe),Broadside,Pedestrian,Crossing in Crosswalk at Intersection,Dry,No Unusual Condition,Daylight,Intersection <= 20ft,0.0,1,1.0,Driver,South,Making Left Turn,Pedestrian,East,Proceeding Straight,POINT (-122.39264 37.752544),54.0,2.0,9.0,1.0,14
22901,vw_geo_sfpd_cr_switrs_all_types_col_cty_union.fid-c18a0c2_186644fdb18_2a6,53870,24003000.0,10664101.0,200603701,37.7609507537,-122.407027895,SFPD-INTERIM DB,CITY STREET,10/07/2020 08:30:00 AM,2020 October 07,08:30:00,2020,October,Wednesday,POTRERO AVE,19TH ST,109.0,Cloudy,Injury (Complaint of Pain),Head-On,Pedestrian,Not in Road,Dry,No Unusual Condition,Daylight,Midblock > 20ft,0.0,1,1.0,Driver,West,Proceeding Straight,Pedestrian,West,Other,POINT (-122.40703 37.760952),54.0,3.0,9.0,20.0,08
22907,vw_geo_sfpd_cr_switrs_all_types_col_cty_union.fid-c18a0c2_186644fdb18_105b,56558,23819000.0,7835001.0,210779029,37.774581916955,-122.396288679634,SFPD-INTERIM DB,CITY STREET,11/25/2021 07:43:00 PM,2021 November 25,19:43:00,2021,November,Thursday,KING ST,05TH ST,8.0,Clear,Injury (Severe),Vehicle/Pedestrian,Pedestrian,Crossing in Crosswalk at Intersection,Dry,No Unusual Condition,Dark - Street Lights,Intersection <= 20ft,0.0,1,1.0,Pedestrian,South,Not Stated,Driver,West,Proceeding Straight,POINT (-122.396286 37.774582),34.0,1.0,10.0,4.0,19
22912,vw_geo_sfpd_cr_switrs_all_types_col_cty_union.fid-c18a0c2_186644fdb18_423,54236,25525000.000000004,5764000.0,200702682,37.804349666,-122.416102606,SFPD-INTERIM DB,CITY STREET,11/20/2020 08:27:00 PM,2020 November 20,20:27:00,2020,November,Friday,FRANCISCO ST,COLUMBUS AVE,15.0,Clear,Injury (Complaint of Pain),Vehicle/Pedestrian,Pedestrian,Crossing in Crosswalk at Intersection,Dry,No Unusual Condition,Dark - Street Lights,Intersection <= 20ft,0.0,1,,Driver,East,Backing,Pedestrian,North,Other,POINT (-122.4161 37.804348),107.0,6.0,3.0,32.0,20
22928,vw_geo_sfpd_cr_switrs_all_types_col_cty_union.fid-c18a0c2_186644fdb18_-29c,52348,25959000.0,6268000.0,200128066,37.7803714321,-122.425616375,SFPD-INTERIM DB,CITY STREET,02/20/2020 08:51:00 AM,2020 February 20,08:51:00,2020,February,Thursday,GOLDEN GATE AVE,LAGUNA ST,410.0,Clear,Injury (Other Visible),Vehicle/Pedestrian,Pedestrian,Crossing in Crosswalk Not at Intersection,Dry,No Unusual Condition,Daylight,Midblock > 20ft,0.0,1,1.0,Driver,East,Proceeding Straight,Pedestrian,North,Proceeding Straight,POINT (-122.42561 37.780373),100.0,4.0,11.0,39.0,08
22949,vw_geo_sfpd_cr_switrs_all_types_col_cty_union.fid-c18a0c2_186644fdb18_101c,56953,33220000.0,,210731643,37.7177970819102,-122.385696544376,SFPD-INTERIM DB,CITY STREET,11/06/2021 11:36:00 PM,2021 November 06,23:36:00,2021,November,Saturday,ARELIOUS WALKER DR,FITZGERALD AVE,0.0,Clear,Injury (Complaint of Pain),Vehicle/Pedestrian,Pedestrian,"In Road, Including Shoulder",Dry,No Unusual Condition,Dark - Street Lights,Intersection <= 20ft,0.0,1,1.0,Driver,North,Proceeding Straight,Pedestrian,North,Proceeding Straight,POINT (-122.3857 37.717796),79.0,2.0,9.0,1.0,23
22950,vw_geo_sfpd_cr_switrs_all_types_col_cty_union.fid-c18a0c2_186644fdb18_2ca,53911,24149000.000000004,,200613722,37.761835855,-122.419359268,SFPD-INTERIM DB,CITY STREET,10/11/2020 06:54:00 PM,2020 October 11,18:54:00,2020,October,Sunday,18TH ST,MISSION ST,0.0,Clear,Injury (Other Visible),Vehicle/Pedestrian,Pedestrian,Crossing in Crosswalk at Intersection,Dry,No Unusual Condition,Dark - Street Lights,Intersection <= 20ft,0.0,1,1.0,Driver,West,Backing,Pedestrian,South,Other,POINT (-122.41936 37.761837),53.0,3.0,2.0,20.0,18
22953,vw_geo_sfpd_cr_switrs_all_types_col_cty_union.fid-c18a0c2_186644fdb18_2bb,53892,54191000.0,6576103.0,200611306,37.7670192929,-122.424268322,SFPD-INTERIM DB,CITY STREET,10/10/2020 02:51:00 PM,2020 October 10,14:51:00,2020,October,Saturday,GUERRERO ST,ROSA PARKS LN,118.0,Clear,Injury (Other Visible),Vehicle/Pedestrian,Pedestrian,Crossing Not in Crosswalk,Dry,No Unusual Condition,Daylight,Midblock > 20ft,0.0,1,1.0,Pedestrian,West,Entering Traffic,Driver,North,Proceeding Straight,POINT (-122.42427 37.76702),37.0,3.0,5.0,20.0,14
22980,vw_geo_sfpd_cr_switrs_all_types_col_cty_union.fid-c18a0c2_186644fdb18_-25f,52452,24892000.0,,200144034,37.7857439884,-122.405831011,SFPD-INTERIM DB,CITY STREET,02/26/2020 09:27:00 AM,2020 February 26,09:27:00,2020,February,Wednesday,MARKET ST,04TH ST,0.0,Clear,Injury (Severe),Vehicle/Pedestrian,Pedestrian,Crossing in Crosswalk at Intersection,Dry,No Unusual Condition,Daylight,Intersection <= 20ft,0.0,1,1.0,Driver,East,Proceeding Straight,Pedestrian,North,Proceeding Straight,POINT (-122.40583 37.785744),32.0,5.0,10.0,8.0,09
22997,vw_geo_sfpd_cr_switrs_all_types_col_cty_union.fid-c18a0c2_186644fdb18_-367,52125,25480000.0,,200070699,37.8067580833,-122.412141424,SFPD-INTERIM DB,CITY STREET,01/28/2020 07:02:00 PM,2020 January 28,19:02:00,2020,January,Tuesday,NORTH POINT ST,POWELL ST,0.0,Clear,Injury (Other Visible),Vehicle/Pedestrian,Pedestrian,Crossing in Crosswalk at Intersection,Dry,No Unusual Condition,Dark - Street Lights,Intersection <= 20ft,0.0,1,,Pedestrian,North,Proceeding Straight,Driver,East,Proceeding Straight,POINT (-122.41214 37.80676),99.0,6.0,3.0,23.0,19
23010,vw_geo_sfpd_cr_switrs_all_types_col_cty_union.fid-c18a0c2_186644fdb18_7f4,54619,21653000.000000004,,210019198,37.7265971155,-122.422840471,SFPD-INTERIM DB,CITY STREET,01/09/2021 02:38:00 PM,2021 January 09,14:38:00,2021,January,Saturday,SILLIMAN ST,MADISON ST,0.0,Clear,Injury (Complaint of Pain),Vehicle/Pedestrian,Pedestrian,"In Road, Including Shoulder",Dry,No Unusual Condition,Daylight,Intersection <= 20ft,0.0,1,1.0,Pedestrian,West,Not Stated,Driver,North,Making U Turn,POINT (-122.422844 37.726597),90.0,9.0,2.0,7.0,14
23011,vw_geo_sfpd_cr_switrs_all_types_col_cty_union.fid-c18a0c2_186644fdb18_e0d,41015,27718000.0,1684000.0,170808851,37.7624181577345,-122.489943419211,SFPD-CROSSROADS,CITY STREET,10/03/2017 08:06:00 AM,2017 October 03,08:06:00,2017,October,Tuesday,31ST AVE,IRVING ST,210.0,Clear,Injury (Complaint of Pain),Broadside,Pedestrian,Crossing Not in Crosswalk,Dry,No Unusual Condition,Daylight,Midblock > 20ft,0.0,1,1.0,Driver,South,Stopped In Road,Pedestrian,West,Proceeding Straight,POINT (-122.489944 37.762417),39.0,10.0,7.0,35.0,08
23014,vw_geo_sfpd_cr_switrs_all_types_col_cty_union.fid-c18a0c2_186644fdb18_86b,54516,26810000.0,4814101.0,210050675,37.7860473774,-122.440083481,SFPD-INTERIM DB,CITY STREET,01/21/2021 04:35:00 PM,2021 January 21,16:35:00,2021,January,Thursday,DIVISADERO ST,BUSH ST,50.0,Clear,Injury (Complaint of Pain),Vehicle/Pedestrian,Pedestrian,"In Road, Including Shoulder",Dry,No Unusual Condition,Daylight,Midblock > 20ft,0.0,1,1.0,Driver,South,Entering Traffic,Pedestrian,South,Proceeding Straight,POINT (-122.44009 37.78605),103.0,4.0,6.0,30.0,16