,id,unique_id,cnn_intrsctn_fkey,cnn_sgmt_fkey,case_id_pkey,tb_latitude,tb_longitude,geocode_source,geocode_location,collision_datetime,collision_date,collision_time,accident_year,month,day_of_week,primary_rd,secondary_rd,distance,weather_1,collision_severity,type_of_collision,mviw,ped_action,road_surface,road_cond_1,lighting,intersection,number_killed,number_injured,party_at_fault,party1_type,party1_dir_of_travel,party1_move_pre_acc,party2_type,party2_dir_of_travel,party2_move_pre_acc,point,Neighborhoods,Current Police Districts,Current Supervisor Districts,Analysis Neighborhoods,hour
23017,vw_geo_sfpd_cr_switrs_all_types_col_cty_union.fid-c18a0c2_186644fdb18_2ce,53915,22476000.0,3138000.0,200615358,37.7131731748,-122.458868956,SFPD-INTERIM DB,CITY STREET,10/12/2020 03:09:00 PM,2020 October 12,15:09:00,2020,October,Monday,BROAD ST,CAPITOL AVE,45.0,Clear,Injury (Severe),Vehicle/Pedestrian,Pedestrian,Approaching/Leaving School Bus,Dry,No Unusual Condition,Daylight,Midblock > 20ft,0.0,1,1.0,Driver,West,Proceeding Straight,Pedestrian,North,Other,POINT (-122.45887 37.713173),81.0,10.0,1.0,24.0,15
23026,vw_geo_sfpd_cr_switrs_all_types_col_cty_union.fid-c18a0c2_186644fdb18_-4e9,29282,25179000.0,,160457797,37.7849602593393,-122.41954785355,SFPD-CROSSROADS,CITY STREET,06/05/2016 03:40:00 AM,2016 June 05,03:40:00,2016,June,Sunday,POLK ST,OFARRELL ST,0.0,Clear,Injury (Complaint of Pain),Vehicle/Pedestrian,Pedestrian,"In Road, Including Shoulder",Dry,No Unusual Condition,Daylight,Intersection <= 20ft,0.0,1,2.0,Pedestrian,West,Making Left Turn,Driver,North,Not Stated,POINT (-122.41955 37.78496),20.0,4.0,10.0,36.0,03
23031,vw_geo_sfpd_cr_switrs_all_types_col_cty_union.fid-c18a0c2_186644fdb18_27d,53827,27248000.0,,200593271,37.7811109958,-122.462139278,SFPD-INTERIM DB,CITY STREET,10/02/2020 11:24:00 AM,2020 October 02,11:24:00,2020,October,Friday,GEARY BLVD,04TH AVE,0.0,Clear,Injury (Complaint of Pain),Vehicle/Pedestrian,Pedestrian,Crossing in Crosswalk at Intersection,Dry,No Unusual Condition,Daylight,Intersection <= 20ft,0.0,1,1.0,Driver,East,Making Left Turn,Pedestrian,North,Proceeding Straight,POINT (-122.46214 37.781113),5.0,8.0,4.0,11.0,11
23032,vw_geo_sfpd_cr_switrs_all_types_col_cty_union.fid-c18a0c2_186644fdb18_8fe,54904,23709000.0,,210090665,37.7571847563,-122.40086954,SFPD-INTERIM DB,CITY STREET,02/09/2021 02:45:00 PM,2021 February 09,14:45:00,2021,February,Tuesday,DE HARO ST,22ND ST,0.0,Clear,Injury (Other Visible),Vehicle/Pedestrian,Pedestrian,Crossing Not in Crosswalk,Dry,No Unusual Condition,Daylight,Intersection <= 20ft,0.0,1,1.0,Pedestrian,West,Proceeding Straight,Driver,North,Proceeding Straight,POINT (-122.40087 37.757183),54.0,2.0,9.0,26.0,14
23036,vw_geo_sfpd_cr_switrs_all_types_col_cty_union.fid-c18a0c2_186644fdb18_-21a,52444,24048000.0,,200161511,37.7656058389,-122.410486689,SFPD-INTERIM DB,CITY STREET,03/03/2020 09:05:00 PM,2020 March 03,21:05:00,2020,March,Tuesday,16TH ST,BRYANT ST,0.0,Clear,Injury (Severe),Vehicle/Pedestrian,Pedestrian,Crossing in Crosswalk at Intersection,Dry,No Unusual Condition,Dark - Street Lights,Intersection <= 20ft,0.0,1,1.0,Pedestrian,North,Proceeding Straight,Driver,East,Proceeding Straight,POINT (-122.410484 37.765606),53.0,3.0,9.0,20.0,21
23046,vw_geo_sfpd_cr_switrs_all_types_col_cty_union.fid-c18a0c2_186644fdb18_cc3,55305,26587000.0,,210386113,37.7845682408,-122.431204945,SFPD-INTERIM DB,CITY STREET,06/20/2021 08:34:00 PM,2021 June 20,20:34:00,2021,June,Sunday,GEARY BLVD,WEBSTER ST,0.0,Clear,Injury (Severe),Broadside,Pedestrian,Crossing in Crosswalk at Intersection,Dry,No Unusual Condition,Dark - Street Lights,Intersection <= 20ft,0.0,1,,Pedestrian,South,Not Stated,Driver,West,Proceeding Straight,POINT (-122.431206 37.78457),101.0,4.0,11.0,15.0,20
23060,vw_geo_sfpd_cr_switrs_all_types_col_cty_union.fid-c18a0c2_186644fdb18_bec,55380,25154000.0,,210322628,37.7865198197,-122.414806649,SFPD-INTERIM DB,CITY STREET,05/25/2021 05:09:00 PM,2021 May 25,17:09:00,2021,May,Tuesday,GEARY ST,LEAVENWORTH ST,0.0,Clear,Injury (Other Visible),Vehicle/Pedestrian,Pedestrian,Crossing in Crosswalk at Intersection,Dry,No Unusual Condition,Daylight,Intersection <= 20ft,0.0,1,1.0,Pedestrian,East,Making Right Turn,Driver,North,Proceeding Straight,POINT (-122.41481 37.78652),20.0,6.0,10.0,36.0,17
23064,vw_geo_sfpd_cr_switrs_all_types_col_cty_union.fid-c18a0c2_186644fdb18_-591,28944,25186000.0,13149102.0,170468499,37.7828813861079,-122.420824009454,SFPD-CROSSROADS,CITY STREET,06/08/2017 11:11:00 AM,2017 June 08,11:11:00,2017,June,Thursday,VAN NESS AVE,EDDY ST,6.0,Raining,Injury (Other Visible),Vehicle/Pedestrian,Pedestrian,Crossing in Crosswalk at Intersection,Wet,No Unusual Condition,Daylight,Intersection <= 20ft,0.0,1,1.0,Pedestrian,East,Proceeding Straight,Driver,South,Proceeding Straight,POINT (-122.42082 37.782883),20.0,4.0,10.0,36.0,11
23075,vw_geo_sfpd_cr_switrs_all_types_col_cty_union.fid-c18a0c2_186644fdb18_e40,55837,33364000.000000004,12033000.0,210560163,37.7486224226,-122.415902044,SFPD-INTERIM DB,CITY STREET,08/31/2021 06:32:00 PM,2021 August 31,18:32:00,2021,August,Tuesday,SOUTH VAN NESS AVE,CESAR CHAVEZ ST,150.0,Clear,Injury (Complaint of Pain),Vehicle/Pedestrian,Pedestrian,Not in Road,Dry,No Unusual Condition,Daylight,Midblock > 20ft,0.0,1,1.0,Driver,South,Making Right Turn,Pedestrian,South,Stopped,POINT (-122.4159 37.748623),53.0,3.0,2.0,20.0,18
23080,vw_geo_sfpd_cr_switrs_all_types_col_cty_union.fid-c18a0c2_186644fdb18_-568,37340,33710000.0,7553000.0,151014003,37.7147076733227,-122.492341436621,SFPD-CROSSROADS,CITY STREET,11/21/2015 12:40:00 PM,2015 November 21,12:40:00,2015,November,Saturday,JOHN MUIR DR,LAKE MERCED BLVD,3168.0,Clear,Fatal,Vehicle/Pedestrian,Pedestrian,Not in Road,Dry,No Unusual Condition,Daylight,Midblock > 20ft,1.0,1,1.0,Driver,North,Proceeding Straight,Pedestrian,North,Not Stated,POINT (-122.49234 37.714706),43.0,10.0,8.0,16.0,12
23089,vw_geo_sfpd_cr_switrs_all_types_col_cty_union.fid-c18a0c2_186644fdb18_b9f,18718,30754000.0,8758202.0,140633707,37.7728256529858,-122.422292218323,SFPD-CROSSROADS,CITY STREET,07/30/2014 07:14:00 PM,2014 July 30,19:14:00,2014,July,Wednesday,MARKET ST,GOUGH ST,30.0,Clear,Injury (Other Visible),Head-On,Pedestrian,"In Road, Including Shoulder",Dry,Construction or Repair Zone,Daylight,Midblock > 20ft,0.0,2,1.0,Bicyclist,East,Proceeding Straight,Pedestrian,West,Proceeding Straight,POINT (-122.422295 37.772827),26.0,1.0,11.0,9.0,19
23098,vw_geo_sfpd_cr_switrs_all_types_col_cty_union.fid-c18a0c2_186644fdb18_970,57120,25148000.0,,210123090,37.7833108898927,-122.417528773168,SFPD-INTERIM DB,CITY STREET,02/23/2021 09:51:00 PM,2021 February 23,21:51:00,2021,February,Tuesday,EDDY ST,LARKIN ST,0.0,Clear,Injury (Complaint of Pain),Vehicle/Pedestrian,Pedestrian,Crossing in Crosswalk at Intersection,Dry,No Unusual Condition,Dark - Street Lights,Intersection <= 20ft,0.0,1,1.0,Driver,West,Making Left Turn,Pedestrian,South,Proceeding Straight,POINT (-122.41753 37.78331),20.0,5.0,10.0,36.0,21
23101,vw_geo_sfpd_cr_switrs_all_types_col_cty_union.fid-c18a0c2_186644fdb18_-4c4,52035,27935000.0,7885000.0,200012550,37.7585599791,-122.505786478,SFPD-INTERIM DB,CITY STREET,01/05/2020 10:50:00 PM,2020 January 05,22:50:00,2020,January,Sunday,KIRKHAM ST,46TH AVE,3.0,Clear,Injury (Complaint of Pain),Vehicle/Pedestrian,Pedestrian,Crossing in Crosswalk at Intersection,Dry,No Unusual Condition,Dark - Street Lights,Intersection <= 20ft,0.0,1,1.0,Driver,East,Proceeding Straight,Pedestrian,South,Proceeding Straight,POINT (-122.50578 37.75856),39.0,10.0,7.0,35.0,22
23104,vw_geo_sfpd_cr_switrs_all_types_col_cty_union.fid-c18a0c2_186644fdb18_-582,28984,25186000.0,13150101.0,170076917,37.7830681573194,-122.420919721526,SFPD-CROSSROADS,CITY STREET,01/28/2017 09:31:00 AM,2017 January 28,09:31:00,2017,January,Saturday,VAN NESS AVE,EDDY ST,67.0,Clear,Injury (Other Visible),Vehicle/Pedestrian,Pedestrian,Crossing Not in Crosswalk,Dry,No Unusual Condition,Daylight,Midblock > 20ft,0.0,1,1.0,Pedestrian,East,Not Stated,Driver,South,Proceeding Straight,POINT (-122.42092 37.78307),100.0,4.0,11.0,39.0,09
23107,vw_geo_sfpd_cr_switrs_all_types_col_cty_union.fid-c18a0c2_186644fdb18_8b1,54659,24170000.0,,210067868,37.7650513371,-122.419668973,SFPD-INTERIM DB,CITY STREET,01/30/2021 07:25:00 PM,2021 January 30,19:25:00,2021,January,Saturday,MISSION ST,16TH ST,0.0,Clear,Injury (Complaint of Pain),Vehicle/Pedestrian,Pedestrian,Crossing in Crosswalk at Intersection,Dry,No Unusual Condition,Dark - Street Lights,Intersection <= 20ft,0.0,1,1.0,Driver,West,Making Left Turn,Pedestrian,North,Proceeding Straight,POINT (-122.41967 37.765053),53.0,3.0,2.0,20.0,19
23112,vw_geo_sfpd_cr_switrs_all_types_col_cty_union.fid-c18a0c2_186644fdb18_412,54227,24926000.0,,200700125,37.7850745972,-122.411139801,SFPD-INTERIM DB,CITY STREET,11/19/2020 07:28:00 PM,2020 November 19,19:28:00,2020,November,Thursday,TAYLOR ST,ELLIS ST,0.0,Clear,Injury (Other Visible),Vehicle/Pedestrian,Pedestrian,Crossing Not in Crosswalk,Dry,No Unusual Condition,Dark - Street Lights,Intersection <= 20ft,0.0,1,1.0,Pedestrian,East,Entering Traffic,Driver,North,Proceeding Straight,POINT (-122.41114 37.785076),20.0,5.0,10.0,36.0,19
23118,vw_geo_sfpd_cr_switrs_all_types_col_cty_union.fid-c18a0c2_186644fdb18_b0e,55499,26519000.0,,210257326,37.7867126556,-122.428335613,SFPD-INTERIM DB,CITY STREET,04/27/2021 11:29:00 AM,2021 April 27,11:29:00,2021,April,Tuesday,LAGUNA ST,SUTTER ST,0.0,Clear,Injury (Severe),Vehicle/Pedestrian,Pedestrian,Crossing in Crosswalk at Intersection,Dry,No Unusual Condition,Daylight,Intersection <= 20ft,0.0,1,1.0,Driver,South,Making Right Turn,Pedestrian,East,Proceeding Straight,POINT (-122.42834 37.786713),101.0,4.0,11.0,30.0,11
23122,vw_geo_sfpd_cr_switrs_all_types_col_cty_union.fid-c18a0c2_186644fdb18_4c0,14739,23807000.0,,180902318,37.7788517175,-122.392749787,SFPD-INTERIM DB,CITY STREET,11/29/2018 02:30:00 PM,2018 November 29,14:30:00,2018,November,Thursday,03RD ST,TOWNSEND ST,0.0,Raining,Injury (Complaint of Pain),Head-On,Pedestrian,Crossing in Crosswalk at Intersection,Wet,No Unusual Condition,Daylight,Intersection <= 20ft,0.0,1,1.0,Driver,East,Making U Turn,Pedestrian,South,Proceeding Straight,POINT (-122.39275 37.77885),34.0,1.0,10.0,4.0,14
23135,vw_geo_sfpd_cr_switrs_all_types_col_cty_union.fid-c18a0c2_186644fdb18_-49a,52073,25152000.0,,200015899,37.7851672146,-122.41790141,SFPD-INTERIM DB,CITY STREET,01/07/2020 08:57:00 AM,2020 January 07,08:57:00,2020,January,Tuesday,LARKIN ST,OFARRELL ST,0.0,Clear,Injury (Complaint of Pain),Vehicle/Pedestrian,Pedestrian,Crossing in Crosswalk at Intersection,Dry,No Unusual Condition,Daylight,Intersection <= 20ft,0.0,1,1.0,Pedestrian,South,Not Stated,Driver,East,Changing Lanes,POINT (-122.4179 37.785168),20.0,5.0,10.0,36.0,08
23136,vw_geo_sfpd_cr_switrs_all_types_col_cty_union.fid-c18a0c2_186644fdb18_8b6,2814,20600000.0,11380000.0,150758141,37.7242179841151,-122.402183196891,SFPD-CROSSROADS,CITY STREET,08/29/2015 05:11:00 PM,2015 August 29,17:11:00,2015,August,Saturday,SAN BRUNO AVE,DWIGHT ST,70.0,Clear,Injury (Other Visible),Vehicle/Pedestrian,Pedestrian,Crossing Not in Crosswalk,Dry,"Holes, Deep Ruts",Daylight,Midblock > 20ft,0.0,1,1.0,Pedestrian,East,Other,Driver,North,Proceeding Straight,POINT (-122.40218 37.724216),91.0,2.0,2.0,25.0,17
23137,vw_geo_sfpd_cr_switrs_all_types_col_cty_union.fid-c18a0c2_186644fdb18_faa,56444,23264000.0,12402000.0,210675778,37.7427129202497,-122.483358250115,SFPD-INTERIM DB,CITY STREET,10/15/2021 05:40:00 PM,2021 October 15,17:40:00,2021,October,Friday,TARAVAL ST,26TH AVE,48.0,Clear,Injury (Complaint of Pain),Broadside,Pedestrian,Crossing Not in Crosswalk,Dry,No Unusual Condition,Dusk - Dawn,Midblock > 20ft,0.0,1,1.0,Pedestrian,North,Proceeding Straight,Driver,West,Proceeding Straight,POINT (-122.48336 37.742714),40.0,10.0,7.0,35.0,17
23138,vw_geo_sfpd_cr_switrs_all_types_col_cty_union.fid-c18a0c2_186644fdb18_ec8,55938,24171000.0,9115000.0,210611023,37.7660707375,-122.419767164,SFPD-INTERIM DB,CITY STREET,09/20/2021 09:16:00 PM,2021 September 20,21:16:00,2021,September,Monday,MISSION ST,15TH ST,220.0,Clear,Injury (Severe),Vehicle/Pedestrian,Pedestrian,Crossing Not in Crosswalk,Dry,No Unusual Condition,Dark - Street Lights,Midblock > 20ft,0.0,1,1.0,Pedestrian,East,Other,Driver,North,Proceeding Straight,POINT (-122.41977 37.76607),53.0,3.0,2.0,20.0,21
23139,vw_geo_sfpd_cr_switrs_all_types_col_cty_union.fid-c18a0c2_186644fdb18_ee4,55952,25913000.0,,210619538,37.7755245459,-122.426070325,SFPD-INTERIM DB,CITY STREET,09/23/2021 11:35:00 PM,2021 September 23,23:35:00,2021,September,Thursday,FELL ST,LAGUNA ST,0.0,Clear,Injury (Complaint of Pain),Vehicle/Pedestrian,Pedestrian,Crossing Not in Crosswalk,Dry,No Unusual Condition,Dark - Street Lights,Intersection <= 20ft,0.0,1,1.0,Driver,West,Proceeding Straight,Pedestrian,South,Entering Traffic,POINT (-122.42607 37.775524),22.0,4.0,11.0,9.0,23
23148,vw_geo_sfpd_cr_switrs_all_types_col_cty_union.fid-c18a0c2_186644fdb18_129,53365,21306000.0,,200477277,37.7490412879,-122.418135252,SFPD-INTERIM DB,CITY STREET,08/09/2020 05:00:00 PM,2020 August 09,17:00:00,2020,August,Sunday,26TH ST,MISSION ST,0.0,Clear,Injury (Complaint of Pain),Vehicle/Pedestrian,Pedestrian,Crossing in Crosswalk at Intersection,Dry,No Unusual Condition,Daylight,Intersection <= 20ft,0.0,1,1.0,Driver,East,Making Left Turn,Pedestrian,North,Proceeding Straight,POINT (-122.41814 37.749043),53.0,3.0,2.0,20.0,17
23151,vw_geo_sfpd_cr_switrs_all_types_col_cty_union.fid-c18a0c2_186644fdb18_-269,38004,23070000.0,7706202.0,171006654,37.7311410711358,-122.471862290762,SFPD-CROSSROADS,CITY STREET,12/13/2017 09:05:00 AM,2017 December 13,09:05:00,2017,December,Wednesday,JUNIPERO SERRA BLVD,OCEAN AVE,50.0,Clear,Injury (Other Visible),Vehicle/Pedestrian,Pedestrian,Crossing Not in Crosswalk,Dry,No Unusual Condition,Daylight,Midblock > 20ft,0.0,1,,Pedestrian,East,Other,Driver,North,Proceeding Straight,POINT (-122.47186 37.73114),62.0,10.0,8.0,41.0,09
23157,vw_geo_sfpd_cr_switrs_all_types_col_cty_union.fid-c18a0c2_186644fdb18_-3d0,52091,27588000.0,8012000.0,200042676,37.7867664008,-122.462584572,SFPD-INTERIM DB,CITY STREET,01/17/2020 06:25:00 PM,2020 January 17,18:25:00,2020,January,Friday,LAKE ST,04TH AVE,11.0,Clear,Injury (Other Visible),Vehicle/Pedestrian,Pedestrian,Crossing in Crosswalk at Intersection,Dry,No Unusual Condition,Dark - Street Lights,Intersection <= 20ft,0.0,1,1.0,Driver,East,Proceeding Straight,Pedestrian,South,Not Stated,POINT (-122.462585 37.786766),4.0,8.0,6.0,11.0,18
23161,vw_geo_sfpd_cr_switrs_all_types_col_cty_union.fid-c18a0c2_186644fdb18_f60,57040,26498000.0,,210656336,37.7882797332172,-122.423594072202,SFPD-INTERIM DB,CITY STREET,10/08/2021 11:47:00 AM,2021 October 08,11:47:00,2021,October,Friday,FRANKLIN ST,BUSH ST,0.0,Clear,Injury (Complaint of Pain),Vehicle/Pedestrian,Pedestrian,Crossing in Crosswalk at Intersection,Dry,No Unusual Condition,Daylight,Intersection <= 20ft,0.0,1,1.0,Driver,North,Making Left Turn,Pedestrian,West,Proceeding Straight,POINT (-122.42359 37.78828),100.0,4.0,6.0,39.0,11
23178,vw_geo_sfpd_cr_switrs_all_types_col_cty_union.fid-c18a0c2_186644fdb18_108f,57005,26031000.0,9760000.0,210853651,37.7731343614074,-122.43741610365,SFPD-INTERIM DB,CITY STREET,12/26/2021 04:44:00 PM,2021 December 26,16:44:00,2021,December,Sunday,OAK ST,DIVISADERO ST,2.0,Raining,Injury (Complaint of Pain),Vehicle/Pedestrian,Pedestrian,Crossing in Crosswalk at Intersection,Wet,No Unusual Condition,Dark - Street Lights,Intersection <= 20ft,0.0,1,1.0,Driver,East,Making Left Turn,Pedestrian,North,Proceeding Straight,POINT (-122.437416 37.773136),26.0,4.0,11.0,9.0,16
23198,vw_geo_sfpd_cr_switrs_all_types_col_cty_union.fid-c18a0c2_186644fdb18_6339,19277,26429000.0,11856000.0,5762832,37.7685771615653,-122.451702709975,SFPD-CROSSROADS,CITY STREET,06/10/2012 06:07:00 PM,2012 June 10,18:07:00,2012,June,Sunday,SHRADER ST,WALLER ST,49.0,Clear,Injury (Complaint of Pain),Vehicle/Pedestrian,Pedestrian,"In Road, Including Shoulder",Dry,No Unusual Condition,Daylight,Midblock > 20ft,0.0,1,,Driver,South,Making U Turn,Pedestrian,South,Other,POINT (-122.451706 37.768578),25.0,7.0,11.0,3.0,18
23203,vw_geo_sfpd_cr_switrs_all_types_col_cty_union.fid-c18a0c2_186644fdb18_c91,55296,24439000.0,,210374481,37.7804703415,-122.416947605,SFPD-INTERIM DB,CITY STREET,06/16/2021 07:55:00 AM,2021 June 16,07:55:00,2021,June,Wednesday,MCALLISTER ST,LARKIN ST,0.0,Clear,Injury (Other Visible),Vehicle/Pedestrian,Pedestrian,Crossing in Crosswalk at Intersection,Dry,No Unusual Condition,Daylight,Intersection <= 20ft,0.0,2,1.0,Pedestrian,South,Proceeding Straight,Driver,East,Entering Traffic,POINT (-122.41695 37.78047),21.0,5.0,10.0,36.0,07
23210,vw_geo_sfpd_cr_switrs_all_types_col_cty_union.fid-c18a0c2_186644fdb18_b71,55368,24311000.0,,210282624,37.7774574201,-122.413157691,SFPD-INTERIM DB,CITY STREET,05/08/2021 04:07:00 PM,2021 May 08,16:07:00,2021,May,Saturday,MISSION ST,08TH ST,0.0,Clear,Injury (Complaint of Pain),Head-On,Pedestrian,Crossing in Crosswalk at Intersection,Dry,No Unusual Condition,Daylight,Intersection <= 20ft,0.0,1,1.0,Driver,West,Making Left Turn,Pedestrian,South,Proceeding Straight,POINT (-122.413155 37.77746),32.0,1.0,10.0,34.0,16
23211,vw_geo_sfpd_cr_switrs_all_types_col_cty_union.fid-c18a0c2_186644fdb18_53f,54434,33436000.0,,200775548,37.7114225411,-122.463030029,SFPD-INTERIM DB,CITY STREET,12/24/2020 06:00:00 PM,2020 December 24,18:00:00,2020,December,Thursday,BROTHERHOOD WAY,SAGAMORE ST,0.0,Clear,Injury (Complaint of Pain),Vehicle/Pedestrian,Pedestrian,Crossing in Crosswalk Not at Intersection,Dry,No Unusual Condition,Dark - Street Lights,Intersection <= 20ft,0.0,1,,Driver,West,Proceeding Straight,Pedestrian,East,Proceeding Straight,POINT (-122.46303 37.711422),65.0,10.0,8.0,24.0,18
23212,vw_geo_sfpd_cr_switrs_all_types_col_cty_union.fid-c18a0c2_186644fdb18_d2e,56195,27343000.0,913101.0,210439041,37.7579467695,-122.4766534,SFPD-INTERIM DB,CITY STREET,07/12/2021 10:05:00 AM,2021 July 12,10:05:00,2021,July,Monday,19TH AVE,LAWTON ST,12.0,Cloudy,Injury (Complaint of Pain),Vehicle/Pedestrian,Pedestrian,"In Road, Including Shoulder",Dry,No Unusual Condition,Daylight,Intersection <= 20ft,0.0,1,1.0,Driver,North,Proceeding Straight,Pedestrian,West,Other,POINT (-122.476654 37.757946),44.0,10.0,8.0,14.0,10
23213,vw_geo_sfpd_cr_switrs_all_types_col_cty_union.fid-c18a0c2_186644fdb18_-358,52134,22951000.0,13579101.0,200074964,37.7372709666,-122.469845173,SFPD-INTERIM DB,CITY STREET,01/30/2020 01:08:00 PM,2020 January 30,13:08:00,2020,January,Thursday,WEST PORTAL AVE,15TH AVE,328.0,Clear,Injury (Complaint of Pain),Vehicle/Pedestrian,Pedestrian,Crossing Not in Crosswalk,Dry,No Unusual Condition,Daylight,Midblock > 20ft,0.0,1,1.0,Pedestrian,East,Other,Driver,South,Backing,POINT (-122.46985 37.73727),46.0,10.0,8.0,41.0,13
23221,vw_geo_sfpd_cr_switrs_all_types_col_cty_union.fid-c18a0c2_186644fdb18_-3dc,52591,33647000.0,2579000.0,200041797,37.7277058414,-122.403316561,SFPD-INTERIM DB,CITY STREET,01/17/2020 01:06:00 PM,2020 January 17,13:06:00,2020,January,Friday,BACON ST,SAN BRUNO AVE,84.0,Clear,Injury (Severe),Vehicle/Pedestrian,Pedestrian,Crossing Not in Crosswalk,Dry,No Unusual Condition,Daylight,Midblock > 20ft,0.0,1,1.0,Pedestrian,North,Proceeding Straight,Driver,East,Proceeding Straight,POINT (-122.40332 37.727707),91.0,2.0,2.0,25.0,13
23222,vw_geo_sfpd_cr_switrs_all_types_col_cty_union.fid-c18a0c2_186644fdb18_3e9,54193,24437000.000000004,,200690877,37.7784891167,-122.418226581,SFPD-INTERIM DB,CITY STREET,11/15/2020 07:45:00 PM,2020 November 15,19:45:00,2020,November,Sunday,GROVE ST,POLK ST,0.0,Clear,Injury (Complaint of Pain),Vehicle/Pedestrian,Pedestrian,Crossing in Crosswalk at Intersection,Dry,No Unusual Condition,Dark - Street Lights,Intersection <= 20ft,0.0,1,1.0,Driver,East,Proceeding Straight,Pedestrian,North,Proceeding Straight,POINT (-122.41823 37.77849),21.0,4.0,10.0,36.0,19
23225,vw_geo_sfpd_cr_switrs_all_types_col_cty_union.fid-c18a0c2_186644fdb18_b83,55062,24923000.0,,210290138,37.7830040784,-122.412411747,SFPD-INTERIM DB,CITY STREET,05/11/2021 08:58:00 PM,2021 May 11,20:58:00,2021,May,Tuesday,JONES ST,TURK ST,0.0,Clear,Injury (Complaint of Pain),Vehicle/Pedestrian,Pedestrian,Crossing Not in Crosswalk,Dry,No Unusual Condition,Dark - Street Lights,Intersection <= 20ft,0.0,1,1.0,Pedestrian,West,Not Stated,Driver,South,Proceeding Straight,POINT (-122.412415 37.783005),20.0,5.0,10.0,36.0,20
23229,vw_geo_sfpd_cr_switrs_all_types_col_cty_union.fid-c18a0c2_186644fdb18_c0c,18762,30754000.0,,150336496,37.7729091227551,-122.422186439102,SFPD-CROSSROADS,CITY STREET,04/17/2015 07:05:00 PM,2015 April 17,19:05:00,2015,April,Friday,MARKET ST,GOUGH ST,0.0,Clear,Injury (Other Visible),Vehicle/Pedestrian,Pedestrian,Crossing in Crosswalk at Intersection,Dry,No Unusual Condition,Daylight,Intersection <= 20ft,0.0,1,1.0,Driver,East,Making Left Turn,Pedestrian,North,Proceeding Straight,POINT (-122.42219 37.772907),26.0,1.0,11.0,9.0,19
23230,vw_geo_sfpd_cr_switrs_all_types_col_cty_union.fid-c18a0c2_186644fdb18_fe,53662,26504000.0,,200463715,37.7880701884,-122.425236501,SFPD-INTERIM DB,CITY STREET,08/03/2020 11:10:00 AM,2020 August 03,11:10:00,2020,August,Monday,GOUGH ST,BUSH ST,0.0,Clear,Injury (Complaint of Pain),Vehicle/Pedestrian,Pedestrian,Crossing in Crosswalk at Intersection,Dry,No Unusual Condition,Daylight,Intersection <= 20ft,0.0,1,1.0,Driver,South,Making Right Turn,Pedestrian,West,Proceeding Straight,POINT (-122.42524 37.78807),100.0,4.0,11.0,30.0,11
23236,vw_geo_sfpd_cr_switrs_all_types_col_cty_union.fid-c18a0c2_186644fdb18_-4fd,37403,22223000.0,9819101.0,140703877,37.7234046710373,-122.454002482849,SFPD-CROSSROADS,CITY STREET,08/22/2014 08:43:00 AM,2014 August 22,08:43:00,2014,August,Friday,OCEAN AVE,LEE AVE,36.0,Clear,Injury (Other Visible),Vehicle/Pedestrian,Pedestrian,Crossing Not in Crosswalk,Dry,No Unusual Condition,Daylight,Midblock > 20ft,0.0,1,1.0,Pedestrian,West,Other,Driver,West,Proceeding Straight,POINT (-122.454 37.723404),64.0,10.0,8.0,24.0,08
23237,vw_geo_sfpd_cr_switrs_all_types_col_cty_union.fid-c18a0c2_186644fdb18_91a,18305,30757000.0,,141002438,37.770747745383,-122.424852598441,SFPD-CROSSROADS,CITY STREET,11/26/2014 06:40:00 PM,2014 November 26,18:40:00,2014,November,Wednesday,MARKET ST,GUERRERO ST,0.0,Clear,Injury (Severe),Vehicle/Pedestrian,Pedestrian,Crossing in Crosswalk at Intersection,Dry,No Unusual Condition,Dark - Street Lights,Intersection <= 20ft,0.0,1,1.0,Driver,East,Making Left Turn,Pedestrian,South,Proceeding Straight,POINT (-122.42485 37.77075),27.0,1.0,5.0,20.0,18
23250,vw_geo_sfpd_cr_switrs_all_types_col_cty_union.fid-c18a0c2_186644fdb18_-205,52768,27152000.000000004,358000.0,200165256,37.7659573535,-122.464296466,SFPD-INTERIM DB,CITY STREET,03/05/2020 11:24:00 AM,2020 March 05,11:24:00,2020,March,Thursday,07TH AVE,LINCOLN WAY,2.0,Cloudy,Injury (Complaint of Pain),Broadside,Pedestrian,Crossing in Crosswalk at Intersection,Dry,No Unusual Condition,Daylight,Intersection <= 20ft,0.0,1,1.0,Driver,North,Making Right Turn,Pedestrian,West,Proceeding Straight,POINT (-122.464294 37.765957),109.0,7.0,11.0,14.0,11
23261,vw_geo_sfpd_cr_switrs_all_types_col_cty_union.fid-c18a0c2_186644fdb18_-23a,52379,24941000.0,6112000.0,200154497,37.7869340319,-122.411560245,SFPD-INTERIM DB,CITY STREET,03/01/2020 07:27:00 AM,2020 March 01,07:27:00,2020,March,Sunday,GEARY ST,TAYLOR ST,13.0,Cloudy,Fatal,Vehicle/Pedestrian,Pedestrian,Crossing in Crosswalk at Intersection,Dry,No Unusual Condition,Daylight,Intersection <= 20ft,1.0,0,1.0,Driver,North,Making Left Turn,Pedestrian,South,Not Stated,POINT (-122.41156 37.786934),20.0,6.0,10.0,36.0,07
23265,vw_geo_sfpd_cr_switrs_all_types_col_cty_union.fid-c18a0c2_186644fdb18_4fc,54384,27305000.0,,200757922,37.7827019047,-122.469769991,SFPD-INTERIM DB,CITY STREET,12/16/2020 07:50:00 PM,2020 December 16,19:50:00,2020,December,Wednesday,CLEMENT ST,11TH AVE,0.0,Cloudy,Injury (Complaint of Pain),Vehicle/Pedestrian,Pedestrian,Crossing in Crosswalk at Intersection,Dry,No Unusual Condition,Dark - Street Lights,Intersection <= 20ft,0.0,1,1.0,Driver,West,Making Left Turn,Pedestrian,West,Proceeding Straight,POINT (-122.46977 37.782703),5.0,8.0,4.0,11.0,19