,id,unique_id,cnn_intrsctn_fkey,cnn_sgmt_fkey,case_id_pkey,tb_latitude,tb_longitude,geocode_source,geocode_location,collision_datetime,collision_date,collision_time,accident_year,month,day_of_week,primary_rd,secondary_rd,distance,weather_1,collision_severity,type_of_collision,mviw,ped_action,road_surface,road_cond_1,lighting,intersection,number_killed,number_injured,party_at_fault,party1_type,party1_dir_of_travel,party1_move_pre_acc,party2_type,party2_dir_of_travel,party2_move_pre_acc,point,Neighborhoods,Current Police Districts,Current Supervisor Districts,Analysis Neighborhoods,hour
23266,vw_geo_sfpd_cr_switrs_all_types_col_cty_union.fid-c18a0c2_186644fdb18_914,54560,23925000.0,,210094253,37.7766201711,-122.404896153,SFPD-INTERIM DB,CITY STREET,02/11/2021 09:29:00 AM,2021 February 11,09:29:00,2021,February,Thursday,HARRISON ST,COLUMBIA SQUARE ST,0.0,Clear,Injury (Complaint of Pain),Head-On,Pedestrian,Crossing in Crosswalk at Intersection,Dry,No Unusual Condition,Daylight,Intersection <= 20ft,0.0,1,1.0,Driver,North,Making Right Turn,Pedestrian,West,Proceeding Straight,POINT (-122.4049 37.77662),32.0,1.0,10.0,34.0,09
23268,vw_geo_sfpd_cr_switrs_all_types_col_cty_union.fid-c18a0c2_186644fdb18_153,53395,25977000.0,,200488707,37.7675952416,-122.43119112,SFPD-INTERIM DB,CITY STREET,08/14/2020 04:49:00 PM,2020 August 14,16:49:00,2020,August,Friday,SANCHEZ ST,14TH ST,0.0,Clear,Injury (Complaint of Pain),Vehicle/Pedestrian,Pedestrian,Crossing Not in Crosswalk,Dry,No Unusual Condition,Daylight,Intersection <= 20ft,0.0,1,1.0,Pedestrian,North,Proceeding Straight,Driver,West,Proceeding Straight,POINT (-122.43119 37.767593),28.0,7.0,5.0,5.0,16
23275,vw_geo_sfpd_cr_switrs_all_types_col_cty_union.fid-c18a0c2_186644fdb18_-279,52663,30747000.0,508000.0,200135544,37.7753989581,-122.418457852,SFPD-INTERIM DB,CITY STREET,02/22/2020 09:52:00 PM,2020 February 22,21:52:00,2020,February,Saturday,11TH ST,MARKET ST,82.0,Clear,Injury (Complaint of Pain),Vehicle/Pedestrian,Pedestrian,"In Road, Including Shoulder",Dry,No Unusual Condition,Dark - Street Lights,Midblock > 20ft,0.0,1,1.0,Driver,North,Stopped,Pedestrian,East,Other,POINT (-122.41846 37.7754),32.0,5.0,10.0,20.0,21
23279,vw_geo_sfpd_cr_switrs_all_types_col_cty_union.fid-c18a0c2_186644fdb18_-2c8,52756,24182000.0,652000.0,200115239,37.7666084177,-122.420904344,SFPD-INTERIM DB,CITY STREET,02/15/2020 10:30:00 AM,2020 February 15,10:30:00,2020,February,Saturday,15TH ST,JULIAN AVE,44.0,Clear,Injury (Complaint of Pain),Vehicle/Pedestrian,Pedestrian,Crossing Not in Crosswalk,Dry,No Unusual Condition,Daylight,Midblock > 20ft,0.0,1,1.0,Pedestrian,North,Proceeding Straight,Driver,East,Proceeding Straight,POINT (-122.420906 37.76661),53.0,3.0,2.0,20.0,10
23289,vw_geo_sfpd_cr_switrs_all_types_col_cty_union.fid-c18a0c2_186644fdb18_2aa,53875,24311000.0,,200605406,37.7774574201,-122.413157691,SFPD-INTERIM DB,CITY STREET,10/07/2020 08:57:00 PM,2020 October 07,20:57:00,2020,October,Wednesday,08TH ST,MISSION ST,0.0,Clear,Injury (Complaint of Pain),Vehicle/Pedestrian,Pedestrian,Crossing Not in Crosswalk,Dry,No Unusual Condition,Dark - Street Lights,Intersection <= 20ft,0.0,1,1.0,Pedestrian,West,Other,Driver,South,Proceeding Straight,POINT (-122.413155 37.77746),32.0,1.0,10.0,34.0,20
23297,vw_geo_sfpd_cr_switrs_all_types_col_cty_union.fid-c18a0c2_186644fdb18_3b2,39786,23462000.0,12421000.0,130517741,37.7418523449638,-122.502683892335,SFPD-CROSSROADS,CITY STREET,06/24/2013 09:27:00 AM,2013 June 24,09:27:00,2013,June,Monday,TARAVAL ST,44TH AVE,60.0,Raining,Injury (Complaint of Pain),Vehicle/Pedestrian,Pedestrian,Crossing Not in Crosswalk,Wet,No Unusual Condition,Daylight,Midblock > 20ft,0.0,1,1.0,Driver,East,Proceeding Straight,Pedestrian,North,Proceeding Straight,POINT (-122.502686 37.74185),39.0,10.0,7.0,35.0,09
23300,vw_geo_sfpd_cr_switrs_all_types_col_cty_union.fid-c18a0c2_186644fdb18_fdb,56733,24379000.0,585000.0,210689268,37.7682465072042,-122.420430918292,SFPD-INTERIM DB,CITY STREET,10/20/2021 10:54:00 PM,2021 October 20,22:54:00,2021,October,Wednesday,14TH ST,WOODWARD ST,100.0,Raining,Injury (Complaint of Pain),Vehicle/Pedestrian,Pedestrian,Crossing Not in Crosswalk,Wet,No Unusual Condition,Dark - Street Lights,Midblock > 20ft,0.0,1,1.0,Driver,West,Backing,Pedestrian,North,Not Stated,POINT (-122.42043 37.768246),53.0,3.0,2.0,20.0,22
23307,vw_geo_sfpd_cr_switrs_all_types_col_cty_union.fid-c18a0c2_186644fdb18_-44a,29578,26514000.0,,160145027,37.7849538797029,-122.427988927016,SFPD-CROSSROADS,CITY STREET,02/18/2016 12:48:00 PM,2016 February 18,12:48:00,2016,February,Thursday,GEARY BLVD,LAGUNA ST,0.0,Clear,Injury (Complaint of Pain),Vehicle/Pedestrian,Pedestrian,Crossing in Crosswalk at Intersection,Dry,No Unusual Condition,Daylight,Intersection <= 20ft,0.0,1,1.0,Driver,West,Making Right Turn,Pedestrian,South,Proceeding Straight,POINT (-122.427986 37.784954),100.0,4.0,11.0,39.0,12
23314,vw_geo_sfpd_cr_switrs_all_types_col_cty_union.fid-c18a0c2_186644fdb18_-2ab,52312,24233000.000000004,,200123624,37.77281216,-122.412824226,SFPD-INTERIM DB,CITY STREET,02/18/2020 04:03:00 PM,2020 February 18,16:03:00,2020,February,Tuesday,10TH ST,FOLSOM ST,0.0,Clear,Injury (Other Visible),Vehicle/Pedestrian,Pedestrian,Crossing in Crosswalk at Intersection,Dry,No Unusual Condition,Daylight,Intersection <= 20ft,0.0,1,1.0,Driver,East,Making Left Turn,Pedestrian,South,Proceeding Straight,POINT (-122.41283 37.77281),32.0,1.0,10.0,34.0,16
23321,vw_geo_sfpd_cr_switrs_all_types_col_cty_union.fid-c18a0c2_186644fdb18_-32f,52661,27601000.0,8016000.0,200085604,37.7865732589,-122.466909717,SFPD-INTERIM DB,CITY STREET,02/03/2020 06:05:00 PM,2020 February 03,18:05:00,2020,February,Monday,LAKE ST,08TH AVE,23.0,Clear,Injury (Complaint of Pain),Vehicle/Pedestrian,Pedestrian,Crossing in Crosswalk Not at Intersection,Dry,No Unusual Condition,Dark - Street Lights,Midblock > 20ft,0.0,1,1.0,Pedestrian,North,Not Stated,Driver,West,Proceeding Straight,POINT (-122.46691 37.78657),4.0,8.0,4.0,11.0,18
23336,vw_geo_sfpd_cr_switrs_all_types_col_cty_union.fid-c18a0c2_186644fdb18_95a,57188,25683000.0,,210117554,37.7598296135227,-122.425920301851,SFPD-INTERIM DB,CITY STREET,02/21/2021 03:58:00 PM,2021 February 21,15:58:00,2021,February,Sunday,DOLORES ST,19TH ST,0.0,Clear,Injury (Other Visible),Broadside,Pedestrian,Crossing in Crosswalk at Intersection,Dry,No Unusual Condition,Daylight,Intersection <= 20ft,0.0,1,1.0,Pedestrian,East,Proceeding Straight,Driver,South,Making Left Turn,POINT (-122.42592 37.75983),37.0,3.0,5.0,5.0,15
23342,vw_geo_sfpd_cr_switrs_all_types_col_cty_union.fid-c18a0c2_186644fdb18_394,54109,26622000.0,,200666179,37.7845309191,-122.438019672,SFPD-INTERIM DB,CITY STREET,11/04/2020 03:21:00 PM,2020 November 04,15:21:00,2020,November,Wednesday,SCOTT ST,POST ST,0.0,Clear,Injury (Complaint of Pain),Vehicle/Pedestrian,Pedestrian,Crossing in Crosswalk at Intersection,Dry,No Unusual Condition,Daylight,Intersection <= 20ft,0.0,1,1.0,Driver,North,Making Left Turn,Pedestrian,West,Proceeding Straight,POINT (-122.43802 37.78453),103.0,4.0,11.0,15.0,15
23347,vw_geo_sfpd_cr_switrs_all_types_col_cty_union.fid-c18a0c2_186644fdb18_-68,52971,25706000.0,4865101.0,200334235,37.7649008997,-122.426319759,SFPD-INTERIM DB,CITY STREET,06/02/2020 12:27:00 PM,2020 June 02,12:27:00,2020,June,Tuesday,DOLORES ST,16TH ST,97.0,Clear,Injury (Complaint of Pain),Vehicle/Pedestrian,Pedestrian,Crossing Not in Crosswalk,Dry,No Unusual Condition,Daylight,Midblock > 20ft,0.0,1,1.0,Pedestrian,West,Other,Driver,North,Proceeding Straight,POINT (-122.42632 37.7649),37.0,3.0,5.0,5.0,12
23354,vw_geo_sfpd_cr_switrs_all_types_col_cty_union.fid-c18a0c2_186644fdb18_-643,11474,25791000.0,,180215525,37.761021311,-122.432793505,SFPD-INTERIM DB,CITY STREET,03/22/2018 04:25:00 PM,2018 March 22,16:25:00,2018,March,Thursday,18TH ST,NOE ST,0.0,Clear,Injury (Complaint of Pain),Vehicle/Pedestrian,Pedestrian,Crossing in Crosswalk at Intersection,Dry,No Unusual Condition,Daylight,Intersection <= 20ft,0.0,1,1.0,Driver,West,Making Right Turn,Pedestrian,North,Proceeding Straight,POINT (-122.43279 37.76102),52.0,3.0,5.0,5.0,16
23367,vw_geo_sfpd_cr_switrs_all_types_col_cty_union.fid-c18a0c2_186644fdb18_104b,21210,24437000.000000004,,180296644,37.7784891171,-122.418226581,SFPD-INTERIM DB,CITY STREET,04/21/2018 08:10:00 PM,2018 April 21,20:10:00,2018,April,Saturday,POLK ST,GROVE ST,0.0,Clear,Injury (Complaint of Pain),Vehicle/Pedestrian,Pedestrian,Crossing in Crosswalk at Intersection,Dry,No Unusual Condition,Dark - Street Lights,Intersection <= 20ft,0.0,1,1.0,Driver,South,Making Right Turn,Pedestrian,East,Proceeding Straight,POINT (-122.41823 37.77849),21.0,4.0,10.0,36.0,20
23375,vw_geo_sfpd_cr_switrs_all_types_col_cty_union.fid-c18a0c2_186644fdb18_-87,52977,21992000.0,2392000.0,200321135,37.7371497964,-122.437138092,SFPD-INTERIM DB,CITY STREET,05/27/2020 03:47:00 PM,2020 May 27,15:47:00,2020,May,Wednesday,ARBOR ST,HILIRITAS AVE,142.0,Clear,Injury (Other Visible),Vehicle/Pedestrian,Pedestrian,"In Road, Including Shoulder",Dry,No Unusual Condition,Daylight,Midblock > 20ft,0.0,1,1.0,Pedestrian,West,Entering Traffic,Driver,East,Proceeding Straight,POINT (-122.43714 37.73715),96.0,9.0,5.0,10.0,15
23385,vw_geo_sfpd_cr_switrs_all_types_col_cty_union.fid-c18a0c2_186644fdb18_a95,55342,24941000.0,,210209935,37.7869397063,-122.411515768,SFPD-INTERIM DB,CITY STREET,04/05/2021 08:18:00 AM,2021 April 05,08:18:00,2021,April,Monday,GEARY ST,TAYLOR ST,0.0,Clear,Injury (Complaint of Pain),Vehicle/Pedestrian,Pedestrian,Crossing in Crosswalk at Intersection,Dry,No Unusual Condition,Daylight,Intersection <= 20ft,0.0,1,1.0,Driver,West,Making Left Turn,Pedestrian,North,Proceeding Straight,POINT (-122.411514 37.78694),20.0,6.0,3.0,36.0,08
23386,vw_geo_sfpd_cr_switrs_all_types_col_cty_union.fid-c18a0c2_186644fdb18_2ea,53942,27358000.000000004,,200622745,37.765641191,-122.472922729,SFPD-INTERIM DB,CITY STREET,10/15/2020 05:28:00 PM,2020 October 15,17:28:00,2020,October,Thursday,LINCOLN WAY,15TH AVE,0.0,Clear,Injury (Other Visible),Vehicle/Pedestrian,Pedestrian,Crossing Not in Crosswalk,Dry,No Unusual Condition,Daylight,Intersection <= 20ft,0.0,1,1.0,Pedestrian,North,Entering Traffic,Driver,West,Changing Lanes,POINT (-122.47292 37.76564),109.0,10.0,11.0,14.0,17
23396,vw_geo_sfpd_cr_switrs_all_types_col_cty_union.fid-c18a0c2_186644fdb18_8d6,54539,23112000.0,8049101.0,210078605,37.718614451,-122.485040232,SFPD-INTERIM DB,CITY STREET,02/04/2021 07:55:00 AM,2021 February 04,07:55:00,2021,February,Thursday,LAKE MERCED BLVD,HIGUERA AVE,18.0,Clear,Fatal,Vehicle/Pedestrian,Pedestrian,Crossing in Crosswalk at Intersection,Dry,No Unusual Condition,Daylight,Intersection <= 20ft,1.0,4,1.0,Driver,South,Proceeding Straight,Pedestrian,East,Not Stated,POINT (-122.48504 37.718613),42.0,10.0,8.0,16.0,07
23411,vw_geo_sfpd_cr_switrs_all_types_col_cty_union.fid-c18a0c2_186644fdb18_-28,53020,24324000.0,,200352657,37.7809268555,-122.413676361,SFPD-INTERIM DB,CITY STREET,06/11/2020 02:00:00 PM,2020 June 11,14:00:00,2020,June,Thursday,MCALLISTER ST,LEAVENWORTH ST,0.0,Clear,Injury (Complaint of Pain),Broadside,Pedestrian,"In Road, Including Shoulder",Dry,No Unusual Condition,Daylight,Intersection <= 20ft,0.0,1,1.0,Pedestrian,South,Entering Traffic,Driver,West,Proceeding Straight,POINT (-122.41367 37.780926),21.0,5.0,10.0,36.0,14
23426,vw_geo_sfpd_cr_switrs_all_types_col_cty_union.fid-c18a0c2_186644fdb18_-3b0,52611,20372000.0,,200052540,37.7122062222,-122.410640794,SFPD-INTERIM DB,CITY STREET,01/21/2020 05:49:00 PM,2020 January 21,17:49:00,2020,January,Tuesday,VISITACION AVE,SCHWERIN ST,0.0,Raining,Injury (Complaint of Pain),Vehicle/Pedestrian,Pedestrian,Crossing in Crosswalk at Intersection,Wet,No Unusual Condition,Dusk - Dawn,Intersection <= 20ft,0.0,2,1.0,Driver,West,Proceeding Straight,Pedestrian,South,Proceeding Straight,POINT (-122.410645 37.712208),75.0,9.0,9.0,40.0,17
23430,vw_geo_sfpd_cr_switrs_all_types_col_cty_union.fid-c18a0c2_186644fdb18_bce,57200,24933000.0,12719000.0,210311938,37.7826635633625,-122.415078831468,SFPD-INTERIM DB,CITY STREET,05/21/2021 07:10:00 AM,2021 May 21,07:10:00,2021,May,Friday,TURK ST,HYDE ST,180.0,Clear,Injury (Complaint of Pain),Vehicle/Pedestrian,Pedestrian,"In Road, Including Shoulder",Dry,No Unusual Condition,Daylight,Midblock > 20ft,0.0,1,1.0,Pedestrian,South,Other,Driver,West,Stopped,POINT (-122.41508 37.782665),20.0,5.0,10.0,36.0,07
23435,vw_geo_sfpd_cr_switrs_all_types_col_cty_union.fid-c18a0c2_186644fdb18_-614,28668,25040000.0,7379000.0,131065402,37.7957825898143,-122.408579625244,SFPD-CROSSROADS,CITY STREET,12/19/2013 11:29:00 AM,2013 December 19,11:29:00,2013,December,Thursday,JACKSON ST,STOCKTON ST,95.0,Clear,Fatal,Rear End,Pedestrian,"In Road, Including Shoulder",Dry,Construction or Repair Zone,Daylight,Intersection Rear End <= 150ft,1.0,2,,Driver,East,Proceeding Straight,Parked Vehicle,East,Parked,POINT (-122.40858 37.795784),104.0,6.0,3.0,6.0,11
23437,vw_geo_sfpd_cr_switrs_all_types_col_cty_union.fid-c18a0c2_186644fdb18_1ec,53625,21739000.0,,200542074,37.7212094035,-122.43638454,SFPD-INTERIM DB,CITY STREET,09/08/2020 07:32:00 PM,2020 September 08,19:32:00,2020,September,Tuesday,RUSSIA AVE,LONDON ST,0.0,Clear,Injury (Severe),Head-On,Pedestrian,Crossing in Crosswalk at Intersection,Dry,No Unusual Condition,Dark - Street Lights,Intersection <= 20ft,0.0,1,2.0,Pedestrian,West,Proceeding Straight,Driver,South,Proceeding Straight,POINT (-122.436386 37.72121),90.0,9.0,1.0,7.0,19
23445,vw_geo_sfpd_cr_switrs_all_types_col_cty_union.fid-c18a0c2_186644fdb18_837,18026,25877000.0,8762102.0,150839462,37.768583879038,-122.427439388023,SFPD-CROSSROADS,CITY STREET,09/24/2015 06:00:00 PM,2015 September 24,18:00:00,2015,September,Thursday,MARKET ST,RESERVOIR ST,75.0,Clear,Injury (Complaint of Pain),Vehicle/Pedestrian,Pedestrian,Crossing Not in Crosswalk,Dry,No Unusual Condition,Daylight,Midblock > 20ft,0.0,1,1.0,Pedestrian,West,Entering Traffic,Driver,South,Proceeding Straight,POINT (-122.42744 37.768585),37.0,3.0,5.0,5.0,18
23466,vw_geo_sfpd_cr_switrs_all_types_col_cty_union.fid-c18a0c2_186644fdb18_5c6,16342,23946000.0,,130092094,37.7797389057742,-122.407159488403,SFPD-CROSSROADS,CITY STREET,02/01/2013 04:05:00 PM,2013 February 01,16:05:00,2013,February,Friday,HOWARD ST,06TH ST,0.0,Clear,Injury (Complaint of Pain),Vehicle/Pedestrian,Pedestrian,Crossing in Crosswalk at Intersection,Dry,No Unusual Condition,Daylight,Intersection <= 20ft,0.0,1,1.0,Driver,South,Making Left Turn,Pedestrian,West,Proceeding Straight,POINT (-122.40716 37.77974),32.0,1.0,10.0,34.0,16
23468,vw_geo_sfpd_cr_switrs_all_types_col_cty_union.fid-c18a0c2_186644fdb18_-390,52104,20454000.0,,200060424,37.722034717,-122.393171958,SFPD-INTERIM DB,CITY STREET,01/24/2020 08:02:00 PM,2020 January 24,20:02:00,2020,January,Friday,FITZGERALD AVE,JENNINGS ST,0.0,Clear,Injury (Complaint of Pain),Vehicle/Pedestrian,Pedestrian,Crossing in Crosswalk Not at Intersection,Dry,No Unusual Condition,Dark - Street Lights,Intersection <= 20ft,0.0,1,1.0,Driver,East,Making Left Turn,Pedestrian,North,Proceeding Straight,POINT (-122.39317 37.722034),88.0,2.0,9.0,1.0,20
23489,vw_geo_sfpd_cr_switrs_all_types_col_cty_union.fid-c18a0c2_186644fdb18_cab,55300,24039000.0,6750000.0,210380723,37.7605883676,-122.412676254,SFPD-INTERIM DB,CITY STREET,06/18/2021 01:33:00 PM,2021 June 18,13:33:00,2021,June,Friday,HARRISON ST,19TH ST,15.0,Clear,Injury (Complaint of Pain),Sideswipe,Pedestrian,Crossing in Crosswalk at Intersection,Dry,No Unusual Condition,Daylight,Intersection <= 20ft,0.0,1,1.0,Driver,South,Proceeding Straight,Pedestrian,West,Proceeding Straight,POINT (-122.412674 37.76059),53.0,3.0,2.0,20.0,13
23490,vw_geo_sfpd_cr_switrs_all_types_col_cty_union.fid-c18a0c2_186644fdb18_cee,55662,26699000.0,8453101.0,210399188,37.8010495481,-122.426054211,SFPD-INTERIM DB,CITY STREET,06/25/2021 10:44:00 PM,2021 June 25,22:44:00,2021,June,Friday,LOMBARD ST,FRANKLIN ST,40.0,Clear,Injury (Severe),Vehicle/Pedestrian,Pedestrian,"In Road, Including Shoulder",Dry,No Unusual Condition,Dark - Street Lights,Midblock > 20ft,0.0,2,1.0,Driver,East,Proceeding Straight,Pedestrian,South,Other,POINT (-122.426056 37.80105),15.0,4.0,6.0,13.0,22
23496,vw_geo_sfpd_cr_switrs_all_types_col_cty_union.fid-c18a0c2_186644fdb18_aa6,55100,21329000.000000004,,210218497,37.7423753983,-122.421968762,SFPD-INTERIM DB,CITY STREET,04/08/2021 08:14:00 PM,2021 April 08,20:14:00,2021,April,Thursday,MISSION ST,30TH ST,0.0,Clear,Injury (Complaint of Pain),Vehicle/Pedestrian,Pedestrian,Crossing in Crosswalk at Intersection,Dry,No Unusual Condition,Dark - Street Lights,Intersection <= 20ft,0.0,1,1.0,Driver,East,Making Left Turn,Pedestrian,East,Proceeding Straight,POINT (-122.42197 37.742374),83.0,9.0,2.0,2.0,20
23505,vw_geo_sfpd_cr_switrs_all_types_col_cty_union.fid-c18a0c2_186644fdb18_-a7,52986,20770000.0,,200309943,37.7324386578,-122.405607548,SFPD-INTERIM DB,CITY STREET,05/21/2020 07:30:00 PM,2020 May 21,19:30:00,2020,May,Thursday,SILVER AVE,SAN BRUNO AVE,0.0,Clear,Injury (Complaint of Pain),Vehicle/Pedestrian,Pedestrian,Not in Road,Dry,No Unusual Condition,Daylight,Intersection <= 20ft,0.0,1,1.0,Driver,East,Backing,Pedestrian,West,Stopped,POINT (-122.40561 37.732437),91.0,2.0,2.0,25.0,19
23509,vw_geo_sfpd_cr_switrs_all_types_col_cty_union.fid-c18a0c2_186644fdb18_-292,52680,52257000.0,9111000.0,200130196,37.7707281254,-122.419739681,SFPD-INTERIM DB,CITY STREET,02/20/2020 11:26:00 PM,2020 February 20,23:26:00,2020,February,Thursday,MISSION ST,HWY 101 NORTHBOUND RAMP,21.0,Clear,Injury (Complaint of Pain),Vehicle/Pedestrian,Pedestrian,Not in Road,Dry,No Unusual Condition,Dark - Street Lights,Midblock > 20ft,0.0,2,1.0,Driver,East,Ran Off Road,Pedestrian,North,Other,POINT (-122.41974 37.77073),32.0,1.0,10.0,20.0,23
23510,vw_geo_sfpd_cr_switrs_all_types_col_cty_union.fid-c18a0c2_186644fdb18_-229,52395,20578000.0,,200158483,37.7239199944,-122.402060967,SFPD-INTERIM DB,CITY STREET,03/02/2020 07:38:00 PM,2020 March 02,19:38:00,2020,March,Monday,PAUL AVE,SAN BRUNO AVE,0.0,Clear,Injury (Complaint of Pain),Vehicle/Pedestrian,Pedestrian,Crossing in Crosswalk at Intersection,Dry,No Unusual Condition,Dark - Street Lights,Intersection <= 20ft,0.0,1,1.0,Driver,East,Making Right Turn,Pedestrian,North,Proceeding Straight,POINT (-122.40206 37.72392),91.0,2.0,2.0,25.0,19
23515,vw_geo_sfpd_cr_switrs_all_types_col_cty_union.fid-c18a0c2_186644fdb18_d27,56205,23799000.0,180000.0,210433689,37.7781490548,-122.391869778,SFPD-INTERIM DB,CITY STREET,07/09/2021 09:50:00 PM,2021 July 09,21:50:00,2021,July,Friday,03RD ST,KING ST,12.0,Clear,Injury (Severe),Vehicle/Pedestrian,Pedestrian,Crossing in Crosswalk at Intersection,Dry,No Unusual Condition,Dark - Street Lights,Intersection <= 20ft,0.0,1,1.0,Driver,North,Not Stated,Pedestrian,West,Not Stated,POINT (-122.39187 37.77815),34.0,1.0,10.0,4.0,21
23520,vw_geo_sfpd_cr_switrs_all_types_col_cty_union.fid-c18a0c2_186644fdb18_3ed,54196,27472000.000000004,,200692801,37.7768682299,-122.472039542,SFPD-INTERIM DB,CITY STREET,11/16/2020 03:52:00 PM,2020 November 16,15:52:00,2020,November,Monday,BALBOA ST,PARK PRESIDIO BLVD,0.0,Clear,Injury (Other Visible),Vehicle/Pedestrian,Pedestrian,Crossing in Crosswalk Not at Intersection,Dry,No Unusual Condition,Daylight,Intersection <= 20ft,0.0,1,1.0,Driver,South,Not Stated,Pedestrian,East,Not Stated,POINT (-122.47204 37.776867),5.0,8.0,4.0,29.0,15
23531,vw_geo_sfpd_cr_switrs_all_types_col_cty_union.fid-c18a0c2_186644fdb18_ac6,55055,26834000.0,,210231245,37.7824880316,-122.445820512,SFPD-INTERIM DB,CITY STREET,04/15/2021 07:30:00 AM,2021 April 15,07:30:00,2021,April,Thursday,GEARY BLVD,PRESIDIO AVE,0.0,Clear,Injury (Complaint of Pain),Broadside,Pedestrian,"In Road, Including Shoulder",Dry,No Unusual Condition,Daylight,Intersection <= 20ft,0.0,1,1.0,Pedestrian,West,Proceeding Straight,Driver,North,Proceeding Straight,POINT (-122.44582 37.78249),13.0,8.0,6.0,18.0,07
23538,vw_geo_sfpd_cr_switrs_all_types_col_cty_union.fid-c18a0c2_186644fdb18_e1b,55806,25138000.0,,210546549,37.783515641,-122.415882538,SFPD-INTERIM DB,CITY STREET,08/26/2021 09:45:00 AM,2021 August 26,09:45:00,2021,August,Thursday,EDDY ST,HYDE ST,0.0,Clear,Injury (Complaint of Pain),Vehicle/Pedestrian,Pedestrian,Crossing in Crosswalk at Intersection,Dry,No Unusual Condition,Daylight,Intersection <= 20ft,0.0,1,1.0,Driver,East,Making Left Turn,Pedestrian,North,Not Stated,POINT (-122.415886 37.783516),20.0,5.0,10.0,36.0,09
23557,vw_geo_sfpd_cr_switrs_all_types_col_cty_union.fid-c18a0c2_186644fdb18_41,53208,24892000.0,8747102.0,200394176,37.7856250777,-122.40590348,SFPD-INTERIM DB,CITY STREET,07/01/2020 03:15:00 PM,2020 July 01,15:15:00,2020,July,Wednesday,MARKET ST,ELLIS ST,50.0,Clear,Injury (Other Visible),Vehicle/Pedestrian,Pedestrian,Crossing Not in Crosswalk,Dry,No Unusual Condition,Daylight,Midblock > 20ft,0.0,1,1.0,Pedestrian,South,Not Stated,Driver,West,Proceeding Straight,POINT (-122.40591 37.785625),32.0,5.0,10.0,34.0,15
23561,vw_geo_sfpd_cr_switrs_all_types_col_cty_union.fid-c18a0c2_186644fdb18_ee8,55958,26722000.0,,210623993,37.8004692181,-122.43111529,SFPD-INTERIM DB,CITY STREET,09/25/2021 07:22:00 PM,2021 September 25,19:22:00,2021,September,Saturday,LOMBARD ST,LAGUNA ST,0.0,Clear,Injury (Complaint of Pain),Head-On,Pedestrian,Crossing in Crosswalk at Intersection,Dry,No Unusual Condition,Dark - Street Lights,Intersection <= 20ft,0.0,0,1.0,Pedestrian,North,Proceeding Straight,Driver,West,Proceeding Straight,POINT (-122.431114 37.80047),17.0,4.0,6.0,13.0,19
23567,vw_geo_sfpd_cr_switrs_all_types_col_cty_union.fid-c18a0c2_186644fdb18_9eb,54790,24183000.0,731000.0,210163773,37.7649190493,-122.421858776,SFPD-INTERIM DB,CITY STREET,03/14/2021 06:16:00 PM,2021 March 14,18:16:00,2021,March,Sunday,16TH ST,VALENCIA ST,8.0,Cloudy,Injury (Complaint of Pain),Vehicle/Pedestrian,Pedestrian,Crossing in Crosswalk at Intersection,Wet,No Unusual Condition,Daylight,Intersection <= 20ft,0.0,1,1.0,Driver,South,Making Left Turn,Pedestrian,West,Proceeding Straight,POINT (-122.42186 37.76492),53.0,3.0,2.0,20.0,18
23590,vw_geo_sfpd_cr_switrs_all_types_col_cty_union.fid-c18a0c2_186644fdb18_-4ba,4073,21768000.0,,171013944,37.7262362443109,-122.433623590771,SFPD-CROSSROADS,CITY STREET,12/15/2017 04:15:00 PM,2017 December 15,16:15:00,2017,December,Friday,EXCELSIOR AVE,MISSION ST,0.0,Clear,Injury (Other Visible),Vehicle/Pedestrian,Pedestrian,Crossing in Crosswalk at Intersection,Dry,No Unusual Condition,Daylight,Intersection <= 20ft,0.0,1,1.0,Driver,East,Making Left Turn,Pedestrian,South,Proceeding Straight,POINT (-122.433624 37.726234),90.0,9.0,1.0,7.0,16
23602,vw_geo_sfpd_cr_switrs_all_types_col_cty_union.fid-c18a0c2_186644fdb18_-3a6,52614,26055000.0,11689000.0,200053576,37.7770545202,-122.436504477,SFPD-INTERIM DB,CITY STREET,01/22/2020 07:47:00 AM,2020 January 22,07:47:00,2020,January,Wednesday,SCOTT ST,FULTON ST,5.0,Cloudy,Injury (Complaint of Pain),Vehicle/Pedestrian,Pedestrian,Crossing in Crosswalk at Intersection,Dry,No Unusual Condition,Daylight,Intersection <= 20ft,0.0,1,1.0,Driver,South,Proceeding Straight,Pedestrian,West,Proceeding Straight,POINT (-122.43651 37.777054),23.0,4.0,11.0,9.0,07
23604,vw_geo_sfpd_cr_switrs_all_types_col_cty_union.fid-c18a0c2_186644fdb18_1006,56828,24476000.0,,210714774,37.7808210481835,-122.42208679258,SFPD-INTERIM DB,CITY STREET,10/31/2021 02:26:00 PM,2021 October 31,14:26:00,2021,October,Sunday,FRANKLIN ST,GOLDEN GATE AVE,0.0,Clear,Injury (Complaint of Pain),Vehicle/Pedestrian,Pedestrian,Crossing in Crosswalk at Intersection,Dry,No Unusual Condition,Daylight,Intersection <= 20ft,0.0,1,1.0,Driver,North,Not Stated,Pedestrian,West,Not Stated,POINT (-122.42209 37.780823),100.0,4.0,11.0,39.0,14