,id,unique_id,cnn_intrsctn_fkey,cnn_sgmt_fkey,case_id_pkey,tb_latitude,tb_longitude,geocode_source,geocode_location,collision_datetime,collision_date,collision_time,accident_year,month,day_of_week,primary_rd,secondary_rd,distance,weather_1,collision_severity,type_of_collision,mviw,ped_action,road_surface,road_cond_1,lighting,intersection,number_killed,number_injured,party_at_fault,party1_type,party1_dir_of_travel,party1_move_pre_acc,party2_type,party2_dir_of_travel,party2_move_pre_acc,point,Neighborhoods,Current Police Districts,Current Supervisor Districts,Analysis Neighborhoods,hour
23606,vw_geo_sfpd_cr_switrs_all_types_col_cty_union.fid-c18a0c2_186644fdb18_f40,3543,20899000.0,,160876482,37.7318467274725,-122.407538971813,SFPD-CROSSROADS,CITY STREET,10/27/2016 07:56:00 PM,2016 October 27,19:56:00,2016,October,Thursday,SILVER AVE,BRUSSELS ST,0.0,Raining,Injury (Complaint of Pain),Vehicle/Pedestrian,Pedestrian,Crossing in Crosswalk at Intersection,Wet,No Unusual Condition,Dark - Street Lights,Intersection <= 20ft,0.0,2,1.0,Driver,West,Proceeding Straight,Pedestrian,North,Other,POINT (-122.40754 37.731846),91.0,2.0,2.0,25.0,19
23609,vw_geo_sfpd_cr_switrs_all_types_col_cty_union.fid-c18a0c2_186644fdb18_-47d,29458,25964000.0,,160647534,37.7820569389834,-122.427396397357,SFPD-CROSSROADS,CITY STREET,08/11/2016 12:05:00 PM,2016 August 11,12:05:00,2016,August,Thursday,EDDY ST,LAGUNA ST,0.0,Clear,Injury (Other Visible),Vehicle/Pedestrian,Pedestrian,Crossing in Crosswalk at Intersection,Dry,No Unusual Condition,Daylight,Intersection <= 20ft,0.0,1,,Driver,East,Proceeding Straight,Pedestrian,North,Proceeding Straight,POINT (-122.4274 37.78206),97.0,4.0,11.0,39.0,12
23616,vw_geo_sfpd_cr_switrs_all_types_col_cty_union.fid-c18a0c2_186644fdb18_30a,53975,27470000.0,5926000.0,200632625,37.772816627,-122.47879208,SFPD-INTERIM DB,CITY STREET,10/20/2020 11:32:00 AM,2020 October 20,11:32:00,2020,October,Tuesday,FULTON ST,20TH AVE,13.0,Clear,Injury (Other Visible),Vehicle/Pedestrian,Pedestrian,Crossing in Crosswalk at Intersection,Dry,No Unusual Condition,Daylight,Intersection <= 20ft,0.0,1,1.0,Driver,East,Slowing/Stopping,Pedestrian,North,Proceeding Straight,POINT (-122.47879 37.772816),9.0,8.0,4.0,12.0,11
23619,vw_geo_sfpd_cr_switrs_all_types_col_cty_union.fid-c18a0c2_186644fdb18_-185,52799,24311000.0,,200220026,37.7774574201,-122.413157691,SFPD-INTERIM DB,CITY STREET,04/02/2020 02:20:00 PM,2020 April 02,14:20:00,2020,April,Thursday,08TH ST,MISSION ST,0.0,Clear,Injury (Complaint of Pain),Vehicle/Pedestrian,Pedestrian,Crossing in Crosswalk at Intersection,Dry,No Unusual Condition,Daylight,Intersection <= 20ft,0.0,1,1.0,Driver,South,Making Left Turn,Pedestrian,East,Proceeding Straight,POINT (-122.413155 37.77746),32.0,1.0,10.0,34.0,14
23623,vw_geo_sfpd_cr_switrs_all_types_col_cty_union.fid-c18a0c2_186644fdb18_-4a4,52076,24893000.0,,200013843,37.7844527301,-122.408493158,SFPD-INTERIM DB,CITY STREET,01/06/2020 01:53:00 PM,2020 January 06,13:53:00,2020,January,Monday,EDDY ST,CYRIL MAGNIN ST,0.0,Clear,Injury (Complaint of Pain),Vehicle/Pedestrian,Pedestrian,Crossing in Crosswalk at Intersection,Dry,No Unusual Condition,Daylight,Intersection <= 20ft,0.0,1,1.0,Driver,East,Making Right Turn,Pedestrian,South,Other,POINT (-122.40849 37.784454),19.0,5.0,3.0,36.0,13
23650,vw_geo_sfpd_cr_switrs_all_types_col_cty_union.fid-c18a0c2_186644fdb18_881,54679,22254000.0,,210058544,37.7306720362,-122.453408562,SFPD-INTERIM DB,CITY STREET,01/26/2021 04:38:00 PM,2021 January 26,16:38:00,2021,January,Tuesday,RIDGEWOOD AVE,HEARST AVE,0.0,Raining,Injury (Other Visible),Vehicle/Pedestrian,Pedestrian,Crossing Not in Crosswalk,Wet,No Unusual Condition,Daylight,Intersection <= 20ft,0.0,1,1.0,Pedestrian,West,Other,Driver,North,Proceeding Straight,POINT (-122.45341 37.73067),71.0,9.0,8.0,41.0,16
23655,vw_geo_sfpd_cr_switrs_all_types_col_cty_union.fid-c18a0c2_186644fdb18_-49d,52077,24477000.000000004,,200015203,37.7812863872,-122.422186711,SFPD-INTERIM DB,CITY STREET,01/06/2020 06:30:00 PM,2020 January 06,18:30:00,2020,January,Monday,FRANKLIN ST,ELM ST,0.0,Clear,Injury (Other Visible),Vehicle/Pedestrian,Pedestrian,Crossing Not in Crosswalk,Dry,No Unusual Condition,Dark - Street Lights,Intersection <= 20ft,0.0,1,1.0,Pedestrian,West,Proceeding Straight,Driver,North,Proceeding Straight,POINT (-122.42219 37.78129),100.0,4.0,11.0,39.0,18
23662,vw_geo_sfpd_cr_switrs_all_types_col_cty_union.fid-c18a0c2_186644fdb18_41a,39881,23414000.0,,180688609,37.7478882751,-122.493228194,SFPD-INTERIM DB,CITY STREET,09/11/2018 04:20:00 PM,2018 September 11,16:20:00,2018,September,Tuesday,35TH AVE,QUINTARA ST,0.0,Clear,Injury (Other Visible),Vehicle/Pedestrian,Pedestrian,Crossing in Crosswalk at Intersection,Dry,No Unusual Condition,Daylight,Intersection <= 20ft,0.0,1,1.0,Driver,East,Proceeding Straight,Pedestrian,South,Proceeding Straight,POINT (-122.493225 37.747887),40.0,10.0,7.0,35.0,16
23663,vw_geo_sfpd_cr_switrs_all_types_col_cty_union.fid-c18a0c2_186644fdb18_343,39655,23434000.0,,150487516,37.7382392925812,-122.500057779855,SFPD-CROSSROADS,CITY STREET,06/04/2015 09:14:00 AM,2015 June 04,09:14:00,2015,June,Thursday,42ND AVE,VICENTE ST,0.0,Clear,Injury (Complaint of Pain),Vehicle/Pedestrian,Pedestrian,Crossing in Crosswalk at Intersection,Dry,No Unusual Condition,Daylight,Intersection <= 20ft,0.0,1,1.0,Driver,North,Making Left Turn,Pedestrian,West,Proceeding Straight,POINT (-122.50006 37.73824),39.0,10.0,7.0,35.0,09
23668,vw_geo_sfpd_cr_switrs_all_types_col_cty_union.fid-c18a0c2_186644fdb18_4e4,54367,30039000.0,,200753215,37.7984297021,-122.402228639,SFPD-INTERIM DB,CITY STREET,12/14/2020 04:30:00 PM,2020 December 14,16:30:00,2020,December,Monday,BROADWAY,SANSOME ST,0.0,Clear,Injury (Complaint of Pain),Head-On,Pedestrian,"In Road, Including Shoulder",Dry,No Unusual Condition,Daylight,Intersection <= 20ft,0.0,1,1.0,Driver,South,Making Left Turn,Pedestrian,East,Proceeding Straight,POINT (-122.40223 37.79843),106.0,6.0,3.0,23.0,16
23673,vw_geo_sfpd_cr_switrs_all_types_col_cty_union.fid-c18a0c2_186644fdb18_1c,53077,26041000.0,6822000.0,200374980,37.7756213333,-122.43286731,SFPD-INTERIM DB,CITY STREET,06/22/2020 04:00:00 PM,2020 June 22,16:00:00,2020,June,Monday,HAYES ST,STEINER ST,11.0,Clear,Injury (Complaint of Pain),Vehicle/Pedestrian,Pedestrian,Crossing in Crosswalk at Intersection,Dry,No Unusual Condition,Daylight,Intersection <= 20ft,0.0,1,1.0,Driver,South,Making Left Turn,Pedestrian,East,Proceeding Straight,POINT (-122.43287 37.77562),23.0,4.0,11.0,9.0,16
23676,vw_geo_sfpd_cr_switrs_all_types_col_cty_union.fid-c18a0c2_186644fdb18_c3a,40647,27154000.0,,180893886,37.7640369894,-122.466310621,SFPD-INTERIM DB,CITY STREET,11/26/2018 09:15:00 AM,2018 November 26,09:15:00,2018,November,Monday,IRVING ST,09TH AVE,0.0,Clear,Injury (Complaint of Pain),Vehicle/Pedestrian,Pedestrian,"In Road, Including Shoulder",Dry,No Unusual Condition,Daylight,Intersection <= 20ft,0.0,1,1.0,Driver,West,Proceeding Straight,Pedestrian,North,Proceeding Straight,POINT (-122.46631 37.764038),109.0,10.0,11.0,14.0,09
23679,vw_geo_sfpd_cr_switrs_all_types_col_cty_union.fid-c18a0c2_186644fdb18_5f3,16515,24265000.0,7047000.0,130050600,37.7779647519022,-122.409402600969,SFPD-CROSSROADS,CITY STREET,01/18/2013 05:44:00 PM,2013 January 18,17:44:00,2013,January,Friday,HOWARD ST,07TH ST,6.0,Clear,Fatal,Vehicle/Pedestrian,Pedestrian,Crossing in Crosswalk at Intersection,Dry,No Unusual Condition,Dark - Street Lights,Intersection <= 20ft,1.0,0,1.0,Driver,West,Making Left Turn,Pedestrian,North,Not Stated,POINT (-122.4094 37.777966),32.0,1.0,10.0,34.0,17
23699,vw_geo_sfpd_cr_switrs_all_types_col_cty_union.fid-c18a0c2_186644fdb18_846,54500,21589000.0,,210039801,37.7104785537,-122.454885125,SFPD-INTERIM DB,CITY STREET,01/18/2021 11:05:00 AM,2021 January 18,11:05:00,2021,January,Monday,ALEMANY BLVD,SICKLES AVE,0.0,Clear,Injury (Complaint of Pain),Vehicle/Pedestrian,Pedestrian,Crossing in Crosswalk at Intersection,Dry,No Unusual Condition,Daylight,Intersection <= 20ft,0.0,1,1.0,Driver,North,Slowing/Stopping,Pedestrian,West,Proceeding Straight,POINT (-122.45489 37.71048),66.0,9.0,1.0,28.0,11
23709,vw_geo_sfpd_cr_switrs_all_types_col_cty_union.fid-c18a0c2_186644fdb18_-453,52527,23798000.0,7834101.0,200024000,37.7763165607,-122.394036228,SFPD-INTERIM DB,CITY STREET,01/10/2020 01:18:00 PM,2020 January 10,13:18:00,2020,January,Friday,KING ST,04TH ST,6.0,Clear,Injury (Complaint of Pain),Broadside,Pedestrian,Crossing in Crosswalk at Intersection,Dry,No Unusual Condition,Daylight,Intersection <= 20ft,0.0,1,1.0,Driver,West,Making Right Turn,Pedestrian,South,Proceeding Straight,POINT (-122.394035 37.776318),34.0,1.0,10.0,4.0,13
23715,vw_geo_sfpd_cr_switrs_all_types_col_cty_union.fid-c18a0c2_186644fdb18_e54,56080,24875000.0,9321000.0,210567733,37.8051292565,-122.40524563,SFPD-INTERIM DB,CITY STREET,09/03/2021 03:20:00 PM,2021 September 03,15:20:00,2021,September,Friday,MONTGOMERY ST,CHESTNUT ST,135.0,Clear,Injury (Complaint of Pain),Vehicle/Pedestrian,Pedestrian,Crossing Not in Crosswalk,Dry,No Unusual Condition,Daylight,Midblock > 20ft,0.0,1,1.0,Pedestrian,West,Entering Traffic,Driver,North,Backing,POINT (-122.40524 37.80513),77.0,6.0,3.0,23.0,15
23727,vw_geo_sfpd_cr_switrs_all_types_col_cty_union.fid-c18a0c2_186644fdb18_72d,17083,30742000.0,,180298151,37.7804785122,-122.412512256,SFPD-INTERIM DB,CITY STREET,04/22/2018 02:24:00 PM,2018 April 22,14:24:00,2018,April,Sunday,MARKET ST,07TH ST,0.0,Clear,Injury (Other Visible),Vehicle/Pedestrian,Pedestrian,Crossing in Crosswalk at Intersection,Dry,No Unusual Condition,Daylight,Intersection <= 20ft,0.0,1,1.0,Pedestrian,North,Proceeding Straight,Driver,East,Proceeding Straight,POINT (-122.41251 37.78048),32.0,5.0,10.0,34.0,14
23745,vw_geo_sfpd_cr_switrs_all_types_col_cty_union.fid-c18a0c2_186644fdb18_4a3,54328,25677000.0,,200738295,37.7615656727,-122.423800671,SFPD-INTERIM DB,CITY STREET,12/07/2020 05:22:00 PM,2020 December 07,17:22:00,2020,December,Monday,18TH ST,GUERRERO ST,0.0,Clear,Injury (Other Visible),Head-On,Pedestrian,Crossing in Crosswalk at Intersection,Dry,No Unusual Condition,Dark - Street Lights,Intersection <= 20ft,0.0,1,1.0,Pedestrian,West,Stopped,Driver,South,Proceeding Straight,POINT (-122.4238 37.761566),37.0,3.0,5.0,20.0,17
23746,vw_geo_sfpd_cr_switrs_all_types_col_cty_union.fid-c18a0c2_186644fdb18_38b,54099,23953000.000000004,10672000.0,200663034,37.7527714526,-122.406314974,SFPD-INTERIM DB,CITY STREET,11/02/2020 11:10:00 PM,2020 November 02,23:10:00,2020,November,Monday,POTRERO AVE,24TH ST,85.0,Clear,Injury (Severe),Vehicle/Pedestrian,Pedestrian,"In Road, Including Shoulder",Dry,No Unusual Condition,Dark - Street Lights,Midblock > 20ft,0.0,1,1.0,Driver,South,Proceeding Straight,Pedestrian,West,Stopped,POINT (-122.40632 37.752773),53.0,3.0,2.0,20.0,23
23764,vw_geo_sfpd_cr_switrs_all_types_col_cty_union.fid-c18a0c2_186644fdb18_-3e3,13574,24228000.0,,150410288,37.7695020045828,-122.413385237326,SFPD-CROSSROADS,CITY STREET,05/11/2015 04:45:00 PM,2015 May 11,16:45:00,2015,May,Monday,HARRISON ST,13TH ST,0.0,Clear,Injury (Severe),Vehicle/Pedestrian,Pedestrian,Crossing in Crosswalk at Intersection,Dry,No Unusual Condition,Daylight,Intersection <= 20ft,0.0,1,1.0,Driver,North,Making Left Turn,Pedestrian,North,Other,POINT (-122.41338 37.7695),53.0,3.0,2.0,20.0,16
23776,vw_geo_sfpd_cr_switrs_all_types_col_cty_union.fid-c18a0c2_186644fdb18_37c,54086,25973000.0,,200660187,37.7804962607,-122.43214039,SFPD-INTERIM DB,CITY STREET,11/01/2020 10:57:00 PM,2020 November 01,22:57:00,2020,November,Sunday,TURK ST,FILLMORE ST,0.0,Clear,Injury (Complaint of Pain),Vehicle/Pedestrian,Pedestrian,Crossing Not in Crosswalk,Dry,No Unusual Condition,Dark - Street Lights,Intersection <= 20ft,0.0,1,1.0,Driver,North,Backing,Pedestrian,West,Other,POINT (-122.432144 37.780495),97.0,4.0,11.0,39.0,22
23787,vw_geo_sfpd_cr_switrs_all_types_col_cty_union.fid-c18a0c2_186644fdb18_52c,1736,21486000.0,9178000.0,130253218,37.7163652819094,-122.441090946943,SFPD-CROSSROADS,CITY STREET,03/27/2013 03:58:00 PM,2013 March 27,15:58:00,2013,March,Wednesday,MISSION ST,GENEVA AVE,40.0,Clear,Injury (Complaint of Pain),Vehicle/Pedestrian,Pedestrian,Crossing Not in Crosswalk,Dry,No Unusual Condition,Daylight,Midblock > 20ft,0.0,1,1.0,Pedestrian,East,Proceeding Straight,Driver,South,Making Right Turn,POINT (-122.44109 37.716366),58.0,9.0,1.0,7.0,15
23789,vw_geo_sfpd_cr_switrs_all_types_col_cty_union.fid-c18a0c2_186644fdb18_274,53819,30044000.0,8751101.0,200591463,37.779417867,-122.413783542,SFPD-INTERIM DB,CITY STREET,10/01/2020 02:57:00 PM,2020 October 01,14:57:00,2020,October,Thursday,MARKET ST,08TH ST,380.0,Clear,Injury (Other Visible),Vehicle/Pedestrian,Pedestrian,Crossing in Crosswalk Not at Intersection,Dry,No Unusual Condition,Daylight,Midblock > 20ft,0.0,1,1.0,Pedestrian,North,Proceeding Straight,Driver,West,Proceeding Straight,POINT (-122.41378 37.77942),32.0,5.0,10.0,34.0,14
23794,vw_geo_sfpd_cr_switrs_all_types_col_cty_union.fid-c18a0c2_186644fdb18_-41b,52547,33027000.000000004,,200032821,37.7701114493,-122.420008321,SFPD-INTERIM DB,CITY STREET,01/13/2020 09:48:00 PM,2020 January 13,21:48:00,2020,January,Monday,MISSION ST,13TH ST,0.0,Raining,Injury (Complaint of Pain),Vehicle/Pedestrian,Pedestrian,Crossing in Crosswalk at Intersection,Wet,No Unusual Condition,Dark - Street Lights,Intersection <= 20ft,0.0,1,1.0,Driver,East,Making Right Turn,Pedestrian,West,Proceeding Straight,POINT (-122.420006 37.77011),53.0,3.0,2.0,20.0,21
23797,vw_geo_sfpd_cr_switrs_all_types_col_cty_union.fid-c18a0c2_186644fdb18_1ee,53527,27685000.0,,200542444,37.7554931325,-122.490534343,SFPD-INTERIM DB,CITY STREET,09/09/2020 08:43:00 AM,2020 September 09,08:43:00,2020,September,Wednesday,MORAGA ST,32ND AVE,0.0,Cloudy,Injury (Complaint of Pain),Vehicle/Pedestrian,Pedestrian,Crossing in Crosswalk at Intersection,Dry,No Unusual Condition,Dark - No Street Lights,Intersection <= 20ft,0.0,1,1.0,Driver,West,Proceeding Straight,Pedestrian,North,Proceeding Straight,POINT (-122.49053 37.755493),39.0,10.0,7.0,35.0,08
23798,vw_geo_sfpd_cr_switrs_all_types_col_cty_union.fid-c18a0c2_186644fdb18_-a6,52934,26840000.0,,200310241,37.7853702645,-122.44642171,SFPD-INTERIM DB,CITY STREET,05/21/2020 11:40:00 AM,2020 May 21,11:40:00,2020,May,Thursday,PRESIDIO AVE,BUSH ST,0.0,Clear,Injury (Complaint of Pain),Vehicle/Pedestrian,Pedestrian,Crossing in Crosswalk at Intersection,Dry,No Unusual Condition,Dark - Street Lights,Intersection <= 20ft,0.0,1,1.0,Driver,East,Making Left Turn,Pedestrian,South,Other,POINT (-122.44642 37.78537),11.0,8.0,6.0,31.0,11
23818,vw_geo_sfpd_cr_switrs_all_types_col_cty_union.fid-c18a0c2_186644fdb18_625,55020,26475000.0,12084000.0,201006270,37.7746230378,-122.454637283,SFPD-INTERIM DB,CITY STREET,01/04/2021 07:30:00 AM,2021 January 04,07:30:00,2021,January,Monday,STANYAN ST,FULTON ST,50.0,Cloudy,Injury (Complaint of Pain),Broadside,Pedestrian,Crossing Not in Crosswalk,Wet,No Unusual Condition,Dusk - Dawn,Midblock > 20ft,0.0,1,1.0,Pedestrian,East,Entering Traffic,Driver,South,Proceeding Straight,POINT (-122.454636 37.774624),12.0,7.0,4.0,18.0,07
23820,vw_geo_sfpd_cr_switrs_all_types_col_cty_union.fid-c18a0c2_186644fdb18_-e0,52884,52253999.99999999,2829000.0,200288262,37.7493041026,-122.405005526,SFPD-INTERIM DB,CITY STREET,05/11/2020 11:50:00 AM,2020 May 11,11:50:00,2020,May,Monday,BAY SHORE BLVD OFF RAMP,POTRERO AVE,133.0,Clear,Injury (Severe),Vehicle/Pedestrian,Pedestrian,Crossing in Crosswalk Not at Intersection,Dry,No Unusual Condition,Daylight,Midblock > 20ft,0.0,1,1.0,Pedestrian,West,Proceeding Straight,Driver,North,Proceeding Straight,POINT (-122.40501 37.749306),54.0,3.0,9.0,20.0,11
23821,vw_geo_sfpd_cr_switrs_all_types_col_cty_union.fid-c18a0c2_186644fdb18_-93,52985,24047000.0,,200317968,37.764251587,-122.41133018,SFPD-INTERIM DB,CITY STREET,05/26/2020 07:00:00 AM,2020 May 26,07:00:00,2020,May,Tuesday,17TH ST,FLORIDA ST,0.0,Clear,Injury (Severe),Vehicle/Pedestrian,Pedestrian,Crossing Not in Crosswalk,Dry,No Unusual Condition,Daylight,Intersection <= 20ft,0.0,1,1.0,Driver,East,Proceeding Straight,Pedestrian,South,Proceeding Straight,POINT (-122.41133 37.76425),53.0,3.0,2.0,20.0,07
23831,vw_geo_sfpd_cr_switrs_all_types_col_cty_union.fid-c18a0c2_186644fdb18_-1ff,52418,26052000.0,,200167230,37.7752059317,-122.436128964,SFPD-INTERIM DB,CITY STREET,03/06/2020 06:50:00 AM,2020 March 06,06:50:00,2020,March,Friday,HAYES ST,SCOTT ST,0.0,Clear,Injury (Complaint of Pain),Vehicle/Pedestrian,Pedestrian,Crossing in Crosswalk at Intersection,Dry,No Unusual Condition,Daylight,Intersection <= 20ft,0.0,1,1.0,Driver,East,Proceeding Straight,Pedestrian,South,Proceeding Straight,POINT (-122.43613 37.775208),23.0,4.0,11.0,9.0,06
23842,vw_geo_sfpd_cr_switrs_all_types_col_cty_union.fid-c18a0c2_186644fdb18_5ba,16289,23937000.0,,140730717,37.7802649727995,-122.4033872092,SFPD-CROSSROADS,CITY STREET,08/30/2014 04:36:00 PM,2014 August 30,16:36:00,2014,August,Saturday,05TH ST,FOLSOM ST,0.0,Clear,Injury (Other Visible),Vehicle/Pedestrian,Pedestrian,Crossing in Crosswalk at Intersection,Dry,No Unusual Condition,Daylight,Intersection <= 20ft,0.0,1,1.0,Driver,South,Making Right Turn,Pedestrian,North,Proceeding Straight,POINT (-122.40339 37.780266),32.0,1.0,10.0,34.0,16
23848,vw_geo_sfpd_cr_switrs_all_types_col_cty_union.fid-c18a0c2_186644fdb18_435,39893,23477000.0,11077000.0,150834434,37.745644368653,-122.501682718101,SFPD-CROSSROADS,CITY STREET,09/23/2015 07:43:00 AM,2015 September 23,07:43:00,2015,September,Wednesday,RIVERA ST,43RD AVE,4.0,Clear,Injury (Other Visible),Vehicle/Pedestrian,Pedestrian,Crossing in Crosswalk at Intersection,Dry,No Unusual Condition,Daylight,Intersection <= 20ft,0.0,2,1.0,Pedestrian,North,Entering Traffic,Pedestrian,North,Entering Traffic,POINT (-122.501686 37.745644),39.0,10.0,7.0,35.0,07
23852,vw_geo_sfpd_cr_switrs_all_types_col_cty_union.fid-c18a0c2_186644fdb18_17b,53418,24315000.0,,200501860,37.7792116855,-122.410936574,SFPD-INTERIM DB,CITY STREET,08/20/2020 04:05:00 PM,2020 August 20,16:05:00,2020,August,Thursday,MISSION ST,07TH ST,0.0,Clear,Injury (Complaint of Pain),Vehicle/Pedestrian,Pedestrian,Crossing in Crosswalk at Intersection,Dry,No Unusual Condition,Daylight,Intersection <= 20ft,0.0,1,1.0,Driver,North,Making Left Turn,Pedestrian,West,Proceeding Straight,POINT (-122.410934 37.779213),32.0,1.0,10.0,34.0,16
23856,vw_geo_sfpd_cr_switrs_all_types_col_cty_union.fid-c18a0c2_186644fdb18_-539,12503,25804000.0,,160486047,37.7641957129503,-122.433074471299,SFPD-CROSSROADS,CITY STREET,06/15/2016 02:05:00 PM,2016 June 15,14:05:00,2016,June,Wednesday,NOE ST,MARKET ST,0.0,Clear,Injury (Complaint of Pain),Vehicle/Pedestrian,Pedestrian,Crossing in Crosswalk at Intersection,Dry,No Unusual Condition,Daylight,Intersection <= 20ft,0.0,1,1.0,Pedestrian,East,Proceeding Straight,Driver,South,Proceeding Straight,POINT (-122.433075 37.764194),38.0,3.0,5.0,5.0,14
23870,vw_geo_sfpd_cr_switrs_all_types_col_cty_union.fid-c18a0c2_186644fdb18_4d9,54358,25867000.0,,200749888,37.7727343122,-122.425512056,SFPD-INTERIM DB,CITY STREET,12/12/2020 06:50:00 PM,2020 December 12,18:50:00,2020,December,Saturday,HAIGHT ST,LAGUNA ST,0.0,Clear,Injury (Complaint of Pain),Vehicle/Pedestrian,Pedestrian,Crossing in Crosswalk at Intersection,Dry,No Unusual Condition,Dark - Street Lights,Intersection <= 20ft,0.0,1,1.0,Driver,East,Making Left Turn,Pedestrian,South,Proceeding Straight,POINT (-122.425514 37.772736),26.0,4.0,11.0,9.0,18
23872,vw_geo_sfpd_cr_switrs_all_types_col_cty_union.fid-c18a0c2_186644fdb18_484,54311,20125000.0,7226000.0,200734271,37.7285752572,-122.384475939,SFPD-INTERIM DB,CITY STREET,12/05/2020 06:30:00 PM,2020 December 05,18:30:00,2020,December,Saturday,INGALLS ST,REVERE AVE,40.0,Clear,Injury (Other Visible),Vehicle/Pedestrian,Pedestrian,"In Road, Including Shoulder",Dry,No Unusual Condition,Dark - Street Lights,Midblock > 20ft,0.0,1,1.0,Driver,South,Proceeding Straight,Pedestrian,South,Proceeding Straight,POINT (-122.384476 37.728577),86.0,2.0,9.0,1.0,18
23874,vw_geo_sfpd_cr_switrs_all_types_col_cty_union.fid-c18a0c2_186644fdb18_5e1,16433,23940000.0,297000.0,170072012,37.7810399951536,-122.404356876475,SFPD-CROSSROADS,CITY STREET,01/26/2017 02:55:00 PM,2017 January 26,14:55:00,2017,January,Thursday,05TH ST,TEHAMA ST,19.0,Clear,Injury (Other Visible),Vehicle/Pedestrian,Pedestrian,Crossing Not in Crosswalk,Dry,No Unusual Condition,Daylight,Intersection <= 20ft,0.0,1,1.0,Pedestrian,East,Proceeding Straight,Driver,South,Making Left Turn,POINT (-122.40436 37.78104),32.0,1.0,10.0,34.0,14
23875,vw_geo_sfpd_cr_switrs_all_types_col_cty_union.fid-c18a0c2_186644fdb18_8d7,54533,24592000.0,,210078821,37.7829978974,-122.397942939,SFPD-INTERIM DB,CITY STREET,02/04/2021 06:52:00 AM,2021 February 04,06:52:00,2021,February,Thursday,03RD ST,SAINT FRANCIS PL,0.0,Clear,Injury (Complaint of Pain),Vehicle/Pedestrian,Pedestrian,Crossing Not in Crosswalk,Dry,No Unusual Condition,Dark - Street Lights,Intersection <= 20ft,0.0,1,1.0,Driver,West,Making Right Turn,Pedestrian,South,Proceeding Straight,POINT (-122.39794 37.782997),32.0,1.0,10.0,8.0,06
23876,vw_geo_sfpd_cr_switrs_all_types_col_cty_union.fid-c18a0c2_186644fdb18_d79,56302,23818000.0,,210478077,37.7740308515,-122.395576661,SFPD-INTERIM DB,CITY STREET,07/28/2021 03:59:00 PM,2021 July 28,15:59:00,2021,July,Wednesday,05TH ST,BERRY ST,0.0,Clear,Injury (Complaint of Pain),Vehicle/Pedestrian,Pedestrian,Crossing in Crosswalk at Intersection,Dry,No Unusual Condition,Daylight,Intersection <= 20ft,0.0,1,1.0,Driver,South,Making Right Turn,Pedestrian,West,Proceeding Straight,POINT (-122.39558 37.774033),34.0,1.0,10.0,4.0,15
23886,vw_geo_sfpd_cr_switrs_all_types_col_cty_union.fid-c18a0c2_186644fdb18_54c,15504,24247000.0,,160018082,37.7745162574587,-122.413768847597,SFPD-CROSSROADS,CITY STREET,01/07/2016 02:28:00 PM,2016 January 07,14:28:00,2016,January,Thursday,HOWARD ST,DORE ST,0.0,Clear,Injury (Complaint of Pain),Broadside,Pedestrian,Crossing in Crosswalk at Intersection,Dry,No Unusual Condition,Daylight,Intersection <= 20ft,0.0,1,1.0,Bicyclist,West,Proceeding Straight,Driver,South,Proceeding Straight,POINT (-122.41377 37.774517),32.0,1.0,10.0,34.0,14
23892,vw_geo_sfpd_cr_switrs_all_types_col_cty_union.fid-c18a0c2_186644fdb18_-307,52219,26418000.0,,200096811,37.7705193185,-122.450407506,SFPD-INTERIM DB,CITY STREET,02/08/2020 05:00:00 AM,2020 February 08,05:00:00,2020,February,Saturday,PAGE ST,COLE ST,0.0,Clear,Injury (Complaint of Pain),Vehicle/Pedestrian,Pedestrian,Crossing in Crosswalk at Intersection,Dry,No Unusual Condition,Dark - Street Lights,Intersection <= 20ft,0.0,1,1.0,Driver,North,Making Left Turn,Pedestrian,West,Proceeding Straight,POINT (-122.45041 37.77052),25.0,7.0,11.0,3.0,05
23896,vw_geo_sfpd_cr_switrs_all_types_col_cty_union.fid-c18a0c2_186644fdb18_6d3,16956,24293000.0,328000.0,180452476,37.7810313435,-122.40878431,SFPD-INTERIM DB,CITY STREET,06/18/2018 05:54:00 PM,2018 June 18,17:54:00,2018,June,Monday,06TH ST,MISSION ST,31.0,Clear,Injury (Other Visible),Vehicle/Pedestrian,Pedestrian,Crossing Not in Crosswalk,Dry,No Unusual Condition,Daylight,Midblock > 20ft,0.0,1,1.0,Pedestrian,West,Slowing/Stopping,Driver,North,Proceeding Straight,POINT (-122.40878 37.781033),32.0,5.0,10.0,34.0,17
23899,vw_geo_sfpd_cr_switrs_all_types_col_cty_union.fid-c18a0c2_186644fdb18_acb,55242,25738000.0,1361000.0,210235946,37.7514714668,-122.431307531,SFPD-INTERIM DB,CITY STREET,04/17/2021 10:40:00 AM,2021 April 17,10:40:00,2021,April,Saturday,24TH ST,NOE ST,165.0,Clear,Injury (Severe),Vehicle/Pedestrian,Pedestrian,Crossing Not in Crosswalk,Dry,Obstruction on Roadway,Daylight,Midblock > 20ft,0.0,1,1.0,Pedestrian,South,Other,Driver,West,Other,POINT (-122.431305 37.751472),84.0,3.0,5.0,22.0,10