,id,unique_id,cnn_intrsctn_fkey,cnn_sgmt_fkey,case_id_pkey,tb_latitude,tb_longitude,geocode_source,geocode_location,collision_datetime,collision_date,collision_time,accident_year,month,day_of_week,primary_rd,secondary_rd,distance,weather_1,collision_severity,type_of_collision,mviw,ped_action,road_surface,road_cond_1,lighting,intersection,number_killed,number_injured,party_at_fault,party1_type,party1_dir_of_travel,party1_move_pre_acc,party2_type,party2_dir_of_travel,party2_move_pre_acc,point,Neighborhoods,Current Police Districts,Current Supervisor Districts,Analysis Neighborhoods,hour
23902,vw_geo_sfpd_cr_switrs_all_types_col_cty_union.fid-c18a0c2_186644fdb18_-318,52248,24922000.0,12425000.0,200092972,37.7823370031,-122.4105504,SFPD-INTERIM DB,CITY STREET,02/06/2020 04:40:00 PM,2020 February 06,16:40:00,2020,February,Thursday,TAYLOR ST,GOLDEN GATE AVE,85.0,Clear,Injury (Complaint of Pain),Vehicle/Pedestrian,Pedestrian,Crossing Not in Crosswalk,Dry,No Unusual Condition,Daylight,Midblock > 20ft,0.0,1,1.0,Pedestrian,East,Other,Driver,North,Backing,POINT (-122.41055 37.782337),20.0,5.0,10.0,36.0,16
23908,vw_geo_sfpd_cr_switrs_all_types_col_cty_union.fid-c18a0c2_186644fdb18_-294,52352,26042000.0,12126000.0,200129860,37.7772627581,-122.433172686,SFPD-INTERIM DB,CITY STREET,02/20/2020 08:04:00 PM,2020 February 20,20:04:00,2020,February,Thursday,STEINER ST,FULTON ST,84.0,Clear,Injury (Complaint of Pain),Broadside,Pedestrian,Crossing Not in Crosswalk,Dry,No Unusual Condition,Dark - Street Lights,Midblock > 20ft,0.0,1,1.0,Pedestrian,West,Proceeding Straight,Driver,South,Proceeding Straight,POINT (-122.433174 37.777264),23.0,4.0,11.0,9.0,20
23936,vw_geo_sfpd_cr_switrs_all_types_col_cty_union.fid-c18a0c2_186644fdb18_a4e,54962,24929000.0,5060000.0,210190328,37.7840027774,-122.412041695,SFPD-INTERIM DB,CITY STREET,03/27/2021 08:16:00 AM,2021 March 27,08:16:00,2021,March,Saturday,EDDY ST,JONES ST,162.0,Clear,Injury (Severe),Vehicle/Pedestrian,Pedestrian,Not in Road,Dry,No Unusual Condition,Daylight,Midblock > 20ft,0.0,1,1.0,Driver,East,Making U Turn,Pedestrian,West,Proceeding Straight,POINT (-122.41204 37.784004),20.0,5.0,10.0,36.0,08
23969,vw_geo_sfpd_cr_switrs_all_types_col_cty_union.fid-c18a0c2_186644fdb18_792,17158,24331000.0,,150070462,37.7797885271557,-122.415126955678,SFPD-CROSSROADS,CITY STREET,01/23/2015 03:50:00 PM,2015 January 23,15:50:00,2015,January,Friday,HYDE ST,FULTON ST,0.0,Clear,Injury (Complaint of Pain),Vehicle/Pedestrian,Pedestrian,Crossing in Crosswalk at Intersection,Dry,No Unusual Condition,Daylight,Intersection <= 20ft,0.0,1,1.0,Driver,South,Proceeding Straight,Pedestrian,West,Proceeding Straight,POINT (-122.41513 37.77979),21.0,5.0,10.0,36.0,15
23972,vw_geo_sfpd_cr_switrs_all_types_col_cty_union.fid-c18a0c2_186644fdb18_-c0,52911,30748000.000000004,,200299300,37.7751470745,-122.419255606,SFPD-INTERIM DB,CITY STREET,05/16/2020 09:52:00 PM,2020 May 16,21:52:00,2020,May,Saturday,MARKET ST,VAN NESS AVE,0.0,Raining,Injury (Complaint of Pain),Vehicle/Pedestrian,Pedestrian,Crossing in Crosswalk at Intersection,Wet,No Unusual Condition,Dark - Street Lights,Intersection <= 20ft,0.0,1,,Pedestrian,East,Proceeding Straight,Driver,South,Proceeding Straight,POINT (-122.41926 37.775146),32.0,1.0,10.0,20.0,21
23981,vw_geo_sfpd_cr_switrs_all_types_col_cty_union.fid-c18a0c2_186644fdb18_-1d7,52480,26678000.0,,200183010,37.7950160221,-122.436760975,SFPD-INTERIM DB,CITY STREET,03/12/2020 11:04:00 AM,2020 March 12,11:04:00,2020,March,Thursday,STEINER ST,VALLEJO ST,0.0,Clear,Injury (Complaint of Pain),Vehicle/Pedestrian,Pedestrian,Crossing in Crosswalk at Intersection,Dry,No Unusual Condition,Daylight,Intersection <= 20ft,0.0,1,1.0,Driver,South,Proceeding Straight,Pedestrian,West,Other,POINT (-122.43676 37.795017),102.0,4.0,6.0,13.0,11
23992,vw_geo_sfpd_cr_switrs_all_types_col_cty_union.fid-c18a0c2_186644fdb18_4d2,54352,20770000.0,,200748551,37.7324386578,-122.405607548,SFPD-INTERIM DB,CITY STREET,12/12/2020 06:50:00 AM,2020 December 12,06:50:00,2020,December,Saturday,SAN BRUNO AVE,SILVER AVE,0.0,Clear,Injury (Complaint of Pain),Vehicle/Pedestrian,Pedestrian,Crossing in Crosswalk at Intersection,Dry,No Unusual Condition,Dusk - Dawn,Intersection <= 20ft,0.0,1,1.0,Driver,West,Making Left Turn,Pedestrian,East,Proceeding Straight,POINT (-122.40561 37.732437),91.0,2.0,2.0,25.0,06
24010,vw_geo_sfpd_cr_switrs_all_types_col_cty_union.fid-c18a0c2_186644fdb18_101e,56824,20730000.0,2477000.0,210735071,37.7496671593943,-122.397575092891,SFPD-INTERIM DB,CITY STREET,11/08/2021 12:41:00 PM,2021 November 08,12:41:00,2021,November,Monday,CESAR CHAVEZ ST,EVANS AVE,84.0,Clear,Injury (Complaint of Pain),Vehicle/Pedestrian,Pedestrian,Not in Road,Dry,No Unusual Condition,Daylight,Midblock > 20ft,0.0,1,1.0,Driver,South,Entering Traffic,Pedestrian,East,Proceeding Straight,POINT (-122.397575 37.74967),54.0,2.0,9.0,1.0,12
24017,vw_geo_sfpd_cr_switrs_all_types_col_cty_union.fid-c18a0c2_186644fdb18_1ab,53452,23919000.0,,200517099,37.7772727019,-122.404070257,SFPD-INTERIM DB,CITY STREET,08/28/2020 03:45:00 AM,2020 August 28,03:45:00,2020,August,Friday,06TH ST,HARRISON ST,0.0,Clear,Injury (Complaint of Pain),Vehicle/Pedestrian,Pedestrian,Crossing in Crosswalk at Intersection,Dry,No Unusual Condition,Dark - Street Lights,Intersection <= 20ft,0.0,1,1.0,Driver,South,Proceeding Straight,Pedestrian,West,Proceeding Straight,POINT (-122.40407 37.77727),32.0,1.0,10.0,34.0,03
24020,vw_geo_sfpd_cr_switrs_all_types_col_cty_union.fid-c18a0c2_186644fdb18_b7,53274,25166000.0,7120000.0,200435140,37.7863020741,-122.416447472,SFPD-INTERIM DB,CITY STREET,07/21/2020 12:25:00 AM,2020 July 21,00:25:00,2020,July,Tuesday,HYDE ST,GEARY ST,3.0,Fog,Injury (Complaint of Pain),Vehicle/Pedestrian,Pedestrian,Crossing in Crosswalk at Intersection,Dry,No Unusual Condition,Dark - Street Lights,Intersection <= 20ft,0.0,1,1.0,Driver,South,Proceeding Straight,Pedestrian,East,Proceeding Straight,POINT (-122.41645 37.7863),20.0,6.0,10.0,36.0,00
24021,vw_geo_sfpd_cr_switrs_all_types_col_cty_union.fid-c18a0c2_186644fdb18_106,53331,26872000.0,,200466402,37.7962491194,-122.442090401,SFPD-INTERIM DB,CITY STREET,08/04/2020 03:00:00 PM,2020 August 04,15:00:00,2020,August,Tuesday,DIVISADERO ST,UNION ST,0.0,Clear,Injury (Complaint of Pain),Vehicle/Pedestrian,Pedestrian,"In Road, Including Shoulder",Dry,Construction or Repair Zone,Daylight,Intersection <= 20ft,0.0,1,1.0,Pedestrian,North,Stopped,Driver,South,Making Right Turn,POINT (-122.44209 37.79625),14.0,4.0,6.0,13.0,15
24025,vw_geo_sfpd_cr_switrs_all_types_col_cty_union.fid-c18a0c2_186644fdb18_704,40067,27104000.0,,150003275,37.7585381809149,-122.463781527859,SFPD-CROSSROADS,CITY STREET,01/02/2015 07:00:00 AM,2015 January 02,07:00:00,2015,January,Friday,07TH AVE,LAWTON ST,0.0,Clear,Injury (Complaint of Pain),Sideswipe,Pedestrian,Crossing in Crosswalk at Intersection,Dry,No Unusual Condition,Daylight,Intersection <= 20ft,0.0,1,1.0,Driver,South,Making Left Turn,Pedestrian,East,Proceeding Straight,POINT (-122.46378 37.758537),111.0,7.0,8.0,14.0,07
24039,vw_geo_sfpd_cr_switrs_all_types_col_cty_union.fid-c18a0c2_186644fdb18_21f,53571,24695000.0,,200561270,37.7958750042,-122.400485537,SFPD-INTERIM DB,CITY STREET,09/17/2020 06:15:00 PM,2020 September 17,18:15:00,2020,September,Thursday,BATTERY ST,WASHINGTON ST,0.0,Clear,Injury (Complaint of Pain),Vehicle/Pedestrian,Pedestrian,Crossing in Crosswalk at Intersection,Dry,No Unusual Condition,Dusk - Dawn,Intersection <= 20ft,0.0,1,1.0,Driver,South,Making Left Turn,Pedestrian,West,Proceeding Straight,POINT (-122.40048 37.795876),77.0,6.0,3.0,8.0,18
24040,vw_geo_sfpd_cr_switrs_all_types_col_cty_union.fid-c18a0c2_186644fdb18_-42e,52538,21774000.0,,200028999,37.7265882028,-122.43335745,SFPD-INTERIM DB,CITY STREET,01/12/2020 12:56:00 PM,2020 January 12,12:56:00,2020,January,Sunday,MISSION ST,FRANCIS ST,0.0,Clear,Injury (Other Visible),Vehicle/Pedestrian,Pedestrian,Crossing in Crosswalk at Intersection,Dry,No Unusual Condition,Daylight,Intersection <= 20ft,0.0,1,1.0,Driver,South,Making Left Turn,Pedestrian,East,Proceeding Straight,POINT (-122.43336 37.72659),94.0,9.0,1.0,28.0,12
24053,vw_geo_sfpd_cr_switrs_all_types_col_cty_union.fid-c18a0c2_186644fdb18_c39,55450,24609000.0,167000.0,210347121,37.7855300993,-122.401107446,SFPD-INTERIM DB,CITY STREET,06/04/2021 06:00:00 PM,2021 June 04,18:00:00,2021,June,Friday,03RD ST,MINNA ST,155.0,Clear,Injury (Complaint of Pain),Vehicle/Pedestrian,Pedestrian,"In Road, Including Shoulder",Dry,No Unusual Condition,Daylight,Midblock > 20ft,0.0,1,1.0,Pedestrian,West,Other,Driver,North,Entering Traffic,POINT (-122.40111 37.78553),32.0,1.0,10.0,8.0,18
24060,vw_geo_sfpd_cr_switrs_all_types_col_cty_union.fid-c18a0c2_186644fdb18_-1b3,52499,24170000.0,,200201173,37.7650513371,-122.419668973,SFPD-INTERIM DB,CITY STREET,03/21/2020 03:00:00 PM,2020 March 21,15:00:00,2020,March,Saturday,16TH ST,MISSION ST,0.0,Clear,Injury (Other Visible),Vehicle/Pedestrian,Pedestrian,"In Road, Including Shoulder",Dry,No Unusual Condition,Daylight,Intersection <= 20ft,0.0,1,1.0,Driver,West,Proceeding Straight,Pedestrian,South,Other,POINT (-122.41967 37.765053),53.0,3.0,2.0,20.0,15
24064,vw_geo_sfpd_cr_switrs_all_types_col_cty_union.fid-c18a0c2_186644fdb18_7b6,17204,24324000.0,,180926192,37.7809268553,-122.413676361,SFPD-INTERIM DB,CITY STREET,12/08/2018 04:36:00 PM,2018 December 08,16:36:00,2018,December,Saturday,LEAVENWORTH ST,MCALLISTER ST,0.0,Clear,Injury (Complaint of Pain),Vehicle/Pedestrian,Pedestrian,Crossing in Crosswalk at Intersection,Dry,No Unusual Condition,Daylight,Intersection <= 20ft,0.0,1,1.0,Pedestrian,West,Proceeding Straight,Driver,North,Making Right Turn,POINT (-122.41367 37.780926),21.0,5.0,10.0,36.0,16
24067,vw_geo_sfpd_cr_switrs_all_types_col_cty_union.fid-c18a0c2_186644fdb18_bb3,55199,27974000.0,,210305232,37.7734070112,-122.506821259,SFPD-INTERIM DB,CITY STREET,05/18/2021 01:06:00 PM,2021 May 18,13:06:00,2021,May,Tuesday,46TH AVE,CABRILLO ST,0.0,Clear,Injury (Severe),Broadside,Pedestrian,Crossing Not in Crosswalk,Dry,No Unusual Condition,Daylight,Intersection <= 20ft,0.0,1,1.0,Pedestrian,South,Proceeding Straight,Driver,West,Proceeding Straight,POINT (-122.50682 37.773407),8.0,8.0,4.0,29.0,13
24068,vw_geo_sfpd_cr_switrs_all_types_col_cty_union.fid-c18a0c2_186644fdb18_97b,54905,54065000.0,6148203.0,210125256,37.7111949774,-122.426952635,SFPD-INTERIM DB,CITY STREET,02/24/2021 08:45:00 PM,2021 February 24,20:45:00,2021,February,Wednesday,GENEVA AVE,STONERIDGE LN,239.0,Clear,Injury (Other Visible),Vehicle/Pedestrian,Pedestrian,"In Road, Including Shoulder",Dry,No Unusual Condition,Dark - Street Lights,Midblock > 20ft,0.0,1,1.0,Pedestrian,East,Proceeding Straight,Driver,East,Proceeding Straight,POINT (-122.426956 37.711193),58.0,9.0,1.0,7.0,20
24082,vw_geo_sfpd_cr_switrs_all_types_col_cty_union.fid-c18a0c2_186644fdb18_1cb,53472,25197000.000000004,,200531293,37.785685802,-122.421393308,SFPD-INTERIM DB,CITY STREET,09/03/2020 05:24:00 PM,2020 September 03,17:24:00,2020,September,Thursday,VAN NESS AVE,GEARY BLVD,0.0,Clear,Injury (Complaint of Pain),Vehicle/Pedestrian,Pedestrian,Crossing in Crosswalk at Intersection,Dry,No Unusual Condition,Daylight,Intersection <= 20ft,0.0,1,1.0,Driver,West,Making Left Turn,Pedestrian,West,Proceeding Straight,POINT (-122.421394 37.785686),100.0,4.0,11.0,39.0,17
24086,vw_geo_sfpd_cr_switrs_all_types_col_cty_union.fid-c18a0c2_186644fdb18_28e,53847,25599000.0,7458002.0,200596758,37.8078311445,-122.418867388,SFPD-INTERIM DB,CITY STREET,10/03/2020 09:30:00 PM,2020 October 03,21:30:00,2020,October,Saturday,JEFFERSON ST,LEAVENWORTH ST,64.0,Clear,Injury (Complaint of Pain),Vehicle/Pedestrian,Pedestrian,Not in Road,Dry,No Unusual Condition,Dark - Street Lights,Midblock > 20ft,0.0,1,,Driver,North,Other,Pedestrian,North,Other,POINT (-122.41887 37.80783),99.0,6.0,3.0,23.0,21
24091,vw_geo_sfpd_cr_switrs_all_types_col_cty_union.fid-c18a0c2_186644fdb18_afc,55134,26751000.0,,210248018,37.7998429527,-122.436046173,SFPD-INTERIM DB,CITY STREET,04/22/2021 08:52:00 PM,2021 April 22,20:52:00,2021,April,Thursday,LOMBARD ST,FILLMORE ST,0.0,Cloudy,Injury (Severe),Vehicle/Pedestrian,Pedestrian,Crossing Not in Crosswalk,Dry,No Unusual Condition,Dark - Street Lights,Intersection <= 20ft,0.0,1,1.0,Pedestrian,South,Proceeding Straight,Driver,West,Proceeding Straight,POINT (-122.43604 37.799843),17.0,4.0,6.0,13.0,20
24108,vw_geo_sfpd_cr_switrs_all_types_col_cty_union.fid-c18a0c2_186644fdb18_464,54280,27964000.000000004,,200720258,37.7640327357,-122.509402191,SFPD-INTERIM DB,CITY STREET,11/29/2020 02:31:00 PM,2020 November 29,14:31:00,2020,November,Sunday,LINCOLN WAY,LA PLAYA,0.0,Clear,Injury (Other Visible),Vehicle/Pedestrian,Pedestrian,Crossing in Crosswalk at Intersection,Dry,No Unusual Condition,Daylight,Intersection <= 20ft,0.0,1,1.0,Driver,West,Making Left Turn,Pedestrian,South,Proceeding Straight,POINT (-122.5094 37.764034),39.0,10.0,4.0,12.0,14
24115,vw_geo_sfpd_cr_switrs_all_types_col_cty_union.fid-c18a0c2_186644fdb18_-370,52143,21785000.0,,200067442,37.7316515254,-122.431685405,SFPD-INTERIM DB,CITY STREET,01/27/2020 04:15:00 PM,2020 January 27,16:15:00,2020,January,Monday,BOSWORTH ST,LYELL ST,0.0,Clear,Injury (Complaint of Pain),Vehicle/Pedestrian,Pedestrian,Crossing in Crosswalk at Intersection,Dry,No Unusual Condition,Daylight,Intersection <= 20ft,0.0,1,1.0,Driver,West,Proceeding Straight,Pedestrian,South,Proceeding Straight,POINT (-122.43169 37.73165),94.0,9.0,5.0,28.0,16
24126,vw_geo_sfpd_cr_switrs_all_types_col_cty_union.fid-c18a0c2_186644fdb18_796,17164,24331000.0,5881000.0,140331230,37.7797693094996,-122.415281490995,SFPD-CROSSROADS,CITY STREET,04/21/2014 03:39:00 PM,2014 April 21,15:39:00,2014,April,Monday,FULTON ST,HYDE ST,45.0,Clear,Injury (Complaint of Pain),Vehicle/Pedestrian,Pedestrian,Not in Road,Dry,No Unusual Condition,Daylight,Midblock > 20ft,0.0,2,1.0,Driver,North,Parked,Pedestrian,East,Other,POINT (-122.41528 37.77977),21.0,5.0,10.0,36.0,15
24132,vw_geo_sfpd_cr_switrs_all_types_col_cty_union.fid-c18a0c2_186644fdb18_d4c,56236,20700000.0,5337000.0,210452855,37.7451889644,-122.392336957,SFPD-INTERIM DB,CITY STREET,07/17/2021 10:00:00 PM,2021 July 17,22:00:00,2021,July,Saturday,EVANS AVE,RANKIN ST,55.0,Clear,Injury (Severe),Vehicle/Pedestrian,Pedestrian,Crossing Not in Crosswalk,Dry,No Unusual Condition,Dark - Street Lights,Midblock > 20ft,0.0,1,1.0,Pedestrian,North,Proceeding Straight,Driver,West,Proceeding Straight,POINT (-122.392334 37.74519),56.0,2.0,9.0,1.0,22
24139,vw_geo_sfpd_cr_switrs_all_types_col_cty_union.fid-c18a0c2_186644fdb18_9a6,54755,24703000.0,4083000.0,210142818,37.794840383,-122.401477271,SFPD-INTERIM DB,CITY STREET,03/04/2021 05:20:00 PM,2021 March 04,17:20:00,2021,March,Thursday,CLAY ST,SANSOME ST,3.0,Clear,Injury (Other Visible),Vehicle/Pedestrian,Pedestrian,Crossing in Crosswalk at Intersection,Dry,No Unusual Condition,Daylight,Intersection <= 20ft,0.0,1,1.0,Driver,East,Making Left Turn,Pedestrian,North,Proceeding Straight,POINT (-122.401474 37.79484),108.0,6.0,3.0,6.0,17
24147,vw_geo_sfpd_cr_switrs_all_types_col_cty_union.fid-c18a0c2_186644fdb18_bf3,55217,26569000.000000004,10152000.0,210323961,37.7939728759,-122.429838172,SFPD-INTERIM DB,CITY STREET,05/26/2021 10:20:00 AM,2021 May 26,10:20:00,2021,May,Wednesday,PACIFIC AVE,LAGUNA ST,10.0,Clear,Injury (Complaint of Pain),Vehicle/Pedestrian,Pedestrian,Crossing in Crosswalk at Intersection,Dry,No Unusual Condition,Daylight,Intersection <= 20ft,0.0,1,1.0,Driver,South,Proceeding Straight,Pedestrian,West,Proceeding Straight,POINT (-122.42984 37.793972),102.0,4.0,6.0,30.0,10
24152,vw_geo_sfpd_cr_switrs_all_types_col_cty_union.fid-c18a0c2_186644fdb18_3af,54136,23634000.0,4350000.0,200673992,37.7532927447,-122.396899963,SFPD-INTERIM DB,CITY STREET,11/07/2020 09:35:00 PM,2020 November 07,21:35:00,2020,November,Saturday,CONNECTICUT ST,25TH ST,393.0,Clear,Injury (Complaint of Pain),Vehicle/Pedestrian,Pedestrian,"In Road, Including Shoulder",Dry,Reduced Roadway Width,Dark - Street Lights,Midblock > 20ft,0.0,1,1.0,Driver,North,Backing,Pedestrian,North,Not Stated,POINT (-122.3969 37.753292),54.0,2.0,9.0,26.0,21
24167,vw_geo_sfpd_cr_switrs_all_types_col_cty_union.fid-c18a0c2_186644fdb18_-136,52827,21486000.0,,200255926,37.7164595462,-122.441019562,SFPD-INTERIM DB,CITY STREET,04/23/2020 12:45:00 PM,2020 April 23,12:45:00,2020,April,Thursday,GENEVA AVE,MISSION ST,0.0,Clear,Injury (Other Visible),Vehicle/Pedestrian,Pedestrian,Crossing in Crosswalk at Intersection,Dry,No Unusual Condition,Daylight,Intersection <= 20ft,0.0,1,1.0,Driver,West,Making Left Turn,Pedestrian,South,Other,POINT (-122.44102 37.71646),80.0,9.0,1.0,28.0,12
24187,vw_geo_sfpd_cr_switrs_all_types_col_cty_union.fid-c18a0c2_186644fdb18_bc7,55204,26751000.0,,210308929,37.7998429527,-122.436046173,SFPD-INTERIM DB,CITY STREET,05/19/2021 09:03:00 PM,2021 May 19,21:03:00,2021,May,Wednesday,LOMBARD ST,FILLMORE ST,0.0,Clear,Injury (Severe),Vehicle/Pedestrian,Pedestrian,Crossing in Crosswalk at Intersection,Dry,No Unusual Condition,Dark - Street Lights,Intersection <= 20ft,0.0,1,1.0,Pedestrian,North,Proceeding Straight,Driver,West,Proceeding Straight,POINT (-122.43604 37.799843),17.0,4.0,6.0,13.0,21
24191,vw_geo_sfpd_cr_switrs_all_types_col_cty_union.fid-c18a0c2_186644fdb18_e93,55907,23919000.0,,210595994,37.7772727019,-122.404070257,SFPD-INTERIM DB,CITY STREET,09/14/2021 10:14:00 PM,2021 September 14,22:14:00,2021,September,Tuesday,06TH ST,HARRISON ST,0.0,Clear,Injury (Other Visible),Broadside,Pedestrian,Crossing in Crosswalk at Intersection,Dry,No Unusual Condition,Dark - Street Lights,Intersection <= 20ft,0.0,1,1.0,Driver,South,Making Left Turn,Pedestrian,West,Proceeding Straight,POINT (-122.40407 37.77727),32.0,1.0,10.0,34.0,22
24193,vw_geo_sfpd_cr_switrs_all_types_col_cty_union.fid-c18a0c2_186644fdb18_387,54095,23160000.0,,200662224,37.7412342722,-122.474494223,SFPD-INTERIM DB,CITY STREET,11/02/2020 06:20:00 PM,2020 November 02,18:20:00,2020,November,Monday,ULLOA ST,18TH AVE,0.0,Clear,Injury (Complaint of Pain),Vehicle/Pedestrian,Pedestrian,Crossing in Crosswalk at Intersection,Dry,No Unusual Condition,Dark - Street Lights,Intersection <= 20ft,0.0,1,1.0,Driver,East,Proceeding Straight,Pedestrian,South,Proceeding Straight,POINT (-122.474495 37.741234),46.0,10.0,8.0,41.0,18
24221,vw_geo_sfpd_cr_switrs_all_types_col_cty_union.fid-c18a0c2_186644fdb18_9ab,54756,27183000.0,,210143816,37.7672,-122.458637162,SFPD-INTERIM DB,CITY STREET,03/05/2021 09:14:00 AM,2021 March 05,09:14:00,2021,March,Friday,KEZAR DR,MARTIN LUTHER KING JR DR,0.0,Clear,Injury (Complaint of Pain),Vehicle/Pedestrian,Pedestrian,Crossing in Crosswalk at Intersection,Dry,No Unusual Condition,Daylight,Intersection <= 20ft,0.0,1,1.0,Driver,East,Making Left Turn,Pedestrian,North,Proceeding Straight,POINT (-122.45863 37.7672),9.0,7.0,11.0,12.0,09
24228,vw_geo_sfpd_cr_switrs_all_types_col_cty_union.fid-c18a0c2_186644fdb18_bf8,55223,24129000.0,12026000.0,210325832,37.7602300337,-122.417012709,SFPD-INTERIM DB,CITY STREET,05/26/2021 09:19:00 PM,2021 May 26,21:19:00,2021,May,Wednesday,SOUTH VAN NESS AVE,19TH ST,50.0,Clear,Injury (Complaint of Pain),Vehicle/Pedestrian,Pedestrian,"In Road, Including Shoulder",Dry,No Unusual Condition,Dark - Street Lights,Midblock > 20ft,0.0,1,1.0,Pedestrian,East,Entering Traffic,Driver,South,Proceeding Straight,POINT (-122.417015 37.76023),53.0,3.0,2.0,20.0,21
24239,vw_geo_sfpd_cr_switrs_all_types_col_cty_union.fid-c18a0c2_186644fdb18_e85,55902,25013000.0,,210592893,37.7929707724,-122.409361286,SFPD-INTERIM DB,CITY STREET,09/13/2021 05:47:00 PM,2021 September 13,17:47:00,2021,September,Monday,POWELL ST,SACRAMENTO ST,0.0,Clear,Injury (Other Visible),Vehicle/Pedestrian,Pedestrian,Crossing in Crosswalk at Intersection,Dry,No Unusual Condition,Daylight,Intersection <= 20ft,0.0,1,1.0,Driver,East,Making Left Turn,Pedestrian,East,Other,POINT (-122.40936 37.792973),16.0,6.0,3.0,6.0,17
24252,vw_geo_sfpd_cr_switrs_all_types_col_cty_union.fid-c18a0c2_186644fdb18_3bd,54149,24206000.0,,200678679,37.7715786766,-122.411277937,SFPD-INTERIM DB,CITY STREET,11/10/2020 05:54:00 AM,2020 November 10,05:54:00,2020,November,Tuesday,HARRISON ST,10TH ST,0.0,Clear,Injury (Other Visible),Vehicle/Pedestrian,Pedestrian,Crossing in Crosswalk at Intersection,Dry,No Unusual Condition,Daylight,Intersection <= 20ft,0.0,1,1.0,Driver,West,Making Left Turn,Pedestrian,North,Proceeding Straight,POINT (-122.41128 37.77158),32.0,1.0,10.0,34.0,05
24276,vw_geo_sfpd_cr_switrs_all_types_col_cty_union.fid-c18a0c2_186644fdb18_-398,52101,30044000.0,8751101.0,200057540,37.7801139539,-122.412904268,SFPD-INTERIM DB,CITY STREET,01/23/2020 04:14:00 PM,2020 January 23,16:14:00,2020,January,Thursday,MARKET ST,CHARLES J BRENHAM PL,178.0,Clear,Injury (Complaint of Pain),Vehicle/Pedestrian,Pedestrian,Not in Road,Dry,No Unusual Condition,Daylight,Midblock > 20ft,0.0,1,1.0,Driver,West,Proceeding Straight,Pedestrian,West,Stopped,POINT (-122.4129 37.780113),32.0,5.0,10.0,34.0,16
24290,vw_geo_sfpd_cr_switrs_all_types_col_cty_union.fid-c18a0c2_186644fdb18_7db,54483,21306000.0,9127000.0,210012857,37.7492027679,-122.418150671,SFPD-INTERIM DB,CITY STREET,01/06/2021 07:10:00 PM,2021 January 06,19:10:00,2021,January,Wednesday,MISSION ST,26TH ST,59.0,Clear,Injury (Complaint of Pain),Vehicle/Pedestrian,Pedestrian,Crossing Not in Crosswalk,Dry,No Unusual Condition,Dark - Street Lights,Midblock > 20ft,0.0,1,1.0,Pedestrian,East,Not Stated,Driver,North,Proceeding Straight,POINT (-122.41815 37.749203),53.0,3.0,2.0,20.0,19
24291,vw_geo_sfpd_cr_switrs_all_types_col_cty_union.fid-c18a0c2_186644fdb18_36b,54070,21669000.0,12700000.0,200656835,37.7309192583,-122.425315509,SFPD-INTERIM DB,CITY STREET,10/31/2020 09:56:00 AM,2020 October 31,09:56:00,2020,October,Saturday,TRUMBULL ST,CONGDON ST,240.0,Clear,Injury (Other Visible),Vehicle/Pedestrian,Pedestrian,Crossing Not in Crosswalk,Dry,No Unusual Condition,Daylight,Midblock > 20ft,0.0,1,2.0,Pedestrian,North,Proceeding Straight,Driver,West,Proceeding Straight,POINT (-122.425316 37.73092),94.0,9.0,1.0,7.0,09
24292,vw_geo_sfpd_cr_switrs_all_types_col_cty_union.fid-c18a0c2_186644fdb18_b3c,55438,26840000.0,,210273689,37.7853702645,-122.44642171,SFPD-INTERIM DB,CITY STREET,05/04/2021 05:54:00 PM,2021 May 04,17:54:00,2021,May,Tuesday,BUSH ST,PRESIDIO AVE,0.0,Clear,Injury (Other Visible),Head-On,Pedestrian,Crossing in Crosswalk at Intersection,Dry,No Unusual Condition,Daylight,Intersection <= 20ft,0.0,1,1.0,Driver,North,Making Right Turn,Pedestrian,North,Proceeding Straight,POINT (-122.44642 37.78537),11.0,8.0,6.0,31.0,17
24293,vw_geo_sfpd_cr_switrs_all_types_col_cty_union.fid-c18a0c2_186644fdb18_2fd,53962,25959000.0,,200627604,37.7801930301,-122.427016757,SFPD-INTERIM DB,CITY STREET,10/17/2020 10:13:00 PM,2020 October 17,22:13:00,2020,October,Saturday,GOLDEN GATE AVE,LAGUNA ST,0.0,Clear,Injury (Other Visible),Vehicle/Pedestrian,Pedestrian,Crossing in Crosswalk at Intersection,Dry,No Unusual Condition,Dark - Street Lights,Intersection <= 20ft,0.0,1,1.0,Driver,South,Making Left Turn,Pedestrian,North,Proceeding Straight,POINT (-122.42702 37.780193),97.0,4.0,11.0,39.0,22
24294,vw_geo_sfpd_cr_switrs_all_types_col_cty_union.fid-c18a0c2_186644fdb18_851,18075,25982000.000000004,,140576555,37.7674615834454,-122.433408257411,SFPD-CROSSROADS,CITY STREET,07/11/2014 05:30:00 PM,2014 July 11,17:30:00,2014,July,Friday,14TH ST,NOE ST,0.0,Clear,Injury (Complaint of Pain),Vehicle/Pedestrian,Pedestrian,Crossing in Crosswalk at Intersection,Dry,No Unusual Condition,Daylight,Intersection <= 20ft,0.0,1,1.0,Driver,West,Proceeding Straight,Pedestrian,South,Proceeding Straight,POINT (-122.43341 37.76746),28.0,7.0,5.0,5.0,17