,id,unique_id,cnn_intrsctn_fkey,cnn_sgmt_fkey,case_id_pkey,tb_latitude,tb_longitude,geocode_source,geocode_location,collision_datetime,collision_date,collision_time,accident_year,month,day_of_week,primary_rd,secondary_rd,distance,weather_1,collision_severity,type_of_collision,mviw,ped_action,road_surface,road_cond_1,lighting,intersection,number_killed,number_injured,party_at_fault,party1_type,party1_dir_of_travel,party1_move_pre_acc,party2_type,party2_dir_of_travel,party2_move_pre_acc,point,Neighborhoods,Current Police Districts,Current Supervisor Districts,Analysis Neighborhoods,hour
24298,vw_geo_sfpd_cr_switrs_all_types_col_cty_union.fid-c18a0c2_186644fdb18_-5d,52976,20576000.0,,200336413,37.7228323853,-122.401612578,SFPD-INTERIM DB,CITY STREET,06/03/2020 12:00:00 PM,2020 June 03,12:00:00,2020,June,Wednesday,SAN BRUNO AVE,OLMSTEAD ST,0.0,Clear,Injury (Other Visible),Vehicle/Pedestrian,Pedestrian,Crossing in Crosswalk at Intersection,Dry,Construction or Repair Zone,Daylight,Intersection <= 20ft,0.0,1,1.0,Driver,East,Making Left Turn,Pedestrian,West,Proceeding Straight,POINT (-122.40161 37.72283),91.0,2.0,2.0,25.0,12
24330,vw_geo_sfpd_cr_switrs_all_types_col_cty_union.fid-c18a0c2_186644fdb18_46f,54290,27895000.000000004,6095101.0,200725258,37.7794464235,-122.498681944,SFPD-INTERIM DB,CITY STREET,12/01/2020 06:57:00 PM,2020 December 01,18:57:00,2020,December,Tuesday,GEARY BLVD,38TH AVE,6.0,Clear,Fatal,Vehicle/Pedestrian,Pedestrian,Crossing in Crosswalk at Intersection,Dry,No Unusual Condition,Dark - Street Lights,Intersection <= 20ft,1.0,0,1.0,Driver,West,Not Stated,Pedestrian,North,Not Stated,POINT (-122.49868 37.779446),8.0,8.0,4.0,29.0,18
24341,vw_geo_sfpd_cr_switrs_all_types_col_cty_union.fid-c18a0c2_186644fdb18_-639,11480,25791000.0,889000.0,150026766,37.7610800141928,-122.431822186799,SFPD-CROSSROADS,CITY STREET,01/09/2015 03:30:00 PM,2015 January 09,15:30:00,2015,January,Friday,CASTRO ST,18TH ST,216.0,Clear,Injury (Complaint of Pain),Vehicle/Pedestrian,Pedestrian,Crossing Not in Crosswalk,Dry,No Unusual Condition,Daylight,Midblock > 20ft,0.0,1,1.0,Pedestrian,West,Proceeding Straight,Driver,North,Proceeding Straight,POINT (-122.43182 37.76108),52.0,3.0,5.0,5.0,15
24346,vw_geo_sfpd_cr_switrs_all_types_col_cty_union.fid-c18a0c2_186644fdb18_ead,19830,26345000.0,,140443998,37.7720803942368,-122.445716665312,SFPD-CROSSROADS,CITY STREET,05/27/2014 10:00:00 PM,2014 May 27,22:00:00,2014,May,Tuesday,MASONIC AVE,OAK ST,0.0,Clear,Injury (Severe),Vehicle/Pedestrian,Pedestrian,Crossing in Crosswalk at Intersection,Dry,No Unusual Condition,Dark - Street Lights,Intersection <= 20ft,0.0,1,1.0,Driver,East,Making Left Turn,Pedestrian,South,Proceeding Straight,POINT (-122.44572 37.77208),24.0,7.0,11.0,12.0,22
24352,vw_geo_sfpd_cr_switrs_all_types_col_cty_union.fid-c18a0c2_186644fdb18_4ed,54373,27761000.0,,200755584,37.7551025053,-122.499102549,SFPD-INTERIM DB,CITY STREET,12/15/2020 04:37:00 PM,2020 December 15,16:37:00,2020,December,Tuesday,MORAGA ST,40TH AVE,0.0,Clear,Injury (Other Visible),Vehicle/Pedestrian,Pedestrian,Crossing Not in Crosswalk,Dry,No Unusual Condition,Daylight,Intersection <= 20ft,0.0,1,,Pedestrian,South,Proceeding Straight,Driver,East,Proceeding Straight,POINT (-122.4991 37.755104),39.0,10.0,7.0,35.0,16
24353,vw_geo_sfpd_cr_switrs_all_types_col_cty_union.fid-c18a0c2_186644fdb18_a6e,55341,25423000.0,12850000.0,210203119,37.8002339888,-122.410874598,SFPD-INTERIM DB,CITY STREET,04/01/2021 06:21:00 PM,2021 April 01,18:21:00,2021,April,Thursday,UNION ST,POWELL ST,12.0,Clear,Injury (Other Visible),Vehicle/Pedestrian,Pedestrian,Crossing Not in Crosswalk,Dry,No Unusual Condition,Daylight,Intersection <= 20ft,0.0,1,1.0,Pedestrian,South,Proceeding Straight,Driver,West,Proceeding Straight,POINT (-122.41087 37.800236),107.0,6.0,3.0,6.0,18
24365,vw_geo_sfpd_cr_switrs_all_types_col_cty_union.fid-c18a0c2_186644fdb18_891,2808,20600000.0,,170096460,37.7240356139115,-122.402108390917,SFPD-CROSSROADS,CITY STREET,02/03/2017 03:26:00 PM,2017 February 03,15:26:00,2017,February,Friday,SAN BRUNO AVE,DWIGHT ST,0.0,Clear,Injury (Complaint of Pain),Vehicle/Pedestrian,Pedestrian,Crossing in Crosswalk at Intersection,Dry,No Unusual Condition,Daylight,Intersection <= 20ft,0.0,1,1.0,Driver,West,Making Left Turn,Pedestrian,South,Proceeding Straight,POINT (-122.40211 37.724037),91.0,2.0,2.0,25.0,15
24384,vw_geo_sfpd_cr_switrs_all_types_col_cty_union.fid-c18a0c2_186644fdb18_d82,56308,27160000.000000004,,210483286,37.7620811128,-122.468321006,SFPD-INTERIM DB,CITY STREET,07/30/2021 04:15:00 PM,2021 July 30,16:15:00,2021,July,Friday,11TH AVE,JUDAH ST,0.0,Cloudy,Injury (Complaint of Pain),Vehicle/Pedestrian,Pedestrian,Crossing in Crosswalk at Intersection,Dry,No Unusual Condition,Daylight,Intersection <= 20ft,0.0,0,1.0,Driver,South,Proceeding Straight,Pedestrian,East,Proceeding Straight,POINT (-122.46832 37.76208),109.0,10.0,8.0,14.0,16
24387,vw_geo_sfpd_cr_switrs_all_types_col_cty_union.fid-c18a0c2_186644fdb18_-d3,52901,27150000.0,7285000.0,200294441,37.7640824145,-122.465275936,SFPD-INTERIM DB,CITY STREET,05/14/2020 12:36:00 PM,2020 May 14,12:36:00,2020,May,Thursday,IRVING ST,08TH AVE,9.0,Cloudy,Injury (Other Visible),Vehicle/Pedestrian,Pedestrian,Crossing in Crosswalk at Intersection,Wet,No Unusual Condition,Daylight,Intersection <= 20ft,0.0,1,1.0,Driver,West,Proceeding Straight,Pedestrian,North,Not Stated,POINT (-122.46528 37.764084),109.0,10.0,11.0,14.0,12
24400,vw_geo_sfpd_cr_switrs_all_types_col_cty_union.fid-c18a0c2_186644fdb18_37,53130,27620000.0,,200385539,37.7844488906,-122.472585868,SFPD-INTERIM DB,CITY STREET,06/27/2020 04:14:00 PM,2020 June 27,16:14:00,2020,June,Saturday,CALIFORNIA ST,PARK PRESIDIO BLVD,0.0,Clear,Injury (Complaint of Pain),Vehicle/Pedestrian,Pedestrian,Crossing in Crosswalk at Intersection,Dry,No Unusual Condition,Daylight,Intersection <= 20ft,0.0,1,,Pedestrian,North,Proceeding Straight,Driver,East,Making Right Turn,POINT (-122.47259 37.78445),2.0,8.0,4.0,29.0,16
24402,vw_geo_sfpd_cr_switrs_all_types_col_cty_union.fid-c18a0c2_186644fdb18_-1ca,52667,24925000.0,,200189632,37.7841410125,-122.410951619,SFPD-INTERIM DB,CITY STREET,03/15/2020 01:32:00 AM,2020 March 15,01:32:00,2020,March,Sunday,EDDY ST,TAYLOR ST,0.0,Clear,Injury (Complaint of Pain),Vehicle/Pedestrian,Pedestrian,Crossing in Crosswalk at Intersection,Wet,No Unusual Condition,Dark - Street Lights,Intersection <= 20ft,0.0,1,2.0,Driver,West,Proceeding Straight,Pedestrian,North,Proceeding Straight,POINT (-122.41095 37.78414),20.0,5.0,10.0,36.0,01
24405,vw_geo_sfpd_cr_switrs_all_types_col_cty_union.fid-c18a0c2_186644fdb18_-495,52082,30719000.0,2768000.0,200017873,37.8023891264,-122.401809458,SFPD-INTERIM DB,CITY STREET,01/08/2020 04:43:00 AM,2020 January 08,04:43:00,2020,January,Wednesday,BATTERY ST,FILBERT ST,29.0,Cloudy,Injury (Other Visible),Vehicle/Pedestrian,Pedestrian,Crossing Not in Crosswalk,Wet,No Unusual Condition,Dark - Street Lights,Midblock > 20ft,0.0,1,1.0,Pedestrian,East,Proceeding Straight,Bicyclist,South,Proceeding Straight,POINT (-122.40181 37.802387),77.0,6.0,3.0,8.0,04
24409,vw_geo_sfpd_cr_switrs_all_types_col_cty_union.fid-c18a0c2_186644fdb18_f3a,56686,21029000.0,3067000.0,210642523,37.7369295368619,-122.409755159541,SFPD-INTERIM DB,CITY STREET,10/03/2021 07:44:00 AM,2021 October 03,07:44:00,2021,October,Sunday,BRADFORD ST,TOMPKINS AVE,26.0,Clear,Injury (Other Visible),Vehicle/Pedestrian,Pedestrian,"In Road, Including Shoulder",Dry,No Unusual Condition,Daylight,Midblock > 20ft,0.0,1,1.0,Driver,North,Backing,Pedestrian,North,Other,POINT (-122.40975 37.73693),83.0,9.0,2.0,2.0,07
24413,vw_geo_sfpd_cr_switrs_all_types_col_cty_union.fid-c18a0c2_186644fdb18_405,54219,24293000.0,9100000.0,200698586,37.7805158105,-122.409285278,SFPD-INTERIM DB,CITY STREET,11/19/2020 06:27:00 AM,2020 November 19,06:27:00,2020,November,Thursday,MISSION ST,06TH ST,235.0,Cloudy,Injury (Other Visible),Vehicle/Pedestrian,Pedestrian,Crossing Not in Crosswalk,Dry,No Unusual Condition,Dark - Street Lights,Midblock > 20ft,0.0,1,1.0,Pedestrian,North,Stopped,Driver,West,Proceeding Straight,POINT (-122.40929 37.780518),32.0,1.0,10.0,34.0,06
24414,vw_geo_sfpd_cr_switrs_all_types_col_cty_union.fid-c18a0c2_186644fdb18_214,53628,33269000.000000004,10223000.0,200556348,37.734283492,-122.391443838,SFPD-INTERIM DB,CITY STREET,09/15/2020 05:26:00 PM,2020 September 15,17:26:00,2020,September,Tuesday,PALOU AVE,03RD ST,169.0,Clear,Injury (Other Visible),Vehicle/Pedestrian,Pedestrian,Crossing Not in Crosswalk,Dry,No Unusual Condition,Daylight,Midblock > 20ft,0.0,1,1.0,Pedestrian,North,Proceeding Straight,Driver,East,Other,POINT (-122.39144 37.734283),87.0,2.0,9.0,1.0,17
24418,vw_geo_sfpd_cr_switrs_all_types_col_cty_union.fid-c18a0c2_186644fdb18_ac1,55475,25364000.0,,210233100,37.8003154992,-122.410206544,SFPD-INTERIM DB,CITY STREET,04/15/2021 09:18:00 PM,2021 April 15,21:18:00,2021,April,Thursday,COLUMBUS AVE,UNION ST,0.0,Clear,Injury (Complaint of Pain),Vehicle/Pedestrian,Pedestrian,Crossing in Crosswalk at Intersection,Dry,No Unusual Condition,Dark - Street Lights Not Functioning,Intersection <= 20ft,0.0,1,1.0,Driver,South,Making Left Turn,Pedestrian,East,Proceeding Straight,POINT (-122.41021 37.800316),106.0,6.0,3.0,6.0,21
24432,vw_geo_sfpd_cr_switrs_all_types_col_cty_union.fid-c18a0c2_186644fdb18_4e3,54366,25987000.0,,200753061,37.7693071611,-122.431570381,SFPD-INTERIM DB,CITY STREET,12/14/2020 02:45:00 PM,2020 December 14,14:45:00,2020,December,Monday,STEINER ST,DUBOCE AVE,0.0,Clear,Injury (Complaint of Pain),Vehicle/Pedestrian,Pedestrian,Crossing in Crosswalk at Intersection,Dry,No Unusual Condition,Daylight,Intersection <= 20ft,0.0,1,1.0,Driver,North,Making Left Turn,Pedestrian,West,Proceeding Straight,POINT (-122.43157 37.769306),28.0,7.0,5.0,5.0,14
24436,vw_geo_sfpd_cr_switrs_all_types_col_cty_union.fid-c18a0c2_186644fdb18_1bc,53467,22095000.000000004,,200524759,37.7200867047,-122.445127873,SFPD-INTERIM DB,CITY STREET,08/31/2020 06:30:00 PM,2020 August 31,18:30:00,2020,August,Monday,GENEVA AVE,DELANO AVE,0.0,Clear,Injury (Complaint of Pain),Vehicle/Pedestrian,Pedestrian,Crossing in Crosswalk at Intersection,Dry,No Unusual Condition,Daylight,Intersection <= 20ft,0.0,1,1.0,Driver,South,Making Right Turn,Pedestrian,East,Proceeding Straight,POINT (-122.44513 37.720085),80.0,9.0,1.0,28.0,18
24438,vw_geo_sfpd_cr_switrs_all_types_col_cty_union.fid-c18a0c2_186644fdb18_-333,52168,20680000.0,,200084781,37.7361065061,-122.39466206,SFPD-INTERIM DB,CITY STREET,02/03/2020 02:11:00 PM,2020 February 03,14:11:00,2020,February,Monday,PALOU AVE,PHELPS ST,0.0,Clear,Injury (Complaint of Pain),Vehicle/Pedestrian,Pedestrian,Crossing in Crosswalk at Intersection,Dry,No Unusual Condition,Daylight,Intersection <= 20ft,0.0,1,,Driver,East,Proceeding Straight,Pedestrian,North,Other,POINT (-122.39466 37.736107),87.0,2.0,9.0,1.0,14
24440,vw_geo_sfpd_cr_switrs_all_types_col_cty_union.fid-c18a0c2_186644fdb18_aeb,55485,24285000.0,9044000.0,210244878,37.7807542905,-122.407883623,SFPD-INTERIM DB,CITY STREET,04/21/2021 03:21:00 PM,2021 April 21,15:21:00,2021,April,Wednesday,MINNA ST,06TH ST,113.0,Clear,Injury (Other Visible),Vehicle/Pedestrian,Pedestrian,Crossing Not in Crosswalk,Dry,No Unusual Condition,Daylight,Midblock > 20ft,0.0,1,1.0,Driver,West,Backing,Pedestrian,East,Proceeding Straight,POINT (-122.40788 37.780754),32.0,1.0,10.0,34.0,15
24444,vw_geo_sfpd_cr_switrs_all_types_col_cty_union.fid-c18a0c2_186644fdb18_-519,52577,22217000.000000004,,200002943,37.7232440359,-122.453107198,SFPD-INTERIM DB,CITY STREET,01/02/2020 07:37:00 AM,2020 January 02,07:37:00,2020,January,Thursday,OCEAN AVE,HAROLD AVE,0.0,Clear,Injury (Severe),Vehicle/Pedestrian,Pedestrian,Crossing Not in Crosswalk,Dry,No Unusual Condition,Daylight,Intersection <= 20ft,0.0,1,1.0,Pedestrian,South,Not Stated,Driver,East,Proceeding Straight,POINT (-122.45311 37.723244),64.0,10.0,8.0,41.0,07
24467,vw_geo_sfpd_cr_switrs_all_types_col_cty_union.fid-c18a0c2_186644fdb18_157,53392,26507000.0,,200490627,37.7889946997,-122.42542298,SFPD-INTERIM DB,CITY STREET,08/15/2020 03:31:00 PM,2020 August 15,15:31:00,2020,August,Saturday,GOUGH ST,PINE ST,0.0,Clear,Injury (Severe),Vehicle/Pedestrian,Pedestrian,Crossing in Crosswalk at Intersection,Dry,No Unusual Condition,Daylight,Intersection <= 20ft,0.0,1,1.0,Driver,West,Making Left Turn,Pedestrian,East,Proceeding Straight,POINT (-122.42542 37.788994),100.0,4.0,6.0,39.0,15
24469,vw_geo_sfpd_cr_switrs_all_types_col_cty_union.fid-c18a0c2_186644fdb18_dd7,19287,26407000.0,,150685431,37.7688646291162,-122.448389685983,SFPD-CROSSROADS,CITY STREET,08/06/2015 10:00:00 PM,2015 August 06,22:00:00,2015,August,Thursday,CLAYTON ST,WALLER ST,0.0,Clear,Injury (Complaint of Pain),Vehicle/Pedestrian,Pedestrian,Crossing in Crosswalk at Intersection,Dry,No Unusual Condition,Dark - Street Lights,Intersection <= 20ft,0.0,1,1.0,Driver,North,Stopped In Road,Pedestrian,East,Proceeding Straight,POINT (-122.44839 37.768864),29.0,7.0,11.0,3.0,22
24477,vw_geo_sfpd_cr_switrs_all_types_col_cty_union.fid-c18a0c2_186644fdb18_-45b,29537,26589000.0,5545000.0,170013016,37.782968363426,-122.43264057566,SFPD-CROSSROADS,CITY STREET,01/05/2017 05:04:00 PM,2017 January 05,17:04:00,2017,January,Thursday,FILLMORE ST,OFARRELL ST,120.0,Cloudy,Injury (Other Visible),Sideswipe,Pedestrian,"In Road, Including Shoulder",Dry,No Unusual Condition,Dusk - Dawn,Midblock > 20ft,0.0,1,1.0,Pedestrian,South,Proceeding Straight,Driver,South,Proceeding Straight,POINT (-122.43264 37.782967),97.0,4.0,11.0,39.0,17
24482,vw_geo_sfpd_cr_switrs_all_types_col_cty_union.fid-c18a0c2_186644fdb18_-25e,52455,25959000.0,6269000.0,200144078,37.7801891065,-122.42704752,SFPD-INTERIM DB,CITY STREET,02/26/2020 10:20:00 AM,2020 February 26,10:20:00,2020,February,Wednesday,GOLDEN GATE AVE,LAGUNA ST,9.0,Clear,Injury (Complaint of Pain),Vehicle/Pedestrian,Pedestrian,Crossing in Crosswalk at Intersection,Dry,No Unusual Condition,Daylight,Intersection <= 20ft,0.0,1,1.0,Driver,East,Making Left Turn,Pedestrian,North,Proceeding Straight,POINT (-122.42705 37.78019),97.0,4.0,11.0,39.0,10
24487,vw_geo_sfpd_cr_switrs_all_types_col_cty_union.fid-c18a0c2_186644fdb18_-1ea,52434,24527000.0,7032000.0,200177063,37.7889443536,-122.395518176,SFPD-INTERIM DB,CITY STREET,03/10/2020 07:00:00 AM,2020 March 10,07:00:00,2020,March,Tuesday,HOWARD ST,FREMONT ST,150.0,Clear,Injury (Other Visible),Vehicle/Pedestrian,Pedestrian,Not in Road,Dry,No Unusual Condition,Daylight,Midblock > 20ft,0.0,1,,Bicyclist,East,Making Left Turn,Pedestrian,West,Proceeding Straight,POINT (-122.395515 37.788944),32.0,1.0,10.0,8.0,07
24532,vw_geo_sfpd_cr_switrs_all_types_col_cty_union.fid-c18a0c2_186644fdb18_408,29820,25152000.0,9733000.0,130612272,37.7851699286522,-122.417880067445,SFPD-CROSSROADS,CITY STREET,07/25/2013 12:10:00 PM,2013 July 25,12:10:00,2013,July,Thursday,OFARRELL ST,LARKIN ST,6.0,Clear,Injury (Complaint of Pain),Vehicle/Pedestrian,Pedestrian,Crossing in Crosswalk at Intersection,Dry,No Unusual Condition,Daylight,Intersection <= 20ft,0.0,1,1.0,Driver,East,Making Right Turn,Pedestrian,North,Proceeding Straight,POINT (-122.41788 37.78517),20.0,5.0,10.0,36.0,12
24538,vw_geo_sfpd_cr_switrs_all_types_col_cty_union.fid-c18a0c2_186644fdb18_-173,52790,24181000.0,729000.0,200227505,37.7649750213,-122.420932341,SFPD-INTERIM DB,CITY STREET,04/07/2020 08:34:00 PM,2020 April 07,20:34:00,2020,April,Tuesday,16TH ST,JULIAN AVE,9.0,Clear,Injury (Complaint of Pain),Vehicle/Pedestrian,Pedestrian,Crossing Not in Crosswalk,Dry,No Unusual Condition,Dark - Street Lights,Intersection <= 20ft,0.0,1,1.0,Driver,South,Proceeding Straight,Pedestrian,South,Entering Traffic,POINT (-122.42093 37.764977),53.0,3.0,2.0,20.0,20
24539,vw_geo_sfpd_cr_switrs_all_types_col_cty_union.fid-c18a0c2_186644fdb18_93b,54712,24358000.0,,210107618,37.7722221793,-122.418352033,SFPD-INTERIM DB,CITY STREET,02/17/2021 07:50:00 AM,2021 February 17,07:50:00,2021,February,Wednesday,12TH ST,SOUTH VAN NESS AVE,0.0,Clear,Injury (Complaint of Pain),Vehicle/Pedestrian,Pedestrian,Crossing in Crosswalk at Intersection,Dry,No Unusual Condition,Daylight,Intersection <= 20ft,0.0,2,1.0,Driver,South,Making Left Turn,Pedestrian,West,Proceeding Straight,POINT (-122.41835 37.77222),32.0,1.0,10.0,20.0,07
24541,vw_geo_sfpd_cr_switrs_all_types_col_cty_union.fid-c18a0c2_186644fdb18_132,53372,21379000.0,,200479671,37.712766597,-122.431927236,SFPD-INTERIM DB,CITY STREET,08/10/2020 05:45:00 PM,2020 August 10,17:45:00,2020,August,Monday,GENEVA AVE,PRAGUE ST,0.0,Cloudy,Injury (Complaint of Pain),Sideswipe,Pedestrian,Not in Road,Dry,No Unusual Condition,Daylight,Intersection <= 20ft,0.0,1,1.0,Driver,West,Proceeding Straight,Pedestrian,West,Proceeding Straight,POINT (-122.43193 37.712765),58.0,9.0,1.0,7.0,17
24543,vw_geo_sfpd_cr_switrs_all_types_col_cty_union.fid-c18a0c2_186644fdb18_d96,55687,20770000.0,,210487686,37.7324386578,-122.405607548,SFPD-INTERIM DB,CITY STREET,08/01/2021 07:34:00 PM,2021 August 01,19:34:00,2021,August,Sunday,SAN BRUNO AVE,SILVER AVE,0.0,Clear,Injury (Complaint of Pain),Vehicle/Pedestrian,Pedestrian,Crossing in Crosswalk at Intersection,Dry,No Unusual Condition,Dusk - Dawn,Intersection <= 20ft,0.0,1,1.0,Driver,North,Making Right Turn,Pedestrian,West,Proceeding Straight,POINT (-122.40561 37.732437),91.0,2.0,2.0,25.0,19
24549,vw_geo_sfpd_cr_switrs_all_types_col_cty_union.fid-c18a0c2_186644fdb18_bef,55182,26342000.0,,210321705,37.7702101753,-122.44534499,SFPD-INTERIM DB,CITY STREET,05/25/2021 11:15:00 AM,2021 May 25,11:15:00,2021,May,Tuesday,HAIGHT ST,MASONIC AVE,0.0,Clear,Injury (Other Visible),Vehicle/Pedestrian,Pedestrian,Crossing in Crosswalk at Intersection,Dry,No Unusual Condition,Daylight,Intersection <= 20ft,0.0,1,1.0,Driver,North,Making Left Turn,Pedestrian,West,Proceeding Straight,POINT (-122.44534 37.77021),25.0,7.0,11.0,3.0,11
24551,vw_geo_sfpd_cr_switrs_all_types_col_cty_union.fid-c18a0c2_186644fdb18_bcb,55207,21517000.0,,210310720,37.7160794277,-122.44456307,SFPD-INTERIM DB,CITY STREET,05/20/2021 01:00:00 PM,2021 May 20,13:00:00,2021,May,Thursday,ALEMANY BLVD,MOUNT VERNON AVE,0.0,Clear,Injury (Complaint of Pain),Vehicle/Pedestrian,Pedestrian,Crossing in Crosswalk at Intersection,Dry,No Unusual Condition,Daylight,Intersection <= 20ft,0.0,1,1.0,Driver,West,Proceeding Straight,Pedestrian,South,Proceeding Straight,POINT (-122.444565 37.71608),80.0,9.0,1.0,28.0,13
24555,vw_geo_sfpd_cr_switrs_all_types_col_cty_union.fid-c18a0c2_186644fdb18_f73,41302,27378000.0,8359201.0,180207061,37.7653654309,-122.479868742,SFPD-INTERIM DB,CITY STREET,03/19/2018 02:00:00 PM,2018 March 19,14:00:00,2018,March,Monday,LINCOLN WAY,21ST AVE,135.0,Clear,Injury (Other Visible),Vehicle/Pedestrian,Pedestrian,"In Road, Including Shoulder",Dry,No Unusual Condition,Daylight,Midblock > 20ft,0.0,1,,Pedestrian,West,Proceeding Straight,Driver,West,Proceeding Straight,POINT (-122.479866 37.765366),9.0,10.0,4.0,12.0,14
24564,vw_geo_sfpd_cr_switrs_all_types_col_cty_union.fid-c18a0c2_186644fdb18_-4c3,52084,24293000.0,9099000.0,200012760,37.7809944191,-122.40867925,SFPD-INTERIM DB,CITY STREET,01/06/2020 03:50:00 AM,2020 January 06,03:50:00,2020,January,Monday,MISSION ST,06TH ST,12.0,Clear,Injury (Severe),Vehicle/Pedestrian,Pedestrian,Crossing Not in Crosswalk,Dry,No Unusual Condition,Dark - Street Lights,Intersection <= 20ft,0.0,1,1.0,Pedestrian,North,Proceeding Straight,Driver,East,Proceeding Straight,POINT (-122.408676 37.780994),32.0,1.0,10.0,34.0,03
24565,vw_geo_sfpd_cr_switrs_all_types_col_cty_union.fid-c18a0c2_186644fdb18_92a,18312,30757000.0,,160974939,37.770747745383,-122.424852598441,SFPD-CROSSROADS,CITY STREET,11/30/2016 08:08:00 PM,2016 November 30,20:08:00,2016,November,Wednesday,MARKET ST,GUERRERO ST,0.0,Clear,Injury (Other Visible),Vehicle/Pedestrian,Pedestrian,Crossing in Crosswalk at Intersection,Dry,No Unusual Condition,Dusk - Dawn,Intersection <= 20ft,0.0,1,1.0,Driver,South,Making Left Turn,Pedestrian,West,Proceeding Straight,POINT (-122.42485 37.77075),27.0,1.0,5.0,20.0,20
24573,vw_geo_sfpd_cr_switrs_all_types_col_cty_union.fid-c18a0c2_186644fdb18_534,1747,21487000.0,2171101.0,150151379,37.716942351351,-122.443437333214,SFPD-CROSSROADS,CITY STREET,02/18/2015 05:36:00 PM,2015 February 18,17:36:00,2015,February,Wednesday,ALEMANY BLVD,NIAGARA AVE,13.0,Clear,Injury (Complaint of Pain),Vehicle/Pedestrian,Pedestrian,Crossing in Crosswalk at Intersection,Dry,No Unusual Condition,Daylight,Intersection <= 20ft,0.0,1,1.0,Driver,South,Making Right Turn,Pedestrian,East,Proceeding Straight,POINT (-122.443436 37.71694),80.0,9.0,1.0,28.0,17
24590,vw_geo_sfpd_cr_switrs_all_types_col_cty_union.fid-c18a0c2_186644fdb18_246,53593,23082000.000000004,1022000.0,200576352,37.7309993189,-122.475927676,SFPD-INTERIM DB,CITY STREET,09/24/2020 04:07:00 PM,2020 September 24,16:07:00,2020,September,Thursday,20TH AVE,WINSTON DR,321.0,Clear,Injury (Complaint of Pain),Vehicle/Pedestrian,Pedestrian,Crossing Not in Crosswalk,Dry,No Unusual Condition,Daylight,Midblock > 20ft,0.0,1,1.0,Pedestrian,East,Proceeding Straight,Driver,West,Making Left Turn,POINT (-122.47593 37.731),41.0,10.0,8.0,16.0,16
24604,vw_geo_sfpd_cr_switrs_all_types_col_cty_union.fid-c18a0c2_186644fdb18_-341,52161,33411000.0,,200080648,37.7268240495,-122.472056885,SFPD-INTERIM DB,CITY STREET,02/01/2020 03:59:00 PM,2020 February 01,15:59:00,2020,February,Saturday,WINSTON DR,JUNIPERO SERRA BLVD,0.0,Clear,Injury (Other Visible),Vehicle/Pedestrian,Pedestrian,Crossing in Crosswalk at Intersection,Dry,No Unusual Condition,Daylight,Intersection <= 20ft,0.0,1,1.0,Driver,South,Making Left Turn,Pedestrian,East,Proceeding Straight,POINT (-122.47205 37.726826),67.0,10.0,8.0,41.0,15
24617,vw_geo_sfpd_cr_switrs_all_types_col_cty_union.fid-c18a0c2_186644fdb18_-10f,52899,24934000.0,,200270154,37.7827944462,-122.414053764,SFPD-INTERIM DB,CITY STREET,05/01/2020 07:51:00 PM,2020 May 01,19:51:00,2020,May,Friday,TURK ST,LEAVENWORTH ST,0.0,Clear,Injury (Complaint of Pain),Vehicle/Pedestrian,Pedestrian,Crossing in Crosswalk at Intersection,Dry,No Unusual Condition,Daylight,Intersection <= 20ft,0.0,1,1.0,Driver,South,Backing,Pedestrian,West,Proceeding Straight,POINT (-122.414055 37.782795),20.0,5.0,10.0,36.0,19
24621,vw_geo_sfpd_cr_switrs_all_types_col_cty_union.fid-c18a0c2_186644fdb18_d63,18947,25895000.0,,150524077,37.7711736834307,-122.430260804997,SFPD-CROSSROADS,CITY STREET,06/15/2015 08:40:00 PM,2015 June 15,20:40:00,2015,June,Monday,FILLMORE ST,WALLER ST,0.0,Clear,Injury (Complaint of Pain),Broadside,Pedestrian,Crossing Not in Crosswalk,Dry,No Unusual Condition,Dusk - Dawn,Intersection <= 20ft,0.0,1,1.0,Pedestrian,South,Proceeding Straight,Driver,East,Proceeding Straight,POINT (-122.43026 37.771175),28.0,7.0,11.0,9.0,20
24631,vw_geo_sfpd_cr_switrs_all_types_col_cty_union.fid-c18a0c2_186644fdb18_-31d,52305,24209000.0,,200090976,37.7725264438,-122.410076847,SFPD-INTERIM DB,CITY STREET,02/05/2020 05:15:00 PM,2020 February 05,17:15:00,2020,February,Wednesday,HARRISON ST,09TH ST,0.0,Clear,Injury (Complaint of Pain),Vehicle/Pedestrian,Pedestrian,Crossing in Crosswalk at Intersection,Dry,No Unusual Condition,Dark - Street Lights,Intersection <= 20ft,0.0,1,1.0,Driver,North,Making Right Turn,Pedestrian,South,Proceeding Straight,POINT (-122.41008 37.772526),32.0,1.0,10.0,34.0,17
24654,vw_geo_sfpd_cr_switrs_all_types_col_cty_union.fid-c18a0c2_186644fdb18_-310,52209,26816000.0,3457000.0,200094536,37.785972532,-122.44168871,SFPD-INTERIM DB,CITY STREET,02/07/2020 10:08:00 AM,2020 February 07,10:08:00,2020,February,Friday,BUSH ST,BRODERICK ST,11.0,Clear,Injury (Complaint of Pain),Vehicle/Pedestrian,Pedestrian,Crossing in Crosswalk at Intersection,Dry,No Unusual Condition,Daylight,Intersection <= 20ft,0.0,1,1.0,Driver,East,Making Left Turn,Pedestrian,North,Not Stated,POINT (-122.44169 37.785973),103.0,8.0,6.0,30.0,10