,id,unique_id,cnn_intrsctn_fkey,cnn_sgmt_fkey,case_id_pkey,tb_latitude,tb_longitude,geocode_source,geocode_location,collision_datetime,collision_date,collision_time,accident_year,month,day_of_week,primary_rd,secondary_rd,distance,weather_1,collision_severity,type_of_collision,mviw,ped_action,road_surface,road_cond_1,lighting,intersection,number_killed,number_injured,party_at_fault,party1_type,party1_dir_of_travel,party1_move_pre_acc,party2_type,party2_dir_of_travel,party2_move_pre_acc,point,Neighborhoods,Current Police Districts,Current Supervisor Districts,Analysis Neighborhoods,hour
24663,vw_geo_sfpd_cr_switrs_all_types_col_cty_union.fid-c18a0c2_186644fdb18_b70,55168,27185000.0,7531000.0,210282464,37.7709662859,-122.456633894,SFPD-INTERIM DB,CITY STREET,05/08/2021 01:06:00 PM,2021 May 08,13:06:00,2021,May,Saturday,JOHN F KENNEDY DR,CONSERVATORY DR EAST,60.0,Clear,Injury (Other Visible),Vehicle/Pedestrian,Pedestrian,"In Road, Including Shoulder",Dry,No Unusual Condition,Daylight,Midblock > 20ft,0.0,2,1.0,Bicyclist,East,Proceeding Straight,Pedestrian,East,Proceeding Straight,POINT (-122.456635 37.770966),9.0,7.0,11.0,12.0,13
24676,vw_geo_sfpd_cr_switrs_all_types_col_cty_union.fid-c18a0c2_186644fdb18_-4fe,52055,24149000.000000004,,200007727,37.761835855,-122.419359268,SFPD-INTERIM DB,CITY STREET,01/03/2020 10:20:00 PM,2020 January 03,22:20:00,2020,January,Friday,MISSION ST,18TH ST,0.0,Clear,Injury (Other Visible),Vehicle/Pedestrian,Pedestrian,Crossing in Crosswalk at Intersection,Dry,No Unusual Condition,Dark - Street Lights,Intersection <= 20ft,0.0,1,1.0,Driver,East,Making Right Turn,Pedestrian,North,Proceeding Straight,POINT (-122.41936 37.761837),53.0,3.0,2.0,20.0,22
24689,vw_geo_sfpd_cr_switrs_all_types_col_cty_union.fid-c18a0c2_186644fdb18_87b,54519,24170000.0,726000.0,210056764,37.7650498795,-122.419693102,SFPD-INTERIM DB,CITY STREET,01/25/2021 07:08:00 PM,2021 January 25,19:08:00,2021,January,Monday,16TH ST,MISSION ST,7.0,Clear,Injury (Complaint of Pain),Vehicle/Pedestrian,Pedestrian,Crossing in Crosswalk at Intersection,Dry,No Unusual Condition,Dark - Street Lights,Intersection <= 20ft,0.0,1,1.0,Driver,East,Crossed Into Opposing Lane,Pedestrian,South,Proceeding Straight,POINT (-122.41969 37.76505),53.0,3.0,2.0,20.0,19
24693,vw_geo_sfpd_cr_switrs_all_types_col_cty_union.fid-c18a0c2_186644fdb18_-542,29108,25149000.0,5177000.0,140462857,37.7842379625952,-122.417689686783,SFPD-CROSSROADS,CITY STREET,06/03/2014 05:38:00 PM,2014 June 03,17:38:00,2014,June,Tuesday,ELLIS ST,LARKIN ST,5.0,Clear,Injury (Complaint of Pain),Broadside,Pedestrian,Crossing in Crosswalk at Intersection,Dry,No Unusual Condition,Daylight,Intersection <= 20ft,0.0,1,1.0,Pedestrian,South,Proceeding Straight,Driver,West,Proceeding Straight,POINT (-122.41769 37.784237),20.0,5.0,10.0,36.0,17
24696,vw_geo_sfpd_cr_switrs_all_types_col_cty_union.fid-c18a0c2_186644fdb18_d0,53289,25814000.0,,200445923,37.7626707078,-122.435187963,SFPD-INTERIM DB,CITY STREET,07/25/2020 09:32:00 PM,2020 July 25,21:32:00,2020,July,Saturday,CASTRO ST,MARKET ST,0.0,Clear,Injury (Complaint of Pain),Sideswipe,Pedestrian,Crossing in Crosswalk at Intersection,Dry,No Unusual Condition,Dark - Street Lights,Intersection <= 20ft,0.0,1,1.0,Pedestrian,West,Proceeding Straight,Driver,South,Proceeding Straight,POINT (-122.43519 37.762672),113.0,3.0,5.0,5.0,21
24705,vw_geo_sfpd_cr_switrs_all_types_col_cty_union.fid-c18a0c2_186644fdb18_9df,54782,25617000.0,,210161125,37.7534315911,-122.425302617,SFPD-INTERIM DB,CITY STREET,03/13/2021 02:30:00 PM,2021 March 13,14:30:00,2021,March,Saturday,DOLORES ST,23RD ST,0.0,Clear,Injury (Complaint of Pain),Head-On,Pedestrian,Crossing in Crosswalk at Intersection,Dry,No Unusual Condition,Daylight,Intersection <= 20ft,0.0,1,1.0,Driver,South,Making Left Turn,Pedestrian,East,Proceeding Straight,POINT (-122.4253 37.753433),52.0,3.0,5.0,20.0,14
24709,vw_geo_sfpd_cr_switrs_all_types_col_cty_union.fid-c18a0c2_186644fdb18_-66f,52342,23888000.0,,200178691,37.7773719956,-122.399762585,SFPD-INTERIM DB,CITY STREET,03/10/2020 06:22:00 PM,2020 March 10,18:22:00,2020,March,Tuesday,WELSH ST,05TH ST,0.0,Clear,Injury (Complaint of Pain),Vehicle/Pedestrian,Pedestrian,Not in Road,Dry,No Unusual Condition,Daylight,Intersection <= 20ft,0.0,1,,Driver,West,Proceeding Straight,Pedestrian,West,Other,POINT (-122.399765 37.77737),32.0,1.0,10.0,34.0,18
24720,vw_geo_sfpd_cr_switrs_all_types_col_cty_union.fid-c18a0c2_186644fdb18_-5eb,37272,23016000.0,,160054735,37.7216237681759,-122.472322354746,SFPD-CROSSROADS,CITY STREET,01/20/2016 06:45:00 AM,2016 January 20,06:45:00,2016,January,Wednesday,JUNIPERO SERRA BLVD,HOLLOWAY AVE,0.0,Cloudy,Injury (Complaint of Pain),Vehicle/Pedestrian,Pedestrian,Crossing in Crosswalk at Intersection,Wet,No Unusual Condition,Daylight,Intersection <= 20ft,0.0,1,1.0,Driver,North,Making Left Turn,Pedestrian,East,Proceeding Straight,POINT (-122.47232 37.721622),64.0,10.0,1.0,24.0,06
24723,vw_geo_sfpd_cr_switrs_all_types_col_cty_union.fid-c18a0c2_186644fdb18_-120,53151,24933000.0,12719000.0,200263797,37.7825893963,-122.415659703,SFPD-INTERIM DB,CITY STREET,04/27/2020 08:53:00 PM,2020 April 27,20:53:00,2020,April,Monday,TURK ST,HYDE ST,10.0,Clear,Injury (Complaint of Pain),Sideswipe,Pedestrian,Crossing in Crosswalk at Intersection,Dry,No Unusual Condition,Dark - Street Lights,Intersection <= 20ft,0.0,1,1.0,Driver,South,Proceeding Straight,Pedestrian,East,Not Stated,POINT (-122.41566 37.78259),20.0,5.0,10.0,36.0,20
24726,vw_geo_sfpd_cr_switrs_all_types_col_cty_union.fid-c18a0c2_186644fdb18_db4,56065,21398000.0,9403000.0,210501606,37.7161222802,-122.43150825,SFPD-INTERIM DB,CITY STREET,08/07/2021 04:06:00 PM,2021 August 07,16:06:00,2021,August,Saturday,MOSCOW ST,FRANCE AVE,200.0,Clear,Injury (Complaint of Pain),Vehicle/Pedestrian,Pedestrian,Crossing Not in Crosswalk,Dry,No Unusual Condition,Daylight,Midblock > 20ft,0.0,1,1.0,Driver,West,Backing,Pedestrian,South,Proceeding Straight,POINT (-122.43151 37.71612),90.0,9.0,1.0,7.0,16
24728,vw_geo_sfpd_cr_switrs_all_types_col_cty_union.fid-c18a0c2_186644fdb18_a8b,55054,26751000.0,,210207616,37.7998429527,-122.436046173,SFPD-INTERIM DB,CITY STREET,04/04/2021 01:39:00 AM,2021 April 04,01:39:00,2021,April,Sunday,LOMBARD ST,FILLMORE ST,0.0,Cloudy,Injury (Other Visible),Vehicle/Pedestrian,Pedestrian,Crossing Not in Crosswalk,Dry,No Unusual Condition,Dark - Street Lights,Intersection <= 20ft,0.0,1,1.0,Driver,West,Proceeding Straight,Pedestrian,North,Proceeding Straight,POINT (-122.43604 37.799843),17.0,4.0,6.0,13.0,01
24733,vw_geo_sfpd_cr_switrs_all_types_col_cty_union.fid-c18a0c2_186644fdb18_6,53057,24119000.0,1112000.0,200369044,37.7569051209,-122.421065823,SFPD-INTERIM DB,CITY STREET,06/19/2020 09:35:00 AM,2020 June 19,09:35:00,2020,June,Friday,21ST ST,VALENCIA ST,15.0,Clear,Injury (Complaint of Pain),Sideswipe,Pedestrian,"In Road, Including Shoulder",Dry,No Unusual Condition,Daylight,Intersection <= 20ft,0.0,1,1.0,Driver,North,Proceeding Straight,Pedestrian,West,Stopped,POINT (-122.42107 37.756905),53.0,3.0,2.0,20.0,09
24737,vw_geo_sfpd_cr_switrs_all_types_col_cty_union.fid-c18a0c2_186644fdb18_2ab,53876,25148000.0,,200605600,37.7833108899,-122.417528773,SFPD-INTERIM DB,CITY STREET,10/08/2020 12:48:00 AM,2020 October 08,00:48:00,2020,October,Thursday,EDDY ST,LARKIN ST,0.0,Clear,Injury (Complaint of Pain),Vehicle/Pedestrian,Pedestrian,Crossing Not in Crosswalk,Dry,No Unusual Condition,Dark - Street Lights,Intersection <= 20ft,0.0,1,1.0,Pedestrian,South,Proceeding Straight,Driver,West,Not Stated,POINT (-122.41753 37.78331),20.0,5.0,10.0,36.0,00
24756,vw_geo_sfpd_cr_switrs_all_types_col_cty_union.fid-c18a0c2_186644fdb18_-34c,52683,23946000.0,,200077441,37.7797389058,-122.407159488,SFPD-INTERIM DB,CITY STREET,01/31/2020 12:15:00 PM,2020 January 31,12:15:00,2020,January,Friday,06TH ST,HOWARD ST,0.0,Clear,Injury (Other Visible),Vehicle/Pedestrian,Pedestrian,Crossing in Crosswalk at Intersection,Dry,No Unusual Condition,Daylight,Intersection <= 20ft,0.0,1,1.0,Driver,North,Making Right Turn,Pedestrian,East,Other,POINT (-122.40716 37.77974),32.0,1.0,10.0,34.0,12
24765,vw_geo_sfpd_cr_switrs_all_types_col_cty_union.fid-c18a0c2_186644fdb18_d7e,56348,25972000.0,,210481484,37.780715573,-122.430424414,SFPD-INTERIM DB,CITY STREET,07/29/2021 11:35:00 PM,2021 July 29,23:35:00,2021,July,Thursday,TURK ST,WEBSTER ST,0.0,Clear,Injury (Other Visible),Vehicle/Pedestrian,Pedestrian,Crossing Not in Crosswalk,Dry,No Unusual Condition,Dark - Street Lights,Midblock > 20ft,0.0,1,2.0,Driver,West,Proceeding Straight,Pedestrian,South,Proceeding Straight,POINT (-122.43043 37.780716),97.0,4.0,11.0,39.0,23
24780,vw_geo_sfpd_cr_switrs_all_types_col_cty_union.fid-c18a0c2_186644fdb18_-5a,53762,26699000.0,,200336491,37.8010954554,-122.426180043,SFPD-INTERIM DB,CITY STREET,06/03/2020 12:31:00 PM,2020 June 03,12:31:00,2020,June,Wednesday,FRANKLIN ST,LOMBARD ST,0.0,Clear,Injury (Complaint of Pain),Vehicle/Pedestrian,Pedestrian,Crossing in Crosswalk at Intersection,Dry,No Unusual Condition,Daylight,Intersection <= 20ft,0.0,1,,Driver,West,Proceeding Straight,Pedestrian,South,Entering Traffic,POINT (-122.42618 37.801094),15.0,4.0,6.0,13.0,12
24791,vw_geo_sfpd_cr_switrs_all_types_col_cty_union.fid-c18a0c2_186644fdb18_-253,52762,27289000.0,,200146535,37.7808797148,-122.467487652,SFPD-INTERIM DB,CITY STREET,02/27/2020 08:25:00 AM,2020 February 27,08:25:00,2020,February,Thursday,GEARY BLVD,09TH AVE,0.0,Clear,Injury (Severe),Vehicle/Pedestrian,Pedestrian,Crossing in Crosswalk at Intersection,Dry,No Unusual Condition,Daylight,Intersection <= 20ft,0.0,1,1.0,Driver,East,Making Left Turn,Pedestrian,North,Proceeding Straight,POINT (-122.46749 37.78088),5.0,8.0,4.0,11.0,08
24797,vw_geo_sfpd_cr_switrs_all_types_col_cty_union.fid-c18a0c2_186644fdb18_e68,41083,27375000.0,,130856652,37.7635147583187,-122.478190825715,SFPD-CROSSROADS,CITY STREET,10/10/2013 07:24:00 AM,2013 October 10,07:24:00,2013,October,Thursday,IRVING ST,20TH AVE,0.0,Cloudy,Injury (Complaint of Pain),Vehicle/Pedestrian,Pedestrian,Crossing in Crosswalk at Intersection,Dry,No Unusual Condition,Daylight,Intersection <= 20ft,0.0,1,1.0,Driver,East,Making Left Turn,Pedestrian,North,Proceeding Straight,POINT (-122.47819 37.763515),39.0,10.0,7.0,35.0,07
24801,vw_geo_sfpd_cr_switrs_all_types_col_cty_union.fid-c18a0c2_186644fdb18_-16b,52794,20651000.0,11374000.0,200230633,37.7309314953,-122.404959741,SFPD-INTERIM DB,CITY STREET,04/09/2020 03:02:00 PM,2020 April 09,15:02:00,2020,April,Thursday,SAN BRUNO AVE,SILLIMAN ST,117.0,Clear,Injury (Other Visible),Vehicle/Pedestrian,Pedestrian,Crossing Not in Crosswalk,Dry,No Unusual Condition,Daylight,Midblock > 20ft,0.0,1,1.0,Pedestrian,West,Other,Driver,North,Backing,POINT (-122.40496 37.73093),91.0,2.0,2.0,25.0,15
24808,vw_geo_sfpd_cr_switrs_all_types_col_cty_union.fid-c18a0c2_186644fdb18_f5f,57094,21338000.0,9132000.0,210656262,37.745401286647,-122.420011187698,SFPD-INTERIM DB,CITY STREET,10/08/2021 11:02:00 AM,2021 October 08,11:02:00,2021,October,Friday,MISSION ST,VALENCIA ST,5.0,Clear,Injury (Complaint of Pain),Vehicle/Pedestrian,Pedestrian,Crossing in Crosswalk at Intersection,Dry,No Unusual Condition,Daylight,Intersection <= 20ft,0.0,1,1.0,Driver,North,Making Left Turn,Pedestrian,East,Proceeding Straight,POINT (-122.42001 37.7454),83.0,9.0,2.0,2.0,11
24814,vw_geo_sfpd_cr_switrs_all_types_col_cty_union.fid-c18a0c2_186644fdb18_e10,19385,26434000.000000004,,150035820,37.7691652247851,-122.453536875356,SFPD-CROSSROADS,CITY STREET,01/11/2015 08:00:00 PM,2015 January 11,20:00:00,2015,January,Sunday,STANYAN ST,HAIGHT ST,0.0,Clear,Injury (Complaint of Pain),Vehicle/Pedestrian,Pedestrian,Crossing in Crosswalk at Intersection,Dry,No Unusual Condition,Dark - Street Lights,Intersection <= 20ft,0.0,1,1.0,Driver,North,Stopped In Road,Pedestrian,East,Proceeding Straight,POINT (-122.45354 37.769165),9.0,7.0,11.0,12.0,20
24828,vw_geo_sfpd_cr_switrs_all_types_col_cty_union.fid-c18a0c2_186644fdb18_-b2,52929,24570000.0,,200304824,37.7992344827,-122.397669949,SFPD-INTERIM DB,CITY STREET,05/19/2020 01:45:00 PM,2020 May 19,13:45:00,2020,May,Tuesday,THE EMBARCADERO,BROADWAY,0.0,Clear,Injury (Complaint of Pain),Vehicle/Pedestrian,Pedestrian,"In Road, Including Shoulder",Dry,No Unusual Condition,Daylight,Intersection <= 20ft,0.0,1,1.0,Driver,South,Proceeding Straight,Pedestrian,South,Making Right Turn,POINT (-122.39767 37.799236),77.0,6.0,3.0,8.0,13
24836,vw_geo_sfpd_cr_switrs_all_types_col_cty_union.fid-c18a0c2_186644fdb18_-45f,29525,26585000.0,13536101.0,130901301,37.7825427404493,-122.4308112002,SFPD-CROSSROADS,CITY STREET,10/24/2013 07:05:00 AM,2013 October 24,07:05:00,2013,October,Thursday,WEBSTER ST,ELLIS ST,12.0,Clear,Injury (Other Visible),Vehicle/Pedestrian,Pedestrian,Crossing in Crosswalk at Intersection,Dry,No Unusual Condition,Daylight,Intersection <= 20ft,0.0,1,1.0,Driver,South,Proceeding Straight,Pedestrian,East,Not Stated,POINT (-122.43081 37.782543),97.0,4.0,11.0,39.0,07
24842,vw_geo_sfpd_cr_switrs_all_types_col_cty_union.fid-c18a0c2_186644fdb18_2b1,53882,30745000.0,,200608159,37.7774938437,-122.416291701,SFPD-INTERIM DB,CITY STREET,10/08/2020 11:06:00 PM,2020 October 08,23:06:00,2020,October,Thursday,MARKET ST,09TH ST,0.0,Clear,Injury (Other Visible),Vehicle/Pedestrian,Pedestrian,Crossing Not in Crosswalk,Dry,No Unusual Condition,Dark - Street Lights,Intersection <= 20ft,0.0,1,1.0,Pedestrian,East,Not Stated,Driver,West,Slowing/Stopping,POINT (-122.41629 37.777493),32.0,5.0,10.0,34.0,23
24848,vw_geo_sfpd_cr_switrs_all_types_col_cty_union.fid-c18a0c2_186644fdb18_890,2799,20578000.0,10312000.0,151008385,37.7239162060696,-122.402045050929,SFPD-CROSSROADS,CITY STREET,11/19/2015 04:23:00 PM,2015 November 19,16:23:00,2015,November,Thursday,PAUL AVE,SAN BRUNO AVE,5.0,Clear,Injury (Other Visible),Vehicle/Pedestrian,Pedestrian,Crossing in Crosswalk at Intersection,Dry,Flooded,Daylight,Intersection <= 20ft,0.0,1,1.0,Driver,East,Making Left Turn,Pedestrian,South,Not Stated,POINT (-122.40205 37.723915),91.0,2.0,2.0,25.0,16
24858,vw_geo_sfpd_cr_switrs_all_types_col_cty_union.fid-c18a0c2_186644fdb18_-29,53032,25147000.0,,200352641,37.7823789436,-122.41733888,SFPD-INTERIM DB,CITY STREET,06/11/2020 01:58:00 PM,2020 June 11,13:58:00,2020,June,Thursday,TURK ST,LARKIN ST,0.0,Clear,Injury (Severe),Vehicle/Pedestrian,Pedestrian,Crossing in Crosswalk at Intersection,Dry,No Unusual Condition,Daylight,Intersection <= 20ft,0.0,1,1.0,Driver,West,Ran Off Road,Pedestrian,North,Proceeding Straight,POINT (-122.417336 37.78238),20.0,5.0,10.0,36.0,13
24859,vw_geo_sfpd_cr_switrs_all_types_col_cty_union.fid-c18a0c2_186644fdb18_d83,3040,20970000.0,11909000.0,140489152,37.728996692424,-122.415924399897,SFPD-CROSSROADS,CITY STREET,06/12/2014 07:22:00 PM,2014 June 12,19:22:00,2014,June,Thursday,SILVER AVE,PRINCETON ST,78.0,Clear,Injury (Complaint of Pain),Vehicle/Pedestrian,Pedestrian,Not in Road,Dry,No Unusual Condition,Daylight,Midblock > 20ft,0.0,1,1.0,Driver,East,Proceeding Straight,Pedestrian,East,Other,POINT (-122.415924 37.728996),92.0,2.0,2.0,7.0,19
24860,vw_geo_sfpd_cr_switrs_all_types_col_cty_union.fid-c18a0c2_186644fdb18_-615,28655,25049000.0,10688000.0,130290395,37.7952372885864,-122.409822384016,SFPD-CROSSROADS,CITY STREET,04/09/2013 02:10:00 PM,2013 April 09,14:10:00,2013,April,Tuesday,POWELL ST,JACKSON ST,140.0,Clear,Injury (Other Visible),Vehicle/Pedestrian,Pedestrian,Crossing Not in Crosswalk,Dry,No Unusual Condition,Daylight,Midblock > 20ft,0.0,1,1.0,Pedestrian,East,Other,Driver,South,Proceeding Straight,POINT (-122.40982 37.79524),104.0,6.0,3.0,6.0,14
24869,vw_geo_sfpd_cr_switrs_all_types_col_cty_union.fid-c18a0c2_186644fdb18_-2fd,52258,22556000.0,,200099241,37.7171738689,-122.472572455,SFPD-INTERIM DB,CITY STREET,02/09/2020 03:15:00 AM,2020 February 09,03:15:00,2020,February,Sunday,19TH AVE,JUNIPERO SERRA BLVD,0.0,Clear,Injury (Severe),Vehicle/Pedestrian,Pedestrian,Crossing Not in Crosswalk,Dry,No Unusual Condition,Dark - Street Lights,Intersection <= 20ft,0.0,1,1.0,Pedestrian,West,Not Stated,Driver,South,Making Right Turn,POINT (-122.47257 37.717175),65.0,10.0,1.0,24.0,03
24880,vw_geo_sfpd_cr_switrs_all_types_col_cty_union.fid-c18a0c2_186644fdb18_-32c,52185,26044000.0,5072000.0,200086919,37.781404408,-122.432516985,SFPD-INTERIM DB,CITY STREET,02/04/2020 09:30:00 AM,2020 February 04,09:30:00,2020,February,Tuesday,EDDY ST,FILLMORE ST,55.0,Clear,Injury (Complaint of Pain),Vehicle/Pedestrian,Pedestrian,"In Road, Including Shoulder",Dry,No Unusual Condition,Daylight,Midblock > 20ft,0.0,1,2.0,Driver,East,Proceeding Straight,Pedestrian,North,Proceeding Straight,POINT (-122.43252 37.781403),97.0,4.0,11.0,39.0,09
24902,vw_geo_sfpd_cr_switrs_all_types_col_cty_union.fid-c18a0c2_186644fdb18_-4a3,52075,27558000.0,6084101.0,200013893,37.7799398131,-122.487931259,SFPD-INTERIM DB,CITY STREET,01/06/2020 02:01:00 PM,2020 January 06,14:01:00,2020,January,Monday,GEARY BLVD,28TH AVE,5.0,Clear,Injury (Complaint of Pain),Head-On,Pedestrian,Crossing in Crosswalk at Intersection,Dry,No Unusual Condition,Daylight,Intersection <= 20ft,0.0,2,1.0,Driver,East,Proceeding Straight,Pedestrian,South,Not Stated,POINT (-122.48793 37.77994),8.0,8.0,4.0,29.0,14
24903,vw_geo_sfpd_cr_switrs_all_types_col_cty_union.fid-c18a0c2_186644fdb18_de1,56061,25292000.0,,210519370,37.7962754688,-122.418457663,SFPD-INTERIM DB,CITY STREET,08/14/2021 09:45:00 PM,2021 August 14,21:45:00,2021,August,Saturday,HYDE ST,BROADWAY,0.0,Clear,Injury (Complaint of Pain),Vehicle/Pedestrian,Pedestrian,Crossing in Crosswalk at Intersection,Dry,No Unusual Condition,Dark - Street Lights,Intersection <= 20ft,0.0,1,1.0,Driver,South,Proceeding Straight,Pedestrian,West,Proceeding Straight,POINT (-122.41846 37.796276),16.0,6.0,3.0,32.0,21
24909,vw_geo_sfpd_cr_switrs_all_types_col_cty_union.fid-c18a0c2_186644fdb18_-20a,52419,26696000.0,,200164781,37.8013037191,-122.424538325,SFPD-INTERIM DB,CITY STREET,03/05/2020 08:08:00 AM,2020 March 05,08:08:00,2020,March,Thursday,VAN NESS AVE,LOMBARD ST,0.0,Clear,Injury (Complaint of Pain),Vehicle/Pedestrian,Pedestrian,Crossing in Crosswalk at Intersection,Dry,No Unusual Condition,Daylight,Intersection <= 20ft,0.0,1,,Driver,North,Making Left Turn,Pedestrian,East,Proceeding Straight,POINT (-122.42454 37.801304),17.0,4.0,6.0,13.0,08
24921,vw_geo_sfpd_cr_switrs_all_types_col_cty_union.fid-c18a0c2_186644fdb18_-17f,52780,27485000.0,4164000.0,200222828,37.7825526074,-122.47301902,SFPD-INTERIM DB,CITY STREET,04/04/2020 01:16:00 PM,2020 April 04,13:16:00,2020,April,Saturday,CLEMENT ST,14TH AVE,10.0,Cloudy,Injury (Other Visible),Vehicle/Pedestrian,Pedestrian,Crossing in Crosswalk at Intersection,Wet,No Unusual Condition,Daylight,Intersection <= 20ft,0.0,1,1.0,Pedestrian,North,Not Stated,Driver,East,Proceeding Straight,POINT (-122.47302 37.78255),5.0,8.0,4.0,29.0,13
24924,vw_geo_sfpd_cr_switrs_all_types_col_cty_union.fid-c18a0c2_186644fdb18_-1f3,52429,24302000.0,407000.0,200172295,37.7767484578,-122.412267752,SFPD-INTERIM DB,CITY STREET,03/08/2020 09:26:00 AM,2020 March 08,09:26:00,2020,March,Sunday,08TH ST,NATOMA ST,45.0,Clear,Injury (Other Visible),Vehicle/Pedestrian,Pedestrian,Crossing in Crosswalk at Intersection,Dry,No Unusual Condition,Daylight,Midblock > 20ft,0.0,1,,Driver,South,Backing,Pedestrian,East,Other,POINT (-122.41227 37.77675),32.0,1.0,10.0,34.0,09
24926,vw_geo_sfpd_cr_switrs_all_types_col_cty_union.fid-c18a0c2_186644fdb18_dac,19086,25900000.0,,141063866,37.7741814226215,-122.429178343165,SFPD-CROSSROADS,CITY STREET,12/18/2014 08:30:00 PM,2014 December 18,20:30:00,2014,December,Thursday,OAK ST,WEBSTER ST,0.0,Clear,Injury (Complaint of Pain),Vehicle/Pedestrian,Pedestrian,Crossing in Crosswalk at Intersection,Dry,No Unusual Condition,Dark - Street Lights,Intersection <= 20ft,0.0,1,,Driver,East,Making Left Turn,Pedestrian,South,Proceeding Straight,POINT (-122.42918 37.77418),26.0,4.0,11.0,9.0,20
24979,vw_geo_sfpd_cr_switrs_all_types_col_cty_union.fid-c18a0c2_186644fdb18_876,18164,25986000.000000004,,140139028,37.7693209121987,-122.43135662388,SFPD-CROSSROADS,CITY STREET,02/16/2014 04:05:00 PM,2014 February 16,16:05:00,2014,February,Sunday,DUBOCE AVE,SANCHEZ ST,0.0,Clear,Injury (Complaint of Pain),Vehicle/Pedestrian,Pedestrian,Crossing Not in Crosswalk,Dry,No Unusual Condition,Daylight,Intersection <= 20ft,0.0,1,1.0,Pedestrian,East,Proceeding Straight,Driver,South,Proceeding Straight,POINT (-122.43136 37.76932),28.0,7.0,5.0,5.0,16
25000,vw_geo_sfpd_cr_switrs_all_types_col_cty_union.fid-c18a0c2_186644fdb18_-644,28550,24995000.0,12204000.0,160996240,37.7939371110994,-122.407878704271,SFPD-CROSSROADS,CITY STREET,12/08/2016 12:45:00 PM,2016 December 08,12:45:00,2016,December,Thursday,STOCKTON ST,CLAY ST,45.0,Cloudy,Injury (Complaint of Pain),Vehicle/Pedestrian,Pedestrian,Crossing Not in Crosswalk,Wet,No Unusual Condition,Daylight,Midblock > 20ft,0.0,1,1.0,Pedestrian,East,Other,Bicyclist,South,Proceeding Straight,POINT (-122.407875 37.793938),104.0,6.0,3.0,6.0,12
25001,vw_geo_sfpd_cr_switrs_all_types_col_cty_union.fid-c18a0c2_186644fdb18_a12,54994,20651000.0,,210175295,37.7312369256,-122.405085875,SFPD-INTERIM DB,CITY STREET,03/19/2021 10:10:00 PM,2021 March 19,22:10:00,2021,March,Friday,SAN BRUNO AVE,SILLIMAN ST,0.0,Clear,Injury (Other Visible),Vehicle/Pedestrian,Pedestrian,Crossing in Crosswalk at Intersection,Dry,No Unusual Condition,Dark - Street Lights,Intersection <= 20ft,0.0,1,1.0,Pedestrian,North,Proceeding Straight,Driver,East,Making Left Turn,POINT (-122.40508 37.731236),91.0,2.0,2.0,25.0,22
25022,vw_geo_sfpd_cr_switrs_all_types_col_cty_union.fid-c18a0c2_186644fdb18_378,54082,25153000.0,,200658518,37.785582475,-122.414617208,SFPD-INTERIM DB,CITY STREET,11/01/2020 02:11:00 AM,2020 November 01,02:11:00,2020,November,Sunday,LEAVENWORTH ST,OFARRELL ST,0.0,Clear,Injury (Complaint of Pain),Vehicle/Pedestrian,Pedestrian,Crossing in Crosswalk at Intersection,Dry,No Unusual Condition,Daylight,Intersection <= 20ft,0.0,1,1.0,Driver,North,Making Left Turn,Pedestrian,West,Other,POINT (-122.41462 37.785583),20.0,5.0,10.0,36.0,02
25039,vw_geo_sfpd_cr_switrs_all_types_col_cty_union.fid-c18a0c2_186644fdb18_940,1122,21552000.0,,150947762,37.7088063372727,-122.45266472081,SFPD-CROSSROADS,CITY STREET,10/30/2015 06:40:00 AM,2015 October 30,06:40:00,2015,October,Friday,MISSION ST,SICKLES AVE,0.0,Clear,Injury (Complaint of Pain),Vehicle/Pedestrian,Pedestrian,Crossing in Crosswalk at Intersection,Dry,No Unusual Condition,Dark - No Street Lights,Intersection <= 20ft,0.0,1,1.0,Driver,South,Making Right Turn,Pedestrian,East,Proceeding Straight,POINT (-122.45267 37.708805),66.0,9.0,1.0,28.0,06
25043,vw_geo_sfpd_cr_switrs_all_types_col_cty_union.fid-c18a0c2_186644fdb18_974,40227,27679000.0,1712000.0,160214280,37.7537184987878,-122.490407190636,SFPD-CROSSROADS,CITY STREET,03/14/2016 09:52:00 AM,2016 March 14,09:52:00,2016,March,Monday,32ND AVE,NORIEGA ST,33.0,Clear,Injury (Complaint of Pain),Vehicle/Pedestrian,Pedestrian,Crossing Not in Crosswalk,Dry,No Unusual Condition,Daylight,Midblock > 20ft,0.0,1,1.0,Pedestrian,East,Not Stated,Driver,North,Backing,POINT (-122.49041 37.75372),39.0,10.0,7.0,35.0,09
25048,vw_geo_sfpd_cr_switrs_all_types_col_cty_union.fid-c18a0c2_186644fdb18_6cf,16931,24293000.0,,150863734,37.780971183063,-122.408708673534,SFPD-CROSSROADS,CITY STREET,10/02/2015 03:55:00 PM,2015 October 02,15:55:00,2015,October,Friday,MISSION ST,06TH ST,0.0,Clear,Injury (Complaint of Pain),Vehicle/Pedestrian,Pedestrian,Crossing in Crosswalk at Intersection,Dry,No Unusual Condition,Daylight,Intersection <= 20ft,0.0,1,,Driver,West,Other Unsafe Turning,Pedestrian,East,Entering Traffic,POINT (-122.40871 37.78097),32.0,1.0,10.0,34.0,15