,id,unique_id,cnn_intrsctn_fkey,cnn_sgmt_fkey,case_id_pkey,tb_latitude,tb_longitude,geocode_source,geocode_location,collision_datetime,collision_date,collision_time,accident_year,month,day_of_week,primary_rd,secondary_rd,distance,weather_1,collision_severity,type_of_collision,mviw,ped_action,road_surface,road_cond_1,lighting,intersection,number_killed,number_injured,party_at_fault,party1_type,party1_dir_of_travel,party1_move_pre_acc,party2_type,party2_dir_of_travel,party2_move_pre_acc,point,Neighborhoods,Current Police Districts,Current Supervisor Districts,Analysis Neighborhoods,hour
28913,vw_geo_sfpd_cr_switrs_all_types_col_cty_union.fid-c18a0c2_186644fdb18_28f8,25094,24936000.0,,130315921,37.7848662451966,-122.412782128208,SFPD-CROSSROADS,CITY STREET,04/18/2013 09:05:00 AM,2013 April 18,09:05:00,2013,April,Thursday,ELLIS ST,JONES ST,0.0,Clear,Injury (Other Visible),Vehicle/Pedestrian,Pedestrian,Crossing in Crosswalk at Intersection,Dry,No Unusual Condition,Daylight,Intersection <= 20ft,0.0,1,1.0,Pedestrian,West,Other,Driver,South,Slowing/Stopping,POINT (-122.41278 37.784866),20.0,5.0,10.0,36.0,09
28942,vw_geo_sfpd_cr_switrs_all_types_col_cty_union.fid-c18a0c2_186644fdb18_2465,15470,24272000.0,5677000.0,150879195,37.7750030591349,-122.410048508179,SFPD-CROSSROADS,CITY STREET,10/07/2015 07:03:00 PM,2015 October 07,19:03:00,2015,October,Wednesday,FOLSOM ST,08TH ST,6.0,Clear,Injury (Complaint of Pain),Vehicle/Pedestrian,Pedestrian,Crossing in Crosswalk at Intersection,Dry,No Unusual Condition,Dark - Street Lights,Intersection <= 20ft,0.0,1,1.0,Driver,East,Making Left Turn,Pedestrian,North,Not Stated,POINT (-122.41005 37.775),32.0,1.0,10.0,34.0,19
28972,vw_geo_sfpd_cr_switrs_all_types_col_cty_union.fid-c18a0c2_186644fdb18_281a,44387,27850000.0,1766000.0,141044349,37.7758786496136,-122.495179610058,SFPD-CROSSROADS,CITY STREET,12/12/2014 09:41:00 AM,2014 December 12,09:41:00,2014,December,Friday,BALBOA ST,36TH AVE,24.0,Raining,Injury (Complaint of Pain),Vehicle/Pedestrian,Pedestrian,Crossing Not in Crosswalk,Wet,No Unusual Condition,Daylight,Midblock > 20ft,0.0,1,1.0,Pedestrian,North,Not Stated,Driver,East,Proceeding Straight,POINT (-122.49518 37.77588),8.0,8.0,4.0,29.0,09
28992,vw_geo_sfpd_cr_switrs_all_types_col_cty_union.fid-c18a0c2_186644fdb18_1ebd,41727,27789000.0,,170230602,37.7625693981341,-122.499627454494,SFPD-CROSSROADS,CITY STREET,03/20/2017 08:45:00 PM,2017 March 20,20:45:00,2017,March,Monday,IRVING ST,40TH AVE,0.0,Raining,Injury (Other Visible),Vehicle/Pedestrian,Pedestrian,Not in Road,Wet,No Unusual Condition,Dark - Street Lights,Intersection <= 20ft,0.0,1,1.0,Driver,East,Proceeding Straight,Pedestrian,East,Proceeding Straight,POINT (-122.499626 37.76257),39.0,10.0,7.0,35.0,20
29701,vw_geo_sfpd_cr_switrs_all_types_col_cty_union.fid-c18a0c2_186644fdb18_1848,29546,26589000.0,,150982027,37.7832925918679,-122.432706179999,SFPD-CROSSROADS,CITY STREET,11/10/2015 07:30:00 PM,2015 November 10,19:30:00,2015,November,Tuesday,FILLMORE ST,OFARRELL ST,0.0,Clear,Injury (Complaint of Pain),Vehicle/Pedestrian,Pedestrian,Crossing in Crosswalk at Intersection,Dry,No Unusual Condition,Dark - Street Lights,Intersection <= 20ft,0.0,1,1.0,Driver,North,Proceeding Straight,Pedestrian,East,Other,POINT (-122.43271 37.78329),97.0,4.0,11.0,39.0,19
29865,vw_geo_sfpd_cr_switrs_all_types_col_cty_union.fid-c18a0c2_186644fdb18_23ef,14218,24246000.0,454000.0,150577474,37.7737544588187,-122.411591750798,SFPD-CROSSROADS,CITY STREET,07/02/2015 07:44:00 PM,2015 July 02,19:44:00,2015,July,Thursday,09TH ST,FOLSOM ST,7.0,Clear,Injury (Severe),Vehicle/Pedestrian,Pedestrian,Crossing in Crosswalk at Intersection,Dry,No Unusual Condition,Dusk - Dawn,Intersection <= 20ft,0.0,4,1.0,Driver,North,Proceeding Straight,Pedestrian,West,Not Stated,POINT (-122.41159 37.773754),32.0,1.0,10.0,34.0,19
30119,vw_geo_sfpd_cr_switrs_all_types_col_cty_union.fid-c18a0c2_186644fdb18_1465,42945,26486000.0,,170433997,37.7775992787017,-122.455216941431,SFPD-CROSSROADS,CITY STREET,05/27/2017 03:09:00 AM,2017 May 27,03:09:00,2017,May,Saturday,STANYAN BLVD,TURK BLVD,0.0,Clear,Injury (Severe),Vehicle/Pedestrian,Pedestrian,Crossing in Crosswalk at Intersection,Dry,No Unusual Condition,Dark - Street Lights,Intersection <= 20ft,0.0,1,1.0,Driver,West,Making Left Turn,Pedestrian,West,Proceeding Straight,POINT (-122.455215 37.7776),12.0,7.0,4.0,18.0,03
30347,vw_geo_sfpd_cr_switrs_all_types_col_cty_union.fid-c18a0c2_186644fdb18_17d7,27881,25090000.0,,180039676,37.7904631146,-122.413915879,SFPD-INTERIM DB,CITY STREET,01/15/2018 06:42:00 PM,2018 January 15,18:42:00,2018,January,Monday,PINE ST,JONES ST,0.0,Clear,Injury (Complaint of Pain),Vehicle/Pedestrian,Pedestrian,Crossing in Crosswalk at Intersection,Dry,No Unusual Condition,Dark - Street Lights,Intersection <= 20ft,0.0,1,1.0,Driver,West,Making Left Turn,Pedestrian,West,Not Stated,POINT (-122.41392 37.790462),50.0,6.0,3.0,21.0,18
30432,vw_geo_sfpd_cr_switrs_all_types_col_cty_union.fid-c18a0c2_186644fdb18_211b,1703,21486000.0,,150032973,37.7164595455178,-122.441019562439,SFPD-CROSSROADS,CITY STREET,01/11/2015 07:55:00 PM,2015 January 11,19:55:00,2015,January,Sunday,GENEVA AVE,MISSION ST,0.0,Clear,Injury (Complaint of Pain),Vehicle/Pedestrian,Pedestrian,Crossing in Crosswalk at Intersection,Dry,No Unusual Condition,Dark - Street Lights,Intersection <= 20ft,0.0,1,1.0,Driver,East,Making Right Turn,Pedestrian,North,Proceeding Straight,POINT (-122.44102 37.71646),80.0,9.0,1.0,28.0,19
30525,vw_geo_sfpd_cr_switrs_all_types_col_cty_union.fid-c18a0c2_186644fdb18_253b,43410,27283000.0,,140576771,37.7789457969518,-122.467354010065,SFPD-CROSSROADS,CITY STREET,07/11/2014 06:40:00 PM,2014 July 11,18:40:00,2014,July,Friday,ANZA ST,09TH AVE,0.0,Clear,Injury (Other Visible),Vehicle/Pedestrian,Pedestrian,Crossing in Crosswalk at Intersection,Dry,No Unusual Condition,Daylight,Intersection <= 20ft,0.0,1,1.0,Driver,West,Proceeding Straight,Pedestrian,South,Proceeding Straight,POINT (-122.467354 37.778946),5.0,8.0,4.0,11.0,18
30880,vw_geo_sfpd_cr_switrs_all_types_col_cty_union.fid-c18a0c2_186644fdb18_27bc,44252,27872000.0,5946000.0,151119738,37.7718409466775,-122.500155997383,SFPD-CROSSROADS,CITY STREET,12/29/2015 12:44:00 PM,2015 December 29,12:44:00,2015,December,Tuesday,FULTON ST,40TH AVE,7.0,Clear,Injury (Other Visible),Vehicle/Pedestrian,Pedestrian,Crossing in Crosswalk at Intersection,Dry,No Unusual Condition,Daylight,Intersection <= 20ft,0.0,1,1.0,Driver,East,Making Left Turn,Pedestrian,North,Stopped In Road,POINT (-122.50015 37.77184),9.0,8.0,4.0,12.0,12
31110,vw_geo_sfpd_cr_switrs_all_types_col_cty_union.fid-c18a0c2_186644fdb18_15ca,43381,27248000.0,6059101.0,180740312,37.7810771354,-122.462064092,SFPD-INTERIM DB,CITY STREET,09/30/2018 09:21:00 AM,2018 September 30,09:21:00,2018,September,Sunday,GEARY BLVD,04TH AVE,25.0,Clear,Injury (Other Visible),Broadside,Pedestrian,Crossing in Crosswalk at Intersection,Dry,No Unusual Condition,Daylight,Midblock > 20ft,0.0,1,1.0,Driver,East,Proceeding Straight,Pedestrian,North,Proceeding Straight,POINT (-122.46207 37.78108),5.0,8.0,4.0,11.0,09
31569,vw_geo_sfpd_cr_switrs_all_types_col_cty_union.fid-c18a0c2_186644fdb18_2e9c,44161,27821000.0,,150262512,37.772178531009,-122.492761385538,SFPD-CROSSROADS,CITY STREET,03/25/2015 08:34:00 AM,2015 March 25,08:34:00,2015,March,Wednesday,FULTON ST,33RD AVE,0.0,Clear,Injury (Complaint of Pain),Vehicle/Pedestrian,Pedestrian,Crossing in Crosswalk at Intersection,Dry,No Unusual Condition,Daylight,Intersection <= 20ft,0.0,1,1.0,Driver,West,Proceeding Straight,Pedestrian,South,Proceeding Straight,POINT (-122.49276 37.77218),8.0,8.0,4.0,29.0,08
31579,vw_geo_sfpd_cr_switrs_all_types_col_cty_union.fid-c18a0c2_186644fdb18_31bb,38109,23077000.0,,141061092,37.7310657542907,-122.474856604571,SFPD-CROSSROADS,CITY STREET,12/17/2014 10:17:00 PM,2014 December 17,22:17:00,2014,December,Wednesday,19TH AVE,EUCALYPTUS DR,0.0,Raining,Injury (Complaint of Pain),Vehicle/Pedestrian,Pedestrian,Crossing in Crosswalk at Intersection,Wet,No Unusual Condition,Dark - Street Lights,Intersection <= 20ft,0.0,1,1.0,Driver,North,Making Left Turn,Pedestrian,West,Proceeding Straight,POINT (-122.47485 37.731068),62.0,10.0,8.0,41.0,22
31624,vw_geo_sfpd_cr_switrs_all_types_col_cty_union.fid-c18a0c2_186644fdb18_2eed,44372,27846000.0,,130839329,37.7759105366098,-122.493044231783,SFPD-CROSSROADS,CITY STREET,10/04/2013 06:36:00 PM,2013 October 04,18:36:00,2013,October,Friday,BALBOA ST,33RD AVE,0.0,Clear,Injury (Severe),Vehicle/Pedestrian,Pedestrian,Crossing in Crosswalk at Intersection,Dry,No Unusual Condition,Dusk - Dawn,Intersection <= 20ft,0.0,1,1.0,Driver,West,Proceeding Straight,Pedestrian,North,Other,POINT (-122.49304 37.77591),8.0,8.0,4.0,29.0,18
31635,vw_geo_sfpd_cr_switrs_all_types_col_cty_union.fid-c18a0c2_186644fdb18_2f71,44723,27303000.0,,150318698,37.7827509170235,-122.468704481568,SFPD-CROSSROADS,CITY STREET,04/12/2015 09:30:00 AM,2015 April 12,09:30:00,2015,April,Sunday,CLEMENT ST,10TH AVE,0.0,Clear,Injury (Complaint of Pain),Vehicle/Pedestrian,Pedestrian,Crossing in Crosswalk at Intersection,Dry,No Unusual Condition,Daylight,Intersection <= 20ft,0.0,1,1.0,Driver,East,Proceeding Straight,Pedestrian,North,Not Stated,POINT (-122.468704 37.78275),5.0,8.0,4.0,11.0,09
31639,vw_geo_sfpd_cr_switrs_all_types_col_cty_union.fid-c18a0c2_186644fdb18_2e29,43857,27483000.0,,170420740,37.7806558277545,-122.472312255886,SFPD-CROSSROADS,CITY STREET,05/22/2017 06:54:00 PM,2017 May 22,18:54:00,2017,May,Monday,GEARY BLVD,PARK PRESIDIO BLVD,0.0,Clear,Injury (Other Visible),Vehicle/Pedestrian,Pedestrian,Crossing in Crosswalk at Intersection,Dry,No Unusual Condition,Daylight,Intersection <= 20ft,0.0,1,1.0,Pedestrian,South,Proceeding Straight,Driver,East,Proceeding Straight,POINT (-122.47231 37.780655),5.0,8.0,4.0,11.0,18
31723,vw_geo_sfpd_cr_switrs_all_types_col_cty_union.fid-c18a0c2_186644fdb18_2f4c,44624,27247000.0,,160042235,37.7830874418259,-122.461207474583,SFPD-CROSSROADS,CITY STREET,01/15/2016 06:35:00 PM,2016 January 15,18:35:00,2016,January,Friday,03RD AVE,CLEMENT ST,0.0,Clear,Injury (Other Visible),Vehicle/Pedestrian,Pedestrian,Crossing in Crosswalk at Intersection,Dry,No Unusual Condition,Dark - Street Lights,Intersection <= 20ft,0.0,1,1.0,Driver,North,Proceeding Straight,Pedestrian,West,Proceeding Straight,POINT (-122.461205 37.78309),5.0,8.0,4.0,11.0,18
31749,vw_geo_sfpd_cr_switrs_all_types_col_cty_union.fid-c18a0c2_186644fdb18_2ce2,42989,27213000.000000004,12752000.0,150934028,37.7772525189677,-122.458572037088,SFPD-CROSSROADS,CITY STREET,10/25/2015 08:23:00 PM,2015 October 25,20:23:00,2015,October,Sunday,TURK BLVD,ARGUELLO BLVD,3.0,Clear,Injury (Other Visible),Vehicle/Pedestrian,Pedestrian,Crossing in Crosswalk at Intersection,Dry,No Unusual Condition,Dark - Street Lights,Intersection <= 20ft,0.0,1,1.0,Driver,East,Making Left Turn,Pedestrian,South,Proceeding Straight,POINT (-122.45857 37.777252),12.0,8.0,4.0,18.0,20
31817,vw_geo_sfpd_cr_switrs_all_types_col_cty_union.fid-c18a0c2_186644fdb18_2e7e,44070,27553000.0,1375000.0,130958010,37.7807771043507,-122.484782547987,SFPD-CROSSROADS,CITY STREET,11/12/2013 08:41:00 AM,2013 November 12,08:41:00,2013,November,Tuesday,25TH AVE,GEARY BLVD,250.0,Clear,Injury (Complaint of Pain),Vehicle/Pedestrian,Pedestrian,"In Road, Including Shoulder",Dry,No Unusual Condition,Daylight,Midblock > 20ft,0.0,1,1.0,Driver,West,Backing,Pedestrian,West,Stopped In Road,POINT (-122.48478 37.780777),8.0,8.0,4.0,29.0,08
31858,vw_geo_sfpd_cr_switrs_all_types_col_cty_union.fid-c18a0c2_186644fdb18_2f51,44634,26931000.000000004,5295000.0,150945138,37.784030955648,-122.454579754097,SFPD-CROSSROADS,CITY STREET,10/29/2015 11:40:00 AM,2015 October 29,11:40:00,2015,October,Thursday,EUCLID AVE,PARKER AVE,11.0,Clear,Injury (Severe),Vehicle/Pedestrian,Pedestrian,Crossing in Crosswalk at Intersection,Dry,No Unusual Condition,Daylight,Intersection <= 20ft,0.0,1,1.0,Driver,East,Making Left Turn,Pedestrian,North,Not Stated,POINT (-122.45458 37.78403),11.0,8.0,6.0,31.0,11
31859,vw_geo_sfpd_cr_switrs_all_types_col_cty_union.fid-c18a0c2_186644fdb18_2c5d,33604,25053000.0,,150595410,37.7967039024638,-122.408430885702,SFPD-CROSSROADS,CITY STREET,07/08/2015 06:40:00 PM,2015 July 08,18:40:00,2015,July,Wednesday,PACIFIC AVE,STOCKTON ST,0.0,Clear,Injury (Other Visible),Vehicle/Pedestrian,Pedestrian,Crossing in Crosswalk at Intersection,Dry,No Unusual Condition,Daylight,Intersection <= 20ft,0.0,1,1.0,Driver,West,Making Left Turn,Pedestrian,South,Proceeding Straight,POINT (-122.40843 37.796703),104.0,6.0,3.0,6.0,18
31904,vw_geo_sfpd_cr_switrs_all_types_col_cty_union.fid-c18a0c2_186644fdb18_2cf1,43052,27268000.0,,130566033,37.775027581288,-122.471373050188,SFPD-CROSSROADS,CITY STREET,07/10/2013 08:27:00 AM,2013 July 10,08:27:00,2013,July,Wednesday,CABRILLO ST,FUNSTON AVE,0.0,Cloudy,Injury (Complaint of Pain),Vehicle/Pedestrian,Pedestrian,Crossing in Crosswalk at Intersection,Dry,No Unusual Condition,Daylight,Intersection <= 20ft,0.0,1,1.0,Driver,East,Backing,Pedestrian,North,Other,POINT (-122.471375 37.77503),5.0,8.0,4.0,11.0,08
32003,vw_geo_sfpd_cr_switrs_all_types_col_cty_union.fid-c18a0c2_186644fdb18_2f28,44527,27919000.0,,160747617,37.7811767671024,-122.50308645253,SFPD-CROSSROADS,CITY STREET,09/14/2016 06:39:00 PM,2016 September 14,18:39:00,2016,September,Wednesday,CLEMENT ST,42ND AVE,0.0,Clear,Injury (Complaint of Pain),Vehicle/Pedestrian,Pedestrian,Crossing in Crosswalk at Intersection,Dry,No Unusual Condition,Daylight,Intersection <= 20ft,0.0,1,1.0,Driver,West,Proceeding Straight,Pedestrian,South,Proceeding Straight,POINT (-122.50309 37.781178),6.0,8.0,4.0,17.0,18
32021,vw_geo_sfpd_cr_switrs_all_types_col_cty_union.fid-c18a0c2_186644fdb18_2c74,33918,25364000.0,,141046884,37.8003154992467,-122.410206544202,SFPD-CROSSROADS,CITY STREET,12/13/2014 03:15:00 AM,2014 December 13,03:15:00,2014,December,Saturday,UNION ST,COLUMBUS AVE,0.0,Clear,Injury (Complaint of Pain),Vehicle/Pedestrian,Pedestrian,Crossing in Crosswalk at Intersection,Dry,No Unusual Condition,Dark - Street Lights,Intersection <= 20ft,0.0,1,1.0,Driver,North,Making Left Turn,Pedestrian,West,Proceeding Straight,POINT (-122.41021 37.800316),106.0,6.0,3.0,6.0,03
32084,vw_geo_sfpd_cr_switrs_all_types_col_cty_union.fid-c18a0c2_186644fdb18_2e3e,43917,27504000.0,6075101.0,150979676,37.7803754325556,-122.478293593755,SFPD-CROSSROADS,CITY STREET,11/10/2015 08:41:00 AM,2015 November 10,08:41:00,2015,November,Tuesday,GEARY BLVD,19TH AVE,5.0,Clear,Injury (Other Visible),Vehicle/Pedestrian,Pedestrian,Crossing in Crosswalk at Intersection,Dry,No Unusual Condition,Daylight,Intersection <= 20ft,0.0,1,1.0,Driver,East,Making Left Turn,Pedestrian,North,Proceeding Straight,POINT (-122.478294 37.780376),5.0,8.0,4.0,29.0,08
32121,vw_geo_sfpd_cr_switrs_all_types_col_cty_union.fid-c18a0c2_186644fdb18_2e85,23468,24540000.0,,180232234,37.7867789494,-122.398256963,SFPD-INTERIM DB,CITY STREET,03/28/2018 10:15:00 PM,2018 March 28,22:15:00,2018,March,Wednesday,02ND ST,HOWARD ST,0.0,Clear,Injury (Complaint of Pain),Vehicle/Pedestrian,Pedestrian,Crossing in Crosswalk at Intersection,Dry,No Unusual Condition,Dark - Street Lights,Intersection <= 20ft,0.0,2,1.0,Driver,South,Making Left Turn,Pedestrian,West,Proceeding Straight,POINT (-122.398254 37.786777),32.0,1.0,10.0,8.0,22
32150,vw_geo_sfpd_cr_switrs_all_types_col_cty_union.fid-c18a0c2_186644fdb18_300b,45098,27635000.0,3596000.0,170237642,37.7841725381664,-122.478610772621,SFPD-CROSSROADS,CITY STREET,03/23/2017 08:14:00 AM,2017 March 23,08:14:00,2017,March,Thursday,CALIFORNIA ST,19TH AVE,9.0,Clear,Injury (Other Visible),Vehicle/Pedestrian,Pedestrian,Crossing in Crosswalk at Intersection,Dry,No Unusual Condition,Daylight,Intersection <= 20ft,0.0,1,1.0,Driver,East,Proceeding Straight,Driver,North,Not Stated,POINT (-122.47861 37.784172),8.0,8.0,4.0,29.0,08
32198,vw_geo_sfpd_cr_switrs_all_types_col_cty_union.fid-c18a0c2_186644fdb18_2feb,28395,24756000.0,,160319595,37.7946662814912,-122.403139294842,SFPD-CROSSROADS,CITY STREET,04/18/2016 11:18:00 PM,2016 April 18,23:18:00,2016,April,Monday,CLAY ST,MONTGOMERY ST,0.0,Clear,Injury (Complaint of Pain),Vehicle/Pedestrian,Pedestrian,Crossing in Crosswalk at Intersection,Dry,No Unusual Condition,Dark - Street Lights,Intersection <= 20ft,0.0,1,1.0,Driver,East,Making Left Turn,Pedestrian,South,Proceeding Straight,POINT (-122.40314 37.794666),104.0,6.0,3.0,6.0,23
32242,vw_geo_sfpd_cr_switrs_all_types_col_cty_union.fid-c18a0c2_186644fdb18_2f8d,44808,27610000.0,3586000.0,160337967,37.7845742587211,-122.469875058964,SFPD-CROSSROADS,CITY STREET,04/25/2016 07:10:00 AM,2016 April 25,07:10:00,2016,April,Monday,CALIFORNIA ST,11TH AVE,9.0,Clear,Injury (Complaint of Pain),Vehicle/Pedestrian,Pedestrian,Crossing in Crosswalk at Intersection,Dry,No Unusual Condition,Daylight,Intersection <= 20ft,0.0,1,1.0,Driver,East,Proceeding Straight,Pedestrian,South,Not Stated,POINT (-122.46987 37.784573),5.0,8.0,4.0,11.0,07
32278,vw_geo_sfpd_cr_switrs_all_types_col_cty_union.fid-c18a0c2_186644fdb18_2c21,18356,30759000.0,8760203.0,160513452,37.7714187731242,-122.424077727091,SFPD-CROSSROADS,CITY STREET,06/24/2016 10:01:00 PM,2016 June 24,22:01:00,2016,June,Friday,MCCOPPIN ST,MARKET ST,28.0,Clear,Injury (Complaint of Pain),Vehicle/Pedestrian,Pedestrian,Not in Road,Dry,No Unusual Condition,Dark - Street Lights,Midblock > 20ft,0.0,1,1.0,Driver,South,Ran Off Road,Pedestrian,West,Other,POINT (-122.42408 37.77142),27.0,1.0,5.0,9.0,22
32377,vw_geo_sfpd_cr_switrs_all_types_col_cty_union.fid-c18a0c2_186644fdb18_2f8c,44802,27607000.0,,140109178,37.7846209053698,-122.468839738205,SFPD-CROSSROADS,CITY STREET,02/06/2014 03:24:00 PM,2014 February 06,15:24:00,2014,February,Thursday,CALIFORNIA ST,10TH AVE,0.0,Cloudy,Injury (Severe),Vehicle/Pedestrian,Pedestrian,Crossing in Crosswalk at Intersection,Wet,No Unusual Condition,Daylight,Intersection <= 20ft,0.0,1,1.0,Driver,West,Making Left Turn,Pedestrian,South,Not Stated,POINT (-122.46884 37.784622),5.0,8.0,4.0,11.0,15
32381,vw_geo_sfpd_cr_switrs_all_types_col_cty_union.fid-c18a0c2_186644fdb18_2fc7,44947,27595000.0,,140230814,37.7867215794814,-122.463617942849,SFPD-CROSSROADS,CITY STREET,03/18/2014 06:20:00 PM,2014 March 18,18:20:00,2014,March,Tuesday,LAKE ST,05TH AVE,0.0,Clear,Injury (Other Visible),Vehicle/Pedestrian,Pedestrian,Crossing in Crosswalk at Intersection,Dry,No Unusual Condition,Daylight,Intersection <= 20ft,0.0,1,1.0,Driver,West,Proceeding Straight,Pedestrian,North,Proceeding Straight,POINT (-122.463615 37.78672),4.0,8.0,6.0,11.0,18
32391,vw_geo_sfpd_cr_switrs_all_types_col_cty_union.fid-c18a0c2_186644fdb18_2d8b,43458,27284000.0,,170122764,37.7810189214321,-122.464279170272,SFPD-CROSSROADS,CITY STREET,02/12/2017 02:10:00 PM,2017 February 12,14:10:00,2017,February,Sunday,GEARY BLVD,06TH AVE,0.0,Clear,Injury (Other Visible),Vehicle/Pedestrian,Pedestrian,Crossing in Crosswalk at Intersection,Dry,No Unusual Condition,Daylight,Intersection <= 20ft,0.0,1,,Driver,East,Proceeding Straight,Pedestrian,South,Proceeding Straight,POINT (-122.46428 37.781017),5.0,8.0,4.0,11.0,14
32404,vw_geo_sfpd_cr_switrs_all_types_col_cty_union.fid-c18a0c2_186644fdb18_2fbd,44919,27570000.0,2418000.0,150776927,37.7865913551497,-122.459253153188,SFPD-CROSSROADS,CITY STREET,09/08/2015 02:35:00 PM,2015 September 08,14:35:00,2015,September,Tuesday,ARGUELLO BLVD,SACRAMENTO ST,12.0,Clear,Injury (Other Visible),Vehicle/Pedestrian,Pedestrian,Crossing in Crosswalk at Intersection,Dry,No Unusual Condition,Daylight,Intersection <= 20ft,0.0,1,1.0,Driver,South,Making Left Turn,Pedestrian,West,Not Stated,POINT (-122.45925 37.78659),4.0,8.0,6.0,31.0,14
32452,vw_geo_sfpd_cr_switrs_all_types_col_cty_union.fid-c18a0c2_186644fdb18_2e51,43965,27547000.0,,160603207,37.7781658348362,-122.484595237871,SFPD-CROSSROADS,CITY STREET,07/26/2016 09:02:00 PM,2016 July 26,21:02:00,2016,July,Tuesday,25TH AVE,ANZA ST,0.0,Clear,Injury (Other Visible),Head-On,Pedestrian,Crossing in Crosswalk at Intersection,Dry,No Unusual Condition,Dark - Street Lights,Intersection <= 20ft,0.0,1,1.0,Driver,West,Making Left Turn,Pedestrian,South,Proceeding Straight,POINT (-122.4846 37.778168),8.0,8.0,4.0,29.0,21
32474,vw_geo_sfpd_cr_switrs_all_types_col_cty_union.fid-c18a0c2_186644fdb18_2ccb,19027,25869000.0,,150554927,37.7725249171423,-122.427158445316,SFPD-CROSSROADS,CITY STREET,06/25/2015 10:15:00 PM,2015 June 25,22:15:00,2015,June,Thursday,BUCHANAN ST,HAIGHT ST,0.0,Clear,Injury (Complaint of Pain),Vehicle/Pedestrian,Pedestrian,Crossing in Crosswalk at Intersection,Dry,No Unusual Condition,Dark - Street Lights,Intersection <= 20ft,0.0,1,1.0,Driver,North,Proceeding Straight,Pedestrian,West,Proceeding Straight,POINT (-122.42716 37.772526),26.0,4.0,11.0,9.0,22
32518,vw_geo_sfpd_cr_switrs_all_types_col_cty_union.fid-c18a0c2_186644fdb18_2fc3,27812,24949000.0,3437000.0,160019143,37.7899687119243,-122.410296395704,SFPD-CROSSROADS,CITY STREET,01/07/2016 10:23:00 PM,2016 January 07,22:23:00,2016,January,Thursday,BUSH ST,MASON ST,40.0,Clear,Injury (Complaint of Pain),Vehicle/Pedestrian,Pedestrian,Crossing Not in Crosswalk,Dry,No Unusual Condition,Dark - Street Lights,Midblock > 20ft,0.0,1,1.0,Pedestrian,North,Other,Driver,East,Proceeding Straight,POINT (-122.41029 37.78997),16.0,6.0,3.0,21.0,22
32599,vw_geo_sfpd_cr_switrs_all_types_col_cty_union.fid-c18a0c2_186644fdb18_2c5c,33626,25064000.0,,130103908,37.7964927623845,-122.410075970482,SFPD-CROSSROADS,CITY STREET,02/05/2013 05:46:00 PM,2013 February 05,17:46:00,2013,February,Tuesday,POWELL ST,PACIFIC AVE,0.0,Clear,Injury (Complaint of Pain),Vehicle/Pedestrian,Pedestrian,Crossing in Crosswalk at Intersection,Dry,No Unusual Condition,Dusk - Dawn,Intersection <= 20ft,0.0,1,1.0,Driver,South,Making Left Turn,Pedestrian,West,Proceeding Straight,POINT (-122.41007 37.796494),104.0,6.0,3.0,6.0,17
32633,vw_geo_sfpd_cr_switrs_all_types_col_cty_union.fid-c18a0c2_186644fdb18_2ee8,44356,27980000.0,7921000.0,130424873,37.7727526389928,-122.509998277492,SFPD-CROSSROADS,CITY STREET,05/23/2013 03:33:00 PM,2013 May 23,15:33:00,2013,May,Thursday,LA PLAYA,CABRILLO ST,185.0,Clear,Injury (Complaint of Pain),Vehicle/Pedestrian,Pedestrian,Crossing in Crosswalk Not at Intersection,Dry,No Unusual Condition,Daylight,Midblock > 20ft,0.0,1,1.0,Driver,West,Backing,Pedestrian,North,Proceeding Straight,POINT (-122.509995 37.77275),8.0,8.0,4.0,29.0,15
32636,vw_geo_sfpd_cr_switrs_all_types_col_cty_union.fid-c18a0c2_186644fdb18_2f6c,44718,27291000.0,,170181732,37.7828022502592,-122.467629101154,SFPD-CROSSROADS,CITY STREET,03/04/2017 06:42:00 PM,2017 March 04,18:42:00,2017,March,Saturday,09TH AVE,CLEMENT ST,0.0,Raining,Injury (Complaint of Pain),Vehicle/Pedestrian,Pedestrian,Crossing in Crosswalk at Intersection,Wet,No Unusual Condition,Dark - Street Lights,Intersection <= 20ft,0.0,1,1.0,Driver,North,Making Right Turn,Pedestrian,West,Proceeding Straight,POINT (-122.46763 37.782803),5.0,8.0,4.0,11.0,18
32716,vw_geo_sfpd_cr_switrs_all_types_col_cty_union.fid-c18a0c2_186644fdb18_2ceb,43031,27277000.0,,130941219,37.7752714299091,-122.466018713802,SFPD-CROSSROADS,CITY STREET,11/06/2013 08:09:00 AM,2013 November 06,08:09:00,2013,November,Wednesday,CABRILLO ST,08TH AVE,0.0,Clear,Injury (Complaint of Pain),Vehicle/Pedestrian,Pedestrian,Crossing in Crosswalk at Intersection,Dry,No Unusual Condition,Daylight,Intersection <= 20ft,0.0,1,1.0,Driver,West,Stopped In Road,Pedestrian,South,Other,POINT (-122.46602 37.775272),5.0,8.0,4.0,11.0,08
32874,vw_geo_sfpd_cr_switrs_all_types_col_cty_union.fid-c18a0c2_186644fdb18_2d4b,3419,20224000.000000004,,160222766,37.7371695318745,-122.389864462291,SFPD-CROSSROADS,CITY STREET,03/16/2016 10:46:00 PM,2016 March 16,22:46:00,2016,March,Wednesday,03RD ST,LA SALLE AVE,0.0,Clear,Injury (Other Visible),Vehicle/Pedestrian,Pedestrian,Crossing Not in Crosswalk,Dry,No Unusual Condition,Dark - Street Lights,Intersection <= 20ft,0.0,1,1.0,Pedestrian,West,Proceeding Straight,Driver,South,Entering Traffic,POINT (-122.38986 37.73717),86.0,2.0,9.0,1.0,22