,id,unique_id,cnn_intrsctn_fkey,cnn_sgmt_fkey,case_id_pkey,tb_latitude,tb_longitude,geocode_source,geocode_location,collision_datetime,collision_date,collision_time,accident_year,month,day_of_week,primary_rd,secondary_rd,distance,weather_1,collision_severity,type_of_collision,mviw,ped_action,road_surface,road_cond_1,lighting,intersection,number_killed,number_injured,party_at_fault,party1_type,party1_dir_of_travel,party1_move_pre_acc,party2_type,party2_dir_of_travel,party2_move_pre_acc,point,Neighborhoods,Current Police Districts,Current Supervisor Districts,Analysis Neighborhoods,hour
32934,vw_geo_sfpd_cr_switrs_all_types_col_cty_union.fid-c18a0c2_186644fdb18_2c61,33627,25064000.0,,140799848,37.7964927623845,-122.410075970482,SFPD-CROSSROADS,CITY STREET,09/22/2014 02:00:00 PM,2014 September 22,14:00:00,2014,September,Monday,POWELL ST,PACIFIC AVE,0.0,Clear,Injury (Complaint of Pain),Vehicle/Pedestrian,Pedestrian,Crossing in Crosswalk at Intersection,Dry,No Unusual Condition,Daylight,Intersection <= 20ft,0.0,1,1.0,Driver,South,Making Left Turn,Pedestrian,East,Not Stated,POINT (-122.41007 37.796494),104.0,6.0,3.0,6.0,14
33031,vw_geo_sfpd_cr_switrs_all_types_col_cty_union.fid-c18a0c2_186644fdb18_2c97,34346,25473000.0,,130585312,37.8056184799925,-122.413604168439,SFPD-CROSSROADS,CITY STREET,07/16/2013 03:35:00 PM,2013 July 16,15:35:00,2013,July,Tuesday,BAY ST,MASON ST,0.0,Clear,Injury (Other Visible),Vehicle/Pedestrian,Pedestrian,Crossing in Crosswalk at Intersection,Dry,No Unusual Condition,Daylight,Intersection <= 20ft,0.0,1,,Driver,West,Making Left Turn,Pedestrian,South,Proceeding Straight,POINT (-122.413605 37.80562),99.0,6.0,3.0,23.0,15
33033,vw_geo_sfpd_cr_switrs_all_types_col_cty_union.fid-c18a0c2_186644fdb18_2cab,42660,27470000.0,,140180203,37.772814568543,-122.47883695156,SFPD-CROSSROADS,CITY STREET,03/02/2014 02:35:00 PM,2014 March 02,14:35:00,2014,March,Sunday,FULTON ST,20TH AVE,0.0,Clear,Injury (Complaint of Pain),Vehicle/Pedestrian,Pedestrian,Crossing in Crosswalk at Intersection,Dry,No Unusual Condition,Daylight,Intersection <= 20ft,0.0,1,1.0,Driver,East,Proceeding Straight,Pedestrian,North,Not Stated,POINT (-122.478836 37.772816),8.0,8.0,4.0,29.0,14
33057,vw_geo_sfpd_cr_switrs_all_types_col_cty_union.fid-c18a0c2_186644fdb18_3566,35543,26972000.0,11716000.0,150000334,37.8003567505142,-122.441211364265,SFPD-CROSSROADS,CITY STREET,01/01/2015 01:50:00 AM,2015 January 01,01:50:00,2015,January,Thursday,CHESTNUT ST,STEINER ST,66.0,Clear,Injury (Complaint of Pain),Vehicle/Pedestrian,Pedestrian,Crossing Not in Crosswalk,Dry,No Unusual Condition,Dark - Street Lights,Midblock > 20ft,0.0,1,1.0,Driver,East,Backing,Pedestrian,South,Other,POINT (-122.44121 37.800358),17.0,4.0,6.0,13.0,01
33098,vw_geo_sfpd_cr_switrs_all_types_col_cty_union.fid-c18a0c2_186644fdb18_2c9c,34961,26696000.0,,140939527,37.8013037197644,-122.424538325534,SFPD-CROSSROADS,CITY STREET,11/06/2014 06:08:00 AM,2014 November 06,06:08:00,2014,November,Thursday,LOMBARD ST,VAN NESS AVE,0.0,Clear,Fatal,Vehicle/Pedestrian,Pedestrian,Crossing in Crosswalk at Intersection,Dry,No Unusual Condition,Dark - Street Lights,Intersection <= 20ft,1.0,0,,Pedestrian,East,Other,Driver,East,Making Left Turn,POINT (-122.42454 37.801304),17.0,4.0,6.0,13.0,06
33101,vw_geo_sfpd_cr_switrs_all_types_col_cty_union.fid-c18a0c2_186644fdb18_2e4a,22851,26400000.0,9746000.0,130794347,37.7810819840702,-122.447421937249,SFPD-CROSSROADS,CITY STREET,09/20/2013 10:14:00 PM,2013 September 20,22:14:00,2013,September,Friday,OFARRELL ST,MASONIC AVE,28.0,Clear,Injury (Other Visible),Sideswipe,Pedestrian,Crossing Not in Crosswalk,Dry,No Unusual Condition,Dark - Street Lights,Midblock > 20ft,0.0,1,1.0,Pedestrian,North,Entering Traffic,Driver,East,Proceeding Straight,POINT (-122.44742 37.781082),13.0,7.0,6.0,18.0,22
33154,vw_geo_sfpd_cr_switrs_all_types_col_cty_union.fid-c18a0c2_186644fdb18_2d95,20845,25925000.000000004,,180442988,37.7766875559,-122.4245137,SFPD-INTERIM DB,CITY STREET,06/14/2018 11:44:00 PM,2018 June 14,23:44:00,2018,June,Thursday,HAYES ST,OCTAVIA ST,0.0,Clear,Injury (Complaint of Pain),Vehicle/Pedestrian,Pedestrian,"In Road, Including Shoulder",Dry,No Unusual Condition,Dark - Street Lights,Intersection <= 20ft,0.0,1,1.0,Pedestrian,South,Other,Driver,East,Proceeding Straight,POINT (-122.424515 37.776688),22.0,4.0,11.0,9.0,23
33204,vw_geo_sfpd_cr_switrs_all_types_col_cty_union.fid-c18a0c2_186644fdb18_2ec7,44266,27881000.0,,140297949,37.7716893803286,-122.503472690373,SFPD-CROSSROADS,CITY STREET,04/10/2014 11:43:00 AM,2014 April 10,11:43:00,2014,April,Thursday,FULTON ST,43RD AVE,0.0,Clear,Injury (Severe),Vehicle/Pedestrian,Pedestrian,Crossing in Crosswalk at Intersection,Dry,No Unusual Condition,Daylight,Intersection <= 20ft,0.0,1,1.0,Driver,West,Making Left Turn,Pedestrian,North,Proceeding Straight,POINT (-122.50347 37.77169),8.0,8.0,4.0,29.0,11
33212,vw_geo_sfpd_cr_switrs_all_types_col_cty_union.fid-c18a0c2_186644fdb18_3500,32675,26547000.0,13163101.0,140125356,37.7955625893152,-122.423482933811,SFPD-CROSSROADS,CITY STREET,02/12/2014 12:54:00 AM,2014 February 12,00:54:00,2014,February,Wednesday,VAN NESS AVE,BROADWAY,60.0,Clear,Fatal,Vehicle/Pedestrian,Pedestrian,Crossing Not in Crosswalk,Dry,No Unusual Condition,Dark - Street Lights,Midblock > 20ft,1.0,0,1.0,Driver,South,Proceeding Straight,Pedestrian,East,Proceeding Straight,POINT (-122.423485 37.795563),102.0,4.0,6.0,30.0,00
33235,vw_geo_sfpd_cr_switrs_all_types_col_cty_union.fid-c18a0c2_186644fdb18_2dba,43583,27304000.0,6067101.0,160720130,37.7807156030454,-122.470698959582,SFPD-CROSSROADS,CITY STREET,09/05/2016 11:42:00 AM,2016 September 05,11:42:00,2016,September,Monday,GEARY BLVD,12TH AVE,7.0,Clear,Injury (Other Visible),Vehicle/Pedestrian,Pedestrian,Crossing in Crosswalk at Intersection,Dry,No Unusual Condition,Daylight,Intersection <= 20ft,0.0,1,1.0,Driver,East,Making Right Turn,Pedestrian,North,Proceeding Straight,POINT (-122.470695 37.780716),5.0,8.0,4.0,11.0,11
33289,vw_geo_sfpd_cr_switrs_all_types_col_cty_union.fid-c18a0c2_186644fdb18_2da6,3751,20763000.0,11930000.0,130849146,37.7342642368489,-122.402549835556,SFPD-CROSSROADS,CITY STREET,10/07/2013 11:00:00 PM,2013 October 07,23:00:00,2013,October,Monday,SILVER AVE,WATERVILLE ST,42.0,Clear,Injury (Other Visible),Vehicle/Pedestrian,Pedestrian,Crossing Not in Crosswalk,Dry,No Unusual Condition,Dark - Street Lights,Midblock > 20ft,0.0,1,,Pedestrian,South,Proceeding Straight,Driver,West,Proceeding Straight,POINT (-122.40255 37.734264),87.0,2.0,9.0,1.0,23
33309,vw_geo_sfpd_cr_switrs_all_types_col_cty_union.fid-c18a0c2_186644fdb18_2eff,44413,27908000.0,2687000.0,160080069,37.7754238270342,-122.503693092501,SFPD-CROSSROADS,CITY STREET,01/28/2016 08:40:00 AM,2016 January 28,08:40:00,2016,January,Thursday,BALBOA ST,43RD AVE,15.0,Cloudy,Injury (Complaint of Pain),Vehicle/Pedestrian,Pedestrian,Crossing in Crosswalk at Intersection,Dry,No Unusual Condition,Daylight,Intersection <= 20ft,0.0,1,1.0,Driver,West,Making Left Turn,Pedestrian,North,Proceeding Straight,POINT (-122.50369 37.775425),8.0,8.0,4.0,29.0,08
33334,vw_geo_sfpd_cr_switrs_all_types_col_cty_union.fid-c18a0c2_186644fdb18_3173,25923,24900000.000000004,8800000.0,170291858,37.7852570571334,-122.409492308977,SFPD-CROSSROADS,CITY STREET,04/09/2017 10:06:00 PM,2017 April 09,22:06:00,2017,April,Sunday,MASON ST,ELLIS ST,9.0,Cloudy,Injury (Severe),Vehicle/Pedestrian,Pedestrian,Crossing in Crosswalk at Intersection,Dry,No Unusual Condition,Dark - Street Lights,Intersection <= 20ft,0.0,1,1.0,Driver,South,Proceeding Straight,Pedestrian,East,Other,POINT (-122.40949 37.785255),19.0,5.0,3.0,36.0,22
33390,vw_geo_sfpd_cr_switrs_all_types_col_cty_union.fid-c18a0c2_186644fdb18_2b41,17856,25847000.0,4980000.0,180656214,37.7698239354,-122.42309412,SFPD-INTERIM DB,CITY STREET,08/30/2018 06:13:00 PM,2018 August 30,18:13:00,2018,August,Thursday,DUBOCE AVE,ELGIN PARK,15.0,Clear,Injury (Other Visible),Vehicle/Pedestrian,Pedestrian,Crossing Not in Crosswalk,Dry,No Unusual Condition,Daylight,Intersection <= 20ft,0.0,1,1.0,Pedestrian,South,Entering Traffic,Driver,West,Slowing/Stopping,POINT (-122.423096 37.769825),32.0,3.0,5.0,20.0,18
33419,vw_geo_sfpd_cr_switrs_all_types_col_cty_union.fid-c18a0c2_186644fdb18_2f72,44731,27482000.000000004,,150820477,37.7825962142267,-122.471915030749,SFPD-CROSSROADS,CITY STREET,09/18/2015 06:08:00 PM,2015 September 18,18:08:00,2015,September,Friday,CLEMENT ST,FUNSTON AVE,0.0,Clear,Injury (Complaint of Pain),Vehicle/Pedestrian,Pedestrian,Crossing in Crosswalk at Intersection,Dry,No Unusual Condition,Daylight,Intersection <= 20ft,0.0,1,1.0,Driver,East,Making Left Turn,Pedestrian,North,Proceeding Straight,POINT (-122.47192 37.782597),5.0,8.0,4.0,11.0,18
33450,vw_geo_sfpd_cr_switrs_all_types_col_cty_union.fid-c18a0c2_186644fdb18_2cd2,42915,27204000.0,,150731608,37.7752397639859,-122.458435272718,SFPD-CROSSROADS,CITY STREET,08/21/2015 04:50:00 PM,2015 August 21,16:50:00,2015,August,Friday,ARGUELLO BLVD,MCALLISTER ST,0.0,Clear,Injury (Complaint of Pain),Vehicle/Pedestrian,Pedestrian,Crossing in Crosswalk at Intersection,Dry,No Unusual Condition,Daylight,Intersection <= 20ft,0.0,1,1.0,Driver,South,Proceeding Straight,Pedestrian,East,Not Stated,POINT (-122.458435 37.775238),12.0,8.0,4.0,11.0,16
33500,vw_geo_sfpd_cr_switrs_all_types_col_cty_union.fid-c18a0c2_186644fdb18_2c4f,33521,24768000.0,,140272521,37.7982229714129,-122.40386301806,SFPD-CROSSROADS,CITY STREET,04/01/2014 09:54:00 PM,2014 April 01,21:54:00,2014,April,Tuesday,BROADWAY,MONTGOMERY ST,0.0,Clear,Injury (Complaint of Pain),Vehicle/Pedestrian,Pedestrian,Crossing in Crosswalk at Intersection,Snowy or Icy,No Unusual Condition,Dark - Street Lights,Intersection <= 20ft,0.0,1,1.0,Driver,West,Making Left Turn,Pedestrian,South,Proceeding Straight,POINT (-122.40386 37.79822),106.0,6.0,3.0,23.0,21
33624,vw_geo_sfpd_cr_switrs_all_types_col_cty_union.fid-c18a0c2_186644fdb18_2de6,43699,27545000.0,1378000.0,170231149,37.7762862686886,-122.484459503583,SFPD-CROSSROADS,CITY STREET,03/21/2017 06:37:00 AM,2017 March 21,06:37:00,2017,March,Tuesday,25TH AVE,BALBOA ST,6.0,Raining,Injury (Other Visible),Vehicle/Pedestrian,Pedestrian,Crossing in Crosswalk at Intersection,Wet,No Unusual Condition,Dark - Street Lights,Intersection <= 20ft,0.0,1,1.0,Driver,South,Making Left Turn,Pedestrian,East,Not Stated,POINT (-122.48446 37.776287),8.0,8.0,4.0,29.0,06
33644,vw_geo_sfpd_cr_switrs_all_types_col_cty_union.fid-c18a0c2_186644fdb18_2eee,44373,27846000.0,,140802037,37.7759105366098,-122.493044231783,SFPD-CROSSROADS,CITY STREET,09/23/2014 06:47:00 AM,2014 September 23,06:47:00,2014,September,Tuesday,BALBOA ST,33RD AVE,0.0,Clear,Injury (Complaint of Pain),Vehicle/Pedestrian,Pedestrian,Crossing in Crosswalk at Intersection,Dry,No Unusual Condition,Dusk - Dawn,Intersection <= 20ft,0.0,1,1.0,Driver,East,Proceeding Straight,Pedestrian,South,Not Stated,POINT (-122.49304 37.77591),8.0,8.0,4.0,29.0,06
33645,vw_geo_sfpd_cr_switrs_all_types_col_cty_union.fid-c18a0c2_186644fdb18_3016,45122,27555000.0,4174000.0,170785356,37.7820263599159,-122.484856131902,SFPD-CROSSROADS,CITY STREET,09/26/2017 10:02:00 AM,2017 September 26,10:02:00,2017,September,Tuesday,CLEMENT ST,25TH AVE,5.0,Clear,Injury (Complaint of Pain),Vehicle/Pedestrian,Pedestrian,Crossing in Crosswalk at Intersection,Dry,No Unusual Condition,Daylight,Intersection <= 20ft,0.0,1,1.0,Driver,East,Making Left Turn,Pedestrian,North,Not Stated,POINT (-122.484856 37.78203),8.0,8.0,4.0,29.0,10
33655,vw_geo_sfpd_cr_switrs_all_types_col_cty_union.fid-c18a0c2_186644fdb18_2fe2,45001,27489000.0,,140797074,37.7825090781681,-122.474110593253,SFPD-CROSSROADS,CITY STREET,09/21/2014 05:39:00 PM,2014 September 21,17:39:00,2014,September,Sunday,CLEMENT ST,15TH AVE,0.0,Clear,Injury (Complaint of Pain),Vehicle/Pedestrian,Pedestrian,Crossing in Crosswalk at Intersection,Dry,No Unusual Condition,Daylight,Intersection <= 20ft,0.0,1,1.0,Driver,East,Proceeding Straight,Pedestrian,North,Proceeding Straight,POINT (-122.47411 37.78251),5.0,8.0,4.0,29.0,17
33699,vw_geo_sfpd_cr_switrs_all_types_col_cty_union.fid-c18a0c2_186644fdb18_2f92,44816,27611000.0,3587000.0,130974129,37.7845317940688,-122.470818889721,SFPD-CROSSROADS,CITY STREET,11/17/2013 07:43:00 AM,2013 November 17,07:43:00,2013,November,Sunday,CALIFORNIA ST,12TH AVE,47.0,Clear,Injury (Complaint of Pain),Vehicle/Pedestrian,Pedestrian,Crossing in Crosswalk Not at Intersection,Dry,No Unusual Condition,Daylight,Midblock > 20ft,0.0,1,1.0,Pedestrian,South,Not Stated,Driver,East,Slowing/Stopping,POINT (-122.47082 37.78453),5.0,8.0,4.0,11.0,07
33761,vw_geo_sfpd_cr_switrs_all_types_col_cty_union.fid-c18a0c2_186644fdb18_2d71,43398,27275000.0,,160105134,37.7790907270128,-122.464144970054,SFPD-CROSSROADS,CITY STREET,02/05/2016 12:25:00 AM,2016 February 05,00:25:00,2016,February,Friday,ANZA ST,06TH AVE,0.0,Clear,Injury (Other Visible),Vehicle/Pedestrian,Pedestrian,Crossing in Crosswalk at Intersection,Dry,No Unusual Condition,Dark - Street Lights,Intersection <= 20ft,0.0,1,1.0,Driver,East,Proceeding Straight,Pedestrian,South,Proceeding Straight,POINT (-122.46414 37.77909),5.0,8.0,4.0,11.0,00
33768,vw_geo_sfpd_cr_switrs_all_types_col_cty_union.fid-c18a0c2_186644fdb18_30cf,10214,24088000.0,9125000.0,140031929,37.7525404662022,-122.418473291049,SFPD-CROSSROADS,CITY STREET,01/11/2014 10:48:00 PM,2014 January 11,22:48:00,2014,January,Saturday,MISSION ST,24TH ST,110.0,Clear,Injury (Complaint of Pain),Vehicle/Pedestrian,Pedestrian,Crossing Not in Crosswalk,Dry,No Unusual Condition,Dark - Street Lights,Midblock > 20ft,0.0,1,1.0,Pedestrian,East,Other,Driver,South,Slowing/Stopping,POINT (-122.41847 37.75254),53.0,3.0,2.0,20.0,22
33830,vw_geo_sfpd_cr_switrs_all_types_col_cty_union.fid-c18a0c2_186644fdb18_2dab,43557,27302000.0,,140889762,37.7807687387514,-122.469627031601,SFPD-CROSSROADS,CITY STREET,10/21/2014 07:37:00 AM,2014 October 21,07:37:00,2014,October,Tuesday,GEARY BLVD,11TH AVE,0.0,Clear,Injury (Complaint of Pain),Vehicle/Pedestrian,Pedestrian,Crossing in Crosswalk at Intersection,Dry,No Unusual Condition,Daylight,Intersection <= 20ft,0.0,1,1.0,Driver,East,Making Left Turn,Pedestrian,North,Proceeding Straight,POINT (-122.46963 37.78077),5.0,8.0,4.0,11.0,07
33860,vw_geo_sfpd_cr_switrs_all_types_col_cty_union.fid-c18a0c2_186644fdb18_2c73,33904,25365000.000000004,,131095164,37.8004450606029,-122.409189818387,SFPD-CROSSROADS,CITY STREET,12/30/2013 01:27:00 PM,2013 December 30,13:27:00,2013,December,Monday,UNION ST,STOCKTON ST,0.0,Clear,Injury (Other Visible),Broadside,Pedestrian,"In Road, Including Shoulder",Dry,No Unusual Condition,Daylight,Intersection <= 20ft,0.0,1,1.0,Pedestrian,West,Proceeding Straight,Driver,North,Proceeding Straight,POINT (-122.40919 37.800446),106.0,6.0,3.0,23.0,13
33874,vw_geo_sfpd_cr_switrs_all_types_col_cty_union.fid-c18a0c2_186644fdb18_2f24,44519,27918000.000000004,,160558715,37.7797050854846,-122.504056826175,SFPD-CROSSROADS,CITY STREET,07/11/2016 07:15:00 AM,2016 July 11,07:15:00,2016,July,Monday,POINT LOBOS AVE,43RD AVE,0.0,Clear,Injury (Severe),Vehicle/Pedestrian,Pedestrian,Crossing in Crosswalk at Intersection,Dry,No Unusual Condition,Dusk - Dawn,Intersection <= 20ft,0.0,1,1.0,Driver,East,Proceeding Straight,Pedestrian,South,Proceeding Straight,POINT (-122.50406 37.779705),6.0,8.0,4.0,29.0,07
33924,vw_geo_sfpd_cr_switrs_all_types_col_cty_union.fid-c18a0c2_186644fdb18_2d8d,3654,20770000.0,11925000.0,140645821,37.7324789908067,-122.405532400844,SFPD-CROSSROADS,CITY STREET,08/03/2014 11:22:00 PM,2014 August 03,23:22:00,2014,August,Sunday,SILVER AVE,SAN BRUNO AVE,26.0,Clear,Injury (Severe),Vehicle/Pedestrian,Pedestrian,"In Road, Including Shoulder",Dry,No Unusual Condition,Dark - Street Lights,Midblock > 20ft,0.0,1,1.0,Pedestrian,East,Proceeding Straight,Driver,East,Proceeding Straight,POINT (-122.40553 37.73248),91.0,2.0,2.0,25.0,23
33948,vw_geo_sfpd_cr_switrs_all_types_col_cty_union.fid-c18a0c2_186644fdb18_2e21,43850,27483000.0,,140069061,37.7806558277545,-122.472312255886,SFPD-CROSSROADS,CITY STREET,01/24/2014 07:42:00 AM,2014 January 24,07:42:00,2014,January,Friday,PARK PRESIDIO BLVD,GEARY BLVD,0.0,Clear,Injury (Complaint of Pain),Vehicle/Pedestrian,Pedestrian,Crossing in Crosswalk at Intersection,Dry,No Unusual Condition,Daylight,Intersection <= 20ft,0.0,1,1.0,Pedestrian,East,Proceeding Straight,Driver,South,Proceeding Straight,POINT (-122.47231 37.780655),5.0,8.0,4.0,11.0,07
33949,vw_geo_sfpd_cr_switrs_all_types_col_cty_union.fid-c18a0c2_186644fdb18_2d4a,20100,24421000.0,,150105912,37.7743252877099,-122.41710413594,SFPD-CROSSROADS,CITY STREET,02/03/2015 10:40:00 PM,2015 February 03,22:40:00,2015,February,Tuesday,MISSION ST,11TH ST,0.0,Clear,Injury (Other Visible),Vehicle/Pedestrian,Pedestrian,Crossing Not in Crosswalk,Dry,No Unusual Condition,Dark - Street Lights,Intersection <= 20ft,0.0,1,1.0,Pedestrian,South,Other,Driver,West,Making Left Turn,POINT (-122.41711 37.774326),32.0,1.0,10.0,20.0,22
34050,vw_geo_sfpd_cr_switrs_all_types_col_cty_union.fid-c18a0c2_186644fdb18_3027,45175,27653000.0,,170953525,37.7838822356801,-122.485010944048,SFPD-CROSSROADS,CITY STREET,11/23/2017 09:10:00 PM,2017 November 23,21:10:00,2017,November,Thursday,25TH AVE,CALIFORNIA ST,0.0,Cloudy,Injury (Other Visible),Vehicle/Pedestrian,Pedestrian,Crossing in Crosswalk at Intersection,Dry,No Unusual Condition,Dark - Street Lights,Intersection <= 20ft,0.0,1,1.0,Driver,West,Making Left Turn,Pedestrian,East,Not Stated,POINT (-122.48501 37.783882),8.0,8.0,4.0,29.0,21
34082,vw_geo_sfpd_cr_switrs_all_types_col_cty_union.fid-c18a0c2_186644fdb18_2d59,20236,30705000.0,13143201.0,150530745,37.7753922550732,-122.419224752029,SFPD-CROSSROADS,CITY STREET,06/17/2015 11:33:00 PM,2015 June 17,23:33:00,2015,June,Wednesday,VAN NESS AVE,MARKET ST,87.0,Clear,Injury (Severe),Vehicle/Pedestrian,Pedestrian,Crossing Not in Crosswalk,Dry,No Unusual Condition,Dark - Street Lights,Midblock > 20ft,0.0,1,1.0,Pedestrian,West,Proceeding Straight,Driver,North,Proceeding Straight,POINT (-122.41923 37.77539),21.0,1.0,10.0,36.0,23
34145,vw_geo_sfpd_cr_switrs_all_types_col_cty_union.fid-c18a0c2_186644fdb18_2f44,44595,26930000.0,,160700057,37.7815988217983,-122.454175992545,SFPD-CROSSROADS,CITY STREET,08/29/2016 01:46:00 PM,2016 August 29,13:46:00,2016,August,Monday,GEARY BLVD,PARKER AVE,0.0,Clear,Injury (Other Visible),Vehicle/Pedestrian,Pedestrian,Crossing Not in Crosswalk,Dry,No Unusual Condition,Daylight,Intersection <= 20ft,0.0,1,1.0,Pedestrian,North,Entering Traffic,Driver,West,Proceeding Straight,POINT (-122.45418 37.781597),12.0,8.0,4.0,18.0,13
34156,vw_geo_sfpd_cr_switrs_all_types_col_cty_union.fid-c18a0c2_186644fdb18_2e2b,43872,27483000.0,10267101.0,170613484,37.7806597701562,-122.472310939875,SFPD-CROSSROADS,CITY STREET,07/28/2017 11:34:00 AM,2017 July 28,11:34:00,2017,July,Friday,PARK PRESIDIO BLVD,GEARY BLVD,2.0,Cloudy,Injury (Severe),Vehicle/Pedestrian,Pedestrian,Crossing in Crosswalk at Intersection,Dry,No Unusual Condition,Daylight,Intersection <= 20ft,0.0,1,1.0,Pedestrian,East,Not Stated,Driver,South,Proceeding Straight,POINT (-122.47231 37.78066),5.0,8.0,4.0,11.0,11
34302,vw_geo_sfpd_cr_switrs_all_types_col_cty_union.fid-c18a0c2_186644fdb18_3565,35547,26977000.000000004,4829000.0,140710117,37.7999602751011,-122.442842503723,SFPD-CROSSROADS,CITY STREET,08/24/2014 12:54:00 AM,2014 August 24,00:54:00,2014,August,Sunday,DIVISADERO ST,CHESTNUT ST,6.0,Clear,Injury (Complaint of Pain),Vehicle/Pedestrian,Pedestrian,Crossing in Crosswalk at Intersection,Dry,No Unusual Condition,Dark - Street Lights,Intersection <= 20ft,0.0,1,1.0,Driver,North,Proceeding Straight,Pedestrian,West,Other,POINT (-122.44284 37.79996),17.0,4.0,6.0,13.0,00
34341,vw_geo_sfpd_cr_switrs_all_types_col_cty_union.fid-c18a0c2_186644fdb18_2d99,43492,27284000.0,316000.0,150741550,37.7811344237823,-122.464287939509,SFPD-CROSSROADS,CITY STREET,08/24/2015 05:40:00 PM,2015 August 24,17:40:00,2015,August,Monday,06TH AVE,GEARY BLVD,42.0,Clear,Injury (Complaint of Pain),Vehicle/Pedestrian,Pedestrian,Crossing Not in Crosswalk,Dry,No Unusual Condition,Daylight,Midblock > 20ft,0.0,1,1.0,Pedestrian,East,Proceeding Straight,Driver,North,Proceeding Straight,POINT (-122.46429 37.781136),5.0,8.0,4.0,11.0,17
34385,vw_geo_sfpd_cr_switrs_all_types_col_cty_union.fid-c18a0c2_186644fdb18_2e9e,44171,27824000.0,,130633206,37.7721296621705,-122.49383247919,SFPD-CROSSROADS,CITY STREET,08/01/2013 08:58:00 AM,2013 August 01,08:58:00,2013,August,Thursday,FULTON ST,34TH AVE,0.0,Cloudy,Injury (Complaint of Pain),Vehicle/Pedestrian,Pedestrian,Crossing in Crosswalk at Intersection,Dry,No Unusual Condition,Daylight,Intersection <= 20ft,0.0,1,1.0,Driver,East,Proceeding Straight,Pedestrian,South,Not Stated,POINT (-122.493835 37.77213),8.0,8.0,4.0,29.0,08
34442,vw_geo_sfpd_cr_switrs_all_types_col_cty_union.fid-c18a0c2_186644fdb18_2f0b,25140,25144000.000000004,7117000.0,160402043,37.7843466698161,-122.416051019742,SFPD-CROSSROADS,CITY STREET,05/16/2016 10:27:00 PM,2016 May 16,22:27:00,2016,May,Monday,HYDE ST,ELLIS ST,38.0,Clear,Injury (Complaint of Pain),Vehicle/Pedestrian,Pedestrian,"In Road, Including Shoulder",Dry,No Unusual Condition,Dark - Street Lights,Midblock > 20ft,0.0,1,1.0,Driver,South,Changing Lanes,Pedestrian,South,Not Stated,POINT (-122.41605 37.784348),20.0,5.0,10.0,36.0,22
34505,vw_geo_sfpd_cr_switrs_all_types_col_cty_union.fid-c18a0c2_186644fdb18_2f5f,44684,27286000.0,4155000.0,160242601,37.7829350011006,-122.464532579792,SFPD-CROSSROADS,CITY STREET,03/23/2016 03:54:00 PM,2016 March 23,15:54:00,2016,March,Wednesday,CLEMENT ST,06TH AVE,31.0,Clear,Injury (Other Visible),Broadside,Pedestrian,Crossing in Crosswalk at Intersection,Dry,No Unusual Condition,Daylight,Midblock > 20ft,0.0,1,2.0,Driver,West,Proceeding Straight,Pedestrian,North,Proceeding Straight,POINT (-122.46453 37.782936),5.0,8.0,4.0,11.0,15
34507,vw_geo_sfpd_cr_switrs_all_types_col_cty_union.fid-c18a0c2_186644fdb18_2dd4,43658,27520000.0,1379000.0,150394353,37.7743903831898,-122.484322675743,SFPD-CROSSROADS,CITY STREET,05/06/2015 04:14:00 PM,2015 May 06,16:14:00,2015,May,Wednesday,25TH AVE,CABRILLO ST,17.0,Clear,Injury (Severe),Vehicle/Pedestrian,Pedestrian,Crossing in Crosswalk at Intersection,Dry,No Unusual Condition,Daylight,Intersection <= 20ft,0.0,1,2.0,Driver,South,Making Left Turn,Pedestrian,East,Proceeding Straight,POINT (-122.48432 37.77439),8.0,8.0,4.0,29.0,16
34531,vw_geo_sfpd_cr_switrs_all_types_col_cty_union.fid-c18a0c2_186644fdb18_2ba4,17916,25871000.0,,180521463,37.7678690191,-122.426693184,SFPD-INTERIM DB,CITY STREET,07/13/2018 08:47:00 PM,2018 July 13,20:47:00,2018,July,Friday,DOLORES ST,14TH ST,0.0,Clear,Injury (Other Visible),Vehicle/Pedestrian,Pedestrian,"In Road, Including Shoulder",Dry,No Unusual Condition,Dark - Street Lights,Intersection <= 20ft,0.0,1,1.0,Pedestrian,South,Proceeding Straight,Driver,East,Proceeding Straight,POINT (-122.4267 37.767868),37.0,3.0,5.0,5.0,20
34670,vw_geo_sfpd_cr_switrs_all_types_col_cty_union.fid-c18a0c2_186644fdb18_3009,45093,27635000.0,,150240308,37.7841739866635,-122.478578838629,SFPD-CROSSROADS,CITY STREET,03/18/2015 08:23:00 AM,2015 March 18,08:23:00,2015,March,Wednesday,CALIFORNIA ST,19TH AVE,0.0,Clear,Injury (Complaint of Pain),Vehicle/Pedestrian,Pedestrian,Crossing in Crosswalk at Intersection,Dry,No Unusual Condition,Daylight,Intersection <= 20ft,0.0,1,1.0,Driver,East,Proceeding Straight,Pedestrian,North,Proceeding Straight,POINT (-122.47858 37.784176),2.0,8.0,4.0,29.0,08
34731,vw_geo_sfpd_cr_switrs_all_types_col_cty_union.fid-c18a0c2_186644fdb18_2cdd,42956,27207000.0,12751000.0,170226297,37.7774061201644,-122.456828359296,SFPD-CROSSROADS,CITY STREET,03/19/2017 12:57:00 PM,2017 March 19,12:57:00,2017,March,Sunday,TURK BLVD,WILLARD NORTH ST,10.0,Clear,Injury (Other Visible),Vehicle/Pedestrian,Pedestrian,Crossing in Crosswalk at Intersection,Dry,No Unusual Condition,Daylight,Intersection <= 20ft,0.0,1,1.0,Driver,East,Making Left Turn,Pedestrian,South,Not Stated,POINT (-122.456825 37.777405),12.0,8.0,4.0,18.0,12