,id,unique_id,cnn_intrsctn_fkey,cnn_sgmt_fkey,case_id_pkey,tb_latitude,tb_longitude,geocode_source,geocode_location,collision_datetime,collision_date,collision_time,accident_year,month,day_of_week,primary_rd,secondary_rd,distance,weather_1,collision_severity,type_of_collision,mviw,ped_action,road_surface,road_cond_1,lighting,intersection,number_killed,number_injured,party_at_fault,party1_type,party1_dir_of_travel,party1_move_pre_acc,party2_type,party2_dir_of_travel,party2_move_pre_acc,point,Neighborhoods,Current Police Districts,Current Supervisor Districts,Analysis Neighborhoods,hour
34797,vw_geo_sfpd_cr_switrs_all_types_col_cty_union.fid-c18a0c2_186644fdb18_3030,45195,28017000.000000004,,160865758,37.783737151722,-122.488217445421,SFPD-CROSSROADS,CITY STREET,10/24/2016 11:57:00 AM,2016 October 24,11:57:00,2016,October,Monday,28TH AVE,CALIFORNIA ST,0.0,Cloudy,Injury (Other Visible),Vehicle/Pedestrian,Pedestrian,Crossing in Crosswalk at Intersection,Dry,No Unusual Condition,Daylight,Intersection <= 20ft,0.0,1,1.0,Driver,South,Proceeding Straight,Pedestrian,East,Not Stated,POINT (-122.48822 37.783737),8.0,8.0,6.0,33.0,11
34836,vw_geo_sfpd_cr_switrs_all_types_col_cty_union.fid-c18a0c2_186644fdb18_2ebe,44246,27865000.000000004,,160418357,37.7737998579428,-122.498249666122,SFPD-CROSSROADS,CITY STREET,05/22/2016 04:21:00 PM,2016 May 22,16:21:00,2016,May,Sunday,CABRILLO ST,38TH AVE,0.0,Cloudy,Injury (Other Visible),Broadside,Pedestrian,"In Road, Including Shoulder",Dry,"Holes, Deep Ruts",Daylight,Intersection <= 20ft,0.0,1,1.0,Pedestrian,South,Making Left Turn,Driver,East,Proceeding Straight,POINT (-122.49825 37.7738),8.0,8.0,4.0,29.0,16
34837,vw_geo_sfpd_cr_switrs_all_types_col_cty_union.fid-c18a0c2_186644fdb18_33b2,15774,24313000.000000004,,140473086,37.7762305203006,-122.414711003362,SFPD-CROSSROADS,CITY STREET,06/06/2014 10:43:00 PM,2014 June 06,22:43:00,2014,June,Friday,09TH ST,MISSION ST,0.0,Clear,Injury (Complaint of Pain),Vehicle/Pedestrian,Pedestrian,Crossing Not in Crosswalk,Dry,No Unusual Condition,Dark - Street Lights,Intersection <= 20ft,0.0,1,1.0,Pedestrian,North,Proceeding Straight,Driver,North,Making Right Turn,POINT (-122.41471 37.77623),32.0,1.0,10.0,34.0,22
34848,vw_geo_sfpd_cr_switrs_all_types_col_cty_union.fid-c18a0c2_186644fdb18_2f93,44810,27610000.0,,140314957,37.784572780981,-122.469907857536,SFPD-CROSSROADS,CITY STREET,04/16/2014 07:17:00 AM,2014 April 16,07:17:00,2014,April,Wednesday,CALIFORNIA ST,11TH AVE,0.0,Clear,Injury (Complaint of Pain),Vehicle/Pedestrian,Pedestrian,Crossing in Crosswalk at Intersection,Dry,No Unusual Condition,Daylight,Intersection <= 20ft,0.0,1,1.0,Driver,East,Proceeding Straight,Pedestrian,North,Proceeding Straight,POINT (-122.46991 37.784573),5.0,8.0,4.0,11.0,07
34911,vw_geo_sfpd_cr_switrs_all_types_col_cty_union.fid-c18a0c2_186644fdb18_2ee0,44328,27967000.0,6435201.0,141023989,37.7677141009549,-122.510524158774,SFPD-CROSSROADS,CITY STREET,12/04/2014 08:59:00 PM,2014 December 04,20:59:00,2014,December,Thursday,GREAT HWY,JOHN F KENNEDY DR,997.0,Cloudy,Injury (Severe),Vehicle/Pedestrian,Pedestrian,"In Road, Including Shoulder",Wet,No Unusual Condition,Dark - Street Lights,Midblock > 20ft,0.0,1,1.0,Pedestrian,North,Not Stated,Driver,North,Proceeding Straight,POINT (-122.51052 37.767715),9.0,8.0,4.0,12.0,20
34923,vw_geo_sfpd_cr_switrs_all_types_col_cty_union.fid-c18a0c2_186644fdb18_2ede,44311,27882000.0,,170790311,37.7735543251706,-122.503608585712,SFPD-CROSSROADS,CITY STREET,09/27/2017 05:16:00 PM,2017 September 27,17:16:00,2017,September,Wednesday,43RD AVE,CABRILLO ST,0.0,Clear,Injury (Complaint of Pain),Sideswipe,Pedestrian,"In Road, Including Shoulder",Dry,No Unusual Condition,Daylight,Intersection <= 20ft,0.0,1,1.0,Pedestrian,West,Proceeding Straight,Driver,North,Proceeding Straight,POINT (-122.50361 37.773556),8.0,8.0,4.0,29.0,17
34960,vw_geo_sfpd_cr_switrs_all_types_col_cty_union.fid-c18a0c2_186644fdb18_2f64,44688,27286000.0,,130061061,37.7829399338824,-122.464425025233,SFPD-CROSSROADS,CITY STREET,01/22/2013 03:00:00 PM,2013 January 22,15:00:00,2013,January,Tuesday,06TH AVE,CLEMENT ST,0.0,Clear,Injury (Severe),Vehicle/Pedestrian,Pedestrian,Crossing in Crosswalk at Intersection,Dry,No Unusual Condition,Daylight,Intersection <= 20ft,0.0,1,1.0,Driver,North,Making Left Turn,Pedestrian,West,Proceeding Straight,POINT (-122.464424 37.78294),5.0,8.0,4.0,11.0,15
34986,vw_geo_sfpd_cr_switrs_all_types_col_cty_union.fid-c18a0c2_186644fdb18_2f46,44612,27232000.000000004,4150000.0,160702003,37.7831883614933,-122.459005021603,SFPD-CROSSROADS,CITY STREET,08/30/2016 06:58:00 AM,2016 August 30,06:58:00,2016,August,Tuesday,CLEMENT ST,ARGUELLO BLVD,2.0,Clear,Injury (Other Visible),Vehicle/Pedestrian,Pedestrian,Crossing in Crosswalk at Intersection,Dry,No Unusual Condition,Daylight,Intersection <= 20ft,0.0,1,1.0,Driver,West,Making Right Turn,Pedestrian,North,Proceeding Straight,POINT (-122.45901 37.783188),5.0,8.0,4.0,11.0,06
34998,vw_geo_sfpd_cr_switrs_all_types_col_cty_union.fid-c18a0c2_186644fdb18_2f55,5737,21037000.0,4437000.0,140373674,37.7397301963678,-122.409701628054,SFPD-CROSSROADS,CITY STREET,05/05/2014 11:09:00 PM,2014 May 05,23:09:00,2014,May,Monday,CORTLAND AVE,BRADFORD ST,60.0,Clear,Injury (Severe),Vehicle/Pedestrian,Pedestrian,Crossing Not in Crosswalk,Dry,No Unusual Condition,Dark - Street Lights,Midblock > 20ft,0.0,1,1.0,Driver,West,Proceeding Straight,Pedestrian,South,Proceeding Straight,POINT (-122.4097 37.73973),83.0,9.0,2.0,2.0,23
35004,vw_geo_sfpd_cr_switrs_all_types_col_cty_union.fid-c18a0c2_186644fdb18_2e20,43831,27500000.0,6074101.0,170284154,37.7804463572578,-122.47621525647,SFPD-CROSSROADS,CITY STREET,04/07/2017 07:16:00 PM,2017 April 07,19:16:00,2017,April,Friday,GEARY BLVD,17TH AVE,21.0,Cloudy,Injury (Other Visible),Vehicle/Pedestrian,Pedestrian,Crossing Not in Crosswalk,Dry,No Unusual Condition,Daylight,Midblock > 20ft,0.0,1,1.0,Pedestrian,South,Not Stated,Driver,West,Making Left Turn,POINT (-122.47621 37.780445),5.0,8.0,4.0,29.0,19
35021,vw_geo_sfpd_cr_switrs_all_types_col_cty_union.fid-c18a0c2_186644fdb18_301c,45159,27644000.000000004,,130912129,37.784028238044,-122.481791171864,SFPD-CROSSROADS,CITY STREET,10/27/2013 05:52:00 PM,2013 October 27,17:52:00,2013,October,Sunday,CALIFORNIA ST,22ND AVE,0.0,Clear,Injury (Complaint of Pain),Vehicle/Pedestrian,Pedestrian,Crossing in Crosswalk at Intersection,Dry,No Unusual Condition,Daylight,Intersection <= 20ft,0.0,1,1.0,Driver,East,Making Left Turn,Pedestrian,North,Proceeding Straight,POINT (-122.48179 37.784027),8.0,8.0,4.0,29.0,17
35093,vw_geo_sfpd_cr_switrs_all_types_col_cty_union.fid-c18a0c2_186644fdb18_2e7a,44057,27554000.0,,150217761,37.780037953454,-122.48580757633,SFPD-CROSSROADS,CITY STREET,03/11/2015 10:47:00 AM,2015 March 11,10:47:00,2015,March,Wednesday,GEARY BLVD,26TH AVE,0.0,Clear,Fatal,Vehicle/Pedestrian,Pedestrian,Crossing in Crosswalk at Intersection,Dry,No Unusual Condition,Daylight,Intersection <= 20ft,1.0,0,1.0,Driver,East,Making Left Turn,Pedestrian,North,Not Stated,POINT (-122.48581 37.780037),8.0,8.0,4.0,29.0,10
35184,vw_geo_sfpd_cr_switrs_all_types_col_cty_union.fid-c18a0c2_186644fdb18_2ffc,45067,27623000.000000004,3591000.0,170259561,37.7843719115431,-122.474213413838,SFPD-CROSSROADS,CITY STREET,03/30/2017 07:48:00 AM,2017 March 30,07:48:00,2017,March,Thursday,CALIFORNIA ST,15TH AVE,9.0,Clear,Injury (Other Visible),Vehicle/Pedestrian,Pedestrian,Crossing in Crosswalk at Intersection,Dry,No Unusual Condition,Daylight,Intersection <= 20ft,0.0,2,1.0,Driver,East,Proceeding Straight,Pedestrian,North,Not Stated,POINT (-122.47421 37.78437),5.0,8.0,4.0,29.0,07
35201,vw_geo_sfpd_cr_switrs_all_types_col_cty_union.fid-c18a0c2_186644fdb18_311f,35535,26972000.0,11715000.0,180148534,37.7999334776,-122.441124918,SFPD-INTERIM DB,CITY STREET,02/25/2018 11:50:00 PM,2018 February 25,23:50:00,2018,February,Sunday,SCOTT ST,CHESTNUT ST,95.0,Clear,Injury (Complaint of Pain),Vehicle/Pedestrian,Pedestrian,Crossing Not in Crosswalk,Dry,No Unusual Condition,Dark - Street Lights,Midblock > 20ft,0.0,1,1.0,Pedestrian,West,Entering Traffic,Driver,North,Proceeding Straight,POINT (-122.441124 37.799934),17.0,4.0,6.0,13.0,23
35320,vw_geo_sfpd_cr_switrs_all_types_col_cty_union.fid-c18a0c2_186644fdb18_2d58,20173,30748000.000000004,,180792664,37.7751470742,-122.419255606,SFPD-INTERIM DB,CITY STREET,10/18/2018 10:25:00 PM,2018 October 18,22:25:00,2018,October,Thursday,MARKET ST,VAN NESS AVE,0.0,Clear,Injury (Complaint of Pain),Vehicle/Pedestrian,Pedestrian,Crossing Not in Crosswalk,Dry,No Unusual Condition,Dark - Street Lights,Intersection <= 20ft,0.0,1,1.0,Pedestrian,South,Entering Traffic,Driver,West,Proceeding Straight,POINT (-122.41926 37.775146),32.0,1.0,10.0,20.0,22
35331,vw_geo_sfpd_cr_switrs_all_types_col_cty_union.fid-c18a0c2_186644fdb18_2fc9,44951,27598000.000000004,8013000.0,160711383,37.7866712466292,-122.464676460662,SFPD-CROSSROADS,CITY STREET,09/02/2016 11:28:00 AM,2016 September 02,11:28:00,2016,September,Friday,LAKE ST,06TH AVE,5.0,Clear,Injury (Complaint of Pain),Vehicle/Pedestrian,Pedestrian,Crossing in Crosswalk at Intersection,Dry,No Unusual Condition,Daylight,Intersection <= 20ft,0.0,1,1.0,Driver,East,Proceeding Straight,Pedestrian,North,Proceeding Straight,POINT (-122.464676 37.78667),4.0,8.0,6.0,11.0,11
35445,vw_geo_sfpd_cr_switrs_all_types_col_cty_union.fid-c18a0c2_186644fdb18_2e5b,43996,27538000.0,,170053250,37.7802258192435,-122.481515722347,SFPD-CROSSROADS,CITY STREET,01/20/2017 07:12:00 AM,2017 January 20,07:12:00,2017,January,Friday,GEARY BLVD,22ND AVE,0.0,Cloudy,Injury (Severe),Vehicle/Pedestrian,Pedestrian,Crossing in Crosswalk at Intersection,Wet,No Unusual Condition,Daylight,Intersection <= 20ft,0.0,1,1.0,Driver,West,Making Right Turn,Pedestrian,North,Not Stated,POINT (-122.481514 37.780228),8.0,8.0,4.0,29.0,07
35450,vw_geo_sfpd_cr_switrs_all_types_col_cty_union.fid-c18a0c2_186644fdb18_2d9c,21065,26041000.0,,150405615,37.7756260884587,-122.432829727995,SFPD-CROSSROADS,CITY STREET,05/09/2015 10:02:00 PM,2015 May 09,22:02:00,2015,May,Saturday,STEINER ST,HAYES ST,0.0,Clear,Injury (Complaint of Pain),Vehicle/Pedestrian,Pedestrian,Crossing in Crosswalk at Intersection,Dry,No Unusual Condition,Dark - Street Lights,Intersection <= 20ft,0.0,1,1.0,Driver,South,Proceeding Straight,Pedestrian,West,Proceeding Straight,POINT (-122.43283 37.775627),23.0,4.0,11.0,9.0,22
35506,vw_geo_sfpd_cr_switrs_all_types_col_cty_union.fid-c18a0c2_186644fdb18_2bce,18044,25876000.0,,180263013,37.7686745998,-122.429053786,SFPD-INTERIM DB,CITY STREET,04/09/2018 07:50:00 PM,2018 April 09,19:50:00,2018,April,Monday,CHURCH ST,RESERVOIR ST,0.0,Clear,Injury (Complaint of Pain),Head-On,Pedestrian,Crossing in Crosswalk at Intersection,Dry,No Unusual Condition,Dark - Street Lights,Intersection <= 20ft,0.0,1,1.0,Driver,South,Making Left Turn,Pedestrian,East,Proceeding Straight,POINT (-122.429054 37.768673),28.0,7.0,5.0,5.0,19
35559,vw_geo_sfpd_cr_switrs_all_types_col_cty_union.fid-c18a0c2_186644fdb18_2eea,44357,27980000.0,7921000.0,140245283,37.7730322528573,-122.510019616077,SFPD-CROSSROADS,CITY STREET,03/23/2014 01:50:00 PM,2014 March 23,13:50:00,2014,March,Sunday,LA PLAYA,CABRILLO ST,83.0,Clear,Injury (Complaint of Pain),Vehicle/Pedestrian,Pedestrian,Crossing Not in Crosswalk,Dry,No Unusual Condition,Daylight,Midblock > 20ft,0.0,1,1.0,Pedestrian,East,Entering Traffic,Driver,South,Proceeding Straight,POINT (-122.51002 37.773033),8.0,8.0,4.0,29.0,13
35623,vw_geo_sfpd_cr_switrs_all_types_col_cty_union.fid-c18a0c2_186644fdb18_2d6e,43386,27248000.0,,140022752,37.7811109958066,-122.462139278163,SFPD-CROSSROADS,CITY STREET,01/08/2014 06:30:00 PM,2014 January 08,18:30:00,2014,January,Wednesday,GEARY BLVD,04TH AVE,0.0,Clear,Injury (Complaint of Pain),Vehicle/Pedestrian,Pedestrian,Crossing in Crosswalk at Intersection,Dry,No Unusual Condition,Dark - Street Lights,Intersection <= 20ft,0.0,1,,Driver,South,Making Left Turn,Pedestrian,North,Proceeding Straight,POINT (-122.46214 37.781113),5.0,8.0,4.0,11.0,18
35705,vw_geo_sfpd_cr_switrs_all_types_col_cty_union.fid-c18a0c2_186644fdb18_2e3b,43906,27504000.0,905000.0,130367580,37.7801891140924,-122.478291032551,SFPD-CROSSROADS,CITY STREET,05/05/2013 02:30:00 PM,2013 May 05,14:30:00,2013,May,Sunday,19TH AVE,GEARY BLVD,70.0,Clear,Injury (Complaint of Pain),Vehicle/Pedestrian,Pedestrian,Crossing Not in Crosswalk,Dry,No Unusual Condition,Daylight,Midblock > 20ft,0.0,1,1.0,Driver,South,Backing,Pedestrian,East,Other,POINT (-122.478294 37.78019),8.0,8.0,4.0,29.0,14
35731,vw_geo_sfpd_cr_switrs_all_types_col_cty_union.fid-c18a0c2_186644fdb18_2dc8,43619,27511000.0,3489000.0,140972179,37.7745831967049,-122.481116847787,SFPD-CROSSROADS,CITY STREET,11/16/2014 06:45:00 PM,2014 November 16,18:45:00,2014,November,Sunday,CABRILLO ST,22ND AVE,1.0,Clear,Injury (Other Visible),Vehicle/Pedestrian,Pedestrian,Crossing in Crosswalk at Intersection,Dry,No Unusual Condition,Dark - Street Lights,Intersection <= 20ft,0.0,1,1.0,Driver,East,Proceeding Straight,Pedestrian,North,Proceeding Straight,POINT (-122.48112 37.774582),8.0,8.0,4.0,29.0,18
35759,vw_geo_sfpd_cr_switrs_all_types_col_cty_union.fid-c18a0c2_186644fdb18_305c,45288,27662000.0,1372000.0,140039183,37.7875021073636,-122.485275491329,SFPD-CROSSROADS,CITY STREET,01/15/2014 03:07:00 PM,2014 January 15,15:07:00,2014,January,Wednesday,25TH AVE,EL CAMINO DEL MAR,40.0,Clear,Injury (Complaint of Pain),Vehicle/Pedestrian,Pedestrian,Crossing Not in Crosswalk,Dry,No Unusual Condition,Daylight,Midblock > 20ft,0.0,1,1.0,Pedestrian,East,Other,Driver,South,Making Left Turn,POINT (-122.485275 37.787502),1.0,8.0,6.0,33.0,15
35762,vw_geo_sfpd_cr_switrs_all_types_col_cty_union.fid-c18a0c2_186644fdb18_2f15,44482,27853000.0,,160278559,37.7797469508175,-122.492232288615,SFPD-CROSSROADS,CITY STREET,04/04/2016 08:20:00 PM,2016 April 04,20:20:00,2016,April,Monday,GEARY BLVD,32ND AVE,0.0,Clear,Injury (Other Visible),Head-On,Pedestrian,Crossing in Crosswalk at Intersection,Dry,No Unusual Condition,Dark - Street Lights,Intersection <= 20ft,0.0,2,1.0,Driver,West,Proceeding Straight,Driver,North,Proceeding Straight,POINT (-122.49223 37.779747),8.0,8.0,4.0,29.0,20
35868,vw_geo_sfpd_cr_switrs_all_types_col_cty_union.fid-c18a0c2_186644fdb18_2eca,44269,27881000.0,,170230624,37.7716893803286,-122.503472690373,SFPD-CROSSROADS,CITY STREET,03/20/2017 09:00:00 PM,2017 March 20,21:00:00,2017,March,Monday,43RD AVE,FULTON ST,0.0,Raining,Injury (Other Visible),Vehicle/Pedestrian,Pedestrian,Crossing in Crosswalk at Intersection,Wet,No Unusual Condition,Dark - Street Lights,Intersection <= 20ft,0.0,1,1.0,Bicyclist,North,Making Left Turn,Pedestrian,North,Proceeding Straight,POINT (-122.50347 37.77169),8.0,8.0,4.0,29.0,21
35886,vw_geo_sfpd_cr_switrs_all_types_col_cty_union.fid-c18a0c2_186644fdb18_2f65,44698,27290000.0,389000.0,140530921,37.7828327228616,-122.466561475627,SFPD-CROSSROADS,CITY STREET,06/26/2014 09:15:00 PM,2014 June 26,21:15:00,2014,June,Thursday,08TH AVE,CLEMENT ST,6.0,Clear,Injury (Other Visible),Vehicle/Pedestrian,Pedestrian,Crossing in Crosswalk at Intersection,Dry,No Unusual Condition,Dark - Street Lights,Intersection <= 20ft,0.0,1,1.0,Driver,South,Making Left Turn,Pedestrian,West,Proceeding Straight,POINT (-122.46656 37.782833),5.0,8.0,4.0,11.0,21
35903,vw_geo_sfpd_cr_switrs_all_types_col_cty_union.fid-c18a0c2_186644fdb18_2e67,44022,27553000.0,6082101.0,160038115,37.7800715991572,-122.484766232764,SFPD-CROSSROADS,CITY STREET,01/14/2016 01:20:00 PM,2016 January 14,13:20:00,2016,January,Thursday,GEARY BLVD,25TH AVE,15.0,Raining,Injury (Other Visible),Vehicle/Pedestrian,Pedestrian,"In Road, Including Shoulder",Wet,No Unusual Condition,Daylight,Intersection <= 20ft,0.0,1,2.0,Driver,East,Proceeding Straight,Pedestrian,North,Not Stated,POINT (-122.484764 37.78007),8.0,8.0,4.0,29.0,13
35969,vw_geo_sfpd_cr_switrs_all_types_col_cty_union.fid-c18a0c2_186644fdb18_2f6a,44705,27287000.0,4156000.0,160985306,37.7828855618589,-122.465631903138,SFPD-CROSSROADS,CITY STREET,12/04/2016 03:30:00 PM,2016 December 04,15:30:00,2016,December,Sunday,CLEMENT ST,07TH AVE,40.0,Clear,Injury (Complaint of Pain),Broadside,Pedestrian,Crossing Not in Crosswalk,Dry,No Unusual Condition,Daylight,Midblock > 20ft,0.0,1,1.0,Driver,West,Proceeding Straight,Pedestrian,North,Other,POINT (-122.46563 37.782887),5.0,8.0,4.0,11.0,15
35975,vw_geo_sfpd_cr_switrs_all_types_col_cty_union.fid-c18a0c2_186644fdb18_2ee6,24781,24925000.0,,140550559,37.7841410125464,-122.410951617678,SFPD-CROSSROADS,CITY STREET,07/02/2014 11:58:00 PM,2014 July 02,23:58:00,2014,July,Wednesday,TAYLOR ST,EDDY ST,0.0,Clear,Injury (Complaint of Pain),Vehicle/Pedestrian,Pedestrian,Crossing in Crosswalk at Intersection,Dry,No Unusual Condition,Dark - Street Lights,Intersection <= 20ft,0.0,1,1.0,Driver,East,Making Left Turn,Pedestrian,West,Proceeding Straight,POINT (-122.41095 37.78414),20.0,5.0,10.0,36.0,23
35983,vw_geo_sfpd_cr_switrs_all_types_col_cty_union.fid-c18a0c2_186644fdb18_2e7d,44076,27557000.0,,161021399,37.779993540094,-122.486878047451,SFPD-CROSSROADS,CITY STREET,12/16/2016 06:04:00 PM,2016 December 16,18:04:00,2016,December,Friday,27TH AVE,GEARY BLVD,0.0,Clear,Injury (Complaint of Pain),Vehicle/Pedestrian,Pedestrian,Crossing in Crosswalk at Intersection,Dry,No Unusual Condition,Dark - Street Lights,Intersection <= 20ft,0.0,1,1.0,Driver,North,Making Left Turn,Pedestrian,East,Proceeding Straight,POINT (-122.48688 37.779995),8.0,8.0,4.0,29.0,18
36116,vw_geo_sfpd_cr_switrs_all_types_col_cty_union.fid-c18a0c2_186644fdb18_2ed9,44301,27973000.0,,160165655,37.7715424794826,-122.506685314662,SFPD-CROSSROADS,CITY STREET,02/25/2016 02:07:00 PM,2016 February 25,14:07:00,2016,February,Thursday,FULTON ST,46TH AVE,0.0,Clear,Injury (Other Visible),Vehicle/Pedestrian,Pedestrian,Not in Road,Dry,No Unusual Condition,Daylight,Intersection <= 20ft,0.0,2,1.0,Driver,West,Ran Off Road,Pedestrian,South,Not Stated,POINT (-122.50668 37.77154),9.0,8.0,4.0,12.0,14
36155,vw_geo_sfpd_cr_switrs_all_types_col_cty_union.fid-c18a0c2_186644fdb18_2f5e,44675,27251000.000000004,,140146813,37.7829892038089,-122.463350525169,SFPD-CROSSROADS,CITY STREET,02/19/2014 08:32:00 AM,2014 February 19,08:32:00,2014,February,Wednesday,CLEMENT ST,05TH AVE,0.0,Clear,Injury (Other Visible),Vehicle/Pedestrian,Pedestrian,Crossing in Crosswalk at Intersection,Dry,No Unusual Condition,Daylight,Intersection <= 20ft,0.0,1,1.0,Driver,East,Making Left Turn,Pedestrian,North,Proceeding Straight,POINT (-122.46335 37.78299),5.0,8.0,4.0,11.0,08
36176,vw_geo_sfpd_cr_switrs_all_types_col_cty_union.fid-c18a0c2_186644fdb18_2e27,43855,27483000.0,,160167203,37.7806558277545,-122.472312255886,SFPD-CROSSROADS,CITY STREET,02/25/2016 11:28:00 PM,2016 February 25,23:28:00,2016,February,Thursday,PARK PRESIDIO BLVD,GEARY BLVD,0.0,Clear,Injury (Other Visible),Vehicle/Pedestrian,Pedestrian,Crossing in Crosswalk at Intersection,Dry,No Unusual Condition,Dark - Street Lights,Intersection <= 20ft,0.0,1,1.0,Pedestrian,East,Proceeding Straight,Driver,North,Proceeding Straight,POINT (-122.47231 37.780655),5.0,8.0,4.0,11.0,23
36227,vw_geo_sfpd_cr_switrs_all_types_col_cty_union.fid-c18a0c2_186644fdb18_2e9b,44153,27524000.0,7542000.0,130597618,37.7709720248256,-122.490782634598,SFPD-CROSSROADS,CITY STREET,07/20/2013 03:09:00 PM,2013 July 20,15:09:00,2013,July,Saturday,JOHN F KENNEDY DR,30TH AVE,285.0,Clear,Injury (Other Visible),Head-On,Pedestrian,Crossing Not in Crosswalk,Dry,No Unusual Condition,Daylight,Midblock > 20ft,0.0,3,1.0,Pedestrian,North,Other,Pedestrian,North,Other,POINT (-122.49078 37.770973),9.0,8.0,4.0,12.0,15
36260,vw_geo_sfpd_cr_switrs_all_types_col_cty_union.fid-c18a0c2_186644fdb18_2eb8,44239,27822000.0,1724000.0,150630721,37.7740862906077,-122.492905969678,SFPD-CROSSROADS,CITY STREET,07/20/2015 01:19:00 PM,2015 July 20,13:19:00,2015,July,Monday,33RD AVE,CABRILLO ST,15.0,Clear,Fatal,Vehicle/Pedestrian,Pedestrian,Crossing in Crosswalk at Intersection,Dry,No Unusual Condition,Daylight,Intersection <= 20ft,1.0,0,,Driver,North,Proceeding Straight,Pedestrian,East,Not Stated,POINT (-122.492905 37.774086),8.0,8.0,4.0,29.0,13
36280,vw_geo_sfpd_cr_switrs_all_types_col_cty_union.fid-c18a0c2_186644fdb18_2d73,43399,27275000.0,,170133608,37.7790907270128,-122.464144970054,SFPD-CROSSROADS,CITY STREET,02/16/2017 08:33:00 AM,2017 February 16,08:33:00,2017,February,Thursday,ANZA ST,06TH AVE,0.0,Clear,Injury (Complaint of Pain),Vehicle/Pedestrian,Pedestrian,Crossing Not in Crosswalk,Wet,No Unusual Condition,Daylight,Intersection <= 20ft,0.0,1,,Driver,East,Making Left Turn,Pedestrian,North,Proceeding Straight,POINT (-122.46414 37.77909),5.0,8.0,4.0,11.0,08
36320,vw_geo_sfpd_cr_switrs_all_types_col_cty_union.fid-c18a0c2_186644fdb18_2c5a,33625,25064000.0,,130057587,37.7964927623845,-122.410075970482,SFPD-CROSSROADS,CITY STREET,01/21/2013 11:06:00 AM,2013 January 21,11:06:00,2013,January,Monday,POWELL ST,PACIFIC AVE,0.0,Clear,Injury (Other Visible),Vehicle/Pedestrian,Pedestrian,Crossing in Crosswalk at Intersection,Dry,No Unusual Condition,Daylight,Intersection <= 20ft,0.0,1,1.0,Driver,South,Making Left Turn,Pedestrian,West,Proceeding Straight,POINT (-122.41007 37.796494),104.0,6.0,3.0,6.0,11
36336,vw_geo_sfpd_cr_switrs_all_types_col_cty_union.fid-c18a0c2_186644fdb18_2d00,43075,27243000.0,,170138551,37.7772827346239,-122.462940789195,SFPD-CROSSROADS,CITY STREET,02/17/2017 08:41:00 PM,2017 February 17,20:41:00,2017,February,Friday,BALBOA ST,05TH AVE,0.0,Cloudy,Injury (Other Visible),Broadside,Pedestrian,Crossing in Crosswalk at Intersection,Wet,No Unusual Condition,Dark - Street Lights,Intersection <= 20ft,0.0,1,1.0,Driver,East,Proceeding Straight,Pedestrian,South,Proceeding Straight,POINT (-122.462944 37.777283),5.0,8.0,4.0,11.0,20
36379,vw_geo_sfpd_cr_switrs_all_types_col_cty_union.fid-c18a0c2_186644fdb18_3029,45173,27653000.0,,170149683,37.7838822356801,-122.485010944048,SFPD-CROSSROADS,CITY STREET,02/21/2017 06:32:00 PM,2017 February 21,18:32:00,2017,February,Tuesday,CALIFORNIA ST,25TH AVE,0.0,Clear,Injury (Complaint of Pain),Vehicle/Pedestrian,Pedestrian,Crossing in Crosswalk at Intersection,Wet,No Unusual Condition,Dark - Street Lights,Intersection <= 20ft,0.0,1,1.0,Driver,South,Making Left Turn,Pedestrian,North,Proceeding Straight,POINT (-122.48501 37.783882),8.0,8.0,4.0,29.0,18
36384,vw_geo_sfpd_cr_switrs_all_types_col_cty_union.fid-c18a0c2_186644fdb18_2c6d,18545,24388000.0,,160818064,37.773053453993,-122.418618216707,SFPD-CROSSROADS,CITY STREET,10/07/2016 11:35:00 PM,2016 October 07,23:35:00,2016,October,Friday,OTIS ST,MISSION ST,0.0,Clear,Injury (Other Visible),Vehicle/Pedestrian,Pedestrian,Crossing in Crosswalk at Intersection,Dry,No Unusual Condition,Dark - Street Lights,Intersection <= 20ft,0.0,1,1.0,Pedestrian,East,Proceeding Straight,Driver,North,Proceeding Straight,POINT (-122.41862 37.773052),32.0,1.0,10.0,20.0,23
36402,vw_geo_sfpd_cr_switrs_all_types_col_cty_union.fid-c18a0c2_186644fdb18_2d0f,43132,27472000.000000004,10270201.0,130113327,37.7768604459981,-122.47204466363,SFPD-CROSSROADS,CITY STREET,02/08/2013 06:20:00 PM,2013 February 08,18:20:00,2013,February,Friday,PARK PRESIDIO BLVD,BALBOA ST,4.0,Clear,Injury (Other Visible),Vehicle/Pedestrian,Pedestrian,Crossing in Crosswalk at Intersection,Dry,No Unusual Condition,Dark - Street Lights,Intersection <= 20ft,0.0,1,1.0,Driver,South,Making Right Turn,Pedestrian,East,Other,POINT (-122.472046 37.77686),5.0,8.0,4.0,29.0,18