,id,unique_id,cnn_intrsctn_fkey,cnn_sgmt_fkey,case_id_pkey,tb_latitude,tb_longitude,geocode_source,geocode_location,collision_datetime,collision_date,collision_time,accident_year,month,day_of_week,primary_rd,secondary_rd,distance,weather_1,collision_severity,type_of_collision,mviw,ped_action,road_surface,road_cond_1,lighting,intersection,number_killed,number_injured,party_at_fault,party1_type,party1_dir_of_travel,party1_move_pre_acc,party2_type,party2_dir_of_travel,party2_move_pre_acc,point,Neighborhoods,Current Police Districts,Current Supervisor Districts,Analysis Neighborhoods,hour
36409,vw_geo_sfpd_cr_switrs_all_types_col_cty_union.fid-c18a0c2_186644fdb18_310d,14492,23824000.0,306000.0,161018841,37.7759749500776,-122.398011745396,SFPD-CROSSROADS,CITY STREET,12/15/2016 11:18:00 PM,2016 December 15,23:18:00,2016,December,Thursday,05TH AVE,BLUXOME ST,17.0,Cloudy,Injury (Severe),Vehicle/Pedestrian,Pedestrian,Crossing Not in Crosswalk,Wet,No Unusual Condition,Dark - Street Lights,Intersection <= 20ft,0.0,1,1.0,Driver,West,Making Right Turn,Pedestrian,West,Proceeding Straight,POINT (-122.39801 37.775974),32.0,1.0,10.0,34.0,23
36441,vw_geo_sfpd_cr_switrs_all_types_col_cty_union.fid-c18a0c2_186644fdb18_2e3f,43924,27505000.0,,150983871,37.780334689593,-122.479382975437,SFPD-CROSSROADS,CITY STREET,11/11/2015 02:53:00 PM,2015 November 11,14:53:00,2015,November,Wednesday,GEARY BLVD,20TH AVE,0.0,Cloudy,Injury (Complaint of Pain),Vehicle/Pedestrian,Pedestrian,Crossing in Crosswalk at Intersection,Dry,No Unusual Condition,Daylight,Intersection <= 20ft,0.0,1,1.0,Pedestrian,South,Other,Driver,West,Proceeding Straight,POINT (-122.479385 37.780334),8.0,8.0,4.0,29.0,14
36532,vw_geo_sfpd_cr_switrs_all_types_col_cty_union.fid-c18a0c2_186644fdb18_300a,45094,27635000.0,,160773850,37.7841739866635,-122.478578838629,SFPD-CROSSROADS,CITY STREET,09/23/2016 06:39:00 PM,2016 September 23,18:39:00,2016,September,Friday,CALIFORNIA ST,19TH AVE,0.0,Clear,Injury (Severe),Vehicle/Pedestrian,Pedestrian,Crossing in Crosswalk at Intersection,Dry,No Unusual Condition,Daylight,Intersection <= 20ft,0.0,1,1.0,Driver,West,Proceeding Straight,Pedestrian,South,Not Stated,POINT (-122.47858 37.784176),2.0,8.0,4.0,29.0,18
36565,vw_geo_sfpd_cr_switrs_all_types_col_cty_union.fid-c18a0c2_186644fdb18_2ef0,44371,27846000.0,,130038913,37.7759105366098,-122.493044231783,SFPD-CROSSROADS,CITY STREET,01/14/2013 06:57:00 PM,2013 January 14,18:57:00,2013,January,Monday,BALBOA ST,33RD AVE,0.0,Clear,Injury (Severe),Vehicle/Pedestrian,Pedestrian,Crossing in Crosswalk at Intersection,Dry,No Unusual Condition,Dark - Street Lights,Intersection <= 20ft,0.0,1,1.0,Driver,West,Proceeding Straight,Pedestrian,North,Proceeding Straight,POINT (-122.49304 37.77591),8.0,8.0,4.0,29.0,18
36591,vw_geo_sfpd_cr_switrs_all_types_col_cty_union.fid-c18a0c2_186644fdb18_2d57,20187,30748000.000000004,,170164346,37.7751470744979,-122.419255606436,SFPD-CROSSROADS,CITY STREET,02/27/2017 10:16:00 PM,2017 February 27,22:16:00,2017,February,Monday,VAN NESS AVE,MARKET ST,0.0,Raining,Injury (Complaint of Pain),Head-On,Pedestrian,Crossing in Crosswalk at Intersection,Wet,No Unusual Condition,Dark - Street Lights,Intersection <= 20ft,0.0,1,1.0,Pedestrian,West,Proceeding Straight,Driver,South,Proceeding Straight,POINT (-122.41926 37.775146),32.0,1.0,10.0,20.0,22
36594,vw_geo_sfpd_cr_switrs_all_types_col_cty_union.fid-c18a0c2_186644fdb18_2e5d,23106,24513000.0,,180203730,37.782553593,-122.397385538,SFPD-INTERIM DB,CITY STREET,03/17/2018 11:23:00 PM,2018 March 17,23:23:00,2018,March,Saturday,HARRISON ST,03RD ST,0.0,Cloudy,Injury (Complaint of Pain),Vehicle/Pedestrian,Pedestrian,Crossing in Crosswalk at Intersection,Dry,No Unusual Condition,Dark - Street Lights,Intersection <= 20ft,0.0,1,1.0,Driver,West,Making Left Turn,Pedestrian,South,Other,POINT (-122.397385 37.782555),32.0,1.0,10.0,8.0,23
36596,vw_geo_sfpd_cr_switrs_all_types_col_cty_union.fid-c18a0c2_186644fdb18_2dc9,43622,27511000.0,,160404663,37.7745833787515,-122.481112862976,SFPD-CROSSROADS,CITY STREET,05/17/2016 06:06:00 PM,2016 May 17,18:06:00,2016,May,Tuesday,22ND AVE,CABRILLO ST,0.0,Clear,Injury (Severe),Broadside,Pedestrian,Crossing Not in Crosswalk,Dry,No Unusual Condition,Daylight,Intersection <= 20ft,0.0,1,1.0,Pedestrian,North,Not Stated,Driver,West,Proceeding Straight,POINT (-122.48111 37.774582),8.0,8.0,4.0,29.0,18
36600,vw_geo_sfpd_cr_switrs_all_types_col_cty_union.fid-c18a0c2_186644fdb18_3005,28740,25147000.0,,170817573,37.7823789436448,-122.417338880097,SFPD-CROSSROADS,CITY STREET,10/06/2017 11:31:00 PM,2017 October 06,23:31:00,2017,October,Friday,TURK ST,LARKIN ST,0.0,Clear,Injury (Complaint of Pain),Vehicle/Pedestrian,Pedestrian,Crossing in Crosswalk at Intersection,Dry,No Unusual Condition,Dark - Street Lights,Intersection <= 20ft,0.0,1,1.0,Driver,West,Making Left Turn,Pedestrian,North,Proceeding Straight,POINT (-122.417336 37.78238),20.0,5.0,10.0,36.0,23
36615,vw_geo_sfpd_cr_switrs_all_types_col_cty_union.fid-c18a0c2_186644fdb18_2e1c,43833,27500000.0,,130045902,37.7804758504027,-122.476169189626,SFPD-CROSSROADS,CITY STREET,01/17/2013 09:41:00 AM,2013 January 17,09:41:00,2013,January,Thursday,GEARY BLVD,17TH AVE,0.0,Clear,Injury (Other Visible),Vehicle/Pedestrian,Pedestrian,Crossing in Crosswalk at Intersection,Dry,No Unusual Condition,Daylight,Intersection <= 20ft,0.0,1,1.0,Pedestrian,South,Not Stated,Driver,West,Making Left Turn,POINT (-122.476166 37.780476),5.0,8.0,4.0,29.0,09
36654,vw_geo_sfpd_cr_switrs_all_types_col_cty_union.fid-c18a0c2_186644fdb18_2ee9,44362,27980000.0,3515000.0,170727994,37.7732648602411,-122.509919485887,SFPD-CROSSROADS,CITY STREET,09/06/2017 02:43:00 PM,2017 September 06,14:43:00,2017,September,Wednesday,CABRILLO ST,LA PLAYA,34.0,Clear,Injury (Other Visible),Vehicle/Pedestrian,Pedestrian,Not in Road,Dry,No Unusual Condition,Daylight,Midblock > 20ft,0.0,1,,Driver,West,Backing,Pedestrian,North,Proceeding Straight,POINT (-122.50992 37.773266),8.0,8.0,4.0,29.0,14
36718,vw_geo_sfpd_cr_switrs_all_types_col_cty_union.fid-c18a0c2_186644fdb18_2d77,43401,27276000.0,,130186380,37.7790425805629,-122.46521066034,SFPD-CROSSROADS,CITY STREET,03/05/2013 08:42:00 AM,2013 March 05,08:42:00,2013,March,Tuesday,ANZA ST,07TH AVE,0.0,Clear,Injury (Other Visible),Vehicle/Pedestrian,Pedestrian,Crossing in Crosswalk at Intersection,Dry,No Unusual Condition,Daylight,Intersection <= 20ft,0.0,1,1.0,Driver,East,Making Left Turn,Pedestrian,North,Not Stated,POINT (-122.46521 37.77904),5.0,8.0,4.0,11.0,08
36888,vw_geo_sfpd_cr_switrs_all_types_col_cty_union.fid-c18a0c2_186644fdb18_2fb9,44903,27583000.000000004,3578000.0,150848140,37.785404431727,-122.461358506863,SFPD-CROSSROADS,CITY STREET,09/27/2015 06:27:00 PM,2015 September 27,18:27:00,2015,September,Sunday,CALIFORNIA ST,03RD AVE,3.0,Clear,Injury (Severe),Vehicle/Pedestrian,Pedestrian,Crossing in Crosswalk at Intersection,Dry,No Unusual Condition,Daylight,Intersection <= 20ft,0.0,1,1.0,Driver,West,Proceeding Straight,Pedestrian,South,Not Stated,POINT (-122.46136 37.785404),4.0,8.0,4.0,11.0,18
37012,vw_geo_sfpd_cr_switrs_all_types_col_cty_union.fid-c18a0c2_186644fdb18_2ee5,24830,24893000.0,,140483853,37.7844527300713,-122.408493157816,SFPD-CROSSROADS,CITY STREET,06/10/2014 10:43:00 PM,2014 June 10,22:43:00,2014,June,Tuesday,CYRIL MAGNIN ST,EDDY ST,0.0,Clear,Injury (Complaint of Pain),Vehicle/Pedestrian,Pedestrian,Crossing in Crosswalk at Intersection,Dry,No Unusual Condition,Dark - Street Lights,Intersection <= 20ft,0.0,1,1.0,Driver,East,Making Left Turn,Pedestrian,West,Proceeding Straight,POINT (-122.40849 37.784454),19.0,5.0,3.0,36.0,22
37052,vw_geo_sfpd_cr_switrs_all_types_col_cty_union.fid-c18a0c2_186644fdb18_3000,45071,27623000.000000004,,151085690,37.7843704558675,-122.474245539972,SFPD-CROSSROADS,CITY STREET,12/16/2015 05:15:00 PM,2015 December 16,17:15:00,2015,December,Wednesday,CALIFORNIA ST,15TH AVE,0.0,Clear,Injury (Severe),Broadside,Pedestrian,Crossing in Crosswalk at Intersection,Dry,No Unusual Condition,Dark - Street Lights,Intersection <= 20ft,0.0,1,1.0,Driver,West,Proceeding Straight,Pedestrian,South,Traveling Wrong Way,POINT (-122.47424 37.78437),5.0,8.0,4.0,29.0,17
37114,vw_geo_sfpd_cr_switrs_all_types_col_cty_union.fid-c18a0c2_186644fdb18_2cf7,43058,27446000.0,,151042333,37.7750033359772,-122.471905103466,SFPD-CROSSROADS,CITY STREET,12/01/2015 04:04:00 PM,2015 December 01,16:04:00,2015,December,Tuesday,CABRILLO ST,PARK PRESIDIO BLVD,0.0,Clear,Injury (Complaint of Pain),Vehicle/Pedestrian,Pedestrian,Crossing in Crosswalk at Intersection,Dry,No Unusual Condition,Daylight,Intersection <= 20ft,0.0,2,1.0,Driver,South,Making Left Turn,Pedestrian,East,Proceeding Straight,POINT (-122.47191 37.775),5.0,8.0,4.0,29.0,16
37130,vw_geo_sfpd_cr_switrs_all_types_col_cty_union.fid-c18a0c2_186644fdb18_2bcd,18028,25877000.0,8762102.0,160902877,37.7686729767658,-122.427326469363,SFPD-CROSSROADS,CITY STREET,11/05/2016 07:48:00 PM,2016 November 05,19:48:00,2016,November,Saturday,MARKET ST,DOLORES ST,215.0,Clear,Fatal,Vehicle/Pedestrian,Pedestrian,Crossing Not in Crosswalk,Dry,No Unusual Condition,Dark - Street Lights,Midblock > 20ft,1.0,0,1.0,Pedestrian,South,Not Stated,Driver,East,Proceeding Straight,POINT (-122.42733 37.768673),37.0,3.0,5.0,5.0,19
37220,vw_geo_sfpd_cr_switrs_all_types_col_cty_union.fid-c18a0c2_186644fdb18_2e1d,43834,27500000.0,,150955450,37.7804758504027,-122.476169189626,SFPD-CROSSROADS,CITY STREET,11/01/2015 08:05:00 PM,2015 November 01,20:05:00,2015,November,Sunday,GEARY BLVD,17TH AVE,0.0,Cloudy,Injury (Complaint of Pain),Vehicle/Pedestrian,Pedestrian,Crossing in Crosswalk at Intersection,Dry,No Unusual Condition,Dark - Street Lights,Intersection <= 20ft,0.0,1,1.0,Driver,East,Making Left Turn,Pedestrian,North,Not Stated,POINT (-122.476166 37.780476),5.0,8.0,4.0,29.0,20
37221,vw_geo_sfpd_cr_switrs_all_types_col_cty_union.fid-c18a0c2_186644fdb18_2c76,33916,25364000.0,,130242095,37.8003154992467,-122.410206544202,SFPD-CROSSROADS,CITY STREET,03/23/2013 09:02:00 PM,2013 March 23,21:02:00,2013,March,Saturday,COLUMBUS AVE,UNION ST,0.0,Clear,Injury (Complaint of Pain),Vehicle/Pedestrian,Pedestrian,Crossing Not in Crosswalk,Dry,No Unusual Condition,Dark - Street Lights,Intersection <= 20ft,0.0,1,1.0,Pedestrian,East,Not Stated,Driver,North,Proceeding Straight,POINT (-122.41021 37.800316),106.0,6.0,3.0,6.0,21
37371,vw_geo_sfpd_cr_switrs_all_types_col_cty_union.fid-c18a0c2_186644fdb18_3004,45087,27631000.0,,140736408,37.7842711255084,-122.476436803139,SFPD-CROSSROADS,CITY STREET,09/01/2014 06:48:00 PM,2014 September 01,18:48:00,2014,September,Monday,CALIFORNIA ST,17TH AVE,0.0,Clear,Injury (Complaint of Pain),Vehicle/Pedestrian,Pedestrian,Crossing in Crosswalk at Intersection,Dry,No Unusual Condition,Daylight,Intersection <= 20ft,0.0,1,1.0,Driver,West,Proceeding Straight,Pedestrian,South,Proceeding Straight,POINT (-122.47644 37.78427),5.0,8.0,4.0,29.0,18
37399,vw_geo_sfpd_cr_switrs_all_types_col_cty_union.fid-c18a0c2_186644fdb18_2fe9,45014,27506000.0,,130416080,37.7823083796453,-122.478443506533,SFPD-CROSSROADS,CITY STREET,05/20/2013 06:44:00 PM,2013 May 20,18:44:00,2013,May,Monday,CLEMENT ST,19TH AVE,0.0,Clear,Injury (Complaint of Pain),Vehicle/Pedestrian,Pedestrian,Crossing in Crosswalk at Intersection,Dry,No Unusual Condition,Daylight,Intersection <= 20ft,0.0,1,1.0,Driver,West,Proceeding Straight,Pedestrian,South,Proceeding Straight,POINT (-122.47845 37.782307),8.0,8.0,4.0,29.0,18
37401,vw_geo_sfpd_cr_switrs_all_types_col_cty_union.fid-c18a0c2_186644fdb18_2c67,33761,25411000.0,,140486675,37.7983727039606,-122.410456158172,SFPD-CROSSROADS,CITY STREET,06/11/2014 09:05:00 PM,2014 June 11,21:05:00,2014,June,Wednesday,POWELL ST,VALLEJO ST,0.0,Clear,Injury (Complaint of Pain),Vehicle/Pedestrian,Pedestrian,Crossing in Crosswalk at Intersection,Dry,No Unusual Condition,Dark - Street Lights,Intersection <= 20ft,0.0,1,1.0,Driver,North,Proceeding Straight,Pedestrian,East,Proceeding Straight,POINT (-122.41045 37.798374),106.0,6.0,3.0,6.0,21
37407,vw_geo_sfpd_cr_switrs_all_types_col_cty_union.fid-c18a0c2_186644fdb18_2e28,43856,27483000.0,,160669588,37.7806558277545,-122.472312255886,SFPD-CROSSROADS,CITY STREET,08/19/2016 04:55:00 AM,2016 August 19,04:55:00,2016,August,Friday,PARK PRESIDIO BLVD,GEARY BLVD,0.0,Clear,Injury (Severe),Vehicle/Pedestrian,Pedestrian,Crossing Not in Crosswalk,Dry,No Unusual Condition,Dark - Street Lights,Intersection <= 20ft,0.0,1,1.0,Pedestrian,West,Proceeding Straight,Driver,North,Proceeding Straight,POINT (-122.47231 37.780655),5.0,8.0,4.0,11.0,04
37409,vw_geo_sfpd_cr_switrs_all_types_col_cty_union.fid-c18a0c2_186644fdb18_2e7c,4952,21831000.0,9145000.0,160818020,37.7364402482002,-122.424336684927,SFPD-CROSSROADS,CITY STREET,10/07/2016 11:38:00 PM,2016 October 07,23:38:00,2016,October,Friday,MISSION ST,PARK ST,112.0,Clear,Injury (Other Visible),Vehicle/Pedestrian,Pedestrian,Crossing Not in Crosswalk,Dry,No Unusual Condition,Dark - Street Lights,Midblock > 20ft,0.0,1,1.0,Pedestrian,East,Proceeding Straight,Driver,North,Proceeding Straight,POINT (-122.42434 37.73644),61.0,9.0,5.0,2.0,23
37584,vw_geo_sfpd_cr_switrs_all_types_col_cty_union.fid-c18a0c2_186644fdb18_2e43,43925,27505000.0,,160961889,37.780334689593,-122.479382975437,SFPD-CROSSROADS,CITY STREET,11/26/2016 12:39:00 PM,2016 November 26,12:39:00,2016,November,Saturday,20TH AVE,GEARY BLVD,0.0,Raining,Injury (Complaint of Pain),Vehicle/Pedestrian,Pedestrian,Crossing in Crosswalk at Intersection,Wet,No Unusual Condition,Daylight,Intersection <= 20ft,0.0,1,1.0,Driver,North,Making Right Turn,Pedestrian,West,Other,POINT (-122.479385 37.780334),8.0,8.0,4.0,29.0,12
37605,vw_geo_sfpd_cr_switrs_all_types_col_cty_union.fid-c18a0c2_186644fdb18_2f3c,26145,25145000.0,,130871199,37.7853759745961,-122.416259706098,SFPD-CROSSROADS,CITY STREET,10/14/2013 10:40:00 PM,2013 October 14,22:40:00,2013,October,Monday,HYDE ST,OFARRELL ST,0.0,Clear,Injury (Other Visible),Vehicle/Pedestrian,Pedestrian,Crossing Not in Crosswalk,Dry,No Unusual Condition,Dark - Street Lights,Intersection <= 20ft,0.0,1,1.0,Pedestrian,East,Proceeding Straight,Driver,South,Proceeding Straight,POINT (-122.41626 37.785378),20.0,5.0,10.0,36.0,22
37608,vw_geo_sfpd_cr_switrs_all_types_col_cty_union.fid-c18a0c2_186644fdb18_2bd1,32057,26508000.000000004,,1503654567,37.7899518862064,-122.425616053245,SFPD-CROSSROADS,CITY STREET,04/27/2015 10:50:00 AM,2015 April 27,10:50:00,2015,April,Monday,CALIFORNIA ST,GOUGH ST,0.0,Clear,Injury (Other Visible),Vehicle/Pedestrian,Pedestrian,Crossing in Crosswalk at Intersection,Dry,No Unusual Condition,Daylight,Intersection <= 20ft,0.0,1,1.0,Driver,East,Making Left Turn,Pedestrian,South,Other,POINT (-122.42561 37.78995),102.0,4.0,6.0,39.0,10
37615,vw_geo_sfpd_cr_switrs_all_types_col_cty_union.fid-c18a0c2_186644fdb18_2cbb,42743,27813000.0,,170809495,37.7723254739059,-122.489539479855,SFPD-CROSSROADS,CITY STREET,10/04/2017 12:23:00 PM,2017 October 04,12:23:00,2017,October,Wednesday,30TH AVE,FULTON ST,0.0,Clear,Injury (Complaint of Pain),Vehicle/Pedestrian,Pedestrian,Crossing in Crosswalk at Intersection,Dry,No Unusual Condition,Daylight,Intersection <= 20ft,0.0,1,1.0,Driver,South,Making Left Turn,Pedestrian,South,Proceeding Straight,POINT (-122.48954 37.772324),9.0,8.0,4.0,12.0,12
37683,vw_geo_sfpd_cr_switrs_all_types_col_cty_union.fid-c18a0c2_186644fdb18_2cec,43033,27277000.0,,170588467,37.7752714299091,-122.466018713802,SFPD-CROSSROADS,CITY STREET,07/19/2017 09:15:00 PM,2017 July 19,21:15:00,2017,July,Wednesday,CABRILLO ST,08TH AVE,0.0,Clear,Injury (Complaint of Pain),Vehicle/Pedestrian,Pedestrian,Crossing in Crosswalk at Intersection,Dry,No Unusual Condition,Dark - Street Lights,Intersection <= 20ft,0.0,1,1.0,Driver,East,Proceeding Straight,Pedestrian,South,Proceeding Straight,POINT (-122.46602 37.775272),5.0,8.0,4.0,11.0,21
37712,vw_geo_sfpd_cr_switrs_all_types_col_cty_union.fid-c18a0c2_186644fdb18_3025,45166,27648000.0,,160424633,37.783930868142,-122.483936154727,SFPD-CROSSROADS,CITY STREET,05/24/2016 03:19:00 PM,2016 May 24,15:19:00,2016,May,Tuesday,CALIFORNIA ST,24TH AVE,0.0,Cloudy,Injury (Other Visible),Vehicle/Pedestrian,Pedestrian,Crossing in Crosswalk at Intersection,Dry,No Unusual Condition,Daylight,Intersection <= 20ft,0.0,1,1.0,Driver,East,Proceeding Straight,Pedestrian,South,Not Stated,POINT (-122.48393 37.78393),8.0,8.0,4.0,29.0,15
43937,vw_geo_sfpd_cr_switrs_all_types_col_cty_union.fid-c18a0c2_186644fdb18_6408,3250,33269000.000000004,212101.0,5846641,37.7340235400325,-122.390956219249,SFPD-CROSSROADS,CITY STREET,08/31/2012 05:45:00 PM,2012 August 31,17:45:00,2012,August,Friday,03RD ST,PALOU AVE,6.0,Clear,Injury (Other Visible),Vehicle/Pedestrian,Pedestrian,Crossing in Crosswalk at Intersection,Dry,No Unusual Condition,Daylight,Intersection <= 20ft,0.0,2,1.0,Pedestrian,West,Entering Traffic,Driver,North,Proceeding Straight,POINT (-122.39095 37.734024),86.0,2.0,9.0,1.0,17
43938,vw_geo_sfpd_cr_switrs_all_types_col_cty_union.fid-c18a0c2_186644fdb18_673e,38616,33563000.0,,6072940,37.7350234131915,-122.494014876719,SFPD-CROSSROADS,CITY STREET,11/14/2012 04:19:00 PM,2012 November 14,16:19:00,2012,November,Wednesday,SUNSET BLVD,YORBA ST,0.0,Clear,Injury (Complaint of Pain),Vehicle/Pedestrian,Pedestrian,Crossing in Crosswalk at Intersection,Dry,No Unusual Condition,Daylight,Intersection <= 20ft,0.0,1,1.0,Driver,North,Proceeding Straight,Pedestrian,West,Proceeding Straight,POINT (-122.49402 37.735023),40.0,10.0,7.0,35.0,16
43945,vw_geo_sfpd_cr_switrs_all_types_col_cty_union.fid-c18a0c2_186644fdb18_6677,16984,24294000.000000004,328000.0,6067151,37.7813727057184,-122.409213474574,SFPD-CROSSROADS,CITY STREET,09/06/2012 04:19:00 PM,2012 September 06,16:19:00,2012,September,Thursday,06TH ST,JESSIE ST,13.0,Clear,Injury (Complaint of Pain),Vehicle/Pedestrian,Pedestrian,Crossing Not in Crosswalk,Dry,No Unusual Condition,Daylight,Intersection <= 20ft,0.0,1,1.0,Pedestrian,West,Entering Traffic,Driver,South,Backing,POINT (-122.40921 37.781372),32.0,5.0,10.0,34.0,16
43953,vw_geo_sfpd_cr_switrs_all_types_col_cty_union.fid-c18a0c2_186644fdb18_6505,22950,23597000.0,3071000.0,6049365,37.784743119981,-122.388373613835,SFPD-CROSSROADS,CITY STREET,11/06/2012 03:35:00 PM,2012 November 06,15:35:00,2012,November,Tuesday,BRANNAN ST,THE EMBARCADERO,102.0,Clear,Injury (Severe),Vehicle/Pedestrian,Pedestrian,Crossing Not in Crosswalk,Dry,No Unusual Condition,Daylight,Midblock > 20ft,0.0,1,1.0,Pedestrian,South,Other,Driver,West,Proceeding Straight,POINT (-122.388374 37.784744),31.0,1.0,10.0,8.0,15
43962,vw_geo_sfpd_cr_switrs_all_types_col_cty_union.fid-c18a0c2_186644fdb18_639f,26733,24563000.0,,5780428,37.7897625976391,-122.397574468813,SFPD-CROSSROADS,CITY STREET,07/13/2012 09:23:00 PM,2012 July 13,21:23:00,2012,July,Friday,MISSION ST,01ST ST,0.0,Clear,Injury (Complaint of Pain),Vehicle/Pedestrian,Pedestrian,Crossing in Crosswalk at Intersection,Dry,No Unusual Condition,Dark - Street Lights,Intersection <= 20ft,0.0,1,1.0,Driver,East,Making Left Turn,Pedestrian,North,Proceeding Straight,POINT (-122.397575 37.789764),108.0,1.0,10.0,8.0,21
43978,vw_geo_sfpd_cr_switrs_all_types_col_cty_union.fid-c18a0c2_186644fdb18_60ca,27426,30731000.0,8742101.0,5590032,37.7908991998744,-122.399216342277,SFPD-CROSSROADS,CITY STREET,02/24/2012 01:38:00 PM,2012 February 24,13:38:00,2012,February,Friday,MARKET ST,BATTERY ST,96.0,Clear,Injury (Complaint of Pain),Vehicle/Pedestrian,Pedestrian,Crossing Not in Crosswalk,Dry,No Unusual Condition,Daylight,Midblock > 20ft,0.0,1,1.0,Pedestrian,South,Stopped In Road,Driver,West,Stopped In Road,POINT (-122.399216 37.790897),108.0,6.0,10.0,8.0,13
43994,vw_geo_sfpd_cr_switrs_all_types_col_cty_union.fid-c18a0c2_186644fdb18_6ce1,53568,27156000.000000004,,200562436,37.7659246628,-122.46644249,SFPD-INTERIM DB,CITY STREET,09/18/2020 10:33:00 AM,2020 September 18,10:33:00,2020,September,Friday,LINCOLN WAY,09TH AVE,0.0,Clear,Injury (Complaint of Pain),Vehicle/Pedestrian,Pedestrian,Crossing in Crosswalk at Intersection,Dry,No Unusual Condition,Daylight,Intersection <= 20ft,0.0,1,1.0,Pedestrian,South,Proceeding Straight,Driver,West,Proceeding Straight,POINT (-122.466446 37.765926),9.0,10.0,11.0,14.0,10
43995,vw_geo_sfpd_cr_switrs_all_types_col_cty_union.fid-c18a0c2_186644fdb18_6496,19268,26433000.0,,6046459,37.7682460249755,-122.453352288633,SFPD-CROSSROADS,CITY STREET,11/16/2012 06:50:00 PM,2012 November 16,18:50:00,2012,November,Friday,STANYAN ST,WALLER ST,0.0,Raining,Injury (Complaint of Pain),Vehicle/Pedestrian,Pedestrian,Crossing in Crosswalk at Intersection,Wet,No Unusual Condition,Dark - Street Lights,Intersection <= 20ft,0.0,1,1.0,Driver,East,Making Left Turn,Pedestrian,South,Proceeding Straight,POINT (-122.453354 37.768246),9.0,7.0,11.0,12.0,18
43998,vw_geo_sfpd_cr_switrs_all_types_col_cty_union.fid-c18a0c2_186644fdb18_6731,24976,24935000.0,,6072416,37.7837237830879,-122.414241572541,SFPD-CROSSROADS,CITY STREET,06/01/2012 03:05:00 PM,2012 June 01,15:05:00,2012,June,Friday,EDDY ST,LEAVENWORTH ST,0.0,Clear,Injury (Other Visible),Broadside,Pedestrian,"In Road, Including Shoulder",Dry,No Unusual Condition,Daylight,Intersection <= 20ft,0.0,1,1.0,Pedestrian,East,Proceeding Straight,Driver,North,Proceeding Straight,POINT (-122.41424 37.783722),20.0,5.0,10.0,36.0,15
44003,vw_geo_sfpd_cr_switrs_all_types_col_cty_union.fid-c18a0c2_186644fdb18_611f,37669,22769000.0,2378000.0,5590765,37.7300664275701,-122.466356355831,SFPD-CROSSROADS,CITY STREET,02/06/2012 03:44:00 PM,2012 February 06,15:44:00,2012,February,Monday,APTOS AVE,UPLAND DR,100.0,Clear,Injury (Other Visible),Vehicle/Pedestrian,Pedestrian,Crossing Not in Crosswalk,Dry,No Unusual Condition,Daylight,Midblock > 20ft,0.0,1,1.0,Pedestrian,East,Proceeding Straight,Driver,South,Proceeding Straight,POINT (-122.466354 37.73007),63.0,10.0,8.0,41.0,15
44004,vw_geo_sfpd_cr_switrs_all_types_col_cty_union.fid-c18a0c2_186644fdb18_6e9e,57761,21340000.0,9129000.0,220082367,37.7470488528,-122.418944122,SFPD-INTERIM DB,CITY STREET,02/06/2022 01:57:00 AM,2022 February 06,01:57:00,2022,February,Sunday,MISSION ST,PRECITA AVE,112.0,Clear,Injury (Other Visible),Vehicle/Pedestrian,Pedestrian,Crossing Not in Crosswalk,Dry,No Unusual Condition,Dark - Street Lights,Midblock > 20ft,0.0,1,1.0,Pedestrian,East,Other,Driver,North,Proceeding Straight,POINT (-122.418945 37.747047),83.0,9.0,2.0,2.0,01
44008,vw_geo_sfpd_cr_switrs_all_types_col_cty_union.fid-c18a0c2_186644fdb18_61d2,28950,25186000.0,5065000.0,5684891,37.7829004668703,-122.420766939726,SFPD-CROSSROADS,CITY STREET,03/07/2012 03:10:00 PM,2012 March 07,15:10:00,2012,March,Wednesday,EDDY ST,VAN NESS AVE,15.0,Clear,Injury (Complaint of Pain),Vehicle/Pedestrian,Pedestrian,Crossing Not in Crosswalk,Dry,No Unusual Condition,Daylight,Intersection <= 20ft,0.0,1,1.0,Pedestrian,South,Proceeding Straight,Driver,East,Making Right Turn,POINT (-122.42077 37.7829),20.0,4.0,10.0,36.0,15
44020,vw_geo_sfpd_cr_switrs_all_types_col_cty_union.fid-c18a0c2_186644fdb18_6448,6598,52149000.0,,5910250,37.7497963198995,-122.403896421015,SFPD-CROSSROADS,CITY STREET,09/21/2012 12:39:00 AM,2012 September 21,00:39:00,2012,September,Friday,BAY SHORE BLVD,POTRERO AVE,0.0,Clear,Fatal,Vehicle/Pedestrian,Pedestrian,"In Road, Including Shoulder",Dry,No Unusual Condition,Dark - No Street Lights,Intersection <= 20ft,1.0,0,1.0,Pedestrian,North,Not Stated,Driver,South,Proceeding Straight,POINT (-122.4039 37.749798),54.0,3.0,9.0,20.0,00
44026,vw_geo_sfpd_cr_switrs_all_types_col_cty_union.fid-c18a0c2_186644fdb18_6188,29852,25195000.0,13152202.0,5678705,37.7853652808695,-122.421247097622,SFPD-CROSSROADS,CITY STREET,03/28/2012 09:51:00 PM,2012 March 28,21:51:00,2012,March,Wednesday,VAN NESS AVE,MYRTLE ST,49.0,Cloudy,Injury (Severe),Vehicle/Pedestrian,Pedestrian,Crossing Not in Crosswalk,Dry,No Unusual Condition,Dark - Street Lights,Midblock > 20ft,0.0,1,1.0,Pedestrian,West,Not Stated,Driver,South,Proceeding Straight,POINT (-122.42125 37.785366),20.0,4.0,11.0,36.0,21