,id,unique_id,cnn_intrsctn_fkey,cnn_sgmt_fkey,case_id_pkey,tb_latitude,tb_longitude,geocode_source,geocode_location,collision_datetime,collision_date,collision_time,accident_year,month,day_of_week,primary_rd,secondary_rd,distance,weather_1,collision_severity,type_of_collision,mviw,ped_action,road_surface,road_cond_1,lighting,intersection,number_killed,number_injured,party_at_fault,party1_type,party1_dir_of_travel,party1_move_pre_acc,party2_type,party2_dir_of_travel,party2_move_pre_acc,point,Neighborhoods,Current Police Districts,Current Supervisor Districts,Analysis Neighborhoods,hour
44035,vw_geo_sfpd_cr_switrs_all_types_col_cty_union.fid-c18a0c2_186644fdb18_67d0,41103,27376000.0,,6079129,37.7634674141479,-122.479266518742,SFPD-CROSSROADS,CITY STREET,08/16/2012 09:20:00 AM,2012 August 16,09:20:00,2012,August,Thursday,IRVING ST,21ST AVE,0.0,Cloudy,Injury (Other Visible),Vehicle/Pedestrian,Pedestrian,Crossing in Crosswalk at Intersection,Dry,No Unusual Condition,Daylight,Intersection <= 20ft,0.0,1,1.0,Driver,West,Making Left Turn,Pedestrian,South,Not Stated,POINT (-122.47926 37.763466),39.0,10.0,7.0,35.0,09
44036,vw_geo_sfpd_cr_switrs_all_types_col_cty_union.fid-c18a0c2_186644fdb18_64dd,26585,23606000.0,,6049291,37.7888377793697,-122.389428941973,SFPD-CROSSROADS,CITY STREET,12/04/2012 06:10:00 PM,2012 December 04,18:10:00,2012,December,Tuesday,HARRISON ST,SPEAR ST,0.0,Clear,Injury (Complaint of Pain),Vehicle/Pedestrian,Pedestrian,Crossing in Crosswalk at Intersection,Dry,No Unusual Condition,Dark - Street Lights,Intersection <= 20ft,0.0,1,1.0,Driver,East,Making Left Turn,Pedestrian,North,Proceeding Straight,POINT (-122.38943 37.788837),30.0,1.0,10.0,8.0,18
44037,vw_geo_sfpd_cr_switrs_all_types_col_cty_union.fid-c18a0c2_186644fdb18_66ad,39252,23266000.0,1485000.0,6068112,37.7450030675866,-122.483351280369,SFPD-CROSSROADS,CITY STREET,09/09/2012 12:24:00 PM,2012 September 09,12:24:00,2012,September,Sunday,26TH AVE,SANTIAGO ST,152.0,Clear,Injury (Other Visible),Vehicle/Pedestrian,Pedestrian,Crossing Not in Crosswalk,Dry,No Unusual Condition,Daylight,Midblock > 20ft,0.0,1,1.0,Pedestrian,West,Proceeding Straight,Driver,North,Proceeding Straight,POINT (-122.48335 37.745003),40.0,10.0,7.0,35.0,12
44039,vw_geo_sfpd_cr_switrs_all_types_col_cty_union.fid-c18a0c2_186644fdb18_5ebf,44253,27872000.0,5946000.0,5455914,37.7718369715174,-122.50024302701,SFPD-CROSSROADS,CITY STREET,01/24/2012 06:08:00 PM,2012 January 24,18:08:00,2012,January,Tuesday,FULTON ST,40TH AVE,4.0,Clear,Injury (Other Visible),Vehicle/Pedestrian,Pedestrian,Crossing in Crosswalk Not at Intersection,Dry,No Unusual Condition,Dark - Street Lights,Intersection <= 20ft,0.0,1,1.0,Driver,West,Other,Pedestrian,South,Not Stated,POINT (-122.500244 37.771835),9.0,8.0,4.0,12.0,18
44055,vw_geo_sfpd_cr_switrs_all_types_col_cty_union.fid-c18a0c2_186644fdb18_62dc,42632,27453000.000000004,5923000.0,5761160,37.7730091974484,-122.474593144976,SFPD-CROSSROADS,CITY STREET,07/09/2012 02:49:00 PM,2012 July 09,14:49:00,2012,July,Monday,FULTON ST,16TH AVE,12.0,Cloudy,Injury (Severe),Vehicle/Pedestrian,Pedestrian,Crossing in Crosswalk at Intersection,Dry,No Unusual Condition,Daylight,Intersection <= 20ft,0.0,1,1.0,Driver,West,Proceeding Straight,Pedestrian,South,Proceeding Straight,POINT (-122.474594 37.77301),5.0,8.0,4.0,29.0,14
44059,vw_geo_sfpd_cr_switrs_all_types_col_cty_union.fid-c18a0c2_186644fdb18_6e65,57432,20868000.000000004,3046000.0,220096493,37.7232424254,-122.409437234,SFPD-INTERIM DB,CITY STREET,02/11/2022 07:00:00 PM,2022 February 11,19:00:00,2022,February,Friday,BOWDOIN ST,WOOLSEY ST,72.0,Clear,Injury (Other Visible),Broadside,Pedestrian,"In Road, Including Shoulder",Dry,No Unusual Condition,Dark - Street Lights,Midblock > 20ft,0.0,1,1.0,Driver,East,Proceeding Straight,Pedestrian,North,Proceeding Straight,POINT (-122.40944 37.723244),91.0,2.0,2.0,25.0,19
44065,vw_geo_sfpd_cr_switrs_all_types_col_cty_union.fid-c18a0c2_186644fdb18_719d,58445,34007000.0,9582002.0,220281086,37.7278362526226,-122.398885200161,SFPD-INTERIM DB,CITY STREET,04/30/2022 12:06:00 AM,2022 April 30,00:06:00,2022,April,Saturday,LYDIA AVE,NEWHALL ST,28.0,Clear,Injury (Complaint of Pain),Vehicle/Pedestrian,Pedestrian,"In Road, Including Shoulder",Dry,No Unusual Condition,Dark - Street Lights,Midblock > 20ft,0.0,1,1.0,Driver,West,Not Stated,Pedestrian,West,Proceeding Straight,POINT (-122.39889 37.727837),86.0,2.0,9.0,1.0,00
44066,vw_geo_sfpd_cr_switrs_all_types_col_cty_union.fid-c18a0c2_186644fdb18_6594,31608,26844000.0,10766000.0,6058768,37.7863903505709,-122.446627195733,SFPD-CROSSROADS,CITY STREET,03/26/2012 05:06:00 PM,2012 March 26,17:06:00,2012,March,Monday,PRESIDIO AVE,PINE ST,32.0,Clear,Injury (Other Visible),Vehicle/Pedestrian,Pedestrian,Crossing in Crosswalk at Intersection,Dry,No Unusual Condition,Daylight,Midblock > 20ft,0.0,1,1.0,Driver,West,Making Left Turn,Pedestrian,East,Other,POINT (-122.446625 37.786392),11.0,8.0,6.0,31.0,17
44069,vw_geo_sfpd_cr_switrs_all_types_col_cty_union.fid-c18a0c2_186644fdb18_6534,21852,25946000.0,7954000.0,6049415,37.7792423327817,-122.426825408895,SFPD-CROSSROADS,CITY STREET,10/22/2012 02:16:00 PM,2012 October 22,14:16:00,2012,October,Monday,LAGUNA ST,MCALLISTER ST,6.0,Cloudy,Injury (Other Visible),Vehicle/Pedestrian,Pedestrian,Crossing in Crosswalk at Intersection,Dry,No Unusual Condition,Daylight,Intersection <= 20ft,0.0,1,1.0,Driver,South,Proceeding Straight,Pedestrian,West,Not Stated,POINT (-122.42683 37.779243),97.0,4.0,11.0,39.0,14
44071,vw_geo_sfpd_cr_switrs_all_types_col_cty_union.fid-c18a0c2_186644fdb18_6521,37997,23070000.0,,6049395,37.7310323550775,-122.471797435888,SFPD-CROSSROADS,CITY STREET,10/25/2012 05:25:00 PM,2012 October 25,17:25:00,2012,October,Thursday,JUNIPERO SERRA BLVD,OCEAN AVE,0.0,Clear,Injury (Complaint of Pain),Vehicle/Pedestrian,Pedestrian,Crossing in Crosswalk at Intersection,Dry,No Unusual Condition,Daylight,Intersection <= 20ft,0.0,1,1.0,Driver,South,Proceeding Straight,Pedestrian,East,Proceeding Straight,POINT (-122.471794 37.731033),63.0,10.0,8.0,41.0,17
44075,vw_geo_sfpd_cr_switrs_all_types_col_cty_union.fid-c18a0c2_186644fdb18_632f,29433,25196000.0,5816000.0,5762790,37.78456178748,-122.422841192349,SFPD-CROSSROADS,CITY STREET,06/19/2012 07:14:00 PM,2012 June 19,19:14:00,2012,June,Tuesday,FRANKLIN ST,STARR KING WAY,6.0,Clear,Injury (Severe),Vehicle/Pedestrian,Pedestrian,Crossing in Crosswalk at Intersection,Dry,No Unusual Condition,Daylight,Intersection <= 20ft,0.0,1,1.0,Driver,East,Making Left Turn,Pedestrian,West,Not Stated,POINT (-122.422844 37.78456),100.0,4.0,11.0,39.0,19
44093,vw_geo_sfpd_cr_switrs_all_types_col_cty_union.fid-c18a0c2_186644fdb18_648c,29540,26589000.0,5545000.0,6046436,37.7830768378042,-122.432662524242,SFPD-CROSSROADS,CITY STREET,11/13/2012 02:04:00 PM,2012 November 13,14:04:00,2012,November,Tuesday,FILLMORE ST,OFARRELL ST,80.0,Clear,Injury (Other Visible),Vehicle/Pedestrian,Pedestrian,Crossing Not in Crosswalk,Dry,No Unusual Condition,Daylight,Midblock > 20ft,0.0,1,1.0,Pedestrian,West,Not Stated,Driver,South,Proceeding Straight,POINT (-122.43266 37.783077),97.0,4.0,11.0,39.0,14
44094,vw_geo_sfpd_cr_switrs_all_types_col_cty_union.fid-c18a0c2_186644fdb18_6dbb,24602,24933000.0,,180256541,37.7825850333,-122.415693872,SFPD-INTERIM DB,CITY STREET,04/07/2018 07:22:00 AM,2018 April 07,07:22:00,2018,April,Saturday,TURK ST,HYDE ST,0.0,Cloudy,Injury (Complaint of Pain),Head-On,Pedestrian,Crossing in Crosswalk at Intersection,Wet,No Unusual Condition,Daylight,Intersection <= 20ft,0.0,1,1.0,Driver,South,Making Left Turn,Pedestrian,East,Proceeding Straight,POINT (-122.415695 37.782585),20.0,5.0,10.0,36.0,07
44103,vw_geo_sfpd_cr_switrs_all_types_col_cty_union.fid-c18a0c2_186644fdb18_628b,38215,33724000.0,11958101.0,5748112,37.7340412833806,-122.490455210421,SFPD-CROSSROADS,CITY STREET,06/04/2012 05:16:00 PM,2012 June 04,17:16:00,2012,June,Monday,SLOAT BLVD,HAVENSIDE DR,6.0,Clear,Injury (Complaint of Pain),Vehicle/Pedestrian,Pedestrian,"In Road, Including Shoulder",Dry,No Unusual Condition,Daylight,Intersection <= 20ft,0.0,1,1.0,Driver,West,Stopped In Road,Pedestrian,South,Other,POINT (-122.490456 37.734043),43.0,10.0,8.0,35.0,17
44108,vw_geo_sfpd_cr_switrs_all_types_col_cty_union.fid-c18a0c2_186644fdb18_630f,16247,23906000.0,,5762357,37.7807914833764,-122.399616232554,SFPD-CROSSROADS,CITY STREET,06/29/2012 12:31:00 PM,2012 June 29,12:31:00,2012,June,Friday,HARRISON ST,04TH ST,0.0,Clear,Injury (Severe),Vehicle/Pedestrian,Pedestrian,Crossing in Crosswalk at Intersection,Dry,No Unusual Condition,Daylight,Intersection <= 20ft,0.0,1,1.0,Driver,West,Proceeding Straight,Pedestrian,North,Proceeding Straight,POINT (-122.39961 37.780792),32.0,1.0,10.0,34.0,12
44112,vw_geo_sfpd_cr_switrs_all_types_col_cty_union.fid-c18a0c2_186644fdb18_617e,29070,25191000.0,5812000.0,5678682,37.7827027819837,-122.422467264393,SFPD-CROSSROADS,CITY STREET,03/14/2012 08:40:00 PM,2012 March 14,20:40:00,2012,March,Wednesday,FRANKLIN ST,EDDY ST,6.0,Raining,Injury (Other Visible),Vehicle/Pedestrian,Pedestrian,Crossing in Crosswalk at Intersection,Wet,No Unusual Condition,Dark - Street Lights,Intersection <= 20ft,0.0,1,1.0,Driver,North,Making Left Turn,Pedestrian,West,Proceeding Straight,POINT (-122.42247 37.782703),100.0,4.0,11.0,39.0,20
44113,vw_geo_sfpd_cr_switrs_all_types_col_cty_union.fid-c18a0c2_186644fdb18_6459,13625,24349000.0,549102.0,5910266,37.769574171161,-122.415472424089,SFPD-CROSSROADS,CITY STREET,05/17/2012 12:55:00 PM,2012 May 17,12:55:00,2012,May,Thursday,13TH ST,FOLSOM ST,31.0,Clear,Fatal,Vehicle/Pedestrian,Pedestrian,Crossing Not in Crosswalk,Dry,No Unusual Condition,Daylight,Midblock > 20ft,1.0,0,2.0,Driver,East,Making Right Turn,Pedestrian,East,Not Stated,POINT (-122.415474 37.769573),53.0,3.0,10.0,20.0,12
44115,vw_geo_sfpd_cr_switrs_all_types_col_cty_union.fid-c18a0c2_186644fdb18_6e99,57796,23592000.0,12547101.0,220100884,37.7820523168,-122.38838664,SFPD-INTERIM DB,CITY STREET,02/13/2022 08:20:00 PM,2022 February 13,20:20:00,2022,February,Sunday,THE EMBARCADERO,TOWNSEND ST,100.0,Clear,Injury (Complaint of Pain),Vehicle/Pedestrian,Pedestrian,Crossing Not in Crosswalk,Dry,No Unusual Condition,Dark - Street Lights,Midblock > 20ft,0.0,1,1.0,Pedestrian,East,Other,Driver,South,Proceeding Straight,POINT (-122.38839 37.78205),31.0,1.0,10.0,8.0,20
44117,vw_geo_sfpd_cr_switrs_all_types_col_cty_union.fid-c18a0c2_186644fdb18_67d5,11751,24165000.0,796000.0,6079142,37.7634340314544,-122.419439849529,SFPD-CROSSROADS,CITY STREET,08/31/2012 02:02:00 AM,2012 August 31,02:02:00,2012,August,Friday,17TH ST,MISSION ST,21.0,Cloudy,Injury (Other Visible),Head-On,Pedestrian,Crossing Not in Crosswalk,Dry,No Unusual Condition,Dark - Street Lights,Midblock > 20ft,0.0,1,1.0,Pedestrian,South,Crossed Into Opposing Lane,Driver,East,Proceeding Straight,POINT (-122.41944 37.763435),53.0,3.0,2.0,20.0,02
44123,vw_geo_sfpd_cr_switrs_all_types_col_cty_union.fid-c18a0c2_186644fdb18_64ac,33744,25332000.0,,6046509,37.7986968613972,-122.407869496142,SFPD-CROSSROADS,CITY STREET,12/22/2012 10:12:00 AM,2012 December 22,10:12:00,2012,December,Saturday,COLUMBUS AVE,VALLEJO ST,0.0,Cloudy,Injury (Complaint of Pain),Vehicle/Pedestrian,Pedestrian,Crossing in Crosswalk at Intersection,Wet,No Unusual Condition,Daylight,Intersection <= 20ft,0.0,1,1.0,Driver,South,Making Left Turn,Pedestrian,East,Proceeding Straight,POINT (-122.40787 37.7987),106.0,6.0,3.0,23.0,10
44128,vw_geo_sfpd_cr_switrs_all_types_col_cty_union.fid-c18a0c2_186644fdb18_638e,2517,20124000.0,11783000.0,5778633,37.7273618063161,-122.384241096731,SFPD-CROSSROADS,CITY STREET,06/08/2012 03:26:00 PM,2012 June 08,15:26:00,2012,June,Friday,SHAFTER AVE,INGALLS ST,312.0,Clear,Injury (Complaint of Pain),Broadside,Pedestrian,Crossing Not in Crosswalk,Dry,No Unusual Condition,Daylight,Midblock > 20ft,0.0,1,1.0,Pedestrian,South,Proceeding Straight,Driver,West,Proceeding Straight,POINT (-122.38424 37.727364),78.0,2.0,9.0,1.0,15
44132,vw_geo_sfpd_cr_switrs_all_types_col_cty_union.fid-c18a0c2_186644fdb18_6eb4,57493,20538000.0,12595000.0,220114653,37.7313723119,-122.397264802,SFPD-INTERIM DB,CITY STREET,02/19/2022 03:21:00 PM,2022 February 19,15:21:00,2022,February,Saturday,THORNTON AVE,NEPTUNE ST,120.0,Clear,Injury (Complaint of Pain),Vehicle/Pedestrian,Pedestrian,Crossing Not in Crosswalk,Dry,No Unusual Condition,Daylight,Midblock > 20ft,0.0,1,1.0,Driver,East,Proceeding Straight,Pedestrian,North,Entering Traffic,POINT (-122.39726 37.731373),87.0,2.0,9.0,1.0,15
44134,vw_geo_sfpd_cr_switrs_all_types_col_cty_union.fid-c18a0c2_186644fdb18_731a,56377,21838000.0,,210413170,37.7398692303,-122.424147154,SFPD-INTERIM DB,CITY STREET,07/01/2021 05:10:00 PM,2021 July 01,17:10:00,2021,July,Thursday,SAN JOSE AVE,RANDALL ST,0.0,Clear,Injury (Other Visible),Vehicle/Pedestrian,Pedestrian,Crossing in Crosswalk at Intersection,Dry,No Unusual Condition,Daylight,Intersection <= 20ft,0.0,1,1.0,Driver,South,Making Left Turn,Pedestrian,West,Proceeding Straight,POINT (-122.42415 37.73987),59.0,9.0,5.0,10.0,17
44135,vw_geo_sfpd_cr_switrs_all_types_col_cty_union.fid-c18a0c2_186644fdb18_6247,39038,23179000.0,12392000.0,5734808,37.7431549345187,-122.473294909735,SFPD-CROSSROADS,CITY STREET,05/01/2012 01:50:00 PM,2012 May 01,13:50:00,2012,May,Tuesday,TARAVAL ST,17TH AVE,75.0,Clear,Injury (Other Visible),Vehicle/Pedestrian,Pedestrian,"In Road, Including Shoulder",Dry,No Unusual Condition,Daylight,Midblock > 20ft,0.0,1,1.0,Driver,West,Proceeding Straight,Pedestrian,North,Proceeding Straight,POINT (-122.4733 37.743156),44.0,10.0,8.0,41.0,13
44136,vw_geo_sfpd_cr_switrs_all_types_col_cty_union.fid-c18a0c2_186644fdb18_67e2,26438,24965000.0,,6080405,37.7876635987877,-122.413353963378,SFPD-CROSSROADS,CITY STREET,04/30/2012 02:04:00 AM,2012 April 30,02:04:00,2012,April,Monday,POST ST,JONES ST,0.0,Clear,Injury (Complaint of Pain),Vehicle/Pedestrian,Pedestrian,Crossing in Crosswalk at Intersection,Dry,No Unusual Condition,Dark - Street Lights,Intersection <= 20ft,0.0,1,1.0,Driver,West,Making Left Turn,Pedestrian,North,Not Stated,POINT (-122.41335 37.787663),50.0,6.0,3.0,36.0,02
44150,vw_geo_sfpd_cr_switrs_all_types_col_cty_union.fid-c18a0c2_186644fdb18_6476,39888,23473000.0,,6040304,37.7476046783435,-122.499654138051,SFPD-CROSSROADS,CITY STREET,10/17/2012 12:00:00 PM,2012 October 17,12:00:00,2012,October,Wednesday,41ST AVE,QUINTARA ST,0.0,Clear,Injury (Other Visible),Broadside,Pedestrian,"In Road, Including Shoulder",Dry,No Unusual Condition,Daylight,Intersection <= 20ft,0.0,1,1.0,Pedestrian,West,Proceeding Straight,Driver,North,Proceeding Straight,POINT (-122.49966 37.747604),39.0,10.0,7.0,35.0,12
44156,vw_geo_sfpd_cr_switrs_all_types_col_cty_union.fid-c18a0c2_186644fdb18_6771,24932,24926000.0,,6076515,37.7850745964433,-122.411139801256,SFPD-CROSSROADS,CITY STREET,04/14/2012 11:36:00 AM,2012 April 14,11:36:00,2012,April,Saturday,ELLIS ST,TAYLOR ST,0.0,Clear,Injury (Complaint of Pain),Vehicle/Pedestrian,Pedestrian,Crossing in Crosswalk at Intersection,Dry,No Unusual Condition,Daylight,Intersection <= 20ft,0.0,1,1.0,Driver,North,Making Left Turn,Pedestrian,North,Proceeding Straight,POINT (-122.41114 37.785076),20.0,5.0,10.0,36.0,11
44162,vw_geo_sfpd_cr_switrs_all_types_col_cty_union.fid-c18a0c2_186644fdb18_66ed,36918,22578000.0,,6068204,37.7200302430855,-122.457158341796,SFPD-CROSSROADS,CITY STREET,09/24/2012 02:35:00 PM,2012 September 24,14:35:00,2012,September,Monday,GRANADA AVE,GRAFTON AVE,0.0,Clear,Injury (Other Visible),Vehicle/Pedestrian,Pedestrian,Crossing in Crosswalk at Intersection,Dry,No Unusual Condition,Daylight,Intersection <= 20ft,0.0,1,1.0,Driver,West,Proceeding Straight,Pedestrian,North,Proceeding Straight,POINT (-122.45716 37.72003),64.0,10.0,1.0,24.0,14
44183,vw_geo_sfpd_cr_switrs_all_types_col_cty_union.fid-c18a0c2_186644fdb18_6428,19244,26403000.0,,5868599,37.7670066807359,-122.448013160725,SFPD-CROSSROADS,CITY STREET,07/06/2012 06:31:00 PM,2012 July 06,18:31:00,2012,July,Friday,FREDERICK ST,CLAYTON ST,0.0,Clear,Injury (Complaint of Pain),Head-On,Pedestrian,Crossing in Crosswalk at Intersection,Dry,No Unusual Condition,Daylight,Intersection <= 20ft,0.0,1,1.0,Driver,West,Making Left Turn,Pedestrian,South,Proceeding Straight,POINT (-122.44801 37.767006),114.0,7.0,11.0,3.0,18
44191,vw_geo_sfpd_cr_switrs_all_types_col_cty_union.fid-c18a0c2_186644fdb18_6163,10867,26152000.000000004,,5668834,37.7577986320192,-122.443216510146,SFPD-CROSSROADS,CITY STREET,03/14/2012 08:45:00 AM,2012 March 14,08:45:00,2012,March,Wednesday,SHORT ST,MARKET ST,0.0,Raining,Injury (Severe),Vehicle/Pedestrian,Pedestrian,Crossing in Crosswalk at Intersection,Wet,No Unusual Condition,Daylight,Intersection <= 20ft,0.0,1,1.0,Driver,North,Proceeding Straight,Pedestrian,East,Not Stated,POINT (-122.443214 37.757797),115.0,3.0,5.0,5.0,08
44193,vw_geo_sfpd_cr_switrs_all_types_col_cty_union.fid-c18a0c2_186644fdb18_71b1,58023,22576000.0,,220324692,37.7200333021156,-122.456133498804,SFPD-INTERIM DB,CITY STREET,05/18/2022 10:19:00 AM,2022 May 18,10:19:00,2022,May,Wednesday,PLYMOUTH AVE,GRAFTON AVE,0.0,Clear,Injury (Severe),Head-On,Pedestrian,Crossing Not in Crosswalk,Dry,No Unusual Condition,Daylight,Intersection <= 20ft,0.0,1,1.0,Pedestrian,East,Entering Traffic,Driver,South,Proceeding Straight,POINT (-122.45613 37.72003),64.0,10.0,1.0,24.0,10
44200,vw_geo_sfpd_cr_switrs_all_types_col_cty_union.fid-c18a0c2_186644fdb18_64be,34156,24881000.000000004,2771000.0,6046549,37.8066486948762,-122.405714030661,SFPD-CROSSROADS,CITY STREET,12/19/2012 08:10:00 AM,2012 December 19,08:10:00,2012,December,Wednesday,BAY ST,THE EMBARCADERO,18.0,Clear,Injury (Complaint of Pain),Vehicle/Pedestrian,Pedestrian,Crossing in Crosswalk at Intersection,Dry,No Unusual Condition,Daylight,Intersection <= 20ft,0.0,1,1.0,Driver,East,Making Right Turn,Pedestrian,North,Proceeding Straight,POINT (-122.405716 37.80665),99.0,6.0,3.0,23.0,08
44201,vw_geo_sfpd_cr_switrs_all_types_col_cty_union.fid-c18a0c2_186644fdb18_701d,58187,27229000.0,6055101.0,220426668,37.7812555330762,-122.457370303165,SFPD-INTERIM DB,CITY STREET,06/29/2022 11:20:00 AM,2022 June 29,11:20:00,2022,June,Wednesday,GEARY BLVD,PALM AVE,115.0,Cloudy,Injury (Complaint of Pain),Vehicle/Pedestrian,Pedestrian,Not in Road,Dry,No Unusual Condition,Daylight,Midblock > 20ft,0.0,1,1.0,Driver,North,Proceeding Straight,Pedestrian,West,Proceeding Straight,POINT (-122.45737 37.781254),12.0,8.0,4.0,18.0,11
44204,vw_geo_sfpd_cr_switrs_all_types_col_cty_union.fid-c18a0c2_186644fdb18_64cc,31490,26822000.0,3563000.0,6048926,37.7878513130106,-122.442143134728,SFPD-CROSSROADS,CITY STREET,11/15/2012 09:40:00 AM,2012 November 15,09:40:00,2012,November,Thursday,CALIFORNIA ST,BRODERICK ST,10.0,Clear,Injury (Complaint of Pain),Vehicle/Pedestrian,Pedestrian,Crossing in Crosswalk at Intersection,Dry,No Unusual Condition,Daylight,Intersection <= 20ft,0.0,1,1.0,Driver,West,Proceeding Straight,Pedestrian,South,Proceeding Straight,POINT (-122.44215 37.78785),103.0,8.0,6.0,30.0,09
44205,vw_geo_sfpd_cr_switrs_all_types_col_cty_union.fid-c18a0c2_186644fdb18_66cd,32117,25252000.0,,6068168,37.7909731915997,-122.417391334523,SFPD-CROSSROADS,CITY STREET,09/18/2012 07:50:00 PM,2012 September 18,19:50:00,2012,September,Tuesday,HYDE ST,CALIFORNIA ST,0.0,Clear,Injury (Complaint of Pain),Vehicle/Pedestrian,Pedestrian,Crossing in Crosswalk at Intersection,Dry,No Unusual Condition,Dark - Street Lights,Intersection <= 20ft,0.0,1,1.0,Driver,South,Making Right Turn,Pedestrian,East,Proceeding Straight,POINT (-122.41739 37.790974),16.0,6.0,3.0,21.0,19
44206,vw_geo_sfpd_cr_switrs_all_types_col_cty_union.fid-c18a0c2_186644fdb18_7243,58514,32856000.0,,220262832,37.7714283948285,-122.453979522907,SFPD-INTERIM DB,CITY STREET,04/22/2022 12:02:00 PM,2022 April 22,12:02:00,2022,April,Friday,STANYAN ST,OAK ST,0.0,Clear,Injury (Complaint of Pain),Vehicle/Pedestrian,Pedestrian,Crossing in Crosswalk at Intersection,Dry,No Unusual Condition,Daylight,Intersection <= 20ft,0.0,1,1.0,Driver,East,Making Left Turn,Pedestrian,North,Proceeding Straight,POINT (-122.45398 37.771427),24.0,7.0,11.0,12.0,12
44212,vw_geo_sfpd_cr_switrs_all_types_col_cty_union.fid-c18a0c2_186644fdb18_6281,9490,24052000.0,,5744590,37.7628732264961,-122.412898763667,SFPD-CROSSROADS,CITY STREET,05/26/2012 02:30:00 PM,2012 May 26,14:30:00,2012,May,Saturday,HARRISON ST,MARIPOSA ST,0.0,Clear,Injury (Complaint of Pain),Vehicle/Pedestrian,Pedestrian,"In Road, Including Shoulder",Dry,No Unusual Condition,Daylight,Intersection <= 20ft,0.0,1,1.0,Driver,South,Proceeding Straight,Pedestrian,West,Making Left Turn,POINT (-122.412895 37.762875),53.0,3.0,2.0,20.0,14
44225,vw_geo_sfpd_cr_switrs_all_types_col_cty_union.fid-c18a0c2_186644fdb18_6c98,55348,22049000.0,,210225301,37.7176653093,-122.440106606,SFPD-INTERIM DB,CITY STREET,04/12/2021 01:26:00 PM,2021 April 12,13:26:00,2021,April,Monday,SENECA AVE,MISSION ST,0.0,Clear,Injury (Complaint of Pain),Vehicle/Pedestrian,Pedestrian,Crossing in Crosswalk at Intersection,Dry,No Unusual Condition,Daylight,Intersection <= 20ft,0.0,1,1.0,Driver,East,Making Right Turn,Pedestrian,North,Proceeding Straight,POINT (-122.44011 37.717667),80.0,9.0,1.0,28.0,13
44226,vw_geo_sfpd_cr_switrs_all_types_col_cty_union.fid-c18a0c2_186644fdb18_67c2,25390,24892000.0,8746201.0,6076757,37.785978143556,-122.405613010375,SFPD-CROSSROADS,CITY STREET,07/31/2012 08:05:00 PM,2012 July 31,20:05:00,2012,July,Tuesday,MARKET ST,04TH ST,105.0,Clear,Injury (Complaint of Pain),Broadside,Pedestrian,Crossing Not in Crosswalk,Dry,No Unusual Condition,Daylight,Midblock > 20ft,0.0,1,1.0,Pedestrian,North,Other,Bicyclist,West,Proceeding Straight,POINT (-122.40562 37.785976),19.0,5.0,3.0,8.0,20
44227,vw_geo_sfpd_cr_switrs_all_types_col_cty_union.fid-c18a0c2_186644fdb18_66fa,13504,24216000.000000004,,6068216,37.7694111910927,-122.410931087581,SFPD-CROSSROADS,CITY STREET,09/22/2012 01:12:00 PM,2012 September 22,13:12:00,2012,September,Saturday,BRYANT ST,DIVISION ST,0.0,Clear,Injury (Other Visible),Vehicle/Pedestrian,Pedestrian,Crossing in Crosswalk at Intersection,Dry,No Unusual Condition,Daylight,Intersection <= 20ft,0.0,1,2.0,Driver,East,Making Left Turn,Pedestrian,North,Proceeding Straight,POINT (-122.410934 37.769413),32.0,3.0,10.0,20.0,13
44243,vw_geo_sfpd_cr_switrs_all_types_col_cty_union.fid-c18a0c2_186644fdb18_678b,37230,23056000.0,,6076551,37.7207799468199,-122.476069669767,SFPD-CROSSROADS,CITY STREET,04/04/2012 06:48:00 PM,2012 April 04,18:48:00,2012,April,Wednesday,HOLLOWAY AVE,VARELA AVE,0.0,Clear,Injury (Complaint of Pain),Vehicle/Pedestrian,Pedestrian,Crossing in Crosswalk at Intersection,Dry,No Unusual Condition,Daylight,Intersection <= 20ft,0.0,1,1.0,Driver,West,Proceeding Straight,Pedestrian,North,Proceeding Straight,POINT (-122.47607 37.72078),42.0,10.0,8.0,16.0,18
44250,vw_geo_sfpd_cr_switrs_all_types_col_cty_union.fid-c18a0c2_186644fdb18_634f,22245,26049000.0,12131000.0,5769691,37.7814594120015,-122.434021845647,SFPD-CROSSROADS,CITY STREET,07/11/2012 07:44:00 PM,2012 July 11,19:44:00,2012,July,Wednesday,STEINER ST,EDDY ST,89.0,Clear,Injury (Severe),Broadside,Pedestrian,Crossing Not in Crosswalk,Dry,No Unusual Condition,Daylight,Midblock > 20ft,0.0,1,1.0,Pedestrian,West,Other,Driver,North,Proceeding Straight,POINT (-122.43402 37.78146),97.0,4.0,11.0,39.0,19
44258,vw_geo_sfpd_cr_switrs_all_types_col_cty_union.fid-c18a0c2_186644fdb18_6dd8,57584,21829000.0,,220166698,37.7374062471,-122.424040149,SFPD-INTERIM DB,CITY STREET,03/13/2022 12:39:00 PM,2022 March 13,12:39:00,2022,March,Sunday,MISSION ST,HIGHLAND AVE,0.0,Clear,Injury (Severe),Vehicle/Pedestrian,Pedestrian,Crossing in Crosswalk at Intersection,Dry,No Unusual Condition,Daylight,Intersection <= 20ft,0.0,1,1.0,Driver,North,Proceeding Straight,Pedestrian,East,Other,POINT (-122.42404 37.737408),61.0,9.0,5.0,2.0,12