,id,unique_id,cnn_intrsctn_fkey,cnn_sgmt_fkey,case_id_pkey,tb_latitude,tb_longitude,geocode_source,geocode_location,collision_datetime,collision_date,collision_time,accident_year,month,day_of_week,primary_rd,secondary_rd,distance,weather_1,collision_severity,type_of_collision,mviw,ped_action,road_surface,road_cond_1,lighting,intersection,number_killed,number_injured,party_at_fault,party1_type,party1_dir_of_travel,party1_move_pre_acc,party2_type,party2_dir_of_travel,party2_move_pre_acc,point,Neighborhoods,Current Police Districts,Current Supervisor Districts,Analysis Neighborhoods,hour
44259,vw_geo_sfpd_cr_switrs_all_types_col_cty_union.fid-c18a0c2_186644fdb18_6d6c,57514,20236000.0,,220128886,37.7419502413,-122.386554541,SFPD-INTERIM DB,CITY STREET,02/25/2022 04:00:00 PM,2022 February 25,16:00:00,2022,February,Friday,EVANS AVE,NEWHALL ST,0.0,Clear,Injury (Severe),Vehicle/Pedestrian,Pedestrian,Crossing in Crosswalk at Intersection,Dry,No Unusual Condition,Daylight,Intersection <= 20ft,0.0,1,1.0,Driver,West,Proceeding Straight,Pedestrian,South,Proceeding Straight,POINT (-122.38655 37.74195),76.0,2.0,9.0,1.0,16
44260,vw_geo_sfpd_cr_switrs_all_types_col_cty_union.fid-c18a0c2_186644fdb18_72cf,57907,20472000.0,,220246842,37.7224316039158,-122.39562276028,SFPD-INTERIM DB,CITY STREET,04/15/2022 03:26:00 PM,2022 April 15,15:26:00,2022,April,Friday,03RD ST,GILMAN AVE,0.0,Clear,Injury (Other Visible),Sideswipe,Pedestrian,Crossing Not in Crosswalk,Dry,No Unusual Condition,Daylight,Intersection <= 20ft,0.0,2,1.0,Pedestrian,West,Entering Traffic,Pedestrian,West,Entering Traffic,POINT (-122.39562 37.72243),88.0,2.0,9.0,1.0,15
44263,vw_geo_sfpd_cr_switrs_all_types_col_cty_union.fid-c18a0c2_186644fdb18_6735,26053,24941000.0,,6072900,37.786939706966,-122.411515767762,SFPD-CROSSROADS,CITY STREET,11/03/2012 11:50:00 AM,2012 November 03,11:50:00,2012,November,Saturday,GEARY ST,TAYLOR ST,0.0,Clear,Injury (Complaint of Pain),Vehicle/Pedestrian,Pedestrian,Crossing in Crosswalk at Intersection,Dry,No Unusual Condition,Daylight,Intersection <= 20ft,0.0,1,1.0,Driver,West,Making Left Turn,Pedestrian,South,Not Stated,POINT (-122.411514 37.78694),20.0,6.0,3.0,36.0,11
44276,vw_geo_sfpd_cr_switrs_all_types_col_cty_union.fid-c18a0c2_186644fdb18_6686,11249,24160000.0,,6067170,37.7617009088718,-122.421578400927,SFPD-CROSSROADS,CITY STREET,08/29/2012 03:49:00 PM,2012 August 29,15:49:00,2012,August,Wednesday,VALENCIA ST,18TH ST,0.0,Clear,Injury (Other Visible),Vehicle/Pedestrian,Pedestrian,Crossing in Crosswalk at Intersection,Dry,No Unusual Condition,Daylight,Intersection <= 20ft,0.0,1,1.0,Driver,North,Making Right Turn,Pedestrian,West,Proceeding Straight,POINT (-122.42158 37.7617),37.0,3.0,5.0,20.0,15
44288,vw_geo_sfpd_cr_switrs_all_types_col_cty_union.fid-c18a0c2_186644fdb18_64bd,16375,23946000.0,,6046545,37.7797389057742,-122.407159488403,SFPD-CROSSROADS,CITY STREET,12/19/2012 07:02:00 PM,2012 December 19,19:02:00,2012,December,Wednesday,06TH ST,HOWARD ST,0.0,Clear,Injury (Complaint of Pain),Vehicle/Pedestrian,Pedestrian,Crossing in Crosswalk at Intersection,Dry,No Unusual Condition,Dark - Street Lights,Intersection <= 20ft,0.0,1,1.0,Driver,West,Making Left Turn,Pedestrian,East,Proceeding Straight,POINT (-122.40716 37.77974),32.0,1.0,10.0,34.0,19
44291,vw_geo_sfpd_cr_switrs_all_types_col_cty_union.fid-c18a0c2_186644fdb18_6272,24369,24334000.0,8238000.0,5739514,37.7818216650217,-122.413857181444,SFPD-CROSSROADS,CITY STREET,06/17/2012 08:20:00 PM,2012 June 17,20:20:00,2012,June,Sunday,LEAVENWORTH ST,GOLDEN GATE AVE,15.0,Cloudy,Injury (Complaint of Pain),Vehicle/Pedestrian,Pedestrian,Crossing Not in Crosswalk,Dry,No Unusual Condition,Dusk - Dawn,Intersection <= 20ft,0.0,1,1.0,Pedestrian,West,Other,Driver,North,Stopped In Road,POINT (-122.41386 37.781822),21.0,5.0,10.0,36.0,20
44294,vw_geo_sfpd_cr_switrs_all_types_col_cty_union.fid-c18a0c2_186644fdb18_6697,16162,24280000.0,,6067188,37.7793146749369,-122.406628199591,SFPD-CROSSROADS,CITY STREET,09/12/2012 02:45:00 PM,2012 September 12,14:45:00,2012,September,Wednesday,TEHAMA ST,06TH ST,0.0,Clear,Injury (Complaint of Pain),Vehicle/Pedestrian,Pedestrian,Crossing Not in Crosswalk,Dry,"Holes, Deep Ruts",Daylight,Intersection <= 20ft,0.0,1,1.0,Pedestrian,North,Proceeding Straight,Driver,West,Making Left Turn,POINT (-122.40663 37.779316),32.0,1.0,10.0,34.0,14
44295,vw_geo_sfpd_cr_switrs_all_types_col_cty_union.fid-c18a0c2_186644fdb18_616e,24417,24431000.0,6262000.0,5668862,37.7816573620681,-122.415480864722,SFPD-CROSSROADS,CITY STREET,03/14/2012 09:20:00 AM,2012 March 14,09:20:00,2012,March,Wednesday,GOLDEN GATE AVE,HYDE ST,7.0,Fog,Injury (Complaint of Pain),Vehicle/Pedestrian,Pedestrian,Crossing in Crosswalk at Intersection,Wet,No Unusual Condition,Daylight,Intersection <= 20ft,0.0,1,1.0,Driver,East,Making Left Turn,Pedestrian,North,Proceeding Straight,POINT (-122.41548 37.78166),20.0,5.0,10.0,36.0,09
44301,vw_geo_sfpd_cr_switrs_all_types_col_cty_union.fid-c18a0c2_186644fdb18_7300,58337,52261000.0,,220336001,37.7211553067383,-122.447751554247,SFPD-INTERIM DB,CITY STREET,05/23/2022 06:56:00 AM,2022 May 23,06:56:00,2022,May,Monday,GENEVA AVE,I-280 N ON RAMP,0.0,Clear,Injury (Complaint of Pain),Vehicle/Pedestrian,Pedestrian,Crossing in Crosswalk at Intersection,Dry,No Unusual Condition,Daylight,Intersection <= 20ft,0.0,1,1.0,Driver,East,Making Right Turn,Pedestrian,North,Proceeding Straight,POINT (-122.447754 37.721157),80.0,9.0,1.0,28.0,06
44304,vw_geo_sfpd_cr_switrs_all_types_col_cty_union.fid-c18a0c2_186644fdb18_6ff5,57894,26481000.0,,220245985,37.7778268636134,-122.453384995394,SFPD-INTERIM DB,CITY STREET,04/15/2022 08:15:00 AM,2022 April 15,08:15:00,2022,April,Friday,TURK BLVD,PARKER AVE,0.0,Clear,Injury (Complaint of Pain),Vehicle/Pedestrian,Pedestrian,Crossing in Crosswalk at Intersection,Dry,No Unusual Condition,Daylight,Intersection <= 20ft,0.0,1,,Driver,East,Proceeding Straight,Pedestrian,North,Proceeding Straight,POINT (-122.453384 37.77783),12.0,7.0,4.0,18.0,08
44318,vw_geo_sfpd_cr_switrs_all_types_col_cty_union.fid-c18a0c2_186644fdb18_73b7,57229,24241000.0,,210496869,37.7698150783494,-122.417753193886,SFPD-INTERIM DB,CITY STREET,08/05/2021 01:48:00 PM,2021 August 05,13:48:00,2021,August,Thursday,13TH ST,SOUTH VAN NESS AVE,0.0,Clear,Injury (Complaint of Pain),Head-On,Pedestrian,Crossing in Crosswalk at Intersection,Dry,No Unusual Condition,Daylight,Intersection <= 20ft,0.0,1,1.0,Driver,West,Making Left Turn,Pedestrian,South,Stopped,POINT (-122.417755 37.769814),53.0,3.0,2.0,20.0,13
44324,vw_geo_sfpd_cr_switrs_all_types_col_cty_union.fid-c18a0c2_186644fdb18_6006,16374,23946000.0,,5553722,37.7797389057742,-122.407159488403,SFPD-CROSSROADS,CITY STREET,01/13/2012 12:15:00 PM,2012 January 13,12:15:00,2012,January,Friday,06TH ST,HOWARD ST,0.0,Clear,Injury (Complaint of Pain),Vehicle/Pedestrian,Pedestrian,Crossing in Crosswalk at Intersection,Dry,No Unusual Condition,Daylight,Intersection <= 20ft,0.0,1,1.0,Driver,West,Making Left Turn,Pedestrian,West,Not Stated,POINT (-122.40716 37.77974),32.0,1.0,10.0,34.0,12
44325,vw_geo_sfpd_cr_switrs_all_types_col_cty_union.fid-c18a0c2_186644fdb18_613f,35075,26715000.0,8455201.0,5592567,37.8008921781428,-122.42783985543,SFPD-CROSSROADS,CITY STREET,01/28/2012 12:33:00 PM,2012 January 28,12:33:00,2012,January,Saturday,LOMBARD ST,GOUGH ST,6.0,Clear,Injury (Complaint of Pain),Overturned,Pedestrian,Crossing in Crosswalk at Intersection,Dry,No Unusual Condition,Daylight,Intersection <= 20ft,0.0,1,1.0,Driver,East,Making Right Turn,Pedestrian,North,Proceeding Straight,POINT (-122.42784 37.80089),17.0,4.0,6.0,13.0,12
44334,vw_geo_sfpd_cr_switrs_all_types_col_cty_union.fid-c18a0c2_186644fdb18_673a,1727,21486000.0,,6072924,37.7164595455178,-122.441019562439,SFPD-CROSSROADS,CITY STREET,11/28/2012 06:11:00 PM,2012 November 28,18:11:00,2012,November,Wednesday,GENEVA AVE,MISSION ST,0.0,Clear,Injury (Complaint of Pain),Vehicle/Pedestrian,Pedestrian,Crossing in Crosswalk at Intersection,Dry,No Unusual Condition,Dark - Street Lights,Intersection <= 20ft,0.0,1,1.0,Driver,West,Making Left Turn,Pedestrian,North,Proceeding Straight,POINT (-122.44102 37.71646),80.0,9.0,1.0,28.0,18
44336,vw_geo_sfpd_cr_switrs_all_types_col_cty_union.fid-c18a0c2_186644fdb18_72c0,57953,24910000.0,,220225476,37.7894336822298,-122.406956987476,SFPD-INTERIM DB,CITY STREET,04/06/2022 02:57:00 PM,2022 April 06,14:57:00,2022,April,Wednesday,STOCKTON ST,SUTTER ST,0.0,Clear,Injury (Complaint of Pain),Vehicle/Pedestrian,Pedestrian,Crossing in Crosswalk at Intersection,Dry,No Unusual Condition,Daylight,Intersection <= 20ft,0.0,1,1.0,Driver,South,Making Left Turn,Pedestrian,East,Proceeding Straight,POINT (-122.40696 37.789433),19.0,6.0,3.0,8.0,14
44338,vw_geo_sfpd_cr_switrs_all_types_col_cty_union.fid-c18a0c2_186644fdb18_5fa7,14201,24201000.0,6732000.0,5483590,37.7737490039533,-122.408529866327,SFPD-CROSSROADS,CITY STREET,01/17/2012 12:30:00 PM,2012 January 17,12:30:00,2012,January,Tuesday,HARRISON ST,08TH ST,6.0,Clear,Injury (Other Visible),Vehicle/Pedestrian,Pedestrian,Crossing in Crosswalk at Intersection,Dry,No Unusual Condition,Daylight,Intersection <= 20ft,0.0,1,1.0,Pedestrian,South,Other,Driver,West,Slowing/Stopping,POINT (-122.40853 37.77375),32.0,1.0,10.0,34.0,12
44339,vw_geo_sfpd_cr_switrs_all_types_col_cty_union.fid-c18a0c2_186644fdb18_626d,36121,27020000.0,,5739477,37.8051600901235,-122.447286871021,SFPD-CROSSROADS,CITY STREET,06/17/2012 01:35:00 PM,2012 June 17,13:35:00,2012,June,Sunday,MARINA BLVD,BAKER ST,0.0,Clear,Injury (Complaint of Pain),Vehicle/Pedestrian,Pedestrian,Crossing in Crosswalk at Intersection,Dry,No Unusual Condition,Daylight,Intersection <= 20ft,0.0,1,1.0,Driver,West,Proceeding Straight,Pedestrian,North,Proceeding Straight,POINT (-122.44729 37.80516),17.0,4.0,6.0,13.0,13
44342,vw_geo_sfpd_cr_switrs_all_types_col_cty_union.fid-c18a0c2_186644fdb18_6802,3392,20213000.0,,6083794,37.7363901948074,-122.39014505107,SFPD-CROSSROADS,CITY STREET,03/11/2012 03:57:00 AM,2012 March 11,03:57:00,2012,March,Sunday,03RD ST,MCKINNON AVE,0.0,Cloudy,Injury (Complaint of Pain),Vehicle/Pedestrian,Pedestrian,Crossing in Crosswalk at Intersection,Dry,No Unusual Condition,Dark - Street Lights,Intersection <= 20ft,0.0,2,1.0,Pedestrian,East,Other,Driver,South,Proceeding Straight,POINT (-122.390144 37.73639),86.0,2.0,9.0,1.0,03
44343,vw_geo_sfpd_cr_switrs_all_types_col_cty_union.fid-c18a0c2_186644fdb18_693b,20621,24448000.0,,6131742,37.7763688693975,-122.419506293892,SFPD-CROSSROADS,CITY STREET,07/30/2012 10:44:00 AM,2012 July 30,10:44:00,2012,July,Monday,VAN NESS AVE,FELL ST,0.0,Clear,Injury (Other Visible),Vehicle/Pedestrian,Pedestrian,Crossing in Crosswalk at Intersection,Dry,No Unusual Condition,Daylight,Intersection <= 20ft,0.0,1,1.0,Driver,South,Proceeding Straight,Pedestrian,West,Proceeding Straight,POINT (-122.41951 37.776367),21.0,4.0,11.0,9.0,10
44344,vw_geo_sfpd_cr_switrs_all_types_col_cty_union.fid-c18a0c2_186644fdb18_7227,57910,24175000.0,,220266016,37.7649962696372,-122.420580608005,SFPD-INTERIM DB,CITY STREET,04/23/2022 05:55:00 PM,2022 April 23,17:55:00,2022,April,Saturday,16TH ST,HOFF ST,0.0,Clear,Injury (Other Visible),Vehicle/Pedestrian,Pedestrian,Crossing Not in Crosswalk,Dry,No Unusual Condition,Daylight,Intersection <= 20ft,0.0,1,1.0,Pedestrian,North,Proceeding Straight,Driver,West,Proceeding Straight,POINT (-122.42058 37.764996),53.0,3.0,2.0,20.0,17
44358,vw_geo_sfpd_cr_switrs_all_types_col_cty_union.fid-c18a0c2_186644fdb18_67a1,45315,27856000.0,,6076638,37.781627238947,-122.493446344653,SFPD-CROSSROADS,CITY STREET,05/29/2012 03:46:00 PM,2012 May 29,15:46:00,2012,May,Tuesday,CLEMENT ST,33RD AVE,0.0,Clear,Injury (Complaint of Pain),Vehicle/Pedestrian,Pedestrian,Crossing in Crosswalk at Intersection,Dry,No Unusual Condition,Daylight,Intersection <= 20ft,0.0,1,1.0,Driver,South,Making Left Turn,Pedestrian,East,Other,POINT (-122.49345 37.781628),8.0,8.0,4.0,17.0,15
44361,vw_geo_sfpd_cr_switrs_all_types_col_cty_union.fid-c18a0c2_186644fdb18_675a,22081,25966000.0,,6076242,37.7797827938853,-122.4302332366,SFPD-CROSSROADS,CITY STREET,07/15/2012 08:45:00 AM,2012 July 15,08:45:00,2012,July,Sunday,WEBSTER ST,GOLDEN GATE AVE,0.0,Cloudy,Injury (Complaint of Pain),Head-On,Pedestrian,Crossing in Crosswalk at Intersection,Dry,No Unusual Condition,Daylight,Intersection <= 20ft,0.0,1,1.0,Driver,North,Making Left Turn,Pedestrian,West,Not Stated,POINT (-122.43024 37.77978),97.0,4.0,11.0,39.0,08
44368,vw_geo_sfpd_cr_switrs_all_types_col_cty_union.fid-c18a0c2_186644fdb18_624d,24625,24933000.0,12720000.0,5734824,37.7825587312628,-122.415899846188,SFPD-CROSSROADS,CITY STREET,05/01/2012 01:31:00 PM,2012 May 01,13:31:00,2012,May,Tuesday,TURK ST,HYDE ST,60.0,Clear,Injury (Complaint of Pain),Vehicle/Pedestrian,Pedestrian,"In Road, Including Shoulder",Dry,No Unusual Condition,Daylight,Midblock > 20ft,0.0,1,1.0,Driver,West,Backing,Pedestrian,North,Not Stated,POINT (-122.4159 37.78256),20.0,5.0,10.0,36.0,13
44381,vw_geo_sfpd_cr_switrs_all_types_col_cty_union.fid-c18a0c2_186644fdb18_67b0,24450,24431000.0,,6076674,37.7816542616751,-122.415505178752,SFPD-CROSSROADS,CITY STREET,06/11/2012 01:05:00 PM,2012 June 11,13:05:00,2012,June,Monday,HYDE ST,GOLDEN GATE AVE,0.0,Clear,Injury (Complaint of Pain),Vehicle/Pedestrian,Pedestrian,Crossing Not in Crosswalk,Dry,No Unusual Condition,Daylight,Intersection <= 20ft,0.0,1,1.0,Pedestrian,West,Stopped In Road,Driver,South,Stopped In Road,POINT (-122.415504 37.781654),21.0,5.0,10.0,36.0,13
44404,vw_geo_sfpd_cr_switrs_all_types_col_cty_union.fid-c18a0c2_186644fdb18_67d8,27088,30725000.0,12553103.0,6079145,37.7948383400964,-122.394166899775,SFPD-CROSSROADS,CITY STREET,08/22/2012 05:18:00 PM,2012 August 22,17:18:00,2012,August,Wednesday,THE EMBARCADERO,DON CHEE WAY,345.0,Clear,Injury (Other Visible),Vehicle/Pedestrian,Pedestrian,Crossing in Crosswalk at Intersection,Dry,No Unusual Condition,Daylight,Midblock > 20ft,0.0,1,1.0,Pedestrian,East,Proceeding Straight,Bicyclist,South,Proceeding Straight,POINT (-122.394165 37.794838),108.0,6.0,3.0,8.0,17
44406,vw_geo_sfpd_cr_switrs_all_types_col_cty_union.fid-c18a0c2_186644fdb18_6340,29375,26489000.000000004,,5763678,37.7836190972985,-122.42265254436,SFPD-CROSSROADS,CITY STREET,07/12/2012 08:40:00 AM,2012 July 12,08:40:00,2012,July,Thursday,ELLIS ST,FRANKLIN ST,0.0,Clear,Injury (Complaint of Pain),Vehicle/Pedestrian,Pedestrian,Crossing in Crosswalk at Intersection,Dry,No Unusual Condition,Daylight,Intersection <= 20ft,0.0,1,1.0,Driver,North,Making Left Turn,Pedestrian,South,Proceeding Straight,POINT (-122.42265 37.78362),100.0,4.0,11.0,39.0,08
44408,vw_geo_sfpd_cr_switrs_all_types_col_cty_union.fid-c18a0c2_186644fdb18_647d,33733,25332000.0,4293000.0,6042505,37.7986256543409,-122.407766689888,SFPD-CROSSROADS,CITY STREET,11/06/2012 10:55:00 AM,2012 November 06,10:55:00,2012,November,Tuesday,COLUMBUS AVE,VALLEJO ST,39.0,Clear,Injury (Complaint of Pain),Vehicle/Pedestrian,Pedestrian,Crossing in Crosswalk Not at Intersection,Dry,No Unusual Condition,Daylight,Midblock > 20ft,0.0,1,1.0,Pedestrian,East,Proceeding Straight,Driver,South,Making Left Turn,POINT (-122.40777 37.798626),106.0,6.0,3.0,6.0,10
44411,vw_geo_sfpd_cr_switrs_all_types_col_cty_union.fid-c18a0c2_186644fdb18_6501,16494,23944000.0,,6049361,37.7814995083039,-122.404933346348,SFPD-CROSSROADS,CITY STREET,11/10/2012 03:31:00 PM,2012 November 10,15:31:00,2012,November,Saturday,05TH ST,HOWARD ST,0.0,Clear,Injury (Severe),Broadside,Pedestrian,Crossing in Crosswalk at Intersection,Dry,No Unusual Condition,Daylight,Intersection <= 20ft,0.0,1,1.0,Driver,West,Making Left Turn,Pedestrian,South,Proceeding Straight,POINT (-122.40493 37.781498),32.0,1.0,10.0,34.0,15
44414,vw_geo_sfpd_cr_switrs_all_types_col_cty_union.fid-c18a0c2_186644fdb18_66e6,20561,30746000.000000004,,6068196,37.7765408937212,-122.417501462587,SFPD-CROSSROADS,CITY STREET,09/16/2012 07:41:00 PM,2012 September 16,19:41:00,2012,September,Sunday,10TH ST,MARKET ST,0.0,Clear,Injury (Other Visible),Head-On,Pedestrian,Crossing in Crosswalk at Intersection,Dry,No Unusual Condition,Dark - Street Lights,Intersection <= 20ft,0.0,1,1.0,Pedestrian,East,Proceeding Straight,Driver,South,Proceeding Straight,POINT (-122.4175 37.776543),21.0,5.0,10.0,34.0,19
44419,vw_geo_sfpd_cr_switrs_all_types_col_cty_union.fid-c18a0c2_186644fdb18_6d8f,57350,23754000.0,4629000.0,220045246,37.7662037329,-122.401727207,SFPD-INTERIM DB,CITY STREET,01/21/2022 08:42:00 AM,2022 January 21,08:42:00,2022,January,Friday,DE HARO ST,16TH ST,26.0,Clear,Injury (Severe),Vehicle/Pedestrian,Pedestrian,Crossing in Crosswalk at Intersection,Dry,No Unusual Condition,Daylight,Midblock > 20ft,0.0,1,1.0,Driver,South,Making Left Turn,Pedestrian,South,Proceeding Straight,POINT (-122.401726 37.766205),33.0,1.0,9.0,4.0,08
44420,vw_geo_sfpd_cr_switrs_all_types_col_cty_union.fid-c18a0c2_186644fdb18_64f3,44757,27596000.0,,6049335,37.7849939728614,-122.464572159395,SFPD-CROSSROADS,CITY STREET,12/01/2012 10:10:00 AM,2012 December 01,10:10:00,2012,December,Saturday,CALIFORNIA ST,06TH AVE,0.0,Raining,Injury (Other Visible),Vehicle/Pedestrian,Pedestrian,Crossing in Crosswalk at Intersection,Wet,No Unusual Condition,Daylight,Intersection <= 20ft,0.0,1,1.0,Driver,North,Making Left Turn,Pedestrian,South,Other,POINT (-122.46457 37.784992),4.0,8.0,4.0,11.0,10
44422,vw_geo_sfpd_cr_switrs_all_types_col_cty_union.fid-c18a0c2_186644fdb18_62c1,38988,23161000.0,,5761043,37.7411866395936,-122.475539787717,SFPD-CROSSROADS,CITY STREET,06/12/2012 07:20:00 AM,2012 June 12,07:20:00,2012,June,Tuesday,19TH AVE,ULLOA ST,0.0,Clear,Injury (Severe),Vehicle/Pedestrian,Pedestrian,Crossing in Crosswalk at Intersection,Dry,No Unusual Condition,Daylight,Intersection <= 20ft,0.0,1,1.0,Driver,North,Making Left Turn,Pedestrian,West,Proceeding Straight,POINT (-122.47554 37.741188),40.0,10.0,8.0,41.0,07
44441,vw_geo_sfpd_cr_switrs_all_types_col_cty_union.fid-c18a0c2_186644fdb18_63e9,12638,54032000.0,8764101.0,5800794,37.7668930103511,-122.42958243723,SFPD-CROSSROADS,CITY STREET,08/15/2012 12:51:00 AM,2012 August 15,00:51:00,2012,August,Wednesday,MARKET ST,CHURCH ST,287.0,Clear,Injury (Severe),Vehicle/Pedestrian,Pedestrian,Crossing Not in Crosswalk,Dry,No Unusual Condition,Dark - Street Lights,Midblock > 20ft,0.0,1,1.0,Pedestrian,South,Not Stated,Driver,West,Proceeding Straight,POINT (-122.42958 37.76689),37.0,3.0,5.0,5.0,00
44450,vw_geo_sfpd_cr_switrs_all_types_col_cty_union.fid-c18a0c2_186644fdb18_650c,19420,26025000.0,6610000.0,6049372,37.7714839309147,-122.43533810266,SFPD-CROSSROADS,CITY STREET,10/26/2012 10:40:00 AM,2012 October 26,10:40:00,2012,October,Friday,HAIGHT ST,SCOTT ST,10.0,Clear,Injury (Other Visible),Vehicle/Pedestrian,Pedestrian,Crossing in Crosswalk at Intersection,Dry,No Unusual Condition,Daylight,Intersection <= 20ft,0.0,1,1.0,Bicyclist,West,Proceeding Straight,Pedestrian,South,Proceeding Straight,POINT (-122.43534 37.771484),26.0,4.0,11.0,3.0,10
44453,vw_geo_sfpd_cr_switrs_all_types_col_cty_union.fid-c18a0c2_186644fdb18_6252,36875,22551000.0,931000.0,5734868,37.7161941212034,-122.471637015431,SFPD-CROSSROADS,CITY STREET,05/01/2012 04:15:00 PM,2012 May 01,16:15:00,2012,May,Tuesday,19TH AVE,RANDOLPH ST,31.0,Clear,Injury (Complaint of Pain),Vehicle/Pedestrian,Pedestrian,Crossing Not in Crosswalk,Dry,No Unusual Condition,Daylight,Midblock > 20ft,0.0,1,1.0,Driver,South,Passing Other Vehicle,Pedestrian,South,Other,POINT (-122.471634 37.716194),65.0,10.0,1.0,24.0,16
44454,vw_geo_sfpd_cr_switrs_all_types_col_cty_union.fid-c18a0c2_186644fdb18_60af,41425,27691000.0,1752000.0,5585490,37.7534572544021,-122.492542655433,SFPD-CROSSROADS,CITY STREET,02/16/2012 02:18:00 PM,2012 February 16,14:18:00,2012,February,Thursday,34TH AVE,NORIEGA ST,27.0,Clear,Injury (Complaint of Pain),Vehicle/Pedestrian,Pedestrian,Crossing Not in Crosswalk,Dry,No Unusual Condition,Daylight,Midblock > 20ft,0.0,1,1.0,Pedestrian,East,Other,Driver,South,Making Left Turn,POINT (-122.492546 37.753456),39.0,10.0,7.0,35.0,14
44464,vw_geo_sfpd_cr_switrs_all_types_col_cty_union.fid-c18a0c2_186644fdb18_61d9,30781,26528000.0,,5684908,37.7887868947336,-122.427059671957,SFPD-CROSSROADS,CITY STREET,03/08/2012 07:00:00 PM,2012 March 08,19:00:00,2012,March,Thursday,PINE ST,OCTAVIA ST,0.0,Clear,Injury (Other Visible),Broadside,Pedestrian,Crossing in Crosswalk at Intersection,Dry,No Unusual Condition,Dark - Street Lights,Intersection <= 20ft,0.0,1,1.0,Driver,West,Making Right Turn,Pedestrian,South,Proceeding Straight,POINT (-122.42706 37.788788),102.0,4.0,6.0,30.0,19
44470,vw_geo_sfpd_cr_switrs_all_types_col_cty_union.fid-c18a0c2_186644fdb18_6fab,38802,22835000.0,,170314030,37.7400484568271,-122.463746565428,SFPD-CROSSROADS,CITY STREET,04/17/2017 11:10:00 AM,2017 April 17,11:10:00,2017,April,Monday,PORTOLA DR,DORCHESTER WAY,0.0,Cloudy,Injury (Complaint of Pain),Vehicle/Pedestrian,Pedestrian,Crossing in Crosswalk Not at Intersection,Dry,No Unusual Condition,Daylight,Intersection <= 20ft,0.0,1,,Driver,East,Backing,Pedestrian,North,Proceeding Straight,POINT (-122.463745 37.740047),116.0,10.0,8.0,41.0,11
44471,vw_geo_sfpd_cr_switrs_all_types_col_cty_union.fid-c18a0c2_186644fdb18_7356,57228,24097000.0,13074000.0,210444896,37.7504921332165,-122.420505692985,SFPD-INTERIM DB,CITY STREET,07/14/2021 02:43:00 PM,2021 July 14,14:43:00,2021,July,Wednesday,VALENCIA ST,25TH ST,5.0,Clear,Injury (Complaint of Pain),Vehicle/Pedestrian,Pedestrian,Crossing in Crosswalk at Intersection,Dry,No Unusual Condition,Daylight,Intersection <= 20ft,0.0,1,1.0,Driver,West,Making Left Turn,Pedestrian,East,Proceeding Straight,POINT (-122.42051 37.750492),53.0,3.0,5.0,20.0,14
44474,vw_geo_sfpd_cr_switrs_all_types_col_cty_union.fid-c18a0c2_186644fdb18_6313,34329,25480000.0,,5762365,37.8067580832717,-122.412141424594,SFPD-CROSSROADS,CITY STREET,06/25/2012 06:33:00 PM,2012 June 25,18:33:00,2012,June,Monday,NORTH POINT ST,POWELL ST,0.0,Clear,Injury (Other Visible),Vehicle/Pedestrian,Pedestrian,Crossing Not in Crosswalk,Dry,No Unusual Condition,Daylight,Intersection <= 20ft,0.0,2,1.0,Pedestrian,North,Proceeding Straight,Bicyclist,East,Proceeding Straight,POINT (-122.41214 37.80676),99.0,6.0,3.0,23.0,18
44475,vw_geo_sfpd_cr_switrs_all_types_col_cty_union.fid-c18a0c2_186644fdb18_7175,57982,22655000.0,9828101.0,220313065,37.7246898445028,-122.459954956554,SFPD-INTERIM DB,CITY STREET,05/13/2022 03:30:00 PM,2022 May 13,15:30:00,2022,May,Friday,OCEAN AVE,FAXON AVE,25.0,Clear,Injury (Severe),Vehicle/Pedestrian,Pedestrian,Crossing Not in Crosswalk,Dry,No Unusual Condition,Daylight,Midblock > 20ft,0.0,1,1.0,Pedestrian,South,Proceeding Straight,Driver,West,Proceeding Straight,POINT (-122.45995 37.72469),71.0,10.0,8.0,24.0,15
44492,vw_geo_sfpd_cr_switrs_all_types_col_cty_union.fid-c18a0c2_186644fdb18_64a9,12828,25830000.0,8770101.0,6046501,37.7617019644954,-122.438343798607,SFPD-CROSSROADS,CITY STREET,12/25/2012 05:42:00 PM,2012 December 25,17:42:00,2012,December,Tuesday,MARKET ST,EUREKA ST,6.0,Raining,Injury (Other Visible),Vehicle/Pedestrian,Pedestrian,Crossing in Crosswalk at Intersection,Wet,No Unusual Condition,Dusk - Dawn,Intersection <= 20ft,0.0,1,1.0,Driver,East,Making Left Turn,Pedestrian,South,Proceeding Straight,POINT (-122.43835 37.761703),115.0,3.0,5.0,5.0,17
44493,vw_geo_sfpd_cr_switrs_all_types_col_cty_union.fid-c18a0c2_186644fdb18_6e0b,57630,22223000.0,,220176681,37.7234570073,-122.454115753,SFPD-INTERIM DB,CITY STREET,03/17/2022 02:40:00 PM,2022 March 17,14:40:00,2022,March,Thursday,OCEAN AVE,LEE AVE,0.0,Clear,Injury (Complaint of Pain),Vehicle/Pedestrian,Pedestrian,Crossing Not in Crosswalk,Dry,No Unusual Condition,Daylight,Intersection <= 20ft,0.0,1,1.0,Pedestrian,North,Crossed Into Opposing Lane,Driver,West,Proceeding Straight,POINT (-122.45412 37.723457),64.0,10.0,8.0,24.0,14