,id,unique_id,cnn_intrsctn_fkey,cnn_sgmt_fkey,case_id_pkey,tb_latitude,tb_longitude,geocode_source,geocode_location,collision_datetime,collision_date,collision_time,accident_year,month,day_of_week,primary_rd,secondary_rd,distance,weather_1,collision_severity,type_of_collision,mviw,ped_action,road_surface,road_cond_1,lighting,intersection,number_killed,number_injured,party_at_fault,party1_type,party1_dir_of_travel,party1_move_pre_acc,party2_type,party2_dir_of_travel,party2_move_pre_acc,point,Neighborhoods,Current Police Districts,Current Supervisor Districts,Analysis Neighborhoods,hour
44494,vw_geo_sfpd_cr_switrs_all_types_col_cty_union.fid-c18a0c2_186644fdb18_6123,1263,21428000.0,9497201.0,5590770,37.7135537606243,-122.436644511337,SFPD-CROSSROADS,CITY STREET,02/13/2012 07:15:00 AM,2012 February 13,07:15:00,2012,February,Monday,NAPLES ST,ROLPH ST,3.0,Cloudy,Injury (Complaint of Pain),Vehicle/Pedestrian,Pedestrian,Crossing in Crosswalk at Intersection,Dry,No Unusual Condition,Dusk - Dawn,Intersection <= 20ft,0.0,1,1.0,Driver,North,Making Right Turn,Pedestrian,East,Proceeding Straight,POINT (-122.436646 37.713554),58.0,9.0,1.0,7.0,07
44497,vw_geo_sfpd_cr_switrs_all_types_col_cty_union.fid-c18a0c2_186644fdb18_730f,51997,24284000.0,9043000.0,190864184,37.7818661916,-122.406475743,SFPD-INTERIM DB,CITY STREET,11/15/2019 07:52:00 AM,2019 November 15,07:52:00,2019,November,Friday,MINNA ST,MARY ST,96.0,Clear,Injury (Severe),Vehicle/Pedestrian,Pedestrian,Crossing Not in Crosswalk,Dry,No Unusual Condition,Daylight,Midblock > 20ft,0.0,1,1.0,Driver,East,Traveling Wrong Way,Pedestrian,East,Proceeding Straight,POINT (-122.40648 37.781868),32.0,1.0,10.0,34.0,07
44499,vw_geo_sfpd_cr_switrs_all_types_col_cty_union.fid-c18a0c2_186644fdb18_6580,8515,33638000.0,1251000.0,6054518,37.7543579612448,-122.405110892698,SFPD-CROSSROADS,CITY STREET,12/21/2012 07:00:00 AM,2012 December 21,07:00:00,2012,December,Friday,23RD ST,UTAH ST,100.0,Raining,Injury (Complaint of Pain),Vehicle/Pedestrian,Pedestrian,Crossing in Crosswalk at Intersection,Wet,No Unusual Condition,Dark - Street Lights,Midblock > 20ft,0.0,2,1.0,Driver,West,Slowing/Stopping,Pedestrian,North,Other,POINT (-122.40511 37.754356),54.0,3.0,9.0,20.0,07
44523,vw_geo_sfpd_cr_switrs_all_types_col_cty_union.fid-c18a0c2_186644fdb18_649d,14199,24201000.0,,6046472,37.7737597004875,-122.408516330757,SFPD-CROSSROADS,CITY STREET,12/19/2012 05:30:00 PM,2012 December 19,17:30:00,2012,December,Wednesday,HARRISON ST,08TH ST,0.0,Clear,Injury (Complaint of Pain),Vehicle/Pedestrian,Pedestrian,Crossing in Crosswalk at Intersection,Dry,No Unusual Condition,Dark - Street Lights,Intersection <= 20ft,0.0,1,1.0,Driver,South,Making Left Turn,Pedestrian,North,Other,POINT (-122.408516 37.773758),32.0,1.0,10.0,34.0,17
44540,vw_geo_sfpd_cr_switrs_all_types_col_cty_union.fid-c18a0c2_186644fdb18_652c,24654,30739000.0,289000.0,6049406,37.7838687041122,-122.407911602359,SFPD-CROSSROADS,CITY STREET,10/16/2012 04:15:00 PM,2012 October 16,16:15:00,2012,October,Tuesday,05TH ST,MARKET ST,63.0,Clear,Injury (Other Visible),Vehicle/Pedestrian,Pedestrian,Crossing Not in Crosswalk,Dry,No Unusual Condition,Daylight,Midblock > 20ft,0.0,1,1.0,Pedestrian,West,Entering Traffic,Driver,South,Proceeding Straight,POINT (-122.40791 37.783867),32.0,5.0,10.0,34.0,16
44544,vw_geo_sfpd_cr_switrs_all_types_col_cty_union.fid-c18a0c2_186644fdb18_5fd8,19873,26345000.0,8852000.0,5484638,37.7721895403177,-122.445738816398,SFPD-CROSSROADS,CITY STREET,01/11/2012 03:53:00 PM,2012 January 11,15:53:00,2012,January,Wednesday,MASONIC AVE,OAK ST,40.0,Clear,Injury (Other Visible),Vehicle/Pedestrian,Pedestrian,Crossing Not in Crosswalk,Dry,No Unusual Condition,Daylight,Midblock > 20ft,0.0,1,1.0,Pedestrian,West,Other,Driver,South,Proceeding Straight,POINT (-122.44574 37.77219),24.0,7.0,11.0,12.0,15
44549,vw_geo_sfpd_cr_switrs_all_types_col_cty_union.fid-c18a0c2_186644fdb18_6267,27384,24741000.0,,5737920,37.7905652372098,-122.405573745432,SFPD-CROSSROADS,CITY STREET,05/17/2012 10:45:00 PM,2012 May 17,22:45:00,2012,May,Thursday,BUSH ST,GRANT AVE,0.0,Clear,Injury (Complaint of Pain),Vehicle/Pedestrian,Pedestrian,Crossing in Crosswalk at Intersection,Dry,No Unusual Condition,Dark - Street Lights,Intersection <= 20ft,0.0,1,1.0,Driver,South,Making Right Turn,Pedestrian,East,Proceeding Straight,POINT (-122.40557 37.790565),19.0,6.0,3.0,8.0,22
44553,vw_geo_sfpd_cr_switrs_all_types_col_cty_union.fid-c18a0c2_186644fdb18_6424,8883,24000000.0,,5866797,37.757762058137,-122.406799736487,SFPD-CROSSROADS,CITY STREET,08/16/2012 12:48:00 PM,2012 August 16,12:48:00,2012,August,Thursday,POTRERO AVE,21ST ST,0.0,Clear,Injury (Complaint of Pain),Vehicle/Pedestrian,Pedestrian,Crossing in Crosswalk at Intersection,Dry,No Unusual Condition,Daylight,Intersection <= 20ft,0.0,1,1.0,Driver,East,Stopped In Road,Pedestrian,East,Stopped In Road,POINT (-122.4068 37.757763),53.0,3.0,2.0,20.0,12
44556,vw_geo_sfpd_cr_switrs_all_types_col_cty_union.fid-c18a0c2_186644fdb18_6f74,57385,21664000.0,,220056964,37.72867748,-122.42528994,SFPD-INTERIM DB,CITY STREET,01/26/2022 10:54:00 AM,2022 January 26,10:54:00,2022,January,Wednesday,SILVER AVE,NAPLES ST,0.0,Clear,Injury (Complaint of Pain),Vehicle/Pedestrian,Pedestrian,Crossing in Crosswalk at Intersection,Dry,No Unusual Condition,Daylight,Intersection <= 20ft,0.0,1,1.0,Driver,East,Proceeding Straight,Pedestrian,North,Proceeding Straight,POINT (-122.42529 37.728676),90.0,9.0,1.0,7.0,10
44557,vw_geo_sfpd_cr_switrs_all_types_col_cty_union.fid-c18a0c2_186644fdb18_70ff,58462,30729000.000000004,,220329818,37.7924055216183,-122.397383445661,SFPD-INTERIM DB,CITY STREET,05/20/2022 10:15:00 AM,2022 May 20,10:15:00,2022,May,Friday,PINE ST,DAVIS ST,0.0,Clear,Injury (Complaint of Pain),Vehicle/Pedestrian,Pedestrian,Crossing in Crosswalk at Intersection,Dry,No Unusual Condition,Daylight,Intersection <= 20ft,0.0,1,1.0,Driver,West,Making Right Turn,Pedestrian,South,Proceeding Straight,POINT (-122.397385 37.792404),108.0,6.0,10.0,8.0,10
44565,vw_geo_sfpd_cr_switrs_all_types_col_cty_union.fid-c18a0c2_186644fdb18_6355,22080,25966000.0,,5774567,37.7797827938853,-122.4302332366,SFPD-CROSSROADS,CITY STREET,07/05/2012 08:45:00 AM,2012 July 05,08:45:00,2012,July,Thursday,WEBSTER ST,GOLDEN GATE AVE,0.0,Cloudy,Injury (Complaint of Pain),Head-On,Pedestrian,Crossing in Crosswalk at Intersection,Dry,No Unusual Condition,Daylight,Intersection <= 20ft,0.0,1,1.0,Driver,North,Making Left Turn,Pedestrian,West,Not Stated,POINT (-122.43024 37.77978),97.0,4.0,11.0,39.0,08
44576,vw_geo_sfpd_cr_switrs_all_types_col_cty_union.fid-c18a0c2_186644fdb18_6781,9039,24128000.0,1054000.0,6076536,37.7587617039751,-122.416914293373,SFPD-CROSSROADS,CITY STREET,04/25/2012 09:41:00 AM,2012 April 25,09:41:00,2012,April,Wednesday,20TH ST,SOUTH VAN NESS AVE,12.0,Cloudy,Injury (Other Visible),Vehicle/Pedestrian,Pedestrian,Crossing Not in Crosswalk,Dry,No Unusual Condition,Daylight,Intersection <= 20ft,0.0,1,1.0,Pedestrian,North,Ran Off Road,Driver,West,Proceeding Straight,POINT (-122.416916 37.758762),53.0,3.0,2.0,20.0,09
44591,vw_geo_sfpd_cr_switrs_all_types_col_cty_union.fid-c18a0c2_186644fdb18_6a03,28979,25186000.0,,6143737,37.7828941222,-122.420817003265,SFPD-CROSSROADS,CITY STREET,03/02/2012 09:53:00 AM,2012 March 02,09:53:00,2012,March,Friday,VAN NESS AVE,EDDY ST,0.0,Clear,Injury (Other Visible),Vehicle/Pedestrian,Pedestrian,Crossing in Crosswalk at Intersection,Dry,No Unusual Condition,Daylight,Intersection <= 20ft,0.0,1,1.0,Driver,North,Making Right Turn,Pedestrian,West,Proceeding Straight,POINT (-122.420815 37.782894),20.0,4.0,10.0,36.0,09
44594,vw_geo_sfpd_cr_switrs_all_types_col_cty_union.fid-c18a0c2_186644fdb18_72a3,31035,26618000.0,,141077215,37.7837176376332,-122.437847943548,SFPD-CROSSROADS,CITY STREET,12/23/2014 08:09:00 AM,2014 December 23,08:09:00,2014,December,Tuesday,SCOTT ST,GEARY BLVD,0.0,Clear,Injury (Complaint of Pain),Vehicle/Pedestrian,Pedestrian,Crossing in Crosswalk at Intersection,Dry,No Unusual Condition,Daylight,Intersection <= 20ft,0.0,1,1.0,Driver,South,Making Left Turn,Pedestrian,North,Proceeding Straight,POINT (-122.43785 37.78372),103.0,4.0,11.0,15.0,08
44599,vw_geo_sfpd_cr_switrs_all_types_col_cty_union.fid-c18a0c2_186644fdb18_66b7,29751,26590000.0,,6068134,37.7843550561563,-122.432914247785,SFPD-CROSSROADS,CITY STREET,08/08/2012 08:41:00 AM,2012 August 08,08:41:00,2012,August,Wednesday,GEARY BLVD,FILLMORE ST,0.0,Clear,Injury (Other Visible),Vehicle/Pedestrian,Pedestrian,Crossing Not in Crosswalk,Dry,No Unusual Condition,Daylight,Intersection <= 20ft,0.0,1,1.0,Pedestrian,North,Proceeding Straight,Driver,East,Making Left Turn,POINT (-122.432915 37.784355),103.0,4.0,11.0,39.0,08
44601,vw_geo_sfpd_cr_switrs_all_types_col_cty_union.fid-c18a0c2_186644fdb18_60c0,10357,24082000.0,,5590019,37.7555024983316,-122.417658992952,SFPD-CROSSROADS,CITY STREET,02/23/2012 04:10:00 PM,2012 February 23,16:10:00,2012,February,Thursday,CAPP ST,22ND ST,0.0,Clear,Injury (Complaint of Pain),Broadside,Pedestrian,Crossing in Crosswalk at Intersection,Dry,No Unusual Condition,Daylight,Intersection <= 20ft,0.0,1,1.0,Driver,North,Proceeding Straight,Pedestrian,West,Proceeding Straight,POINT (-122.417656 37.7555),53.0,3.0,2.0,20.0,16
44610,vw_geo_sfpd_cr_switrs_all_types_col_cty_union.fid-c18a0c2_186644fdb18_67b5,26423,24965000.0,7572000.0,6076698,37.7876503070639,-122.413351156239,SFPD-CROSSROADS,CITY STREET,06/13/2012 08:27:00 PM,2012 June 13,20:27:00,2012,June,Wednesday,JONES ST,POST ST,5.0,Clear,Injury (Complaint of Pain),Vehicle/Pedestrian,Pedestrian,Crossing in Crosswalk at Intersection,Dry,No Unusual Condition,Dark - Street Lights,Intersection <= 20ft,0.0,1,1.0,Pedestrian,East,Not Stated,Driver,South,Making Right Turn,POINT (-122.41335 37.78765),50.0,6.0,3.0,36.0,20
44620,vw_geo_sfpd_cr_switrs_all_types_col_cty_union.fid-c18a0c2_186644fdb18_60c7,15666,24262000.0,,5590028,37.776746108795,-122.407842059796,SFPD-CROSSROADS,CITY STREET,02/27/2012 09:13:00 AM,2012 February 27,09:13:00,2012,February,Monday,07TH ST,FOLSOM ST,0.0,Clear,Injury (Complaint of Pain),Vehicle/Pedestrian,Pedestrian,Crossing in Crosswalk at Intersection,Dry,No Unusual Condition,Daylight,Intersection <= 20ft,0.0,1,1.0,Driver,North,Making Right Turn,Pedestrian,West,Other,POINT (-122.407845 37.776745),32.0,1.0,10.0,34.0,09
44623,vw_geo_sfpd_cr_switrs_all_types_col_cty_union.fid-c18a0c2_186644fdb18_6545,33534,24768000.0,,6049430,37.7982229714129,-122.40386301806,SFPD-CROSSROADS,CITY STREET,10/07/2012 10:32:00 PM,2012 October 07,22:32:00,2012,October,Sunday,BROADWAY,MONTGOMERY ST,0.0,Clear,Injury (Other Visible),Vehicle/Pedestrian,Pedestrian,Crossing in Crosswalk at Intersection,Dry,No Unusual Condition,Dark - Street Lights,Intersection <= 20ft,0.0,2,1.0,Pedestrian,South,Proceeding Straight,Driver,West,Proceeding Straight,POINT (-122.40386 37.79822),106.0,6.0,3.0,23.0,22
44624,vw_geo_sfpd_cr_switrs_all_types_col_cty_union.fid-c18a0c2_186644fdb18_64d1,44507,27916000.0,,6048997,37.7792573212548,-122.502946585738,SFPD-CROSSROADS,CITY STREET,10/01/2012 08:17:00 AM,2012 October 01,08:17:00,2012,October,Monday,GEARY BLVD,42ND AVE,0.0,Clear,Injury (Complaint of Pain),Vehicle/Pedestrian,Pedestrian,Crossing in Crosswalk at Intersection,Dry,No Unusual Condition,Daylight,Intersection <= 20ft,0.0,1,1.0,Driver,East,Proceeding Straight,Pedestrian,North,Entering Traffic,POINT (-122.502945 37.77926),8.0,8.0,4.0,29.0,08
44625,vw_geo_sfpd_cr_switrs_all_types_col_cty_union.fid-c18a0c2_186644fdb18_6e09,57351,26791000.0,8703101.0,220055405,37.80639625,-122.437427361,SFPD-INTERIM DB,CITY STREET,01/25/2022 03:48:00 PM,2022 January 25,15:48:00,2022,January,Tuesday,MARINA BLVD,FILLMORE ST,10.0,Clear,Injury (Other Visible),Vehicle/Pedestrian,Pedestrian,Not in Road,Dry,No Unusual Condition,Daylight,Intersection <= 20ft,0.0,1,1.0,Bicyclist,East,Proceeding Straight,Pedestrian,East,Proceeding Straight,POINT (-122.43742 37.806396),17.0,4.0,6.0,13.0,15
44628,vw_geo_sfpd_cr_switrs_all_types_col_cty_union.fid-c18a0c2_186644fdb18_667a,19314,26342000.0,,6067155,37.7702101745611,-122.445344990058,SFPD-CROSSROADS,CITY STREET,09/09/2012 02:25:00 PM,2012 September 09,14:25:00,2012,September,Sunday,HAIGHT ST,MASONIC AVE,0.0,Clear,Injury (Complaint of Pain),Vehicle/Pedestrian,Pedestrian,Crossing in Crosswalk at Intersection,Dry,No Unusual Condition,Daylight,Intersection <= 20ft,0.0,1,1.0,Driver,West,Making Right Turn,Pedestrian,North,Proceeding Straight,POINT (-122.44534 37.77021),25.0,7.0,11.0,3.0,14
44630,vw_geo_sfpd_cr_switrs_all_types_col_cty_union.fid-c18a0c2_186644fdb18_6320,13812,23895000.0,3086000.0,5762393,37.7736675931809,-122.402425217375,SFPD-CROSSROADS,CITY STREET,06/26/2012 11:10:00 PM,2012 June 26,23:10:00,2012,June,Tuesday,BRANNAN ST,GILBERT ST,100.0,Clear,Injury (Other Visible),Vehicle/Pedestrian,Pedestrian,Crossing Not in Crosswalk,Dry,No Unusual Condition,Dark - Street Lights,Midblock > 20ft,0.0,1,1.0,Pedestrian,South,Proceeding Straight,Driver,West,Proceeding Straight,POINT (-122.40243 37.773666),32.0,1.0,10.0,34.0,23
44631,vw_geo_sfpd_cr_switrs_all_types_col_cty_union.fid-c18a0c2_186644fdb18_6daa,57551,24457000.0,,220148878,37.7761587647,-122.421148424,SFPD-INTERIM DB,CITY STREET,03/05/2022 10:12:00 PM,2022 March 05,22:12:00,2022,March,Saturday,FRANKLIN ST,FELL ST,0.0,Clear,Injury (Other Visible),Vehicle/Pedestrian,Pedestrian,Crossing in Crosswalk at Intersection,Dry,No Unusual Condition,Dark - Street Lights,Intersection <= 20ft,0.0,1,1.0,Pedestrian,West,Proceeding Straight,Driver,North,Proceeding Straight,POINT (-122.42115 37.776157),21.0,4.0,11.0,9.0,22
44633,vw_geo_sfpd_cr_switrs_all_types_col_cty_union.fid-c18a0c2_186644fdb18_6674,21432,24439000.0,8893000.0,6067147,37.7804532809013,-122.417081592014,SFPD-CROSSROADS,CITY STREET,09/12/2012 05:10:00 PM,2012 September 12,17:10:00,2012,September,Wednesday,MCALLISTER ST,LARKIN ST,39.0,Clear,Injury (Complaint of Pain),Vehicle/Pedestrian,Pedestrian,Crossing Not in Crosswalk,Dry,No Unusual Condition,Daylight,Midblock > 20ft,0.0,1,1.0,Pedestrian,South,Not Stated,Driver,West,Proceeding Straight,POINT (-122.41708 37.780453),21.0,4.0,10.0,36.0,17
44637,vw_geo_sfpd_cr_switrs_all_types_col_cty_union.fid-c18a0c2_186644fdb18_627c,20072,26376000.0,,5739589,37.7739353713535,-122.446091727215,SFPD-CROSSROADS,CITY STREET,05/09/2012 07:40:00 AM,2012 May 09,07:40:00,2012,May,Wednesday,MASONIC AVE,HAYES ST,0.0,Clear,Injury (Complaint of Pain),Sideswipe,Pedestrian,Crossing in Crosswalk at Intersection,Dry,No Unusual Condition,Daylight,Intersection <= 20ft,0.0,1,,Driver,East,Making Left Turn,Pedestrian,West,Proceeding Straight,POINT (-122.44609 37.773937),24.0,7.0,11.0,18.0,07
44646,vw_geo_sfpd_cr_switrs_all_types_col_cty_union.fid-c18a0c2_186644fdb18_6d73,6910,21838000.0,11439201.0,180164405,37.7398584071,-122.424163471,SFPD-INTERIM DB,CITY STREET,03/02/2018 06:04:00 PM,2018 March 02,18:04:00,2018,March,Friday,SAN JOSE AVE,RANDALL ST,8.0,Raining,Injury (Complaint of Pain),Broadside,Pedestrian,Crossing in Crosswalk at Intersection,Wet,No Unusual Condition,Dark - Street Lights,Intersection <= 20ft,0.0,1,1.0,Pedestrian,East,Not Stated,Driver,South,Proceeding Straight,POINT (-122.424164 37.739857),61.0,9.0,5.0,2.0,18
44649,vw_geo_sfpd_cr_switrs_all_types_col_cty_union.fid-c18a0c2_186644fdb18_6554,1877,22053000.0,,6049449,37.7186340558954,-122.441317764486,SFPD-CROSSROADS,CITY STREET,10/03/2012 06:00:00 PM,2012 October 03,18:00:00,2012,October,Wednesday,ALEMANY BLVD,SENECA AVE,0.0,Clear,Injury (Other Visible),Vehicle/Pedestrian,Pedestrian,Crossing in Crosswalk at Intersection,Dry,No Unusual Condition,Daylight,Intersection <= 20ft,0.0,1,1.0,Driver,South,Proceeding Straight,Pedestrian,West,Proceeding Straight,POINT (-122.441315 37.718636),80.0,9.0,1.0,28.0,18
44652,vw_geo_sfpd_cr_switrs_all_types_col_cty_union.fid-c18a0c2_186644fdb18_64d6,9720,23781000.0,713000.0,6049017,37.7658937039736,-122.405696763485,SFPD-CROSSROADS,CITY STREET,12/06/2012 09:30:00 PM,2012 December 06,21:30:00,2012,December,Thursday,16TH ST,SAN BRUNO AVE,32.0,Cloudy,Injury (Other Visible),Sideswipe,Pedestrian,Crossing Not in Crosswalk,Dry,No Unusual Condition,Dark - Street Lights,Midblock > 20ft,0.0,1,1.0,Driver,West,Proceeding Straight,Pedestrian,North,Proceeding Straight,POINT (-122.40569 37.765892),54.0,3.0,9.0,20.0,21
44662,vw_geo_sfpd_cr_switrs_all_types_col_cty_union.fid-c18a0c2_186644fdb18_66a6,20459,25916000.0,,6068100,37.7759498628609,-122.422787633911,SFPD-CROSSROADS,CITY STREET,09/26/2012 12:55:00 PM,2012 September 26,12:55:00,2012,September,Wednesday,FELL ST,GOUGH ST,0.0,Clear,Injury (Other Visible),Vehicle/Pedestrian,Pedestrian,Crossing in Crosswalk at Intersection,Dry,No Unusual Condition,Daylight,Intersection <= 20ft,0.0,1,1.0,Driver,East,Making Left Turn,Pedestrian,North,Other,POINT (-122.42279 37.77595),22.0,4.0,11.0,9.0,12
44670,vw_geo_sfpd_cr_switrs_all_types_col_cty_union.fid-c18a0c2_186644fdb18_710e,57851,21645000.0,,220229763,37.7208555804468,-122.431204703494,SFPD-INTERIM DB,CITY STREET,04/08/2022 09:10:00 AM,2022 April 08,09:10:00,2022,April,Friday,PERSIA AVE,NAPLES ST,0.0,Clear,Injury (Complaint of Pain),Vehicle/Pedestrian,Pedestrian,Crossing in Crosswalk at Intersection,Dry,No Unusual Condition,Daylight,Intersection <= 20ft,0.0,1,1.0,Driver,East,Proceeding Straight,Pedestrian,South,Other,POINT (-122.431206 37.720856),90.0,9.0,1.0,7.0,09
44700,vw_geo_sfpd_cr_switrs_all_types_col_cty_union.fid-c18a0c2_186644fdb18_7142,58381,26379000.0,,220281951,37.7758015922906,-122.446470829739,SFPD-INTERIM DB,CITY STREET,04/30/2022 08:04:00 AM,2022 April 30,08:04:00,2022,April,Saturday,FULTON ST,MASONIC AVE,0.0,Clear,Injury (Other Visible),Vehicle/Pedestrian,Pedestrian,Crossing in Crosswalk at Intersection,Dry,No Unusual Condition,Daylight,Intersection <= 20ft,0.0,1,1.0,Driver,North,Making Right Turn,Pedestrian,West,Proceeding Straight,POINT (-122.44647 37.775803),97.0,7.0,11.0,18.0,08
44703,vw_geo_sfpd_cr_switrs_all_types_col_cty_union.fid-c18a0c2_186644fdb18_6489,11920,24175000.0,6935000.0,6046431,37.764873585103,-122.420569420696,SFPD-CROSSROADS,CITY STREET,11/20/2012 06:49:00 PM,2012 November 20,18:49:00,2012,November,Tuesday,HOFF ST,16TH ST,45.0,Cloudy,Injury (Complaint of Pain),Vehicle/Pedestrian,Pedestrian,Crossing Not in Crosswalk,Dry,No Unusual Condition,Dusk - Dawn,Midblock > 20ft,0.0,1,1.0,Pedestrian,West,Entering Traffic,Driver,South,Making Right Turn,POINT (-122.42057 37.764874),53.0,3.0,2.0,20.0,18
44704,vw_geo_sfpd_cr_switrs_all_types_col_cty_union.fid-c18a0c2_186644fdb18_66d5,38186,23122000.0,,6068176,37.731169753561,-122.481787405228,SFPD-CROSSROADS,CITY STREET,09/21/2012 03:35:00 PM,2012 September 21,15:35:00,2012,September,Friday,EUCALYPTUS DR,26TH AVE,0.0,Clear,Injury (Complaint of Pain),Vehicle/Pedestrian,Pedestrian,Crossing in Crosswalk at Intersection,Dry,No Unusual Condition,Daylight,Intersection <= 20ft,0.0,2,1.0,Pedestrian,North,Other,Driver,West,Proceeding Straight,POINT (-122.48179 37.73117),62.0,10.0,8.0,16.0,15
44707,vw_geo_sfpd_cr_switrs_all_types_col_cty_union.fid-c18a0c2_186644fdb18_67ec,21562,24440000.0,,6080415,37.7814474947063,-122.417145612055,SFPD-CROSSROADS,CITY STREET,04/24/2012 08:50:00 PM,2012 April 24,20:50:00,2012,April,Tuesday,GOLDEN GATE AVE,LARKIN ST,0.0,Clear,Injury (Complaint of Pain),Vehicle/Pedestrian,Pedestrian,Crossing in Crosswalk at Intersection,Dry,No Unusual Condition,Dark - Street Lights,Intersection <= 20ft,0.0,1,1.0,Pedestrian,North,Proceeding Straight,Driver,East,Proceeding Straight,POINT (-122.417145 37.78145),20.0,5.0,10.0,36.0,20
44719,vw_geo_sfpd_cr_switrs_all_types_col_cty_union.fid-c18a0c2_186644fdb18_69ad,4410,21743000.0,,6142242,37.7239094031274,-122.435385085534,SFPD-CROSSROADS,CITY STREET,06/02/2012 01:30:00 PM,2012 June 02,13:30:00,2012,June,Saturday,MISSION ST,OCEAN AVE,0.0,Cloudy,Injury (Complaint of Pain),Vehicle/Pedestrian,Pedestrian,"In Road, Including Shoulder",Dry,No Unusual Condition,Daylight,Intersection <= 20ft,0.0,1,1.0,Pedestrian,North,Other,Driver,North,Proceeding Straight,POINT (-122.43539 37.72391),94.0,9.0,1.0,28.0,13
44722,vw_geo_sfpd_cr_switrs_all_types_col_cty_union.fid-c18a0c2_186644fdb18_6d44,57439,24294000.000000004,,220082072,37.7813981336,-122.409245442,SFPD-INTERIM DB,CITY STREET,02/05/2022 10:13:00 PM,2022 February 05,22:13:00,2022,February,Saturday,06TH ST,JESSIE ST,0.0,Clear,Injury (Complaint of Pain),Vehicle/Pedestrian,Pedestrian,Crossing in Crosswalk at Intersection,Dry,No Unusual Condition,Dark - Street Lights,Intersection <= 20ft,0.0,1,1.0,Driver,South,Proceeding Straight,Pedestrian,West,Proceeding Straight,POINT (-122.40925 37.7814),32.0,5.0,10.0,34.0,22
44731,vw_geo_sfpd_cr_switrs_all_types_col_cty_union.fid-c18a0c2_186644fdb18_6251,8508,23727000.0,1249000.0,5734867,37.754451226602,-122.403566212336,SFPD-CROSSROADS,CITY STREET,05/16/2012 03:30:00 PM,2012 May 16,15:30:00,2012,May,Wednesday,23RD ST,VERMONT ST,12.0,Clear,Injury (Complaint of Pain),Vehicle/Pedestrian,Pedestrian,Crossing in Crosswalk at Intersection,Dry,No Unusual Condition,Daylight,Intersection <= 20ft,0.0,1,1.0,Driver,West,Proceeding Straight,Pedestrian,South,Proceeding Straight,POINT (-122.403564 37.75445),54.0,3.0,9.0,20.0,15
44732,vw_geo_sfpd_cr_switrs_all_types_col_cty_union.fid-c18a0c2_186644fdb18_67ac,148,33229000.000000004,,6076658,37.7111697714963,-122.390835880676,SFPD-CROSSROADS,CITY STREET,06/01/2012 12:18:00 PM,2012 June 01,12:18:00,2012,June,Friday,CRESCENT AVE,EXECUTIVE PARK BLVD,0.0,Clear,Injury (Other Visible),Vehicle/Pedestrian,Pedestrian,Crossing Not in Crosswalk,Dry,No Unusual Condition,Daylight,Intersection <= 20ft,0.0,1,1.0,Pedestrian,West,Other,Driver,North,Making Left Turn,POINT (-122.39084 37.71117),79.0,2.0,9.0,1.0,12
44734,vw_geo_sfpd_cr_switrs_all_types_col_cty_union.fid-c18a0c2_186644fdb18_61ed,27642,24724000.0,,5684944,37.7907600957035,-122.404030723642,SFPD-CROSSROADS,CITY STREET,03/09/2012 06:10:00 AM,2012 March 09,06:10:00,2012,March,Friday,BUSH ST,KEARNY ST,0.0,Clear,Injury (Complaint of Pain),Vehicle/Pedestrian,Pedestrian,"In Road, Including Shoulder",Dry,No Unusual Condition,Dark - Street Lights,Intersection <= 20ft,0.0,1,1.0,Pedestrian,East,Proceeding Straight,Driver,North,Proceeding Straight,POINT (-122.40403 37.79076),19.0,6.0,3.0,8.0,06
44738,vw_geo_sfpd_cr_switrs_all_types_col_cty_union.fid-c18a0c2_186644fdb18_679d,26998,24555000.0,12045000.0,6076617,37.792520657583,-122.394038894405,SFPD-CROSSROADS,CITY STREET,05/25/2012 04:43:00 PM,2012 May 25,16:43:00,2012,May,Friday,SPEAR ST,MISSION ST,9.0,Clear,Injury (Complaint of Pain),Vehicle/Pedestrian,Pedestrian,Crossing in Crosswalk at Intersection,Dry,No Unusual Condition,Daylight,Intersection <= 20ft,0.0,1,1.0,Driver,South,Making Left Turn,Pedestrian,East,Proceeding Straight,POINT (-122.394035 37.792522),108.0,1.0,10.0,8.0,16
44742,vw_geo_sfpd_cr_switrs_all_types_col_cty_union.fid-c18a0c2_186644fdb18_6494,14219,24246000.0,454000.0,6046452,37.773758377818,-122.411596585437,SFPD-CROSSROADS,CITY STREET,11/24/2012 11:53:00 PM,2012 November 24,23:53:00,2012,November,Saturday,09TH ST,FOLSOM ST,5.0,Clear,Injury (Severe),Vehicle/Pedestrian,Pedestrian,Crossing in Crosswalk at Intersection,Dry,No Unusual Condition,Dark - Street Lights,Intersection <= 20ft,0.0,1,1.0,Pedestrian,West,Proceeding Straight,Driver,North,Proceeding Straight,POINT (-122.4116 37.773758),32.0,1.0,10.0,34.0,23
44769,vw_geo_sfpd_cr_switrs_all_types_col_cty_union.fid-c18a0c2_186644fdb18_6536,38615,33563000.0,,6049417,37.7350234131915,-122.494014876719,SFPD-CROSSROADS,CITY STREET,11/12/2012 06:00:00 PM,2012 November 12,18:00:00,2012,November,Monday,SUNSET BLVD,YORBA ST,0.0,Clear,Injury (Severe),Vehicle/Pedestrian,Pedestrian,Crossing in Crosswalk at Intersection,Dry,No Unusual Condition,Dark - Street Lights,Intersection <= 20ft,0.0,1,1.0,Driver,South,Proceeding Straight,Pedestrian,West,Proceeding Straight,POINT (-122.49402 37.735023),40.0,10.0,7.0,35.0,18