,id,unique_id,cnn_intrsctn_fkey,cnn_sgmt_fkey,case_id_pkey,tb_latitude,tb_longitude,geocode_source,geocode_location,collision_datetime,collision_date,collision_time,accident_year,month,day_of_week,primary_rd,secondary_rd,distance,weather_1,collision_severity,type_of_collision,mviw,ped_action,road_surface,road_cond_1,lighting,intersection,number_killed,number_injured,party_at_fault,party1_type,party1_dir_of_travel,party1_move_pre_acc,party2_type,party2_dir_of_travel,party2_move_pre_acc,point,Neighborhoods,Current Police Districts,Current Supervisor Districts,Analysis Neighborhoods,hour
44782,vw_geo_sfpd_cr_switrs_all_types_col_cty_union.fid-c18a0c2_186644fdb18_67bd,40931,27366000.0,7654000.0,6076733,37.7616985579679,-122.477029462741,SFPD-CROSSROADS,CITY STREET,07/26/2012 09:43:00 AM,2012 July 26,09:43:00,2012,July,Thursday,JUDAH ST,19TH AVE,5.0,Cloudy,Injury (Complaint of Pain),Vehicle/Pedestrian,Pedestrian,Crossing in Crosswalk at Intersection,Dry,No Unusual Condition,Daylight,Intersection <= 20ft,0.0,1,1.0,Pedestrian,South,Other,Driver,East,Proceeding Straight,POINT (-122.47703 37.7617),39.0,10.0,7.0,35.0,09
44787,vw_geo_sfpd_cr_switrs_all_types_col_cty_union.fid-c18a0c2_186644fdb18_6453,37857,33717000.0,,5910260,37.7301188057995,-122.475937334451,SFPD-CROSSROADS,CITY STREET,04/22/2012 05:51:00 PM,2012 April 22,17:51:00,2012,April,Sunday,WINSTON DR,20TH AVE,0.0,Clear,Fatal,Vehicle/Pedestrian,Pedestrian,Crossing Not in Crosswalk,Dry,No Unusual Condition,Daylight,Intersection <= 20ft,1.0,0,1.0,Pedestrian,North,Not Stated,Driver,West,Proceeding Straight,POINT (-122.47594 37.730118),41.0,10.0,8.0,16.0,17
44804,vw_geo_sfpd_cr_switrs_all_types_col_cty_union.fid-c18a0c2_186644fdb18_6092,26805,24547000.0,12046000.0,5584945,37.7912947172383,-122.392504277903,SFPD-CROSSROADS,CITY STREET,02/08/2012 06:32:00 PM,2012 February 08,18:32:00,2012,February,Wednesday,SPEAR ST,HOWARD ST,8.0,Clear,Injury (Other Visible),Vehicle/Pedestrian,Pedestrian,Crossing in Crosswalk at Intersection,Dry,No Unusual Condition,Dark - Street Lights,Intersection <= 20ft,0.0,1,1.0,Driver,South,Making Right Turn,Pedestrian,East,Other,POINT (-122.3925 37.791294),108.0,1.0,10.0,8.0,18
44819,vw_geo_sfpd_cr_switrs_all_types_col_cty_union.fid-c18a0c2_186644fdb18_6573,34829,26583000.0,12868000.0,6054323,37.7977032091832,-122.430661200587,SFPD-CROSSROADS,CITY STREET,03/15/2012 07:10:00 AM,2012 March 15,07:10:00,2012,March,Thursday,UNION ST,LAGUNA ST,30.0,Raining,Injury (Complaint of Pain),Vehicle/Pedestrian,Pedestrian,"In Road, Including Shoulder",Wet,No Unusual Condition,Dusk - Dawn,Midblock > 20ft,0.0,1,1.0,Pedestrian,West,Other,Driver,West,Proceeding Straight,POINT (-122.430664 37.797703),15.0,4.0,6.0,13.0,07
44823,vw_geo_sfpd_cr_switrs_all_types_col_cty_union.fid-c18a0c2_186644fdb18_6529,14286,24233000.000000004,5680000.0,6049403,37.7728219775094,-122.412811779289,SFPD-CROSSROADS,CITY STREET,10/25/2012 07:10:00 AM,2012 October 25,07:10:00,2012,October,Thursday,FOLSOM ST,10TH ST,5.0,Cloudy,Injury (Other Visible),Vehicle/Pedestrian,Pedestrian,Crossing in Crosswalk at Intersection,Wet,No Unusual Condition,Daylight,Intersection <= 20ft,0.0,1,1.0,Driver,South,Making Left Turn,Pedestrian,South,Proceeding Straight,POINT (-122.41281 37.772823),32.0,1.0,10.0,34.0,07
44832,vw_geo_sfpd_cr_switrs_all_types_col_cty_union.fid-c18a0c2_186644fdb18_71c1,24483,24934000.0,,131097267,37.7827944462295,-122.414053764459,SFPD-CROSSROADS,CITY STREET,12/31/2013 09:45:00 AM,2013 December 31,09:45:00,2013,December,Tuesday,TURK ST,LEAVENWORTH ST,0.0,Cloudy,Injury (Severe),Vehicle/Pedestrian,Pedestrian,Crossing in Crosswalk at Intersection,Dry,No Unusual Condition,Daylight,Intersection <= 20ft,0.0,1,1.0,Driver,North,Proceeding Straight,Driver,West,Proceeding Straight,POINT (-122.414055 37.782795),20.0,5.0,10.0,36.0,09
44837,vw_geo_sfpd_cr_switrs_all_types_col_cty_union.fid-c18a0c2_186644fdb18_6ee9,57376,24421000.0,,220067927,37.7743252877,-122.417104136,SFPD-INTERIM DB,CITY STREET,01/31/2022 06:25:00 AM,2022 January 31,06:25:00,2022,January,Monday,11TH ST,MISSION ST,0.0,Clear,Injury (Complaint of Pain),Vehicle/Pedestrian,Pedestrian,Crossing in Crosswalk at Intersection,Dry,No Unusual Condition,Dusk - Dawn,Intersection <= 20ft,0.0,1,,Driver,West,Proceeding Straight,Pedestrian,North,Other,POINT (-122.41711 37.774326),32.0,1.0,10.0,20.0,06
44843,vw_geo_sfpd_cr_switrs_all_types_col_cty_union.fid-c18a0c2_186644fdb18_6127,27026,30728000.0,8739201.0,5590774,37.7930921204059,-122.396533866132,SFPD-CROSSROADS,CITY STREET,02/12/2012 04:05:00 PM,2012 February 12,16:05:00,2012,February,Sunday,MARKET ST,MAIN ST,10.0,Cloudy,Injury (Other Visible),Vehicle/Pedestrian,Pedestrian,Crossing in Crosswalk at Intersection,Dry,No Unusual Condition,Daylight,Intersection <= 20ft,0.0,1,1.0,Driver,West,Making Left Turn,Pedestrian,North,Other,POINT (-122.39653 37.79309),108.0,6.0,10.0,8.0,16
44850,vw_geo_sfpd_cr_switrs_all_types_col_cty_union.fid-c18a0c2_186644fdb18_63aa,35778,25533000.0,4306000.0,5780451,37.8052007577736,-122.417270655693,SFPD-CROSSROADS,CITY STREET,07/28/2012 06:10:00 PM,2012 July 28,18:10:00,2012,July,Saturday,COLUMBUS AVE,BAY ST,17.0,Clear,Injury (Complaint of Pain),Vehicle/Pedestrian,Pedestrian,Crossing Not in Crosswalk,Dry,No Unusual Condition,Daylight,Intersection <= 20ft,0.0,1,1.0,Driver,North,Making Left Turn,Pedestrian,West,Proceeding Straight,POINT (-122.41727 37.805202),99.0,6.0,3.0,23.0,18
44854,vw_geo_sfpd_cr_switrs_all_types_col_cty_union.fid-c18a0c2_186644fdb18_657c,20280,30706000.000000004,13143201.0,6054498,37.7759149653973,-122.419333093235,SFPD-CROSSROADS,CITY STREET,11/21/2012 11:51:00 PM,2012 November 21,23:51:00,2012,November,Wednesday,HICKORY ST,VAN NESS AVE,5.0,Clear,Injury (Other Visible),Vehicle/Pedestrian,Pedestrian,Crossing in Crosswalk at Intersection,Dry,No Unusual Condition,Dark - Street Lights,Intersection <= 20ft,0.0,1,1.0,Pedestrian,North,Proceeding Straight,Driver,East,Making Right Turn,POINT (-122.419334 37.775913),21.0,4.0,10.0,36.0,23
44856,vw_geo_sfpd_cr_switrs_all_types_col_cty_union.fid-c18a0c2_186644fdb18_64a5,15966,23889000.0,3285000.0,6046489,37.7778994162027,-122.400170667327,SFPD-CROSSROADS,CITY STREET,12/25/2012 10:10:00 PM,2012 December 25,22:10:00,2012,December,Tuesday,BRYANT ST,05TH ST,52.0,Clear,Injury (Complaint of Pain),Vehicle/Pedestrian,Pedestrian,Crossing Not in Crosswalk,Wet,No Unusual Condition,Dark - Street Lights,Midblock > 20ft,0.0,1,1.0,Pedestrian,South,Proceeding Straight,Driver,East,Proceeding Straight,POINT (-122.40017 37.7779),32.0,1.0,10.0,34.0,22
44859,vw_geo_sfpd_cr_switrs_all_types_col_cty_union.fid-c18a0c2_186644fdb18_7010,58158,20908000.000000004,11918000.0,220393700,37.7312056188387,-122.409639365364,SFPD-INTERIM DB,CITY STREET,06/15/2022 08:04:00 PM,2022 June 15,20:04:00,2022,June,Wednesday,SILVER AVE,SOMERSET ST,50.0,Clear,Injury (Complaint of Pain),Vehicle/Pedestrian,Pedestrian,Crossing Not in Crosswalk,Dry,No Unusual Condition,Dusk - Dawn,Midblock > 20ft,0.0,1,1.0,Pedestrian,South,Entering Traffic,Driver,West,Proceeding Straight,POINT (-122.40964 37.731205),91.0,2.0,2.0,25.0,20
44871,vw_geo_sfpd_cr_switrs_all_types_col_cty_union.fid-c18a0c2_186644fdb18_5ea2,22511,26379000.0,,5455843,37.7758015922906,-122.446470829739,SFPD-CROSSROADS,CITY STREET,01/20/2012 04:53:00 PM,2012 January 20,16:53:00,2012,January,Friday,MASONIC AVE,FULTON ST,0.0,Raining,Injury (Other Visible),Vehicle/Pedestrian,Pedestrian,Crossing in Crosswalk at Intersection,Wet,No Unusual Condition,Dark - Street Lights,Intersection <= 20ft,0.0,1,1.0,Driver,North,Making Left Turn,Pedestrian,East,Proceeding Straight,POINT (-122.44647 37.775803),97.0,7.0,11.0,18.0,16
44873,vw_geo_sfpd_cr_switrs_all_types_col_cty_union.fid-c18a0c2_186644fdb18_72eb,58245,24293000.0,,220281014,37.780971183063,-122.408708673534,SFPD-INTERIM DB,CITY STREET,04/29/2022 11:23:00 PM,2022 April 29,23:23:00,2022,April,Friday,MISSION ST,06TH ST,0.0,Clear,Injury (Severe),Vehicle/Pedestrian,Pedestrian,Crossing Not in Crosswalk,Dry,No Unusual Condition,Dark - Street Lights,Intersection <= 20ft,0.0,1,1.0,Driver,West,Proceeding Straight,Pedestrian,South,Proceeding Straight,POINT (-122.40871 37.78097),32.0,1.0,10.0,34.0,23
44874,vw_geo_sfpd_cr_switrs_all_types_col_cty_union.fid-c18a0c2_186644fdb18_5ef7,12259,24171000.0,650000.0,5464019,37.766676148639,-122.419783061576,SFPD-CROSSROADS,CITY STREET,01/05/2012 08:38:00 AM,2012 January 05,08:38:00,2012,January,Thursday,15TH ST,MISSION ST,12.0,Clear,Injury (Complaint of Pain),Vehicle/Pedestrian,Pedestrian,Crossing in Crosswalk at Intersection,Dry,No Unusual Condition,Daylight,Intersection <= 20ft,0.0,1,1.0,Pedestrian,North,Proceeding Straight,Driver,West,Proceeding Straight,POINT (-122.419785 37.766678),53.0,3.0,2.0,20.0,08
44878,vw_geo_sfpd_cr_switrs_all_types_col_cty_union.fid-c18a0c2_186644fdb18_7312,57150,24228000.0,6740000.0,210072867,37.7694828141658,-122.413386959442,SFPD-INTERIM DB,CITY STREET,02/01/2021 11:07:00 PM,2021 February 01,23:07:00,2021,February,Monday,HARRISON ST,13TH ST,7.0,Raining,Injury (Complaint of Pain),Broadside,Pedestrian,Crossing in Crosswalk at Intersection,Wet,No Unusual Condition,Dark - Street Lights,Intersection <= 20ft,0.0,1,1.0,Pedestrian,West,Proceeding Straight,Driver,South,Proceeding Straight,POINT (-122.41338 37.76948),53.0,3.0,2.0,20.0,23
44879,vw_geo_sfpd_cr_switrs_all_types_col_cty_union.fid-c18a0c2_186644fdb18_678c,33408,24800000.0,3144000.0,6076552,37.798728290937,-122.399879075176,SFPD-CROSSROADS,CITY STREET,04/12/2012 08:03:00 PM,2012 April 12,20:03:00,2012,April,Thursday,BROADWAY,FRONT ST,2.0,Raining,Injury (Complaint of Pain),Vehicle/Pedestrian,Pedestrian,Crossing in Crosswalk at Intersection,Wet,No Unusual Condition,Dark - Street Lights,Intersection <= 20ft,0.0,1,1.0,Driver,West,Making Right Turn,Pedestrian,North,Proceeding Straight,POINT (-122.39988 37.79873),77.0,6.0,3.0,8.0,20
44898,vw_geo_sfpd_cr_switrs_all_types_col_cty_union.fid-c18a0c2_186644fdb18_669a,33359,24792000.0,4290000.0,6067191,37.7970720053107,-122.405523640356,SFPD-CROSSROADS,CITY STREET,09/15/2012 04:13:00 PM,2012 September 15,16:13:00,2012,September,Saturday,COLUMBUS AVE,PACIFIC AVE,4.0,Clear,Injury (Complaint of Pain),Vehicle/Pedestrian,Pedestrian,Crossing in Crosswalk at Intersection,Dry,No Unusual Condition,Daylight,Intersection <= 20ft,0.0,1,1.0,Pedestrian,East,Not Stated,Driver,South,Proceeding Straight,POINT (-122.405525 37.797073),106.0,6.0,3.0,6.0,16
44902,vw_geo_sfpd_cr_switrs_all_types_col_cty_union.fid-c18a0c2_186644fdb18_7156,22020,25959000.0,,170053244,37.7801930308046,-122.427016756741,SFPD-CROSSROADS,CITY STREET,01/20/2017 07:07:00 AM,2017 January 20,07:07:00,2017,January,Friday,GOLDEN GATE AVE,LAGUNA ST,0.0,Raining,Injury (Complaint of Pain),Vehicle/Pedestrian,Pedestrian,Crossing in Crosswalk at Intersection,Wet,No Unusual Condition,Daylight,Intersection <= 20ft,0.0,1,1.0,Driver,East,Making Right Turn,Pedestrian,North,Proceeding Straight,POINT (-122.42702 37.780193),97.0,4.0,11.0,39.0,07
44906,vw_geo_sfpd_cr_switrs_all_types_col_cty_union.fid-c18a0c2_186644fdb18_64d4,15694,24299000.0,,6049009,37.7762213565668,-122.411606113126,SFPD-CROSSROADS,CITY STREET,11/17/2012 02:12:00 PM,2012 November 17,14:12:00,2012,November,Saturday,08TH ST,HOWARD ST,0.0,Clear,Injury (Complaint of Pain),Vehicle/Pedestrian,Pedestrian,Crossing in Crosswalk at Intersection,Dry,No Unusual Condition,Daylight,Intersection <= 20ft,0.0,1,1.0,Driver,South,Making Left Turn,Pedestrian,West,Not Stated,POINT (-122.411606 37.776222),32.0,1.0,10.0,34.0,14
44911,vw_geo_sfpd_cr_switrs_all_types_col_cty_union.fid-c18a0c2_186644fdb18_6d7a,57515,21743000.0,,220129232,37.7239094031,-122.435385086,SFPD-INTERIM DB,CITY STREET,02/25/2022 05:28:00 PM,2022 February 25,17:28:00,2022,February,Friday,OCEAN AVE,MISSION ST,0.0,Clear,Injury (Complaint of Pain),Vehicle/Pedestrian,Pedestrian,Crossing in Crosswalk at Intersection,Dry,No Unusual Condition,Dusk - Dawn,Intersection <= 20ft,0.0,1,1.0,Driver,West,Making Right Turn,Pedestrian,South,Proceeding Straight,POINT (-122.43539 37.72391),94.0,9.0,1.0,28.0,17
44927,vw_geo_sfpd_cr_switrs_all_types_col_cty_union.fid-c18a0c2_186644fdb18_7376,56279,26054000.0,5889000.0,210461931,37.7772802229,-122.434867189,SFPD-INTERIM DB,CITY STREET,07/21/2021 05:56:00 PM,2021 July 21,17:56:00,2021,July,Wednesday,FULTON ST,PIERCE ST,1.0,Clear,Injury (Severe),Vehicle/Pedestrian,Pedestrian,Crossing in Crosswalk at Intersection,Dry,No Unusual Condition,Daylight,Intersection <= 20ft,0.0,1,1.0,Driver,West,Proceeding Straight,Pedestrian,North,Not Stated,POINT (-122.43487 37.77728),23.0,4.0,11.0,9.0,17
44933,vw_geo_sfpd_cr_switrs_all_types_col_cty_union.fid-c18a0c2_186644fdb18_6138,7487,21304000.0,2488101.0,5590796,37.748131559082,-122.417124106905,SFPD-CROSSROADS,CITY STREET,02/01/2012 05:27:00 AM,2012 February 01,05:27:00,2012,February,Wednesday,CESAR CHAVEZ ST,MISSION ST,317.0,Raining,Injury (Other Visible),Head-On,Pedestrian,Crossing Not in Crosswalk,Wet,Reduced Roadway Width,Dark - Street Lights Not Functioning,Midblock > 20ft,0.0,1,1.0,Pedestrian,South,Entering Traffic,Driver,East,Proceeding Straight,POINT (-122.41712 37.74813),83.0,3.0,2.0,2.0,05
44946,vw_geo_sfpd_cr_switrs_all_types_col_cty_union.fid-c18a0c2_186644fdb18_60b4,43602,27448000.0,3481000.0,5585510,37.7749776552284,-122.472468636159,SFPD-CROSSROADS,CITY STREET,02/15/2012 06:55:00 PM,2012 February 15,18:55:00,2012,February,Wednesday,CABRILLO ST,14TH AVE,10.0,Clear,Injury (Complaint of Pain),Vehicle/Pedestrian,Pedestrian,Crossing in Crosswalk at Intersection,Dry,No Unusual Condition,Dark - Street Lights,Intersection <= 20ft,0.0,1,1.0,Driver,East,Proceeding Straight,Pedestrian,South,Other,POINT (-122.472466 37.77498),5.0,8.0,4.0,29.0,18
44947,vw_geo_sfpd_cr_switrs_all_types_col_cty_union.fid-c18a0c2_186644fdb18_6195,23029,24490000.0,,5679493,37.7830778543794,-122.393618075401,SFPD-CROSSROADS,CITY STREET,03/06/2012 05:12:00 PM,2012 March 06,17:12:00,2012,March,Tuesday,02ND ST,BRYANT ST,0.0,Clear,Injury (Other Visible),Vehicle/Pedestrian,Pedestrian,Crossing in Crosswalk at Intersection,Dry,No Unusual Condition,Daylight,Intersection <= 20ft,0.0,1,1.0,Driver,North,Making Left Turn,Pedestrian,West,Proceeding Straight,POINT (-122.393616 37.783077),31.0,1.0,10.0,8.0,17
44961,vw_geo_sfpd_cr_switrs_all_types_col_cty_union.fid-c18a0c2_186644fdb18_677d,29461,25964000.0,,6076531,37.7820569389834,-122.427396397357,SFPD-CROSSROADS,CITY STREET,04/19/2012 05:53:00 PM,2012 April 19,17:53:00,2012,April,Thursday,LAGUNA ST,EDDY ST,0.0,Clear,Injury (Severe),Vehicle/Pedestrian,Pedestrian,Crossing in Crosswalk at Intersection,Dry,No Unusual Condition,Daylight,Intersection <= 20ft,0.0,1,1.0,Pedestrian,West,Entering Traffic,Driver,North,Proceeding Straight,POINT (-122.4274 37.78206),97.0,4.0,11.0,39.0,17
44966,vw_geo_sfpd_cr_switrs_all_types_col_cty_union.fid-c18a0c2_186644fdb18_66e2,7361,22424000.0,,6068192,37.7445928955044,-122.453364841691,SFPD-CROSSROADS,CITY STREET,09/16/2012 05:14:00 PM,2012 September 16,17:14:00,2012,September,Sunday,PORTOLA DR,SYDNEY WAY,0.0,Clear,Injury (Other Visible),Sideswipe,Pedestrian,Crossing in Crosswalk at Intersection,Dry,No Unusual Condition,Daylight,Intersection <= 20ft,0.0,1,1.0,Pedestrian,North,Proceeding Straight,Driver,West,Proceeding Straight,POINT (-122.45336 37.744595),72.0,9.0,8.0,41.0,17
44974,vw_geo_sfpd_cr_switrs_all_types_col_cty_union.fid-c18a0c2_186644fdb18_62fc,24305,24898000.0,,5762321,37.7832878528258,-122.408952159197,SFPD-CROSSROADS,CITY STREET,06/30/2012 01:07:00 AM,2012 June 30,01:07:00,2012,June,Saturday,TURK ST,MASON ST,0.0,Clear,Injury (Other Visible),Vehicle/Pedestrian,Pedestrian,Crossing in Crosswalk at Intersection,Dry,No Unusual Condition,Dark - Street Lights,Intersection <= 20ft,0.0,1,1.0,Driver,East,Making Left Turn,Pedestrian,South,Not Stated,POINT (-122.40895 37.783287),32.0,5.0,10.0,34.0,01
44980,vw_geo_sfpd_cr_switrs_all_types_col_cty_union.fid-c18a0c2_186644fdb18_72a7,31388,26634000.000000004,,130324712,37.7875325028685,-122.436935447459,SFPD-CROSSROADS,CITY STREET,04/21/2013 08:24:00 AM,2013 April 21,08:24:00,2013,April,Sunday,PINE ST,PIERCE ST,0.0,Clear,Injury (Other Visible),Vehicle/Pedestrian,Pedestrian,Crossing in Crosswalk at Intersection,Dry,No Unusual Condition,Daylight,Intersection <= 20ft,0.0,1,1.0,Driver,North,Making Left Turn,Pedestrian,North,Other,POINT (-122.436935 37.787533),103.0,4.0,11.0,30.0,08
44981,vw_geo_sfpd_cr_switrs_all_types_col_cty_union.fid-c18a0c2_186644fdb18_6737,13101,23818000.0,310000.0,6072908,37.7740571401652,-122.395609553162,SFPD-CROSSROADS,CITY STREET,11/09/2012 07:40:00 AM,2012 November 09,07:40:00,2012,November,Friday,05TH ST,BERRY ST,14.0,Clear,Injury (Other Visible),Vehicle/Pedestrian,Pedestrian,Crossing in Crosswalk at Intersection,Dry,No Unusual Condition,Daylight,Intersection <= 20ft,0.0,1,1.0,Driver,North,Making Left Turn,Pedestrian,West,Proceeding Straight,POINT (-122.39561 37.774055),34.0,1.0,10.0,4.0,07
44982,vw_geo_sfpd_cr_switrs_all_types_col_cty_union.fid-c18a0c2_186644fdb18_6549,43700,27545000.0,1378000.0,6049434,37.7762890215811,-122.484459702377,SFPD-CROSSROADS,CITY STREET,10/07/2012 07:56:00 PM,2012 October 07,19:56:00,2012,October,Sunday,25TH AVE,BALBOA ST,5.0,Clear,Injury (Severe),Vehicle/Pedestrian,Pedestrian,Crossing in Crosswalk at Intersection,Dry,No Unusual Condition,Dark - No Street Lights,Intersection <= 20ft,0.0,1,1.0,Pedestrian,West,Proceeding Straight,Driver,South,Proceeding Straight,POINT (-122.48446 37.77629),8.0,8.0,4.0,29.0,19
44991,vw_geo_sfpd_cr_switrs_all_types_col_cty_union.fid-c18a0c2_186644fdb18_7343,38693,23455000.0,13499000.0,130019816,37.7361846235061,-122.504170878567,SFPD-CROSSROADS,CITY STREET,01/08/2013 08:36:00 AM,2013 January 08,08:36:00,2013,January,Tuesday,WAWONA ST,46TH AVE,16.0,Clear,Injury (Complaint of Pain),Vehicle/Pedestrian,Pedestrian,Crossing Not in Crosswalk,Dry,No Unusual Condition,Daylight,Intersection <= 20ft,0.0,1,1.0,Driver,East,Making Left Turn,Pedestrian,North,Other,POINT (-122.50417 37.736183),40.0,10.0,7.0,35.0,08
44999,vw_geo_sfpd_cr_switrs_all_types_col_cty_union.fid-c18a0c2_186644fdb18_625e,10276,24096000.0,,5737863,37.7537697010657,-122.419705447695,SFPD-CROSSROADS,CITY STREET,05/07/2012 01:00:00 PM,2012 May 07,13:00:00,2012,May,Monday,23RD ST,BARTLETT ST,0.0,Clear,Injury (Other Visible),Vehicle/Pedestrian,Pedestrian,Crossing in Crosswalk at Intersection,Dry,No Unusual Condition,Daylight,Intersection <= 20ft,0.0,1,1.0,Pedestrian,West,Proceeding Straight,Driver,North,Proceeding Straight,POINT (-122.41971 37.75377),53.0,3.0,2.0,20.0,13
45002,vw_geo_sfpd_cr_switrs_all_types_col_cty_union.fid-c18a0c2_186644fdb18_646e,21096,25933000.0,6819000.0,6039475,37.7762475374986,-122.427961740425,SFPD-CROSSROADS,CITY STREET,10/09/2012 04:57:00 PM,2012 October 09,16:57:00,2012,October,Tuesday,HAYES ST,BUCHANAN ST,14.0,Cloudy,Injury (Complaint of Pain),Vehicle/Pedestrian,Pedestrian,Crossing in Crosswalk at Intersection,Dry,No Unusual Condition,Daylight,Intersection <= 20ft,0.0,1,1.0,Pedestrian,North,Other,Driver,West,Proceeding Straight,POINT (-122.42796 37.77625),22.0,4.0,11.0,9.0,16
45005,vw_geo_sfpd_cr_switrs_all_types_col_cty_union.fid-c18a0c2_186644fdb18_6147,26962,24550000.0,12552101.0,5592607,37.7936012335923,-122.392479156014,SFPD-CROSSROADS,CITY STREET,01/31/2012 03:00:00 PM,2012 January 31,15:00:00,2012,January,Tuesday,THE EMBARCADERO,MISSION ST,50.0,Cloudy,Injury (Other Visible),Vehicle/Pedestrian,Pedestrian,Not in Road,Dry,No Unusual Condition,Daylight,Midblock > 20ft,0.0,1,1.0,Bicyclist,South,Proceeding Straight,Pedestrian,South,Stopped In Road,POINT (-122.39248 37.793602),108.0,1.0,10.0,8.0,15
45012,vw_geo_sfpd_cr_switrs_all_types_col_cty_union.fid-c18a0c2_186644fdb18_67dd,41745,27950000.0,,6080390,37.7603770660912,-122.506999207582,SFPD-CROSSROADS,CITY STREET,04/25/2012 03:35:00 PM,2012 April 25,15:35:00,2012,April,Wednesday,JUDAH ST,47TH AVE,0.0,Clear,Injury (Complaint of Pain),Rear End,Pedestrian,Not in Road,Dry,No Unusual Condition,Daylight,Intersection <= 20ft,0.0,1,1.0,Driver,South,Backing,Pedestrian,West,Proceeding Straight,POINT (-122.506996 37.760376),39.0,10.0,7.0,35.0,15
45013,vw_geo_sfpd_cr_switrs_all_types_col_cty_union.fid-c18a0c2_186644fdb18_6c97,55105,33647000.0,11377000.0,210219934,37.7276445468,-122.403597287,SFPD-INTERIM DB,CITY STREET,04/09/2021 02:48:00 PM,2021 April 09,14:48:00,2021,April,Friday,SAN BRUNO AVE,BACON ST,4.0,Clear,Injury (Other Visible),Vehicle/Pedestrian,Pedestrian,Crossing in Crosswalk at Intersection,Dry,No Unusual Condition,Daylight,Intersection <= 20ft,0.0,1,1.0,Driver,North,Making Right Turn,Pedestrian,West,Proceeding Straight,POINT (-122.403595 37.727646),91.0,2.0,2.0,25.0,14
45014,vw_geo_sfpd_cr_switrs_all_types_col_cty_union.fid-c18a0c2_186644fdb18_6f54,57537,32891000.0,,220143470,37.7340085296,-122.493345444,SFPD-INTERIM DB,CITY STREET,03/03/2022 05:24:00 PM,2022 March 03,17:24:00,2022,March,Thursday,36TH AVE,SLOAT BLVD,0.0,Clear,Injury (Other Visible),Vehicle/Pedestrian,Pedestrian,Crossing in Crosswalk at Intersection,Dry,No Unusual Condition,Daylight,Intersection <= 20ft,0.0,1,1.0,Driver,North,Making Right Turn,Pedestrian,East,Proceeding Straight,POINT (-122.49335 37.73401),40.0,10.0,7.0,35.0,17
45016,vw_geo_sfpd_cr_switrs_all_types_col_cty_union.fid-c18a0c2_186644fdb18_6e2a,57377,25222000.0,10477000.0,220070005,37.7896160968,-122.420527645,SFPD-INTERIM DB,CITY STREET,01/31/2022 09:20:00 PM,2022 January 31,21:20:00,2022,January,Monday,PINE ST,POLK ST,10.0,Clear,Injury (Other Visible),Vehicle/Pedestrian,Pedestrian,Crossing in Crosswalk at Intersection,Dry,No Unusual Condition,Dusk - Dawn,Intersection <= 20ft,0.0,1,1.0,Driver,West,Making Left Turn,Pedestrian,South,Proceeding Straight,POINT (-122.420525 37.789616),50.0,4.0,3.0,21.0,21
45033,vw_geo_sfpd_cr_switrs_all_types_col_cty_union.fid-c18a0c2_186644fdb18_64c5,26263,25154000.0,6115000.0,6046934,37.7865172124383,-122.414827081452,SFPD-CROSSROADS,CITY STREET,11/01/2012 03:35:00 PM,2012 November 01,15:35:00,2012,November,Thursday,GEARY ST,LEAVENWORTH ST,6.0,Clear,Injury (Complaint of Pain),Vehicle/Pedestrian,Pedestrian,Crossing in Crosswalk at Intersection,Dry,No Unusual Condition,Daylight,Intersection <= 20ft,0.0,1,1.0,Driver,North,Making Left Turn,Pedestrian,North,Not Stated,POINT (-122.414825 37.78652),20.0,6.0,10.0,36.0,15
45035,vw_geo_sfpd_cr_switrs_all_types_col_cty_union.fid-c18a0c2_186644fdb18_6556,23343,24494000.0,,6049454,37.7860675325167,-122.392936685291,SFPD-CROSSROADS,CITY STREET,10/22/2012 10:15:00 AM,2012 October 22,10:15:00,2012,October,Monday,HARRISON ST,01ST ST,0.0,Clear,Injury (Complaint of Pain),Head-On,Pedestrian,Crossing in Crosswalk at Intersection,Wet,No Unusual Condition,Daylight,Intersection <= 20ft,0.0,1,1.0,Driver,North,Making Left Turn,Pedestrian,South,Proceeding Straight,POINT (-122.39294 37.786068),30.0,1.0,10.0,8.0,10
45051,vw_geo_sfpd_cr_switrs_all_types_col_cty_union.fid-c18a0c2_186644fdb18_6d64,57505,26864000.0,,220124975,37.7934365922,-122.441520478,SFPD-INTERIM DB,CITY STREET,02/24/2022 07:25:00 AM,2022 February 24,07:25:00,2022,February,Thursday,BROADWAY,DIVISADERO ST,0.0,Clear,Injury (Severe),Vehicle/Pedestrian,Pedestrian,Crossing in Crosswalk at Intersection,Dry,No Unusual Condition,Daylight,Intersection <= 20ft,0.0,2,1.0,Driver,East,Making Left Turn,Pedestrian,South,Proceeding Straight,POINT (-122.44152 37.793438),102.0,4.0,6.0,30.0,07