,id,unique_id,cnn_intrsctn_fkey,cnn_sgmt_fkey,case_id_pkey,tb_latitude,tb_longitude,geocode_source,geocode_location,collision_datetime,collision_date,collision_time,accident_year,month,day_of_week,primary_rd,secondary_rd,distance,weather_1,collision_severity,type_of_collision,mviw,ped_action,road_surface,road_cond_1,lighting,intersection,number_killed,number_injured,party_at_fault,party1_type,party1_dir_of_travel,party1_move_pre_acc,party2_type,party2_dir_of_travel,party2_move_pre_acc,point,Neighborhoods,Current Police Districts,Current Supervisor Districts,Analysis Neighborhoods,hour
45053,vw_geo_sfpd_cr_switrs_all_types_col_cty_union.fid-c18a0c2_186644fdb18_7211,26124,24945000.0,9729000.0,170683744,37.7857099623935,-122.413603053971,SFPD-CROSSROADS,CITY STREET,08/22/2017 08:15:00 AM,2017 August 22,08:15:00,2017,August,Tuesday,OFARRELL ST,JONES ST,185.0,Clear,Injury (Other Visible),Vehicle/Pedestrian,Pedestrian,Crossing Not in Crosswalk,Dry,No Unusual Condition,Daylight,Midblock > 20ft,0.0,1,1.0,Pedestrian,North,Not Stated,Driver,East,Proceeding Straight,POINT (-122.413605 37.78571),20.0,5.0,10.0,36.0,08
45077,vw_geo_sfpd_cr_switrs_all_types_col_cty_union.fid-c18a0c2_186644fdb18_72e3,58374,24675000.000000004,,220271708,37.7932091014572,-122.399958735917,SFPD-INTERIM DB,CITY STREET,04/26/2022 08:50:00 AM,2022 April 26,08:50:00,2022,April,Tuesday,CALIFORNIA ST,BATTERY ST,0.0,Clear,Injury (Complaint of Pain),Vehicle/Pedestrian,Pedestrian,Crossing in Crosswalk at Intersection,Dry,No Unusual Condition,Daylight,Intersection <= 20ft,0.0,1,1.0,Driver,East,Making Left Turn,Pedestrian,South,Proceeding Straight,POINT (-122.399956 37.79321),108.0,6.0,3.0,8.0,08
45084,vw_geo_sfpd_cr_switrs_all_types_col_cty_union.fid-c18a0c2_186644fdb18_612a,17129,30742000.0,,5590777,37.7804785121773,-122.41251225633,SFPD-CROSSROADS,CITY STREET,02/14/2012 11:40:00 PM,2012 February 14,23:40:00,2012,February,Tuesday,MARKET ST,07TH ST,0.0,Raining,Injury (Complaint of Pain),Vehicle/Pedestrian,Pedestrian,Crossing Not in Crosswalk,Slippery,No Unusual Condition,Dark - Street Lights,Intersection <= 20ft,0.0,1,1.0,Pedestrian,North,Proceeding Straight,Driver,East,Proceeding Straight,POINT (-122.41251 37.78048),32.0,5.0,10.0,34.0,23
45096,vw_geo_sfpd_cr_switrs_all_types_col_cty_union.fid-c18a0c2_186644fdb18_6485,4958,21831000.0,,6046416,37.7367374795503,-122.42423508304,SFPD-CROSSROADS,CITY STREET,11/06/2012 06:26:00 PM,2012 November 06,18:26:00,2012,November,Tuesday,MISSION ST,PARK ST,0.0,Clear,Injury (Complaint of Pain),Head-On,Pedestrian,Crossing in Crosswalk at Intersection,Dry,No Unusual Condition,Dark - Street Lights,Intersection <= 20ft,0.0,1,1.0,Driver,North,Proceeding Straight,Pedestrian,West,Proceeding Straight,POINT (-122.42423 37.736736),61.0,9.0,2.0,2.0,18
45098,vw_geo_sfpd_cr_switrs_all_types_col_cty_union.fid-c18a0c2_186644fdb18_6223,11772,24165000.0,,5730278,37.7634292729055,-122.419512736609,SFPD-CROSSROADS,CITY STREET,05/27/2012 08:55:00 PM,2012 May 27,20:55:00,2012,May,Sunday,MISSION ST,17TH ST,0.0,Clear,Injury (Complaint of Pain),Vehicle/Pedestrian,Pedestrian,Crossing Not in Crosswalk,Dry,No Unusual Condition,Dark - Street Lights,Intersection <= 20ft,0.0,1,1.0,Pedestrian,West,Proceeding Straight,Driver,South,Proceeding Straight,POINT (-122.41951 37.763428),53.0,3.0,2.0,20.0,20
45108,vw_geo_sfpd_cr_switrs_all_types_col_cty_union.fid-c18a0c2_186644fdb18_6ccc,41642,27944000.0,6436201.0,130742675,37.7564950017188,-122.509441631623,SFPD-CROSSROADS,CITY STREET,09/05/2013 03:55:00 PM,2013 September 05,15:55:00,2013,September,Thursday,GREAT HWY,LINCOLN WAY,2745.0,Clear,Injury (Complaint of Pain),Vehicle/Pedestrian,Pedestrian,Crossing in Crosswalk at Intersection,Dry,No Unusual Condition,Daylight,Midblock > 20ft,0.0,1,1.0,Driver,South,Proceeding Straight,Pedestrian,East,Proceeding Straight,POINT (-122.509445 37.756496),39.0,10.0,7.0,35.0,15
45111,vw_geo_sfpd_cr_switrs_all_types_col_cty_union.fid-c18a0c2_186644fdb18_6774,41443,27755000.0,,6076519,37.7532484365117,-122.498972313157,SFPD-CROSSROADS,CITY STREET,04/14/2012 07:20:00 AM,2012 April 14,07:20:00,2012,April,Saturday,NORIEGA ST,40TH AVE,0.0,Clear,Injury (Complaint of Pain),Vehicle/Pedestrian,Pedestrian,Crossing in Crosswalk at Intersection,Dry,No Unusual Condition,Dusk - Dawn,Intersection <= 20ft,0.0,1,1.0,Driver,East,Proceeding Straight,Pedestrian,South,Proceeding Straight,POINT (-122.49897 37.75325),39.0,10.0,7.0,35.0,07
45116,vw_geo_sfpd_cr_switrs_all_types_col_cty_union.fid-c18a0c2_186644fdb18_611b,15889,24311000.0,,5590761,37.7774574201244,-122.41315769137,SFPD-CROSSROADS,CITY STREET,02/03/2012 09:45:00 PM,2012 February 03,21:45:00,2012,February,Friday,08TH ST,MISSION ST,0.0,Clear,Injury (Other Visible),Vehicle/Pedestrian,Pedestrian,Crossing in Crosswalk at Intersection,Dry,Construction or Repair Zone,Dark - Street Lights,Intersection <= 20ft,0.0,1,1.0,Pedestrian,West,Entering Traffic,Driver,South,Proceeding Straight,POINT (-122.413155 37.77746),32.0,1.0,10.0,34.0,21
45122,vw_geo_sfpd_cr_switrs_all_types_col_cty_union.fid-c18a0c2_186644fdb18_7256,58526,33273000.0,,220277900,37.7252351118835,-122.402600410775,SFPD-INTERIM DB,CITY STREET,04/28/2022 05:00:00 PM,2022 April 28,17:00:00,2022,April,Thursday,SAN BRUNO AVE,WOOLSEY ST,0.0,Clear,Injury (Other Visible),Vehicle/Pedestrian,Pedestrian,Crossing in Crosswalk at Intersection,Dry,No Unusual Condition,Daylight,Intersection <= 20ft,0.0,1,1.0,Driver,North,Proceeding Straight,Pedestrian,East,Other,POINT (-122.4026 37.725235),91.0,2.0,2.0,25.0,17
45128,vw_geo_sfpd_cr_switrs_all_types_col_cty_union.fid-c18a0c2_186644fdb18_69fd,42012,27265000.0,12239000.0,6143705,37.7698597914353,-122.471609055712,SFPD-CROSSROADS,CITY STREET,09/02/2012 03:10:00 AM,2012 September 02,03:10:00,2012,September,Sunday,PARK PRESIDIO BLVD,FULTON ST,1056.0,Fog,Injury (Other Visible),Vehicle/Pedestrian,Pedestrian,Crossing Not in Crosswalk,Dry,No Unusual Condition,Dark - Street Lights,Midblock > 20ft,0.0,1,1.0,Pedestrian,West,Other,Driver,South,Proceeding Straight,POINT (-122.47161 37.76986),9.0,8.0,4.0,12.0,03
45130,vw_geo_sfpd_cr_switrs_all_types_col_cty_union.fid-c18a0c2_186644fdb18_6cd7,3913,33693000.0,,130981259,37.7369971325225,-122.408789648572,SFPD-CROSSROADS,CITY STREET,11/19/2013 05:05:00 PM,2013 November 19,17:05:00,2013,November,Tuesday,ALEMANY BLVD,SAN BRUNO AVE,0.0,Raining,Injury (Complaint of Pain),Vehicle/Pedestrian,Pedestrian,"In Road, Including Shoulder",Wet,No Unusual Condition,Dark - Street Lights,Intersection <= 20ft,0.0,1,1.0,Pedestrian,North,Proceeding Straight,Driver,North,Making Right Turn,POINT (-122.40879 37.736996),83.0,9.0,2.0,2.0,17
45137,vw_geo_sfpd_cr_switrs_all_types_col_cty_union.fid-c18a0c2_186644fdb18_61d1,1985,21735000.000000004,9173201.0,5684888,37.720005329278,-122.438353557726,SFPD-CROSSROADS,CITY STREET,03/20/2012 03:20:00 PM,2012 March 20,15:20:00,2012,March,Tuesday,MISSION ST,FRANCE AVE,9.0,Clear,Injury (Other Visible),Vehicle/Pedestrian,Pedestrian,Crossing in Crosswalk at Intersection,Dry,No Unusual Condition,Daylight,Intersection <= 20ft,0.0,1,1.0,Driver,South,Proceeding Straight,Pedestrian,West,Proceeding Straight,POINT (-122.438354 37.720005),80.0,9.0,1.0,7.0,15
45148,vw_geo_sfpd_cr_switrs_all_types_col_cty_union.fid-c18a0c2_186644fdb18_67cc,9826,24022000.0,,6079121,37.7657832994918,-122.407534229607,SFPD-CROSSROADS,CITY STREET,08/08/2012 12:34:00 PM,2012 August 08,12:34:00,2012,August,Wednesday,PORTER ST,16TH ST,0.0,Clear,Injury (Severe),Vehicle/Pedestrian,Pedestrian,Crossing in Crosswalk at Intersection,Dry,No Unusual Condition,Daylight,Intersection <= 20ft,0.0,1,1.0,Driver,East,Making Left Turn,Pedestrian,East,Proceeding Straight,POINT (-122.40753 37.76578),54.0,3.0,9.0,20.0,12
45154,vw_geo_sfpd_cr_switrs_all_types_col_cty_union.fid-c18a0c2_186644fdb18_6504,11169,24149000.000000004,9119000.0,6049364,37.761846818118,-122.419360323181,SFPD-CROSSROADS,CITY STREET,10/26/2012 01:47:00 PM,2012 October 26,13:47:00,2012,October,Friday,MISSION ST,18TH ST,4.0,Clear,Injury (Complaint of Pain),Vehicle/Pedestrian,Pedestrian,Crossing in Crosswalk at Intersection,Dry,No Unusual Condition,Daylight,Intersection <= 20ft,0.0,1,1.0,Pedestrian,East,Proceeding Straight,Driver,South,Proceeding Straight,POINT (-122.41936 37.76185),53.0,3.0,2.0,20.0,13
45167,vw_geo_sfpd_cr_switrs_all_types_col_cty_union.fid-c18a0c2_186644fdb18_66b1,3251,33269000.000000004,212101.0,6068118,37.7340235400325,-122.390956219249,SFPD-CROSSROADS,CITY STREET,08/03/2012 05:45:00 PM,2012 August 03,17:45:00,2012,August,Friday,03RD ST,PALOU AVE,6.0,Clear,Injury (Other Visible),Vehicle/Pedestrian,Pedestrian,Crossing in Crosswalk at Intersection,Dry,No Unusual Condition,Daylight,Intersection <= 20ft,0.0,2,1.0,Pedestrian,West,Entering Traffic,Driver,North,Proceeding Straight,POINT (-122.39095 37.734024),86.0,2.0,9.0,1.0,17
45171,vw_geo_sfpd_cr_switrs_all_types_col_cty_union.fid-c18a0c2_186644fdb18_6e60,57704,24313000.000000004,,220203905,37.7762305203,-122.414711003,SFPD-INTERIM DB,CITY STREET,03/28/2022 08:23:00 PM,2022 March 28,20:23:00,2022,March,Monday,MISSION ST,09TH ST,0.0,Clear,Injury (Other Visible),Vehicle/Pedestrian,Pedestrian,Crossing in Crosswalk at Intersection,Dry,No Unusual Condition,Dark - Street Lights,Intersection <= 20ft,0.0,1,1.0,Pedestrian,North,Other,Driver,West,Proceeding Straight,POINT (-122.41471 37.77623),32.0,1.0,10.0,34.0,20
45188,vw_geo_sfpd_cr_switrs_all_types_col_cty_union.fid-c18a0c2_186644fdb18_6295,23812,24634000.0,,5748160,37.7827316355458,-122.406479402647,SFPD-CROSSROADS,CITY STREET,06/05/2012 02:42:00 PM,2012 June 05,14:42:00,2012,June,Tuesday,MISSION ST,05TH ST,0.0,Clear,Injury (Complaint of Pain),Vehicle/Pedestrian,Pedestrian,Crossing Not in Crosswalk,Dry,No Unusual Condition,Daylight,Intersection <= 20ft,0.0,1,1.0,Pedestrian,North,Entering Traffic,Driver,West,Proceeding Straight,POINT (-122.40648 37.78273),32.0,1.0,10.0,34.0,14
45196,vw_geo_sfpd_cr_switrs_all_types_col_cty_union.fid-c18a0c2_186644fdb18_6f19,55082,24583000.0,169000.0,210206414,37.7838475759,-122.3990077,SFPD-INTERIM DB,CITY STREET,04/03/2021 01:08:00 PM,2021 April 03,13:08:00,2021,April,Saturday,03RD ST,FOLSOM ST,32.0,Clear,Fatal,Vehicle/Pedestrian,Pedestrian,Crossing Not in Crosswalk,Dry,No Unusual Condition,Daylight,Midblock > 20ft,1.0,1,1.0,Pedestrian,East,Not Stated,Driver,North,Proceeding Straight,POINT (-122.39901 37.783848),32.0,1.0,10.0,34.0,13
45202,vw_geo_sfpd_cr_switrs_all_types_col_cty_union.fid-c18a0c2_186644fdb18_5ff0,45096,27635000.0,,5545091,37.7841739866635,-122.478578838629,SFPD-CROSSROADS,CITY STREET,01/12/2012 07:20:00 AM,2012 January 12,07:20:00,2012,January,Thursday,CALIFORNIA ST,19TH AVE,0.0,Clear,Injury (Complaint of Pain),Vehicle/Pedestrian,Pedestrian,Crossing in Crosswalk at Intersection,Dry,No Unusual Condition,Dark - Street Lights,Intersection <= 20ft,0.0,1,1.0,Driver,West,Proceeding Straight,Pedestrian,South,Proceeding Straight,POINT (-122.47858 37.784176),2.0,8.0,4.0,29.0,07
45221,vw_geo_sfpd_cr_switrs_all_types_col_cty_union.fid-c18a0c2_186644fdb18_6e78,57418,20453000.0,5116000.0,220094958,37.7231243812,-122.393431574,SFPD-INTERIM DB,CITY STREET,02/11/2022 10:33:00 AM,2022 February 11,10:33:00,2022,February,Friday,EGBERT AVE,JENNINGS ST,292.0,Clear,Injury (Other Visible),Vehicle/Pedestrian,Pedestrian,Crossing Not in Crosswalk,Dry,Reduced Roadway Width,Daylight,Midblock > 20ft,0.0,1,1.0,Pedestrian,North,Proceeding Straight,Driver,East,Proceeding Straight,POINT (-122.39343 37.723125),88.0,2.0,9.0,1.0,10
45226,vw_geo_sfpd_cr_switrs_all_types_col_cty_union.fid-c18a0c2_186644fdb18_5e97,4353,21805000.0,,5455777,37.7298893135189,-122.434676736983,SFPD-CROSSROADS,CITY STREET,01/04/2012 07:13:00 AM,2012 January 04,07:13:00,2012,January,Wednesday,CAYUGA AVE,TINGLEY ST,0.0,Clear,Injury (Other Visible),Vehicle/Pedestrian,Pedestrian,Crossing in Crosswalk at Intersection,Dry,No Unusual Condition,Daylight,Intersection <= 20ft,0.0,2,1.0,Driver,North,Making Left Turn,Pedestrian,West,Not Stated,POINT (-122.43468 37.72989),94.0,9.0,1.0,28.0,07
45231,vw_geo_sfpd_cr_switrs_all_types_col_cty_union.fid-c18a0c2_186644fdb18_6786,33004,26955000.0,,6076544,37.7906081079966,-122.449189583642,SFPD-CROSSROADS,CITY STREET,04/22/2012 09:28:00 AM,2012 April 22,09:28:00,2012,April,Sunday,JACKSON ST,WALNUT ST,0.0,Clear,Injury (Complaint of Pain),Vehicle/Pedestrian,Pedestrian,Crossing in Crosswalk Not at Intersection,Dry,No Unusual Condition,Daylight,Intersection <= 20ft,0.0,1,1.0,Driver,North,Stopped In Road,Pedestrian,West,Not Stated,POINT (-122.44919 37.790607),10.0,8.0,6.0,31.0,09
45236,vw_geo_sfpd_cr_switrs_all_types_col_cty_union.fid-c18a0c2_186644fdb18_6dbf,57564,33430000.0,,220153736,37.7229917848,-122.451595166,SFPD-INTERIM DB,CITY STREET,03/08/2022 07:23:00 AM,2022 March 08,07:23:00,2022,March,Tuesday,OCEAN AVE,GENEVA AVE,0.0,Clear,Injury (Other Visible),Vehicle/Pedestrian,Pedestrian,Crossing in Crosswalk at Intersection,Dry,No Unusual Condition,Daylight,Intersection <= 20ft,0.0,1,1.0,Pedestrian,North,Other,Driver,East,Proceeding Straight,POINT (-122.45159 37.722992),95.0,9.0,8.0,24.0,07
45237,vw_geo_sfpd_cr_switrs_all_types_col_cty_union.fid-c18a0c2_186644fdb18_6490,20800,24451000.0,,6046444,37.7770909718191,-122.421330431773,SFPD-CROSSROADS,CITY STREET,11/14/2012 11:17:00 AM,2012 November 14,11:17:00,2012,November,Wednesday,FRANKLIN ST,HAYES ST,0.0,Clear,Injury (Complaint of Pain),Broadside,Pedestrian,Crossing in Crosswalk at Intersection,Dry,No Unusual Condition,Daylight,Intersection <= 20ft,0.0,1,1.0,Driver,North,Making Right Turn,Pedestrian,West,Proceeding Straight,POINT (-122.42133 37.777092),21.0,4.0,11.0,9.0,11
45244,vw_geo_sfpd_cr_switrs_all_types_col_cty_union.fid-c18a0c2_186644fdb18_6d3d,57397,25300000.000000004,,220077976,37.7943537793,-122.41975272,SFPD-INTERIM DB,CITY STREET,02/04/2022 08:16:00 AM,2022 February 04,08:16:00,2022,February,Friday,LARKIN ST,JACKSON ST,0.0,Clear,Injury (Other Visible),Vehicle/Pedestrian,Pedestrian,Crossing in Crosswalk at Intersection,Dry,No Unusual Condition,Daylight,Intersection <= 20ft,0.0,1,1.0,Driver,South,Stopped,Pedestrian,West,Proceeding Straight,POINT (-122.419754 37.794353),105.0,6.0,3.0,32.0,08
45250,vw_geo_sfpd_cr_switrs_all_types_col_cty_union.fid-c18a0c2_186644fdb18_6a2c,1750,22047000.0,9177000.0,6143806,37.7171640495255,-122.440479501354,SFPD-CROSSROADS,CITY STREET,05/23/2012 07:31:00 PM,2012 May 23,19:31:00,2012,May,Wednesday,MISSION ST,AMAZON AVE,35.0,Clear,Injury (Complaint of Pain),Vehicle/Pedestrian,Pedestrian,"In Road, Including Shoulder",Dry,No Unusual Condition,Daylight,Midblock > 20ft,0.0,1,1.0,Driver,North,Entering Traffic,Pedestrian,South,Other,POINT (-122.44048 37.717163),90.0,9.0,1.0,7.0,19
45259,vw_geo_sfpd_cr_switrs_all_types_col_cty_union.fid-c18a0c2_186644fdb18_723b,57942,23834000.0,,220257883,37.7795669101925,-122.398059939952,SFPD-INTERIM DB,CITY STREET,04/20/2022 11:56:00 AM,2022 April 20,11:56:00,2022,April,Wednesday,04TH ST,BRYANT ST,0.0,Clear,Injury (Complaint of Pain),Vehicle/Pedestrian,Pedestrian,Crossing in Crosswalk at Intersection,Dry,No Unusual Condition,Daylight,Intersection <= 20ft,0.0,1,1.0,Driver,South,Making Left Turn,Pedestrian,South,Proceeding Straight,POINT (-122.39806 37.779568),32.0,1.0,10.0,34.0,11
45260,vw_geo_sfpd_cr_switrs_all_types_col_cty_union.fid-c18a0c2_186644fdb18_6f26,2088,21744000.0,,170019309,37.7231299634425,-122.435976888457,SFPD-CROSSROADS,CITY STREET,01/07/2017 08:57:00 PM,2017 January 07,20:57:00,2017,January,Saturday,PERSIA AVE,MISSION ST,0.0,Raining,Injury (Complaint of Pain),Vehicle/Pedestrian,Pedestrian,Crossing in Crosswalk at Intersection,Wet,No Unusual Condition,Dark - Street Lights,Intersection <= 20ft,0.0,1,1.0,Driver,South,Making Left Turn,Pedestrian,South,Proceeding Straight,POINT (-122.435974 37.72313),90.0,9.0,1.0,7.0,20
45275,vw_geo_sfpd_cr_switrs_all_types_col_cty_union.fid-c18a0c2_186644fdb18_6e00,57612,21250000.0,,220075447,37.7396962213,-122.419565741,SFPD-INTERIM DB,CITY STREET,02/03/2022 08:31:00 AM,2022 February 03,08:31:00,2022,February,Thursday,CORTLAND AVE,ELSIE ST,0.0,Clear,Injury (Complaint of Pain),Vehicle/Pedestrian,Pedestrian,Crossing in Crosswalk at Intersection,Dry,No Unusual Condition,Daylight,Intersection <= 20ft,0.0,1,1.0,Driver,East,Proceeding Straight,Pedestrian,North,Other,POINT (-122.41956 37.739697),83.0,9.0,2.0,2.0,08
45276,vw_geo_sfpd_cr_switrs_all_types_col_cty_union.fid-c18a0c2_186644fdb18_6002,2992,20650000.0,11376000.0,5553706,37.7289652362484,-122.404153101473,SFPD-CROSSROADS,CITY STREET,01/29/2012 05:58:00 PM,2012 January 29,17:58:00,2012,January,Sunday,SAN BRUNO AVE,BURROWS ST,50.0,Clear,Injury (Complaint of Pain),Vehicle/Pedestrian,Pedestrian,Crossing Not in Crosswalk,Dry,No Unusual Condition,Dark - Street Lights,Midblock > 20ft,0.0,1,1.0,Pedestrian,West,Entering Traffic,Driver,North,Proceeding Straight,POINT (-122.40415 37.728966),91.0,2.0,2.0,25.0,17
45280,vw_geo_sfpd_cr_switrs_all_types_col_cty_union.fid-c18a0c2_186644fdb18_6da5,57291,24209000.0,,220034863,37.7725264438,-122.410076847,SFPD-INTERIM DB,CITY STREET,01/16/2022 05:48:00 PM,2022 January 16,17:48:00,2022,January,Sunday,HARRISON ST,09TH ST,0.0,Clear,Injury (Complaint of Pain),Vehicle/Pedestrian,Pedestrian,Crossing in Crosswalk at Intersection,Dry,No Unusual Condition,Dark - Street Lights,Intersection <= 20ft,0.0,1,1.0,Driver,West,Making Right Turn,Pedestrian,South,Proceeding Straight,POINT (-122.41008 37.772526),32.0,1.0,10.0,34.0,17
45281,vw_geo_sfpd_cr_switrs_all_types_col_cty_union.fid-c18a0c2_186644fdb18_64b0,32128,25294000.0,3547000.0,6046517,37.7908077833152,-122.418860921234,SFPD-CROSSROADS,CITY STREET,12/10/2012 05:43:00 PM,2012 December 10,17:43:00,2012,December,Monday,CALIFORNIA ST,LARKIN ST,51.0,Clear,Injury (Complaint of Pain),Vehicle/Pedestrian,Pedestrian,Crossing Not in Crosswalk,Dry,No Unusual Condition,Dark - Street Lights,Midblock > 20ft,0.0,1,1.0,Pedestrian,South,Entering Traffic,Driver,East,Proceeding Straight,POINT (-122.41886 37.79081),16.0,6.0,3.0,21.0,17
45287,vw_geo_sfpd_cr_switrs_all_types_col_cty_union.fid-c18a0c2_186644fdb18_676d,1774,22049000.0,9175201.0,6076509,37.7176753811908,-122.440106515315,SFPD-CROSSROADS,CITY STREET,04/04/2012 08:40:00 AM,2012 April 04,08:40:00,2012,April,Wednesday,MISSION ST,SENECA AVE,4.0,Clear,Injury (Other Visible),Vehicle/Pedestrian,Pedestrian,Crossing in Crosswalk at Intersection,Dry,No Unusual Condition,Daylight,Intersection <= 20ft,0.0,1,1.0,Driver,North,Making Left Turn,Pedestrian,West,Proceeding Straight,POINT (-122.44011 37.717674),80.0,9.0,1.0,28.0,08
45291,vw_geo_sfpd_cr_switrs_all_types_col_cty_union.fid-c18a0c2_186644fdb18_705a,19,20422000.0,6153201.0,140572020,37.7084072137251,-122.420642447362,SFPD-CROSSROADS,CITY STREET,07/10/2014 09:12:00 AM,2014 July 10,09:12:00,2014,July,Thursday,GENEVA AVE,CARRIZAL ST,95.0,Clear,Injury (Complaint of Pain),Vehicle/Pedestrian,Pedestrian,Not in Road,Dry,No Unusual Condition,Daylight,Midblock > 20ft,0.0,1,1.0,Driver,South,Entering Traffic,Pedestrian,East,Proceeding Straight,POINT (-122.42064 37.70841),74.0,9.0,9.0,40.0,09
45293,vw_geo_sfpd_cr_switrs_all_types_col_cty_union.fid-c18a0c2_186644fdb18_6eb8,57453,27942000.0,6436101.0,220076003,37.7639414018,-122.510297875,SFPD-INTERIM DB,CITY STREET,02/03/2022 01:07:00 PM,2022 February 03,13:07:00,2022,February,Thursday,GREAT HWY,LINCOLN WAY,25.0,Clear,Injury (Severe),Vehicle/Pedestrian,Pedestrian,"In Road, Including Shoulder",Dry,No Unusual Condition,Daylight,Midblock > 20ft,0.0,1,1.0,Driver,North,Proceeding Straight,Pedestrian,North,Other,POINT (-122.5103 37.763943),39.0,10.0,7.0,35.0,13
45295,vw_geo_sfpd_cr_switrs_all_types_col_cty_union.fid-c18a0c2_186644fdb18_65ab,26679,24506000.0,2865000.0,6058829,37.7898822198261,-122.394221074447,SFPD-CROSSROADS,CITY STREET,03/28/2012 07:25:00 PM,2012 March 28,19:25:00,2012,March,Wednesday,BEALE ST,HOWARD ST,22.0,Clear,Injury (Severe),Vehicle/Pedestrian,Pedestrian,Crossing Not in Crosswalk,Dry,No Unusual Condition,Dusk - Dawn,Midblock > 20ft,0.0,1,2.0,Driver,South,Proceeding Straight,Pedestrian,East,Proceeding Straight,POINT (-122.39422 37.789883),108.0,1.0,10.0,8.0,19
45296,vw_geo_sfpd_cr_switrs_all_types_col_cty_union.fid-c18a0c2_186644fdb18_6682,605,20454000.0,,6067166,37.7220347170419,-122.393171957657,SFPD-CROSSROADS,CITY STREET,08/12/2012 01:55:00 AM,2012 August 12,01:55:00,2012,August,Sunday,FITZGERALD AVE,JENNINGS ST,0.0,Clear,Injury (Other Visible),Vehicle/Pedestrian,Pedestrian,Crossing Not in Crosswalk,Dry,No Unusual Condition,Dark - Street Lights,Intersection <= 20ft,0.0,2,1.0,Driver,East,Proceeding Straight,Pedestrian,North,Entering Traffic,POINT (-122.39317 37.722034),88.0,2.0,9.0,1.0,01
45297,vw_geo_sfpd_cr_switrs_all_types_col_cty_union.fid-c18a0c2_186644fdb18_708a,25730,30738000.0,8745201.0,170734983,37.7872236319493,-122.404037652497,SFPD-CROSSROADS,CITY STREET,09/08/2017 07:00:00 PM,2017 September 08,19:00:00,2017,September,Friday,MARKET ST,03RD ST,232.0,Clear,Injury (Complaint of Pain),Vehicle/Pedestrian,Pedestrian,Crossing Not in Crosswalk,Dry,No Unusual Condition,Daylight,Midblock > 20ft,0.0,1,1.0,Pedestrian,North,Other,Driver,East,Proceeding Straight,POINT (-122.40404 37.787224),19.0,5.0,3.0,8.0,19
45298,vw_geo_sfpd_cr_switrs_all_types_col_cty_union.fid-c18a0c2_186644fdb18_67e6,8526,23963000.0,10670201.0,6080409,37.7545526575631,-122.406492101133,SFPD-CROSSROADS,CITY STREET,04/28/2012 06:17:00 AM,2012 April 28,06:17:00,2012,April,Saturday,POTRERO AVE,23RD ST,8.0,Clear,Injury (Complaint of Pain),Vehicle/Pedestrian,Pedestrian,Crossing in Crosswalk at Intersection,Dry,No Unusual Condition,Daylight,Intersection <= 20ft,0.0,1,1.0,Driver,West,Making Left Turn,Pedestrian,East,Proceeding Straight,POINT (-122.406494 37.75455),53.0,3.0,2.0,20.0,06
45301,vw_geo_sfpd_cr_switrs_all_types_col_cty_union.fid-c18a0c2_186644fdb18_645a,34614,26552000.0,13164201.0,5910267,37.7966768371084,-122.423581531562,SFPD-CROSSROADS,CITY STREET,06/07/2012 11:39:00 PM,2012 June 07,23:39:00,2012,June,Thursday,VAN NESS AVE,VALLEJO ST,10.0,Clear,Fatal,Vehicle/Pedestrian,Pedestrian,Crossing in Crosswalk at Intersection,Dry,No Unusual Condition,Dark - Street Lights,Intersection <= 20ft,1.0,0,1.0,Driver,South,Proceeding Straight,Pedestrian,West,Proceeding Straight,POINT (-122.423584 37.796677),105.0,4.0,6.0,32.0,23
45303,vw_geo_sfpd_cr_switrs_all_types_col_cty_union.fid-c18a0c2_186644fdb18_669e,23030,24490000.0,,6067199,37.7830778543794,-122.393618075401,SFPD-CROSSROADS,CITY STREET,09/06/2012 07:02:00 PM,2012 September 06,19:02:00,2012,September,Thursday,02ND ST,BRYANT ST,0.0,Clear,Injury (Complaint of Pain),Vehicle/Pedestrian,Pedestrian,Crossing in Crosswalk at Intersection,Dry,"Holes, Deep Ruts",Daylight,Intersection <= 20ft,0.0,1,1.0,Driver,North,Making Left Turn,Pedestrian,West,Proceeding Straight,POINT (-122.393616 37.783077),31.0,1.0,10.0,8.0,19
45322,vw_geo_sfpd_cr_switrs_all_types_col_cty_union.fid-c18a0c2_186644fdb18_706b,58500,23578000.0,,220395762,37.7669034795807,-122.389099103957,SFPD-INTERIM DB,CITY STREET,06/16/2022 06:04:00 PM,2022 June 16,18:04:00,2022,June,Thursday,16TH ST,03RD ST,0.0,Clear,Injury (Complaint of Pain),Vehicle/Pedestrian,Pedestrian,"In Road, Including Shoulder",Dry,No Unusual Condition,Daylight,Intersection <= 20ft,0.0,1,1.0,Driver,North,Proceeding Straight,Pedestrian,East,Stopped,POINT (-122.3891 37.766903),34.0,1.0,10.0,4.0,18
45323,vw_geo_sfpd_cr_switrs_all_types_col_cty_union.fid-c18a0c2_186644fdb18_6524,5067,22134000.0,,6049398,37.7315842259441,-122.439742767163,SFPD-CROSSROADS,CITY STREET,10/08/2012 07:47:00 AM,2012 October 08,07:47:00,2012,October,Monday,MONTEREY BLVD,BADEN ST,0.0,Clear,Injury (Other Visible),Vehicle/Pedestrian,Pedestrian,Crossing in Crosswalk at Intersection,Dry,No Unusual Condition,Daylight,Intersection <= 20ft,0.0,1,1.0,Driver,North,Proceeding Straight,Pedestrian,East,Proceeding Straight,POINT (-122.43974 37.731583),95.0,9.0,8.0,41.0,07