,id,unique_id,cnn_intrsctn_fkey,cnn_sgmt_fkey,case_id_pkey,tb_latitude,tb_longitude,geocode_source,geocode_location,collision_datetime,collision_date,collision_time,accident_year,month,day_of_week,primary_rd,secondary_rd,distance,weather_1,collision_severity,type_of_collision,mviw,ped_action,road_surface,road_cond_1,lighting,intersection,number_killed,number_injured,party_at_fault,party1_type,party1_dir_of_travel,party1_move_pre_acc,party2_type,party2_dir_of_travel,party2_move_pre_acc,point,Neighborhoods,Current Police Districts,Current Supervisor Districts,Analysis Neighborhoods,hour
45329,vw_geo_sfpd_cr_switrs_all_types_col_cty_union.fid-c18a0c2_186644fdb18_5ed3,44462,27890000.0,6092101.0,5455990,37.7795418846394,-122.49649976065,SFPD-CROSSROADS,CITY STREET,01/20/2012 07:40:00 PM,2012 January 20,19:40:00,2012,January,Friday,GEARY BLVD,36TH AVE,8.0,Cloudy,Injury (Complaint of Pain),Vehicle/Pedestrian,Pedestrian,Crossing in Crosswalk at Intersection,Wet,No Unusual Condition,Dark - Street Lights,Intersection <= 20ft,0.0,1,1.0,Driver,East,Making Left Turn,Pedestrian,South,Other,POINT (-122.4965 37.77954),8.0,8.0,4.0,29.0,19
45337,vw_geo_sfpd_cr_switrs_all_types_col_cty_union.fid-c18a0c2_186644fdb18_5fa1,22372,26057000.0,4805101.0,5483571,37.7768673393432,-122.438188118009,SFPD-CROSSROADS,CITY STREET,01/16/2012 08:33:00 AM,2012 January 16,08:33:00,2012,January,Monday,DIVISADERO ST,FULTON ST,6.0,Clear,Injury (Other Visible),Broadside,Pedestrian,Crossing in Crosswalk at Intersection,Dry,No Unusual Condition,Daylight,Intersection <= 20ft,0.0,1,1.0,Driver,East,Making Left Turn,Pedestrian,East,Proceeding Straight,POINT (-122.43819 37.776867),97.0,4.0,11.0,39.0,08
45347,vw_geo_sfpd_cr_switrs_all_types_col_cty_union.fid-c18a0c2_186644fdb18_64e9,17410,54191000.0,6576201.0,6049315,37.7675671936873,-122.424417965901,SFPD-CROSSROADS,CITY STREET,12/16/2012 04:13:00 PM,2012 December 16,16:13:00,2012,December,Sunday,GUERRERO ST,14TH ST,159.0,Cloudy,Injury (Other Visible),Vehicle/Pedestrian,Pedestrian,Crossing Not in Crosswalk,Dry,No Unusual Condition,Daylight,Midblock > 20ft,0.0,1,1.0,Pedestrian,East,Other,Driver,South,Proceeding Straight,POINT (-122.424416 37.767567),37.0,3.0,5.0,20.0,16
45350,vw_geo_sfpd_cr_switrs_all_types_col_cty_union.fid-c18a0c2_186644fdb18_6714,9531,23772000.000000004,,6070818,37.7634451676961,-122.403412495877,SFPD-CROSSROADS,CITY STREET,05/11/2012 08:15:00 AM,2012 May 11,08:15:00,2012,May,Friday,KANSAS ST,MARIPOSA ST,0.0,Clear,Injury (Other Visible),Vehicle/Pedestrian,Pedestrian,Crossing in Crosswalk at Intersection,Dry,No Unusual Condition,Daylight,Intersection <= 20ft,0.0,1,1.0,Driver,North,Making Left Turn,Pedestrian,West,Proceeding Straight,POINT (-122.40341 37.763447),54.0,2.0,9.0,26.0,08
45352,vw_geo_sfpd_cr_switrs_all_types_col_cty_union.fid-c18a0c2_186644fdb18_6ef5,57368,25461000.0,10704000.0,220064387,37.8059225876,-122.411970111,SFPD-INTERIM DB,CITY STREET,01/29/2022 12:09:00 PM,2022 January 29,12:09:00,2022,January,Saturday,POWELL ST,BAY ST,36.0,Clear,Injury (Other Visible),Vehicle/Pedestrian,Pedestrian,"In Road, Including Shoulder",Dry,No Unusual Condition,Daylight,Midblock > 20ft,0.0,1,1.0,Driver,South,Proceeding Straight,Pedestrian,East,Other,POINT (-122.41197 37.805923),99.0,6.0,3.0,23.0,12
45360,vw_geo_sfpd_cr_switrs_all_types_col_cty_union.fid-c18a0c2_186644fdb18_703a,36437,33437000.0,11282000.0,160107663,37.7113741119606,-122.461773680128,SFPD-CROSSROADS,CITY STREET,02/05/2016 07:35:00 PM,2016 February 05,19:35:00,2016,February,Friday,SAGAMORE ST,ORIZABA AVE,230.0,Clear,Injury (Severe),Sideswipe,Pedestrian,"In Road, Including Shoulder",Dry,No Unusual Condition,Dark - Street Lights,Midblock > 20ft,0.0,1,1.0,Driver,East,Proceeding Straight,Pedestrian,East,Parked,POINT (-122.46178 37.711372),81.0,10.0,1.0,24.0,19
45366,vw_geo_sfpd_cr_switrs_all_types_col_cty_union.fid-c18a0c2_186644fdb18_60b8,22798,26392000.0,,5590003,37.7786223076059,-122.447039806471,SFPD-CROSSROADS,CITY STREET,02/19/2012 02:30:00 PM,2012 February 19,14:30:00,2012,February,Sunday,MASONIC AVE,TURK BLVD,0.0,Clear,Injury (Complaint of Pain),Vehicle/Pedestrian,Pedestrian,Crossing in Crosswalk at Intersection,Dry,No Unusual Condition,Daylight,Intersection <= 20ft,0.0,2,1.0,Driver,North,Making Right Turn,Pedestrian,East,Proceeding Straight,POINT (-122.44704 37.77862),12.0,7.0,4.0,18.0,14
45367,vw_geo_sfpd_cr_switrs_all_types_col_cty_union.fid-c18a0c2_186644fdb18_6ead,57447,27475000.0,2330000.0,220095417,37.7787306736,-122.472114936,SFPD-INTERIM DB,CITY STREET,02/11/2022 01:50:00 PM,2022 February 11,13:50:00,2022,February,Friday,ANZA ST,PARK PRESIDIO BLVD,17.0,Clear,Injury (Other Visible),Vehicle/Pedestrian,Pedestrian,Crossing in Crosswalk at Intersection,Dry,No Unusual Condition,Daylight,Intersection <= 20ft,0.0,1,1.0,Driver,South,Making Left Turn,Pedestrian,East,Proceeding Straight,POINT (-122.472115 37.778732),5.0,8.0,4.0,11.0,13
45372,vw_geo_sfpd_cr_switrs_all_types_col_cty_union.fid-c18a0c2_186644fdb18_6e4a,57680,26498000.0,5823000.0,220191231,37.7882959906,-122.423597365,SFPD-INTERIM DB,CITY STREET,03/23/2022 02:45:00 PM,2022 March 23,14:45:00,2022,March,Wednesday,FRANKLIN ST,BUSH ST,6.0,Clear,Injury (Other Visible),Vehicle/Pedestrian,Pedestrian,Crossing in Crosswalk at Intersection,Dry,No Unusual Condition,Daylight,Intersection <= 20ft,0.0,1,1.0,Driver,North,Making Left Turn,Pedestrian,East,Proceeding Straight,POINT (-122.4236 37.788296),100.0,4.0,6.0,39.0,14
45385,vw_geo_sfpd_cr_switrs_all_types_col_cty_union.fid-c18a0c2_186644fdb18_60b2,24956,24935000.0,5061002.0,5585502,37.7837266515327,-122.41421895575,SFPD-CROSSROADS,CITY STREET,02/15/2012 02:19:00 PM,2012 February 15,14:19:00,2012,February,Wednesday,EDDY ST,LEAVENWORTH ST,7.0,Clear,Injury (Severe),Vehicle/Pedestrian,Pedestrian,Crossing in Crosswalk at Intersection,Dry,No Unusual Condition,Daylight,Intersection <= 20ft,0.0,1,1.0,Driver,East,Making Right Turn,Pedestrian,North,Not Stated,POINT (-122.41422 37.783726),20.0,5.0,10.0,36.0,14
45396,vw_geo_sfpd_cr_switrs_all_types_col_cty_union.fid-c18a0c2_186644fdb18_63a8,18614,24393000.000000004,3070000.0,5780447,37.7724954472237,-122.419917893307,SFPD-CROSSROADS,CITY STREET,07/19/2012 05:10:00 PM,2012 July 19,17:10:00,2012,July,Thursday,BRADY ST,OTIS ST,100.0,Clear,Injury (Complaint of Pain),Vehicle/Pedestrian,Pedestrian,"In Road, Including Shoulder",Dry,No Unusual Condition,Daylight,Midblock > 20ft,0.0,1,1.0,Driver,South,Making Left Turn,Pedestrian,West,Other,POINT (-122.419914 37.772495),32.0,1.0,10.0,20.0,17
45405,vw_geo_sfpd_cr_switrs_all_types_col_cty_union.fid-c18a0c2_186644fdb18_6665,11848,24168000.0,,6067127,37.7651099551722,-122.418698425482,SFPD-CROSSROADS,CITY STREET,09/13/2012 08:15:00 PM,2012 September 13,20:15:00,2012,September,Thursday,16TH ST,CAPP ST,0.0,Clear,Injury (Complaint of Pain),Vehicle/Pedestrian,Pedestrian,Crossing Not in Crosswalk,Dry,No Unusual Condition,Dark - Street Lights,Intersection <= 20ft,0.0,1,1.0,Pedestrian,North,Proceeding Straight,Driver,East,Proceeding Straight,POINT (-122.4187 37.76511),53.0,3.0,2.0,20.0,20
45412,vw_geo_sfpd_cr_switrs_all_types_col_cty_union.fid-c18a0c2_186644fdb18_6f82,31039,26618000.0,,170157119,37.7837176376332,-122.437847943548,SFPD-CROSSROADS,CITY STREET,02/24/2017 11:09:00 AM,2017 February 24,11:09:00,2017,February,Friday,GEARY BLVD,SCOTT ST,0.0,Clear,Injury (Complaint of Pain),Head-On,Pedestrian,Crossing in Crosswalk at Intersection,Dry,No Unusual Condition,Daylight,Intersection <= 20ft,0.0,1,1.0,Driver,East,Making Left Turn,Pedestrian,North,Proceeding Straight,POINT (-122.43785 37.78372),103.0,4.0,11.0,15.0,11
45428,vw_geo_sfpd_cr_switrs_all_types_col_cty_union.fid-c18a0c2_186644fdb18_67fc,17837,24403000.0,,6083767,37.7698676980341,-122.422364819364,SFPD-CROSSROADS,CITY STREET,12/16/2012 06:30:00 PM,2012 December 16,18:30:00,2012,December,Sunday,VALENCIA ST,DUBOCE AVE,0.0,Raining,Injury (Other Visible),Vehicle/Pedestrian,Pedestrian,Crossing in Crosswalk at Intersection,Wet,No Unusual Condition,Dark - Street Lights,Intersection <= 20ft,0.0,1,1.0,Driver,West,Stopped In Road,Pedestrian,South,Proceeding Straight,POINT (-122.42236 37.769867),53.0,3.0,2.0,20.0,18
45429,vw_geo_sfpd_cr_switrs_all_types_col_cty_union.fid-c18a0c2_186644fdb18_64c9,24266,24326000.0,,6046958,37.7820730676135,-122.412220735952,SFPD-CROSSROADS,CITY STREET,12/31/2012 12:26:00 PM,2012 December 31,12:26:00,2012,December,Monday,GOLDEN GATE AVE,JONES ST,0.0,Clear,Injury (Complaint of Pain),Vehicle/Pedestrian,Pedestrian,Crossing in Crosswalk at Intersection,Dry,No Unusual Condition,Daylight,Intersection <= 20ft,0.0,1,,Pedestrian,South,Entering Traffic,Driver,East,Making Left Turn,POINT (-122.412224 37.782074),20.0,5.0,10.0,36.0,12
45434,vw_geo_sfpd_cr_switrs_all_types_col_cty_union.fid-c18a0c2_186644fdb18_6162,39754,23407000.0,12285101.0,5668814,37.7440851576753,-122.494568756146,SFPD-CROSSROADS,CITY STREET,03/07/2012 11:18:00 AM,2012 March 07,11:18:00,2012,March,Wednesday,SUNSET BLVD,SANTIAGO ST,3.0,Clear,Injury (Other Visible),Vehicle/Pedestrian,Pedestrian,Crossing in Crosswalk at Intersection,Dry,No Unusual Condition,Daylight,Intersection <= 20ft,0.0,1,1.0,Driver,South,Proceeding Straight,Pedestrian,West,Not Stated,POINT (-122.49457 37.744083),40.0,10.0,7.0,35.0,11
45444,vw_geo_sfpd_cr_switrs_all_types_col_cty_union.fid-c18a0c2_186644fdb18_660f,28802,25175000.0,10554000.0,6059130,37.7823804400673,-122.419035961397,SFPD-CROSSROADS,CITY STREET,11/15/2012 08:55:00 AM,2012 November 15,08:55:00,2012,November,Thursday,POLK ST,TURK ST,78.0,Clear,Injury (Other Visible),Vehicle/Pedestrian,Pedestrian,Crossing Not in Crosswalk,Dry,No Unusual Condition,Daylight,Midblock > 20ft,0.0,2,1.0,Pedestrian,East,Proceeding Straight,Bicyclist,South,Proceeding Straight,POINT (-122.41904 37.78238),20.0,4.0,10.0,36.0,08
45449,vw_geo_sfpd_cr_switrs_all_types_col_cty_union.fid-c18a0c2_186644fdb18_6211,40350,27072000.000000004,,5722231,37.7626276425284,-122.460842964292,SFPD-CROSSROADS,CITY STREET,05/11/2012 12:40:00 PM,2012 May 11,12:40:00,2012,May,Friday,PARNASSUS AVE,04TH AVE,0.0,Clear,Injury (Severe),Vehicle/Pedestrian,Pedestrian,Crossing in Crosswalk at Intersection,Dry,No Unusual Condition,Daylight,Intersection <= 20ft,0.0,1,1.0,Driver,South,Making Left Turn,Pedestrian,North,Not Stated,POINT (-122.460846 37.762627),109.0,7.0,11.0,14.0,12
45450,vw_geo_sfpd_cr_switrs_all_types_col_cty_union.fid-c18a0c2_186644fdb18_67e1,27918,25003000.000000004,,6080404,37.7910890016591,-122.408976274471,SFPD-CROSSROADS,CITY STREET,04/02/2012 10:24:00 PM,2012 April 02,22:24:00,2012,April,Monday,POWELL ST,PINE ST,0.0,Clear,Injury (Severe),Vehicle/Pedestrian,Pedestrian,Crossing in Crosswalk at Intersection,Dry,No Unusual Condition,Dark - Street Lights,Intersection <= 20ft,0.0,1,1.0,Driver,South,Making Left Turn,Pedestrian,West,Proceeding Straight,POINT (-122.40897 37.79109),16.0,6.0,3.0,21.0,22
45469,vw_geo_sfpd_cr_switrs_all_types_col_cty_union.fid-c18a0c2_186644fdb18_6dcd,57312,20770000.0,,220041915,37.7324386578,-122.405607548,SFPD-INTERIM DB,CITY STREET,01/19/2022 08:11:00 PM,2022 January 19,20:11:00,2022,January,Wednesday,SAN BRUNO AVE,SILVER AVE,0.0,Clear,Injury (Complaint of Pain),Vehicle/Pedestrian,Pedestrian,Not in Road,Dry,No Unusual Condition,Dark - Street Lights,Intersection <= 20ft,0.0,1,1.0,Driver,East,Entering Traffic,Pedestrian,North,Proceeding Straight,POINT (-122.40561 37.732437),91.0,2.0,2.0,25.0,20
45472,vw_geo_sfpd_cr_switrs_all_types_col_cty_union.fid-c18a0c2_186644fdb18_61e4,26444,25156000.0,10636000.0,5684928,37.7872521222448,-122.416584256267,SFPD-CROSSROADS,CITY STREET,03/10/2012 07:12:00 PM,2012 March 10,19:12:00,2012,March,Saturday,POST ST,HYDE ST,16.0,Clear,Injury (Complaint of Pain),Vehicle/Pedestrian,Pedestrian,Crossing in Crosswalk at Intersection,Dry,No Unusual Condition,Dark - Street Lights,Intersection <= 20ft,0.0,1,1.0,Driver,East,Making Right Turn,Pedestrian,East,Proceeding Straight,POINT (-122.41659 37.78725),50.0,6.0,10.0,36.0,19
45475,vw_geo_sfpd_cr_switrs_all_types_col_cty_union.fid-c18a0c2_186644fdb18_66db,7075,21329000.000000004,,6068184,37.7423753982582,-122.421968762037,SFPD-CROSSROADS,CITY STREET,09/21/2012 06:20:00 PM,2012 September 21,18:20:00,2012,September,Friday,MISSION ST,30TH ST,0.0,Clear,Injury (Other Visible),Vehicle/Pedestrian,Pedestrian,Crossing in Crosswalk at Intersection,Dry,No Unusual Condition,Daylight,Intersection <= 20ft,0.0,1,1.0,Driver,South,Proceeding Straight,Pedestrian,West,Not Stated,POINT (-122.42197 37.742374),83.0,9.0,2.0,2.0,18
45478,vw_geo_sfpd_cr_switrs_all_types_col_cty_union.fid-c18a0c2_186644fdb18_72ba,58359,21906000.0,,220220830,37.7452985009903,-122.426822302923,SFPD-INTERIM DB,CITY STREET,04/04/2022 08:24:00 PM,2022 April 04,20:24:00,2022,April,Monday,CHURCH ST,28TH ST,0.0,Clear,Injury (Complaint of Pain),Vehicle/Pedestrian,Pedestrian,Crossing in Crosswalk at Intersection,Dry,No Unusual Condition,Dark - Street Lights,Intersection <= 20ft,0.0,1,1.0,Driver,South,Proceeding Straight,Pedestrian,West,Proceeding Straight,POINT (-122.42682 37.7453),84.0,9.0,5.0,22.0,20
45481,vw_geo_sfpd_cr_switrs_all_types_col_cty_union.fid-c18a0c2_186644fdb18_6e66,57711,24372000.0,,220205810,37.7682736534,-122.419981513,SFPD-INTERIM DB,CITY STREET,03/29/2022 04:01:00 PM,2022 March 29,16:01:00,2022,March,Tuesday,14TH ST,MISSION ST,0.0,Clear,Injury (Complaint of Pain),Head-On,Pedestrian,Crossing in Crosswalk at Intersection,Dry,No Unusual Condition,Daylight,Intersection <= 20ft,0.0,1,1.0,Driver,North,Making Left Turn,Pedestrian,East,Proceeding Straight,POINT (-122.41998 37.768272),53.0,3.0,2.0,20.0,16
45485,vw_geo_sfpd_cr_switrs_all_types_col_cty_union.fid-c18a0c2_186644fdb18_6734,19365,26414000.0,,6072420,37.7695260443481,-122.450710180788,SFPD-CROSSROADS,CITY STREET,04/20/2012 02:31:00 PM,2012 April 20,14:31:00,2012,April,Friday,HAIGHT ST,COLE ST,0.0,Clear,Injury (Complaint of Pain),Vehicle/Pedestrian,Pedestrian,Crossing in Crosswalk at Intersection,Dry,No Unusual Condition,Daylight,Intersection <= 20ft,0.0,1,,Driver,East,Proceeding Straight,Pedestrian,South,Proceeding Straight,POINT (-122.45071 37.769527),25.0,7.0,11.0,3.0,14
45490,vw_geo_sfpd_cr_switrs_all_types_col_cty_union.fid-c18a0c2_186644fdb18_6d6d,57264,26514000.0,6040102.0,220010562,37.7849516272,-122.427990895,SFPD-INTERIM DB,CITY STREET,01/05/2022 09:10:00 PM,2022 January 05,21:10:00,2022,January,Wednesday,GEARY BLVD,LAGUNA ST,1.0,Clear,Fatal,Vehicle/Pedestrian,Pedestrian,Crossing in Crosswalk at Intersection,Dry,No Unusual Condition,Dark - Street Lights,Intersection <= 20ft,1.0,0,1.0,Pedestrian,North,Not Stated,Driver,East,Proceeding Straight,POINT (-122.42799 37.78495),101.0,4.0,11.0,39.0,21
45511,vw_geo_sfpd_cr_switrs_all_types_col_cty_union.fid-c18a0c2_186644fdb18_6e8e,57746,20585000.0,,220197063,37.7210229041,-122.40303424,SFPD-INTERIM DB,CITY STREET,03/25/2022 05:00:00 PM,2022 March 25,17:00:00,2022,March,Friday,MANSELL ST,BRUSSELS ST,0.0,Clear,Injury (Other Visible),Vehicle/Pedestrian,Pedestrian,Crossing in Crosswalk at Intersection,Dry,No Unusual Condition,Daylight,Intersection <= 20ft,0.0,1,1.0,Driver,West,Proceeding Straight,Pedestrian,North,Proceeding Straight,POINT (-122.40304 37.721024),91.0,2.0,2.0,25.0,17
45526,vw_geo_sfpd_cr_switrs_all_types_col_cty_union.fid-c18a0c2_186644fdb18_651a,43002,27235000.0,,6049387,37.7773803255815,-122.46079634083,SFPD-CROSSROADS,CITY STREET,10/15/2012 03:55:00 PM,2012 October 15,15:55:00,2012,October,Monday,03RD AVE,BALBOA ST,0.0,Clear,Injury (Complaint of Pain),Vehicle/Pedestrian,Pedestrian,Crossing in Crosswalk at Intersection,Dry,No Unusual Condition,Daylight,Intersection <= 20ft,0.0,1,1.0,Driver,South,Making Left Turn,Pedestrian,East,Proceeding Straight,POINT (-122.46079 37.77738),5.0,8.0,4.0,11.0,15
45534,vw_geo_sfpd_cr_switrs_all_types_col_cty_union.fid-c18a0c2_186644fdb18_6e89,57742,24572000.0,,220192869,37.7966828955,-122.39540527,SFPD-INTERIM DB,CITY STREET,03/24/2022 06:45:00 AM,2022 March 24,06:45:00,2022,March,Thursday,WASHINGTON ST,THE EMBARCADERO,0.0,Clear,Injury (Complaint of Pain),Vehicle/Pedestrian,Pedestrian,Crossing in Crosswalk at Intersection,Dry,No Unusual Condition,Daylight,Intersection <= 20ft,0.0,1,1.0,Driver,East,Making Right Turn,Pedestrian,South,Proceeding Straight,POINT (-122.39541 37.796684),77.0,6.0,3.0,8.0,06
45535,vw_geo_sfpd_cr_switrs_all_types_col_cty_union.fid-c18a0c2_186644fdb18_610f,43096,27274000.000000004,355000.0,5590749,37.7771357821393,-122.465071509357,SFPD-CROSSROADS,CITY STREET,02/14/2012 07:29:00 PM,2012 February 14,19:29:00,2012,February,Tuesday,07TH AVE,BALBOA ST,18.0,Clear,Injury (Complaint of Pain),Vehicle/Pedestrian,Pedestrian,Crossing in Crosswalk at Intersection,Dry,No Unusual Condition,Dark - Street Lights,Intersection <= 20ft,0.0,2,1.0,Driver,South,Making Left Turn,Pedestrian,West,Not Stated,POINT (-122.46507 37.777134),5.0,8.0,4.0,11.0,19
45543,vw_geo_sfpd_cr_switrs_all_types_col_cty_union.fid-c18a0c2_186644fdb18_67d2,42728,27813000.0,5936000.0,6079131,37.7723418876773,-122.489179432538,SFPD-CROSSROADS,CITY STREET,08/12/2012 10:23:00 PM,2012 August 12,22:23:00,2012,August,Sunday,FULTON ST,30TH AVE,104.0,Cloudy,Injury (Other Visible),Vehicle/Pedestrian,Pedestrian,Crossing Not in Crosswalk,Dry,No Unusual Condition,Dark - Street Lights,Midblock > 20ft,0.0,1,1.0,Pedestrian,South,Not Stated,Driver,East,Proceeding Straight,POINT (-122.48918 37.772343),8.0,8.0,4.0,29.0,22
45556,vw_geo_sfpd_cr_switrs_all_types_col_cty_union.fid-c18a0c2_186644fdb18_6020,20785,24450000.0,13145101.0,5556048,37.777314996043,-122.419709972578,SFPD-CROSSROADS,CITY STREET,01/16/2012 09:25:00 PM,2012 January 16,21:25:00,2012,January,Monday,VAN NESS AVE,HAYES ST,8.0,Clear,Injury (Complaint of Pain),Vehicle/Pedestrian,Pedestrian,Crossing Not in Crosswalk,Dry,No Unusual Condition,Dark - Street Lights,Intersection <= 20ft,0.0,1,1.0,Pedestrian,East,Other,Driver,North,Proceeding Straight,POINT (-122.41971 37.777313),21.0,4.0,11.0,9.0,21
45558,vw_geo_sfpd_cr_switrs_all_types_col_cty_union.fid-c18a0c2_186644fdb18_70b4,58288,33351000.0,,220357803,37.7089685819313,-122.440024566871,SFPD-INTERIM DB,CITY STREET,06/01/2022 07:40:00 AM,2022 June 01,07:40:00,2022,June,Wednesday,POPE ST,POLARIS WAY,0.0,Clear,Injury (Other Visible),Vehicle/Pedestrian,Pedestrian,Crossing in Crosswalk at Intersection,Dry,No Unusual Condition,Daylight,Intersection <= 20ft,0.0,1,1.0,Driver,North,Making Left Turn,Pedestrian,East,Proceeding Straight,POINT (-122.440025 37.70897),58.0,9.0,1.0,7.0,07
45559,vw_geo_sfpd_cr_switrs_all_types_col_cty_union.fid-c18a0c2_186644fdb18_64ad,35629,25536000.0,,6046510,37.8049990435615,-122.418530631865,SFPD-CROSSROADS,CITY STREET,12/19/2012 07:45:00 AM,2012 December 19,07:45:00,2012,December,Wednesday,LEAVENWORTH ST,BAY ST,0.0,Clear,Injury (Other Visible),Vehicle/Pedestrian,Pedestrian,Crossing in Crosswalk at Intersection,Dry,No Unusual Condition,Daylight,Intersection <= 20ft,0.0,1,1.0,Driver,North,Making Right Turn,Pedestrian,West,Proceeding Straight,POINT (-122.41853 37.805),99.0,6.0,6.0,32.0,07
45565,vw_geo_sfpd_cr_switrs_all_types_col_cty_union.fid-c18a0c2_186644fdb18_71b2,58032,24933000.0,,220336807,37.7825850335311,-122.415693871674,SFPD-INTERIM DB,CITY STREET,05/23/2022 12:47:00 PM,2022 May 23,12:47:00,2022,May,Monday,HYDE ST,TURK ST,0.0,Clear,Injury (Complaint of Pain),Vehicle/Pedestrian,Pedestrian,Crossing in Crosswalk at Intersection,Dry,No Unusual Condition,Daylight,Intersection <= 20ft,0.0,1,1.0,Driver,South,Making Left Turn,Pedestrian,East,Proceeding Straight,POINT (-122.415695 37.782585),20.0,5.0,10.0,36.0,12
45566,vw_geo_sfpd_cr_switrs_all_types_col_cty_union.fid-c18a0c2_186644fdb18_67e3,17836,24403000.0,,6080406,37.7698676980341,-122.422364819364,SFPD-CROSSROADS,CITY STREET,04/29/2012 11:17:00 AM,2012 April 29,11:17:00,2012,April,Sunday,VALENCIA ST,DUBOCE AVE,0.0,Clear,Injury (Complaint of Pain),Vehicle/Pedestrian,Pedestrian,Crossing in Crosswalk at Intersection,Dry,No Unusual Condition,Daylight,Intersection <= 20ft,0.0,1,1.0,Driver,South,Proceeding Straight,Pedestrian,West,Not Stated,POINT (-122.42236 37.769867),53.0,3.0,2.0,20.0,11
45578,vw_geo_sfpd_cr_switrs_all_types_col_cty_union.fid-c18a0c2_186644fdb18_701c,58173,24595000.000000004,,220409802,37.7858992476289,-122.399369533617,SFPD-INTERIM DB,CITY STREET,06/22/2022 06:18:00 PM,2022 June 22,18:18:00,2022,June,Wednesday,HOWARD ST,HAWTHORNE ST,0.0,Cloudy,Injury (Other Visible),Broadside,Pedestrian,Crossing in Crosswalk at Intersection,Dry,No Unusual Condition,Daylight,Intersection <= 20ft,0.0,1,1.0,Bicyclist,West,Proceeding Straight,Pedestrian,South,Proceeding Straight,POINT (-122.39937 37.7859),32.0,1.0,10.0,8.0,18
45589,vw_geo_sfpd_cr_switrs_all_types_col_cty_union.fid-c18a0c2_186644fdb18_639e,15020,23890000.000000004,3081000.0,5780427,37.7748185273556,-122.400969230963,SFPD-CROSSROADS,CITY STREET,07/12/2012 04:35:00 PM,2012 July 12,16:35:00,2012,July,Thursday,BRANNAN ST,06TH ST,5.0,Clear,Injury (Complaint of Pain),Vehicle/Pedestrian,Pedestrian,Crossing in Crosswalk at Intersection,Dry,No Unusual Condition,Daylight,Intersection <= 20ft,0.0,1,1.0,Driver,East,Making Right Turn,Pedestrian,South,Proceeding Straight,POINT (-122.40097 37.77482),32.0,1.0,10.0,34.0,16
45616,vw_geo_sfpd_cr_switrs_all_types_col_cty_union.fid-c18a0c2_186644fdb18_6531,41395,27420000.0,,6049412,37.7652595829598,-122.481541007227,SFPD-CROSSROADS,CITY STREET,10/30/2012 04:25:00 PM,2012 October 30,16:25:00,2012,October,Tuesday,LINCOLN WAY,23RD AVE,0.0,Raining,Injury (Complaint of Pain),Head-On,Pedestrian,Crossing in Crosswalk Not at Intersection,Wet,No Unusual Condition,Daylight,Intersection <= 20ft,0.0,1,1.0,Pedestrian,South,Other,Driver,West,Proceeding Straight,POINT (-122.481544 37.76526),9.0,10.0,7.0,35.0,16
45625,vw_geo_sfpd_cr_switrs_all_types_col_cty_union.fid-c18a0c2_186644fdb18_62bd,44358,27980000.0,7921000.0,5760960,37.7730925617283,-122.510024218527,SFPD-CROSSROADS,CITY STREET,07/05/2012 02:56:00 PM,2012 July 05,14:56:00,2012,July,Thursday,LA PLAYA,CABRILLO ST,61.0,Clear,Injury (Other Visible),Vehicle/Pedestrian,Pedestrian,"In Road, Including Shoulder",Dry,No Unusual Condition,Daylight,Midblock > 20ft,0.0,1,1.0,Pedestrian,West,Entering Traffic,Driver,North,Proceeding Straight,POINT (-122.510025 37.773094),8.0,8.0,4.0,29.0,14
45646,vw_geo_sfpd_cr_switrs_all_types_col_cty_union.fid-c18a0c2_186644fdb18_73a9,57139,23710000.0,,210492798,37.7545705552559,-122.401589389262,SFPD-INTERIM DB,CITY STREET,08/03/2021 08:36:00 PM,2021 August 03,20:36:00,2021,August,Tuesday,23RD ST,RHODE ISLAND ST,0.0,Clear,Injury (Other Visible),Vehicle/Pedestrian,Pedestrian,"In Road, Including Shoulder",Dry,Construction or Repair Zone,Dark - No Street Lights,Intersection <= 20ft,0.0,1,1.0,Driver,East,Proceeding Straight,Pedestrian,East,Other,POINT (-122.40159 37.75457),54.0,2.0,9.0,26.0,20
45649,vw_geo_sfpd_cr_switrs_all_types_col_cty_union.fid-c18a0c2_186644fdb18_64fa,24943,24936000.0,5173000.0,6049347,37.7849249386702,-122.412319474643,SFPD-CROSSROADS,CITY STREET,12/13/2012 06:38:00 PM,2012 December 13,18:38:00,2012,December,Thursday,ELLIS ST,JONES ST,135.0,Clear,Injury (Other Visible),Vehicle/Pedestrian,Pedestrian,Crossing Not in Crosswalk,Dry,No Unusual Condition,Dark - Street Lights,Midblock > 20ft,0.0,1,1.0,Pedestrian,North,Entering Traffic,Driver,West,Proceeding Straight,POINT (-122.41232 37.784924),20.0,5.0,10.0,36.0,18
45658,vw_geo_sfpd_cr_switrs_all_types_col_cty_union.fid-c18a0c2_186644fdb18_64da,30109,25213000.0,,6049283,37.7854822439204,-122.423027552363,SFPD-CROSSROADS,CITY STREET,12/05/2012 09:55:00 AM,2012 December 05,09:55:00,2012,December,Wednesday,FRANKLIN ST,GEARY BLVD,0.0,Cloudy,Injury (Complaint of Pain),Vehicle/Pedestrian,Pedestrian,Crossing in Crosswalk at Intersection,Wet,No Unusual Condition,Daylight,Intersection <= 20ft,0.0,1,1.0,Driver,North,Making Left Turn,Pedestrian,North,Proceeding Straight,POINT (-122.42303 37.78548),100.0,4.0,11.0,39.0,09