,id,unique_id,cnn_intrsctn_fkey,cnn_sgmt_fkey,case_id_pkey,tb_latitude,tb_longitude,geocode_source,geocode_location,collision_datetime,collision_date,collision_time,accident_year,month,day_of_week,primary_rd,secondary_rd,distance,weather_1,collision_severity,type_of_collision,mviw,ped_action,road_surface,road_cond_1,lighting,intersection,number_killed,number_injured,party_at_fault,party1_type,party1_dir_of_travel,party1_move_pre_acc,party2_type,party2_dir_of_travel,party2_move_pre_acc,point,Neighborhoods,Current Police Districts,Current Supervisor Districts,Analysis Neighborhoods,hour
45678,vw_geo_sfpd_cr_switrs_all_types_col_cty_union.fid-c18a0c2_186644fdb18_64ed,28050,25088000.0,3542000.0,6049322,37.7916350037619,-122.412398107841,SFPD-CROSSROADS,CITY STREET,11/07/2012 07:35:00 PM,2012 November 07,19:35:00,2012,November,Wednesday,CALIFORNIA ST,TAYLOR ST,18.0,Clear,Injury (Other Visible),Vehicle/Pedestrian,Pedestrian,Crossing Not in Crosswalk,Dry,No Unusual Condition,Dark - Street Lights,Intersection <= 20ft,0.0,1,1.0,Pedestrian,South,Other,Driver,East,Making Right Turn,POINT (-122.4124 37.791634),16.0,6.0,3.0,21.0,19
45679,vw_geo_sfpd_cr_switrs_all_types_col_cty_union.fid-c18a0c2_186644fdb18_716f,58410,24936000.0,5174000.0,220293263,37.7848662445387,-122.412782129398,SFPD-INTERIM DB,CITY STREET,05/05/2022 03:14:00 AM,2022 May 05,03:14:00,2022,May,Thursday,ELLIS ST,JONES ST,25.0,Clear,Injury (Complaint of Pain),Broadside,Pedestrian,Crossing Not in Crosswalk,Dry,No Unusual Condition,Dark - No Street Lights,Midblock > 20ft,0.0,1,1.0,Pedestrian,South,Traveling Wrong Way,Driver,East,Proceeding Straight,POINT (-122.41278 37.784866),20.0,5.0,10.0,36.0,03
45697,vw_geo_sfpd_cr_switrs_all_types_col_cty_union.fid-c18a0c2_186644fdb18_655e,36857,22581000.0,,6049473,37.718229697393,-122.459187213815,SFPD-CROSSROADS,CITY STREET,10/26/2012 06:30:00 PM,2012 October 26,18:30:00,2012,October,Friday,LAKEVIEW AVE,CAPITOL AVE,0.0,Clear,Injury (Other Visible),Vehicle/Pedestrian,Pedestrian,Crossing in Crosswalk at Intersection,Dry,No Unusual Condition,Daylight,Intersection <= 20ft,0.0,1,1.0,Driver,South,Proceeding Straight,Pedestrian,West,Proceeding Straight,POINT (-122.45919 37.71823),64.0,10.0,1.0,24.0,18
45698,vw_geo_sfpd_cr_switrs_all_types_col_cty_union.fid-c18a0c2_186644fdb18_6160,19409,26418000.0,,5668806,37.7705193185234,-122.450407506029,SFPD-CROSSROADS,CITY STREET,03/06/2012 06:37:00 PM,2012 March 06,18:37:00,2012,March,Tuesday,PAGE ST,COLE ST,0.0,Clear,Injury (Complaint of Pain),Vehicle/Pedestrian,Pedestrian,Crossing in Crosswalk at Intersection,Dry,No Unusual Condition,Dusk - Dawn,Intersection <= 20ft,0.0,1,1.0,Driver,West,Proceeding Straight,Pedestrian,North,Not Stated,POINT (-122.45041 37.77052),25.0,7.0,11.0,3.0,18
45699,vw_geo_sfpd_cr_switrs_all_types_col_cty_union.fid-c18a0c2_186644fdb18_6595,29592,26514000.0,,6058772,37.7849538797029,-122.427988927016,SFPD-CROSSROADS,CITY STREET,03/25/2012 02:55:00 AM,2012 March 25,02:55:00,2012,March,Sunday,GEARY ST,LAGUNA ST,0.0,Clear,Injury (Other Visible),Vehicle/Pedestrian,Pedestrian,Crossing in Crosswalk at Intersection,Wet,No Unusual Condition,Dark - Street Lights,Intersection <= 20ft,0.0,1,1.0,Driver,West,Making Left Turn,Pedestrian,South,Proceeding Straight,POINT (-122.427986 37.784954),100.0,4.0,11.0,39.0,02
45702,vw_geo_sfpd_cr_switrs_all_types_col_cty_union.fid-c18a0c2_186644fdb18_6efb,57807,24431000.0,7114000.0,220003802,37.7815865029691,-122.415491441441,SFPD-INTERIM DB,CITY STREET,01/03/2022 12:05:00 AM,2022 January 03,00:05:00,2022,January,Monday,HYDE ST,GOLDEN GATE AVE,25.0,Clear,Injury (Complaint of Pain),Vehicle/Pedestrian,Pedestrian,"In Road, Including Shoulder",Dry,No Unusual Condition,Dark - Street Lights Not Functioning,Midblock > 20ft,0.0,1,1.0,Driver,South,Not Stated,Pedestrian,South,Proceeding Straight,POINT (-122.41549 37.781586),21.0,5.0,10.0,36.0,00
45711,vw_geo_sfpd_cr_switrs_all_types_col_cty_union.fid-c18a0c2_186644fdb18_6cc3,52212,24524000.0,,200095578,37.7863789374,-122.395645465,SFPD-INTERIM DB,CITY STREET,02/07/2020 04:00:00 PM,2020 February 07,16:00:00,2020,February,Friday,ESSEX ST,FOLSOM ST,0.0,Clear,Injury (Complaint of Pain),Vehicle/Pedestrian,Pedestrian,Crossing in Crosswalk at Intersection,Dry,No Unusual Condition,Daylight,Intersection <= 20ft,0.0,1,1.0,Driver,East,Proceeding Straight,Pedestrian,North,Not Stated,POINT (-122.395645 37.78638),32.0,1.0,10.0,8.0,16
45714,vw_geo_sfpd_cr_switrs_all_types_col_cty_union.fid-c18a0c2_186644fdb18_5fd4,11215,24163000.0,9118000.0,5484634,37.7627491197812,-122.419447227387,SFPD-CROSSROADS,CITY STREET,01/09/2012 09:20:00 AM,2012 January 09,09:20:00,2012,January,Monday,MISSION ST,SYCAMORE ST,13.0,Clear,Injury (Complaint of Pain),Vehicle/Pedestrian,Pedestrian,Crossing Not in Crosswalk,Dry,No Unusual Condition,Daylight,Intersection <= 20ft,0.0,1,1.0,Pedestrian,East,Not Stated,Driver,North,Proceeding Straight,POINT (-122.41945 37.76275),53.0,3.0,2.0,20.0,09
45735,vw_geo_sfpd_cr_switrs_all_types_col_cty_union.fid-c18a0c2_186644fdb18_673f,1841,21730000.0,,6072948,37.7192688099808,-122.436756332374,SFPD-CROSSROADS,CITY STREET,11/03/2012 02:00:00 AM,2012 November 03,02:00:00,2012,November,Saturday,PARIS ST,FRANCE AVE,0.0,Clear,Injury (Other Visible),Vehicle/Pedestrian,Pedestrian,Crossing in Crosswalk at Intersection,Dry,No Unusual Condition,Dark - Street Lights,Intersection <= 20ft,0.0,1,1.0,Driver,North,Making Left Turn,Pedestrian,East,Other,POINT (-122.43676 37.71927),90.0,9.0,1.0,7.0,02
45777,vw_geo_sfpd_cr_switrs_all_types_col_cty_union.fid-c18a0c2_186644fdb18_6cd2,39061,23183000.0,12394000.0,130838337,37.7430684920902,-122.475264491365,SFPD-CROSSROADS,CITY STREET,10/04/2013 02:10:00 PM,2013 October 04,14:10:00,2013,October,Friday,TARAVAL ST,19TH AVE,110.0,Clear,Injury (Other Visible),Vehicle/Pedestrian,Pedestrian,"In Road, Including Shoulder",Dry,No Unusual Condition,Daylight,Midblock > 20ft,0.0,1,1.0,Driver,West,Proceeding Straight,Pedestrian,North,Other,POINT (-122.475266 37.74307),44.0,10.0,8.0,41.0,14
45796,vw_geo_sfpd_cr_switrs_all_types_col_cty_union.fid-c18a0c2_186644fdb18_70f4,58193,24181000.0,7699000.0,220419516,37.765059111327,-122.420909143603,SFPD-INTERIM DB,CITY STREET,06/26/2022 04:46:00 PM,2022 June 26,16:46:00,2022,June,Sunday,JULIAN AVE,16TH ST,30.0,Clear,Injury (Complaint of Pain),Vehicle/Pedestrian,Pedestrian,Crossing Not in Crosswalk,Dry,No Unusual Condition,Daylight,Midblock > 20ft,0.0,1,1.0,Pedestrian,West,Proceeding Straight,Driver,North,Making Right Turn,POINT (-122.420906 37.76506),53.0,3.0,2.0,20.0,16
45797,vw_geo_sfpd_cr_switrs_all_types_col_cty_union.fid-c18a0c2_186644fdb18_6f5f,57590,27808000.0,,220169589,37.7643111275,-122.502976414,SFPD-INTERIM DB,CITY STREET,03/14/2022 04:02:00 PM,2022 March 14,16:02:00,2022,March,Monday,43RD AVE,LINCOLN WAY,0.0,Clear,Injury (Complaint of Pain),Vehicle/Pedestrian,Pedestrian,Crossing in Crosswalk at Intersection,Dry,No Unusual Condition,Daylight,Intersection <= 20ft,0.0,1,1.0,Driver,North,Making Right Turn,Pedestrian,West,Proceeding Straight,POINT (-122.502975 37.764313),39.0,10.0,4.0,12.0,16
45806,vw_geo_sfpd_cr_switrs_all_types_col_cty_union.fid-c18a0c2_186644fdb18_64df,39611,23438000.0,1900000.0,6049295,37.739660123458,-122.498021671206,SFPD-CROSSROADS,CITY STREET,12/05/2012 05:08:00 PM,2012 December 05,17:08:00,2012,December,Wednesday,40TH AVE,ULLOA ST,194.0,Cloudy,Injury (Complaint of Pain),Vehicle/Pedestrian,Pedestrian,Crossing Not in Crosswalk,Dry,No Unusual Condition,Daylight,Midblock > 20ft,0.0,1,1.0,Pedestrian,East,Proceeding Straight,Driver,South,Proceeding Straight,POINT (-122.498024 37.73966),39.0,10.0,7.0,35.0,17
45813,vw_geo_sfpd_cr_switrs_all_types_col_cty_union.fid-c18a0c2_186644fdb18_6551,1113,21550000.0,,6049445,37.709543368801,-122.45049893027,SFPD-CROSSROADS,CITY STREET,10/06/2012 12:44:00 AM,2012 October 06,00:44:00,2012,October,Saturday,MISSION ST,OLIVER ST,0.0,Clear,Injury (Other Visible),Vehicle/Pedestrian,Pedestrian,Crossing Not in Crosswalk,Dry,No Unusual Condition,Dark - Street Lights,Intersection <= 20ft,0.0,1,1.0,Pedestrian,West,Other,Driver,South,Proceeding Straight,POINT (-122.4505 37.709545),66.0,9.0,1.0,28.0,00
45816,vw_geo_sfpd_cr_switrs_all_types_col_cty_union.fid-c18a0c2_186644fdb18_67f8,33474,30039000.0,,6080459,37.7984297013831,-122.402228639401,SFPD-CROSSROADS,CITY STREET,07/28/2012 03:45:00 PM,2012 July 28,15:45:00,2012,July,Saturday,BROADWAY,SANSOME ST,0.0,Clear,Injury (Other Visible),Vehicle/Pedestrian,Pedestrian,Crossing in Crosswalk at Intersection,Dry,No Unusual Condition,Daylight,Intersection <= 20ft,0.0,1,1.0,Driver,South,Making Left Turn,Pedestrian,South,Proceeding Straight,POINT (-122.40223 37.79843),106.0,6.0,3.0,23.0,15
45817,vw_geo_sfpd_cr_switrs_all_types_col_cty_union.fid-c18a0c2_186644fdb18_64cd,9257,23682000.0,4346000.0,6048930,37.7633511350416,-122.397571757294,SFPD-CROSSROADS,CITY STREET,11/24/2012 11:20:00 AM,2012 November 24,11:20:00,2012,November,Saturday,CONNECTICUT ST,MARIPOSA ST,162.0,Clear,Injury (Complaint of Pain),Vehicle/Pedestrian,Pedestrian,Not in Road,Dry,No Unusual Condition,Daylight,Midblock > 20ft,0.0,1,1.0,Driver,East,Backing,Pedestrian,South,Not Stated,POINT (-122.397575 37.76335),54.0,2.0,9.0,26.0,11
45832,vw_geo_sfpd_cr_switrs_all_types_col_cty_union.fid-c18a0c2_186644fdb18_62cc,14657,23799000.0,7832101.0,5761059,37.7781176959638,-122.391804718234,SFPD-CROSSROADS,CITY STREET,06/13/2012 05:20:00 PM,2012 June 13,17:20:00,2012,June,Wednesday,KING ST,03RD ST,18.0,Clear,Injury (Complaint of Pain),Vehicle/Pedestrian,Pedestrian,Crossing in Crosswalk at Intersection,Dry,No Unusual Condition,Daylight,Intersection <= 20ft,0.0,2,1.0,Pedestrian,North,Proceeding Straight,Driver,West,Making Left Turn,POINT (-122.39181 37.77812),31.0,1.0,10.0,4.0,17
45835,vw_geo_sfpd_cr_switrs_all_types_col_cty_union.fid-c18a0c2_186644fdb18_66ff,30327,25202000.0,12328000.0,6068223,37.7879685596646,-122.418447426797,SFPD-CROSSROADS,CITY STREET,09/19/2012 05:38:00 PM,2012 September 19,17:38:00,2012,September,Wednesday,SUTTER ST,LARKIN ST,5.0,Clear,Injury (Complaint of Pain),Vehicle/Pedestrian,Pedestrian,Not in Road,Dry,No Unusual Condition,Daylight,Intersection <= 20ft,0.0,1,1.0,Bicyclist,South,Proceeding Straight,Pedestrian,West,Not Stated,POINT (-122.41845 37.787968),50.0,6.0,3.0,21.0,17
45844,vw_geo_sfpd_cr_switrs_all_types_col_cty_union.fid-c18a0c2_186644fdb18_67cf,11109,25684000.0,,6079127,37.7614271333092,-122.426076501811,SFPD-CROSSROADS,CITY STREET,08/16/2012 12:36:00 PM,2012 August 16,12:36:00,2012,August,Thursday,18TH ST,DOLORES ST,0.0,Clear,Injury (Complaint of Pain),Vehicle/Pedestrian,Pedestrian,Crossing in Crosswalk at Intersection,Dry,No Unusual Condition,Daylight,Intersection <= 20ft,0.0,1,1.0,Driver,West,Making Left Turn,Pedestrian,South,Proceeding Straight,POINT (-122.42608 37.76143),37.0,3.0,5.0,5.0,12
45848,vw_geo_sfpd_cr_switrs_all_types_col_cty_union.fid-c18a0c2_186644fdb18_7233,57932,24747000.0,,220279611,37.7914981017593,-122.405741878612,SFPD-INTERIM DB,CITY STREET,04/29/2022 12:08:00 PM,2022 April 29,12:08:00,2022,April,Friday,PINE ST,GRANT AVE,0.0,Clear,Injury (Complaint of Pain),Vehicle/Pedestrian,Pedestrian,Crossing in Crosswalk at Intersection,Dry,No Unusual Condition,Daylight,Intersection <= 20ft,0.0,1,1.0,Driver,West,Making Left Turn,Pedestrian,North,Proceeding Straight,POINT (-122.40574 37.791496),104.0,6.0,3.0,8.0,12
45849,vw_geo_sfpd_cr_switrs_all_types_col_cty_union.fid-c18a0c2_186644fdb18_67e8,4213,21765000.0,,6080411,37.7287295485047,-122.43129384332,SFPD-CROSSROADS,CITY STREET,04/20/2012 07:00:00 PM,2012 April 20,19:00:00,2012,April,Friday,MISSION ST,SILVER AVE,0.0,Clear,Injury (Other Visible),Vehicle/Pedestrian,Pedestrian,Crossing in Crosswalk at Intersection,Dry,No Unusual Condition,Daylight,Intersection <= 20ft,0.0,1,1.0,Driver,East,Backing,Pedestrian,South,Proceeding Straight,POINT (-122.4313 37.72873),94.0,9.0,1.0,28.0,19
45850,vw_geo_sfpd_cr_switrs_all_types_col_cty_union.fid-c18a0c2_186644fdb18_6511,29549,26589000.0,9738000.0,6049377,37.7832620278561,-122.43294596808,SFPD-CROSSROADS,CITY STREET,11/21/2012 03:17:00 PM,2012 November 21,15:17:00,2012,November,Wednesday,OFARRELL ST,FILLMORE ST,70.0,Cloudy,Injury (Other Visible),Vehicle/Pedestrian,Pedestrian,Crossing Not in Crosswalk,Dry,No Unusual Condition,Daylight,Midblock > 20ft,0.0,1,1.0,Pedestrian,North,Not Stated,Driver,West,Proceeding Straight,POINT (-122.432945 37.78326),97.0,4.0,11.0,39.0,15
45861,vw_geo_sfpd_cr_switrs_all_types_col_cty_union.fid-c18a0c2_186644fdb18_66aa,45303,27845000.0,1680000.0,6068108,37.7817088463518,-122.49129768594,SFPD-CROSSROADS,CITY STREET,09/27/2012 08:30:00 AM,2012 September 27,08:30:00,2012,September,Thursday,31ST AVE,CLEMENT ST,6.0,Clear,Injury (Complaint of Pain),Vehicle/Pedestrian,Pedestrian,Crossing in Crosswalk at Intersection,Dry,No Unusual Condition,Daylight,Intersection <= 20ft,0.0,1,1.0,Driver,North,Making Right Turn,Pedestrian,West,Proceeding Straight,POINT (-122.491295 37.781708),8.0,8.0,4.0,29.0,08
45872,vw_geo_sfpd_cr_switrs_all_types_col_cty_union.fid-c18a0c2_186644fdb18_72d0,33172,24572000.0,12554201.0,130309714,37.7970815832655,-122.395568379118,SFPD-CROSSROADS,CITY STREET,04/16/2013 08:59:00 AM,2013 April 16,08:59:00,2013,April,Tuesday,THE EMBARCADERO,WASHINGTON ST,145.0,Clear,Injury (Complaint of Pain),Vehicle/Pedestrian,Pedestrian,Crossing Not in Crosswalk,Dry,No Unusual Condition,Daylight,Midblock > 20ft,0.0,2,1.0,Pedestrian,West,Proceeding Straight,Bicyclist,South,Proceeding Straight,POINT (-122.39557 37.79708),77.0,6.0,3.0,8.0,08
45886,vw_geo_sfpd_cr_switrs_all_types_col_cty_union.fid-c18a0c2_186644fdb18_7384,56359,25026000.0,,210469515,37.7949406878,-122.408079101,SFPD-INTERIM DB,CITY STREET,07/25/2021 05:56:00 AM,2021 July 25,05:56:00,2021,July,Sunday,STOCKTON ST,WASHINGTON ST,0.0,Clear,Injury (Other Visible),Vehicle/Pedestrian,Pedestrian,Crossing in Crosswalk at Intersection,Dry,No Unusual Condition,Dusk - Dawn,Intersection <= 20ft,0.0,1,1.0,Driver,North,Proceeding Straight,Pedestrian,West,Proceeding Straight,POINT (-122.40808 37.79494),104.0,6.0,3.0,6.0,05
45890,vw_geo_sfpd_cr_switrs_all_types_col_cty_union.fid-c18a0c2_186644fdb18_64f2,21281,24459000.0,,6049334,37.7782510170772,-122.419883230578,SFPD-CROSSROADS,CITY STREET,12/01/2012 06:18:00 PM,2012 December 01,18:18:00,2012,December,Saturday,GROVE ST,VAN NESS AVE,0.0,Raining,Injury (Other Visible),Vehicle/Pedestrian,Pedestrian,Crossing in Crosswalk at Intersection,Wet,No Unusual Condition,Dark - Street Lights,Intersection <= 20ft,0.0,1,1.0,Driver,West,Making Right Turn,Pedestrian,North,Proceeding Straight,POINT (-122.41988 37.77825),21.0,4.0,10.0,36.0,18
45891,vw_geo_sfpd_cr_switrs_all_types_col_cty_union.fid-c18a0c2_186644fdb18_651e,9834,24022000.0,10660000.0,6049391,37.7658129412854,-122.40753767145,SFPD-CROSSROADS,CITY STREET,10/11/2012 06:58:00 PM,2012 October 11,18:58:00,2012,October,Thursday,POTRERO AVE,16TH ST,11.0,Raining,Injury (Other Visible),Vehicle/Pedestrian,Pedestrian,Crossing in Crosswalk at Intersection,Wet,No Unusual Condition,Dark - Street Lights,Intersection <= 20ft,0.0,2,1.0,Pedestrian,West,Proceeding Straight,Driver,North,Proceeding Straight,POINT (-122.40754 37.765812),53.0,3.0,9.0,20.0,18
45895,vw_geo_sfpd_cr_switrs_all_types_col_cty_union.fid-c18a0c2_186644fdb18_6783,1183,21502000.0,,6076539,37.711436150244,-122.446383349102,SFPD-CROSSROADS,CITY STREET,04/06/2012 08:20:00 AM,2012 April 06,08:20:00,2012,April,Friday,MISSION ST,LOWELL ST,0.0,Clear,Injury (Complaint of Pain),Vehicle/Pedestrian,Pedestrian,Crossing in Crosswalk at Intersection,Dry,No Unusual Condition,Daylight,Intersection <= 20ft,0.0,1,1.0,Driver,West,Making Left Turn,Pedestrian,South,Proceeding Straight,POINT (-122.44638 37.711437),58.0,9.0,1.0,7.0,08
45897,vw_geo_sfpd_cr_switrs_all_types_col_cty_union.fid-c18a0c2_186644fdb18_67ef,24526,24923000.0,7564000.0,6080418,37.7829820538898,-122.412407227654,SFPD-CROSSROADS,CITY STREET,04/19/2012 05:05:00 PM,2012 April 19,17:05:00,2012,April,Thursday,JONES ST,TURK ST,8.0,Clear,Injury (Other Visible),Vehicle/Pedestrian,Pedestrian,Crossing in Crosswalk at Intersection,Dry,No Unusual Condition,Daylight,Intersection <= 20ft,0.0,1,1.0,Driver,West,Making Left Turn,Pedestrian,East,Proceeding Straight,POINT (-122.41241 37.78298),20.0,5.0,10.0,36.0,17
45902,vw_geo_sfpd_cr_switrs_all_types_col_cty_union.fid-c18a0c2_186644fdb18_648d,28522,25021000.0,7376000.0,6046439,37.795920636191,-122.407481401278,SFPD-CROSSROADS,CITY STREET,11/20/2012 02:47:00 PM,2012 November 20,14:47:00,2012,November,Tuesday,JACKSON ST,ROSS ALY,14.0,Cloudy,Injury (Other Visible),Vehicle/Pedestrian,Pedestrian,Crossing Not in Crosswalk,Dry,No Unusual Condition,Daylight,Intersection <= 20ft,0.0,1,2.0,Driver,East,Proceeding Straight,Pedestrian,South,Proceeding Straight,POINT (-122.40748 37.79592),104.0,6.0,3.0,6.0,14
45904,vw_geo_sfpd_cr_switrs_all_types_col_cty_union.fid-c18a0c2_186644fdb18_730c,37613,33411000.0,7708201.0,140291208,37.726811986639,-122.47206590924,SFPD-CROSSROADS,CITY STREET,04/08/2014 08:41:00 AM,2014 April 08,08:41:00,2014,April,Tuesday,JUNIPERO SERRA BLVD,WINSTON DR,6.0,Clear,Injury (Complaint of Pain),Vehicle/Pedestrian,Pedestrian,Crossing in Crosswalk at Intersection,Dry,No Unusual Condition,Daylight,Intersection <= 20ft,0.0,1,1.0,Driver,South,Making Left Turn,Pedestrian,West,Proceeding Straight,POINT (-122.47207 37.72681),41.0,10.0,8.0,41.0,08
45913,vw_geo_sfpd_cr_switrs_all_types_col_cty_union.fid-c18a0c2_186644fdb18_67b2,36499,22516000.0,2184101.0,6076678,37.7114753792863,-122.467056130518,SFPD-CROSSROADS,CITY STREET,06/08/2012 04:43:00 PM,2012 June 08,16:43:00,2012,June,Friday,ALEMANY BLVD,ARCH ST,11.0,Clear,Injury (Complaint of Pain),Vehicle/Pedestrian,Pedestrian,Crossing in Crosswalk at Intersection,Dry,No Unusual Condition,Daylight,Intersection <= 20ft,0.0,1,1.0,Driver,West,Making Left Turn,Pedestrian,South,Proceeding Straight,POINT (-122.46706 37.711475),65.0,10.0,8.0,24.0,16
45915,vw_geo_sfpd_cr_switrs_all_types_col_cty_union.fid-c18a0c2_186644fdb18_676a,2945,33647000.0,2579000.0,6076505,37.7276847028892,-122.403398012727,SFPD-CROSSROADS,CITY STREET,04/29/2012 07:15:00 AM,2012 April 29,07:15:00,2012,April,Sunday,BACON ST,SAN BRUNO AVE,59.0,Clear,Injury (Complaint of Pain),Vehicle/Pedestrian,Pedestrian,Crossing Not in Crosswalk,Dry,No Unusual Condition,Daylight,Midblock > 20ft,0.0,1,1.0,Pedestrian,North,Proceeding Straight,Driver,East,Proceeding Straight,POINT (-122.4034 37.727684),91.0,2.0,2.0,25.0,07
45916,vw_geo_sfpd_cr_switrs_all_types_col_cty_union.fid-c18a0c2_186644fdb18_6a17,5505,20241000.0,5335000.0,6143778,37.743486837093,-122.389345004006,SFPD-CROSSROADS,CITY STREET,05/19/2012 05:36:00 PM,2012 May 19,17:36:00,2012,May,Saturday,EVANS AVE,PHELPS ST,317.0,Clear,Injury (Complaint of Pain),Vehicle/Pedestrian,Pedestrian,"In Road, Including Shoulder",Dry,No Unusual Condition,Daylight,Midblock > 20ft,0.0,1,1.0,Pedestrian,South,Proceeding Straight,Driver,East,Backing,POINT (-122.38934 37.74349),86.0,2.0,9.0,1.0,17
45920,vw_geo_sfpd_cr_switrs_all_types_col_cty_union.fid-c18a0c2_186644fdb18_71ab,58456,26846000.0,,220329573,37.7872618536383,-122.446792779649,SFPD-INTERIM DB,CITY STREET,05/20/2022 08:49:00 AM,2022 May 20,08:49:00,2022,May,Friday,CALIFORNIA ST,PRESIDIO AVE,0.0,Clear,Injury (Other Visible),Vehicle/Pedestrian,Pedestrian,Crossing in Crosswalk at Intersection,Dry,No Unusual Condition,Daylight,Intersection <= 20ft,0.0,1,1.0,Driver,East,Proceeding Straight,Pedestrian,North,Proceeding Straight,POINT (-122.44679 37.787262),103.0,8.0,6.0,31.0,08
45930,vw_geo_sfpd_cr_switrs_all_types_col_cty_union.fid-c18a0c2_186644fdb18_62d1,16859,24285000.0,,5761129,37.780535386375,-122.408160793737,SFPD-CROSSROADS,CITY STREET,07/16/2012 11:10:00 PM,2012 July 16,23:10:00,2012,July,Monday,06TH ST,MINNA ST,0.0,Clear,Injury (Complaint of Pain),Vehicle/Pedestrian,Pedestrian,Crossing in Crosswalk at Intersection,Dry,No Unusual Condition,Dark - Street Lights,Intersection <= 20ft,0.0,1,1.0,Pedestrian,West,Entering Traffic,Driver,North,Proceeding Straight,POINT (-122.40816 37.780537),32.0,1.0,10.0,34.0,23
45931,vw_geo_sfpd_cr_switrs_all_types_col_cty_union.fid-c18a0c2_186644fdb18_6081,29133,25149000.0,,5584928,37.7842357397013,-122.417706750087,SFPD-CROSSROADS,CITY STREET,02/16/2012 06:10:00 AM,2012 February 16,06:10:00,2012,February,Thursday,ELLIS ST,LARKIN ST,0.0,Clear,Injury (Other Visible),Vehicle/Pedestrian,Pedestrian,Crossing in Crosswalk at Intersection,Dry,No Unusual Condition,Dark - Street Lights,Intersection <= 20ft,0.0,1,1.0,Driver,West,Making Left Turn,Pedestrian,North,Proceeding Straight,POINT (-122.41771 37.784237),20.0,5.0,10.0,36.0,06
45939,vw_geo_sfpd_cr_switrs_all_types_col_cty_union.fid-c18a0c2_186644fdb18_6208,41441,27751000.0,,5692169,37.753295682105,-122.497902527452,SFPD-CROSSROADS,CITY STREET,04/05/2012 06:55:00 PM,2012 April 05,18:55:00,2012,April,Thursday,NORIEGA ST,39TH AVE,0.0,Clear,Injury (Complaint of Pain),Vehicle/Pedestrian,Pedestrian,Crossing in Crosswalk at Intersection,Dry,No Unusual Condition,Dusk - Dawn,Intersection <= 20ft,0.0,1,1.0,Driver,West,Proceeding Straight,Pedestrian,South,Proceeding Straight,POINT (-122.4979 37.753296),39.0,10.0,7.0,35.0,18
45942,vw_geo_sfpd_cr_switrs_all_types_col_cty_union.fid-c18a0c2_186644fdb18_72d5,58002,24115000.000000004,13071000.0,220250401,37.7552947809224,-122.420964093694,SFPD-INTERIM DB,CITY STREET,04/17/2022 07:47:00 AM,2022 April 17,07:47:00,2022,April,Sunday,VALENCIA ST,22ND ST,21.0,Clear,Injury (Complaint of Pain),Vehicle/Pedestrian,Pedestrian,Crossing in Crosswalk at Intersection,Dry,No Unusual Condition,Daylight,Midblock > 20ft,0.0,1,1.0,Driver,North,Making Left Turn,Pedestrian,West,Proceeding Straight,POINT (-122.42097 37.755295),52.0,3.0,5.0,20.0,07
45946,vw_geo_sfpd_cr_switrs_all_types_col_cty_union.fid-c18a0c2_186644fdb18_628c,9053,24122000.0,5695000.0,5748113,37.7588572818908,-122.4146864328,SFPD-CROSSROADS,CITY STREET,05/04/2012 04:32:00 PM,2012 May 04,16:32:00,2012,May,Friday,FOLSOM ST,20TH ST,14.0,Clear,Injury (Other Visible),Vehicle/Pedestrian,Pedestrian,Crossing in Crosswalk at Intersection,Dry,No Unusual Condition,Daylight,Intersection <= 20ft,0.0,1,1.0,Driver,South,Proceeding Straight,Pedestrian,East,Proceeding Straight,POINT (-122.41469 37.758858),53.0,3.0,2.0,20.0,16
45960,vw_geo_sfpd_cr_switrs_all_types_col_cty_union.fid-c18a0c2_186644fdb18_6f1f,55070,23937000.0,,210376346,37.7802649721,-122.403387209,SFPD-INTERIM DB,CITY STREET,06/16/2021 06:51:00 PM,2021 June 16,18:51:00,2021,June,Wednesday,FOLSOM ST,05TH ST,0.0,Clear,Injury (Complaint of Pain),Vehicle/Pedestrian,Pedestrian,Crossing in Crosswalk at Intersection,Dry,No Unusual Condition,Daylight,Intersection <= 20ft,0.0,1,1.0,Driver,North,Making Left Turn,Pedestrian,East,Proceeding Straight,POINT (-122.40339 37.780266),32.0,1.0,10.0,34.0,18
45961,vw_geo_sfpd_cr_switrs_all_types_col_cty_union.fid-c18a0c2_186644fdb18_67b9,21083,25932000.0,,6076710,37.776464305897,-122.426263345102,SFPD-CROSSROADS,CITY STREET,06/23/2012 04:48:00 PM,2012 June 23,16:48:00,2012,June,Saturday,LAGUNA ST,HAYES ST,0.0,Clear,Injury (Complaint of Pain),Vehicle/Pedestrian,Pedestrian,Crossing in Crosswalk at Intersection,Dry,No Unusual Condition,Daylight,Intersection <= 20ft,0.0,1,1.0,Driver,South,Proceeding Straight,Pedestrian,East,Proceeding Straight,POINT (-122.42626 37.776463),22.0,4.0,11.0,9.0,16
45964,vw_geo_sfpd_cr_switrs_all_types_col_cty_union.fid-c18a0c2_186644fdb18_6dfb,57607,23933000.0,,220086961,37.7780689819,-122.405068509,SFPD-INTERIM DB,CITY STREET,02/08/2022 06:34:00 AM,2022 February 08,06:34:00,2022,February,Tuesday,06TH ST,SHIPLEY ST,0.0,Clear,Injury (Severe),Vehicle/Pedestrian,Pedestrian,Crossing Not in Crosswalk,Dry,No Unusual Condition,Dusk - Dawn,Intersection <= 20ft,0.0,1,1.0,Pedestrian,West,Other,Driver,South,Proceeding Straight,POINT (-122.40507 37.77807),32.0,1.0,10.0,34.0,06