,id,unique_id,cnn_intrsctn_fkey,cnn_sgmt_fkey,case_id_pkey,tb_latitude,tb_longitude,geocode_source,geocode_location,collision_datetime,collision_date,collision_time,accident_year,month,day_of_week,primary_rd,secondary_rd,distance,weather_1,collision_severity,type_of_collision,mviw,ped_action,road_surface,road_cond_1,lighting,intersection,number_killed,number_injured,party_at_fault,party1_type,party1_dir_of_travel,party1_move_pre_acc,party2_type,party2_dir_of_travel,party2_move_pre_acc,point,Neighborhoods,Current Police Districts,Current Supervisor Districts,Analysis Neighborhoods,hour
45966,vw_geo_sfpd_cr_switrs_all_types_col_cty_union.fid-c18a0c2_186644fdb18_6ca3,55042,20992000.0,,210392035,37.7290464446,-122.419486477,SFPD-INTERIM DB,CITY STREET,06/23/2021 08:44:00 AM,2021 June 23,08:44:00,2021,June,Wednesday,CAMBRIDGE ST,SILVER AVE,0.0,Clear,Injury (Complaint of Pain),Vehicle/Pedestrian,Pedestrian,Crossing in Crosswalk Not at Intersection,Dry,No Unusual Condition,Daylight,Intersection <= 20ft,0.0,1,1.0,Pedestrian,East,Other,Driver,South,Making Right Turn,POINT (-122.41949 37.729046),92.0,2.0,2.0,7.0,08
45968,vw_geo_sfpd_cr_switrs_all_types_col_cty_union.fid-c18a0c2_186644fdb18_629d,39586,23378000.0,12288201.0,5760378,37.738476498928,-122.494195308125,SFPD-CROSSROADS,CITY STREET,06/09/2012 04:20:00 PM,2012 June 09,16:20:00,2012,June,Saturday,SUNSET BLVD,VICENTE ST,10.0,Clear,Injury (Complaint of Pain),Vehicle/Pedestrian,Pedestrian,Crossing in Crosswalk at Intersection,Dry,No Unusual Condition,Daylight,Intersection <= 20ft,0.0,1,1.0,Driver,West,Making Left Turn,Pedestrian,East,Proceeding Straight,POINT (-122.494194 37.738476),40.0,10.0,7.0,35.0,16
45979,vw_geo_sfpd_cr_switrs_all_types_col_cty_union.fid-c18a0c2_186644fdb18_712f,57947,21990000.0,4780201.0,220269292,37.7401534804154,-122.435839577463,SFPD-INTERIM DB,CITY STREET,04/25/2022 09:07:00 AM,2022 April 25,09:07:00,2022,April,Monday,DIAMOND HEIGHTS BLVD,GOLD MINE DR,210.0,Clear,Injury (Other Visible),Vehicle/Pedestrian,Pedestrian,Crossing Not in Crosswalk,Dry,No Unusual Condition,Daylight,Midblock > 20ft,0.0,1,1.0,Pedestrian,West,Proceeding Straight,Driver,North,Proceeding Straight,POINT (-122.43584 37.740154),57.0,9.0,5.0,10.0,09
45985,vw_geo_sfpd_cr_switrs_all_types_col_cty_union.fid-c18a0c2_186644fdb18_6cb2,57074,25592000.0,12464000.0,210850538,37.8064111944506,-122.415445005834,SFPD-INTERIM DB,CITY STREET,12/24/2021 05:20:00 PM,2021 December 24,17:20:00,2021,December,Friday,TAYLOR ST,NORTH POINT ST,25.0,Raining,Injury (Complaint of Pain),Head-On,Pedestrian,Crossing Not in Crosswalk,Wet,No Unusual Condition,Dark - Street Lights,Midblock > 20ft,0.0,1,1.0,Pedestrian,West,Not Stated,Driver,North,Proceeding Straight,POINT (-122.41544 37.80641),99.0,6.0,3.0,23.0,17
45990,vw_geo_sfpd_cr_switrs_all_types_col_cty_union.fid-c18a0c2_186644fdb18_6745,13619,24343000.0,5686000.0,6072965,37.7694503265322,-122.415598215441,SFPD-CROSSROADS,CITY STREET,11/23/2012 08:15:00 AM,2012 November 23,08:15:00,2012,November,Friday,FOLSOM ST,ERIE ST,32.0,Clear,Injury (Other Visible),Vehicle/Pedestrian,Pedestrian,Crossing in Crosswalk at Intersection,Dry,No Unusual Condition,Daylight,Midblock > 20ft,0.0,1,1.0,Driver,South,Making Right Turn,Pedestrian,North,Proceeding Straight,POINT (-122.415596 37.76945),53.0,3.0,2.0,20.0,08
45992,vw_geo_sfpd_cr_switrs_all_types_col_cty_union.fid-c18a0c2_186644fdb18_649a,39286,22861000.000000004,,6046467,37.7466425942027,-122.458696223426,SFPD-CROSSROADS,CITY STREET,11/30/2012 12:03:00 PM,2012 November 30,12:03:00,2012,November,Friday,LAGUNA HONDA BLVD,MERCED AVE,0.0,Raining,Injury (Complaint of Pain),Vehicle/Pedestrian,Pedestrian,Crossing in Crosswalk at Intersection,Wet,No Unusual Condition,Daylight,Intersection <= 20ft,0.0,1,1.0,Driver,North,Proceeding Straight,Pedestrian,North,Proceeding Straight,POINT (-122.458694 37.746643),49.0,7.0,8.0,41.0,12
45995,vw_geo_sfpd_cr_switrs_all_types_col_cty_union.fid-c18a0c2_186644fdb18_601c,22513,26379000.0,,5554788,37.7758015922906,-122.446470829739,SFPD-CROSSROADS,CITY STREET,01/20/2012 06:53:00 AM,2012 January 20,06:53:00,2012,January,Friday,MASONIC AVE,FULTON ST,0.0,Raining,Injury (Other Visible),Vehicle/Pedestrian,Pedestrian,Crossing in Crosswalk at Intersection,Wet,No Unusual Condition,Dark - Street Lights,Intersection <= 20ft,0.0,1,1.0,Driver,North,Making Left Turn,Pedestrian,East,Proceeding Straight,POINT (-122.44647 37.775803),97.0,7.0,11.0,18.0,06
45997,vw_geo_sfpd_cr_switrs_all_types_col_cty_union.fid-c18a0c2_186644fdb18_60f0,39229,23282000.0,12405000.0,5590077,37.74256333311,-122.486759407676,SFPD-CROSSROADS,CITY STREET,02/27/2012 01:42:00 PM,2012 February 27,13:42:00,2012,February,Monday,TARAVAL ST,29TH AVE,102.0,Clear,Injury (Other Visible),Vehicle/Pedestrian,Pedestrian,"In Road, Including Shoulder",Dry,"Holes, Deep Ruts",Daylight,Midblock > 20ft,0.0,1,1.0,Driver,West,Proceeding Straight,Pedestrian,North,Other,POINT (-122.48676 37.742565),40.0,10.0,7.0,35.0,13
45998,vw_geo_sfpd_cr_switrs_all_types_col_cty_union.fid-c18a0c2_186644fdb18_6564,42679,27508000.0,5928000.0,6049489,37.7727465070274,-122.48032019377,SFPD-CROSSROADS,CITY STREET,10/06/2012 04:00:00 PM,2012 October 06,16:00:00,2012,October,Saturday,FULTON ST,21ST AVE,120.0,Clear,Injury (Other Visible),Vehicle/Pedestrian,Pedestrian,Crossing Not in Crosswalk,Dry,No Unusual Condition,Daylight,Midblock > 20ft,0.0,1,1.0,Pedestrian,South,Proceeding Straight,Driver,East,Proceeding Straight,POINT (-122.48032 37.772747),8.0,8.0,4.0,29.0,16
45999,vw_geo_sfpd_cr_switrs_all_types_col_cty_union.fid-c18a0c2_186644fdb18_6499,4043,21688000.0,8405000.0,6046464,37.7266624972467,-122.430080081717,SFPD-CROSSROADS,CITY STREET,12/19/2012 05:48:00 PM,2012 December 19,17:48:00,2012,December,Wednesday,AVALON AVE,LISBON ST,6.0,Clear,Injury (Complaint of Pain),Vehicle/Pedestrian,Pedestrian,Crossing in Crosswalk at Intersection,Dry,No Unusual Condition,Dark - Street Lights,Intersection <= 20ft,0.0,1,1.0,Driver,East,Proceeding Straight,Pedestrian,South,Proceeding Straight,POINT (-122.43008 37.72666),90.0,9.0,1.0,7.0,17
46000,vw_geo_sfpd_cr_switrs_all_types_col_cty_union.fid-c18a0c2_186644fdb18_647a,2771,20574000.0,,6040320,37.7236162093319,-122.400784747601,SFPD-CROSSROADS,CITY STREET,10/20/2012 04:15:00 PM,2012 October 20,16:15:00,2012,October,Saturday,BAY SHORE BLVD,PAUL AVE,0.0,Clear,Injury (Other Visible),Vehicle/Pedestrian,Pedestrian,Crossing in Crosswalk at Intersection,Dry,No Unusual Condition,Daylight,Intersection <= 20ft,0.0,1,1.0,Driver,South,Making Left Turn,Pedestrian,West,Not Stated,POINT (-122.40079 37.723618),91.0,2.0,9.0,25.0,16
46004,vw_geo_sfpd_cr_switrs_all_types_col_cty_union.fid-c18a0c2_186644fdb18_652d,14856,23589000.000000004,,6049407,37.7798612860464,-122.389590696217,SFPD-CROSSROADS,CITY STREET,10/24/2012 10:30:00 PM,2012 October 24,22:30:00,2012,October,Wednesday,KING ST,02ND ST,0.0,Cloudy,Injury (Other Visible),Vehicle/Pedestrian,Pedestrian,Crossing in Crosswalk at Intersection,Wet,No Unusual Condition,Dark - Street Lights,Intersection <= 20ft,0.0,1,1.0,Pedestrian,North,Proceeding Straight,Driver,East,Stopped In Road,POINT (-122.38959 37.77986),31.0,1.0,10.0,4.0,22
46007,vw_geo_sfpd_cr_switrs_all_types_col_cty_union.fid-c18a0c2_186644fdb18_6072,12112,25698000.0,,5584913,37.764783452499,-122.424102683943,SFPD-CROSSROADS,CITY STREET,02/07/2012 08:43:00 PM,2012 February 07,20:43:00,2012,February,Tuesday,GUERRERO ST,16TH ST,0.0,Cloudy,Injury (Complaint of Pain),Sideswipe,Pedestrian,Crossing in Crosswalk at Intersection,Dry,No Unusual Condition,Dark - Street Lights,Intersection <= 20ft,0.0,1,1.0,Driver,South,Making Right Turn,Pedestrian,East,Proceeding Straight,POINT (-122.4241 37.764782),37.0,3.0,5.0,20.0,20
46011,vw_geo_sfpd_cr_switrs_all_types_col_cty_union.fid-c18a0c2_186644fdb18_6cde,53402,33158000.0,2579000.0,200491932,37.7278629298,-122.40271127,SFPD-INTERIM DB,CITY STREET,08/16/2020 08:55:00 AM,2020 August 16,08:55:00,2020,August,Sunday,BACON ST,BAY SHORE BLVD,180.0,Clear,Injury (Severe),Vehicle/Pedestrian,Pedestrian,"In Road, Including Shoulder",Dry,No Unusual Condition,Daylight,Midblock > 20ft,0.0,1,1.0,Driver,West,Parked,Pedestrian,West,Stopped,POINT (-122.40271 37.727863),91.0,2.0,9.0,25.0,08
46027,vw_geo_sfpd_cr_switrs_all_types_col_cty_union.fid-c18a0c2_186644fdb18_674a,19819,26415000.0,,6072977,37.7707308835998,-122.448767914447,SFPD-CROSSROADS,CITY STREET,11/14/2012 03:14:00 PM,2012 November 14,15:14:00,2012,November,Wednesday,PAGE ST,CLAYTON ST,0.0,Clear,Injury (Complaint of Pain),Vehicle/Pedestrian,Pedestrian,Crossing in Crosswalk at Intersection,Dry,No Unusual Condition,Daylight,Intersection <= 20ft,0.0,1,1.0,Driver,North,Proceeding Straight,Pedestrian,East,Not Stated,POINT (-122.44877 37.77073),25.0,7.0,11.0,3.0,15
46029,vw_geo_sfpd_cr_switrs_all_types_col_cty_union.fid-c18a0c2_186644fdb18_623d,3546,20770000.0,11373000.0,5733235,37.7320856051805,-122.405454286641,SFPD-CROSSROADS,CITY STREET,05/15/2012 02:37:00 PM,2012 May 15,14:37:00,2012,May,Tuesday,SAN BRUNO AVE,SILVER AVE,136.0,Clear,Injury (Complaint of Pain),Vehicle/Pedestrian,Pedestrian,Crossing Not in Crosswalk,Dry,No Unusual Condition,Daylight,Midblock > 20ft,0.0,1,1.0,Driver,North,Proceeding Straight,Pedestrian,West,Proceeding Straight,POINT (-122.40546 37.732086),91.0,2.0,2.0,25.0,14
46030,vw_geo_sfpd_cr_switrs_all_types_col_cty_union.fid-c18a0c2_186644fdb18_62e7,37282,23016000.0,,5762259,37.7216237681759,-122.472322354746,SFPD-CROSSROADS,CITY STREET,06/15/2012 01:55:00 PM,2012 June 15,13:55:00,2012,June,Friday,JUNIPERO SERRA BLVD,HOLLOWAY AVE,0.0,Clear,Injury (Complaint of Pain),Vehicle/Pedestrian,Pedestrian,Crossing in Crosswalk at Intersection,Dry,No Unusual Condition,Daylight,Intersection <= 20ft,0.0,1,1.0,Pedestrian,East,Proceeding Straight,Driver,North,Proceeding Straight,POINT (-122.47232 37.721622),64.0,10.0,1.0,24.0,13
46054,vw_geo_sfpd_cr_switrs_all_types_col_cty_union.fid-c18a0c2_186644fdb18_6a04,32036,25225000.0,13158201.0,6143745,37.7903808485345,-122.422322046683,SFPD-CROSSROADS,CITY STREET,03/15/2012 03:07:00 PM,2012 March 15,15:07:00,2012,March,Thursday,VAN NESS AVE,CALIFORNIA ST,6.0,Raining,Injury (Complaint of Pain),Vehicle/Pedestrian,Pedestrian,Crossing in Crosswalk at Intersection,Wet,No Unusual Condition,Daylight,Intersection <= 20ft,0.0,1,1.0,Driver,West,Making Right Turn,Pedestrian,West,Other,POINT (-122.422325 37.790382),105.0,4.0,3.0,21.0,15
46060,vw_geo_sfpd_cr_switrs_all_types_col_cty_union.fid-c18a0c2_186644fdb18_60c1,19357,26412000.0,,5590020,37.7696618688043,-122.449645157051,SFPD-CROSSROADS,CITY STREET,02/27/2012 04:52:00 PM,2012 February 27,16:52:00,2012,February,Monday,HAIGHT ST,BELVEDERE ST,0.0,Clear,Injury (Other Visible),Vehicle/Pedestrian,Pedestrian,Crossing in Crosswalk at Intersection,Dry,No Unusual Condition,Daylight,Intersection <= 20ft,0.0,1,1.0,Driver,West,Proceeding Straight,Pedestrian,North,Proceeding Straight,POINT (-122.449646 37.76966),25.0,7.0,11.0,3.0,16
46061,vw_geo_sfpd_cr_switrs_all_types_col_cty_union.fid-c18a0c2_186644fdb18_6436,5645,21021000.0,,5868770,37.7392343934433,-122.40692734397,SFPD-CROSSROADS,CITY STREET,08/01/2012 09:30:00 AM,2012 August 01,09:30:00,2012,August,Wednesday,WATERLOO ST,BAY ST,0.0,Clear,Injury (Complaint of Pain),Vehicle/Pedestrian,Pedestrian,Crossing in Crosswalk at Intersection,Dry,No Unusual Condition,Daylight,Intersection <= 20ft,0.0,1,1.0,Driver,East,Making Right Turn,Pedestrian,North,Not Stated,POINT (-122.40693 37.739235),82.0,2.0,2.0,2.0,09
46064,vw_geo_sfpd_cr_switrs_all_types_col_cty_union.fid-c18a0c2_186644fdb18_6301,40455,27147000.0,432000.0,5762327,37.762793551808,-122.466223760898,SFPD-CROSSROADS,CITY STREET,06/08/2012 06:52:00 PM,2012 June 08,18:52:00,2012,June,Friday,09TH AVE,JUDAH ST,226.0,Clear,Injury (Severe),Vehicle/Pedestrian,Pedestrian,Crossing Not in Crosswalk,Dry,No Unusual Condition,Daylight,Midblock > 20ft,0.0,1,1.0,Pedestrian,East,Proceeding Straight,Driver,South,Backing,POINT (-122.466225 37.762794),109.0,10.0,11.0,14.0,18
46073,vw_geo_sfpd_cr_switrs_all_types_col_cty_union.fid-c18a0c2_186644fdb18_646d,3046,20929000.000000004,,6039471,37.729890424712,-122.413282165529,SFPD-CROSSROADS,CITY STREET,10/17/2012 07:16:00 PM,2012 October 17,19:16:00,2012,October,Wednesday,SILVER AVE,DARTMOUTH ST,0.0,Clear,Injury (Other Visible),Vehicle/Pedestrian,Pedestrian,Crossing Not in Crosswalk,Dry,No Unusual Condition,Dark - Street Lights,Intersection <= 20ft,0.0,1,1.0,Driver,East,Proceeding Straight,Pedestrian,South,Proceeding Straight,POINT (-122.413284 37.72989),91.0,2.0,2.0,25.0,19
46078,vw_geo_sfpd_cr_switrs_all_types_col_cty_union.fid-c18a0c2_186644fdb18_6533,3165,20497000.0,,6049414,37.7322899625362,-122.389600599244,SFPD-CROSSROADS,CITY STREET,10/15/2012 07:33:00 PM,2012 October 15,19:33:00,2012,October,Monday,QUESADA AVE,LANE ST,0.0,Clear,Injury (Complaint of Pain),Vehicle/Pedestrian,Pedestrian,Crossing in Crosswalk at Intersection,Dry,No Unusual Condition,Dark - Street Lights,Intersection <= 20ft,0.0,1,1.0,Driver,East,Making Left Turn,Pedestrian,South,Not Stated,POINT (-122.3896 37.73229),86.0,2.0,9.0,1.0,19
46085,vw_geo_sfpd_cr_switrs_all_types_col_cty_union.fid-c18a0c2_186644fdb18_6330,4031,21771000.0,9163000.0,5762794,37.7251028693195,-122.434480597803,SFPD-CROSSROADS,CITY STREET,06/20/2012 12:00:00 PM,2012 June 20,12:00:00,2012,June,Wednesday,MISSION ST,HARRINGTON ST,31.0,Clear,Injury (Complaint of Pain),Vehicle/Pedestrian,Pedestrian,Crossing Not in Crosswalk,Dry,No Unusual Condition,Daylight,Midblock > 20ft,0.0,1,1.0,Pedestrian,East,Entering Traffic,Driver,South,Backing,POINT (-122.43448 37.7251),90.0,9.0,1.0,7.0,12
46093,vw_geo_sfpd_cr_switrs_all_types_col_cty_union.fid-c18a0c2_186644fdb18_715a,58414,23914000.0,3291000.0,220305476,37.7751608100771,-122.403635519434,SFPD-INTERIM DB,CITY STREET,05/10/2022 02:30:00 PM,2022 May 10,14:30:00,2022,May,Tuesday,BRYANT ST,BOARDMAN PL,20.0,Clear,Injury (Other Visible),Vehicle/Pedestrian,Pedestrian,Crossing in Crosswalk at Intersection,Dry,No Unusual Condition,Daylight,Intersection <= 20ft,0.0,1,1.0,Pedestrian,South,Proceeding Straight,Driver,East,Proceeding Straight,POINT (-122.40363 37.77516),32.0,1.0,10.0,34.0,14
46097,vw_geo_sfpd_cr_switrs_all_types_col_cty_union.fid-c18a0c2_186644fdb18_6f8a,57802,27505000.0,,220103816,37.7803346896,-122.479382975,SFPD-INTERIM DB,CITY STREET,02/15/2022 08:13:00 AM,2022 February 15,08:13:00,2022,February,Tuesday,GEARY BLVD,20TH AVE,0.0,Clear,Injury (Severe),Vehicle/Pedestrian,Pedestrian,Crossing in Crosswalk at Intersection,Dry,No Unusual Condition,Daylight,Intersection <= 20ft,0.0,1,1.0,Driver,East,Making Left Turn,Pedestrian,North,Proceeding Straight,POINT (-122.479385 37.780334),8.0,8.0,4.0,29.0,08
46098,vw_geo_sfpd_cr_switrs_all_types_col_cty_union.fid-c18a0c2_186644fdb18_6fd6,3462,20694000.0,,130753440,37.7368637459076,-122.397665695425,SFPD-CROSSROADS,CITY STREET,09/08/2013 08:10:00 PM,2013 September 08,20:10:00,2013,September,Sunday,SILVER AVE,QUESADA AVE,0.0,Clear,Injury (Other Visible),Head-On,Pedestrian,Crossing Not in Crosswalk,Dry,No Unusual Condition,Dark - Street Lights,Intersection <= 20ft,0.0,1,1.0,Pedestrian,West,Other,Driver,South,Proceeding Straight,POINT (-122.39767 37.736862),87.0,2.0,9.0,1.0,20
46100,vw_geo_sfpd_cr_switrs_all_types_col_cty_union.fid-c18a0c2_186644fdb18_6544,31187,26905000.0,6105000.0,6049429,37.7823070434522,-122.448578929099,SFPD-CROSSROADS,CITY STREET,11/09/2012 12:20:00 AM,2012 November 09,00:20:00,2012,November,Friday,GEARY BLVD,WOOD ST,141.0,Clear,Injury (Complaint of Pain),Vehicle/Pedestrian,Pedestrian,"In Road, Including Shoulder",Dry,No Unusual Condition,Dark - Street Lights,Midblock > 20ft,0.0,1,1.0,Pedestrian,East,Proceeding Straight,Driver,West,Proceeding Straight,POINT (-122.44858 37.782307),11.0,8.0,4.0,18.0,00
46102,vw_geo_sfpd_cr_switrs_all_types_col_cty_union.fid-c18a0c2_186644fdb18_63a5,6912,21838000.0,11439201.0,5780440,37.7398666987336,-122.424150969837,SFPD-CROSSROADS,CITY STREET,07/14/2012 01:54:00 PM,2012 July 14,13:54:00,2012,July,Saturday,SAN JOSE AVE,RANDALL ST,2.0,Clear,Injury (Severe),Vehicle/Pedestrian,Pedestrian,Crossing in Crosswalk at Intersection,Dry,No Unusual Condition,Daylight,Intersection <= 20ft,0.0,1,1.0,Driver,South,Making Left Turn,Pedestrian,East,Proceeding Straight,POINT (-122.42415 37.73987),59.0,9.0,5.0,10.0,13
46109,vw_geo_sfpd_cr_switrs_all_types_col_cty_union.fid-c18a0c2_186644fdb18_605c,33102,24572000.0,12553201.0,5584886,37.7965046952305,-122.395037693674,SFPD-CROSSROADS,CITY STREET,02/23/2012 01:25:00 PM,2012 February 23,13:25:00,2012,February,Thursday,THE EMBARCADERO,WASHINGTON ST,115.0,Clear,Injury (Other Visible),Vehicle/Pedestrian,Pedestrian,Crossing Not in Crosswalk,Dry,No Unusual Condition,Daylight,Midblock > 20ft,0.0,1,1.0,Pedestrian,West,Other,Driver,South,Proceeding Straight,POINT (-122.395035 37.796505),108.0,6.0,3.0,8.0,13
46114,vw_geo_sfpd_cr_switrs_all_types_col_cty_union.fid-c18a0c2_186644fdb18_64ba,13378,24336000.000000004,5688000.0,6046537,37.7685141121995,-122.415611575661,SFPD-CROSSROADS,CITY STREET,12/01/2012 05:36:00 PM,2012 December 01,17:36:00,2012,December,Saturday,FOLSOM ST,14TH ST,8.0,Raining,Injury (Complaint of Pain),Vehicle/Pedestrian,Pedestrian,Crossing in Crosswalk at Intersection,Wet,No Unusual Condition,Dark - Street Lights,Intersection <= 20ft,0.0,1,1.0,Driver,South,Making Left Turn,Pedestrian,West,Proceeding Straight,POINT (-122.41561 37.768513),53.0,3.0,2.0,20.0,17
46117,vw_geo_sfpd_cr_switrs_all_types_col_cty_union.fid-c18a0c2_186644fdb18_7007,58155,25949000.0,,220383949,37.7739725209062,-122.430824713434,SFPD-INTERIM DB,CITY STREET,06/11/2022 11:05:00 PM,2022 June 11,23:05:00,2022,June,Saturday,FILLMORE ST,OAK ST,0.0,Clear,Injury (Other Visible),Vehicle/Pedestrian,Pedestrian,Crossing in Crosswalk at Intersection,Dry,No Unusual Condition,Dark - Street Lights,Intersection <= 20ft,0.0,2,1.0,Driver,East,Making Left Turn,Pedestrian,South,Proceeding Straight,POINT (-122.430824 37.77397),26.0,4.0,11.0,9.0,23
46126,vw_geo_sfpd_cr_switrs_all_types_col_cty_union.fid-c18a0c2_186644fdb18_737a,56265,24313000.000000004,,210464913,37.7762305203,-122.414711003,SFPD-INTERIM DB,CITY STREET,07/23/2021 12:07:00 AM,2021 July 23,00:07:00,2021,July,Friday,09TH ST,MISSION ST,0.0,Clear,Injury (Other Visible),Head-On,Pedestrian,Crossing in Crosswalk at Intersection,Dry,No Unusual Condition,Dark - Street Lights,Intersection <= 20ft,0.0,1,1.0,Driver,South,Making Left Turn,Pedestrian,West,Proceeding Straight,POINT (-122.41471 37.77623),32.0,1.0,10.0,34.0,00
46130,vw_geo_sfpd_cr_switrs_all_types_col_cty_union.fid-c18a0c2_186644fdb18_70a0,58493,27570000.0,,220356827,37.7866232994391,-122.459255766051,SFPD-INTERIM DB,CITY STREET,05/31/2022 05:55:00 PM,2022 May 31,17:55:00,2022,May,Tuesday,ARGUELLO BLVD,SACRAMENTO ST,0.0,Clear,Injury (Complaint of Pain),Vehicle/Pedestrian,Pedestrian,Crossing in Crosswalk at Intersection,Dry,No Unusual Condition,Daylight,Intersection <= 20ft,0.0,1,1.0,Driver,South,Making Left Turn,Pedestrian,West,Proceeding Straight,POINT (-122.45926 37.786625),4.0,8.0,6.0,11.0,17
46141,vw_geo_sfpd_cr_switrs_all_types_col_cty_union.fid-c18a0c2_186644fdb18_668a,445,20416000.0,,6067174,37.7135042748636,-122.415290835335,SFPD-CROSSROADS,CITY STREET,08/29/2012 01:01:00 PM,2012 August 29,13:01:00,2012,August,Wednesday,HAHN ST,VISITACION AVE,0.0,Clear,Injury (Complaint of Pain),Vehicle/Pedestrian,Pedestrian,Crossing in Crosswalk at Intersection,Dry,No Unusual Condition,Daylight,Intersection <= 20ft,0.0,1,1.0,Driver,South,Making Right Turn,Pedestrian,West,Other,POINT (-122.41529 37.713505),75.0,9.0,9.0,40.0,13
46146,vw_geo_sfpd_cr_switrs_all_types_col_cty_union.fid-c18a0c2_186644fdb18_64a8,8666,24063000.0,12030000.0,6046498,37.7524666693556,-122.416274220293,SFPD-CROSSROADS,CITY STREET,12/21/2012 05:28:00 PM,2012 December 21,17:28:00,2012,December,Friday,SOUTH VAN NESS AVE,24TH ST,34.0,Cloudy,Injury (Other Visible),Vehicle/Pedestrian,Pedestrian,Crossing in Crosswalk at Intersection,Wet,No Unusual Condition,Dark - Street Lights,Midblock > 20ft,0.0,1,1.0,Driver,North,Making Left Turn,Pedestrian,East,Not Stated,POINT (-122.416275 37.75247),53.0,3.0,2.0,20.0,17
46160,vw_geo_sfpd_cr_switrs_all_types_col_cty_union.fid-c18a0c2_186644fdb18_70ef,24241,24326000.0,6259000.0,160950280,37.7820752462332,-122.412203648344,SFPD-CROSSROADS,CITY STREET,11/21/2016 11:04:00 PM,2016 November 21,23:04:00,2016,November,Monday,GOLDEN GATE AVE,JONES ST,5.0,Clear,Injury (Other Visible),Vehicle/Pedestrian,Pedestrian,Crossing in Crosswalk at Intersection,Dry,No Unusual Condition,Dark - Street Lights,Intersection <= 20ft,0.0,1,,Driver,East,Making Left Turn,Pedestrian,North,Proceeding Straight,POINT (-122.4122 37.782074),20.0,5.0,10.0,36.0,23
46163,vw_geo_sfpd_cr_switrs_all_types_col_cty_union.fid-c18a0c2_186644fdb18_603c,23047,28058000.0,,5576840,37.7816913129212,-122.394092836825,SFPD-CROSSROADS,CITY STREET,01/22/2012 03:00:00 PM,2012 January 22,15:00:00,2012,January,Sunday,SOUTH PARK,JACK LONDON ALY,0.0,Raining,Injury (Complaint of Pain),Sideswipe,Pedestrian,Crossing Not in Crosswalk,Wet,No Unusual Condition,Daylight,Intersection <= 20ft,0.0,1,1.0,Driver,East,Backing,Pedestrian,North,Proceeding Straight,POINT (-122.3941 37.781693),31.0,1.0,10.0,8.0,15
46173,vw_geo_sfpd_cr_switrs_all_types_col_cty_union.fid-c18a0c2_186644fdb18_6d8d,57535,24610000.0,,220138829,37.787450499,-122.400503096,SFPD-INTERIM DB,CITY STREET,03/02/2022 01:23:00 AM,2022 March 02,01:23:00,2022,March,Wednesday,MISSION ST,NEW MONTGOMERY ST,0.0,Clear,Injury (Other Visible),Vehicle/Pedestrian,Pedestrian,"In Road, Including Shoulder",Dry,No Unusual Condition,Dark - Street Lights,Intersection <= 20ft,0.0,1,1.0,Pedestrian,West,Proceeding Straight,Driver,East,Proceeding Straight,POINT (-122.400505 37.78745),32.0,1.0,10.0,8.0,01
46184,vw_geo_sfpd_cr_switrs_all_types_col_cty_union.fid-c18a0c2_186644fdb18_5fb9,8016,25639000.000000004,4027000.0,5484079,37.7516777386627,-122.427434651064,SFPD-CROSSROADS,CITY STREET,01/04/2012 08:20:00 AM,2012 January 04,08:20:00,2012,January,Wednesday,CHURCH ST,24TH ST,10.0,Cloudy,Injury (Other Visible),Vehicle/Pedestrian,Pedestrian,Crossing in Crosswalk at Intersection,Dry,No Unusual Condition,Daylight,Intersection <= 20ft,0.0,1,1.0,Driver,South,Making Right Turn,Pedestrian,East,Not Stated,POINT (-122.42744 37.75168),84.0,3.0,5.0,22.0,08
46196,vw_geo_sfpd_cr_switrs_all_types_col_cty_union.fid-c18a0c2_186644fdb18_7140,58378,52262000.00000001,,220295849,37.7213968694167,-122.448410648171,SFPD-INTERIM DB,CITY STREET,05/06/2022 07:18:00 AM,2022 May 06,07:18:00,2022,May,Friday,GENEVA AVE,I-280 S OFF RAMP,0.0,Cloudy,Injury (Complaint of Pain),Vehicle/Pedestrian,Pedestrian,Crossing in Crosswalk at Intersection,Dry,No Unusual Condition,Daylight,Intersection <= 20ft,0.0,1,1.0,Driver,South,Making Left Turn,Pedestrian,East,Proceeding Straight,POINT (-122.44841 37.721397),81.0,10.0,1.0,24.0,07
46202,vw_geo_sfpd_cr_switrs_all_types_col_cty_union.fid-c18a0c2_186644fdb18_5fe3,11630,25814000.0,3790000.0,5542363,37.7626213359716,-122.435178910435,SFPD-CROSSROADS,CITY STREET,03/29/2012 08:07:00 AM,2012 March 29,08:07:00,2012,March,Thursday,CASTRO ST,MARKET ST,18.0,Clear,Fatal,Vehicle/Pedestrian,Pedestrian,Crossing in Crosswalk at Intersection,Dry,No Unusual Condition,Daylight,Intersection <= 20ft,1.0,1,1.0,Bicyclist,South,Proceeding Straight,Pedestrian,East,Proceeding Straight,POINT (-122.43518 37.762623),38.0,3.0,5.0,5.0,08