,id,unique_id,cnn_intrsctn_fkey,cnn_sgmt_fkey,case_id_pkey,tb_latitude,tb_longitude,geocode_source,geocode_location,collision_datetime,collision_date,collision_time,accident_year,month,day_of_week,primary_rd,secondary_rd,distance,weather_1,collision_severity,type_of_collision,mviw,ped_action,road_surface,road_cond_1,lighting,intersection,number_killed,number_injured,party_at_fault,party1_type,party1_dir_of_travel,party1_move_pre_acc,party2_type,party2_dir_of_travel,party2_move_pre_acc,point,Neighborhoods,Current Police Districts,Current Supervisor Districts,Analysis Neighborhoods,hour
46205,vw_geo_sfpd_cr_switrs_all_types_col_cty_union.fid-c18a0c2_186644fdb18_6228,26120,24945000.0,9729000.0,5730301,37.7857292966744,-122.413449251503,SFPD-CROSSROADS,CITY STREET,05/25/2012 04:30:00 PM,2012 May 25,16:30:00,2012,May,Friday,OFARRELL ST,JONES ST,140.0,Clear,Injury (Complaint of Pain),Vehicle/Pedestrian,Pedestrian,Crossing Not in Crosswalk,Dry,No Unusual Condition,Daylight,Midblock > 20ft,0.0,1,1.0,Pedestrian,North,Entering Traffic,Driver,West,Backing,POINT (-122.41345 37.78573),20.0,5.0,10.0,36.0,16
46224,vw_geo_sfpd_cr_switrs_all_types_col_cty_union.fid-c18a0c2_186644fdb18_6f4a,57317,24004000.0,,220043933,37.7619358788,-122.407187488,SFPD-INTERIM DB,CITY STREET,01/20/2022 04:15:00 PM,2022 January 20,16:15:00,2022,January,Thursday,POTRERO AVE,18TH ST,0.0,Clear,Injury (Complaint of Pain),Vehicle/Pedestrian,Pedestrian,Crossing in Crosswalk at Intersection,Dry,No Unusual Condition,Dusk - Dawn,Intersection <= 20ft,0.0,1,1.0,Driver,South,Making Left Turn,Pedestrian,East,Proceeding Straight,POINT (-122.40719 37.761936),53.0,3.0,9.0,20.0,16
46243,vw_geo_sfpd_cr_switrs_all_types_col_cty_union.fid-c18a0c2_186644fdb18_5fcf,25582,24597000.0,,5484422,37.7880071607011,-122.39979802372,SFPD-CROSSROADS,CITY STREET,01/13/2012 07:30:00 PM,2012 January 13,19:30:00,2012,January,Friday,MISSION ST,02ND ST,0.0,Clear,Injury (Complaint of Pain),Vehicle/Pedestrian,Pedestrian,Crossing in Crosswalk at Intersection,Dry,No Unusual Condition,Dark - Street Lights,Intersection <= 20ft,0.0,1,1.0,Driver,West,Making Right Turn,Pedestrian,South,Proceeding Straight,POINT (-122.399796 37.788006),32.0,1.0,10.0,8.0,19
46246,vw_geo_sfpd_cr_switrs_all_types_col_cty_union.fid-c18a0c2_186644fdb18_67f6,24737,30739000.0,,6080456,37.7839914868634,-122.408066547888,SFPD-CROSSROADS,CITY STREET,07/07/2012 04:41:00 PM,2012 July 07,16:41:00,2012,July,Saturday,MARKET ST,05TH ST,0.0,Clear,Injury (Complaint of Pain),Vehicle/Pedestrian,Pedestrian,Crossing in Crosswalk at Intersection,Dry,No Unusual Condition,Daylight,Intersection <= 20ft,0.0,1,1.0,Driver,East,Proceeding Straight,Pedestrian,South,Not Stated,POINT (-122.408066 37.783993),19.0,5.0,10.0,34.0,16
46255,vw_geo_sfpd_cr_switrs_all_types_col_cty_union.fid-c18a0c2_186644fdb18_6765,28129,24685000.0,11545000.0,6076496,37.7930884678135,-122.401132060442,SFPD-CROSSROADS,CITY STREET,04/17/2012 05:45:00 PM,2012 April 17,17:45:00,2012,April,Tuesday,SANSOME ST,CALIFORNIA ST,10.0,Clear,Injury (Complaint of Pain),Vehicle/Pedestrian,Pedestrian,Crossing in Crosswalk at Intersection,Dry,No Unusual Condition,Daylight,Intersection <= 20ft,0.0,1,1.0,Driver,West,Making Right Turn,Pedestrian,East,Proceeding Straight,POINT (-122.40113 37.793087),108.0,6.0,3.0,8.0,17
46256,vw_geo_sfpd_cr_switrs_all_types_col_cty_union.fid-c18a0c2_186644fdb18_73bb,55713,20764000.0,,210503204,37.7336653192,-122.403509274,SFPD-INTERIM DB,CITY STREET,08/09/2021 11:54:00 AM,2021 August 09,11:54:00,2021,August,Monday,SILVER AVE,ELMIRA ST,0.0,Clear,Injury (Complaint of Pain),Sideswipe,Pedestrian,Crossing in Crosswalk at Intersection,Dry,No Unusual Condition,Daylight,Intersection <= 20ft,0.0,1,1.0,Pedestrian,South,Other,Driver,West,Proceeding Straight,POINT (-122.40351 37.733665),87.0,2.0,9.0,1.0,11
46257,vw_geo_sfpd_cr_switrs_all_types_col_cty_union.fid-c18a0c2_186644fdb18_6780,34402,25481000.0,,6076535,37.806554632923,-122.413786659393,SFPD-CROSSROADS,CITY STREET,04/27/2012 09:10:00 AM,2012 April 27,09:10:00,2012,April,Friday,MASON ST,NORTH POINT ST,0.0,Clear,Injury (Severe),Vehicle/Pedestrian,Pedestrian,Crossing in Crosswalk at Intersection,Dry,No Unusual Condition,Daylight,Intersection <= 20ft,0.0,1,1.0,Driver,South,Making Left Turn,Pedestrian,North,Proceeding Straight,POINT (-122.41379 37.806553),99.0,6.0,3.0,23.0,09
46258,vw_geo_sfpd_cr_switrs_all_types_col_cty_union.fid-c18a0c2_186644fdb18_673b,16323,23937000.0,5664000.0,6072928,37.7802751075645,-122.403374377357,SFPD-CROSSROADS,CITY STREET,11/16/2012 06:14:00 PM,2012 November 16,18:14:00,2012,November,Friday,FOLSOM ST,05TH ST,5.0,Raining,Injury (Complaint of Pain),Broadside,Pedestrian,Crossing in Crosswalk at Intersection,Wet,No Unusual Condition,Dark - Street Lights,Intersection <= 20ft,0.0,1,1.0,Driver,East,Making Left Turn,Pedestrian,North,Not Stated,POINT (-122.40337 37.780273),32.0,1.0,10.0,34.0,18
46260,vw_geo_sfpd_cr_switrs_all_types_col_cty_union.fid-c18a0c2_186644fdb18_6e93,57753,26672000.000000004,12145000.0,220069462,37.7931204331,-122.436377726,SFPD-INTERIM DB,CITY STREET,01/31/2022 06:59:00 PM,2022 January 31,18:59:00,2022,January,Monday,STEINER ST,PACIFIC AVE,6.0,Clear,Injury (Complaint of Pain),Broadside,Pedestrian,Crossing in Crosswalk at Intersection,Dry,No Unusual Condition,Dark - Street Lights,Intersection <= 20ft,0.0,1,1.0,Driver,North,Proceeding Straight,Pedestrian,East,Proceeding Straight,POINT (-122.43638 37.79312),102.0,4.0,6.0,30.0,18
46267,vw_geo_sfpd_cr_switrs_all_types_col_cty_union.fid-c18a0c2_186644fdb18_6db5,57308,24299000.0,,220039528,37.7762213559,-122.411606112,SFPD-INTERIM DB,CITY STREET,01/18/2022 07:00:00 PM,2022 January 18,19:00:00,2022,January,Tuesday,08TH ST,HOWARD ST,0.0,Clear,Injury (Other Visible),Vehicle/Pedestrian,Pedestrian,Crossing in Crosswalk at Intersection,Dry,No Unusual Condition,Dark - Street Lights,Intersection <= 20ft,0.0,1,,Pedestrian,North,Proceeding Straight,Driver,South,Making Left Turn,POINT (-122.411606 37.776222),32.0,1.0,10.0,34.0,19
46271,vw_geo_sfpd_cr_switrs_all_types_col_cty_union.fid-c18a0c2_186644fdb18_650d,19397,26434000.000000004,,6049373,37.7691652247851,-122.453536875356,SFPD-CROSSROADS,CITY STREET,11/05/2012 02:05:00 PM,2012 November 05,14:05:00,2012,November,Monday,STANYAN ST,HAIGHT ST,0.0,Clear,Injury (Complaint of Pain),Vehicle/Pedestrian,Pedestrian,Crossing in Crosswalk at Intersection,Dry,No Unusual Condition,Daylight,Intersection <= 20ft,0.0,1,1.0,Pedestrian,West,Proceeding Straight,Driver,South,Proceeding Straight,POINT (-122.45354 37.769165),9.0,7.0,11.0,12.0,14
46282,vw_geo_sfpd_cr_switrs_all_types_col_cty_union.fid-c18a0c2_186644fdb18_60a2,25008,24929000.0,,5585449,37.7839325770222,-122.412595276832,SFPD-CROSSROADS,CITY STREET,02/09/2012 12:53:00 PM,2012 February 09,12:53:00,2012,February,Thursday,EDDY ST,JONES ST,0.0,Clear,Injury (Complaint of Pain),Vehicle/Pedestrian,Pedestrian,Crossing in Crosswalk at Intersection,Dry,No Unusual Condition,Daylight,Intersection <= 20ft,0.0,1,1.0,Driver,East,Making Left Turn,Pedestrian,North,Not Stated,POINT (-122.4126 37.78393),20.0,5.0,10.0,36.0,12
46285,vw_geo_sfpd_cr_switrs_all_types_col_cty_union.fid-c18a0c2_186644fdb18_67b6,23103,24513000.0,,6076700,37.7825535929632,-122.397385537837,SFPD-CROSSROADS,CITY STREET,07/22/2012 02:35:00 AM,2012 July 22,02:35:00,2012,July,Sunday,HARRISON ST,03RD ST,0.0,Clear,Injury (Complaint of Pain),Vehicle/Pedestrian,Pedestrian,Crossing in Crosswalk at Intersection,Dry,No Unusual Condition,Dark - Street Lights,Intersection <= 20ft,0.0,1,1.0,Driver,North,Making Left Turn,Pedestrian,South,Proceeding Straight,POINT (-122.397385 37.782555),32.0,1.0,10.0,8.0,02
46291,vw_geo_sfpd_cr_switrs_all_types_col_cty_union.fid-c18a0c2_186644fdb18_6d17,57719,25827000.0,,220141082,37.7618954742,-122.437298719,SFPD-INTERIM DB,CITY STREET,03/02/2022 06:30:00 PM,2022 March 02,18:30:00,2022,March,Wednesday,DIAMOND ST,MARKET ST,0.0,Clear,Injury (Other Visible),Vehicle/Pedestrian,Pedestrian,Crossing in Crosswalk at Intersection,Dry,No Unusual Condition,Dark - No Street Lights,Intersection <= 20ft,0.0,1,1.0,Driver,South,Making Left Turn,Pedestrian,West,Proceeding Straight,POINT (-122.4373 37.761894),115.0,3.0,5.0,5.0,18
46298,vw_geo_sfpd_cr_switrs_all_types_col_cty_union.fid-c18a0c2_186644fdb18_67b8,26310,24917000.0,,6076709,37.7871491428224,-122.40987401663,SFPD-CROSSROADS,CITY STREET,06/17/2012 12:04:00 PM,2012 June 17,12:04:00,2012,June,Sunday,GEARY ST,MASON ST,0.0,Clear,Injury (Complaint of Pain),Vehicle/Pedestrian,Pedestrian,Crossing in Crosswalk at Intersection,Dry,No Unusual Condition,Daylight,Intersection <= 20ft,0.0,1,1.0,Driver,South,Making Left Turn,Pedestrian,East,Proceeding Straight,POINT (-122.409874 37.787148),20.0,6.0,3.0,36.0,12
46307,vw_geo_sfpd_cr_switrs_all_types_col_cty_union.fid-c18a0c2_186644fdb18_6307,11452,25720000.0,,5762337,37.7611554766248,-122.430573567837,SFPD-CROSSROADS,CITY STREET,06/29/2012 07:31:00 PM,2012 June 29,19:31:00,2012,June,Friday,18TH ST,SANCHEZ ST,0.0,Cloudy,Injury (Other Visible),Vehicle/Pedestrian,Pedestrian,Crossing in Crosswalk at Intersection,Dry,No Unusual Condition,Dusk - Dawn,Intersection <= 20ft,0.0,1,1.0,Pedestrian,North,Other,Driver,East,Proceeding Straight,POINT (-122.43057 37.761154),52.0,3.0,5.0,5.0,19
46310,vw_geo_sfpd_cr_switrs_all_types_col_cty_union.fid-c18a0c2_186644fdb18_61ec,29351,25192000.0,,5684943,37.7847534462424,-122.421192974263,SFPD-CROSSROADS,CITY STREET,03/12/2012 01:36:00 AM,2012 March 12,01:36:00,2012,March,Monday,VAN NESS AVE,OFARRELL ST,0.0,Clear,Injury (Complaint of Pain),Vehicle/Pedestrian,Pedestrian,"In Road, Including Shoulder",Dry,No Unusual Condition,Dark - Street Lights,Intersection <= 20ft,0.0,1,1.0,Driver,South,Entering Traffic,Pedestrian,South,Stopped In Road,POINT (-122.421196 37.78475),20.0,4.0,11.0,39.0,01
46314,vw_geo_sfpd_cr_switrs_all_types_col_cty_union.fid-c18a0c2_186644fdb18_6d57,57495,25013000.0,,220117209,37.7929707724,-122.409361286,SFPD-INTERIM DB,CITY STREET,02/20/2022 07:00:00 PM,2022 February 20,19:00:00,2022,February,Sunday,POWELL ST,SACRAMENTO ST,0.0,Clear,Injury (Other Visible),Vehicle/Pedestrian,Pedestrian,Crossing in Crosswalk at Intersection,Dry,No Unusual Condition,Dark - Street Lights,Intersection <= 20ft,0.0,1,1.0,Driver,South,Making Left Turn,Pedestrian,West,Proceeding Straight,POINT (-122.40936 37.792973),16.0,6.0,3.0,6.0,19
46315,vw_geo_sfpd_cr_switrs_all_types_col_cty_union.fid-c18a0c2_186644fdb18_6484,4584,22235000.0,7690000.0,6046412,37.7283574065301,-122.451130323834,SFPD-CROSSROADS,CITY STREET,11/24/2012 04:26:00 PM,2012 November 24,16:26:00,2012,November,Saturday,JUDSON AVE,GENNESSEE ST,5.0,Clear,Injury (Other Visible),Vehicle/Pedestrian,Pedestrian,Crossing in Crosswalk at Intersection,Dry,No Unusual Condition,Daylight,Intersection <= 20ft,0.0,1,1.0,Driver,West,Proceeding Straight,Pedestrian,North,Proceeding Straight,POINT (-122.45113 37.72836),95.0,9.0,8.0,41.0,16
46318,vw_geo_sfpd_cr_switrs_all_types_col_cty_union.fid-c18a0c2_186644fdb18_6ee8,25270,24613000.0,,180901100,37.7862481518,-122.40202542,SFPD-INTERIM DB,CITY STREET,11/29/2018 08:15:00 AM,2018 November 29,08:15:00,2018,November,Thursday,MISSION ST,03RD ST,0.0,Raining,Injury (Complaint of Pain),Broadside,Pedestrian,Crossing in Crosswalk at Intersection,Wet,No Unusual Condition,Daylight,Intersection <= 20ft,0.0,1,1.0,Driver,East,Making Right Turn,Pedestrian,North,Proceeding Straight,POINT (-122.40202 37.786247),32.0,1.0,10.0,8.0,08
46336,vw_geo_sfpd_cr_switrs_all_types_col_cty_union.fid-c18a0c2_186644fdb18_6f64,35107,26699000.0,8454201.0,130345978,37.8010959562222,-122.426678686907,SFPD-CROSSROADS,CITY STREET,04/27/2013 11:28:00 PM,2013 April 27,23:28:00,2013,April,Saturday,LOMBARD ST,FRANKLIN ST,142.0,Clear,Injury (Severe),Vehicle/Pedestrian,Pedestrian,Crossing Not in Crosswalk,Dry,No Unusual Condition,Dark - Street Lights,Midblock > 20ft,0.0,1,1.0,Pedestrian,South,Other,Driver,East,Proceeding Straight,POINT (-122.42668 37.801094),17.0,4.0,6.0,13.0,23
46337,vw_geo_sfpd_cr_switrs_all_types_col_cty_union.fid-c18a0c2_186644fdb18_667f,1448,21545000.0,9476000.0,6067163,37.7127240077093,-122.44750194972,SFPD-CROSSROADS,CITY STREET,09/04/2012 07:51:00 AM,2012 September 04,07:51:00,2012,September,Tuesday,NAGLEE AVE,RAE AVE,38.0,Cloudy,Injury (Severe),Vehicle/Pedestrian,Pedestrian,"In Road, Including Shoulder",Dry,No Unusual Condition,Daylight,Midblock > 20ft,0.0,1,1.0,Driver,North,Backing,Pedestrian,West,Proceeding Straight,POINT (-122.4475 37.712723),66.0,9.0,1.0,28.0,07
46338,vw_geo_sfpd_cr_switrs_all_types_col_cty_union.fid-c18a0c2_186644fdb18_600f,2322,22102000.0,,5554755,37.7229665717039,-122.444746624942,SFPD-CROSSROADS,CITY STREET,01/17/2012 05:30:00 AM,2012 January 17,05:30:00,2012,January,Tuesday,OCEAN AVE,SAN JOSE AVE,0.0,Clear,Injury (Other Visible),Vehicle/Pedestrian,Pedestrian,Crossing in Crosswalk at Intersection,Dry,No Unusual Condition,Dark - Street Lights,Intersection <= 20ft,0.0,1,1.0,Driver,West,Making Left Turn,Pedestrian,South,Other,POINT (-122.44475 37.722965),94.0,9.0,1.0,28.0,05
46346,vw_geo_sfpd_cr_switrs_all_types_col_cty_union.fid-c18a0c2_186644fdb18_6cba,37786,23069000.0,928101.0,130563039,37.7269607798253,-122.474859675713,SFPD-CROSSROADS,CITY STREET,07/09/2013 09:54:00 AM,2013 July 09,09:54:00,2013,July,Tuesday,19TH AVE,WINSTON DR,16.0,Cloudy,Injury (Other Visible),Vehicle/Pedestrian,Pedestrian,Crossing Not in Crosswalk,Dry,No Unusual Condition,Daylight,Intersection <= 20ft,0.0,1,1.0,Pedestrian,East,Not Stated,Driver,North,Proceeding Straight,POINT (-122.47486 37.72696),41.0,10.0,8.0,16.0,09
46359,vw_geo_sfpd_cr_switrs_all_types_col_cty_union.fid-c18a0c2_186644fdb18_64e4,6446,21177000.0,,6049306,37.7482553293597,-122.413668844445,SFPD-CROSSROADS,CITY STREET,11/07/2012 06:10:00 PM,2012 November 07,18:10:00,2012,November,Wednesday,CESAR CHAVEZ ST,FOLSOM ST,0.0,Clear,Injury (Complaint of Pain),Vehicle/Pedestrian,Pedestrian,Crossing in Crosswalk at Intersection,Dry,No Unusual Condition,Dark - Street Lights,Intersection <= 20ft,0.0,1,1.0,Driver,East,Making Left Turn,Pedestrian,North,Proceeding Straight,POINT (-122.413666 37.748257),53.0,3.0,2.0,20.0,18
46360,vw_geo_sfpd_cr_switrs_all_types_col_cty_union.fid-c18a0c2_186644fdb18_5fa4,375,20319000.0,,5483582,37.7132157336721,-122.404842430553,SFPD-CROSSROADS,CITY STREET,01/17/2012 08:01:00 AM,2012 January 17,08:01:00,2012,January,Tuesday,ARLETA AVE,ALPHA ST,0.0,Clear,Injury (Complaint of Pain),Vehicle/Pedestrian,Pedestrian,Crossing in Crosswalk at Intersection,Dry,No Unusual Condition,Daylight,Intersection <= 20ft,0.0,1,1.0,Driver,East,Proceeding Straight,Pedestrian,North,Proceeding Straight,POINT (-122.40485 37.713215),75.0,9.0,9.0,40.0,08
46366,vw_geo_sfpd_cr_switrs_all_types_col_cty_union.fid-c18a0c2_186644fdb18_6479,33556,24795000.0,3151000.0,6040316,37.7979700068969,-122.405841310302,SFPD-CROSSROADS,CITY STREET,10/13/2012 07:15:00 PM,2012 October 13,19:15:00,2012,October,Saturday,BROADWAY,KEARNY ST,108.0,Clear,Injury (Complaint of Pain),Vehicle/Pedestrian,Pedestrian,Not in Road,Dry,No Unusual Condition,Dark - Street Lights,Midblock > 20ft,0.0,1,,Driver,South,Backing,Pedestrian,East,Proceeding Straight,POINT (-122.40584 37.79797),106.0,6.0,3.0,23.0,19
46367,vw_geo_sfpd_cr_switrs_all_types_col_cty_union.fid-c18a0c2_186644fdb18_6733,18943,25897000.0,,6072419,37.7713833301203,-122.428614043063,SFPD-CROSSROADS,CITY STREET,06/28/2012 08:00:00 AM,2012 June 28,08:00:00,2012,June,Thursday,WALLER ST,WEBSTER ST,0.0,Clear,Injury (Complaint of Pain),Vehicle/Pedestrian,Pedestrian,Crossing in Crosswalk at Intersection,Dry,No Unusual Condition,Daylight,Intersection <= 20ft,0.0,1,1.0,Driver,West,Making Right Turn,Pedestrian,South,Other,POINT (-122.42861 37.771385),27.0,7.0,11.0,9.0,08
46368,vw_geo_sfpd_cr_switrs_all_types_col_cty_union.fid-c18a0c2_186644fdb18_6508,41426,27691000.0,,6049368,37.7535320111859,-122.492547868571,SFPD-CROSSROADS,CITY STREET,10/26/2012 05:50:00 PM,2012 October 26,17:50:00,2012,October,Friday,NORIEGA ST,34TH AVE,0.0,Clear,Injury (Complaint of Pain),Vehicle/Pedestrian,Pedestrian,Crossing in Crosswalk at Intersection,Dry,No Unusual Condition,Daylight,Intersection <= 20ft,0.0,2,1.0,Driver,West,Proceeding Straight,Pedestrian,North,Proceeding Straight,POINT (-122.492546 37.753532),39.0,10.0,7.0,35.0,17
46369,vw_geo_sfpd_cr_switrs_all_types_col_cty_union.fid-c18a0c2_186644fdb18_70c9,58495,21765000.0,,220369949,37.7287295477942,-122.431293844218,SFPD-INTERIM DB,CITY STREET,06/06/2022 10:05:00 AM,2022 June 06,10:05:00,2022,June,Monday,MISSION ST,SILVER AVE,0.0,Clear,Injury (Other Visible),Vehicle/Pedestrian,Pedestrian,Crossing in Crosswalk at Intersection,Dry,No Unusual Condition,Daylight,Intersection <= 20ft,0.0,1,1.0,Driver,North,Making Left Turn,Pedestrian,West,Proceeding Straight,POINT (-122.4313 37.72873),94.0,9.0,1.0,28.0,10
46381,vw_geo_sfpd_cr_switrs_all_types_col_cty_union.fid-c18a0c2_186644fdb18_6405,38607,33563000.0,12289202.0,5844678,37.7349377805741,-122.494008855992,SFPD-CROSSROADS,CITY STREET,08/18/2012 10:58:00 AM,2012 August 18,10:58:00,2012,August,Saturday,SUNSET BLVD,YORBA ST,43.0,Cloudy,Injury (Other Visible),Vehicle/Pedestrian,Pedestrian,Crossing in Crosswalk at Intersection,Dry,No Unusual Condition,Daylight,Midblock > 20ft,0.0,1,1.0,Driver,North,Proceeding Straight,Pedestrian,East,Not Stated,POINT (-122.49401 37.73494),40.0,10.0,7.0,35.0,10
46388,vw_geo_sfpd_cr_switrs_all_types_col_cty_union.fid-c18a0c2_186644fdb18_61a1,24357,24924000.0,12427000.0,5681027,37.7832227612944,-122.410766530199,SFPD-CROSSROADS,CITY STREET,03/24/2012 04:11:00 PM,2012 March 24,16:11:00,2012,March,Saturday,TAYLOR ST,TURK ST,3.0,Cloudy,Injury (Complaint of Pain),Vehicle/Pedestrian,Pedestrian,"In Road, Including Shoulder",Wet,No Unusual Condition,Daylight,Intersection <= 20ft,0.0,1,1.0,Driver,North,Proceeding Straight,Pedestrian,West,Other,POINT (-122.41077 37.783222),20.0,5.0,10.0,36.0,16
46397,vw_geo_sfpd_cr_switrs_all_types_col_cty_union.fid-c18a0c2_186644fdb18_65a6,9976,33040000.0,716000.0,6058819,37.765702961456,-122.408870939761,SFPD-CROSSROADS,CITY STREET,03/03/2012 02:02:00 AM,2012 March 03,02:02:00,2012,March,Saturday,16TH ST,BRYANT ST,468.0,Clear,Injury (Severe),Vehicle/Pedestrian,Pedestrian,Not in Road,Dry,No Unusual Condition,Dark - Street Lights,Midblock > 20ft,0.0,1,1.0,Driver,East,Proceeding Straight,Pedestrian,West,Proceeding Straight,POINT (-122.408875 37.7657),53.0,3.0,9.0,20.0,02
46398,vw_geo_sfpd_cr_switrs_all_types_col_cty_union.fid-c18a0c2_186644fdb18_6749,26057,24941000.0,6112000.0,6072973,37.7869363015845,-122.411542456809,SFPD-CROSSROADS,CITY STREET,11/20/2012 10:40:00 PM,2012 November 20,22:40:00,2012,November,Tuesday,GEARY BLVD,TAYLOR ST,8.0,Raining,Injury (Severe),Vehicle/Pedestrian,Pedestrian,Crossing in Crosswalk at Intersection,Wet,No Unusual Condition,Dark - Street Lights,Intersection <= 20ft,0.0,1,1.0,Driver,West,Making Left Turn,Pedestrian,North,Proceeding Straight,POINT (-122.411545 37.786938),50.0,6.0,3.0,36.0,22
46412,vw_geo_sfpd_cr_switrs_all_types_col_cty_union.fid-c18a0c2_186644fdb18_67eb,8392,23625000.0,,6080414,37.7576507852722,-122.39312262847,SFPD-CROSSROADS,CITY STREET,04/26/2012 08:52:00 AM,2012 April 26,08:52:00,2012,April,Thursday,PENNSYLVANIA AVE,22ND ST,0.0,Cloudy,Injury (Complaint of Pain),Vehicle/Pedestrian,Pedestrian,Crossing Not in Crosswalk,Wet,No Unusual Condition,Daylight,Intersection <= 20ft,0.0,1,1.0,Pedestrian,East,Other,Driver,North,Proceeding Straight,POINT (-122.39312 37.757652),54.0,2.0,9.0,26.0,08
46413,vw_geo_sfpd_cr_switrs_all_types_col_cty_union.fid-c18a0c2_186644fdb18_649e,29308,25179000.0,10559000.0,6046475,37.7849806055495,-122.419551775824,SFPD-CROSSROADS,CITY STREET,11/28/2012 09:56:00 AM,2012 November 28,09:56:00,2012,November,Wednesday,POLK ST,OFARRELL ST,8.0,Raining,Injury (Complaint of Pain),Vehicle/Pedestrian,Pedestrian,Crossing in Crosswalk at Intersection,Wet,No Unusual Condition,Daylight,Intersection <= 20ft,0.0,1,1.0,Driver,North,Making Left Turn,Pedestrian,West,Other,POINT (-122.41955 37.78498),20.0,4.0,10.0,36.0,09
46416,vw_geo_sfpd_cr_switrs_all_types_col_cty_union.fid-c18a0c2_186644fdb18_6117,24447,24431000.0,,5590757,37.7816542616751,-122.415505178752,SFPD-CROSSROADS,CITY STREET,02/07/2012 08:45:00 AM,2012 February 07,08:45:00,2012,February,Tuesday,HYDE ST,GOLDEN GATE AVE,0.0,Raining,Injury (Other Visible),Vehicle/Pedestrian,Pedestrian,Crossing in Crosswalk at Intersection,Wet,No Unusual Condition,Daylight,Intersection <= 20ft,0.0,1,1.0,Driver,South,Stopped In Road,Pedestrian,East,Proceeding Straight,POINT (-122.415504 37.781654),21.0,5.0,10.0,36.0,08
46417,vw_geo_sfpd_cr_switrs_all_types_col_cty_union.fid-c18a0c2_186644fdb18_6568,16313,23937000.0,,6049501,37.7802649727995,-122.4033872092,SFPD-CROSSROADS,CITY STREET,10/24/2012 12:31:00 PM,2012 October 24,12:31:00,2012,October,Wednesday,FOLSOM ST,05TH ST,0.0,Clear,Injury (Complaint of Pain),Vehicle/Pedestrian,Pedestrian,Crossing in Crosswalk at Intersection,Dry,No Unusual Condition,Daylight,Intersection <= 20ft,0.0,1,1.0,Driver,East,Making U Turn,Pedestrian,North,Proceeding Straight,POINT (-122.40339 37.780266),32.0,1.0,10.0,34.0,12
46425,vw_geo_sfpd_cr_switrs_all_types_col_cty_union.fid-c18a0c2_186644fdb18_6e74,57718,27366000.0,,220192063,37.7616993749,-122.477010887,SFPD-INTERIM DB,CITY STREET,03/23/2022 08:27:00 PM,2022 March 23,20:27:00,2022,March,Wednesday,19TH AVE,JUDAH ST,0.0,Clear,Injury (Severe),Broadside,Pedestrian,Crossing in Crosswalk at Intersection,Dry,No Unusual Condition,Dark - Street Lights,Intersection <= 20ft,0.0,1,1.0,Pedestrian,West,Proceeding Straight,Driver,North,Proceeding Straight,POINT (-122.47701 37.7617),109.0,10.0,7.0,14.0,20
46435,vw_geo_sfpd_cr_switrs_all_types_col_cty_union.fid-c18a0c2_186644fdb18_6713,18635,24421000.0,9109201.0,6070814,37.774191349952,-122.417329368645,SFPD-CROSSROADS,CITY STREET,05/12/2012 12:08:00 AM,2012 May 12,00:08:00,2012,May,Saturday,MISSION ST,11TH ST,80.0,Clear,Injury (Severe),Vehicle/Pedestrian,Pedestrian,Crossing Not in Crosswalk,Dry,No Unusual Condition,Dark - Street Lights,Midblock > 20ft,0.0,1,1.0,Pedestrian,North,Other,Driver,West,Proceeding Straight,POINT (-122.41733 37.774193),32.0,1.0,10.0,20.0,00
46436,vw_geo_sfpd_cr_switrs_all_types_col_cty_union.fid-c18a0c2_186644fdb18_6519,19868,26345000.0,8852000.0,6049386,37.7721407354152,-122.445728911541,SFPD-CROSSROADS,CITY STREET,10/09/2012 09:15:00 PM,2012 October 09,21:15:00,2012,October,Tuesday,MASONIC AVE,OAK ST,22.0,Raining,Injury (Complaint of Pain),Vehicle/Pedestrian,Pedestrian,Crossing in Crosswalk at Intersection,Wet,No Unusual Condition,Dark - Street Lights,Midblock > 20ft,0.0,1,1.0,Driver,North,Making Left Turn,Pedestrian,East,Proceeding Straight,POINT (-122.44573 37.77214),24.0,7.0,11.0,12.0,21
46446,vw_geo_sfpd_cr_switrs_all_types_col_cty_union.fid-c18a0c2_186644fdb18_5ff4,19869,26345000.0,8852000.0,5545115,37.7721515809491,-122.44573111262,SFPD-CROSSROADS,CITY STREET,01/28/2012 06:38:00 PM,2012 January 28,18:38:00,2012,January,Saturday,MASONIC AVE,OAK ST,26.0,Clear,Injury (Severe),Vehicle/Pedestrian,Pedestrian,Crossing in Crosswalk at Intersection,Dry,No Unusual Condition,Dark - Street Lights,Midblock > 20ft,0.0,1,1.0,Pedestrian,West,Proceeding Straight,Driver,South,Proceeding Straight,POINT (-122.44573 37.772152),24.0,7.0,11.0,12.0,18
46469,vw_geo_sfpd_cr_switrs_all_types_col_cty_union.fid-c18a0c2_186644fdb18_6539,32890,26578000.0,3174000.0,6049419,37.7948974012899,-122.429970039406,SFPD-CROSSROADS,CITY STREET,10/22/2012 05:14:00 PM,2012 October 22,17:14:00,2012,October,Monday,BROADWAY,LAGUNA ST,6.0,Cloudy,Injury (Complaint of Pain),Vehicle/Pedestrian,Pedestrian,Crossing in Crosswalk at Intersection,Wet,No Unusual Condition,Daylight,Intersection <= 20ft,0.0,1,1.0,Driver,West,Proceeding Straight,Pedestrian,North,Proceeding Straight,POINT (-122.42997 37.7949),102.0,4.0,6.0,30.0,17