,id,unique_id,cnn_intrsctn_fkey,cnn_sgmt_fkey,case_id_pkey,tb_latitude,tb_longitude,geocode_source,geocode_location,collision_datetime,collision_date,collision_time,accident_year,month,day_of_week,primary_rd,secondary_rd,distance,weather_1,collision_severity,type_of_collision,mviw,ped_action,road_surface,road_cond_1,lighting,intersection,number_killed,number_injured,party_at_fault,party1_type,party1_dir_of_travel,party1_move_pre_acc,party2_type,party2_dir_of_travel,party2_move_pre_acc,point,Neighborhoods,Current Police Districts,Current Supervisor Districts,Analysis Neighborhoods,hour
46473,vw_geo_sfpd_cr_switrs_all_types_col_cty_union.fid-c18a0c2_186644fdb18_72ac,31720,25174000.0,,140006819,37.7891101756033,-122.417016878085,SFPD-CROSSROADS,CITY STREET,01/03/2014 09:47:00 AM,2014 January 03,09:47:00,2014,January,Friday,BUSH ST,HYDE ST,0.0,Clear,Injury (Severe),Vehicle/Pedestrian,Pedestrian,Crossing in Crosswalk at Intersection,Dry,No Unusual Condition,Daylight,Intersection <= 20ft,0.0,1,1.0,Driver,East,Making Left Turn,Pedestrian,South,Proceeding Straight,POINT (-122.417015 37.78911),50.0,6.0,3.0,21.0,09
46474,vw_geo_sfpd_cr_switrs_all_types_col_cty_union.fid-c18a0c2_186644fdb18_7036,58258,21339000.0,9130000.0,220314085,37.7462558259265,-122.419457730047,SFPD-INTERIM DB,CITY STREET,05/14/2022 01:29:00 AM,2022 May 14,01:29:00,2022,May,Saturday,MISSION ST,POWERS AVE,30.0,Clear,Injury (Complaint of Pain),Vehicle/Pedestrian,Pedestrian,Crossing Not in Crosswalk,Dry,No Unusual Condition,Dark - Street Lights,Midblock > 20ft,0.0,1,1.0,Pedestrian,South,Not Stated,Driver,South,Backing,POINT (-122.41946 37.746254),83.0,9.0,2.0,2.0,01
46476,vw_geo_sfpd_cr_switrs_all_types_col_cty_union.fid-c18a0c2_186644fdb18_6261,12028,24183000.0,13059000.0,5737891,37.7649480015176,-122.421889414181,SFPD-CROSSROADS,CITY STREET,05/07/2012 05:35:00 PM,2012 May 07,17:35:00,2012,May,Monday,VALENCIA ST,16TH ST,11.0,Clear,Injury (Other Visible),Vehicle/Pedestrian,Pedestrian,Crossing in Crosswalk at Intersection,Dry,No Unusual Condition,Daylight,Intersection <= 20ft,0.0,1,1.0,Driver,North,Making Left Turn,Pedestrian,East,Proceeding Straight,POINT (-122.42189 37.76495),53.0,3.0,5.0,20.0,17
46479,vw_geo_sfpd_cr_switrs_all_types_col_cty_union.fid-c18a0c2_186644fdb18_6e5f,57702,25701000.0,,220201391,37.7664057675,-122.424258113,SFPD-INTERIM DB,CITY STREET,03/27/2022 07:59:00 PM,2022 March 27,19:59:00,2022,March,Sunday,GUERRERO ST,15TH ST,0.0,Raining,Injury (Complaint of Pain),Vehicle/Pedestrian,Pedestrian,Crossing in Crosswalk at Intersection,Wet,No Unusual Condition,Dark - Street Lights,Intersection <= 20ft,0.0,1,1.0,Driver,North,Proceeding Straight,Pedestrian,West,Stopped,POINT (-122.424255 37.766407),37.0,3.0,5.0,20.0,19
46496,vw_geo_sfpd_cr_switrs_all_types_col_cty_union.fid-c18a0c2_186644fdb18_6137,1771,22049000.0,,5590794,37.717665309299,-122.440106607311,SFPD-CROSSROADS,CITY STREET,02/13/2012 04:44:00 PM,2012 February 13,16:44:00,2012,February,Monday,MISSION ST,SENECA AVE,0.0,Clear,Injury (Other Visible),Vehicle/Pedestrian,Pedestrian,Crossing in Crosswalk at Intersection,Dry,No Unusual Condition,Daylight,Intersection <= 20ft,0.0,3,1.0,Driver,South,Proceeding Straight,Pedestrian,East,Proceeding Straight,POINT (-122.44011 37.717667),80.0,9.0,1.0,28.0,16
46499,vw_geo_sfpd_cr_switrs_all_types_col_cty_union.fid-c18a0c2_186644fdb18_6548,31242,26909000.0,,6049433,37.7819841162257,-122.451119860168,SFPD-CROSSROADS,CITY STREET,11/09/2012 04:35:00 PM,2012 November 09,16:35:00,2012,November,Friday,GEARY ST,BLAKE ST,0.0,Clear,Injury (Other Visible),Broadside,Pedestrian,Crossing in Crosswalk at Intersection,Dry,No Unusual Condition,Daylight,Intersection <= 20ft,0.0,1,1.0,Driver,South,Making Right Turn,Pedestrian,East,Proceeding Straight,POINT (-122.45112 37.781982),12.0,8.0,4.0,18.0,16
46501,vw_geo_sfpd_cr_switrs_all_types_col_cty_union.fid-c18a0c2_186644fdb18_6c91,52256,24206000.0,,200004024,37.7715786766,-122.411277937,SFPD-INTERIM DB,CITY STREET,01/02/2020 03:00:00 PM,2020 January 02,15:00:00,2020,January,Thursday,10TH ST,HARRISON ST,0.0,Clear,Injury (Other Visible),Broadside,Pedestrian,Crossing in Crosswalk at Intersection,Dry,No Unusual Condition,Daylight,Intersection <= 20ft,0.0,1,1.0,Driver,East,Making Right Turn,Pedestrian,North,Proceeding Straight,POINT (-122.41128 37.77158),32.0,1.0,10.0,34.0,15
46503,vw_geo_sfpd_cr_switrs_all_types_col_cty_union.fid-c18a0c2_186644fdb18_6559,41089,27375000.0,,6049461,37.7635147583187,-122.478190825715,SFPD-CROSSROADS,CITY STREET,10/01/2012 11:30:00 PM,2012 October 01,23:30:00,2012,October,Monday,IRVING ST,20TH AVE,0.0,Clear,Injury (Complaint of Pain),Vehicle/Pedestrian,Pedestrian,Crossing in Crosswalk at Intersection,Dry,No Unusual Condition,Dark - Street Lights,Intersection <= 20ft,0.0,1,1.0,Driver,East,Making Left Turn,Pedestrian,North,Other,POINT (-122.47819 37.763515),39.0,10.0,7.0,35.0,23
46521,vw_geo_sfpd_cr_switrs_all_types_col_cty_union.fid-c18a0c2_186644fdb18_6528,45097,27635000.0,,6049402,37.7841739866635,-122.478578838629,SFPD-CROSSROADS,CITY STREET,10/08/2012 08:15:00 AM,2012 October 08,08:15:00,2012,October,Monday,CALIFORNIA ST,19TH AVE,0.0,Clear,Injury (Other Visible),Vehicle/Pedestrian,Pedestrian,Crossing in Crosswalk at Intersection,Dry,No Unusual Condition,Daylight,Intersection <= 20ft,0.0,1,1.0,Driver,East,Proceeding Straight,Pedestrian,South,Proceeding Straight,POINT (-122.47858 37.784176),2.0,8.0,4.0,29.0,08
46522,vw_geo_sfpd_cr_switrs_all_types_col_cty_union.fid-c18a0c2_186644fdb18_668e,33826,24810000.0,,6067178,37.800458559655,-122.401428245873,SFPD-CROSSROADS,CITY STREET,08/28/2012 07:53:00 AM,2012 August 28,07:53:00,2012,August,Tuesday,GREEN ST,BATTERY ST,0.0,Clear,Injury (Other Visible),Vehicle/Pedestrian,Pedestrian,Crossing in Crosswalk at Intersection,Dry,No Unusual Condition,Daylight,Intersection <= 20ft,0.0,1,1.0,Driver,East,Proceeding Straight,Pedestrian,North,Not Stated,POINT (-122.40143 37.800457),77.0,6.0,3.0,8.0,07
46523,vw_geo_sfpd_cr_switrs_all_types_col_cty_union.fid-c18a0c2_186644fdb18_6597,31960,26507000.0,6336000.0,6058776,37.7889757183835,-122.425419151113,SFPD-CROSSROADS,CITY STREET,03/25/2012 04:30:00 PM,2012 March 25,16:30:00,2012,March,Sunday,GOUGH ST,PINE ST,7.0,Clear,Injury (Other Visible),Vehicle/Pedestrian,Pedestrian,Crossing in Crosswalk at Intersection,Dry,No Unusual Condition,Daylight,Intersection <= 20ft,0.0,1,1.0,Driver,West,Making Left Turn,Pedestrian,West,Not Stated,POINT (-122.42542 37.788975),100.0,4.0,11.0,30.0,16
46529,vw_geo_sfpd_cr_switrs_all_types_col_cty_union.fid-c18a0c2_186644fdb18_66c5,16633,24315000.0,,6068159,37.7792116855019,-122.410936573592,SFPD-CROSSROADS,CITY STREET,08/08/2012 10:24:00 PM,2012 August 08,22:24:00,2012,August,Wednesday,07TH ST,MISSION ST,0.0,Clear,Injury (Complaint of Pain),Vehicle/Pedestrian,Pedestrian,Crossing in Crosswalk at Intersection,Dry,No Unusual Condition,Dark - Street Lights,Intersection <= 20ft,0.0,1,1.0,Driver,West,Making Right Turn,Pedestrian,South,Not Stated,POINT (-122.410934 37.779213),32.0,1.0,10.0,34.0,22
46531,vw_geo_sfpd_cr_switrs_all_types_col_cty_union.fid-c18a0c2_186644fdb18_64c4,9835,24022000.0,10660000.0,6046930,37.7658156760331,-122.407537989008,SFPD-CROSSROADS,CITY STREET,11/15/2012 06:43:00 PM,2012 November 15,18:43:00,2012,November,Thursday,POTRERO AVE,16TH ST,12.0,Cloudy,Injury (Complaint of Pain),Vehicle/Pedestrian,Pedestrian,Crossing Not in Crosswalk,Dry,No Unusual Condition,Dark - Street Lights,Intersection <= 20ft,0.0,1,1.0,Pedestrian,East,Proceeding Straight,Driver,North,Proceeding Straight,POINT (-122.40754 37.765816),53.0,3.0,9.0,20.0,18
46545,vw_geo_sfpd_cr_switrs_all_types_col_cty_union.fid-c18a0c2_186644fdb18_6181,7387,21338000.0,,5678689,37.7453890201733,-122.420019127715,SFPD-CROSSROADS,CITY STREET,03/30/2012 06:02:00 PM,2012 March 30,18:02:00,2012,March,Friday,MISSION ST,VALENCIA ST,0.0,Clear,Injury (Other Visible),Vehicle/Pedestrian,Pedestrian,Crossing in Crosswalk at Intersection,Dry,No Unusual Condition,Daylight,Intersection <= 20ft,0.0,1,1.0,Driver,West,Making Left Turn,Pedestrian,West,Other,POINT (-122.42002 37.745388),83.0,9.0,2.0,2.0,18
46546,vw_geo_sfpd_cr_switrs_all_types_col_cty_union.fid-c18a0c2_186644fdb18_73b0,56051,21177000.0,,210494487,37.7482553286,-122.413668844,SFPD-INTERIM DB,CITY STREET,08/04/2021 03:21:00 PM,2021 August 04,15:21:00,2021,August,Wednesday,FOLSOM ST,CESAR CHAVEZ ST,0.0,Clear,Injury (Other Visible),Vehicle/Pedestrian,Pedestrian,Crossing in Crosswalk at Intersection,Dry,No Unusual Condition,Daylight,Intersection <= 20ft,0.0,1,1.0,Driver,South,Making Left Turn,Pedestrian,East,Proceeding Straight,POINT (-122.413666 37.748257),53.0,3.0,2.0,20.0,15
46548,vw_geo_sfpd_cr_switrs_all_types_col_cty_union.fid-c18a0c2_186644fdb18_6694,3716,33312000.0,,6067184,37.7314280967759,-122.40891444882,SFPD-CROSSROADS,CITY STREET,09/10/2012 05:42:00 PM,2012 September 10,17:42:00,2012,September,Monday,SILVER AVE,MERRILL ST,0.0,Clear,Injury (Complaint of Pain),Vehicle/Pedestrian,Pedestrian,Crossing in Crosswalk at Intersection,Dry,No Unusual Condition,Daylight,Intersection <= 20ft,0.0,1,1.0,Driver,West,Stopped In Road,Pedestrian,South,Not Stated,POINT (-122.40891 37.731426),91.0,2.0,2.0,25.0,17
46551,vw_geo_sfpd_cr_switrs_all_types_col_cty_union.fid-c18a0c2_186644fdb18_64a4,4298,21694000.0,,6046485,37.7292278458738,-122.430809256123,SFPD-CROSSROADS,CITY STREET,12/24/2012 08:29:00 PM,2012 December 24,20:29:00,2012,December,Monday,MISSION ST,MAYNARD ST,0.0,Clear,Injury (Other Visible),Vehicle/Pedestrian,Pedestrian,Crossing in Crosswalk at Intersection,Dry,No Unusual Condition,Dark - Street Lights,Intersection <= 20ft,0.0,1,1.0,Driver,North,Proceeding Straight,Pedestrian,West,Other,POINT (-122.43081 37.72923),94.0,9.0,1.0,28.0,20
46558,vw_geo_sfpd_cr_switrs_all_types_col_cty_union.fid-c18a0c2_186644fdb18_6512,30767,26531000.000000004,3449000.0,6049378,37.7874453683226,-122.430132785762,SFPD-CROSSROADS,CITY STREET,11/09/2012 05:35:00 PM,2012 November 09,17:35:00,2012,November,Friday,BUSH ST,BUCHANAN ST,10.0,Clear,Injury (Complaint of Pain),Vehicle/Pedestrian,Pedestrian,Crossing in Crosswalk at Intersection,Dry,No Unusual Condition,Dark - Street Lights,Intersection <= 20ft,0.0,1,1.0,Driver,East,Making Left Turn,Pedestrian,North,Proceeding Straight,POINT (-122.43013 37.787445),101.0,4.0,11.0,30.0,17
46566,vw_geo_sfpd_cr_switrs_all_types_col_cty_union.fid-c18a0c2_186644fdb18_653a,40622,27149000.0,,6049420,37.7641308696304,-122.464172022818,SFPD-CROSSROADS,CITY STREET,10/03/2012 06:54:00 PM,2012 October 03,18:54:00,2012,October,Wednesday,07TH AVE,IRVING ST,0.0,Raining,Injury (Severe),Vehicle/Pedestrian,Pedestrian,Crossing in Crosswalk at Intersection,Wet,No Unusual Condition,Dusk - Dawn,Intersection <= 20ft,0.0,1,1.0,Pedestrian,West,Proceeding Straight,Driver,North,Proceeding Straight,POINT (-122.46417 37.76413),109.0,7.0,11.0,14.0,18
46571,vw_geo_sfpd_cr_switrs_all_types_col_cty_union.fid-c18a0c2_186644fdb18_6807,13987,24206000.0,,6083822,37.7715786773086,-122.411277936994,SFPD-CROSSROADS,CITY STREET,01/11/2012 01:15:00 PM,2012 January 11,13:15:00,2012,January,Wednesday,10TH ST,HARRISON ST,0.0,Clear,Injury (Complaint of Pain),Vehicle/Pedestrian,Pedestrian,Crossing in Crosswalk at Intersection,Dry,No Unusual Condition,Daylight,Intersection <= 20ft,0.0,1,1.0,Driver,South,Making Left Turn,Pedestrian,East,Proceeding Straight,POINT (-122.41128 37.77158),32.0,1.0,10.0,34.0,13
46576,vw_geo_sfpd_cr_switrs_all_types_col_cty_union.fid-c18a0c2_186644fdb18_6532,929,54065000.0,,6049413,37.7109210347244,-122.42620190932,SFPD-CROSSROADS,CITY STREET,11/02/2012 12:54:00 PM,2012 November 02,12:54:00,2012,November,Friday,GENEVA AVE,STONERIDGE LN,0.0,Clear,Injury (Complaint of Pain),Vehicle/Pedestrian,Pedestrian,Crossing in Crosswalk Not at Intersection,Dry,No Unusual Condition,Daylight,Intersection <= 20ft,0.0,1,1.0,Driver,East,Proceeding Straight,Pedestrian,North,Proceeding Straight,POINT (-122.4262 37.710922),58.0,9.0,1.0,7.0,12
46594,vw_geo_sfpd_cr_switrs_all_types_col_cty_union.fid-c18a0c2_186644fdb18_62ad,31977,26507000.0,,5760472,37.7889946996516,-122.425422980137,SFPD-CROSSROADS,CITY STREET,06/23/2012 11:53:00 AM,2012 June 23,11:53:00,2012,June,Saturday,PINE ST,GOUGH ST,0.0,Clear,Injury (Complaint of Pain),Vehicle/Pedestrian,Pedestrian,Crossing in Crosswalk at Intersection,Dry,No Unusual Condition,Daylight,Intersection <= 20ft,0.0,1,1.0,Pedestrian,South,Proceeding Straight,Driver,South,Making Right Turn,POINT (-122.42542 37.788994),100.0,4.0,6.0,39.0,11
46595,vw_geo_sfpd_cr_switrs_all_types_col_cty_union.fid-c18a0c2_186644fdb18_666e,33394,25321000.0,,6067138,37.7978646130608,-122.406667931177,SFPD-CROSSROADS,CITY STREET,08/18/2012 07:08:00 PM,2012 August 18,19:08:00,2012,August,Saturday,COLUMBUS AVE,BROADWAY,0.0,Clear,Injury (Complaint of Pain),Vehicle/Pedestrian,Pedestrian,Crossing in Crosswalk at Intersection,Dry,No Unusual Condition,Daylight,Intersection <= 20ft,0.0,1,,Bicyclist,South,Proceeding Straight,Pedestrian,West,Proceeding Straight,POINT (-122.40667 37.797863),104.0,6.0,3.0,6.0,19
46598,vw_geo_sfpd_cr_switrs_all_types_col_cty_union.fid-c18a0c2_186644fdb18_62c3,26421,24963000.0,,5761045,37.7873836336328,-122.413294830876,SFPD-CROSSROADS,CITY STREET,06/11/2012 05:00:00 PM,2012 June 11,17:00:00,2012,June,Monday,COLIN PL,JONES ST,0.0,Clear,Injury (Complaint of Pain),Vehicle/Pedestrian,Pedestrian,"In Road, Including Shoulder",Dry,No Unusual Condition,Daylight,Intersection <= 20ft,0.0,1,1.0,Driver,West,Backing,Pedestrian,East,Other,POINT (-122.41329 37.787384),50.0,6.0,3.0,36.0,17
46615,vw_geo_sfpd_cr_switrs_all_types_col_cty_union.fid-c18a0c2_186644fdb18_6523,1672,21474000.000000004,2244000.0,6049397,37.716644082082,-122.438789486987,SFPD-CROSSROADS,CITY STREET,11/05/2012 07:12:00 AM,2012 November 05,07:12:00,2012,November,Monday,AMAZON AVE,PARIS ST,10.0,Clear,Injury (Other Visible),Vehicle/Pedestrian,Pedestrian,Crossing in Crosswalk at Intersection,Dry,No Unusual Condition,Daylight,Intersection <= 20ft,0.0,2,1.0,Driver,East,Parking Maneuver,Pedestrian,South,Proceeding Straight,POINT (-122.43879 37.716644),90.0,9.0,1.0,7.0,07
46619,vw_geo_sfpd_cr_switrs_all_types_col_cty_union.fid-c18a0c2_186644fdb18_604f,25870,24660000.000000004,,5584217,37.7886939922195,-122.405221171954,SFPD-CROSSROADS,CITY STREET,02/16/2012 05:45:00 PM,2012 February 16,17:45:00,2012,February,Thursday,GRANT AVE,POST ST,0.0,Clear,Injury (Complaint of Pain),Vehicle/Pedestrian,Pedestrian,Crossing in Crosswalk at Intersection,Dry,No Unusual Condition,Dark - Street Lights,Intersection <= 20ft,0.0,1,1.0,Driver,North,Making Left Turn,Pedestrian,West,Proceeding Straight,POINT (-122.40522 37.788692),19.0,6.0,3.0,8.0,17
46620,vw_geo_sfpd_cr_switrs_all_types_col_cty_union.fid-c18a0c2_186644fdb18_6224,852,20424000.000000004,3724000.0,5730282,37.7101307931183,-122.420226305465,SFPD-CROSSROADS,CITY STREET,05/27/2012 05:09:00 PM,2012 May 27,17:09:00,2012,May,Sunday,CARRIZAL ST,VELASCO AVE,22.0,Clear,Injury (Complaint of Pain),Vehicle/Pedestrian,Pedestrian,"In Road, Including Shoulder",Dry,No Unusual Condition,Daylight,Midblock > 20ft,0.0,1,,Parked Vehicle,West,Parked,Pedestrian,North,Other,POINT (-122.42023 37.710133),74.0,9.0,9.0,40.0,17
46621,vw_geo_sfpd_cr_switrs_all_types_col_cty_union.fid-c18a0c2_186644fdb18_721a,58360,25698000.0,,220235196,37.764783452499,-122.424102683943,SFPD-INTERIM DB,CITY STREET,04/10/2022 04:03:00 PM,2022 April 10,16:03:00,2022,April,Sunday,GUERRERO ST,16TH ST,0.0,Clear,Injury (Other Visible),Vehicle/Pedestrian,Pedestrian,Crossing in Crosswalk at Intersection,Dry,No Unusual Condition,Daylight,Intersection <= 20ft,0.0,1,1.0,Driver,South,Making Left Turn,Pedestrian,East,Proceeding Straight,POINT (-122.4241 37.764782),37.0,3.0,5.0,20.0,16
46624,vw_geo_sfpd_cr_switrs_all_types_col_cty_union.fid-c18a0c2_186644fdb18_6769,41362,27439000.0,,6076504,37.7650189097524,-122.486902420541,SFPD-CROSSROADS,CITY STREET,04/08/2012 10:03:00 PM,2012 April 08,22:03:00,2012,April,Sunday,LINCOLN BLVD,28TH AVE,0.0,Clear,Injury (Severe),Vehicle/Pedestrian,Pedestrian,Crossing Not in Crosswalk,Dry,No Unusual Condition,Dark - Street Lights,Intersection <= 20ft,0.0,1,1.0,Driver,East,Proceeding Straight,Pedestrian,North,Not Stated,POINT (-122.4869 37.76502),9.0,10.0,4.0,12.0,22
46630,vw_geo_sfpd_cr_switrs_all_types_col_cty_union.fid-c18a0c2_186644fdb18_6796,22946,23597000.0,3071000.0,6076570,37.78477029857,-122.388069172523,SFPD-CROSSROADS,CITY STREET,05/06/2012 05:00:00 PM,2012 May 06,17:00:00,2012,May,Sunday,BRANNAN ST,THE EMBARCADERO,13.0,Clear,Injury (Other Visible),Vehicle/Pedestrian,Pedestrian,Crossing in Crosswalk at Intersection,Dry,No Unusual Condition,Daylight,Intersection <= 20ft,0.0,1,1.0,Driver,North,Making Left Turn,Pedestrian,North,Proceeding Straight,POINT (-122.38807 37.78477),31.0,1.0,10.0,8.0,17
46631,vw_geo_sfpd_cr_switrs_all_types_col_cty_union.fid-c18a0c2_186644fdb18_632c,5557,20788000.000000004,7205103.0,5762754,37.7387212553146,-122.404043323977,SFPD-CROSSROADS,CITY STREET,06/19/2012 01:23:00 PM,2012 June 19,13:23:00,2012,June,Tuesday,INDUSTRIAL ST,BARNEVELD AVE,60.0,Clear,Injury (Other Visible),Sideswipe,Pedestrian,Crossing in Crosswalk at Intersection,Dry,No Unusual Condition,Daylight,Midblock > 20ft,0.0,1,1.0,Driver,West,Proceeding Straight,Pedestrian,South,Proceeding Straight,POINT (-122.404045 37.73872),82.0,2.0,9.0,1.0,13
46635,vw_geo_sfpd_cr_switrs_all_types_col_cty_union.fid-c18a0c2_186644fdb18_6773,279,20356000.0,11211000.0,6076517,37.712069124524,-122.407651505477,SFPD-CROSSROADS,CITY STREET,04/30/2012 04:50:00 PM,2012 April 30,16:50:00,2012,April,Monday,RUTLAND ST,VISITACION AVE,240.0,Clear,Injury (Other Visible),Vehicle/Pedestrian,Pedestrian,"In Road, Including Shoulder",Dry,No Unusual Condition,Daylight,Midblock > 20ft,0.0,1,1.0,Pedestrian,East,Proceeding Straight,Driver,South,Entering Traffic,POINT (-122.40765 37.71207),75.0,9.0,9.0,40.0,16
46636,vw_geo_sfpd_cr_switrs_all_types_col_cty_union.fid-c18a0c2_186644fdb18_6dc2,57570,23207000.0,,220160703,37.7504629004,-122.477283252,SFPD-INTERIM DB,CITY STREET,03/10/2022 06:55:00 PM,2022 March 10,18:55:00,2022,March,Thursday,20TH AVE,PACHECO ST,0.0,Clear,Injury (Severe),Vehicle/Pedestrian,Pedestrian,Crossing in Crosswalk at Intersection,Dry,No Unusual Condition,Dark - Street Lights,Intersection <= 20ft,0.0,1,1.0,Driver,South,Making Left Turn,Pedestrian,East,Proceeding Straight,POINT (-122.47728 37.75046),39.0,10.0,7.0,35.0,18
46639,vw_geo_sfpd_cr_switrs_all_types_col_cty_union.fid-c18a0c2_186644fdb18_672e,25219,24613000.0,9095201.0,6072411,37.7859814915843,-122.402412298121,SFPD-CROSSROADS,CITY STREET,04/19/2012 10:50:00 AM,2012 April 19,10:50:00,2012,April,Thursday,MISSION ST,03RD ST,148.0,Clear,Injury (Complaint of Pain),Vehicle/Pedestrian,Pedestrian,"In Road, Including Shoulder",Dry,No Unusual Condition,Daylight,Midblock > 20ft,0.0,1,1.0,Pedestrian,West,Proceeding Straight,Driver,West,Proceeding Straight,POINT (-122.40241 37.78598),32.0,1.0,10.0,8.0,10
46645,vw_geo_sfpd_cr_switrs_all_types_col_cty_union.fid-c18a0c2_186644fdb18_63cd,16669,50028000.0,12173000.0,5780539,37.7779386933162,-122.414527336435,SFPD-CROSSROADS,CITY STREET,07/22/2012 08:55:00 AM,2012 July 22,08:55:00,2012,July,Sunday,STEVENSON ST,08TH ST,168.0,Clear,Injury (Complaint of Pain),Vehicle/Pedestrian,Pedestrian,"In Road, Including Shoulder",Dry,Obstruction on Roadway,Daylight,Midblock > 20ft,0.0,1,,Driver,West,Proceeding Straight,Pedestrian,West,Proceeding Straight,POINT (-122.41453 37.77794),32.0,5.0,10.0,34.0,08
46652,vw_geo_sfpd_cr_switrs_all_types_col_cty_union.fid-c18a0c2_186644fdb18_67f2,29713,26587000.0,,6080427,37.7845682408087,-122.431204945141,SFPD-CROSSROADS,CITY STREET,06/04/2012 07:20:00 PM,2012 June 04,19:20:00,2012,June,Monday,GEARY BLVD,WEBSTER ST,0.0,Clear,Injury (Other Visible),Vehicle/Pedestrian,Pedestrian,Crossing Not in Crosswalk,Dry,No Unusual Condition,Dusk - Dawn,Intersection <= 20ft,0.0,2,1.0,Pedestrian,South,Proceeding Straight,Pedestrian,South,Proceeding Straight,POINT (-122.431206 37.78457),101.0,4.0,11.0,15.0,19
46659,vw_geo_sfpd_cr_switrs_all_types_col_cty_union.fid-c18a0c2_186644fdb18_64b3,41442,27751000.0,,6046522,37.753295682105,-122.497902527452,SFPD-CROSSROADS,CITY STREET,12/10/2012 03:40:00 PM,2012 December 10,15:40:00,2012,December,Monday,39TH AVE,NORIEGA ST,0.0,Clear,Injury (Complaint of Pain),Vehicle/Pedestrian,Pedestrian,Crossing Not in Crosswalk,Dry,No Unusual Condition,Daylight,Intersection <= 20ft,0.0,1,1.0,Pedestrian,West,Proceeding Straight,Driver,North,Proceeding Straight,POINT (-122.4979 37.753296),39.0,10.0,7.0,35.0,15
46660,vw_geo_sfpd_cr_switrs_all_types_col_cty_union.fid-c18a0c2_186644fdb18_6800,42181,27197000.0,7535000.0,6083782,37.7723015213585,-122.464057887176,SFPD-CROSSROADS,CITY STREET,08/28/2012 08:31:00 PM,2012 August 28,20:31:00,2012,August,Tuesday,JOHN F KENNEDY DR,08TH AVE,525.0,Clear,Injury (Severe),Vehicle/Pedestrian,Pedestrian,Crossing Not in Crosswalk,Dry,No Unusual Condition,Dark - Street Lights,Midblock > 20ft,0.0,1,1.0,Pedestrian,East,Other,Driver,East,Proceeding Straight,POINT (-122.46406 37.7723),9.0,8.0,4.0,12.0,20
46672,vw_geo_sfpd_cr_switrs_all_types_col_cty_union.fid-c18a0c2_186644fdb18_60a6,38796,22949000.0,,5585457,37.7395643278103,-122.469975197944,SFPD-CROSSROADS,CITY STREET,02/16/2012 06:25:00 PM,2012 February 16,18:25:00,2012,February,Thursday,14TH AVE,VICENTE ST,0.0,Clear,Injury (Complaint of Pain),Vehicle/Pedestrian,Pedestrian,Crossing in Crosswalk at Intersection,Dry,No Unusual Condition,Dark - Street Lights,Intersection <= 20ft,0.0,1,1.0,Driver,South,Proceeding Straight,Pedestrian,East,Proceeding Straight,POINT (-122.46998 37.739563),46.0,10.0,8.0,41.0,18
46684,vw_geo_sfpd_cr_switrs_all_types_col_cty_union.fid-c18a0c2_186644fdb18_7126,57890,24036000.0,,220250746,37.7589617980328,-122.413599748728,SFPD-INTERIM DB,CITY STREET,04/17/2022 11:55:00 AM,2022 April 17,11:55:00,2022,April,Sunday,20TH ST,TREAT AVE,0.0,Clear,Injury (Complaint of Pain),Head-On,Pedestrian,Crossing in Crosswalk at Intersection,Dry,No Unusual Condition,Daylight,Intersection <= 20ft,0.0,1,1.0,Driver,West,Making Left Turn,Pedestrian,South,Proceeding Straight,POINT (-122.4136 37.75896),53.0,3.0,2.0,20.0,11
46691,vw_geo_sfpd_cr_switrs_all_types_col_cty_union.fid-c18a0c2_186644fdb18_6655,13806,23873000.000000004,3087000.0,6061800,37.7734641077018,-122.402682629618,SFPD-CROSSROADS,CITY STREET,08/02/2012 08:16:00 AM,2012 August 02,08:16:00,2012,August,Thursday,BRANNAN ST,GILBERT ST,5.0,Clear,Injury (Other Visible),Vehicle/Pedestrian,Pedestrian,Crossing in Crosswalk at Intersection,Dry,No Unusual Condition,Daylight,Intersection <= 20ft,0.0,1,1.0,Driver,West,Backing,Pedestrian,South,Proceeding Straight,POINT (-122.40268 37.773464),32.0,1.0,10.0,34.0,08
46698,vw_geo_sfpd_cr_switrs_all_types_col_cty_union.fid-c18a0c2_186644fdb18_6f92,57668,26570000.0,9895000.0,220188222,37.7941466639,-122.428150906,SFPD-INTERIM DB,CITY STREET,03/22/2022 01:09:00 PM,2022 March 22,13:09:00,2022,March,Tuesday,OCTAVIA ST,PACIFIC AVE,15.0,Clear,Injury (Severe),Vehicle/Pedestrian,Pedestrian,Crossing in Crosswalk at Intersection,Dry,No Unusual Condition,Daylight,Intersection <= 20ft,0.0,2,1.0,Driver,South,Proceeding Straight,Pedestrian,East,Proceeding Straight,POINT (-122.428154 37.794147),102.0,4.0,6.0,30.0,13
46699,vw_geo_sfpd_cr_switrs_all_types_col_cty_union.fid-c18a0c2_186644fdb18_66df,204,20289000.0,,6068188,37.7120163139626,-122.400789193363,SFPD-CROSSROADS,CITY STREET,09/16/2012 04:33:00 PM,2012 September 16,16:33:00,2012,September,Sunday,BLANKEN AVE,TUNNEL AVE,0.0,Clear,Injury (Other Visible),Vehicle/Pedestrian,Pedestrian,Crossing Not in Crosswalk,Dry,No Unusual Condition,Daylight,Intersection <= 20ft,0.0,1,,Pedestrian,South,Not Stated,Driver,East,Proceeding Straight,POINT (-122.40079 37.712017),89.0,2.0,9.0,1.0,16