,id,unique_id,cnn_intrsctn_fkey,cnn_sgmt_fkey,case_id_pkey,tb_latitude,tb_longitude,geocode_source,geocode_location,collision_datetime,collision_date,collision_time,accident_year,month,day_of_week,primary_rd,secondary_rd,distance,weather_1,collision_severity,type_of_collision,mviw,ped_action,road_surface,road_cond_1,lighting,intersection,number_killed,number_injured,party_at_fault,party1_type,party1_dir_of_travel,party1_move_pre_acc,party2_type,party2_dir_of_travel,party2_move_pre_acc,point,Neighborhoods,Current Police Districts,Current Supervisor Districts,Analysis Neighborhoods,hour
46704,vw_geo_sfpd_cr_switrs_all_types_col_cty_union.fid-c18a0c2_186644fdb18_6287,26068,25153000.0,8242000.0,5748085,37.7855558599388,-122.414611828902,SFPD-CROSSROADS,CITY STREET,05/05/2012 07:54:00 PM,2012 May 05,19:54:00,2012,May,Saturday,LEAVENWORTH ST,OFARRELL ST,10.0,Clear,Injury (Complaint of Pain),Vehicle/Pedestrian,Pedestrian,Crossing in Crosswalk at Intersection,Dry,No Unusual Condition,Dusk - Dawn,Intersection <= 20ft,0.0,1,1.0,Driver,North,Proceeding Straight,Pedestrian,West,Proceeding Straight,POINT (-122.41461 37.785557),20.0,5.0,10.0,36.0,19
46719,vw_geo_sfpd_cr_switrs_all_types_col_cty_union.fid-c18a0c2_186644fdb18_6264,16328,23937000.0,298000.0,5737903,37.7803005726186,-122.403430977166,SFPD-CROSSROADS,CITY STREET,05/11/2012 02:36:00 PM,2012 May 11,14:36:00,2012,May,Friday,05TH ST,FOLSOM ST,18.0,Clear,Injury (Complaint of Pain),Vehicle/Pedestrian,Pedestrian,Crossing Not in Crosswalk,Dry,No Unusual Condition,Daylight,Intersection <= 20ft,0.0,1,1.0,Driver,East,Making Left Turn,Pedestrian,West,Proceeding Straight,POINT (-122.403435 37.7803),32.0,1.0,10.0,34.0,14
46727,vw_geo_sfpd_cr_switrs_all_types_col_cty_union.fid-c18a0c2_186644fdb18_6411,42663,27470000.0,,5858967,37.772814568543,-122.47883695156,SFPD-CROSSROADS,CITY STREET,09/22/2012 04:00:00 PM,2012 September 22,16:00:00,2012,September,Saturday,FULTON ST,20TH AVE,0.0,Clear,Injury (Severe),Vehicle/Pedestrian,Pedestrian,Crossing in Crosswalk at Intersection,Dry,No Unusual Condition,Daylight,Intersection <= 20ft,0.0,4,1.0,Driver,East,Passing Other Vehicle,Pedestrian,South,Proceeding Straight,POINT (-122.478836 37.772816),8.0,8.0,4.0,29.0,16
46736,vw_geo_sfpd_cr_switrs_all_types_col_cty_union.fid-c18a0c2_186644fdb18_6e8a,57749,21821000.0,,220210916,37.7366901339,-122.423640333,SFPD-INTERIM DB,CITY STREET,03/31/2022 04:00:00 PM,2022 March 31,16:00:00,2022,March,Thursday,LEESE ST,PARK ST,0.0,Clear,Injury (Complaint of Pain),Sideswipe,Pedestrian,"In Road, Including Shoulder",Dry,No Unusual Condition,Daylight,Intersection <= 20ft,0.0,1,1.0,Driver,North,Proceeding Straight,Pedestrian,East,Stopped,POINT (-122.42364 37.73669),61.0,9.0,2.0,2.0,16
46738,vw_geo_sfpd_cr_switrs_all_types_col_cty_union.fid-c18a0c2_186644fdb18_67e0,12179,24142000.0,,6080403,37.7651831347103,-122.417486596367,SFPD-CROSSROADS,CITY STREET,04/03/2012 07:34:00 AM,2012 April 03,07:34:00,2012,April,Tuesday,16TH ST,SOUTH VAN NESS AVE,0.0,Clear,Injury (Other Visible),Vehicle/Pedestrian,Pedestrian,Crossing in Crosswalk at Intersection,Dry,No Unusual Condition,Daylight,Intersection <= 20ft,0.0,1,1.0,Driver,West,Making Right Turn,Pedestrian,South,Entering Traffic,POINT (-122.41749 37.765182),53.0,3.0,2.0,20.0,07
46743,vw_geo_sfpd_cr_switrs_all_types_col_cty_union.fid-c18a0c2_186644fdb18_66b4,11930,24175000.0,728000.0,6068126,37.7649931573883,-122.420632127996,SFPD-CROSSROADS,CITY STREET,08/03/2012 10:40:00 PM,2012 August 03,22:40:00,2012,August,Friday,16TH ST,HOFF ST,15.0,Clear,Injury (Other Visible),Vehicle/Pedestrian,Pedestrian,Crossing Not in Crosswalk,Dry,No Unusual Condition,Dark - Street Lights,Intersection <= 20ft,0.0,1,1.0,Pedestrian,South,Proceeding Straight,Driver,West,Proceeding Straight,POINT (-122.42063 37.76499),53.0,3.0,2.0,20.0,22
46744,vw_geo_sfpd_cr_switrs_all_types_col_cty_union.fid-c18a0c2_186644fdb18_67d6,24122,24922000.0,326000.0,6079143,37.782077592783,-122.410099687694,SFPD-CROSSROADS,CITY STREET,08/13/2012 01:56:00 PM,2012 August 13,13:56:00,2012,August,Monday,06TH ST,MARKET ST,79.0,Clear,Injury (Other Visible),Vehicle/Pedestrian,Pedestrian,Crossing Not in Crosswalk,Dry,No Unusual Condition,Daylight,Midblock > 20ft,0.0,1,1.0,Pedestrian,West,Proceeding Straight,Driver,North,Proceeding Straight,POINT (-122.4101 37.782078),32.0,5.0,10.0,34.0,13
46745,vw_geo_sfpd_cr_switrs_all_types_col_cty_union.fid-c18a0c2_186644fdb18_6ced,54144,27248000.0,6059101.0,200676617,37.7811015218,-122.46211824,SFPD-INTERIM DB,CITY STREET,11/09/2020 09:19:00 AM,2020 November 09,09:19:00,2020,November,Monday,GEARY BLVD,04TH AVE,7.0,Clear,Injury (Other Visible),Vehicle/Pedestrian,Pedestrian,Crossing in Crosswalk at Intersection,Dry,No Unusual Condition,Daylight,Intersection <= 20ft,0.0,1,1.0,Driver,East,Making Left Turn,Pedestrian,North,Not Stated,POINT (-122.46212 37.7811),5.0,8.0,4.0,11.0,09
46750,vw_geo_sfpd_cr_switrs_all_types_col_cty_union.fid-c18a0c2_186644fdb18_618c,31753,25205000.0,5790000.0,5678713,37.7893290615371,-122.419115604314,SFPD-CROSSROADS,CITY STREET,03/06/2012 08:04:00 AM,2012 March 06,08:04:00,2012,March,Tuesday,FRANK NORRIS ST,LARKIN ST,107.0,Clear,Injury (Severe),Vehicle/Pedestrian,Pedestrian,"In Road, Including Shoulder",Dry,No Unusual Condition,Daylight,Midblock > 20ft,0.0,1,1.0,Driver,East,Proceeding Straight,Pedestrian,North,Not Stated,POINT (-122.41911 37.78933),50.0,4.0,3.0,21.0,08
46756,vw_geo_sfpd_cr_switrs_all_types_col_cty_union.fid-c18a0c2_186644fdb18_6221,23668,23938000.0,5663000.0,5730241,37.7820440973766,-122.401134610772,SFPD-CROSSROADS,CITY STREET,05/24/2012 09:20:00 PM,2012 May 24,21:20:00,2012,May,Thursday,FOLSOM ST,04TH ST,10.0,Clear,Injury (Complaint of Pain),Vehicle/Pedestrian,Pedestrian,Crossing Not in Crosswalk,Dry,No Unusual Condition,Dark - Street Lights,Intersection <= 20ft,0.0,1,1.0,Pedestrian,South,Proceeding Straight,Driver,East,Proceeding Straight,POINT (-122.40114 37.782043),32.0,1.0,10.0,34.0,21
46766,vw_geo_sfpd_cr_switrs_all_types_col_cty_union.fid-c18a0c2_186644fdb18_72bd,57839,23032000.0,,220225335,37.7210572962685,-122.475221952092,SFPD-INTERIM DB,CITY STREET,04/06/2022 01:41:00 PM,2022 April 06,13:41:00,2022,April,Wednesday,19TH AVE,HOLLOWAY AVE,0.0,Clear,Injury (Other Visible),Vehicle/Pedestrian,Pedestrian,Crossing in Crosswalk at Intersection,Dry,No Unusual Condition,Daylight,Intersection <= 20ft,0.0,1,1.0,Pedestrian,West,Other,Driver,South,Proceeding Straight,POINT (-122.47522 37.721058),41.0,10.0,8.0,41.0,13
46776,vw_geo_sfpd_cr_switrs_all_types_col_cty_union.fid-c18a0c2_186644fdb18_64b1,27693,24740000.000000004,10462000.0,6046518,37.7916884272776,-122.404236887157,SFPD-CROSSROADS,CITY STREET,12/12/2012 06:57:00 PM,2012 December 12,18:57:00,2012,December,Wednesday,PINE ST,KEARNY ST,5.0,Clear,Injury (Complaint of Pain),Vehicle/Pedestrian,Pedestrian,Crossing in Crosswalk at Intersection,Dry,No Unusual Condition,Dark - Street Lights,Intersection <= 20ft,0.0,1,1.0,Driver,North,Making Left Turn,Pedestrian,North,Not Stated,POINT (-122.404236 37.791687),104.0,6.0,3.0,8.0,18
46780,vw_geo_sfpd_cr_switrs_all_types_col_cty_union.fid-c18a0c2_186644fdb18_64d3,29199,25190000.0,13150102.0,6049005,37.7838085551066,-122.421014105115,SFPD-CROSSROADS,CITY STREET,10/05/2012 04:20:00 PM,2012 October 05,16:20:00,2012,October,Friday,VAN NESS AVE,ELLIS ST,6.0,Cloudy,Injury (Complaint of Pain),Vehicle/Pedestrian,Pedestrian,Crossing in Crosswalk at Intersection,Dry,No Unusual Condition,Daylight,Intersection <= 20ft,0.0,1,1.0,Driver,North,Proceeding Straight,Pedestrian,East,Proceeding Straight,POINT (-122.42101 37.78381),20.0,4.0,10.0,36.0,16
46787,vw_geo_sfpd_cr_switrs_all_types_col_cty_union.fid-c18a0c2_186644fdb18_64f9,35251,26682000.0,12150000.0,6049344,37.7968923190143,-122.43714032779,SFPD-CROSSROADS,CITY STREET,12/02/2012 06:23:00 PM,2012 December 02,18:23:00,2012,December,Sunday,STEINER ST,UNION ST,5.0,Cloudy,Injury (Complaint of Pain),Vehicle/Pedestrian,Pedestrian,Crossing in Crosswalk at Intersection,Dry,No Unusual Condition,Dark - Street Lights,Intersection <= 20ft,0.0,1,1.0,Driver,South,Making Left Turn,Pedestrian,West,Not Stated,POINT (-122.43714 37.796894),15.0,4.0,6.0,13.0,18
46789,vw_geo_sfpd_cr_switrs_all_types_col_cty_union.fid-c18a0c2_186644fdb18_64d9,32249,26542000.0,6338000.0,6049029,37.79085645825,-122.425798518309,SFPD-CROSSROADS,CITY STREET,10/22/2012 07:30:00 AM,2012 October 22,07:30:00,2012,October,Monday,GOUGH ST,SACRAMENTO ST,7.0,Raining,Injury (Complaint of Pain),Vehicle/Pedestrian,Pedestrian,Crossing in Crosswalk at Intersection,Wet,No Unusual Condition,Daylight,Intersection <= 20ft,0.0,1,1.0,Driver,North,Making Left Turn,Pedestrian,East,Proceeding Straight,POINT (-122.4258 37.790855),102.0,4.0,6.0,30.0,07
46790,vw_geo_sfpd_cr_switrs_all_types_col_cty_union.fid-c18a0c2_186644fdb18_665a,15190,23887000.0,,6064990,37.7765683826706,-122.398755449781,SFPD-CROSSROADS,CITY STREET,05/09/2012 09:03:00 AM,2012 May 09,09:03:00,2012,May,Wednesday,BRANNAN ST,05TH ST,0.0,Clear,Injury (Other Visible),Vehicle/Pedestrian,Pedestrian,Crossing in Crosswalk at Intersection,Dry,No Unusual Condition,Daylight,Intersection <= 20ft,0.0,1,1.0,Driver,West,Making Right Turn,Pedestrian,South,Proceeding Straight,POINT (-122.39876 37.77657),32.0,1.0,10.0,34.0,09
46792,vw_geo_sfpd_cr_switrs_all_types_col_cty_union.fid-c18a0c2_186644fdb18_61f0,19415,26440000.0,,5684948,37.7700980796695,-122.453726227642,SFPD-CROSSROADS,CITY STREET,03/10/2012 12:24:00 PM,2012 March 10,12:24:00,2012,March,Saturday,STANYAN ST,PAGE ST,0.0,Clear,Injury (Complaint of Pain),Vehicle/Pedestrian,Pedestrian,Crossing in Crosswalk at Intersection,Dry,No Unusual Condition,Daylight,Intersection <= 20ft,0.0,1,1.0,Driver,South,Making Left Turn,Pedestrian,East,Proceeding Straight,POINT (-122.45373 37.7701),9.0,7.0,11.0,12.0,12
46795,vw_geo_sfpd_cr_switrs_all_types_col_cty_union.fid-c18a0c2_186644fdb18_67e7,10908,26260000.0,,6080410,37.7590452354161,-122.44853450878,SFPD-CROSSROADS,CITY STREET,04/20/2012 07:13:00 PM,2012 April 20,19:13:00,2012,April,Friday,TWIN PEAKS BLVD,CLARENDON AVE,0.0,Clear,Injury (Complaint of Pain),Vehicle/Pedestrian,Pedestrian,Crossing Not in Crosswalk,Dry,No Unusual Condition,Daylight,Intersection <= 20ft,0.0,1,1.0,Pedestrian,South,Other,Driver,West,Proceeding Straight,POINT (-122.44853 37.759045),47.0,7.0,5.0,14.0,19
46809,vw_geo_sfpd_cr_switrs_all_types_col_cty_union.fid-c18a0c2_186644fdb18_70fa,29801,25152000.0,,170811622,37.7851672145575,-122.417901410518,SFPD-CROSSROADS,CITY STREET,10/05/2017 12:05:00 AM,2017 October 05,00:05:00,2017,October,Thursday,LARKIN ST,OFARRELL ST,0.0,Clear,Injury (Complaint of Pain),Vehicle/Pedestrian,Pedestrian,Crossing in Crosswalk at Intersection,Dry,No Unusual Condition,Dark - Street Lights,Intersection <= 20ft,0.0,1,1.0,Pedestrian,East,Slowing/Stopping,Driver,North,Entering Traffic,POINT (-122.4179 37.785168),20.0,5.0,10.0,36.0,00
46817,vw_geo_sfpd_cr_switrs_all_types_col_cty_union.fid-c18a0c2_186644fdb18_65aa,44386,27851000.0,,6058827,37.7757638046198,-122.496258763196,SFPD-CROSSROADS,CITY STREET,03/16/2012 08:02:00 PM,2012 March 16,20:02:00,2012,March,Friday,BALBOA ST,36TH AVE,0.0,Raining,Injury (Other Visible),Vehicle/Pedestrian,Pedestrian,Crossing in Crosswalk at Intersection,Wet,No Unusual Condition,Dark - Street Lights,Intersection <= 20ft,0.0,1,1.0,Driver,North,Proceeding Straight,Pedestrian,West,Proceeding Straight,POINT (-122.49626 37.775764),8.0,8.0,4.0,29.0,20
46828,vw_geo_sfpd_cr_switrs_all_types_col_cty_union.fid-c18a0c2_186644fdb18_6493,30064,25200000.0,10639000.0,6046451,37.7868302588664,-122.419906433922,SFPD-CROSSROADS,CITY STREET,11/28/2012 04:59:00 PM,2012 November 28,16:59:00,2012,November,Wednesday,POST ST,POLK ST,6.0,Cloudy,Injury (Complaint of Pain),Vehicle/Pedestrian,Pedestrian,Crossing in Crosswalk at Intersection,Dry,No Unusual Condition,Dusk - Dawn,Intersection <= 20ft,0.0,1,1.0,Driver,East,Proceeding Straight,Pedestrian,North,Not Stated,POINT (-122.41991 37.78683),50.0,4.0,10.0,36.0,16
46833,vw_geo_sfpd_cr_switrs_all_types_col_cty_union.fid-c18a0c2_186644fdb18_64e8,19169,26004000.0,,6049312,37.767327958457,-122.435624140706,SFPD-CROSSROADS,CITY STREET,12/01/2012 05:58:00 PM,2012 December 01,17:58:00,2012,December,Saturday,14TH ST,CASTRO ST,0.0,Raining,Injury (Other Visible),Broadside,Pedestrian,Crossing in Crosswalk at Intersection,Wet,No Unusual Condition,Dark - Street Lights,Intersection <= 20ft,0.0,1,1.0,Driver,North,Making Left Turn,Pedestrian,East,Proceeding Straight,POINT (-122.43562 37.767326),28.0,7.0,5.0,5.0,17
46834,vw_geo_sfpd_cr_switrs_all_types_col_cty_union.fid-c18a0c2_186644fdb18_6552,34856,26659000.0,12869000.0,6049446,37.7975468760091,-122.431890375725,SFPD-CROSSROADS,CITY STREET,10/02/2012 11:50:00 PM,2012 October 02,23:50:00,2012,October,Tuesday,UNION ST,BUCHANAN ST,92.0,Clear,Injury (Other Visible),Vehicle/Pedestrian,Pedestrian,Crossing Not in Crosswalk,Dry,No Unusual Condition,Dark - Street Lights,Midblock > 20ft,0.0,1,1.0,Pedestrian,North,Proceeding Straight,Driver,East,Proceeding Straight,POINT (-122.43189 37.797546),15.0,4.0,6.0,13.0,23
46855,vw_geo_sfpd_cr_switrs_all_types_col_cty_union.fid-c18a0c2_186644fdb18_66e9,19398,26434000.000000004,,6068200,37.7691652247851,-122.453536875356,SFPD-CROSSROADS,CITY STREET,09/27/2012 10:05:00 AM,2012 September 27,10:05:00,2012,September,Thursday,STANYAN ST,HAIGHT ST,0.0,Clear,Injury (Complaint of Pain),Vehicle/Pedestrian,Pedestrian,Crossing in Crosswalk at Intersection,Dry,No Unusual Condition,Daylight,Intersection <= 20ft,0.0,1,1.0,Pedestrian,West,Entering Traffic,Driver,South,Proceeding Straight,POINT (-122.45354 37.769165),9.0,7.0,11.0,12.0,10
46856,vw_geo_sfpd_cr_switrs_all_types_col_cty_union.fid-c18a0c2_186644fdb18_5fe0,25007,24929000.0,,5542217,37.7839325770222,-122.412595276832,SFPD-CROSSROADS,CITY STREET,01/18/2012 11:57:00 AM,2012 January 18,11:57:00,2012,January,Wednesday,EDDY ST,JONES ST,0.0,Clear,Fatal,Vehicle/Pedestrian,Pedestrian,Crossing in Crosswalk at Intersection,Dry,No Unusual Condition,Daylight,Intersection <= 20ft,1.0,0,1.0,Pedestrian,South,Not Stated,Driver,East,Proceeding Straight,POINT (-122.4126 37.78393),20.0,5.0,10.0,36.0,11
46861,vw_geo_sfpd_cr_switrs_all_types_col_cty_union.fid-c18a0c2_186644fdb18_6342,27415,30732000.0,8742202.0,5763840,37.7907566877282,-122.399565743287,SFPD-CROSSROADS,CITY STREET,07/29/2012 04:28:00 PM,2012 July 29,16:28:00,2012,July,Sunday,MARKET ST,BATTERY ST,12.0,Clear,Injury (Other Visible),Vehicle/Pedestrian,Pedestrian,Crossing Not in Crosswalk,Dry,No Unusual Condition,Daylight,Intersection <= 20ft,0.0,1,1.0,Pedestrian,North,Stopped In Road,Driver,West,Stopped In Road,POINT (-122.39957 37.790756),108.0,6.0,3.0,8.0,16
46874,vw_geo_sfpd_cr_switrs_all_types_col_cty_union.fid-c18a0c2_186644fdb18_64de,3988,21717000.0,,6049292,37.7239324380841,-122.43323148693,SFPD-CROSSROADS,CITY STREET,12/06/2012 08:15:00 AM,2012 December 06,08:15:00,2012,December,Thursday,BRAZIL AVE,PARIS ST,0.0,Clear,Injury (Other Visible),Vehicle/Pedestrian,Pedestrian,Crossing Not in Crosswalk,Dry,No Unusual Condition,Daylight,Intersection <= 20ft,0.0,2,1.0,Pedestrian,West,Other,Pedestrian,West,Other,POINT (-122.433235 37.723934),90.0,9.0,1.0,7.0,08
46875,vw_geo_sfpd_cr_switrs_all_types_col_cty_union.fid-c18a0c2_186644fdb18_67ab,25707,30735000.0,,6076656,37.7887211522174,-122.402065729925,SFPD-CROSSROADS,CITY STREET,07/24/2012 05:21:00 PM,2012 July 24,17:21:00,2012,July,Tuesday,MARKET ST,MONTGOMERY ST,0.0,Clear,Injury (Complaint of Pain),Vehicle/Pedestrian,Pedestrian,Crossing in Crosswalk at Intersection,Dry,No Unusual Condition,Daylight,Intersection <= 20ft,0.0,1,1.0,Driver,East,Making Left Turn,Pedestrian,North,Proceeding Straight,POINT (-122.40207 37.788723),19.0,6.0,3.0,8.0,17
46895,vw_geo_sfpd_cr_switrs_all_types_col_cty_union.fid-c18a0c2_186644fdb18_64c8,11989,24183000.0,731000.0,6046950,37.7649194704592,-122.421851815477,SFPD-CROSSROADS,CITY STREET,12/31/2012 05:30:00 PM,2012 December 31,17:30:00,2012,December,Monday,16TH ST,VALENCIA ST,10.0,Cloudy,Injury (Complaint of Pain),Vehicle/Pedestrian,Pedestrian,Crossing in Crosswalk at Intersection,Dry,No Unusual Condition,Dusk - Dawn,Intersection <= 20ft,0.0,1,1.0,Driver,East,Making Right Turn,Pedestrian,South,Proceeding Straight,POINT (-122.42185 37.76492),53.0,3.0,2.0,20.0,17
46896,vw_geo_sfpd_cr_switrs_all_types_col_cty_union.fid-c18a0c2_186644fdb18_66c9,34174,24881000.000000004,,6068164,37.8066736315686,-122.405658784448,SFPD-CROSSROADS,CITY STREET,09/18/2012 04:24:00 PM,2012 September 18,16:24:00,2012,September,Tuesday,THE EMBARCADERO,BAY ST,0.0,Clear,Injury (Other Visible),Vehicle/Pedestrian,Pedestrian,Crossing Not in Crosswalk,Dry,No Unusual Condition,Daylight,Intersection <= 20ft,0.0,1,1.0,Pedestrian,West,Other,Driver,South,Proceeding Straight,POINT (-122.40566 37.806675),99.0,6.0,3.0,23.0,16
46898,vw_geo_sfpd_cr_switrs_all_types_col_cty_union.fid-c18a0c2_186644fdb18_7221,26499,24959000.0,,130224407,37.7885982037725,-122.413541442676,SFPD-CROSSROADS,CITY STREET,03/18/2013 09:44:00 AM,2013 March 18,09:44:00,2013,March,Monday,JONES ST,SUTTER ST,0.0,Clear,Injury (Complaint of Pain),Vehicle/Pedestrian,Pedestrian,Crossing in Crosswalk at Intersection,Dry,No Unusual Condition,Daylight,Intersection <= 20ft,0.0,1,1.0,Driver,South,Proceeding Straight,Pedestrian,East,Not Stated,POINT (-122.41354 37.788597),50.0,6.0,3.0,21.0,09
46901,vw_geo_sfpd_cr_switrs_all_types_col_cty_union.fid-c18a0c2_186644fdb18_656d,14570,23798000.0,,6049513,37.7763329763919,-122.394035066169,SFPD-CROSSROADS,CITY STREET,10/21/2012 08:57:00 PM,2012 October 21,20:57:00,2012,October,Sunday,KING ST,04TH ST,0.0,Clear,Injury (Severe),Vehicle/Pedestrian,Pedestrian,Crossing Not in Crosswalk,Dry,No Unusual Condition,Dark - Street Lights,Intersection <= 20ft,0.0,1,1.0,Pedestrian,North,Entering Traffic,Driver,West,Proceeding Straight,POINT (-122.394035 37.776333),34.0,1.0,10.0,4.0,20
46907,vw_geo_sfpd_cr_switrs_all_types_col_cty_union.fid-c18a0c2_186644fdb18_643e,9003,24035000.000000004,6753000.0,5907157,37.7587397269629,-122.412473346083,SFPD-CROSSROADS,CITY STREET,08/05/2012 02:46:00 AM,2012 August 05,02:46:00,2012,August,Sunday,HARRISON ST,20TH ST,105.0,Cloudy,Injury (Other Visible),Vehicle/Pedestrian,Pedestrian,"In Road, Including Shoulder",Dry,No Unusual Condition,Dark - Street Lights,Midblock > 20ft,0.0,1,1.0,Pedestrian,North,Proceeding Straight,Driver,South,Proceeding Straight,POINT (-122.412476 37.75874),53.0,3.0,2.0,20.0,02
46909,vw_geo_sfpd_cr_switrs_all_types_col_cty_union.fid-c18a0c2_186644fdb18_6454,1824,21737000.000000004,9175101.0,5910261,37.7183822672066,-122.439524170279,SFPD-CROSSROADS,CITY STREET,04/05/2012 06:17:00 PM,2012 April 05,18:17:00,2012,April,Thursday,MISSION ST,ITALY AVE,30.0,Clear,Fatal,Vehicle/Pedestrian,Pedestrian,Crossing Not in Crosswalk,Dry,No Unusual Condition,Daylight,Midblock > 20ft,1.0,0,1.0,Pedestrian,East,Proceeding Straight,Driver,South,Making Left Turn,POINT (-122.43952 37.718384),90.0,9.0,1.0,7.0,18
46923,vw_geo_sfpd_cr_switrs_all_types_col_cty_union.fid-c18a0c2_186644fdb18_5ea9,27917,25003000.000000004,,5455859,37.7910890016591,-122.408976274471,SFPD-CROSSROADS,CITY STREET,01/19/2012 11:36:00 PM,2012 January 19,23:36:00,2012,January,Thursday,PINE ST,POWELL ST,0.0,Raining,Injury (Complaint of Pain),Vehicle/Pedestrian,Pedestrian,Crossing in Crosswalk at Intersection,Wet,No Unusual Condition,Dark - Street Lights,Intersection <= 20ft,0.0,1,1.0,Driver,North,Making Left Turn,Pedestrian,South,Proceeding Straight,POINT (-122.40897 37.79109),16.0,6.0,3.0,21.0,23
46931,vw_geo_sfpd_cr_switrs_all_types_col_cty_union.fid-c18a0c2_186644fdb18_613c,14789,23827000.0,,5590800,37.7783268312624,-122.396530638131,SFPD-CROSSROADS,CITY STREET,02/01/2012 04:36:00 PM,2012 February 01,16:36:00,2012,February,Wednesday,04TH ST,BRANNAN ST,0.0,Clear,Injury (Complaint of Pain),Vehicle/Pedestrian,Pedestrian,Crossing in Crosswalk at Intersection,Dry,No Unusual Condition,Daylight,Intersection <= 20ft,0.0,1,1.0,Driver,South,Making Right Turn,Pedestrian,East,Proceeding Straight,POINT (-122.39653 37.778328),32.0,1.0,10.0,34.0,16
46941,vw_geo_sfpd_cr_switrs_all_types_col_cty_union.fid-c18a0c2_186644fdb18_657b,24198,24922000.0,8749101.0,6054494,37.7822729095042,-122.410165749508,SFPD-CROSSROADS,CITY STREET,10/31/2012 06:32:00 PM,2012 October 31,18:32:00,2012,October,Wednesday,MARKET ST,06TH ST,37.0,Cloudy,Injury (Severe),Vehicle/Pedestrian,Pedestrian,"In Road, Including Shoulder",Wet,No Unusual Condition,Dark - Street Lights,Midblock > 20ft,0.0,1,2.0,Pedestrian,South,Not Stated,Driver,West,Proceeding Straight,POINT (-122.410164 37.782272),32.0,5.0,10.0,34.0,18
46948,vw_geo_sfpd_cr_switrs_all_types_col_cty_union.fid-c18a0c2_186644fdb18_62f8,42954,26486000.0,12078000.0,5762315,37.7776319210357,-122.455215857174,SFPD-CROSSROADS,CITY STREET,06/14/2012 01:50:00 PM,2012 June 14,13:50:00,2012,June,Thursday,STANYAN ST,TURK ST,12.0,Clear,Injury (Complaint of Pain),Vehicle/Pedestrian,Pedestrian,Crossing in Crosswalk at Intersection,Dry,No Unusual Condition,Daylight,Intersection <= 20ft,0.0,1,1.0,Driver,North,Making Left Turn,Pedestrian,West,Proceeding Straight,POINT (-122.455215 37.777634),12.0,7.0,4.0,18.0,13
46959,vw_geo_sfpd_cr_switrs_all_types_col_cty_union.fid-c18a0c2_186644fdb18_73d4,55759,27303000.0,,210516138,37.782750917,-122.46870448,SFPD-INTERIM DB,CITY STREET,08/13/2021 03:14:00 PM,2021 August 13,15:14:00,2021,August,Friday,CLEMENT ST,10TH AVE,0.0,Cloudy,Injury (Complaint of Pain),Vehicle/Pedestrian,Pedestrian,Crossing in Crosswalk at Intersection,Dry,No Unusual Condition,Daylight,Intersection <= 20ft,0.0,2,1.0,Driver,East,Proceeding Straight,Pedestrian,South,Not Stated,POINT (-122.468704 37.78275),5.0,8.0,4.0,11.0,15
46980,vw_geo_sfpd_cr_switrs_all_types_col_cty_union.fid-c18a0c2_186644fdb18_7299,58080,25908000.0,,220378332,37.7736662302067,-122.425700210115,SFPD-INTERIM DB,CITY STREET,06/09/2022 04:25:00 PM,2022 June 09,16:25:00,2022,June,Thursday,LAGUNA ST,PAGE ST,0.0,Clear,Injury (Other Visible),Broadside,Pedestrian,Crossing in Crosswalk at Intersection,Dry,No Unusual Condition,Daylight,Intersection <= 20ft,0.0,1,1.0,Driver,West,Making Left Turn,Pedestrian,South,Proceeding Straight,POINT (-122.4257 37.773666),26.0,4.0,11.0,9.0,16
46991,vw_geo_sfpd_cr_switrs_all_types_col_cty_union.fid-c18a0c2_186644fdb18_7106,20844,25925000.000000004,,140737309,37.7766875560057,-122.424513700017,SFPD-CROSSROADS,CITY STREET,09/02/2014 06:21:00 AM,2014 September 02,06:21:00,2014,September,Tuesday,OCTAVIA ST,HAYES ST,0.0,Clear,Injury (Complaint of Pain),Vehicle/Pedestrian,Pedestrian,Crossing in Crosswalk at Intersection,Wet,No Unusual Condition,Dark - Street Lights,Intersection <= 20ft,0.0,1,1.0,Driver,North,Making Left Turn,Pedestrian,West,Proceeding Straight,POINT (-122.424515 37.776688),22.0,4.0,11.0,9.0,06
47006,vw_geo_sfpd_cr_switrs_all_types_col_cty_union.fid-c18a0c2_186644fdb18_7315,37938,22650000.0,9284101.0,130276953,37.7307995362811,-122.458122528627,SFPD-CROSSROADS,CITY STREET,04/05/2013 06:40:00 AM,2013 April 05,06:40:00,2013,April,Friday,MONTEREY BLVD,PLYMOUTH AVE,24.0,Raining,Injury (Severe),Vehicle/Pedestrian,Pedestrian,Crossing Not in Crosswalk,Wet,No Unusual Condition,Dark - Street Lights,Midblock > 20ft,0.0,1,1.0,Pedestrian,North,Proceeding Straight,Driver,East,Making Left Turn,POINT (-122.45812 37.7308),71.0,9.0,8.0,41.0,06
47016,vw_geo_sfpd_cr_switrs_all_types_col_cty_union.fid-c18a0c2_186644fdb18_64b9,29725,26590000.0,6041103.0,6046534,37.7843489096947,-122.432917786217,SFPD-CROSSROADS,CITY STREET,12/01/2012 05:28:00 PM,2012 December 01,17:28:00,2012,December,Saturday,GEARY ST,FILLMORE ST,5.0,Raining,Injury (Complaint of Pain),Vehicle/Pedestrian,Pedestrian,Crossing in Crosswalk at Intersection,Wet,No Unusual Condition,Dark - Street Lights,Intersection <= 20ft,0.0,1,1.0,Driver,North,Making Left Turn,Pedestrian,South,Other,POINT (-122.432915 37.784348),97.0,4.0,11.0,39.0,17