,id,unique_id,cnn_intrsctn_fkey,cnn_sgmt_fkey,case_id_pkey,tb_latitude,tb_longitude,geocode_source,geocode_location,collision_datetime,collision_date,collision_time,accident_year,month,day_of_week,primary_rd,secondary_rd,distance,weather_1,collision_severity,type_of_collision,mviw,ped_action,road_surface,road_cond_1,lighting,intersection,number_killed,number_injured,party_at_fault,party1_type,party1_dir_of_travel,party1_move_pre_acc,party2_type,party2_dir_of_travel,party2_move_pre_acc,point,Neighborhoods,Current Police Districts,Current Supervisor Districts,Analysis Neighborhoods,hour
47017,vw_geo_sfpd_cr_switrs_all_types_col_cty_union.fid-c18a0c2_186644fdb18_6cd6,6638,23952000.0,,130949194,37.7517262093811,-122.406219413136,SFPD-CROSSROADS,CITY STREET,11/08/2013 06:12:00 PM,2013 November 08,18:12:00,2013,November,Friday,POTRERO AVE,25TH ST,0.0,Clear,Injury (Other Visible),Vehicle/Pedestrian,Pedestrian,Crossing in Crosswalk at Intersection,Dry,No Unusual Condition,Dusk - Dawn,Intersection <= 20ft,0.0,1,1.0,Driver,South,Making Left Turn,Pedestrian,West,Proceeding Straight,POINT (-122.40622 37.751728),54.0,3.0,2.0,20.0,18
47027,vw_geo_sfpd_cr_switrs_all_types_col_cty_union.fid-c18a0c2_186644fdb18_6445,313,20348000.0,13324000.0,5910247,37.7117006110759,-122.408823991031,SFPD-CROSSROADS,CITY STREET,12/08/2012 09:40:00 AM,2012 December 08,09:40:00,2012,December,Saturday,VISITACION AVE,CORA ST,1.0,Clear,Fatal,Vehicle/Pedestrian,Pedestrian,Crossing in Crosswalk at Intersection,Dry,No Unusual Condition,Daylight,Intersection <= 20ft,1.0,1,1.0,Driver,South,Making Left Turn,Pedestrian,North,Proceeding Straight,POINT (-122.40882 37.7117),75.0,9.0,9.0,40.0,09
47031,vw_geo_sfpd_cr_switrs_all_types_col_cty_union.fid-c18a0c2_186644fdb18_5ff3,37522,22662000.0,9829101.0,5545103,37.7248297674118,-122.460765575757,SFPD-CROSSROADS,CITY STREET,01/27/2012 11:28:00 AM,2012 January 27,11:28:00,2012,January,Friday,OCEAN AVE,DORADO TER,136.0,Clear,Injury (Complaint of Pain),Vehicle/Pedestrian,Pedestrian,"In Road, Including Shoulder",Dry,No Unusual Condition,Daylight,Midblock > 20ft,0.0,1,1.0,Pedestrian,South,Not Stated,Driver,West,Proceeding Straight,POINT (-122.46076 37.72483),64.0,10.0,8.0,24.0,11
47033,vw_geo_sfpd_cr_switrs_all_types_col_cty_union.fid-c18a0c2_186644fdb18_6e23,57378,24302000.0,407000.0,220070986,37.7767329073,-122.412248232,SFPD-INTERIM DB,CITY STREET,02/01/2022 01:39:00 PM,2022 February 01,13:39:00,2022,February,Tuesday,08TH ST,NATOMA ST,37.0,Clear,Injury (Severe),Vehicle/Pedestrian,Pedestrian,Crossing Not in Crosswalk,Dry,No Unusual Condition,Daylight,Midblock > 20ft,0.0,1,1.0,Pedestrian,West,Proceeding Straight,Driver,South,Proceeding Straight,POINT (-122.41225 37.776733),32.0,1.0,10.0,34.0,13
47035,vw_geo_sfpd_cr_switrs_all_types_col_cty_union.fid-c18a0c2_186644fdb18_6a09,461,33221000.0,,6143758,37.7171789483116,-122.386265013559,SFPD-CROSSROADS,CITY STREET,12/30/2012 02:24:00 PM,2012 December 30,14:24:00,2012,December,Sunday,GILMAN AVE,ARELIOUS WALKER DR,0.0,Clear,Injury (Complaint of Pain),Vehicle/Pedestrian,Pedestrian,"In Road, Including Shoulder",Dry,Reduced Roadway Width,Daylight,Intersection <= 20ft,0.0,1,,Pedestrian,North,Not Stated,Driver,East,Not Stated,POINT (-122.38627 37.71718),79.0,2.0,9.0,1.0,14
47041,vw_geo_sfpd_cr_switrs_all_types_col_cty_union.fid-c18a0c2_186644fdb18_5ea4,19395,26434000.000000004,,5455847,37.7691652247851,-122.453536875356,SFPD-CROSSROADS,CITY STREET,01/20/2012 06:24:00 PM,2012 January 20,18:24:00,2012,January,Friday,HAIGHT ST,STANYAN ST,0.0,Raining,Injury (Complaint of Pain),Vehicle/Pedestrian,Pedestrian,Crossing in Crosswalk at Intersection,Wet,No Unusual Condition,Dark - Street Lights,Intersection <= 20ft,0.0,1,1.0,Driver,East,Making Left Turn,Pedestrian,South,Proceeding Straight,POINT (-122.45354 37.769165),9.0,7.0,11.0,12.0,18
47048,vw_geo_sfpd_cr_switrs_all_types_col_cty_union.fid-c18a0c2_186644fdb18_67e4,39413,23202000.0,,6080407,37.7467820371387,-122.475902020779,SFPD-CROSSROADS,CITY STREET,04/29/2012 09:25:00 AM,2012 April 29,09:25:00,2012,April,Sunday,RIVERA ST,19TH AVE,0.0,Cloudy,Injury (Complaint of Pain),Vehicle/Pedestrian,Pedestrian,Crossing in Crosswalk at Intersection,Dry,No Unusual Condition,Daylight,Intersection <= 20ft,0.0,1,1.0,Driver,West,Making Right Turn,Pedestrian,South,Proceeding Straight,POINT (-122.4759 37.74678),44.0,10.0,8.0,41.0,09
47057,vw_geo_sfpd_cr_switrs_all_types_col_cty_union.fid-c18a0c2_186644fdb18_676f,11800,24142000.0,12023000.0,6076512,37.7647792099187,-122.417447947807,SFPD-CROSSROADS,CITY STREET,04/10/2012 08:01:00 PM,2012 April 10,20:01:00,2012,April,Tuesday,SOUTH VAN NESS AVE,16TH ST,147.0,Raining,Injury (Other Visible),Vehicle/Pedestrian,Pedestrian,Crossing Not in Crosswalk,Wet,No Unusual Condition,Dark - Street Lights,Midblock > 20ft,0.0,1,1.0,Pedestrian,East,Proceeding Straight,Driver,South,Making Left Turn,POINT (-122.41745 37.76478),53.0,3.0,2.0,20.0,20
47060,vw_geo_sfpd_cr_switrs_all_types_col_cty_union.fid-c18a0c2_186644fdb18_670b,23420,24519000.000000004,,6068235,37.7855421308337,-122.396705177197,SFPD-CROSSROADS,CITY STREET,09/17/2012 11:03:00 PM,2012 September 17,23:03:00,2012,September,Monday,FOLSOM ST,02ND ST,0.0,Clear,Injury (Other Visible),Vehicle/Pedestrian,Pedestrian,Crossing in Crosswalk at Intersection,Dry,No Unusual Condition,Dark - Street Lights,Intersection <= 20ft,0.0,1,1.0,Driver,East,Making Right Turn,Pedestrian,North,Proceeding Straight,POINT (-122.396706 37.78554),32.0,1.0,10.0,8.0,23
47071,vw_geo_sfpd_cr_switrs_all_types_col_cty_union.fid-c18a0c2_186644fdb18_669c,25835,24906000.0,12196000.0,6067194,37.7878547330157,-122.406647367866,SFPD-CROSSROADS,CITY STREET,08/01/2012 07:10:00 PM,2012 August 01,19:10:00,2012,August,Wednesday,STOCKTON ST,GEARY ST,106.0,Clear,Injury (Other Visible),Vehicle/Pedestrian,Pedestrian,"In Road, Including Shoulder",Dry,Construction or Repair Zone,Daylight,Midblock > 20ft,0.0,1,1.0,Pedestrian,South,Not Stated,Driver,South,Proceeding Straight,POINT (-122.40665 37.787853),19.0,6.0,3.0,8.0,19
47094,vw_geo_sfpd_cr_switrs_all_types_col_cty_union.fid-c18a0c2_186644fdb18_5ebc,11901,24170000.0,,5455909,37.7650513370665,-122.419668972502,SFPD-CROSSROADS,CITY STREET,01/01/2012 12:49:00 AM,2012 January 01,00:49:00,2012,January,Sunday,MISSION ST,16TH ST,0.0,Clear,Injury (Complaint of Pain),Vehicle/Pedestrian,Pedestrian,Crossing in Crosswalk at Intersection,Dry,No Unusual Condition,Dark - Street Lights,Intersection <= 20ft,0.0,1,1.0,Driver,South,Proceeding Straight,Pedestrian,East,Proceeding Straight,POINT (-122.41967 37.765053),53.0,3.0,2.0,20.0,00
47096,vw_geo_sfpd_cr_switrs_all_types_col_cty_union.fid-c18a0c2_186644fdb18_5fd6,17731,33027000.000000004,,5484636,37.7701114486375,-122.420008320982,SFPD-CROSSROADS,CITY STREET,01/10/2012 08:30:00 AM,2012 January 10,08:30:00,2012,January,Tuesday,MISSION ST,DUBOCE AVE,0.0,Clear,Injury (Severe),Vehicle/Pedestrian,Pedestrian,Crossing Not in Crosswalk,Dry,No Unusual Condition,Daylight,Intersection <= 20ft,0.0,1,1.0,Pedestrian,North,Other,Driver,North,Backing,POINT (-122.420006 37.77011),53.0,3.0,2.0,20.0,08
47097,vw_geo_sfpd_cr_switrs_all_types_col_cty_union.fid-c18a0c2_186644fdb18_654e,26166,25145000.0,7119000.0,6049440,37.7853939761548,-122.416263355532,SFPD-CROSSROADS,CITY STREET,10/27/2012 12:59:00 PM,2012 October 27,12:59:00,2012,October,Saturday,HYDE ST,OFARRELL ST,7.0,Clear,Injury (Complaint of Pain),Vehicle/Pedestrian,Pedestrian,Crossing in Crosswalk at Intersection,Dry,No Unusual Condition,Daylight,Intersection <= 20ft,0.0,1,1.0,Driver,South,Proceeding Straight,Pedestrian,East,Not Stated,POINT (-122.41626 37.785393),20.0,5.0,10.0,36.0,12
47099,vw_geo_sfpd_cr_switrs_all_types_col_cty_union.fid-c18a0c2_186644fdb18_7245,58481,21744000.0,,220295413,37.7231299634425,-122.435976888457,SFPD-INTERIM DB,CITY STREET,05/05/2022 11:04:00 PM,2022 May 05,23:04:00,2022,May,Thursday,MISSION ST,PERSIA AVE,0.0,Clear,Injury (Complaint of Pain),Vehicle/Pedestrian,Pedestrian,Crossing Not in Crosswalk,Dry,No Unusual Condition,Dark - Street Lights,Intersection <= 20ft,0.0,2,1.0,Pedestrian,East,Proceeding Straight,Driver,North,Proceeding Straight,POINT (-122.435974 37.72313),90.0,9.0,1.0,7.0,23
47104,vw_geo_sfpd_cr_switrs_all_types_col_cty_union.fid-c18a0c2_186644fdb18_63fd,17183,24324000.0,8889000.0,5816625,37.7809290500223,-122.413659036086,SFPD-CROSSROADS,CITY STREET,10/31/2012 05:54:00 PM,2012 October 31,17:54:00,2012,October,Wednesday,MCALLISTER ST,LEAVENWORTH ST,5.0,Raining,Injury (Complaint of Pain),Vehicle/Pedestrian,Pedestrian,Crossing in Crosswalk at Intersection,Wet,No Unusual Condition,Dark - Street Lights,Intersection <= 20ft,0.0,1,1.0,Pedestrian,South,Other,Driver,West,Stopped In Road,POINT (-122.41366 37.78093),20.0,5.0,10.0,36.0,17
47106,vw_geo_sfpd_cr_switrs_all_types_col_cty_union.fid-c18a0c2_186644fdb18_6716,9692,23775000.0,,6070826,37.7660170684123,-122.403643055681,SFPD-CROSSROADS,CITY STREET,05/17/2012 07:15:00 PM,2012 May 17,19:15:00,2012,May,Thursday,16TH ST,KANSAS ST,0.0,Clear,Injury (Complaint of Pain),Vehicle/Pedestrian,Pedestrian,Crossing in Crosswalk at Intersection,Dry,No Unusual Condition,Daylight,Intersection <= 20ft,0.0,2,1.0,Driver,East,Making Right Turn,Pedestrian,North,Proceeding Straight,POINT (-122.40364 37.766018),54.0,1.0,9.0,4.0,19
47113,vw_geo_sfpd_cr_switrs_all_types_col_cty_union.fid-c18a0c2_186644fdb18_64ca,26012,24913000.0,,6048918,37.7862026649189,-122.40968307253,SFPD-CROSSROADS,CITY STREET,10/07/2012 07:50:00 PM,2012 October 07,19:50:00,2012,October,Sunday,MASON ST,OFARRELL ST,0.0,Clear,Injury (Other Visible),Vehicle/Pedestrian,Pedestrian,Crossing in Crosswalk at Intersection,Dry,No Unusual Condition,Dark - Street Lights,Intersection <= 20ft,0.0,1,1.0,Driver,South,Making Right Turn,Pedestrian,East,Not Stated,POINT (-122.40968 37.7862),19.0,5.0,10.0,36.0,19
47118,vw_geo_sfpd_cr_switrs_all_types_col_cty_union.fid-c18a0c2_186644fdb18_61e5,23102,24513000.0,,5684929,37.7825535929632,-122.397385537837,SFPD-CROSSROADS,CITY STREET,03/09/2012 05:15:00 PM,2012 March 09,17:15:00,2012,March,Friday,HARRISON ST,03RD ST,0.0,Clear,Injury (Complaint of Pain),Vehicle/Pedestrian,Pedestrian,Crossing in Crosswalk at Intersection,Dry,No Unusual Condition,Dusk - Dawn,Intersection <= 20ft,0.0,1,1.0,Driver,West,Making Left Turn,Pedestrian,North,Proceeding Straight,POINT (-122.397385 37.782555),32.0,1.0,10.0,8.0,17
47119,vw_geo_sfpd_cr_switrs_all_types_col_cty_union.fid-c18a0c2_186644fdb18_677a,32717,25315000.0,3169101.0,6076527,37.7959501245099,-122.421756355119,SFPD-CROSSROADS,CITY STREET,04/13/2012 09:30:00 AM,2012 April 13,09:30:00,2012,April,Friday,BROADWAY,POLK ST,4.0,Clear,Injury (Complaint of Pain),Vehicle/Pedestrian,Pedestrian,Crossing in Crosswalk at Intersection,Dry,No Unusual Condition,Daylight,Intersection <= 20ft,0.0,1,1.0,Driver,East,Making Left Turn,Pedestrian,North,Proceeding Straight,POINT (-122.42175 37.79595),105.0,4.0,3.0,32.0,09
47131,vw_geo_sfpd_cr_switrs_all_types_col_cty_union.fid-c18a0c2_186644fdb18_6543,8588,23959000.0,1334000.0,6049428,37.7527268403416,-122.410268122038,SFPD-CROSSROADS,CITY STREET,10/28/2012 08:40:00 PM,2012 October 28,20:40:00,2012,October,Sunday,24TH ST,FLORIDA ST,58.0,Clear,Injury (Other Visible),Vehicle/Pedestrian,Pedestrian,"In Road, Including Shoulder",Dry,No Unusual Condition,Dark - Street Lights,Midblock > 20ft,0.0,1,1.0,Driver,West,Proceeding Straight,Pedestrian,East,Entering Traffic,POINT (-122.41027 37.752728),53.0,3.0,2.0,20.0,20
47135,vw_geo_sfpd_cr_switrs_all_types_col_cty_union.fid-c18a0c2_186644fdb18_6e32,57662,24934000.0,12718000.0,220166115,37.7828415155,-122.413685079,SFPD-INTERIM DB,CITY STREET,03/12/2022 11:22:00 PM,2022 March 12,23:22:00,2022,March,Saturday,TURK ST,LEAVENWORTH ST,108.0,Cloudy,Injury (Severe),Head-On,Pedestrian,"In Road, Including Shoulder",Dry,No Unusual Condition,Dark - Street Lights,Midblock > 20ft,0.0,1,1.0,Driver,West,Proceeding Straight,Pedestrian,South,Stopped,POINT (-122.41369 37.78284),20.0,5.0,10.0,36.0,23
47142,vw_geo_sfpd_cr_switrs_all_types_col_cty_union.fid-c18a0c2_186644fdb18_5eab,23587,24522000.0,,5455863,37.7872982148607,-122.394481273744,SFPD-CROSSROADS,CITY STREET,01/19/2012 06:10:00 PM,2012 January 19,18:10:00,2012,January,Thursday,FOLSOM ST,01ST ST,0.0,Raining,Injury (Complaint of Pain),Vehicle/Pedestrian,Pedestrian,Crossing in Crosswalk at Intersection,Wet,No Unusual Condition,Dark - Street Lights,Intersection <= 20ft,0.0,1,1.0,Driver,South,Making Left Turn,Pedestrian,South,Parked,POINT (-122.39448 37.7873),32.0,1.0,10.0,8.0,18
47144,vw_geo_sfpd_cr_switrs_all_types_col_cty_union.fid-c18a0c2_186644fdb18_715d,58397,25690000.0,,220313485,37.7631678243438,-122.423959243654,SFPD-INTERIM DB,CITY STREET,05/13/2022 06:52:00 PM,2022 May 13,18:52:00,2022,May,Friday,GUERRERO ST,17TH ST,0.0,Clear,Injury (Other Visible),Vehicle/Pedestrian,Pedestrian,Crossing in Crosswalk at Intersection,Dry,No Unusual Condition,Daylight,Intersection <= 20ft,0.0,1,1.0,Driver,West,Making Left Turn,Pedestrian,North,Proceeding Straight,POINT (-122.42396 37.76317),37.0,3.0,5.0,20.0,18
47152,vw_geo_sfpd_cr_switrs_all_types_col_cty_union.fid-c18a0c2_186644fdb18_6d6e,57261,26651000.0,13439000.0,220023098,37.7917983468,-122.432749806,SFPD-INTERIM DB,CITY STREET,01/11/2022 03:28:00 PM,2022 January 11,15:28:00,2022,January,Tuesday,WASHINGTON ST,WEBSTER ST,3.0,Clear,Injury (Other Visible),Vehicle/Pedestrian,Pedestrian,Crossing in Crosswalk at Intersection,Dry,No Unusual Condition,Daylight,Intersection <= 20ft,0.0,1,1.0,Driver,South,Making Left Turn,Pedestrian,East,Proceeding Straight,POINT (-122.43275 37.791798),102.0,4.0,6.0,30.0,15
47154,vw_geo_sfpd_cr_switrs_all_types_col_cty_union.fid-c18a0c2_186644fdb18_6f5c,57601,24334000.0,,220168622,37.7818633398,-122.413865603,SFPD-INTERIM DB,CITY STREET,03/14/2022 10:01:00 AM,2022 March 14,10:01:00,2022,March,Monday,GOLDEN GATE AVE,LEAVENWORTH ST,0.0,Clear,Injury (Complaint of Pain),Vehicle/Pedestrian,Pedestrian,Crossing in Crosswalk at Intersection,Dry,No Unusual Condition,Daylight,Intersection <= 20ft,0.0,1,1.0,Pedestrian,East,Making Left Turn,Driver,East,Proceeding Straight,POINT (-122.413864 37.781864),20.0,5.0,10.0,36.0,10
47160,vw_geo_sfpd_cr_switrs_all_types_col_cty_union.fid-c18a0c2_186644fdb18_72d1,58354,27697000.000000004,12280201.0,220247680,37.7534138174643,-122.49522653922,SFPD-INTERIM DB,CITY STREET,04/15/2022 09:39:00 PM,2022 April 15,21:39:00,2022,April,Friday,SUNSET BLVD,NORIEGA ST,8.0,Cloudy,Injury (Severe),Vehicle/Pedestrian,Pedestrian,Crossing in Crosswalk at Intersection,Dry,No Unusual Condition,Dark - Street Lights,Intersection <= 20ft,0.0,1,1.0,Pedestrian,West,Proceeding Straight,Driver,South,Proceeding Straight,POINT (-122.495224 37.753414),39.0,10.0,7.0,35.0,21
47179,vw_geo_sfpd_cr_switrs_all_types_col_cty_union.fid-c18a0c2_186644fdb18_6d5f,57253,23976000.0,2118000.0,220018180,37.7523673461,-122.410932376,SFPD-INTERIM DB,CITY STREET,01/09/2022 01:55:00 PM,2022 January 09,13:55:00,2022,January,Sunday,ALABAMA ST,24TH ST,116.0,Clear,Injury (Other Visible),Vehicle/Pedestrian,Pedestrian,"In Road, Including Shoulder",Dry,No Unusual Condition,Daylight,Midblock > 20ft,0.0,1,1.0,Pedestrian,South,Entering Traffic,Driver,North,Proceeding Straight,POINT (-122.410934 37.75237),53.0,3.0,2.0,20.0,13
47181,vw_geo_sfpd_cr_switrs_all_types_col_cty_union.fid-c18a0c2_186644fdb18_6161,18178,26006000.0,,5668810,37.7691137975771,-122.434893192339,SFPD-CROSSROADS,CITY STREET,03/06/2012 03:51:00 PM,2012 March 06,15:51:00,2012,March,Tuesday,DUBOCE AVE,SCOTT ST,0.0,Clear,Injury (Complaint of Pain),Vehicle/Pedestrian,Pedestrian,Crossing in Crosswalk at Intersection,Dry,No Unusual Condition,Daylight,Intersection <= 20ft,0.0,1,,Driver,East,Stopped In Road,Pedestrian,South,Other,POINT (-122.43489 37.769115),28.0,7.0,5.0,3.0,15
47184,vw_geo_sfpd_cr_switrs_all_types_col_cty_union.fid-c18a0c2_186644fdb18_6d75,57269,24285000.0,,220016140,37.7805353864,-122.408160794,SFPD-INTERIM DB,CITY STREET,01/08/2022 01:37:00 PM,2022 January 08,13:37:00,2022,January,Saturday,MINNA ST,06TH ST,0.0,Clear,Injury (Severe),Vehicle/Pedestrian,Pedestrian,Crossing in Crosswalk at Intersection,Dry,No Unusual Condition,Daylight,Intersection <= 20ft,0.0,1,1.0,Driver,South,Making Left Turn,Pedestrian,West,Proceeding Straight,POINT (-122.40816 37.780537),32.0,1.0,10.0,34.0,13
47186,vw_geo_sfpd_cr_switrs_all_types_col_cty_union.fid-c18a0c2_186644fdb18_71e9,58230,21748000.0,,220337849,37.7237878468764,-122.436449314261,SFPD-INTERIM DB,CITY STREET,05/23/2022 07:05:00 PM,2022 May 23,19:05:00,2022,May,Monday,OCEAN AVE,PERSIA AVE,0.0,Clear,Injury (Complaint of Pain),Vehicle/Pedestrian,Pedestrian,Crossing in Crosswalk at Intersection,Dry,No Unusual Condition,Daylight,Intersection <= 20ft,0.0,2,,Driver,West,Making Left Turn,Pedestrian,South,Proceeding Straight,POINT (-122.43645 37.72379),94.0,9.0,1.0,28.0,19
47187,vw_geo_sfpd_cr_switrs_all_types_col_cty_union.fid-c18a0c2_186644fdb18_6e07,57614,33269000.000000004,,220080612,37.7340138728,-122.390967889,SFPD-INTERIM DB,CITY STREET,02/05/2022 09:34:00 AM,2022 February 05,09:34:00,2022,February,Saturday,PALOU AVE,03RD ST,0.0,Clear,Injury (Complaint of Pain),Vehicle/Pedestrian,Pedestrian,Crossing in Crosswalk at Intersection,Dry,No Unusual Condition,Daylight,Intersection <= 20ft,0.0,1,1.0,Driver,East,Making Right Turn,Pedestrian,South,Other,POINT (-122.39097 37.734013),87.0,2.0,9.0,1.0,09
47190,vw_geo_sfpd_cr_switrs_all_types_col_cty_union.fid-c18a0c2_186644fdb18_5fd5,12559,25800000.0,744000.0,5484635,37.7643019785246,-122.432064448233,SFPD-CROSSROADS,CITY STREET,01/09/2012 05:51:00 PM,2012 January 09,17:51:00,2012,January,Monday,16TH ST,POND ST,62.0,Clear,Injury (Other Visible),Vehicle/Pedestrian,Pedestrian,"In Road, Including Shoulder",Dry,No Unusual Condition,Dark - No Street Lights,Midblock > 20ft,0.0,1,1.0,Pedestrian,North,Stopped In Road,Driver,West,Backing,POINT (-122.43207 37.7643),38.0,3.0,5.0,5.0,17
47196,vw_geo_sfpd_cr_switrs_all_types_col_cty_union.fid-c18a0c2_186644fdb18_6059,42929,27211000.0,,5584883,37.7756184278099,-122.458462901303,SFPD-CROSSROADS,CITY STREET,02/19/2012 06:37:00 PM,2012 February 19,18:37:00,2012,February,Sunday,ARGUELLO BLVD,CABRILLO ST,0.0,Clear,Injury (Other Visible),Vehicle/Pedestrian,Pedestrian,Crossing in Crosswalk at Intersection,Dry,No Unusual Condition,Dark - Street Lights,Intersection <= 20ft,0.0,1,1.0,Driver,North,Proceeding Straight,Pedestrian,East,Proceeding Straight,POINT (-122.458466 37.77562),5.0,8.0,4.0,11.0,18
47197,vw_geo_sfpd_cr_switrs_all_types_col_cty_union.fid-c18a0c2_186644fdb18_603b,17732,33027000.000000004,,5576155,37.7701114486375,-122.420008320982,SFPD-CROSSROADS,CITY STREET,02/13/2012 05:48:00 PM,2012 February 13,17:48:00,2012,February,Monday,13TH ST,MISSION ST,0.0,Cloudy,Injury (Severe),Vehicle/Pedestrian,Pedestrian,Crossing in Crosswalk at Intersection,Wet,No Unusual Condition,Dusk - Dawn,Intersection <= 20ft,0.0,1,1.0,Driver,East,Making Right Turn,Pedestrian,South,Not Stated,POINT (-122.420006 37.77011),53.0,3.0,2.0,20.0,17
47201,vw_geo_sfpd_cr_switrs_all_types_col_cty_union.fid-c18a0c2_186644fdb18_667c,8212,22415000.0,12773000.0,6067159,37.7467276276786,-122.449296445277,SFPD-CROSSROADS,CITY STREET,09/03/2012 05:31:00 PM,2012 September 03,17:31:00,2012,September,Monday,TWIN PEAKS BLVD,PANORAMA DR,50.0,Clear,Injury (Complaint of Pain),Vehicle/Pedestrian,Pedestrian,"In Road, Including Shoulder",Dry,No Unusual Condition,Daylight,Midblock > 20ft,0.0,1,1.0,Driver,South,Proceeding Straight,Pedestrian,South,Proceeding Straight,POINT (-122.449295 37.746727),48.0,7.0,5.0,38.0,17
47207,vw_geo_sfpd_cr_switrs_all_types_col_cty_union.fid-c18a0c2_186644fdb18_6700,8003,25739000.0,,6068224,37.7504949249383,-122.434006517424,SFPD-CROSSROADS,CITY STREET,09/07/2012 04:30:00 PM,2012 September 07,16:30:00,2012,September,Friday,CASTRO ST,JERSEY ST,0.0,Clear,Injury (Complaint of Pain),Vehicle/Pedestrian,Pedestrian,Crossing in Crosswalk at Intersection,Dry,No Unusual Condition,Daylight,Intersection <= 20ft,0.0,1,1.0,Driver,South,Making Left Turn,Pedestrian,East,Proceeding Straight,POINT (-122.434006 37.750496),84.0,3.0,5.0,22.0,16
47209,vw_geo_sfpd_cr_switrs_all_types_col_cty_union.fid-c18a0c2_186644fdb18_67fe,14766,23827000.0,265000.0,6083774,37.7783168162883,-122.396518100527,SFPD-CROSSROADS,CITY STREET,08/28/2012 11:21:00 PM,2012 August 28,23:21:00,2012,August,Tuesday,04TH ST,BRANNAN ST,5.0,Clear,Injury (Complaint of Pain),Vehicle/Pedestrian,Pedestrian,Crossing in Crosswalk at Intersection,Dry,No Unusual Condition,Dark - Street Lights,Intersection <= 20ft,0.0,1,1.0,Driver,South,Making Left Turn,Pedestrian,East,Proceeding Straight,POINT (-122.396515 37.778316),32.0,1.0,10.0,34.0,23
47230,vw_geo_sfpd_cr_switrs_all_types_col_cty_union.fid-c18a0c2_186644fdb18_6740,3896,21187000.0,,6072952,37.734888281748,-122.416823585789,SFPD-CROSSROADS,CITY STREET,11/26/2012 06:43:00 PM,2012 November 26,18:43:00,2012,November,Monday,ANDOVER ST,CRESCENT AVE,0.0,Clear,Injury (Complaint of Pain),Vehicle/Pedestrian,Pedestrian,Crossing in Crosswalk at Intersection,Dry,No Unusual Condition,Dark - Street Lights,Intersection <= 20ft,0.0,1,1.0,Driver,East,Stopped In Road,Pedestrian,North,Proceeding Straight,POINT (-122.416824 37.73489),61.0,9.0,2.0,2.0,18
47234,vw_geo_sfpd_cr_switrs_all_types_col_cty_union.fid-c18a0c2_186644fdb18_61f6,40807,27176000.0,,5684960,37.7657392539412,-122.470727258517,SFPD-CROSSROADS,CITY STREET,03/08/2012 07:05:00 PM,2012 March 08,19:05:00,2012,March,Thursday,LINCOLN WAY,FUNSTON AVE,0.0,Clear,Injury (Other Visible),Vehicle/Pedestrian,Pedestrian,Crossing in Crosswalk at Intersection,Dry,No Unusual Condition,Dark - Street Lights,Intersection <= 20ft,0.0,1,1.0,Driver,North,Making Left Turn,Pedestrian,South,Proceeding Straight,POINT (-122.470726 37.76574),9.0,10.0,11.0,12.0,19
47240,vw_geo_sfpd_cr_switrs_all_types_col_cty_union.fid-c18a0c2_186644fdb18_6f1a,55362,25026000.0,,210267820,37.7949406878,-122.408079101,SFPD-INTERIM DB,CITY STREET,05/01/2021 11:28:00 PM,2021 May 01,23:28:00,2021,May,Saturday,STOCKTON ST,WASHINGTON ST,0.0,Clear,Injury (Complaint of Pain),Vehicle/Pedestrian,Pedestrian,Crossing in Crosswalk at Intersection,Dry,No Unusual Condition,Dark - Street Lights,Intersection <= 20ft,0.0,1,,Driver,West,Not Stated,Pedestrian,West,Proceeding Straight,POINT (-122.40808 37.79494),104.0,6.0,3.0,6.0,23
47249,vw_geo_sfpd_cr_switrs_all_types_col_cty_union.fid-c18a0c2_186644fdb18_7130,57945,20304000.000000004,,220271548,37.7160605253611,-122.402090827955,SFPD-INTERIM DB,CITY STREET,04/26/2022 08:25:00 AM,2022 April 26,08:25:00,2022,April,Tuesday,WILDE AVE,GOETTINGEN ST,0.0,Clear,Injury (Other Visible),Broadside,Pedestrian,Crossing in Crosswalk Not at Intersection,Dry,No Unusual Condition,Daylight,Intersection <= 20ft,0.0,1,1.0,Driver,East,Making Left Turn,Pedestrian,North,Proceeding Straight,POINT (-122.40209 37.71606),75.0,9.0,9.0,40.0,08
47253,vw_geo_sfpd_cr_switrs_all_types_col_cty_union.fid-c18a0c2_186644fdb18_6487,27126,30050000.0,,6046424,37.7953129415684,-122.39797474912,SFPD-CROSSROADS,CITY STREET,11/13/2012 09:05:00 AM,2012 November 13,09:05:00,2012,November,Tuesday,CLAY ST,DAVIS ST,0.0,Clear,Injury (Complaint of Pain),Vehicle/Pedestrian,Pedestrian,Crossing in Crosswalk at Intersection,Dry,No Unusual Condition,Daylight,Intersection <= 20ft,0.0,1,1.0,Driver,East,Making Right Turn,Pedestrian,South,Proceeding Straight,POINT (-122.39797 37.795315),108.0,6.0,3.0,8.0,09