,id,unique_id,cnn_intrsctn_fkey,cnn_sgmt_fkey,case_id_pkey,tb_latitude,tb_longitude,geocode_source,geocode_location,collision_datetime,collision_date,collision_time,accident_year,month,day_of_week,primary_rd,secondary_rd,distance,weather_1,collision_severity,type_of_collision,mviw,ped_action,road_surface,road_cond_1,lighting,intersection,number_killed,number_injured,party_at_fault,party1_type,party1_dir_of_travel,party1_move_pre_acc,party2_type,party2_dir_of_travel,party2_move_pre_acc,point,Neighborhoods,Current Police Districts,Current Supervisor Districts,Analysis Neighborhoods,hour
47256,vw_geo_sfpd_cr_switrs_all_types_col_cty_union.fid-c18a0c2_186644fdb18_6f6f,57712,21177000.0,5702000.0,220206749,37.7480280632,-122.413648364,SFPD-INTERIM DB,CITY STREET,03/29/2022 10:28:00 PM,2022 March 29,22:28:00,2022,March,Tuesday,FOLSOM ST,CESAR CHAVEZ ST,83.0,Clear,Injury (Complaint of Pain),Vehicle/Pedestrian,Pedestrian,Crossing Not in Crosswalk,Dry,No Unusual Condition,Dark - Street Lights,Midblock > 20ft,0.0,1,1.0,Pedestrian,West,Proceeding Straight,Driver,South,Proceeding Straight,POINT (-122.41365 37.748028),83.0,9.0,2.0,2.0,22
47259,vw_geo_sfpd_cr_switrs_all_types_col_cty_union.fid-c18a0c2_186644fdb18_675c,37587,22744000.0,,6076418,37.7260015567638,-122.464220183297,SFPD-CROSSROADS,CITY STREET,03/21/2012 03:51:00 PM,2012 March 21,15:51:00,2012,March,Wednesday,OCEAN AVE,VICTORIA ST,0.0,Clear,Injury (Other Visible),Vehicle/Pedestrian,Pedestrian,Crossing in Crosswalk at Intersection,Dry,No Unusual Condition,Daylight,Intersection <= 20ft,0.0,1,1.0,Driver,East,Proceeding Straight,Pedestrian,North,Other,POINT (-122.46422 37.726),67.0,10.0,8.0,41.0,15
47261,vw_geo_sfpd_cr_switrs_all_types_col_cty_union.fid-c18a0c2_186644fdb18_6e2d,57653,25675000.0,6581101.0,220146139,37.758945081,-122.423494811,SFPD-INTERIM DB,CITY STREET,03/04/2022 06:20:00 PM,2022 March 04,18:20:00,2022,March,Friday,GUERRERO ST,20TH ST,213.0,Cloudy,Injury (Other Visible),Sideswipe,Pedestrian,"In Road, Including Shoulder",Dry,No Unusual Condition,Dark - Street Lights,Midblock > 20ft,0.0,1,1.0,Pedestrian,West,Proceeding Straight,Driver,North,Other,POINT (-122.42349 37.758945),37.0,3.0,5.0,20.0,18
47265,vw_geo_sfpd_cr_switrs_all_types_col_cty_union.fid-c18a0c2_186644fdb18_6068,41963,27183000.0,,5584898,37.7672000000121,-122.458637160993,SFPD-CROSSROADS,CITY STREET,02/29/2012 07:07:00 AM,2012 February 29,07:07:00,2012,February,Wednesday,MARTIN LUTHER KING JR DR,KEZAR DR,0.0,Clear,Injury (Other Visible),Vehicle/Pedestrian,Pedestrian,Crossing in Crosswalk at Intersection,Wet,No Unusual Condition,Dusk - Dawn,Intersection <= 20ft,0.0,1,1.0,Driver,South,Making Right Turn,Pedestrian,East,Proceeding Straight,POINT (-122.45863 37.7672),9.0,7.0,11.0,12.0,07
47272,vw_geo_sfpd_cr_switrs_all_types_col_cty_union.fid-c18a0c2_186644fdb18_6091,43645,27529000.0,2666000.0,5584944,37.7764943317845,-122.480247223156,SFPD-CROSSROADS,CITY STREET,02/10/2012 07:13:00 PM,2012 February 10,19:13:00,2012,February,Friday,BALBOA ST,21ST AVE,21.0,Raining,Injury (Complaint of Pain),Vehicle/Pedestrian,Pedestrian,Crossing Not in Crosswalk,Wet,No Unusual Condition,Dark - Street Lights,Midblock > 20ft,0.0,1,1.0,Pedestrian,North,Other,Driver,West,Proceeding Straight,POINT (-122.48025 37.776493),8.0,8.0,4.0,29.0,19
47300,vw_geo_sfpd_cr_switrs_all_types_col_cty_union.fid-c18a0c2_186644fdb18_6db1,57554,24180000.0,726000.0,220150550,37.7650080267,-122.420385973,SFPD-INTERIM DB,CITY STREET,03/06/2022 06:05:00 PM,2022 March 06,18:05:00,2022,March,Sunday,16TH ST,WIESE ST,28.0,Clear,Injury (Severe),Vehicle/Pedestrian,Pedestrian,Crossing Not in Crosswalk,Dry,No Unusual Condition,Daylight,Midblock > 20ft,0.0,1,1.0,Pedestrian,South,Other,Driver,West,Proceeding Straight,POINT (-122.42039 37.765007),53.0,3.0,2.0,20.0,18
47320,vw_geo_sfpd_cr_switrs_all_types_col_cty_union.fid-c18a0c2_186644fdb18_64fb,21509,24466000.0,,6049348,37.7800746959504,-122.420247183914,SFPD-CROSSROADS,CITY STREET,11/21/2012 11:42:00 PM,2012 November 21,23:42:00,2012,November,Wednesday,VAN NESS AVE,MCALLISTER ST,0.0,Raining,Injury (Complaint of Pain),Vehicle/Pedestrian,Pedestrian,Crossing in Crosswalk at Intersection,Wet,No Unusual Condition,Dark - Street Lights,Intersection <= 20ft,0.0,1,1.0,Driver,East,Making Right Turn,Pedestrian,South,Proceeding Straight,POINT (-122.42025 37.780075),21.0,4.0,11.0,39.0,23
47336,vw_geo_sfpd_cr_switrs_all_types_col_cty_union.fid-c18a0c2_186644fdb18_71b8,58033,21139000.0,,220338819,37.7483343898462,-122.40964638713,SFPD-INTERIM DB,CITY STREET,05/24/2022 09:06:00 AM,2022 May 24,09:06:00,2022,May,Tuesday,CESAR CHAVEZ ST,FLORIDA ST,0.0,Clear,Injury (Other Visible),Broadside,Pedestrian,Crossing in Crosswalk at Intersection,Dry,No Unusual Condition,Daylight,Intersection <= 20ft,0.0,1,1.0,Driver,West,Not Stated,Pedestrian,North,Not Stated,POINT (-122.409645 37.748333),60.0,3.0,2.0,2.0,09
47340,vw_geo_sfpd_cr_switrs_all_types_col_cty_union.fid-c18a0c2_186644fdb18_7114,57867,24031000.000000004,,220227074,37.7617008790445,-122.411090200777,SFPD-INTERIM DB,CITY STREET,04/07/2022 08:35:00 AM,2022 April 07,08:35:00,2022,April,Thursday,18TH ST,FLORIDA ST,0.0,Clear,Injury (Complaint of Pain),Vehicle/Pedestrian,Pedestrian,Crossing in Crosswalk Not at Intersection,Dry,No Unusual Condition,Daylight,Intersection <= 20ft,0.0,1,1.0,Driver,North,Making Right Turn,Pedestrian,South,Not Stated,POINT (-122.41109 37.7617),53.0,3.0,2.0,20.0,08
47346,vw_geo_sfpd_cr_switrs_all_types_col_cty_union.fid-c18a0c2_186644fdb18_650a,37406,22223000.0,9820101.0,6049370,37.7234565417735,-122.454117541963,SFPD-CROSSROADS,CITY STREET,11/08/2012 12:03:00 PM,2012 November 08,12:03:00,2012,November,Thursday,OCEAN AVE,LEE AVE,1.0,Raining,Injury (Other Visible),Vehicle/Pedestrian,Pedestrian,Crossing Not in Crosswalk,Wet,No Unusual Condition,Daylight,Intersection <= 20ft,0.0,1,1.0,Pedestrian,East,Entering Traffic,Driver,East,Slowing/Stopping,POINT (-122.45412 37.723457),64.0,10.0,8.0,24.0,12
47350,vw_geo_sfpd_cr_switrs_all_types_col_cty_union.fid-c18a0c2_186644fdb18_656e,25365,24892000.0,,6049517,37.7857439898553,-122.405831011251,SFPD-CROSSROADS,CITY STREET,10/20/2012 05:45:00 PM,2012 October 20,17:45:00,2012,October,Saturday,MARKET ST,04TH ST,0.0,Clear,Injury (Other Visible),Vehicle/Pedestrian,Pedestrian,Crossing in Crosswalk at Intersection,Dry,No Unusual Condition,Daylight,Intersection <= 20ft,0.0,2,1.0,Bicyclist,West,Making Right Turn,Pedestrian,South,Proceeding Straight,POINT (-122.40583 37.785744),32.0,5.0,10.0,8.0,17
47357,vw_geo_sfpd_cr_switrs_all_types_col_cty_union.fid-c18a0c2_186644fdb18_64ea,1726,21486000.0,,6049316,37.7164595455178,-122.441019562439,SFPD-CROSSROADS,CITY STREET,12/22/2012 01:26:00 AM,2012 December 22,01:26:00,2012,December,Saturday,MISSION ST,GENEVA AVE,0.0,Raining,Injury (Complaint of Pain),Vehicle/Pedestrian,Pedestrian,Crossing in Crosswalk at Intersection,Wet,No Unusual Condition,Dark - Street Lights,Intersection <= 20ft,0.0,1,1.0,Driver,South,Making Left Turn,Pedestrian,South,Proceeding Straight,POINT (-122.44102 37.71646),80.0,9.0,1.0,28.0,01
47364,vw_geo_sfpd_cr_switrs_all_types_col_cty_union.fid-c18a0c2_186644fdb18_72de,58007,27373000.000000004,834000.0,220259011,37.765498440465,-122.476186638211,SFPD-INTERIM DB,CITY STREET,04/20/2022 06:49:00 PM,2022 April 20,18:49:00,2022,April,Wednesday,LINCOLN WAY,18TH AVE,20.0,Cloudy,Injury (Other Visible),Broadside,Pedestrian,Crossing Not in Crosswalk,Dry,No Unusual Condition,Daylight,Intersection <= 20ft,0.0,1,1.0,Pedestrian,South,Proceeding Straight,Driver,West,Proceeding Straight,POINT (-122.47619 37.7655),9.0,10.0,11.0,12.0,18
47367,vw_geo_sfpd_cr_switrs_all_types_col_cty_union.fid-c18a0c2_186644fdb18_6784,32440,26646000.0,,6076540,37.7909199785568,-122.432561650053,SFPD-CROSSROADS,CITY STREET,04/12/2012 07:00:00 PM,2012 April 12,19:00:00,2012,April,Thursday,CLAY ST,WEBSTER ST,0.0,Cloudy,Injury (Complaint of Pain),Vehicle/Pedestrian,Pedestrian,Not in Road,Wet,No Unusual Condition,Dusk - Dawn,Intersection <= 20ft,0.0,1,1.0,Pedestrian,South,Stopped In Road,Parked Vehicle,North,Stopped In Road,POINT (-122.43256 37.79092),102.0,4.0,6.0,30.0,19
47369,vw_geo_sfpd_cr_switrs_all_types_col_cty_union.fid-c18a0c2_186644fdb18_651b,16777,24434000.0,,6049388,37.7786578558534,-122.416580343569,SFPD-CROSSROADS,CITY STREET,10/30/2012 10:50:00 PM,2012 October 30,22:50:00,2012,October,Tuesday,GROVE ST,LARKIN ST,0.0,Clear,Injury (Complaint of Pain),Vehicle/Pedestrian,Pedestrian,Crossing in Crosswalk at Intersection,Dry,No Unusual Condition,Dark - Street Lights,Intersection <= 20ft,0.0,1,,Driver,South,Making Right Turn,Pedestrian,West,Proceeding Straight,POINT (-122.41658 37.778656),21.0,5.0,10.0,36.0,22
47379,vw_geo_sfpd_cr_switrs_all_types_col_cty_union.fid-c18a0c2_186644fdb18_657e,27030,30727000.000000004,,6054510,37.7932563499175,-122.396302004314,SFPD-CROSSROADS,CITY STREET,12/07/2012 05:18:00 PM,2012 December 07,17:18:00,2012,December,Friday,MARKET ST,DRUMM ST,0.0,Clear,Injury (Complaint of Pain),Vehicle/Pedestrian,Pedestrian,Crossing Not in Crosswalk,Dry,No Unusual Condition,Dark - Street Lights,Intersection <= 20ft,0.0,1,1.0,Pedestrian,South,Other,Driver,West,Proceeding Straight,POINT (-122.3963 37.793255),108.0,6.0,10.0,8.0,17
47383,vw_geo_sfpd_cr_switrs_all_types_col_cty_union.fid-c18a0c2_186644fdb18_64a7,3010,28173000.0,11375000.0,6046497,37.7300539593554,-122.404599408653,SFPD-CROSSROADS,CITY STREET,12/26/2012 09:36:00 AM,2012 December 26,09:36:00,2012,December,Wednesday,SAN BRUNO AVE,FELTON ST,6.0,Cloudy,Injury (Complaint of Pain),Sideswipe,Pedestrian,Crossing in Crosswalk at Intersection,Wet,No Unusual Condition,Daylight,Intersection <= 20ft,0.0,1,1.0,Driver,North,Proceeding Straight,Pedestrian,East,Proceeding Straight,POINT (-122.4046 37.730053),91.0,2.0,2.0,25.0,09
47385,vw_geo_sfpd_cr_switrs_all_types_col_cty_union.fid-c18a0c2_186644fdb18_6cc2,18996,25993000.0,6608000.0,130356925,37.7719364315816,-122.43178446143,SFPD-CROSSROADS,CITY STREET,05/01/2013 05:11:00 PM,2013 May 01,17:11:00,2013,May,Wednesday,HAIGHT ST,STEINER ST,90.0,Clear,Injury (Other Visible),Vehicle/Pedestrian,Pedestrian,Crossing Not in Crosswalk,Dry,No Unusual Condition,Daylight,Midblock > 20ft,0.0,1,1.0,Pedestrian,North,Not Stated,Driver,East,Passing Other Vehicle,POINT (-122.431786 37.77194),26.0,4.0,11.0,9.0,17
47389,vw_geo_sfpd_cr_switrs_all_types_col_cty_union.fid-c18a0c2_186644fdb18_67d3,3225,33269000.000000004,213101.0,6079132,37.7339817124946,-122.390964632833,SFPD-CROSSROADS,CITY STREET,08/12/2012 03:48:00 PM,2012 August 12,15:48:00,2012,August,Sunday,03RD ST,PALOU AVE,12.0,Clear,Injury (Severe),Vehicle/Pedestrian,Pedestrian,Crossing in Crosswalk at Intersection,Dry,No Unusual Condition,Daylight,Intersection <= 20ft,0.0,1,1.0,Pedestrian,West,Proceeding Straight,Driver,South,Proceeding Straight,POINT (-122.39097 37.733982),86.0,2.0,9.0,1.0,15
47393,vw_geo_sfpd_cr_switrs_all_types_col_cty_union.fid-c18a0c2_186644fdb18_7125,57889,25840000.0,,220243848,37.7662679223801,-122.42653846404,SFPD-INTERIM DB,CITY STREET,04/14/2022 09:37:00 AM,2022 April 14,09:37:00,2022,April,Thursday,15TH ST,DOLORES ST,0.0,Cloudy,Injury (Complaint of Pain),Vehicle/Pedestrian,Pedestrian,Crossing in Crosswalk at Intersection,Wet,No Unusual Condition,Daylight,Intersection <= 20ft,0.0,1,1.0,Driver,South,Making U Turn,Pedestrian,East,Other,POINT (-122.42654 37.76627),37.0,3.0,5.0,5.0,09
47400,vw_geo_sfpd_cr_switrs_all_types_col_cty_union.fid-c18a0c2_186644fdb18_653f,32934,26637000.0,12141000.0,6049425,37.7896124866767,-122.435669900957,SFPD-CROSSROADS,CITY STREET,11/15/2012 07:05:00 PM,2012 November 15,19:05:00,2012,November,Thursday,STEINER ST,SACRAMENTO ST,6.0,Clear,Injury (Complaint of Pain),Vehicle/Pedestrian,Pedestrian,Crossing in Crosswalk at Intersection,Dry,No Unusual Condition,Dark - Street Lights,Intersection <= 20ft,0.0,1,1.0,Driver,South,Proceeding Straight,Pedestrian,West,Not Stated,POINT (-122.43567 37.78961),102.0,4.0,6.0,30.0,19
47404,vw_geo_sfpd_cr_switrs_all_types_col_cty_union.fid-c18a0c2_186644fdb18_649b,23932,24590000.0,,6046468,37.7850302847929,-122.400468484027,SFPD-CROSSROADS,CITY STREET,12/20/2012 11:35:00 PM,2012 December 20,23:35:00,2012,December,Thursday,HOWARD ST,03RD ST,0.0,Clear,Injury (Other Visible),Vehicle/Pedestrian,Pedestrian,Crossing in Crosswalk at Intersection,Dry,No Unusual Condition,Dark - Street Lights,Intersection <= 20ft,0.0,1,1.0,Driver,West,Making Left Turn,Pedestrian,South,Proceeding Straight,POINT (-122.40047 37.78503),32.0,1.0,10.0,8.0,23
47406,vw_geo_sfpd_cr_switrs_all_types_col_cty_union.fid-c18a0c2_186644fdb18_69cf,6974,21326000.0,,6142317,37.7410274078673,-122.42284057702,SFPD-CROSSROADS,CITY STREET,06/01/2012 05:35:00 PM,2012 June 01,17:35:00,2012,June,Friday,MISSION ST,CORTLAND AVE,0.0,Clear,Injury (Complaint of Pain),Vehicle/Pedestrian,Pedestrian,Crossing in Crosswalk at Intersection,Dry,No Unusual Condition,Daylight,Intersection <= 20ft,0.0,1,1.0,Driver,South,Making Left Turn,Pedestrian,East,Proceeding Straight,POINT (-122.422844 37.741028),83.0,9.0,2.0,2.0,17
47408,vw_geo_sfpd_cr_switrs_all_types_col_cty_union.fid-c18a0c2_186644fdb18_64aa,13396,24336000.000000004,,6046502,37.7685373867516,-122.415613781476,SFPD-CROSSROADS,CITY STREET,12/18/2012 02:44:00 PM,2012 December 18,14:44:00,2012,December,Tuesday,FOLSOM ST,14TH ST,0.0,Clear,Injury (Other Visible),Vehicle/Pedestrian,Pedestrian,Crossing in Crosswalk at Intersection,Dry,No Unusual Condition,Daylight,Intersection <= 20ft,0.0,1,1.0,Driver,North,Making Left Turn,Pedestrian,East,Proceeding Straight,POINT (-122.41561 37.768536),53.0,3.0,2.0,20.0,14
47410,vw_geo_sfpd_cr_switrs_all_types_col_cty_union.fid-c18a0c2_186644fdb18_6478,1686,21486000.0,9178000.0,6040312,37.716424115599,-122.441046392689,SFPD-CROSSROADS,CITY STREET,10/14/2012 12:15:00 PM,2012 October 14,12:15:00,2012,October,Sunday,MISSION ST,GENEVA AVE,15.0,Clear,Injury (Other Visible),Vehicle/Pedestrian,Pedestrian,Crossing Not in Crosswalk,Dry,No Unusual Condition,Daylight,Intersection <= 20ft,0.0,1,1.0,Pedestrian,West,Stopped In Road,Driver,South,Proceeding Straight,POINT (-122.44105 37.716423),80.0,9.0,1.0,28.0,12
47411,vw_geo_sfpd_cr_switrs_all_types_col_cty_union.fid-c18a0c2_186644fdb18_678e,23975,24888000.0,289000.0,6076555,37.7835420346201,-122.407499365953,SFPD-CROSSROADS,CITY STREET,04/20/2012 06:40:00 AM,2012 April 20,06:40:00,2012,April,Friday,05TH ST,STEVENSON ST,7.0,Clear,Injury (Other Visible),Vehicle/Pedestrian,Pedestrian,Crossing Not in Crosswalk,Dry,No Unusual Condition,Daylight,Intersection <= 20ft,0.0,1,1.0,Pedestrian,West,Proceeding Straight,Driver,South,Proceeding Straight,POINT (-122.4075 37.783543),32.0,5.0,10.0,34.0,06
47413,vw_geo_sfpd_cr_switrs_all_types_col_cty_union.fid-c18a0c2_186644fdb18_725f,28251,24996000.0,,140278999,37.7931783014561,-122.407727186831,SFPD-CROSSROADS,CITY STREET,04/04/2014 06:05:00 AM,2014 April 04,06:05:00,2014,April,Friday,STOCKTON ST,SACRAMENTO ST,0.0,Raining,Injury (Severe),Vehicle/Pedestrian,Pedestrian,Crossing in Crosswalk at Intersection,Wet,No Unusual Condition,Dark - Street Lights,Intersection <= 20ft,0.0,1,1.0,Driver,South,Proceeding Straight,Pedestrian,West,Other,POINT (-122.40773 37.79318),16.0,6.0,3.0,6.0,06
47414,vw_geo_sfpd_cr_switrs_all_types_col_cty_union.fid-c18a0c2_186644fdb18_6e27,57647,23834000.0,,220103872,37.7795669102,-122.39805994,SFPD-INTERIM DB,CITY STREET,02/15/2022 08:41:00 AM,2022 February 15,08:41:00,2022,February,Tuesday,BRYANT ST,04TH ST,0.0,Clear,Injury (Complaint of Pain),Vehicle/Pedestrian,Pedestrian,Crossing in Crosswalk at Intersection,Dry,No Unusual Condition,Daylight,Intersection <= 20ft,0.0,1,1.0,Driver,East,Making Left Turn,Pedestrian,North,Proceeding Straight,POINT (-122.39806 37.779568),32.0,1.0,10.0,34.0,08
47422,vw_geo_sfpd_cr_switrs_all_types_col_cty_union.fid-c18a0c2_186644fdb18_5ef5,25113,24936000.0,,5464017,37.7848662451966,-122.412782128208,SFPD-CROSSROADS,CITY STREET,01/05/2012 01:04:00 PM,2012 January 05,13:04:00,2012,January,Thursday,JONES ST,ELLIS ST,0.0,Clear,Injury (Complaint of Pain),Vehicle/Pedestrian,Pedestrian,Crossing in Crosswalk at Intersection,Dry,No Unusual Condition,Daylight,Intersection <= 20ft,0.0,1,1.0,Driver,South,Backing,Pedestrian,East,Not Stated,POINT (-122.41278 37.784866),20.0,5.0,10.0,36.0,13
47426,vw_geo_sfpd_cr_switrs_all_types_col_cty_union.fid-c18a0c2_186644fdb18_6f88,57526,25032000.0,,220134695,37.7969019057,-122.406827677,SFPD-INTERIM DB,CITY STREET,02/28/2022 12:04:00 PM,2022 February 28,12:04:00,2022,February,Monday,PACIFIC AVE,GRANT AVE,0.0,Clear,Injury (Other Visible),Vehicle/Pedestrian,Pedestrian,Crossing in Crosswalk at Intersection,Dry,No Unusual Condition,Daylight,Intersection <= 20ft,0.0,1,1.0,Driver,North,Making Left Turn,Pedestrian,South,Proceeding Straight,POINT (-122.40683 37.7969),104.0,6.0,3.0,6.0,12
47427,vw_geo_sfpd_cr_switrs_all_types_col_cty_union.fid-c18a0c2_186644fdb18_731c,57230,24004000.0,866000.0,210414601,37.7619203236181,-122.407445869642,SFPD-INTERIM DB,CITY STREET,07/02/2021 10:14:00 AM,2021 July 02,10:14:00,2021,July,Friday,18TH ST,POTRERO AVE,75.0,Clear,Injury (Complaint of Pain),Sideswipe,Pedestrian,Crossing Not in Crosswalk,Dry,No Unusual Condition,Daylight,Midblock > 20ft,0.0,1,1.0,Pedestrian,North,Other,Driver,West,Proceeding Straight,POINT (-122.40745 37.76192),53.0,3.0,9.0,20.0,10
47431,vw_geo_sfpd_cr_switrs_all_types_col_cty_union.fid-c18a0c2_186644fdb18_5eb0,12856,26166000.0,,5455874,37.7621865740556,-122.440168280249,SFPD-CROSSROADS,CITY STREET,01/01/2012 12:56:00 AM,2012 January 01,00:56:00,2012,January,Sunday,17TH ST,ORD ST,0.0,Clear,Injury (Complaint of Pain),Vehicle/Pedestrian,Pedestrian,Crossing in Crosswalk at Intersection,Dry,No Unusual Condition,Dark - Street Lights,Intersection <= 20ft,0.0,1,1.0,Driver,East,Proceeding Straight,Pedestrian,North,Other,POINT (-122.44017 37.762188),113.0,7.0,5.0,5.0,00
47437,vw_geo_sfpd_cr_switrs_all_types_col_cty_union.fid-c18a0c2_186644fdb18_655b,40127,27335000.000000004,,6049466,37.7542421878259,-122.476423521548,SFPD-CROSSROADS,CITY STREET,10/21/2012 04:40:00 PM,2012 October 21,16:40:00,2012,October,Sunday,19TH AVE,NORIEGA ST,0.0,Clear,Injury (Complaint of Pain),Vehicle/Pedestrian,Pedestrian,Crossing in Crosswalk at Intersection,Dry,No Unusual Condition,Daylight,Intersection <= 20ft,0.0,1,1.0,Driver,South,Making Left Turn,Pedestrian,East,Proceeding Straight,POINT (-122.476425 37.754242),39.0,10.0,7.0,35.0,16
47441,vw_geo_sfpd_cr_switrs_all_types_col_cty_union.fid-c18a0c2_186644fdb18_6d03,57257,22117000.0,,220005400,37.7269401043,-122.441437351,SFPD-INTERIM DB,CITY STREET,01/03/2022 05:45:00 PM,2022 January 03,17:45:00,2022,January,Monday,SAN JOSE AVE,SAN JUAN AVE,0.0,Raining,Injury (Complaint of Pain),Vehicle/Pedestrian,Pedestrian,Crossing in Crosswalk at Intersection,Wet,No Unusual Condition,Dark - Street Lights,Intersection <= 20ft,0.0,1,1.0,Driver,North,Proceeding Straight,Pedestrian,East,Proceeding Straight,POINT (-122.44144 37.72694),94.0,9.0,1.0,28.0,17
47442,vw_geo_sfpd_cr_switrs_all_types_col_cty_union.fid-c18a0c2_186644fdb18_6073,33575,25319000.000000004,,5584914,37.7979202728489,-122.406231390373,SFPD-CROSSROADS,CITY STREET,02/27/2012 11:48:00 PM,2012 February 27,23:48:00,2012,February,Monday,BROADWAY,ROMOLO ST,0.0,Clear,Injury (Other Visible),Vehicle/Pedestrian,Pedestrian,Crossing Not in Crosswalk,Dry,No Unusual Condition,Dark - Street Lights,Intersection <= 20ft,0.0,2,1.0,Pedestrian,South,Making Right Turn,Driver,West,Proceeding Straight,POINT (-122.406235 37.79792),106.0,6.0,3.0,23.0,23
47443,vw_geo_sfpd_cr_switrs_all_types_col_cty_union.fid-c18a0c2_186644fdb18_651f,31979,26507000.0,,6049392,37.7889946996516,-122.425422980137,SFPD-CROSSROADS,CITY STREET,10/30/2012 01:22:00 PM,2012 October 30,13:22:00,2012,October,Tuesday,GOUGH ST,PINE ST,0.0,Clear,Injury (Complaint of Pain),Vehicle/Pedestrian,Pedestrian,Crossing in Crosswalk at Intersection,Dry,No Unusual Condition,Daylight,Intersection <= 20ft,0.0,1,1.0,Driver,South,Making Left Turn,Pedestrian,West,Proceeding Straight,POINT (-122.42542 37.788994),100.0,4.0,6.0,39.0,13
47449,vw_geo_sfpd_cr_switrs_all_types_col_cty_union.fid-c18a0c2_186644fdb18_67c4,12968,26302000.0,,6076765,37.7645093616775,-122.452569353863,SFPD-CROSSROADS,CITY STREET,07/26/2012 10:45:00 PM,2012 July 26,22:45:00,2012,July,Thursday,STANYAN ST,PARNASSUS AVE,0.0,Clear,Injury (Complaint of Pain),Vehicle/Pedestrian,Pedestrian,Crossing in Crosswalk at Intersection,Dry,No Unusual Condition,Dark - Street Lights,Intersection <= 20ft,0.0,1,1.0,Driver,North,Making Left Turn,Pedestrian,South,Proceeding Straight,POINT (-122.45257 37.76451),110.0,7.0,11.0,14.0,22
47465,vw_geo_sfpd_cr_switrs_all_types_col_cty_union.fid-c18a0c2_186644fdb18_652e,23782,24886000.0,,6049408,37.7821907212381,-122.407164383323,SFPD-CROSSROADS,CITY STREET,10/23/2012 01:01:00 AM,2012 October 23,01:01:00,2012,October,Tuesday,MISSION ST,MINT ST,0.0,Cloudy,Injury (Complaint of Pain),Sideswipe,Pedestrian,Crossing Not in Crosswalk,Wet,No Unusual Condition,Dark - Street Lights,Intersection <= 20ft,0.0,1,1.0,Pedestrian,North,Proceeding Straight,Driver,East,Proceeding Straight,POINT (-122.407166 37.782192),32.0,1.0,10.0,34.0,01
47469,vw_geo_sfpd_cr_switrs_all_types_col_cty_union.fid-c18a0c2_186644fdb18_674f,32968,26669000.0,12145000.0,6072985,37.7922817984656,-122.4362074031,SFPD-CROSSROADS,CITY STREET,11/29/2012 06:05:00 PM,2012 November 29,18:05:00,2012,November,Thursday,STEINER ST,JACKSON ST,7.0,Raining,Injury (Other Visible),Vehicle/Pedestrian,Pedestrian,Crossing in Crosswalk at Intersection,Wet,No Unusual Condition,Dark - Street Lights,Intersection <= 20ft,0.0,2,1.0,Driver,North,Proceeding Straight,Pedestrian,East,Other,POINT (-122.43621 37.792282),102.0,4.0,6.0,30.0,18
47470,vw_geo_sfpd_cr_switrs_all_types_col_cty_union.fid-c18a0c2_186644fdb18_65be,20458,25916000.0,,6058874,37.7759498628609,-122.422787633911,SFPD-CROSSROADS,CITY STREET,03/14/2012 09:17:00 AM,2012 March 14,09:17:00,2012,March,Wednesday,GOUGH ST,FELL ST,0.0,Cloudy,Injury (Complaint of Pain),Vehicle/Pedestrian,Pedestrian,Crossing in Crosswalk at Intersection,Wet,No Unusual Condition,Daylight,Intersection <= 20ft,0.0,1,1.0,Driver,South,Making Left Turn,Pedestrian,North,Proceeding Straight,POINT (-122.42279 37.77595),22.0,4.0,11.0,9.0,09
47473,vw_geo_sfpd_cr_switrs_all_types_col_cty_union.fid-c18a0c2_186644fdb18_64e7,35240,26755000.0,,6049311,37.8023762964707,-122.431497698905,SFPD-CROSSROADS,CITY STREET,12/15/2012 08:17:00 PM,2012 December 15,20:17:00,2012,December,Saturday,LAGUNA ST,FRANCISCO ST,0.0,Cloudy,Injury (Other Visible),Vehicle/Pedestrian,Pedestrian,Crossing in Crosswalk at Intersection,Wet,No Unusual Condition,Dark - Street Lights,Intersection <= 20ft,0.0,1,1.0,Driver,South,Proceeding Straight,Pedestrian,East,Proceeding Straight,POINT (-122.431496 37.802376),17.0,4.0,6.0,13.0,20
47475,vw_geo_sfpd_cr_switrs_all_types_col_cty_union.fid-c18a0c2_186644fdb18_5fce,27852,25174000.0,3441000.0,5484421,37.7891220467616,-122.416923746492,SFPD-CROSSROADS,CITY STREET,01/13/2012 08:58:00 PM,2012 January 13,20:58:00,2012,January,Friday,BUSH ST,HYDE ST,27.0,Clear,Injury (Complaint of Pain),Vehicle/Pedestrian,Pedestrian,Crossing Not in Crosswalk,Dry,"Holes, Deep Ruts",Dark - Street Lights,Midblock > 20ft,0.0,1,1.0,Pedestrian,South,Proceeding Straight,Driver,East,Entering Traffic,POINT (-122.41692 37.789124),50.0,6.0,3.0,21.0,20
47477,vw_geo_sfpd_cr_switrs_all_types_col_cty_union.fid-c18a0c2_186644fdb18_6d7d,14997,23890000.000000004,,180183358,37.7748087761,-122.400981568,SFPD-INTERIM DB,CITY STREET,03/08/2018 05:00:00 PM,2018 March 08,17:00:00,2018,March,Thursday,BRANNAN ST,06TH ST,0.0,Cloudy,Injury (Complaint of Pain),Vehicle/Pedestrian,Pedestrian,Crossing in Crosswalk at Intersection,Dry,No Unusual Condition,Daylight,Intersection <= 20ft,0.0,1,,Driver,South,Making Right Turn,Pedestrian,West,Proceeding Straight,POINT (-122.40098 37.774807),32.0,1.0,10.0,34.0,17