,id,unique_id,cnn_intrsctn_fkey,cnn_sgmt_fkey,case_id_pkey,tb_latitude,tb_longitude,geocode_source,geocode_location,collision_datetime,collision_date,collision_time,accident_year,month,day_of_week,primary_rd,secondary_rd,distance,weather_1,collision_severity,type_of_collision,mviw,ped_action,road_surface,road_cond_1,lighting,intersection,number_killed,number_injured,party_at_fault,party1_type,party1_dir_of_travel,party1_move_pre_acc,party2_type,party2_dir_of_travel,party2_move_pre_acc,point,Neighborhoods,Current Police Districts,Current Supervisor Districts,Analysis Neighborhoods,hour
47489,vw_geo_sfpd_cr_switrs_all_types_col_cty_union.fid-c18a0c2_186644fdb18_6165,25225,24596000.0,,5668841,37.7862094924201,-122.398977168366,SFPD-CROSSROADS,CITY STREET,03/08/2012 11:02:00 PM,2012 March 08,23:02:00,2012,March,Thursday,HOWARD ST,HOWARD ST,0.0,Clear,Injury (Other Visible),Vehicle/Pedestrian,Pedestrian,Crossing Not in Crosswalk,Dry,No Unusual Condition,Dark - Street Lights,Intersection <= 20ft,0.0,1,1.0,Pedestrian,North,Proceeding Straight,Driver,East,Backing,POINT (-122.39898 37.78621),32.0,1.0,10.0,8.0,23
47496,vw_geo_sfpd_cr_switrs_all_types_col_cty_union.fid-c18a0c2_186644fdb18_73a6,55691,24740000.000000004,,210491502,37.7916905839,-122.404219835,SFPD-INTERIM DB,CITY STREET,08/03/2021 12:49:00 PM,2021 August 03,12:49:00,2021,August,Tuesday,KEARNY ST,PINE ST,0.0,Clear,Injury (Complaint of Pain),Head-On,Pedestrian,Crossing in Crosswalk at Intersection,Dry,No Unusual Condition,Daylight,Intersection <= 20ft,0.0,1,1.0,Driver,West,Making Left Turn,Pedestrian,North,Proceeding Straight,POINT (-122.40422 37.79169),104.0,6.0,3.0,8.0,12
47501,vw_geo_sfpd_cr_switrs_all_types_col_cty_union.fid-c18a0c2_186644fdb18_60b6,28412,24756000.0,,5585514,37.7946662814912,-122.403139294842,SFPD-CROSSROADS,CITY STREET,02/08/2012 10:44:00 AM,2012 February 08,10:44:00,2012,February,Wednesday,MONTGOMERY ST,CLAY ST,0.0,Clear,Injury (Complaint of Pain),Vehicle/Pedestrian,Pedestrian,Crossing in Crosswalk at Intersection,Dry,No Unusual Condition,Daylight,Intersection <= 20ft,0.0,1,1.0,Driver,South,Making Right Turn,Pedestrian,West,Not Stated,POINT (-122.40314 37.794666),104.0,6.0,3.0,6.0,10
47506,vw_geo_sfpd_cr_switrs_all_types_col_cty_union.fid-c18a0c2_186644fdb18_63a2,8726,23960000.0,,5780435,37.7543984208712,-122.409253357125,SFPD-CROSSROADS,CITY STREET,07/12/2012 07:59:00 AM,2012 July 12,07:59:00,2012,July,Thursday,BRYANT ST,23RD ST,0.0,Clear,Injury (Complaint of Pain),Vehicle/Pedestrian,Pedestrian,Crossing in Crosswalk at Intersection,Dry,No Unusual Condition,Daylight,Intersection <= 20ft,0.0,1,1.0,Driver,North,Making Left Turn,Pedestrian,East,Proceeding Straight,POINT (-122.409256 37.7544),53.0,3.0,2.0,20.0,07
47507,vw_geo_sfpd_cr_switrs_all_types_col_cty_union.fid-c18a0c2_186644fdb18_724e,27824,24957000.000000004,,130098854,37.7897399068881,-122.41207586824,SFPD-CROSSROADS,CITY STREET,02/04/2013 06:30:00 AM,2013 February 04,06:30:00,2013,February,Monday,BUSH ST,TAYLOR ST,0.0,Clear,Injury (Other Visible),Vehicle/Pedestrian,Pedestrian,Crossing in Crosswalk at Intersection,Dry,No Unusual Condition,Dusk - Dawn,Intersection <= 20ft,0.0,1,1.0,Driver,East,Making Right Turn,Pedestrian,North,Proceeding Straight,POINT (-122.41208 37.78974),50.0,6.0,3.0,21.0,06
47510,vw_geo_sfpd_cr_switrs_all_types_col_cty_union.fid-c18a0c2_186644fdb18_6442,34972,26696000.0,8453201.0,5910242,37.8012827278987,-122.425203627965,SFPD-CROSSROADS,CITY STREET,03/25/2012 08:42:00 PM,2012 March 25,20:42:00,2012,March,Sunday,LOMBARD ST,VAN NESS AVE,191.0,Clear,Fatal,Vehicle/Pedestrian,Pedestrian,Crossing Not in Crosswalk,Dry,No Unusual Condition,Dark - Street Lights,Midblock > 20ft,1.0,0,1.0,Pedestrian,North,Not Stated,Driver,West,Changing Lanes,POINT (-122.4252 37.80128),17.0,4.0,6.0,13.0,20
47514,vw_geo_sfpd_cr_switrs_all_types_col_cty_union.fid-c18a0c2_186644fdb18_645d,15802,24313000.000000004,,5963842,37.7762305203006,-122.414711003362,SFPD-CROSSROADS,CITY STREET,08/31/2012 10:30:00 PM,2012 August 31,22:30:00,2012,August,Friday,MISSION ST,09TH ST,0.0,Clear,Injury (Complaint of Pain),Vehicle/Pedestrian,Pedestrian,Crossing in Crosswalk at Intersection,Dry,No Unusual Condition,Dark - Street Lights,Intersection <= 20ft,0.0,1,1.0,Driver,East,Making Right Turn,Pedestrian,North,Entering Traffic,POINT (-122.41471 37.77623),32.0,1.0,10.0,34.0,22
47516,vw_geo_sfpd_cr_switrs_all_types_col_cty_union.fid-c18a0c2_186644fdb18_66fc,23161,24510000.0,140000.0,6068220,37.7843022140631,-122.395149615817,SFPD-CROSSROADS,CITY STREET,09/22/2012 01:26:00 PM,2012 September 22,13:26:00,2012,September,Saturday,02ND ST,HARRISON ST,4.0,Clear,Injury (Other Visible),Vehicle/Pedestrian,Pedestrian,Crossing in Crosswalk at Intersection,Dry,No Unusual Condition,Daylight,Intersection <= 20ft,0.0,1,1.0,Driver,South,Making Left Turn,Pedestrian,East,Proceeding Straight,POINT (-122.39515 37.7843),32.0,1.0,10.0,8.0,13
47518,vw_geo_sfpd_cr_switrs_all_types_col_cty_union.fid-c18a0c2_186644fdb18_6145,20662,24436000.0,10546000.0,5592599,37.7775009506559,-122.418040931057,SFPD-CROSSROADS,CITY STREET,01/13/2012 06:40:00 PM,2012 January 13,18:40:00,2012,January,Friday,POLK ST,HAYES ST,4.0,Cloudy,Injury (Complaint of Pain),Vehicle/Pedestrian,Pedestrian,Crossing in Crosswalk at Intersection,Dry,No Unusual Condition,Dark - Street Lights,Intersection <= 20ft,0.0,1,1.0,Driver,West,Making Left Turn,Pedestrian,West,Other,POINT (-122.41804 37.7775),21.0,4.0,10.0,36.0,18
47521,vw_geo_sfpd_cr_switrs_all_types_col_cty_union.fid-c18a0c2_186644fdb18_646c,20252,30748000.000000004,13143201.0,6039443,37.7751889547135,-122.419239279914,SFPD-CROSSROADS,CITY STREET,10/12/2012 01:37:00 AM,2012 October 12,01:37:00,2012,October,Friday,VAN NESS AVE,MARKET ST,18.0,Raining,Injury (Severe),Vehicle/Pedestrian,Pedestrian,Crossing in Crosswalk at Intersection,Wet,No Unusual Condition,Dark - Street Lights,Intersection <= 20ft,0.0,1,1.0,Pedestrian,West,Proceeding Straight,Driver,South,Proceeding Straight,POINT (-122.41924 37.77519),21.0,1.0,10.0,36.0,01
47525,vw_geo_sfpd_cr_switrs_all_types_col_cty_union.fid-c18a0c2_186644fdb18_6793,29430,25196000.0,,6076562,37.7845466098482,-122.422838085992,SFPD-CROSSROADS,CITY STREET,05/04/2012 10:46:00 PM,2012 May 04,22:46:00,2012,May,Friday,FRANKLIN ST,STARR KING WAY,0.0,Clear,Injury (Complaint of Pain),Vehicle/Pedestrian,Pedestrian,Crossing in Crosswalk at Intersection,Dry,No Unusual Condition,Dark - Street Lights,Intersection <= 20ft,0.0,1,1.0,Driver,North,Making Left Turn,Pedestrian,East,Other,POINT (-122.42284 37.784546),100.0,4.0,11.0,39.0,22
47541,vw_geo_sfpd_cr_switrs_all_types_col_cty_union.fid-c18a0c2_186644fdb18_6d5b,57491,25175000.0,,220115134,37.7821692706,-122.418993273,SFPD-INTERIM DB,CITY STREET,02/19/2022 07:20:00 PM,2022 February 19,19:20:00,2022,February,Saturday,POLK ST,TURK ST,0.0,Clear,Injury (Other Visible),Vehicle/Pedestrian,Pedestrian,Crossing in Crosswalk at Intersection,Dry,No Unusual Condition,Dark - Street Lights,Intersection <= 20ft,0.0,1,1.0,Driver,West,Making Left Turn,Pedestrian,East,Proceeding Straight,POINT (-122.41899 37.78217),20.0,4.0,10.0,36.0,19
47543,vw_geo_sfpd_cr_switrs_all_types_col_cty_union.fid-c18a0c2_186644fdb18_6688,2001,21751000.0,9172201.0,6067172,37.7211600185781,-122.437467218751,SFPD-CROSSROADS,CITY STREET,08/29/2012 09:43:00 AM,2012 August 29,09:43:00,2012,August,Wednesday,MISSION ST,ONONDAGA AVE,2.0,Clear,Injury (Complaint of Pain),Vehicle/Pedestrian,Pedestrian,Crossing in Crosswalk at Intersection,Dry,No Unusual Condition,Daylight,Intersection <= 20ft,0.0,1,1.0,Driver,South,Proceeding Straight,Pedestrian,West,Proceeding Straight,POINT (-122.43747 37.72116),80.0,9.0,1.0,28.0,09
47545,vw_geo_sfpd_cr_switrs_all_types_col_cty_union.fid-c18a0c2_186644fdb18_625c,30722,26607000.000000004,,5737851,37.7860854287371,-122.433271579639,SFPD-CROSSROADS,CITY STREET,05/07/2012 07:35:00 AM,2012 May 07,07:35:00,2012,May,Monday,FILLMORE ST,SUTTER ST,0.0,Clear,Injury (Complaint of Pain),Broadside,Pedestrian,Crossing in Crosswalk at Intersection,Dry,No Unusual Condition,Daylight,Intersection <= 20ft,0.0,1,1.0,Driver,East,Making Left Turn,Pedestrian,West,Proceeding Straight,POINT (-122.43327 37.786087),101.0,4.0,11.0,30.0,07
47556,vw_geo_sfpd_cr_switrs_all_types_col_cty_union.fid-c18a0c2_186644fdb18_67ee,9099,23564000.0,,6080417,37.7604910087124,-122.388556398456,SFPD-CROSSROADS,CITY STREET,04/19/2012 04:35:00 PM,2012 April 19,16:35:00,2012,April,Thursday,03RD ST,20TH ST,0.0,Clear,Injury (Complaint of Pain),Vehicle/Pedestrian,Pedestrian,Crossing in Crosswalk at Intersection,Dry,No Unusual Condition,Daylight,Intersection <= 20ft,0.0,1,1.0,Pedestrian,West,Proceeding Straight,Driver,North,Making Left Turn,POINT (-122.38856 37.76049),55.0,2.0,9.0,26.0,16
47563,vw_geo_sfpd_cr_switrs_all_types_col_cty_union.fid-c18a0c2_186644fdb18_627a,34019,25453000.0,,5739574,37.8030339005714,-122.41138852769,SFPD-CROSSROADS,CITY STREET,05/29/2012 04:38:00 PM,2012 May 29,16:38:00,2012,May,Tuesday,POWELL ST,LOMBARD ST,0.0,Clear,Injury (Complaint of Pain),Vehicle/Pedestrian,Pedestrian,Crossing in Crosswalk at Intersection,Dry,No Unusual Condition,Daylight,Intersection <= 20ft,0.0,1,1.0,Driver,South,Proceeding Straight,Pedestrian,West,Proceeding Straight,POINT (-122.41139 37.803036),106.0,6.0,3.0,23.0,16
47564,vw_geo_sfpd_cr_switrs_all_types_col_cty_union.fid-c18a0c2_186644fdb18_6f56,57766,21400000.0,,220141963,37.7150382188,-122.432323401,SFPD-INTERIM DB,CITY STREET,03/03/2022 08:08:00 AM,2022 March 03,08:08:00,2022,March,Thursday,ITALY AVE,MOSCOW ST,0.0,Cloudy,Injury (Severe),Broadside,Pedestrian,Crossing in Crosswalk at Intersection,Wet,No Unusual Condition,Daylight,Intersection <= 20ft,0.0,1,1.0,Driver,North,Making Left Turn,Pedestrian,West,Proceeding Straight,POINT (-122.43232 37.71504),90.0,9.0,1.0,7.0,08
47568,vw_geo_sfpd_cr_switrs_all_types_col_cty_union.fid-c18a0c2_186644fdb18_6699,27536,24673000.0,,6067190,37.792408220587,-122.39858783403,SFPD-CROSSROADS,CITY STREET,08/27/2012 02:30:00 PM,2012 August 27,14:30:00,2012,August,Monday,PINE ST,FRONT ST,0.0,Clear,Injury (Complaint of Pain),Vehicle/Pedestrian,Pedestrian,Crossing in Crosswalk at Intersection,Dry,No Unusual Condition,Daylight,Intersection <= 20ft,0.0,1,1.0,Driver,West,Making Left Turn,Pedestrian,South,Proceeding Straight,POINT (-122.39859 37.792408),108.0,6.0,3.0,8.0,14
47572,vw_geo_sfpd_cr_switrs_all_types_col_cty_union.fid-c18a0c2_186644fdb18_737b,56266,20688000.0,,210464957,37.7384036686,-122.395381906,SFPD-INTERIM DB,CITY STREET,07/23/2021 12:54:00 AM,2021 July 23,00:54:00,2021,July,Friday,NEWCOMB AVE,QUINT ST,0.0,Clear,Injury (Severe),Vehicle/Pedestrian,Pedestrian,Crossing in Crosswalk at Intersection,Dry,No Unusual Condition,Dark - Street Lights,Intersection <= 20ft,0.0,1,1.0,Driver,East,Proceeding Straight,Pedestrian,South,Proceeding Straight,POINT (-122.39538 37.738403),86.0,2.0,9.0,1.0,00
47579,vw_geo_sfpd_cr_switrs_all_types_col_cty_union.fid-c18a0c2_186644fdb18_5fd3,25855,24645000.0,6107000.0,5484633,37.7879423163009,-122.40365470368,SFPD-CROSSROADS,CITY STREET,01/07/2012 08:12:00 PM,2012 January 07,20:12:00,2012,January,Saturday,GEARY ST,KEARNY ST,48.0,Clear,Injury (Severe),Vehicle/Pedestrian,Pedestrian,Crossing Not in Crosswalk,Dry,No Unusual Condition,Dark - Street Lights,Midblock > 20ft,0.0,1,1.0,Pedestrian,North,Proceeding Straight,Driver,West,Proceeding Straight,POINT (-122.403656 37.78794),19.0,6.0,3.0,8.0,20
47581,vw_geo_sfpd_cr_switrs_all_types_col_cty_union.fid-c18a0c2_186644fdb18_7076,13671,24237000.000000004,,130733624,37.7700517182252,-122.413046079289,SFPD-CROSSROADS,CITY STREET,09/03/2013 02:10:00 AM,2013 September 03,02:10:00,2013,September,Tuesday,HARRISON ST,12TH ST,0.0,Clear,Injury (Complaint of Pain),Vehicle/Pedestrian,Pedestrian,Crossing in Crosswalk at Intersection,Dry,No Unusual Condition,Dark - Street Lights,Intersection <= 20ft,0.0,1,1.0,Driver,East,Proceeding Straight,Pedestrian,South,Proceeding Straight,POINT (-122.41305 37.77005),32.0,1.0,10.0,20.0,02
47583,vw_geo_sfpd_cr_switrs_all_types_col_cty_union.fid-c18a0c2_186644fdb18_64bb,10247,24094000.000000004,1264000.0,6046538,37.7538376636755,-122.418576061161,SFPD-CROSSROADS,CITY STREET,12/05/2012 06:55:00 AM,2012 December 05,06:55:00,2012,December,Wednesday,23RD ST,MISSION ST,5.0,Raining,Injury (Other Visible),Vehicle/Pedestrian,Pedestrian,Crossing in Crosswalk at Intersection,Wet,No Unusual Condition,Dark - Street Lights,Intersection <= 20ft,0.0,1,1.0,Driver,North,Making Right Turn,Pedestrian,South,Proceeding Straight,POINT (-122.41858 37.753838),53.0,3.0,2.0,20.0,06
47588,vw_geo_sfpd_cr_switrs_all_types_col_cty_union.fid-c18a0c2_186644fdb18_67df,19858,26345000.0,,6080402,37.7720803942368,-122.445716665312,SFPD-CROSSROADS,CITY STREET,04/03/2012 04:59:00 PM,2012 April 03,16:59:00,2012,April,Tuesday,MASONIC AVE,OAK ST,0.0,Clear,Injury (Complaint of Pain),Vehicle/Pedestrian,Pedestrian,Crossing in Crosswalk at Intersection,Dry,No Unusual Condition,Daylight,Intersection <= 20ft,0.0,1,1.0,Driver,North,Making Left Turn,Pedestrian,West,Proceeding Straight,POINT (-122.44572 37.77208),24.0,7.0,11.0,12.0,16
47591,vw_geo_sfpd_cr_switrs_all_types_col_cty_union.fid-c18a0c2_186644fdb18_6973,32200,25225000.0,13158201.0,6135486,37.790647959624,-122.422280112825,SFPD-CROSSROADS,CITY STREET,06/16/2012 04:32:00 PM,2012 June 16,16:32:00,2012,June,Saturday,VAN NESS AVE,CALIFORNIA ST,98.0,Clear,Injury (Complaint of Pain),Vehicle/Pedestrian,Pedestrian,"In Road, Including Shoulder",Dry,No Unusual Condition,Daylight,Midblock > 20ft,0.0,1,1.0,Pedestrian,North,Not Stated,Driver,South,Backing,POINT (-122.42228 37.79065),105.0,4.0,3.0,21.0,16
47595,vw_geo_sfpd_cr_switrs_all_types_col_cty_union.fid-c18a0c2_186644fdb18_72c5,57858,30765000.0,,220229967,37.7985800538962,-122.401051293017,SFPD-INTERIM DB,CITY STREET,04/08/2022 10:05:00 AM,2022 April 08,10:05:00,2022,April,Friday,BROADWAY,BATTERY ST,0.0,Clear,Injury (Complaint of Pain),Vehicle/Pedestrian,Pedestrian,Crossing in Crosswalk at Intersection,Dry,No Unusual Condition,Daylight,Intersection <= 20ft,0.0,1,,Driver,East,Making Right Turn,Pedestrian,North,Proceeding Straight,POINT (-122.401054 37.79858),77.0,6.0,3.0,8.0,10
47600,vw_geo_sfpd_cr_switrs_all_types_col_cty_union.fid-c18a0c2_186644fdb18_66a8,23004,24484000.0,144000.0,6068104,37.7824806524499,-122.392871069261,SFPD-CROSSROADS,CITY STREET,09/26/2012 06:48:00 PM,2012 September 26,18:48:00,2012,September,Wednesday,02ND ST,SOUTH PARK,12.0,Clear,Injury (Other Visible),Sideswipe,Pedestrian,Crossing in Crosswalk at Intersection,Dry,No Unusual Condition,Daylight,Intersection <= 20ft,0.0,1,1.0,Driver,North,Proceeding Straight,Pedestrian,West,Proceeding Straight,POINT (-122.39287 37.782482),31.0,1.0,10.0,8.0,18
47609,vw_geo_sfpd_cr_switrs_all_types_col_cty_union.fid-c18a0c2_186644fdb18_67c9,26054,24941000.0,,6076823,37.786939706966,-122.411515767762,SFPD-CROSSROADS,CITY STREET,12/13/2012 11:45:00 AM,2012 December 13,11:45:00,2012,December,Thursday,GEARY ST,TAYLOR ST,0.0,Clear,Injury (Other Visible),Vehicle/Pedestrian,Pedestrian,Crossing in Crosswalk at Intersection,Dry,No Unusual Condition,Daylight,Intersection <= 20ft,0.0,1,1.0,Driver,West,Making Left Turn,Pedestrian,South,Proceeding Straight,POINT (-122.411514 37.78694),20.0,6.0,3.0,36.0,11
47611,vw_geo_sfpd_cr_switrs_all_types_col_cty_union.fid-c18a0c2_186644fdb18_5ed0,32497,25304000.000000004,,5455978,37.7941439798762,-122.421404355934,SFPD-CROSSROADS,CITY STREET,01/20/2012 05:12:00 PM,2012 January 20,17:12:00,2012,January,Friday,POLK ST,JACKSON ST,0.0,Raining,Injury (Complaint of Pain),Vehicle/Pedestrian,Pedestrian,Crossing in Crosswalk at Intersection,Wet,No Unusual Condition,Dark - Street Lights,Intersection <= 20ft,0.0,1,1.0,Driver,West,Making Left Turn,Pedestrian,West,Proceeding Straight,POINT (-122.4214 37.794144),105.0,4.0,3.0,32.0,17
47619,vw_geo_sfpd_cr_switrs_all_types_col_cty_union.fid-c18a0c2_186644fdb18_63f5,40707,27153000.0,395000.0,5810533,37.7657120576896,-122.465358620957,SFPD-CROSSROADS,CITY STREET,08/23/2012 02:00:00 PM,2012 August 23,14:00:00,2012,August,Thursday,08TH AVE,LINCOLN WAY,94.0,Clear,Injury (Complaint of Pain),Vehicle/Pedestrian,Pedestrian,Crossing Not in Crosswalk,Dry,No Unusual Condition,Daylight,Midblock > 20ft,0.0,1,1.0,Driver,South,Backing,Pedestrian,East,Other,POINT (-122.465355 37.765713),109.0,10.0,11.0,14.0,14
47625,vw_geo_sfpd_cr_switrs_all_types_col_cty_union.fid-c18a0c2_186644fdb18_6dc7,57569,20507000.0,219101.0,220160468,37.7300071073,-122.392337366,SFPD-INTERIM DB,CITY STREET,03/10/2022 05:42:00 PM,2022 March 10,17:42:00,2022,March,Thursday,03RD ST,UNDERWOOD AVE,22.0,Clear,Injury (Other Visible),Vehicle/Pedestrian,Pedestrian,Crossing Not in Crosswalk,Dry,No Unusual Condition,Daylight,Midblock > 20ft,0.0,1,1.0,Pedestrian,West,Entering Traffic,Driver,North,Proceeding Straight,POINT (-122.392334 37.730007),86.0,2.0,9.0,1.0,17
47630,vw_geo_sfpd_cr_switrs_all_types_col_cty_union.fid-c18a0c2_186644fdb18_63f7,30916,26619000.0,11697000.0,5810558,37.7829697508468,-122.437695853993,SFPD-CROSSROADS,CITY STREET,08/24/2012 01:30:00 PM,2012 August 24,13:30:00,2012,August,Friday,SCOTT ST,OFARRELL ST,113.0,Clear,Injury (Other Visible),Vehicle/Pedestrian,Pedestrian,Crossing Not in Crosswalk,Dry,No Unusual Condition,Daylight,Midblock > 20ft,0.0,1,1.0,Pedestrian,East,Entering Traffic,Driver,South,Proceeding Straight,POINT (-122.4377 37.78297),97.0,4.0,11.0,39.0,13
47639,vw_geo_sfpd_cr_switrs_all_types_col_cty_union.fid-c18a0c2_186644fdb18_7141,57956,26200000.0,,220297964,37.761781413692,-122.446783403932,SFPD-INTERIM DB,CITY STREET,05/06/2022 08:34:00 PM,2022 May 06,20:34:00,2022,May,Friday,17TH ST,CLAYTON ST,0.0,Raining,Injury (Other Visible),Vehicle/Pedestrian,Pedestrian,Crossing in Crosswalk at Intersection,Wet,No Unusual Condition,Dark - Street Lights,Intersection <= 20ft,0.0,1,1.0,Driver,South,Making Left Turn,Pedestrian,South,Proceeding Straight,POINT (-122.446785 37.76178),114.0,7.0,11.0,14.0,20
47642,vw_geo_sfpd_cr_switrs_all_types_col_cty_union.fid-c18a0c2_186644fdb18_62c6,29257,25179000.0,9734000.0,5761050,37.7850046941139,-122.419194352454,SFPD-CROSSROADS,CITY STREET,06/11/2012 06:31:00 PM,2012 June 11,18:31:00,2012,June,Monday,OFARRELL ST,POLK ST,103.0,Clear,Injury (Other Visible),Vehicle/Pedestrian,Pedestrian,Crossing Not in Crosswalk,Dry,No Unusual Condition,Dusk - Dawn,Midblock > 20ft,0.0,1,1.0,Pedestrian,South,Not Stated,Driver,East,Proceeding Straight,POINT (-122.4192 37.785004),20.0,5.0,10.0,36.0,18
47660,vw_geo_sfpd_cr_switrs_all_types_col_cty_union.fid-c18a0c2_186644fdb18_659e,40683,27174000.0,560000.0,6058795,37.7638263998017,-122.471669525842,SFPD-CROSSROADS,CITY STREET,03/29/2012 07:22:00 PM,2012 March 29,19:22:00,2012,March,Thursday,14TH AVE,IRVING ST,9.0,Clear,Injury (Complaint of Pain),Vehicle/Pedestrian,Pedestrian,Crossing in Crosswalk at Intersection,Dry,No Unusual Condition,Dusk - Dawn,Intersection <= 20ft,0.0,1,1.0,Driver,North,Making Left Turn,Pedestrian,West,Proceeding Straight,POINT (-122.47167 37.76383),109.0,10.0,11.0,14.0,19
47664,vw_geo_sfpd_cr_switrs_all_types_col_cty_union.fid-c18a0c2_186644fdb18_6e83,57735,20306000.0,,220122480,37.7088536055,-122.405109454,SFPD-INTERIM DB,CITY STREET,02/23/2022 07:25:00 AM,2022 February 23,07:25:00,2022,February,Wednesday,SUNNYDALE AVE,BAY SHORE BLVD,0.0,Clear,Injury (Complaint of Pain),Vehicle/Pedestrian,Pedestrian,Crossing in Crosswalk at Intersection,Dry,No Unusual Condition,Daylight,Intersection <= 20ft,0.0,1,1.0,Driver,East,Making Right Turn,Pedestrian,South,Proceeding Straight,POINT (-122.40511 37.708855),89.0,9.0,9.0,40.0,07
47673,vw_geo_sfpd_cr_switrs_all_types_col_cty_union.fid-c18a0c2_186644fdb18_647b,4648,50939000.0,5201000.0,6040329,37.7328400106551,-122.417318417042,SFPD-CROSSROADS,CITY STREET,10/17/2012 05:44:00 PM,2012 October 17,17:44:00,2012,October,Wednesday,ELLSWORTH ST,ALEMANY BLVD,528.0,Clear,Injury (Other Visible),Broadside,Pedestrian,Crossing Not in Crosswalk,Dry,No Unusual Condition,Daylight,Midblock > 20ft,0.0,1,1.0,Pedestrian,South,Proceeding Straight,Driver,East,Proceeding Straight,POINT (-122.41732 37.73284),83.0,9.0,2.0,2.0,17
47676,vw_geo_sfpd_cr_switrs_all_types_col_cty_union.fid-c18a0c2_186644fdb18_6498,1725,21486000.0,,6046463,37.7164595455178,-122.441019562439,SFPD-CROSSROADS,CITY STREET,11/30/2012 01:05:00 AM,2012 November 30,01:05:00,2012,November,Friday,MISSION ST,GENEVA AVE,0.0,Cloudy,Injury (Complaint of Pain),Head-On,Pedestrian,Crossing in Crosswalk at Intersection,Wet,No Unusual Condition,Dark - Street Lights,Intersection <= 20ft,0.0,1,1.0,Driver,East,Making Left Turn,Pedestrian,South,Proceeding Straight,POINT (-122.44102 37.71646),80.0,9.0,1.0,28.0,01
47690,vw_geo_sfpd_cr_switrs_all_types_col_cty_union.fid-c18a0c2_186644fdb18_63b0,19857,26345000.0,,5780467,37.7720803942368,-122.445716665312,SFPD-CROSSROADS,CITY STREET,07/21/2012 02:04:00 PM,2012 July 21,14:04:00,2012,July,Saturday,MASONIC AVE,OAK ST,0.0,Clear,Injury (Severe),Vehicle/Pedestrian,Pedestrian,Crossing in Crosswalk at Intersection,Dry,No Unusual Condition,Daylight,Intersection <= 20ft,0.0,1,1.0,Pedestrian,West,Proceeding Straight,Driver,South,Proceeding Straight,POINT (-122.44572 37.77208),24.0,7.0,11.0,12.0,14
47691,vw_geo_sfpd_cr_switrs_all_types_col_cty_union.fid-c18a0c2_186644fdb18_6772,43475,27284000.0,6062201.0,6076516,37.7810254728875,-122.464293136472,SFPD-CROSSROADS,CITY STREET,04/11/2012 01:26:00 PM,2012 April 11,13:26:00,2012,April,Wednesday,GEARY BLVD,06TH AVE,6.0,Cloudy,Injury (Other Visible),Vehicle/Pedestrian,Pedestrian,Crossing in Crosswalk at Intersection,Dry,No Unusual Condition,Daylight,Intersection <= 20ft,0.0,1,1.0,Driver,East,Stopped In Road,Pedestrian,North,Proceeding Straight,POINT (-122.464294 37.781025),5.0,8.0,4.0,11.0,13
47706,vw_geo_sfpd_cr_switrs_all_types_col_cty_union.fid-c18a0c2_186644fdb18_628e,38889,22882000.0,4060000.0,5748121,37.743742094855,-122.463687045257,SFPD-CROSSROADS,CITY STREET,05/04/2012 08:34:00 AM,2012 May 04,08:34:00,2012,May,Friday,CLAREMONT BLVD,DEWEY BLVD,3.0,Clear,Injury (Complaint of Pain),Vehicle/Pedestrian,Pedestrian,Crossing in Crosswalk at Intersection,Dry,No Unusual Condition,Daylight,Intersection <= 20ft,0.0,1,1.0,Driver,North,Proceeding Straight,Pedestrian,West,Not Stated,POINT (-122.463684 37.743744),49.0,10.0,8.0,41.0,08
47715,vw_geo_sfpd_cr_switrs_all_types_col_cty_union.fid-c18a0c2_186644fdb18_62e6,4810,21699000.0,9149201.0,5762256,37.733684575124,-122.426388613272,SFPD-CROSSROADS,CITY STREET,06/07/2012 09:42:00 AM,2012 June 07,09:42:00,2012,June,Thursday,MISSION ST,BOSWORTH ST,4.0,Clear,Injury (Other Visible),Vehicle/Pedestrian,Pedestrian,Crossing in Crosswalk at Intersection,Dry,"Holes, Deep Ruts",Daylight,Intersection <= 20ft,0.0,1,1.0,Driver,South,Making Right Turn,Pedestrian,West,Proceeding Straight,POINT (-122.42639 37.733685),93.0,9.0,5.0,28.0,09
47724,vw_geo_sfpd_cr_switrs_all_types_col_cty_union.fid-c18a0c2_186644fdb18_64ff,12215,24171000.0,9115000.0,6049359,37.7659289320454,-122.419753504952,SFPD-CROSSROADS,CITY STREET,12/15/2012 05:50:00 PM,2012 December 15,17:50:00,2012,December,Saturday,MISSION ST,15TH ST,272.0,Raining,Injury (Complaint of Pain),Vehicle/Pedestrian,Pedestrian,Crossing Not in Crosswalk,Wet,No Unusual Condition,Dark - Street Lights,Midblock > 20ft,0.0,1,1.0,Pedestrian,East,Other,Driver,South,Proceeding Straight,POINT (-122.419754 37.76593),53.0,3.0,2.0,20.0,17
47729,vw_geo_sfpd_cr_switrs_all_types_col_cty_union.fid-c18a0c2_186644fdb18_67ce,32355,26561000.0,11253000.0,6079125,37.7902552614951,-122.430711469397,SFPD-CROSSROADS,CITY STREET,08/08/2012 08:14:00 AM,2012 August 08,08:14:00,2012,August,Wednesday,SACRAMENTO ST,BUCHANAN ST,7.0,Clear,Injury (Complaint of Pain),Vehicle/Pedestrian,Pedestrian,Crossing in Crosswalk at Intersection,Dry,No Unusual Condition,Daylight,Intersection <= 20ft,0.0,1,1.0,Driver,East,Proceeding Straight,Pedestrian,North,Proceeding Straight,POINT (-122.43071 37.790257),102.0,4.0,6.0,30.0,08