,id,unique_id,cnn_intrsctn_fkey,cnn_sgmt_fkey,case_id_pkey,tb_latitude,tb_longitude,geocode_source,geocode_location,collision_datetime,collision_date,collision_time,accident_year,month,day_of_week,primary_rd,secondary_rd,distance,weather_1,collision_severity,type_of_collision,mviw,ped_action,road_surface,road_cond_1,lighting,intersection,number_killed,number_injured,party_at_fault,party1_type,party1_dir_of_travel,party1_move_pre_acc,party2_type,party2_dir_of_travel,party2_move_pre_acc,point,Neighborhoods,Current Police Districts,Current Supervisor Districts,Analysis Neighborhoods,hour
47736,vw_geo_sfpd_cr_switrs_all_types_col_cty_union.fid-c18a0c2_186644fdb18_67e9,19366,26414000.0,,6080412,37.7695260443481,-122.450710180788,SFPD-CROSSROADS,CITY STREET,04/20/2012 10:58:00 AM,2012 April 20,10:58:00,2012,April,Friday,HAIGHT ST,COLE ST,0.0,Clear,Injury (Complaint of Pain),Vehicle/Pedestrian,Pedestrian,Crossing in Crosswalk at Intersection,Dry,No Unusual Condition,Daylight,Intersection <= 20ft,0.0,1,1.0,Driver,East,Proceeding Straight,Pedestrian,North,Proceeding Straight,POINT (-122.45071 37.769527),25.0,7.0,11.0,3.0,10
47744,vw_geo_sfpd_cr_switrs_all_types_col_cty_union.fid-c18a0c2_186644fdb18_64db,24073,34016000.0,8747202.0,6049284,37.7848941240141,-122.406990004988,SFPD-CROSSROADS,CITY STREET,12/26/2012 01:09:00 PM,2012 December 26,13:09:00,2012,December,Wednesday,MARKET ST,05TH ST,452.0,Cloudy,Injury (Complaint of Pain),Vehicle/Pedestrian,Pedestrian,Crossing in Crosswalk Not at Intersection,Wet,No Unusual Condition,Daylight,Midblock > 20ft,0.0,1,1.0,Pedestrian,North,Proceeding Straight,Driver,East,Proceeding Straight,POINT (-122.40699 37.784893),19.0,5.0,10.0,34.0,13
47747,vw_geo_sfpd_cr_switrs_all_types_col_cty_union.fid-c18a0c2_186644fdb18_66ab,25902,24895000.0,4570000.0,6068110,37.7852934326442,-122.408649456407,SFPD-CROSSROADS,CITY STREET,08/08/2012 09:24:00 PM,2012 August 08,21:24:00,2012,August,Wednesday,CYRIL MAGNIN ST,ELLIS ST,35.0,Clear,Injury (Complaint of Pain),Vehicle/Pedestrian,Pedestrian,"In Road, Including Shoulder",Dry,No Unusual Condition,Dark - Street Lights,Midblock > 20ft,0.0,1,1.0,Driver,North,Stopped In Road,Pedestrian,West,Other,POINT (-122.40865 37.785294),19.0,5.0,3.0,36.0,21
47748,vw_geo_sfpd_cr_switrs_all_types_col_cty_union.fid-c18a0c2_186644fdb18_629f,40328,27710000.0,7868000.0,5760386,37.7592654925616,-122.489707848608,SFPD-CROSSROADS,CITY STREET,06/09/2012 10:07:00 PM,2012 June 09,22:07:00,2012,June,Saturday,KIRKHAM ST,31ST AVE,4.0,Clear,Injury (Complaint of Pain),Vehicle/Pedestrian,Pedestrian,Crossing in Crosswalk at Intersection,Dry,No Unusual Condition,Dark - Street Lights,Intersection <= 20ft,0.0,1,1.0,Driver,East,Proceeding Straight,Pedestrian,South,Proceeding Straight,POINT (-122.48971 37.759266),39.0,10.0,7.0,35.0,22
47749,vw_geo_sfpd_cr_switrs_all_types_col_cty_union.fid-c18a0c2_186644fdb18_609e,18271,24390000.0,,5584959,37.7717702499083,-122.420344368153,SFPD-CROSSROADS,CITY STREET,02/14/2012 12:31:00 PM,2012 February 14,12:31:00,2012,February,Tuesday,GOUGH ST,OTIS ST,0.0,Clear,Injury (Complaint of Pain),Vehicle/Pedestrian,Pedestrian,Crossing in Crosswalk at Intersection,Dry,No Unusual Condition,Daylight,Intersection <= 20ft,0.0,1,1.0,Driver,West,Proceeding Straight,Pedestrian,North,Not Stated,POINT (-122.42034 37.77177),32.0,1.0,10.0,20.0,12
47752,vw_geo_sfpd_cr_switrs_all_types_col_cty_union.fid-c18a0c2_186644fdb18_6592,45113,27543000.000000004,4172000.0,6058760,37.7821192133373,-122.482699205466,SFPD-CROSSROADS,CITY STREET,03/28/2012 02:19:00 PM,2012 March 28,14:19:00,2012,March,Wednesday,CLEMENT ST,23RD AVE,10.0,Clear,Injury (Severe),Vehicle/Pedestrian,Pedestrian,Crossing in Crosswalk at Intersection,Dry,No Unusual Condition,Daylight,Intersection <= 20ft,0.0,1,1.0,Driver,West,Proceeding Straight,Pedestrian,East,Other,POINT (-122.4827 37.78212),8.0,8.0,4.0,29.0,14
47774,vw_geo_sfpd_cr_switrs_all_types_col_cty_union.fid-c18a0c2_186644fdb18_60b1,1214,21503000.0,,5585498,37.712160781042,-122.446799980544,SFPD-CROSSROADS,CITY STREET,02/15/2012 05:00:00 PM,2012 February 15,17:00:00,2012,February,Wednesday,NAGLEE AVE,ELLINGTON AVE,0.0,Clear,Injury (Complaint of Pain),Broadside,Pedestrian,Crossing in Crosswalk at Intersection,Dry,No Unusual Condition,Daylight,Intersection <= 20ft,0.0,1,1.0,Pedestrian,South,Proceeding Straight,Driver,West,Proceeding Straight,POINT (-122.4468 37.712162),66.0,9.0,1.0,28.0,17
47781,vw_geo_sfpd_cr_switrs_all_types_col_cty_union.fid-c18a0c2_186644fdb18_730d,51986,27537000.000000004,,190793737,37.7802802385,-122.480450628,SFPD-INTERIM DB,CITY STREET,10/21/2019 11:06:00 AM,2019 October 21,11:06:00,2019,October,Monday,GEARY BLVD,21ST AVE,0.0,Clear,Injury (Other Visible),Vehicle/Pedestrian,Pedestrian,Crossing in Crosswalk at Intersection,Dry,No Unusual Condition,Daylight,Intersection <= 20ft,0.0,1,,Driver,East,Making Left Turn,Pedestrian,North,Proceeding Straight,POINT (-122.48045 37.78028),8.0,8.0,4.0,29.0,11
47785,vw_geo_sfpd_cr_switrs_all_types_col_cty_union.fid-c18a0c2_186644fdb18_6de7,57592,20725000.0,,220170843,37.7472623479,-122.396008614,SFPD-INTERIM DB,CITY STREET,03/15/2022 08:05:00 AM,2022 March 15,08:05:00,2022,March,Tuesday,NAPOLEON ST,EVANS AVE,0.0,Cloudy,Injury (Severe),Vehicle/Pedestrian,Pedestrian,Crossing in Crosswalk at Intersection,Wet,No Unusual Condition,Daylight,Intersection <= 20ft,0.0,1,1.0,Driver,North,Proceeding Straight,Pedestrian,West,Other,POINT (-122.39601 37.74726),85.0,2.0,9.0,1.0,08
47789,vw_geo_sfpd_cr_switrs_all_types_col_cty_union.fid-c18a0c2_186644fdb18_607e,8146,22341000.000000004,10612201.0,5584925,37.7469576497672,-122.444883178416,SFPD-CROSSROADS,CITY STREET,02/07/2012 05:23:00 PM,2012 February 07,17:23:00,2012,February,Tuesday,PORTOLA DR,CLIPPER ST,13.0,Cloudy,Injury (Other Visible),Vehicle/Pedestrian,Pedestrian,Crossing in Crosswalk at Intersection,Wet,No Unusual Condition,Dusk - Dawn,Intersection <= 20ft,0.0,1,1.0,Driver,East,Proceeding Straight,Pedestrian,North,Proceeding Straight,POINT (-122.444885 37.746956),48.0,9.0,5.0,22.0,17
47790,vw_geo_sfpd_cr_switrs_all_types_col_cty_union.fid-c18a0c2_186644fdb18_6457,31283,26904000.0,8842000.0,5910264,37.7840880278455,-122.447374980798,SFPD-CROSSROADS,CITY STREET,05/06/2012 05:20:00 PM,2012 May 06,17:20:00,2012,May,Sunday,MASONIC AVE,EUCLID AVE,370.0,Clear,Fatal,Vehicle/Pedestrian,Pedestrian,Crossing Not in Crosswalk,Dry,No Unusual Condition,Daylight,Midblock > 20ft,1.0,0,2.0,Pedestrian,West,Proceeding Straight,Driver,South,Proceeding Straight,POINT (-122.44737 37.78409),11.0,8.0,6.0,31.0,17
47791,vw_geo_sfpd_cr_switrs_all_types_col_cty_union.fid-c18a0c2_186644fdb18_656a,42253,27258000.0,5913000.0,6049505,37.7733997472768,-122.465848169417,SFPD-CROSSROADS,CITY STREET,10/31/2012 07:48:00 PM,2012 October 31,19:48:00,2012,October,Wednesday,FULTON ST,08TH AVE,10.0,Raining,Injury (Complaint of Pain),Vehicle/Pedestrian,Pedestrian,Crossing in Crosswalk at Intersection,Wet,No Unusual Condition,Dark - Street Lights,Intersection <= 20ft,0.0,1,1.0,Driver,East,Making Left Turn,Pedestrian,South,Proceeding Straight,POINT (-122.46585 37.7734),9.0,8.0,4.0,11.0,19
47799,vw_geo_sfpd_cr_switrs_all_types_col_cty_union.fid-c18a0c2_186644fdb18_650e,10788,25789000.0,6768000.0,6049374,37.7580423464343,-122.433618744595,SFPD-CROSSROADS,CITY STREET,11/08/2012 07:55:00 PM,2012 November 08,19:55:00,2012,November,Thursday,HARTFORD ST,20TH ST,105.0,Clear,Injury (Other Visible),Vehicle/Pedestrian,Pedestrian,"In Road, Including Shoulder",Dry,No Unusual Condition,Dark - Street Lights,Midblock > 20ft,0.0,1,1.0,Driver,South,Other,Pedestrian,West,Other,POINT (-122.43362 37.75804),115.0,3.0,5.0,5.0,19
47805,vw_geo_sfpd_cr_switrs_all_types_col_cty_union.fid-c18a0c2_186644fdb18_67bf,42116,27187000.0,,6076749,37.7717764872465,-122.462047129879,SFPD-CROSSROADS,CITY STREET,07/27/2012 07:27:00 AM,2012 July 27,07:27:00,2012,July,Friday,JOHN F KENNEDY DR,CONSERVATORY DR WEST,0.0,Clear,Injury (Complaint of Pain),Vehicle/Pedestrian,Pedestrian,Crossing in Crosswalk at Intersection,Wet,No Unusual Condition,Daylight,Intersection <= 20ft,0.0,1,1.0,Driver,South,Making Right Turn,Pedestrian,West,Proceeding Straight,POINT (-122.46204 37.77178),9.0,7.0,4.0,12.0,07
47808,vw_geo_sfpd_cr_switrs_all_types_col_cty_union.fid-c18a0c2_186644fdb18_668b,7882,24092000.000000004,1347000.0,6067175,37.7521750243122,-122.419498331406,SFPD-CROSSROADS,CITY STREET,09/03/2012 01:40:00 PM,2012 September 03,13:40:00,2012,September,Monday,24TH ST,BARTLETT ST,17.0,Clear,Injury (Other Visible),Vehicle/Pedestrian,Pedestrian,Crossing Not in Crosswalk,Dry,No Unusual Condition,Daylight,Intersection <= 20ft,0.0,1,1.0,Pedestrian,North,Proceeding Straight,Driver,East,Proceeding Straight,POINT (-122.419495 37.752174),53.0,3.0,2.0,20.0,13
47811,vw_geo_sfpd_cr_switrs_all_types_col_cty_union.fid-c18a0c2_186644fdb18_723f,27138,24607000.0,12165000.0,130545601,37.7895606266308,-122.399868966147,SFPD-CROSSROADS,CITY STREET,07/03/2013 09:30:00 AM,2013 July 03,09:30:00,2013,July,Wednesday,STEVENSON ST,02ND ST,385.0,Clear,Injury (Complaint of Pain),Vehicle/Pedestrian,Pedestrian,"In Road, Including Shoulder",Dry,No Unusual Condition,Daylight,Midblock > 20ft,0.0,1,1.0,Driver,East,Proceeding Straight,Pedestrian,North,Stopped In Road,POINT (-122.39987 37.789562),108.0,6.0,10.0,8.0,09
47818,vw_geo_sfpd_cr_switrs_all_types_col_cty_union.fid-c18a0c2_186644fdb18_6d3b,57620,26763000.0,5568101.0,220159314,37.8008406339,-122.436309186,SFPD-INTERIM DB,CITY STREET,03/10/2022 09:27:00 AM,2022 March 10,09:27:00,2022,March,Thursday,FILLMORE ST,CHESTNUT ST,14.0,Clear,Fatal,Vehicle/Pedestrian,Pedestrian,Crossing in Crosswalk at Intersection,Dry,No Unusual Condition,Daylight,Intersection <= 20ft,1.0,0,1.0,Pedestrian,West,Not Stated,Driver,North,Making Right Turn,POINT (-122.43631 37.800842),17.0,4.0,6.0,13.0,09
47819,vw_geo_sfpd_cr_switrs_all_types_col_cty_union.fid-c18a0c2_186644fdb18_628d,10467,25623000.0,6584201.0,5748120,37.755159867386,-122.423184181314,SFPD-CROSSROADS,CITY STREET,06/04/2012 07:40:00 AM,2012 June 04,07:40:00,2012,June,Monday,GUERRERO ST,22ND ST,4.0,Raining,Injury (Other Visible),Vehicle/Pedestrian,Pedestrian,Crossing in Crosswalk at Intersection,Wet,No Unusual Condition,Daylight,Intersection <= 20ft,0.0,1,1.0,Driver,South,Making Left Turn,Pedestrian,East,Proceeding Straight,POINT (-122.42319 37.75516),52.0,3.0,5.0,20.0,07
47831,vw_geo_sfpd_cr_switrs_all_types_col_cty_union.fid-c18a0c2_186644fdb18_6643,42780,27519000.0,5931000.0,6059248,37.7725863274101,-122.483815095262,SFPD-CROSSROADS,CITY STREET,12/19/2012 10:28:00 AM,2012 December 19,10:28:00,2012,December,Wednesday,FULTON ST,25TH AVE,110.0,Clear,Injury (Other Visible),Vehicle/Pedestrian,Pedestrian,Not in Road,Dry,No Unusual Condition,Daylight,Midblock > 20ft,0.0,2,1.0,Bicyclist,West,Other,Pedestrian,North,Not Stated,POINT (-122.48382 37.772587),8.0,8.0,4.0,29.0,10
47843,vw_geo_sfpd_cr_switrs_all_types_col_cty_union.fid-c18a0c2_186644fdb18_62a2,31843,25206000.0,,5760398,37.7898299350975,-122.418842652696,SFPD-CROSSROADS,CITY STREET,06/08/2012 12:34:00 PM,2012 June 08,12:34:00,2012,June,Friday,LARKIN ST,PINE ST,0.0,Clear,Injury (Complaint of Pain),Vehicle/Pedestrian,Pedestrian,Crossing in Crosswalk at Intersection,Dry,No Unusual Condition,Daylight,Intersection <= 20ft,0.0,1,1.0,Driver,West,Making Left Turn,Pedestrian,North,Not Stated,POINT (-122.418846 37.78983),105.0,6.0,3.0,21.0,12
47845,vw_geo_sfpd_cr_switrs_all_types_col_cty_union.fid-c18a0c2_186644fdb18_64f8,3646,20656000.0,2804000.0,6049343,37.7329740961027,-122.404671577361,SFPD-CROSSROADS,CITY STREET,12/12/2012 07:15:00 AM,2012 December 12,07:15:00,2012,December,Wednesday,BAY SHORE BLVD,SILVER AVE,10.0,Cloudy,Injury (Other Visible),Vehicle/Pedestrian,Pedestrian,Crossing in Crosswalk at Intersection,Slippery,No Unusual Condition,Daylight,Intersection <= 20ft,0.0,1,1.0,Driver,North,Making Left Turn,Pedestrian,West,Proceeding Straight,POINT (-122.40467 37.732975),87.0,2.0,9.0,1.0,07
47846,vw_geo_sfpd_cr_switrs_all_types_col_cty_union.fid-c18a0c2_186644fdb18_62f7,35559,26774000.0,5568101.0,5762312,37.8016130615371,-122.436549648024,SFPD-CROSSROADS,CITY STREET,06/07/2012 04:35:00 PM,2012 June 07,16:35:00,2012,June,Thursday,FILLMORE ST,CHESTNUT ST,300.0,Clear,Injury (Other Visible),Vehicle/Pedestrian,Pedestrian,Crossing Not in Crosswalk,Dry,No Unusual Condition,Daylight,Midblock > 20ft,0.0,1,2.0,Driver,South,Backing,Pedestrian,South,Other,POINT (-122.43655 37.801613),17.0,4.0,6.0,13.0,16
47848,vw_geo_sfpd_cr_switrs_all_types_col_cty_union.fid-c18a0c2_186644fdb18_71df,58206,21306000.0,1525000.0,220355584,37.7490427335583,-122.418111171312,SFPD-INTERIM DB,CITY STREET,05/31/2022 10:43:00 AM,2022 May 31,10:43:00,2022,May,Tuesday,26TH ST,MISSION ST,7.0,Clear,Injury (Other Visible),Broadside,Pedestrian,Crossing in Crosswalk at Intersection,Wet,No Unusual Condition,Daylight,Intersection <= 20ft,0.0,1,1.0,Driver,East,Making Left Turn,Pedestrian,North,Proceeding Straight,POINT (-122.41811 37.749043),53.0,3.0,2.0,20.0,10
47849,vw_geo_sfpd_cr_switrs_all_types_col_cty_union.fid-c18a0c2_186644fdb18_6703,14167,24209000.0,,6068227,37.7725264437977,-122.410076848136,SFPD-CROSSROADS,CITY STREET,09/19/2012 06:33:00 PM,2012 September 19,18:33:00,2012,September,Wednesday,HARRISON ST,09TH ST,0.0,Clear,Injury (Complaint of Pain),Vehicle/Pedestrian,Pedestrian,Crossing in Crosswalk at Intersection,Dry,No Unusual Condition,Daylight,Intersection <= 20ft,0.0,1,1.0,Driver,West,Making Left Turn,Pedestrian,North,Not Stated,POINT (-122.41008 37.772526),32.0,1.0,10.0,34.0,18
47852,vw_geo_sfpd_cr_switrs_all_types_col_cty_union.fid-c18a0c2_186644fdb18_64ae,31978,26507000.0,,6046513,37.7889946996516,-122.425422980137,SFPD-CROSSROADS,CITY STREET,11/24/2012 06:59:00 PM,2012 November 24,18:59:00,2012,November,Saturday,GOUGH ST,PINE ST,0.0,Clear,Injury (Complaint of Pain),Vehicle/Pedestrian,Pedestrian,Crossing in Crosswalk at Intersection,Dry,No Unusual Condition,Dark - Street Lights,Intersection <= 20ft,0.0,1,1.0,Driver,West,Making Left Turn,Pedestrian,West,Proceeding Straight,POINT (-122.42542 37.788994),100.0,4.0,6.0,39.0,18
47853,vw_geo_sfpd_cr_switrs_all_types_col_cty_union.fid-c18a0c2_186644fdb18_6133,44841,27569000.0,,5590790,37.7860000297627,-122.456685172186,SFPD-CROSSROADS,CITY STREET,02/13/2012 01:53:00 PM,2012 February 13,13:53:00,2012,February,Monday,CALIFORNIA ST,CHERRY ST,0.0,Cloudy,Injury (Complaint of Pain),Vehicle/Pedestrian,Pedestrian,Crossing in Crosswalk at Intersection,Dry,No Unusual Condition,Daylight,Intersection <= 20ft,0.0,1,1.0,Driver,East,Proceeding Straight,Pedestrian,South,Other,POINT (-122.45669 37.786),10.0,8.0,6.0,31.0,13
47855,vw_geo_sfpd_cr_switrs_all_types_col_cty_union.fid-c18a0c2_186644fdb18_649f,8069,22335000.0,,6046476,37.7465576731768,-122.443403683119,SFPD-CROSSROADS,CITY STREET,12/22/2012 05:31:00 PM,2012 December 22,17:31:00,2012,December,Saturday,DIAMOND HEIGHTS BLVD,DUNCAN ST,0.0,Raining,Injury (Severe),Vehicle/Pedestrian,Pedestrian,Crossing Not in Crosswalk,Wet,No Unusual Condition,Dark - Street Lights,Intersection <= 20ft,0.0,1,1.0,Pedestrian,North,Proceeding Straight,Driver,West,Proceeding Straight,POINT (-122.443405 37.74656),57.0,3.0,5.0,22.0,17
47858,vw_geo_sfpd_cr_switrs_all_types_col_cty_union.fid-c18a0c2_186644fdb18_64d2,9430,24014000.000000004,3308000.0,6049001,37.761738708926,-122.410116223886,SFPD-CROSSROADS,CITY STREET,10/02/2012 06:16:00 PM,2012 October 02,18:16:00,2012,October,Tuesday,BRYANT ST,18TH ST,8.0,Clear,Injury (Complaint of Pain),Vehicle/Pedestrian,Pedestrian,Crossing in Crosswalk at Intersection,Dry,No Unusual Condition,Daylight,Intersection <= 20ft,0.0,1,1.0,Driver,South,Proceeding Straight,Pedestrian,West,Proceeding Straight,POINT (-122.41012 37.761738),53.0,3.0,2.0,20.0,18
47871,vw_geo_sfpd_cr_switrs_all_types_col_cty_union.fid-c18a0c2_186644fdb18_5eac,44457,27858000.0,6091101.0,5455866,37.7795828373516,-122.49541523868,SFPD-CROSSROADS,CITY STREET,01/06/2012 07:09:00 PM,2012 January 06,19:09:00,2012,January,Friday,GEARY BLVD,35TH AVE,9.0,Clear,Injury (Complaint of Pain),Vehicle/Pedestrian,Pedestrian,Crossing in Crosswalk at Intersection,Dry,No Unusual Condition,Dark - Street Lights,Intersection <= 20ft,0.0,2,1.0,Driver,West,Proceeding Straight,Pedestrian,South,Proceeding Straight,POINT (-122.495415 37.779583),8.0,8.0,4.0,29.0,19
47872,vw_geo_sfpd_cr_switrs_all_types_col_cty_union.fid-c18a0c2_186644fdb18_6684,32574,25280000.0,7131000.0,6067168,37.795407549426,-122.418282169131,SFPD-CROSSROADS,CITY STREET,08/02/2012 01:55:00 PM,2012 August 02,13:55:00,2012,August,Thursday,HYDE ST,PACIFIC AVE,21.0,Clear,Injury (Complaint of Pain),Vehicle/Pedestrian,Pedestrian,Crossing in Crosswalk at Intersection,Dry,No Unusual Condition,Daylight,Midblock > 20ft,0.0,1,1.0,Driver,East,Making Right Turn,Pedestrian,East,Not Stated,POINT (-122.41828 37.795406),16.0,6.0,3.0,32.0,13
47876,vw_geo_sfpd_cr_switrs_all_types_col_cty_union.fid-c18a0c2_186644fdb18_6f57,57533,24513000.0,,220138528,37.782553593,-122.397385539,SFPD-INTERIM DB,CITY STREET,03/01/2022 08:03:00 PM,2022 March 01,20:03:00,2022,March,Tuesday,HARRISON ST,03RD ST,0.0,Clear,Injury (Other Visible),Vehicle/Pedestrian,Pedestrian,Crossing in Crosswalk at Intersection,Dry,No Unusual Condition,Dark - Street Lights,Intersection <= 20ft,0.0,1,2.0,Pedestrian,North,Proceeding Straight,Driver,West,Proceeding Straight,POINT (-122.397385 37.782555),32.0,1.0,10.0,8.0,20
47883,vw_geo_sfpd_cr_switrs_all_types_col_cty_union.fid-c18a0c2_186644fdb18_604e,25381,24892000.0,8746103.0,5584213,37.7858872596812,-122.405571541181,SFPD-CROSSROADS,CITY STREET,02/16/2012 03:46:00 PM,2012 February 16,15:46:00,2012,February,Thursday,MARKET ST,04TH ST,90.0,Clear,Injury (Other Visible),Vehicle/Pedestrian,Pedestrian,Crossing Not in Crosswalk,Dry,No Unusual Condition,Daylight,Midblock > 20ft,0.0,1,1.0,Pedestrian,South,Entering Traffic,Driver,West,Proceeding Straight,POINT (-122.40557 37.78589),32.0,5.0,10.0,8.0,15
47884,vw_geo_sfpd_cr_switrs_all_types_col_cty_union.fid-c18a0c2_186644fdb18_6522,41709,27737000.0,12275101.0,6049396,37.7626926789905,-122.495842783269,SFPD-CROSSROADS,CITY STREET,10/02/2012 09:15:00 PM,2012 October 02,21:15:00,2012,October,Tuesday,SUNSET BLVD,IRVING ST,21.0,Clear,Injury (Severe),Vehicle/Pedestrian,Pedestrian,Crossing Not in Crosswalk,Dry,No Unusual Condition,Dark - Street Lights,Midblock > 20ft,0.0,1,1.0,Pedestrian,West,Proceeding Straight,Driver,South,Proceeding Straight,POINT (-122.49584 37.76269),39.0,10.0,7.0,35.0,21
47889,vw_geo_sfpd_cr_switrs_all_types_col_cty_union.fid-c18a0c2_186644fdb18_6169,23028,24490000.0,,5668849,37.7830778543794,-122.393618075401,SFPD-CROSSROADS,CITY STREET,03/19/2012 02:05:00 PM,2012 March 19,14:05:00,2012,March,Monday,BRYANT ST,02ND ST,0.0,Clear,Injury (Other Visible),Vehicle/Pedestrian,Pedestrian,Crossing in Crosswalk at Intersection,Dry,No Unusual Condition,Daylight,Intersection <= 20ft,0.0,1,1.0,Pedestrian,South,Proceeding Straight,Driver,East,Proceeding Straight,POINT (-122.393616 37.783077),31.0,1.0,10.0,8.0,14
47890,vw_geo_sfpd_cr_switrs_all_types_col_cty_union.fid-c18a0c2_186644fdb18_65ad,18850,25867000.0,6605000.0,6058834,37.7727322519635,-122.425528253028,SFPD-CROSSROADS,CITY STREET,03/13/2012 07:31:00 PM,2012 March 13,19:31:00,2012,March,Tuesday,HAIGHT ST,LAGUNA ST,5.0,Raining,Injury (Complaint of Pain),Vehicle/Pedestrian,Pedestrian,Crossing in Crosswalk at Intersection,Wet,No Unusual Condition,Dark - Street Lights,Intersection <= 20ft,0.0,1,1.0,Driver,North,Making Left Turn,Pedestrian,South,Not Stated,POINT (-122.42553 37.77273),27.0,4.0,5.0,9.0,19
47892,vw_geo_sfpd_cr_switrs_all_types_col_cty_union.fid-c18a0c2_186644fdb18_5ed5,26051,24941000.0,,5455998,37.786939706966,-122.411515767762,SFPD-CROSSROADS,CITY STREET,01/21/2012 11:29:00 AM,2012 January 21,11:29:00,2012,January,Saturday,GEARY ST,TAYLOR ST,0.0,Clear,Injury (Other Visible),Vehicle/Pedestrian,Pedestrian,Crossing in Crosswalk at Intersection,Dry,No Unusual Condition,Daylight,Intersection <= 20ft,0.0,1,1.0,Driver,North,Proceeding Straight,Pedestrian,West,Proceeding Straight,POINT (-122.411514 37.78694),20.0,6.0,3.0,36.0,11
47893,vw_geo_sfpd_cr_switrs_all_types_col_cty_union.fid-c18a0c2_186644fdb18_6797,27084,30725000.0,,6076578,37.7944797180916,-122.39474757931,SFPD-CROSSROADS,CITY STREET,05/07/2012 04:55:00 AM,2012 May 07,04:55:00,2012,May,Monday,THE EMBARCADERO,MARKET ST,0.0,Clear,Injury (Other Visible),Vehicle/Pedestrian,Pedestrian,Crossing in Crosswalk at Intersection,Dry,No Unusual Condition,Dark - Street Lights,Intersection <= 20ft,0.0,1,1.0,Driver,South,Proceeding Straight,Pedestrian,East,Proceeding Straight,POINT (-122.394745 37.79448),108.0,6.0,3.0,8.0,04
47894,vw_geo_sfpd_cr_switrs_all_types_col_cty_union.fid-c18a0c2_186644fdb18_6397,33654,25057000.0,,5780407,37.7976275617889,-122.408618845599,SFPD-CROSSROADS,CITY STREET,07/28/2012 03:45:00 PM,2012 July 28,15:45:00,2012,July,Saturday,BROADWAY,STOCKTON ST,0.0,Clear,Injury (Complaint of Pain),Vehicle/Pedestrian,Pedestrian,Crossing in Crosswalk at Intersection,Dry,No Unusual Condition,Daylight,Intersection <= 20ft,0.0,1,1.0,Driver,South,Making Right Turn,Pedestrian,East,Proceeding Straight,POINT (-122.408615 37.797626),104.0,6.0,3.0,6.0,15
47906,vw_geo_sfpd_cr_switrs_all_types_col_cty_union.fid-c18a0c2_186644fdb18_63cc,16860,24285000.0,,5780536,37.780535386375,-122.408160793737,SFPD-CROSSROADS,CITY STREET,07/16/2012 03:15:00 PM,2012 July 16,15:15:00,2012,July,Monday,06TH ST,MINNA ST,0.0,Clear,Injury (Other Visible),Head-On,Pedestrian,Crossing in Crosswalk at Intersection,Dry,No Unusual Condition,Daylight,Intersection <= 20ft,0.0,1,1.0,Driver,North,Proceeding Straight,Pedestrian,East,Proceeding Straight,POINT (-122.40816 37.780537),32.0,1.0,10.0,34.0,15
47913,vw_geo_sfpd_cr_switrs_all_types_col_cty_union.fid-c18a0c2_186644fdb18_67c8,13664,24349000.0,,6076819,37.769591160587,-122.415577015228,SFPD-CROSSROADS,CITY STREET,12/01/2012 08:57:00 PM,2012 December 01,20:57:00,2012,December,Saturday,13TH ST,FOLSOM ST,0.0,Raining,Injury (Complaint of Pain),Head-On,Pedestrian,Crossing in Crosswalk at Intersection,Wet,No Unusual Condition,Dark - Street Lights,Intersection <= 20ft,0.0,1,,Pedestrian,East,Making Left Turn,Driver,North,Not Stated,POINT (-122.41558 37.769592),32.0,3.0,10.0,20.0,20
47915,vw_geo_sfpd_cr_switrs_all_types_col_cty_union.fid-c18a0c2_186644fdb18_64b2,26901,30730000.0,8741201.0,6046521,37.7916828372073,-122.398384358983,SFPD-CROSSROADS,CITY STREET,12/05/2012 06:43:00 AM,2012 December 05,06:43:00,2012,December,Wednesday,MARKET ST,FREMONT ST,33.0,Raining,Injury (Complaint of Pain),Vehicle/Pedestrian,Pedestrian,Crossing in Crosswalk at Intersection,Wet,No Unusual Condition,Dark - Street Lights,Midblock > 20ft,0.0,1,1.0,Driver,East,Proceeding Straight,Pedestrian,North,Proceeding Straight,POINT (-122.398384 37.791683),108.0,6.0,10.0,8.0,06
47923,vw_geo_sfpd_cr_switrs_all_types_col_cty_union.fid-c18a0c2_186644fdb18_66e4,35870,25598000.0,,6068194,37.8067801122833,-122.419577242833,SFPD-CROSSROADS,CITY STREET,09/20/2012 08:00:00 AM,2012 September 20,08:00:00,2012,September,Thursday,BEACH ST,COLUMBUS AVE,0.0,Clear,Injury (Complaint of Pain),Vehicle/Pedestrian,Pedestrian,Crossing in Crosswalk at Intersection,Dry,No Unusual Condition,Daylight,Intersection <= 20ft,0.0,2,1.0,Driver,East,Proceeding Straight,Pedestrian,North,Proceeding Straight,POINT (-122.41958 37.80678),99.0,6.0,6.0,32.0,08