,id,unique_id,cnn_intrsctn_fkey,cnn_sgmt_fkey,case_id_pkey,tb_latitude,tb_longitude,geocode_source,geocode_location,collision_datetime,collision_date,collision_time,accident_year,month,day_of_week,primary_rd,secondary_rd,distance,weather_1,collision_severity,type_of_collision,mviw,ped_action,road_surface,road_cond_1,lighting,intersection,number_killed,number_injured,party_at_fault,party1_type,party1_dir_of_travel,party1_move_pre_acc,party2_type,party2_dir_of_travel,party2_move_pre_acc,point,Neighborhoods,Current Police Districts,Current Supervisor Districts,Analysis Neighborhoods,hour
47933,vw_geo_sfpd_cr_switrs_all_types_col_cty_union.fid-c18a0c2_186644fdb18_72c9,57868,26853000.0,,220230500,37.7918429477769,-122.439487643826,SFPD-INTERIM DB,CITY STREET,04/08/2022 01:35:00 PM,2022 April 08,13:35:00,2022,April,Friday,JACKSON ST,SCOTT ST,0.0,Clear,Injury (Other Visible),Vehicle/Pedestrian,Pedestrian,Crossing in Crosswalk at Intersection,Dry,No Unusual Condition,Daylight,Intersection <= 20ft,0.0,1,1.0,Driver,South,Making Left Turn,Pedestrian,East,Proceeding Straight,POINT (-122.43949 37.791843),102.0,4.0,6.0,30.0,13
47935,vw_geo_sfpd_cr_switrs_all_types_col_cty_union.fid-c18a0c2_186644fdb18_665e,25059,25139000.0,5175000.0,6066755,37.7846528811495,-122.414463771013,SFPD-CROSSROADS,CITY STREET,08/18/2012 06:50:00 PM,2012 August 18,18:50:00,2012,August,Saturday,ELLIS ST,LEAVENWORTH ST,10.0,Clear,Injury (Complaint of Pain),Vehicle/Pedestrian,Pedestrian,Crossing in Crosswalk at Intersection,Dry,No Unusual Condition,Daylight,Intersection <= 20ft,0.0,1,1.0,Driver,West,Making Left Turn,Pedestrian,North,Proceeding Straight,POINT (-122.41447 37.784653),20.0,5.0,10.0,36.0,18
47936,vw_geo_sfpd_cr_switrs_all_types_col_cty_union.fid-c18a0c2_186644fdb18_6739,9462,24043000.0,873000.0,6072920,37.7621296505627,-122.414493486765,SFPD-CROSSROADS,CITY STREET,11/21/2012 12:24:00 PM,2012 November 21,12:24:00,2012,November,Wednesday,18TH ST,FOLSOM ST,146.0,Cloudy,Injury (Complaint of Pain),Vehicle/Pedestrian,Pedestrian,Crossing Not in Crosswalk,Wet,No Unusual Condition,Daylight,Midblock > 20ft,0.0,1,1.0,Pedestrian,South,Proceeding Straight,Driver,East,Proceeding Straight,POINT (-122.41449 37.76213),53.0,3.0,2.0,20.0,12
47938,vw_geo_sfpd_cr_switrs_all_types_col_cty_union.fid-c18a0c2_186644fdb18_6260,29989,25170000.0,6117000.0,5737883,37.7860985451743,-122.418107880566,SFPD-CROSSROADS,CITY STREET,05/17/2012 12:04:00 PM,2012 May 17,12:04:00,2012,May,Thursday,GEARY BLVD,LARKIN ST,6.0,Clear,Injury (Severe),Vehicle/Pedestrian,Pedestrian,Crossing in Crosswalk at Intersection,Dry,No Unusual Condition,Daylight,Intersection <= 20ft,0.0,1,1.0,Driver,West,Making Left Turn,Pedestrian,South,Other,POINT (-122.418106 37.7861),20.0,6.0,10.0,36.0,12
47945,vw_geo_sfpd_cr_switrs_all_types_col_cty_union.fid-c18a0c2_186644fdb18_65ba,32459,26651000.0,13439000.0,6058865,37.7917976816205,-122.432755056307,SFPD-CROSSROADS,CITY STREET,03/14/2012 03:00:00 PM,2012 March 14,15:00:00,2012,March,Wednesday,WASHINGTON ST,WEBSTER ST,5.0,Cloudy,Injury (Complaint of Pain),Vehicle/Pedestrian,Pedestrian,Crossing in Crosswalk at Intersection,Wet,No Unusual Condition,Daylight,Intersection <= 20ft,0.0,2,1.0,Driver,East,Slowing/Stopping,Pedestrian,South,Other,POINT (-122.432755 37.791798),102.0,4.0,6.0,30.0,15
47946,vw_geo_sfpd_cr_switrs_all_types_col_cty_union.fid-c18a0c2_186644fdb18_6357,15074,23897000.0,,5774580,37.7760393213773,-122.402524097095,SFPD-CROSSROADS,CITY STREET,07/07/2012 11:54:00 PM,2012 July 07,23:54:00,2012,July,Saturday,06TH ST,BRYANT ST,0.0,Clear,Injury (Other Visible),Vehicle/Pedestrian,Pedestrian,Crossing in Crosswalk at Intersection,Dry,No Unusual Condition,Dark - Street Lights,Intersection <= 20ft,0.0,1,1.0,Driver,South,Proceeding Straight,Pedestrian,West,Proceeding Straight,POINT (-122.40253 37.77604),32.0,1.0,10.0,34.0,23
47950,vw_geo_sfpd_cr_switrs_all_types_col_cty_union.fid-c18a0c2_186644fdb18_724a,58521,26519000.0,12335000.0,220266301,37.7867126545431,-122.428335614547,SFPD-INTERIM DB,CITY STREET,04/23/2022 08:53:00 PM,2022 April 23,20:53:00,2022,April,Saturday,LAGUNA ST,SUTTER ST,6.0,Clear,Injury (Complaint of Pain),Vehicle/Pedestrian,Pedestrian,Crossing in Crosswalk at Intersection,Dry,No Unusual Condition,Dark - Street Lights,Intersection <= 20ft,0.0,1,1.0,Driver,South,Making Left Turn,Pedestrian,East,Proceeding Straight,POINT (-122.42834 37.786713),101.0,4.0,11.0,30.0,20
47954,vw_geo_sfpd_cr_switrs_all_types_col_cty_union.fid-c18a0c2_186644fdb18_7345,56341,50079000.0,,210433429,37.7743943277,-122.404890657,SFPD-INTERIM DB,CITY STREET,07/09/2021 07:45:00 PM,2021 July 09,19:45:00,2021,July,Friday,07TH ST,I-80 E OFF RAMP,0.0,Clear,Injury (Complaint of Pain),Vehicle/Pedestrian,Pedestrian,Crossing in Crosswalk at Intersection,Dry,No Unusual Condition,Daylight,Intersection <= 20ft,0.0,2,1.0,Driver,East,Merging,Pedestrian,South,Other,POINT (-122.40489 37.774395),32.0,1.0,10.0,34.0,19
47956,vw_geo_sfpd_cr_switrs_all_types_col_cty_union.fid-c18a0c2_186644fdb18_67b7,26158,25145000.0,,6076706,37.7853759745961,-122.416259706098,SFPD-CROSSROADS,CITY STREET,06/23/2012 09:25:00 AM,2012 June 23,09:25:00,2012,June,Saturday,OFARRELL ST,HYDE ST,0.0,Clear,Injury (Other Visible),Vehicle/Pedestrian,Pedestrian,Crossing in Crosswalk at Intersection,Dry,No Unusual Condition,Daylight,Intersection <= 20ft,0.0,1,1.0,Driver,South,Making Right Turn,Pedestrian,West,Not Stated,POINT (-122.41626 37.785378),20.0,5.0,10.0,36.0,09
47965,vw_geo_sfpd_cr_switrs_all_types_col_cty_union.fid-c18a0c2_186644fdb18_722a,57922,24082000.0,,220276601,37.7555024983316,-122.417658992053,SFPD-INTERIM DB,CITY STREET,04/28/2022 08:37:00 AM,2022 April 28,08:37:00,2022,April,Thursday,22ND ST,CAPP ST,0.0,Clear,Injury (Complaint of Pain),Rear End,Pedestrian,Crossing in Crosswalk at Intersection,Dry,No Unusual Condition,Daylight,Intersection <= 20ft,0.0,1,1.0,Driver,South,Making Right Turn,Pedestrian,South,Proceeding Straight,POINT (-122.417656 37.7555),53.0,3.0,2.0,20.0,08
47967,vw_geo_sfpd_cr_switrs_all_types_col_cty_union.fid-c18a0c2_186644fdb18_6708,22548,26451000.000000004,,6068232,37.775389941443,-122.449707827119,SFPD-CROSSROADS,CITY STREET,09/10/2012 10:11:00 PM,2012 September 10,22:11:00,2012,September,Monday,FULTON ST,CLAYTON ST,0.0,Clear,Injury (Other Visible),Vehicle/Pedestrian,Pedestrian,Crossing in Crosswalk at Intersection,Dry,No Unusual Condition,Dark - Street Lights,Intersection <= 20ft,0.0,2,1.0,Driver,East,Proceeding Straight,Pedestrian,South,Proceeding Straight,POINT (-122.44971 37.77539),12.0,7.0,4.0,18.0,22
47979,vw_geo_sfpd_cr_switrs_all_types_col_cty_union.fid-c18a0c2_186644fdb18_72fc,58029,24005000.0,,220337043,37.7606010657263,-122.408064123335,SFPD-INTERIM DB,CITY STREET,05/23/2022 02:32:00 PM,2022 May 23,14:32:00,2022,May,Monday,HAMPSHIRE ST,19TH ST,0.0,Clear,Injury (Other Visible),Head-On,Pedestrian,Crossing Not in Crosswalk,Dry,No Unusual Condition,Daylight,Intersection <= 20ft,0.0,1,1.0,Driver,South,Making Right Turn,Pedestrian,West,Proceeding Straight,POINT (-122.408066 37.7606),53.0,3.0,9.0,20.0,14
47980,vw_geo_sfpd_cr_switrs_all_types_col_cty_union.fid-c18a0c2_186644fdb18_67db,35977,26758000.0,8701000.0,6079148,37.8050184572317,-122.433682100719,SFPD-CROSSROADS,CITY STREET,08/22/2012 08:58:00 AM,2012 August 22,08:58:00,2012,August,Wednesday,MARINA BLVD,BUCHANAN ST,35.0,Clear,Injury (Complaint of Pain),Vehicle/Pedestrian,Pedestrian,Crossing in Crosswalk at Intersection,Dry,No Unusual Condition,Daylight,Midblock > 20ft,0.0,1,1.0,Driver,East,Making Right Turn,Pedestrian,South,Not Stated,POINT (-122.433685 37.80502),17.0,4.0,6.0,13.0,08
47983,vw_geo_sfpd_cr_switrs_all_types_col_cty_union.fid-c18a0c2_186644fdb18_6d02,46841,23367000.0,,190185968,37.736635087,-122.494053818,SFPD-INTERIM DB,CITY STREET,03/15/2019 07:06:00 AM,2019 March 15,07:06:00,2019,March,Friday,SUNSET BLVD,WAWONA ST,0.0,Clear,Injury (Complaint of Pain),Vehicle/Pedestrian,Pedestrian,Crossing in Crosswalk at Intersection,Dry,No Unusual Condition,Daylight,Intersection <= 20ft,0.0,1,1.0,Driver,South,Making Left Turn,Pedestrian,West,Proceeding Straight,POINT (-122.49406 37.736633),40.0,10.0,7.0,35.0,07
47985,vw_geo_sfpd_cr_switrs_all_types_col_cty_union.fid-c18a0c2_186644fdb18_6d83,57523,27150000.0,7285000.0,220132843,37.7640666672,-122.465634626,SFPD-INTERIM DB,CITY STREET,02/27/2022 02:13:00 PM,2022 February 27,14:13:00,2022,February,Sunday,IRVING ST,08TH AVE,113.0,Clear,Injury (Complaint of Pain),Vehicle/Pedestrian,Pedestrian,Not in Road,Dry,No Unusual Condition,Daylight,Midblock > 20ft,0.0,8,1.0,Driver,West,Backing,Pedestrian,West,Not Stated,POINT (-122.46564 37.764065),109.0,10.0,11.0,14.0,14
47996,vw_geo_sfpd_cr_switrs_all_types_col_cty_union.fid-c18a0c2_186644fdb18_703f,58292,21379000.0,10732000.0,220249131,37.7127665951168,-122.431927237013,SFPD-INTERIM DB,CITY STREET,04/16/2022 01:48:00 PM,2022 April 16,13:48:00,2022,April,Saturday,GENEVA AVE,PRAGUE ST,1100.0,Cloudy,Injury (Severe),Vehicle/Pedestrian,Pedestrian,Crossing Not in Crosswalk,Dry,No Unusual Condition,Daylight,Midblock > 20ft,0.0,1,1.0,Pedestrian,South,Not Stated,Driver,West,Proceeding Straight,POINT (-122.43193 37.712765),58.0,9.0,1.0,7.0,13
48014,vw_geo_sfpd_cr_switrs_all_types_col_cty_union.fid-c18a0c2_186644fdb18_6719,27416,30732000.0,8742202.0,6070846,37.7907566877282,-122.399565743287,SFPD-CROSSROADS,CITY STREET,07/25/2012 04:58:00 PM,2012 July 25,16:58:00,2012,July,Wednesday,MARKET ST,BATTERY ST,12.0,Clear,Injury (Other Visible),Vehicle/Pedestrian,Pedestrian,Crossing Not in Crosswalk,Dry,No Unusual Condition,Daylight,Intersection <= 20ft,0.0,1,1.0,Pedestrian,North,Stopped In Road,Driver,West,Stopped In Road,POINT (-122.39957 37.790756),108.0,6.0,3.0,8.0,16
48021,vw_geo_sfpd_cr_switrs_all_types_col_cty_union.fid-c18a0c2_186644fdb18_66a4,35632,25536000.0,2779000.0,6068096,37.80505173336,-122.418127770708,SFPD-CROSSROADS,CITY STREET,09/29/2012 06:38:00 PM,2012 September 29,18:38:00,2012,September,Saturday,BAY ST,LEAVENWORTH ST,118.0,Cloudy,Injury (Other Visible),Vehicle/Pedestrian,Pedestrian,"In Road, Including Shoulder",Dry,No Unusual Condition,Daylight,Midblock > 20ft,0.0,1,1.0,Pedestrian,North,Not Stated,Driver,East,Proceeding Straight,POINT (-122.41813 37.80505),107.0,6.0,6.0,32.0,18
48023,vw_geo_sfpd_cr_switrs_all_types_col_cty_union.fid-c18a0c2_186644fdb18_653b,22450,26072000.0,,6049421,37.777586768086,-122.440026922254,SFPD-CROSSROADS,CITY STREET,11/13/2012 12:09:00 PM,2012 November 13,12:09:00,2012,November,Tuesday,MCALLISTER ST,BRODERICK ST,0.0,Clear,Injury (Complaint of Pain),Vehicle/Pedestrian,Pedestrian,Crossing in Crosswalk at Intersection,Dry,No Unusual Condition,Daylight,Intersection <= 20ft,0.0,1,1.0,Driver,North,Making Right Turn,Pedestrian,West,Proceeding Straight,POINT (-122.440025 37.777588),97.0,7.0,11.0,39.0,12
48037,vw_geo_sfpd_cr_switrs_all_types_col_cty_union.fid-c18a0c2_186644fdb18_718e,58467,27862000.0,5943000.0,220332736,37.7719849985643,-122.497001894396,SFPD-INTERIM DB,CITY STREET,05/21/2022 03:48:00 PM,2022 May 21,15:48:00,2022,May,Saturday,FULTON ST,37TH AVE,13.0,Clear,Fatal,Vehicle/Pedestrian,Pedestrian,Crossing in Crosswalk at Intersection,Dry,No Unusual Condition,Daylight,Intersection <= 20ft,1.0,0,1.0,Driver,South,Making Left Turn,Pedestrian,North,Not Stated,POINT (-122.497 37.771984),9.0,8.0,4.0,12.0,15
48043,vw_geo_sfpd_cr_switrs_all_types_col_cty_union.fid-c18a0c2_186644fdb18_6732,37302,33514000.0,12961000.0,6072417,37.7230246062998,-122.47255696376,SFPD-CROSSROADS,CITY STREET,06/21/2012 12:30:00 PM,2012 June 21,12:30:00,2012,June,Thursday,JUNIPERO SERRA BLVD,WYTON LN,11.0,Clear,Injury (Complaint of Pain),Vehicle/Pedestrian,Pedestrian,Not in Road,Dry,No Unusual Condition,Daylight,Intersection <= 20ft,0.0,1,1.0,Driver,North,Proceeding Straight,Pedestrian,East,Not Stated,POINT (-122.47256 37.723026),41.0,10.0,8.0,41.0,12
48047,vw_geo_sfpd_cr_switrs_all_types_col_cty_union.fid-c18a0c2_186644fdb18_6cbb,29677,26587000.0,,130276301,37.7845682408087,-122.431204945141,SFPD-CROSSROADS,CITY STREET,04/04/2013 10:00:00 PM,2013 April 04,22:00:00,2013,April,Thursday,GEARY BLVD,WEBSTER ST,0.0,Clear,Injury (Severe),Vehicle/Pedestrian,Pedestrian,Crossing Not in Crosswalk,Dry,No Unusual Condition,Dark - Street Lights,Intersection <= 20ft,0.0,1,1.0,Pedestrian,South,Proceeding Straight,Driver,West,Making Left Turn,POINT (-122.431206 37.78457),101.0,4.0,11.0,15.0,22
48055,vw_geo_sfpd_cr_switrs_all_types_col_cty_union.fid-c18a0c2_186644fdb18_6430,26511,24959000.0,,5868733,37.7885982037725,-122.413541442676,SFPD-CROSSROADS,CITY STREET,08/02/2012 01:23:00 PM,2012 August 02,13:23:00,2012,August,Thursday,SUTTER ST,JONES ST,0.0,Clear,Injury (Complaint of Pain),Vehicle/Pedestrian,Pedestrian,Crossing in Crosswalk at Intersection,Dry,No Unusual Condition,Daylight,Intersection <= 20ft,0.0,1,1.0,Driver,South,Making Right Turn,Pedestrian,North,Not Stated,POINT (-122.41354 37.788597),50.0,6.0,3.0,21.0,13
48058,vw_geo_sfpd_cr_switrs_all_types_col_cty_union.fid-c18a0c2_186644fdb18_6ca6,24484,24934000.0,,141082913,37.7827944462295,-122.414053764459,SFPD-CROSSROADS,CITY STREET,12/25/2014 04:00:00 AM,2014 December 25,04:00:00,2014,December,Thursday,LEAVENWORTH ST,TURK ST,0.0,Clear,Injury (Complaint of Pain),Vehicle/Pedestrian,Pedestrian,Crossing in Crosswalk at Intersection,Dry,No Unusual Condition,Dark - Street Lights,Intersection <= 20ft,0.0,1,1.0,Driver,West,Making Left Turn,Pedestrian,South,Proceeding Straight,POINT (-122.414055 37.782795),20.0,5.0,10.0,36.0,04
48063,vw_geo_sfpd_cr_switrs_all_types_col_cty_union.fid-c18a0c2_186644fdb18_6671,28142,24674000.0,,6067143,37.7933590997213,-122.398781647349,SFPD-CROSSROADS,CITY STREET,09/11/2012 12:39:00 PM,2012 September 11,12:39:00,2012,September,Tuesday,CALIFORNIA ST,FRONT ST,0.0,Clear,Injury (Complaint of Pain),Vehicle/Pedestrian,Pedestrian,Crossing Not in Crosswalk,Dry,No Unusual Condition,Daylight,Intersection <= 20ft,0.0,1,1.0,Pedestrian,South,Proceeding Straight,Driver,West,Making Left Turn,POINT (-122.39878 37.793358),108.0,6.0,3.0,8.0,12
48065,vw_geo_sfpd_cr_switrs_all_types_col_cty_union.fid-c18a0c2_186644fdb18_6dc3,57573,25857000.0,9875101.0,220162549,37.7727284365,-122.423873756,SFPD-INTERIM DB,CITY STREET,03/11/2022 02:02:00 PM,2022 March 11,14:02:00,2022,March,Friday,OCTAVIA ST,HAIGHT ST,100.0,Clear,Injury (Other Visible),Vehicle/Pedestrian,Pedestrian,Crossing Not in Crosswalk,Dry,No Unusual Condition,Daylight,Midblock > 20ft,0.0,1,1.0,Pedestrian,West,Entering Traffic,Driver,North,Proceeding Straight,POINT (-122.423874 37.772728),27.0,4.0,11.0,9.0,14
48066,vw_geo_sfpd_cr_switrs_all_types_col_cty_union.fid-c18a0c2_186644fdb18_6282,28682,25049000.0,,5744622,37.7956164245531,-122.409898751741,SFPD-CROSSROADS,CITY STREET,05/26/2012 09:14:00 PM,2012 May 26,21:14:00,2012,May,Saturday,JACKSON ST,POWELL ST,0.0,Clear,Injury (Other Visible),Vehicle/Pedestrian,Pedestrian,Crossing in Crosswalk at Intersection,Dry,No Unusual Condition,Dark - Street Lights,Intersection <= 20ft,0.0,1,1.0,Driver,West,Making Left Turn,Pedestrian,South,Proceeding Straight,POINT (-122.4099 37.795616),16.0,6.0,3.0,6.0,21
48073,vw_geo_sfpd_cr_switrs_all_types_col_cty_union.fid-c18a0c2_186644fdb18_6089,43510,27285000.0,6062201.0,5584936,37.7809800732281,-122.465332988407,SFPD-CROSSROADS,CITY STREET,02/09/2012 08:05:00 AM,2012 February 09,08:05:00,2012,February,Thursday,GEARY BLVD,07TH AVE,10.0,Clear,Injury (Other Visible),Vehicle/Pedestrian,Pedestrian,Crossing in Crosswalk at Intersection,Dry,No Unusual Condition,Daylight,Intersection <= 20ft,0.0,1,1.0,Driver,East,Making Left Turn,Pedestrian,North,Proceeding Straight,POINT (-122.46533 37.78098),5.0,8.0,4.0,11.0,08
48076,vw_geo_sfpd_cr_switrs_all_types_col_cty_union.fid-c18a0c2_186644fdb18_67ea,29609,54008000.0,6040201.0,6080413,37.7847743217415,-122.430179143557,SFPD-CROSSROADS,CITY STREET,04/26/2012 06:56:00 PM,2012 April 26,18:56:00,2012,April,Thursday,GEARY BLVD,WEBSTER ST,304.0,Clear,Injury (Complaint of Pain),Vehicle/Pedestrian,Pedestrian,Crossing Not in Crosswalk,Dry,No Unusual Condition,Daylight,Midblock > 20ft,0.0,1,1.0,Pedestrian,North,Other,Driver,West,Proceeding Straight,POINT (-122.430176 37.784775),101.0,4.0,11.0,15.0,18
48086,vw_geo_sfpd_cr_switrs_all_types_col_cty_union.fid-c18a0c2_186644fdb18_7109,57856,25865000.0,8762102.0,220229387,37.7689164991592,-122.427017839003,SFPD-INTERIM DB,CITY STREET,04/08/2022 03:30:00 AM,2022 April 08,03:30:00,2022,April,Friday,MARKET ST,DOLORES ST,65.0,Clear,Injury (Complaint of Pain),Rear End,Pedestrian,"In Road, Including Shoulder",Dry,No Unusual Condition,Dark - Street Lights,Intersection Rear End <= 150ft,0.0,1,1.0,Driver,East,Proceeding Straight,Pedestrian,East,Proceeding Straight,POINT (-122.42702 37.768917),37.0,3.0,5.0,5.0,03
48098,vw_geo_sfpd_cr_switrs_all_types_col_cty_union.fid-c18a0c2_186644fdb18_612c,2238,52261000.0,,5590782,37.7211553067383,-122.447751553348,SFPD-CROSSROADS,CITY STREET,02/12/2012 01:40:00 PM,2012 February 12,13:40:00,2012,February,Sunday,GENEVA AVE,I-280 RAMP,0.0,Clear,Injury (Other Visible),Vehicle/Pedestrian,Pedestrian,Crossing in Crosswalk at Intersection,Dry,No Unusual Condition,Daylight,Intersection <= 20ft,0.0,1,1.0,Pedestrian,West,Proceeding Straight,Driver,North,Making Right Turn,POINT (-122.447754 37.721157),80.0,9.0,1.0,28.0,13
48101,vw_geo_sfpd_cr_switrs_all_types_col_cty_union.fid-c18a0c2_186644fdb18_6e3e,57666,25603000.0,,220170097,37.751971625,-122.422878833,SFPD-INTERIM DB,CITY STREET,03/14/2022 08:00:00 PM,2022 March 14,20:00:00,2022,March,Monday,GUERRERO ST,24TH ST,0.0,Clear,Injury (Other Visible),Sideswipe,Pedestrian,Crossing in Crosswalk at Intersection,Dry,No Unusual Condition,Dusk - Dawn,Intersection <= 20ft,0.0,1,1.0,Driver,North,Making Right Turn,Pedestrian,West,Proceeding Straight,POINT (-122.42288 37.751972),52.0,3.0,5.0,20.0,20
48110,vw_geo_sfpd_cr_switrs_all_types_col_cty_union.fid-c18a0c2_186644fdb18_6450,2247,52261000.0,6130101.0,5910258,37.7211655859353,-122.447758484749,SFPD-CROSSROADS,CITY STREET,06/30/2012 12:31:00 AM,2012 June 30,00:31:00,2012,June,Saturday,GENEVA AVE,GENEVA AVE,5.0,Fog,Fatal,Vehicle/Pedestrian,Pedestrian,Crossing in Crosswalk at Intersection,Wet,No Unusual Condition,Dark - Street Lights,Intersection <= 20ft,1.0,0,,Driver,North,Making Right Turn,Pedestrian,East,Proceeding Straight,POINT (-122.44776 37.721165),80.0,9.0,1.0,28.0,00
48112,vw_geo_sfpd_cr_switrs_all_types_col_cty_union.fid-c18a0c2_186644fdb18_6cd9,40597,27084000.0,,131027543,37.7641778277638,-122.463101994568,SFPD-CROSSROADS,CITY STREET,12/05/2013 09:15:00 PM,2013 December 05,21:15:00,2013,December,Thursday,IRVING ST,06TH AVE,0.0,Clear,Injury (Complaint of Pain),Vehicle/Pedestrian,Pedestrian,Crossing in Crosswalk at Intersection,Dry,No Unusual Condition,Dark - Street Lights,Intersection <= 20ft,0.0,1,1.0,Driver,South,Making Left Turn,Pedestrian,North,Proceeding Straight,POINT (-122.463104 37.76418),109.0,7.0,11.0,14.0,21
48113,vw_geo_sfpd_cr_switrs_all_types_col_cty_union.fid-c18a0c2_186644fdb18_67f7,14098,24238000.0,,6080457,37.7718637062541,-122.414026707203,SFPD-CROSSROADS,CITY STREET,07/06/2012 07:21:00 PM,2012 July 06,19:21:00,2012,July,Friday,FOLSOM ST,11TH ST,0.0,Clear,Injury (Severe),Vehicle/Pedestrian,Pedestrian,Crossing in Crosswalk at Intersection,Dry,No Unusual Condition,Daylight,Intersection <= 20ft,0.0,1,1.0,Driver,North,Making Left Turn,Pedestrian,South,Not Stated,POINT (-122.414024 37.771862),32.0,1.0,10.0,34.0,19
48117,vw_geo_sfpd_cr_switrs_all_types_col_cty_union.fid-c18a0c2_186644fdb18_6518,27016,30728000.0,8739101.0,6049385,37.7930607801701,-122.396514158631,SFPD-CROSSROADS,CITY STREET,12/26/2012 05:57:00 PM,2012 December 26,17:57:00,2012,December,Wednesday,MARKET ST,DRUMM ST,99.0,Clear,Injury (Other Visible),Vehicle/Pedestrian,Pedestrian,Crossing in Crosswalk at Intersection,Dry,No Unusual Condition,Dusk - Dawn,Midblock > 20ft,0.0,1,1.0,Driver,West,Making Left Turn,Pedestrian,South,Not Stated,POINT (-122.396515 37.79306),108.0,6.0,10.0,8.0,17
48121,vw_geo_sfpd_cr_switrs_all_types_col_cty_union.fid-c18a0c2_186644fdb18_67ca,6119,23633000.0,2475000.0,6077914,37.7497461911752,-122.396263745831,SFPD-CROSSROADS,CITY STREET,12/19/2012 09:09:00 AM,2012 December 19,09:09:00,2012,December,Wednesday,CESAR CHAVEZ ST,CONNECTICUT ST,3.0,Clear,Injury (Complaint of Pain),Vehicle/Pedestrian,Pedestrian,Crossing in Crosswalk at Intersection,Dry,No Unusual Condition,Daylight,Intersection <= 20ft,0.0,1,1.0,Driver,East,Making Left Turn,Pedestrian,South,Other,POINT (-122.39626 37.749744),56.0,2.0,9.0,1.0,09
48124,vw_geo_sfpd_cr_switrs_all_types_col_cty_union.fid-c18a0c2_186644fdb18_62e2,26931,30729000.000000004,,5762248,37.7924055216184,-122.397383445661,SFPD-CROSSROADS,CITY STREET,06/07/2012 04:45:00 PM,2012 June 07,16:45:00,2012,June,Thursday,MARKET ST,BEALE ST,0.0,Clear,Injury (Complaint of Pain),Vehicle/Pedestrian,Pedestrian,Crossing Not in Crosswalk,Dry,No Unusual Condition,Daylight,Intersection <= 20ft,0.0,1,1.0,Pedestrian,North,Proceeding Straight,Driver,East,Proceeding Straight,POINT (-122.397385 37.792404),108.0,6.0,10.0,8.0,16
48137,vw_geo_sfpd_cr_switrs_all_types_col_cty_union.fid-c18a0c2_186644fdb18_6b45,14955,23831000.0,3282000.0,6221957,37.7813148216767,-122.395851604606,SFPD-CROSSROADS,CITY STREET,11/06/2012 11:00:00 PM,2012 November 06,23:00:00,2012,November,Tuesday,BRYANT ST,03RD ST,3.0,Clear,Injury (Severe),Vehicle/Pedestrian,Pedestrian,Crossing in Crosswalk at Intersection,Dry,No Unusual Condition,Dark - Street Lights,Intersection <= 20ft,0.0,1,1.0,Pedestrian,South,Other,Driver,East,Making Left Turn,POINT (-122.39585 37.781315),32.0,1.0,10.0,34.0,23
48138,vw_geo_sfpd_cr_switrs_all_types_col_cty_union.fid-c18a0c2_186644fdb18_63bd,27022,30728000.0,,5780509,37.793097082612,-122.396504486376,SFPD-CROSSROADS,CITY STREET,07/25/2012 03:12:00 PM,2012 July 25,15:12:00,2012,July,Wednesday,MARKET ST,MAIN ST,0.0,Clear,Injury (Complaint of Pain),Vehicle/Pedestrian,Pedestrian,Crossing in Crosswalk at Intersection,Dry,No Unusual Condition,Daylight,Intersection <= 20ft,0.0,1,1.0,Driver,West,Proceeding Straight,Pedestrian,North,Proceeding Straight,POINT (-122.39651 37.7931),108.0,6.0,3.0,8.0,15
48150,vw_geo_sfpd_cr_switrs_all_types_col_cty_union.fid-c18a0c2_186644fdb18_6502,30353,25202000.0,,6049362,37.7879662861312,-122.418465027002,SFPD-CROSSROADS,CITY STREET,11/08/2012 09:24:00 PM,2012 November 08,21:24:00,2012,November,Thursday,LARKIN ST,SUTTER ST,0.0,Clear,Injury (Complaint of Pain),Vehicle/Pedestrian,Pedestrian,Crossing in Crosswalk at Intersection,Dry,No Unusual Condition,Dark - Street Lights,Intersection <= 20ft,0.0,1,1.0,Driver,West,Making Right Turn,Pedestrian,West,Proceeding Straight,POINT (-122.418465 37.787968),50.0,6.0,3.0,21.0,21
48158,vw_geo_sfpd_cr_switrs_all_types_col_cty_union.fid-c18a0c2_186644fdb18_66e0,39237,23389000.000000004,12407000.0,6068190,37.7424488237824,-122.489361523916,SFPD-CROSSROADS,CITY STREET,09/06/2012 03:21:00 PM,2012 September 06,15:21:00,2012,September,Thursday,TARAVAL ST,32ND AVE,75.0,Clear,Injury (Complaint of Pain),Vehicle/Pedestrian,Pedestrian,Crossing Not in Crosswalk,Dry,No Unusual Condition,Daylight,Midblock > 20ft,0.0,1,1.0,Driver,West,Proceeding Straight,Pedestrian,North,Other,POINT (-122.489365 37.74245),40.0,10.0,7.0,35.0,15
48160,vw_geo_sfpd_cr_switrs_all_types_col_cty_union.fid-c18a0c2_186644fdb18_65b6,18048,25876000.0,4007000.0,6058851,37.7687741222855,-122.429063234566,SFPD-CROSSROADS,CITY STREET,03/13/2012 06:49:00 PM,2012 March 13,18:49:00,2012,March,Tuesday,CHURCH ST,14TH ST,381.0,Raining,Injury (Other Visible),Vehicle/Pedestrian,Pedestrian,"In Road, Including Shoulder",Wet,No Unusual Condition,Dark - Street Lights,Midblock > 20ft,0.0,1,1.0,Driver,South,Making Left Turn,Pedestrian,West,Stopped In Road,POINT (-122.42906 37.768776),28.0,7.0,5.0,5.0,18