,id,unique_id,cnn_intrsctn_fkey,cnn_sgmt_fkey,case_id_pkey,tb_latitude,tb_longitude,geocode_source,geocode_location,collision_datetime,collision_date,collision_time,accident_year,month,day_of_week,primary_rd,secondary_rd,distance,weather_1,collision_severity,type_of_collision,mviw,ped_action,road_surface,road_cond_1,lighting,intersection,number_killed,number_injured,party_at_fault,party1_type,party1_dir_of_travel,party1_move_pre_acc,party2_type,party2_dir_of_travel,party2_move_pre_acc,point,Neighborhoods,Current Police Districts,Current Supervisor Districts,Analysis Neighborhoods,hour
48164,vw_geo_sfpd_cr_switrs_all_types_col_cty_union.fid-c18a0c2_186644fdb18_719f,58442,24929000.0,,220274837,37.7839325763122,-122.412595276832,SFPD-INTERIM DB,CITY STREET,04/27/2022 01:58:00 PM,2022 April 27,13:58:00,2022,April,Wednesday,EDDY ST,JONES ST,0.0,Clear,Injury (Complaint of Pain),Broadside,Pedestrian,Crossing in Crosswalk at Intersection,Dry,No Unusual Condition,Daylight,Intersection <= 20ft,0.0,1,1.0,Pedestrian,South,Proceeding Straight,Driver,West,Making Right Turn,POINT (-122.4126 37.78393),20.0,5.0,10.0,36.0,13
48165,vw_geo_sfpd_cr_switrs_all_types_col_cty_union.fid-c18a0c2_186644fdb18_6d47,57437,27366000.0,,220080913,37.7616993749,-122.477010887,SFPD-INTERIM DB,CITY STREET,02/05/2022 12:15:00 PM,2022 February 05,12:15:00,2022,February,Saturday,19TH AVE,JUDAH ST,0.0,Clear,Injury (Severe),Vehicle/Pedestrian,Pedestrian,Crossing in Crosswalk at Intersection,Dry,No Unusual Condition,Daylight,Intersection <= 20ft,0.0,1,1.0,Pedestrian,East,Proceeding Straight,Driver,South,Proceeding Straight,POINT (-122.47701 37.7617),109.0,10.0,7.0,14.0,12
48181,vw_geo_sfpd_cr_switrs_all_types_col_cty_union.fid-c18a0c2_186644fdb18_648e,30314,25208000.0,12330000.0,6046440,37.7877539634976,-122.420137251627,SFPD-CROSSROADS,CITY STREET,11/14/2012 02:02:00 PM,2012 November 14,14:02:00,2012,November,Wednesday,SUTTER ST,POLK ST,6.0,Clear,Injury (Complaint of Pain),Vehicle/Pedestrian,Pedestrian,Crossing in Crosswalk at Intersection,Dry,No Unusual Condition,Daylight,Intersection <= 20ft,0.0,1,1.0,Driver,South,Making Right Turn,Pedestrian,North,Proceeding Straight,POINT (-122.420135 37.787754),50.0,4.0,3.0,21.0,14
48188,vw_geo_sfpd_cr_switrs_all_types_col_cty_union.fid-c18a0c2_186644fdb18_6575,40084,27105000.0,,6054335,37.7584913605323,-122.464851491431,SFPD-CROSSROADS,CITY STREET,03/07/2012 10:16:00 AM,2012 March 07,10:16:00,2012,March,Wednesday,08TH AVE,LAWTON ST,0.0,Clear,Injury (Severe),Vehicle/Pedestrian,Pedestrian,Crossing in Crosswalk at Intersection,Dry,No Unusual Condition,Daylight,Intersection <= 20ft,0.0,1,1.0,Pedestrian,West,Proceeding Straight,Driver,East,Making Left Turn,POINT (-122.46485 37.75849),44.0,10.0,8.0,14.0,10
48206,vw_geo_sfpd_cr_switrs_all_types_col_cty_union.fid-c18a0c2_186644fdb18_6f7e,57391,20483000.0,,220074546,37.7280990824,-122.390547462,SFPD-INTERIM DB,CITY STREET,02/02/2022 08:13:00 PM,2022 February 02,20:13:00,2022,February,Wednesday,KEITH ST,VAN DYKE AVE,0.0,Clear,Injury (Severe),Head-On,Pedestrian,Crossing in Crosswalk at Intersection,Dry,No Unusual Condition,Dark - Street Lights,Intersection <= 20ft,0.0,1,1.0,Driver,East,Making Left Turn,Pedestrian,South,Proceeding Straight,POINT (-122.39055 37.7281),86.0,2.0,9.0,1.0,20
48214,vw_geo_sfpd_cr_switrs_all_types_col_cty_union.fid-c18a0c2_186644fdb18_5eb5,24264,24326000.0,,5455891,37.7820730676135,-122.412220735952,SFPD-CROSSROADS,CITY STREET,01/23/2012 06:30:00 AM,2012 January 23,06:30:00,2012,January,Monday,GOLDEN GATE AVE,JONES ST,0.0,Cloudy,Injury (Complaint of Pain),Vehicle/Pedestrian,Pedestrian,Crossing in Crosswalk at Intersection,Wet,No Unusual Condition,Dark - Street Lights,Intersection <= 20ft,0.0,1,1.0,Driver,East,Making Left Turn,Pedestrian,South,Not Stated,POINT (-122.412224 37.782074),20.0,5.0,10.0,36.0,06
48215,vw_geo_sfpd_cr_switrs_all_types_col_cty_union.fid-c18a0c2_186644fdb18_6180,9772,24022000.0,715000.0,5678686,37.7657832581354,-122.407534917891,SFPD-CROSSROADS,CITY STREET,03/24/2012 07:47:00 PM,2012 March 24,19:47:00,2012,March,Saturday,POTRERO AVE,16TH ST,150.0,Raining,Injury (Complaint of Pain),Vehicle/Pedestrian,Pedestrian,Crossing Not in Crosswalk,Wet,No Unusual Condition,Dark - Street Lights,Midblock > 20ft,0.0,1,1.0,Pedestrian,East,Proceeding Straight,Driver,North,Proceeding Straight,POINT (-122.40753 37.76578),54.0,3.0,9.0,20.0,19
48226,vw_geo_sfpd_cr_switrs_all_types_col_cty_union.fid-c18a0c2_186644fdb18_73ab,55697,24935000.0,,210493542,37.7837237831,-122.414241573,SFPD-INTERIM DB,CITY STREET,08/04/2021 09:26:00 AM,2021 August 04,09:26:00,2021,August,Wednesday,LEAVENWORTH ST,EDDY ST,0.0,Clear,Injury (Other Visible),Broadside,Pedestrian,Crossing in Crosswalk at Intersection,Dry,No Unusual Condition,Daylight,Intersection <= 20ft,0.0,0,1.0,Driver,North,Proceeding Straight,Pedestrian,East,Proceeding Straight,POINT (-122.41424 37.783722),20.0,5.0,10.0,36.0,09
48231,vw_geo_sfpd_cr_switrs_all_types_col_cty_union.fid-c18a0c2_186644fdb18_6da3,57546,27448000.0,,220145909,37.7749792114,-122.472434502,SFPD-INTERIM DB,CITY STREET,03/04/2022 05:05:00 PM,2022 March 04,17:05:00,2022,March,Friday,CABRILLO ST,14TH AVE,0.0,Clear,Injury (Complaint of Pain),Vehicle/Pedestrian,Pedestrian,Crossing in Crosswalk at Intersection,Dry,No Unusual Condition,Dusk - Dawn,Intersection <= 20ft,0.0,1,1.0,Driver,West,Proceeding Straight,Pedestrian,South,Not Stated,POINT (-122.472435 37.77498),5.0,8.0,4.0,29.0,17
48235,vw_geo_sfpd_cr_switrs_all_types_col_cty_union.fid-c18a0c2_186644fdb18_6542,2204,52261000.0,6130101.0,6049427,37.721155306918,-122.447751554564,SFPD-CROSSROADS,CITY STREET,10/31/2012 08:55:00 PM,2012 October 31,20:55:00,2012,October,Wednesday,GENEVA AVE,I-280 RAMP,4.0,Raining,Injury (Complaint of Pain),Vehicle/Pedestrian,Pedestrian,Crossing Not in Crosswalk,Wet,No Unusual Condition,Dark - Street Lights,Intersection <= 20ft,0.0,1,1.0,Pedestrian,North,Making Left Turn,Driver,West,Proceeding Straight,POINT (-122.447754 37.721157),80.0,9.0,1.0,28.0,20
48244,vw_geo_sfpd_cr_switrs_all_types_col_cty_union.fid-c18a0c2_186644fdb18_6f28,57242,25423000.0,,220001840,37.8002391596,-122.410833639,SFPD-INTERIM DB,CITY STREET,01/01/2022 09:21:00 PM,2022 January 01,21:21:00,2022,January,Saturday,UNION ST,POWELL ST,0.0,Clear,Injury (Complaint of Pain),Vehicle/Pedestrian,Pedestrian,Crossing in Crosswalk at Intersection,Dry,No Unusual Condition,Dark - Street Lights,Intersection <= 20ft,0.0,1,1.0,Driver,South,Proceeding Straight,Pedestrian,West,Other,POINT (-122.410835 37.80024),107.0,6.0,3.0,6.0,21
48256,vw_geo_sfpd_cr_switrs_all_types_col_cty_union.fid-c18a0c2_186644fdb18_71c5,58466,26770000.0,,220346072,37.7996339304131,-122.437694705333,SFPD-INTERIM DB,CITY STREET,05/27/2022 12:59:00 AM,2022 May 27,00:59:00,2022,May,Friday,LOMBARD ST,STEINER ST,0.0,Clear,Injury (Complaint of Pain),Head-On,Pedestrian,Crossing Not in Crosswalk,Dry,No Unusual Condition,Dark - Street Lights,Intersection <= 20ft,0.0,1,1.0,Pedestrian,South,Proceeding Straight,Driver,East,Other,POINT (-122.4377 37.799633),14.0,4.0,6.0,13.0,00
48259,vw_geo_sfpd_cr_switrs_all_types_col_cty_union.fid-c18a0c2_186644fdb18_625b,4928,21820000.0,,5737843,37.7353698703022,-122.424702561822,SFPD-CROSSROADS,CITY STREET,05/19/2012 10:50:00 AM,2012 May 19,10:50:00,2012,May,Saturday,MISSION ST,CRESCENT AVE,0.0,Clear,Injury (Other Visible),Vehicle/Pedestrian,Pedestrian,Crossing in Crosswalk at Intersection,Dry,No Unusual Condition,Daylight,Intersection <= 20ft,0.0,1,1.0,Driver,East,Making Left Turn,Pedestrian,North,Proceeding Straight,POINT (-122.424706 37.73537),93.0,9.0,5.0,2.0,10
48280,vw_geo_sfpd_cr_switrs_all_types_col_cty_union.fid-c18a0c2_186644fdb18_64ce,26058,24941000.0,6112000.0,6048961,37.7869345580021,-122.411556123378,SFPD-CROSSROADS,CITY STREET,12/05/2012 08:50:00 AM,2012 December 05,08:50:00,2012,December,Wednesday,GEARY ST,TAYLOR ST,12.0,Raining,Injury (Complaint of Pain),Vehicle/Pedestrian,Pedestrian,Crossing in Crosswalk at Intersection,Dry,No Unusual Condition,Daylight,Intersection <= 20ft,0.0,1,1.0,Driver,West,Making Left Turn,Pedestrian,South,Proceeding Straight,POINT (-122.41155 37.786934),20.0,6.0,10.0,36.0,08
48281,vw_geo_sfpd_cr_switrs_all_types_col_cty_union.fid-c18a0c2_186644fdb18_701f,58199,24459000.0,13146101.0,220419221,37.7782898835848,-122.419937127263,SFPD-INTERIM DB,CITY STREET,06/26/2022 03:26:00 PM,2022 June 26,15:26:00,2022,June,Sunday,VAN NESS AVE,GROVE ST,21.0,Clear,Injury (Severe),Vehicle/Pedestrian,Pedestrian,Crossing in Crosswalk at Intersection,Dry,No Unusual Condition,Daylight,Midblock > 20ft,0.0,1,1.0,Driver,North,Proceeding Straight,Pedestrian,West,Proceeding Straight,POINT (-122.41994 37.77829),21.0,4.0,11.0,9.0,15
48284,vw_geo_sfpd_cr_switrs_all_types_col_cty_union.fid-c18a0c2_186644fdb18_70fb,57832,24315000.0,,220214071,37.7792116855019,-122.410936573592,SFPD-INTERIM DB,CITY STREET,04/01/2022 11:18:00 PM,2022 April 01,23:18:00,2022,April,Friday,MISSION ST,07TH ST,0.0,Clear,Injury (Other Visible),Vehicle/Pedestrian,Pedestrian,Crossing in Crosswalk at Intersection,Dry,No Unusual Condition,Dark - Street Lights,Intersection <= 20ft,0.0,1,1.0,Driver,East,Proceeding Straight,Pedestrian,North,Not Stated,POINT (-122.410934 37.779213),32.0,1.0,10.0,34.0,23
48288,vw_geo_sfpd_cr_switrs_all_types_col_cty_union.fid-c18a0c2_186644fdb18_6e71,57415,25958000.0,5884000.0,220088785,37.7783311753,-122.426620998,SFPD-INTERIM DB,CITY STREET,02/08/2022 07:00:00 PM,2022 February 08,19:00:00,2022,February,Tuesday,FULTON ST,LAGUNA ST,6.0,Clear,Injury (Other Visible),Vehicle/Pedestrian,Pedestrian,Crossing in Crosswalk at Intersection,Dry,No Unusual Condition,Dark - Street Lights,Intersection <= 20ft,0.0,1,1.0,Driver,East,Proceeding Straight,Pedestrian,South,Proceeding Straight,POINT (-122.42662 37.77833),22.0,4.0,11.0,9.0,19
48299,vw_geo_sfpd_cr_switrs_all_types_col_cty_union.fid-c18a0c2_186644fdb18_7314,57189,25614000.0,4878101.0,210126737,37.7518180345684,-122.425135132671,SFPD-INTERIM DB,CITY STREET,02/25/2021 02:20:00 PM,2021 February 25,14:20:00,2021,February,Thursday,DOLORES ST,24TH ST,10.0,Clear,Injury (Severe),Vehicle/Pedestrian,Pedestrian,Crossing in Crosswalk at Intersection,Dry,No Unusual Condition,Daylight,Intersection <= 20ft,0.0,1,1.0,Pedestrian,East,Proceeding Straight,Driver,South,Proceeding Straight,POINT (-122.42513 37.75182),52.0,3.0,5.0,20.0,14
48303,vw_geo_sfpd_cr_switrs_all_types_col_cty_union.fid-c18a0c2_186644fdb18_6712,23344,24494000.0,,6070810,37.7860675325167,-122.392936685291,SFPD-CROSSROADS,CITY STREET,05/03/2012 04:38:00 PM,2012 May 03,16:38:00,2012,May,Thursday,HARRISON ST,01ST ST,0.0,Clear,Injury (Complaint of Pain),Vehicle/Pedestrian,Pedestrian,Crossing in Crosswalk at Intersection,Dry,No Unusual Condition,Daylight,Intersection <= 20ft,0.0,1,1.0,Driver,East,Making Left Turn,Pedestrian,South,Proceeding Straight,POINT (-122.39294 37.786068),30.0,1.0,10.0,8.0,16
48305,vw_geo_sfpd_cr_switrs_all_types_col_cty_union.fid-c18a0c2_186644fdb18_64b8,10267,24094000.000000004,,6046533,37.7538365876294,-122.418593945126,SFPD-CROSSROADS,CITY STREET,12/01/2012 08:07:00 PM,2012 December 01,20:07:00,2012,December,Saturday,MISSION ST,23RD ST,0.0,Raining,Injury (Complaint of Pain),Vehicle/Pedestrian,Pedestrian,Crossing in Crosswalk at Intersection,Wet,No Unusual Condition,Dark - Street Lights,Intersection <= 20ft,0.0,1,1.0,Driver,West,Making Left Turn,Pedestrian,North,Proceeding Straight,POINT (-122.418594 37.753838),53.0,3.0,2.0,20.0,20
48306,vw_geo_sfpd_cr_switrs_all_types_col_cty_union.fid-c18a0c2_186644fdb18_6f68,57687,22245000.0,,220194661,37.7315368478,-122.451146667,SFPD-INTERIM DB,CITY STREET,03/24/2022 07:30:00 PM,2022 March 24,19:30:00,2022,March,Thursday,MONTEREY BLVD,GENNESSEE ST,0.0,Clear,Injury (Other Visible),Vehicle/Pedestrian,Pedestrian,Crossing in Crosswalk at Intersection,Dry,No Unusual Condition,Dusk - Dawn,Intersection <= 20ft,0.0,1,1.0,Driver,West,Making Left Turn,Pedestrian,East,Proceeding Straight,POINT (-122.45115 37.731537),95.0,9.0,8.0,41.0,19
48308,vw_geo_sfpd_cr_switrs_all_types_col_cty_union.fid-c18a0c2_186644fdb18_5ff5,45053,27620000.0,,5545116,37.7844488906199,-122.472585868348,SFPD-CROSSROADS,CITY STREET,01/23/2012 06:32:00 AM,2012 January 23,06:32:00,2012,January,Monday,PARK PRESIDIO BLVD,CALIFORNIA ST,0.0,Raining,Injury (Complaint of Pain),Vehicle/Pedestrian,Pedestrian,Crossing in Crosswalk at Intersection,Wet,No Unusual Condition,Dark - Street Lights,Intersection <= 20ft,0.0,1,1.0,Pedestrian,West,Stopped In Road,Driver,North,Proceeding Straight,POINT (-122.47259 37.78445),2.0,8.0,4.0,29.0,06
48320,vw_geo_sfpd_cr_switrs_all_types_col_cty_union.fid-c18a0c2_186644fdb18_677b,11072,25683000.0,,6076528,37.7598296135227,-122.425920301851,SFPD-CROSSROADS,CITY STREET,04/07/2012 02:16:00 AM,2012 April 07,02:16:00,2012,April,Saturday,DOLORES ST,19TH ST,0.0,Clear,Injury (Complaint of Pain),Vehicle/Pedestrian,Pedestrian,Crossing in Crosswalk at Intersection,Dry,No Unusual Condition,Dark - Street Lights,Intersection <= 20ft,0.0,1,1.0,Driver,North,Proceeding Straight,Pedestrian,East,Proceeding Straight,POINT (-122.42592 37.75983),37.0,3.0,5.0,5.0,02
48330,vw_geo_sfpd_cr_switrs_all_types_col_cty_union.fid-c18a0c2_186644fdb18_634d,44862,27560000.000000004,3573000.0,5769689,37.7860992778864,-122.455907653343,SFPD-CROSSROADS,CITY STREET,07/11/2012 12:22:00 PM,2012 July 11,12:22:00,2012,July,Wednesday,CALIFORNIA AVE,COMMONWEALTH AVE,12.0,Clear,Injury (Complaint of Pain),Sideswipe,Pedestrian,Crossing in Crosswalk at Intersection,Dry,No Unusual Condition,Daylight,Intersection <= 20ft,0.0,1,1.0,Driver,West,Making Left Turn,Pedestrian,North,Proceeding Straight,POINT (-122.45591 37.7861),10.0,8.0,6.0,31.0,12
48340,vw_geo_sfpd_cr_switrs_all_types_col_cty_union.fid-c18a0c2_186644fdb18_71e5,58232,24248000.0,,220258734,37.7740433271822,-122.414367690617,SFPD-INTERIM DB,CITY STREET,04/20/2022 05:19:00 PM,2022 April 20,17:19:00,2022,April,Wednesday,HOWARD ST,10TH ST,0.0,Clear,Injury (Complaint of Pain),Head-On,Pedestrian,Crossing in Crosswalk at Intersection,Dry,No Unusual Condition,Daylight,Intersection <= 20ft,0.0,1,1.0,Driver,South,Making Left Turn,Pedestrian,West,Proceeding Straight,POINT (-122.41437 37.774044),32.0,1.0,10.0,34.0,17
48341,vw_geo_sfpd_cr_switrs_all_types_col_cty_union.fid-c18a0c2_186644fdb18_61e0,26757,24564000.0,102000.0,5684923,37.7901775912711,-122.398095408242,SFPD-CROSSROADS,CITY STREET,03/05/2012 07:30:00 AM,2012 March 05,07:30:00,2012,March,Monday,01ST ST,JESSIE ST,26.0,Clear,Injury (Complaint of Pain),Vehicle/Pedestrian,Pedestrian,Crossing Not in Crosswalk,Dry,No Unusual Condition,Daylight,Midblock > 20ft,0.0,1,2.0,Driver,North,Not Stated,Pedestrian,East,Backing,POINT (-122.398094 37.790176),108.0,6.0,10.0,8.0,07
48362,vw_geo_sfpd_cr_switrs_all_types_col_cty_union.fid-c18a0c2_186644fdb18_6547,24449,24431000.0,,6049432,37.7816542616751,-122.415505178752,SFPD-CROSSROADS,CITY STREET,10/27/2012 11:44:00 AM,2012 October 27,11:44:00,2012,October,Saturday,HYDE ST,GOLDEN GATE AVE,0.0,Clear,Injury (Complaint of Pain),Vehicle/Pedestrian,Pedestrian,"In Road, Including Shoulder",Dry,No Unusual Condition,Daylight,Intersection <= 20ft,0.0,1,1.0,Pedestrian,West,Other,Driver,North,Backing,POINT (-122.415504 37.781654),21.0,5.0,10.0,36.0,11
48375,vw_geo_sfpd_cr_switrs_all_types_col_cty_union.fid-c18a0c2_186644fdb18_624a,42784,27519000.0,5931000.0,5734815,37.7725696524528,-122.484181235746,SFPD-CROSSROADS,CITY STREET,05/16/2012 08:45:00 AM,2012 May 16,08:45:00,2012,May,Wednesday,FULTON ST,25TH AVE,4.0,Cloudy,Injury (Complaint of Pain),Vehicle/Pedestrian,Pedestrian,Crossing in Crosswalk at Intersection,Dry,No Unusual Condition,Daylight,Intersection <= 20ft,0.0,1,1.0,Driver,East,Making Right Turn,Pedestrian,North,Proceeding Straight,POINT (-122.484184 37.772568),9.0,8.0,4.0,12.0,08
48381,vw_geo_sfpd_cr_switrs_all_types_col_cty_union.fid-c18a0c2_186644fdb18_6763,28948,25186000.0,5066000.0,6076492,37.78284892125,-122.421173563411,SFPD-CROSSROADS,CITY STREET,04/18/2012 07:16:00 PM,2012 April 18,19:16:00,2012,April,Wednesday,EDDY ST,VAN NESS AVE,104.0,Clear,Injury (Other Visible),Vehicle/Pedestrian,Pedestrian,Crossing Not in Crosswalk,Dry,No Unusual Condition,Daylight,Midblock > 20ft,0.0,1,1.0,Pedestrian,South,Other,Driver,West,Proceeding Straight,POINT (-122.42117 37.78285),100.0,4.0,11.0,39.0,19
48382,vw_geo_sfpd_cr_switrs_all_types_col_cty_union.fid-c18a0c2_186644fdb18_64c3,29749,26590000.0,,6046887,37.7843550561563,-122.432914247785,SFPD-CROSSROADS,CITY STREET,12/31/2012 12:04:00 PM,2012 December 31,12:04:00,2012,December,Monday,FILLMORE ST,GEARY BLVD,0.0,Clear,Injury (Severe),Broadside,Pedestrian,Crossing in Crosswalk at Intersection,Dry,No Unusual Condition,Daylight,Intersection <= 20ft,0.0,1,1.0,Pedestrian,East,Stopped In Road,Driver,South,Proceeding Straight,POINT (-122.432915 37.784355),103.0,4.0,11.0,39.0,12
48402,vw_geo_sfpd_cr_switrs_all_types_col_cty_union.fid-c18a0c2_186644fdb18_720f,58323,27566000.0,,220240311,37.7856816914194,-122.459178766956,SFPD-INTERIM DB,CITY STREET,04/12/2022 06:07:00 PM,2022 April 12,18:07:00,2022,April,Tuesday,CALIFORNIA ST,ARGUELLO BLVD,0.0,Clear,Injury (Other Visible),Broadside,Pedestrian,Crossing in Crosswalk at Intersection,Dry,No Unusual Condition,Daylight,Intersection <= 20ft,0.0,1,1.0,Driver,South,Making Left Turn,Pedestrian,West,Proceeding Straight,POINT (-122.459175 37.785683),10.0,8.0,6.0,31.0,18
48414,vw_geo_sfpd_cr_switrs_all_types_col_cty_union.fid-c18a0c2_186644fdb18_71a5,58019,24925000.0,,220325543,37.7841410125464,-122.410951618577,SFPD-INTERIM DB,CITY STREET,05/18/2022 03:47:00 PM,2022 May 18,15:47:00,2022,May,Wednesday,TAYLOR ST,EDDY ST,0.0,Clear,Injury (Severe),Vehicle/Pedestrian,Pedestrian,Crossing in Crosswalk at Intersection,Dry,No Unusual Condition,Daylight,Intersection <= 20ft,0.0,1,1.0,Pedestrian,West,Proceeding Straight,Driver,North,Proceeding Straight,POINT (-122.41095 37.78414),20.0,5.0,10.0,36.0,15
48415,vw_geo_sfpd_cr_switrs_all_types_col_cty_union.fid-c18a0c2_186644fdb18_614c,1852,22049000.0,9175201.0,5592627,37.7179018298551,-122.439968132292,SFPD-CROSSROADS,CITY STREET,01/30/2012 03:59:00 AM,2012 January 30,03:59:00,2012,January,Monday,MISSION ST,ITALY AVE,246.0,Clear,Injury (Complaint of Pain),Vehicle/Pedestrian,Pedestrian,"In Road, Including Shoulder",Dry,No Unusual Condition,Dark - Street Lights,Midblock > 20ft,0.0,1,1.0,Driver,South,Proceeding Straight,Pedestrian,West,Stopped In Road,POINT (-122.43997 37.717903),80.0,9.0,1.0,28.0,03
48420,vw_geo_sfpd_cr_switrs_all_types_col_cty_union.fid-c18a0c2_186644fdb18_6cc6,37842,33717000.0,,130522728,37.7301188057995,-122.475937334451,SFPD-CROSSROADS,CITY STREET,06/25/2013 08:46:00 PM,2013 June 25,20:46:00,2013,June,Tuesday,WINSTON DR,20TH AVE,0.0,Raining,Injury (Severe),Vehicle/Pedestrian,Pedestrian,Crossing in Crosswalk at Intersection,Wet,No Unusual Condition,Dark - Street Lights,Intersection <= 20ft,0.0,1,1.0,Pedestrian,North,Proceeding Straight,Driver,West,Proceeding Straight,POINT (-122.47594 37.730118),41.0,10.0,8.0,16.0,20
48438,vw_geo_sfpd_cr_switrs_all_types_col_cty_union.fid-c18a0c2_186644fdb18_6e9a,57758,52191000.0,9816101.0,220099130,37.7229038854,-122.449892903,SFPD-INTERIM DB,CITY STREET,02/12/2022 11:16:00 PM,2022 February 12,23:16:00,2022,February,Saturday,OCEAN AVE,HOWTH ST,105.0,Clear,Injury (Complaint of Pain),Vehicle/Pedestrian,Pedestrian,Crossing Not in Crosswalk,Dry,No Unusual Condition,Dark - Street Lights,Midblock > 20ft,0.0,1,1.0,Pedestrian,South,Proceeding Straight,Driver,West,Entering Traffic,POINT (-122.44989 37.722904),95.0,9.0,8.0,24.0,23
48439,vw_geo_sfpd_cr_switrs_all_types_col_cty_union.fid-c18a0c2_186644fdb18_73d5,55735,26751000.0,,210517352,37.7998429527,-122.436046173,SFPD-INTERIM DB,CITY STREET,08/14/2021 01:04:00 AM,2021 August 14,01:04:00,2021,August,Saturday,LOMBARD ST,FILLMORE ST,0.0,Clear,Injury (Other Visible),Vehicle/Pedestrian,Pedestrian,Crossing in Crosswalk at Intersection,Dry,No Unusual Condition,Dark - Street Lights,Intersection <= 20ft,0.0,1,1.0,Driver,East,Proceeding Straight,Pedestrian,North,Proceeding Straight,POINT (-122.43604 37.799843),17.0,4.0,6.0,13.0,01
48449,vw_geo_sfpd_cr_switrs_all_types_col_cty_union.fid-c18a0c2_186644fdb18_6507,27816,24949000.0,,6049367,37.7899514240583,-122.410433245742,SFPD-CROSSROADS,CITY STREET,10/13/2012 10:55:00 PM,2012 October 13,22:55:00,2012,October,Saturday,BUSH ST,MASON ST,0.0,Clear,Injury (Complaint of Pain),Vehicle/Pedestrian,Pedestrian,Crossing in Crosswalk at Intersection,Dry,No Unusual Condition,Dark - Street Lights,Intersection <= 20ft,0.0,1,1.0,Pedestrian,North,Not Stated,Driver,East,Proceeding Straight,POINT (-122.41043 37.78995),19.0,6.0,3.0,21.0,22
48454,vw_geo_sfpd_cr_switrs_all_types_col_cty_union.fid-c18a0c2_186644fdb18_63e6,28472,25017000.0,,5794157,37.7950773813235,-122.407000777651,SFPD-CROSSROADS,CITY STREET,07/29/2012 01:00:00 PM,2012 July 29,13:00:00,2012,July,Sunday,WASHINGTON ST,WAVERLY PL,0.0,Clear,Injury (Complaint of Pain),Vehicle/Pedestrian,Pedestrian,Crossing Not in Crosswalk,Dry,No Unusual Condition,Daylight,Intersection <= 20ft,0.0,1,1.0,Pedestrian,North,Other,Driver,East,Backing,POINT (-122.407 37.79508),104.0,6.0,3.0,6.0,13
48458,vw_geo_sfpd_cr_switrs_all_types_col_cty_union.fid-c18a0c2_186644fdb18_6085,23482,24540000.0,,5584932,37.7867789493795,-122.398256962951,SFPD-CROSSROADS,CITY STREET,02/10/2012 11:01:00 PM,2012 February 10,23:01:00,2012,February,Friday,02ND ST,HOWARD ST,0.0,Raining,Injury (Other Visible),Vehicle/Pedestrian,Pedestrian,Crossing in Crosswalk at Intersection,Wet,No Unusual Condition,Dark - Street Lights,Intersection <= 20ft,0.0,1,1.0,Pedestrian,West,Entering Traffic,Driver,South,Proceeding Straight,POINT (-122.398254 37.786777),32.0,1.0,10.0,8.0,23
48474,vw_geo_sfpd_cr_switrs_all_types_col_cty_union.fid-c18a0c2_186644fdb18_6015,37834,33717000.0,19003000.0,5554771,37.7295427978831,-122.475982121011,SFPD-CROSSROADS,CITY STREET,01/20/2012 07:03:00 PM,2012 January 20,19:03:00,2012,January,Friday,20TH AVE,BUCKINGHAM WAY,210.0,Raining,Injury (Complaint of Pain),Vehicle/Pedestrian,Pedestrian,Crossing Not in Crosswalk,Wet,No Unusual Condition,Dark - Street Lights,Midblock > 20ft,0.0,2,1.0,Driver,South,Proceeding Straight,Pedestrian,West,Not Stated,POINT (-122.47598 37.72954),41.0,10.0,8.0,16.0,19
48492,vw_geo_sfpd_cr_switrs_all_types_col_cty_union.fid-c18a0c2_186644fdb18_6d36,57263,26419000.0,,220014906,37.7714601426,-122.45060018,SFPD-INTERIM DB,CITY STREET,01/07/2022 06:34:00 PM,2022 January 07,18:34:00,2022,January,Friday,OAK ST,COLE ST,0.0,Cloudy,Injury (Other Visible),Vehicle/Pedestrian,Pedestrian,Crossing in Crosswalk at Intersection,Dry,No Unusual Condition,Dark - Street Lights,Intersection <= 20ft,0.0,1,1.0,Pedestrian,South,Entering Traffic,Driver,East,Proceeding Straight,POINT (-122.4506 37.77146),24.0,7.0,11.0,12.0,18
48494,vw_geo_sfpd_cr_switrs_all_types_col_cty_union.fid-c18a0c2_186644fdb18_67f3,2518,20124000.0,11783000.0,6080435,37.7273618063161,-122.384241096731,SFPD-CROSSROADS,CITY STREET,06/18/2012 03:26:00 PM,2012 June 18,15:26:00,2012,June,Monday,SHAFTER AVE,INGALLS ST,312.0,Clear,Injury (Complaint of Pain),Broadside,Pedestrian,Crossing Not in Crosswalk,Dry,No Unusual Condition,Daylight,Midblock > 20ft,0.0,1,1.0,Pedestrian,South,Proceeding Straight,Driver,West,Proceeding Straight,POINT (-122.38424 37.727364),78.0,2.0,9.0,1.0,15
48508,vw_geo_sfpd_cr_switrs_all_types_col_cty_union.fid-c18a0c2_186644fdb18_6044,43934,27505000.0,6076201.0,5579317,37.7803961670618,-122.479280774499,SFPD-CROSSROADS,CITY STREET,01/29/2012 01:15:00 PM,2012 January 29,13:15:00,2012,January,Sunday,GEARY BLVD,20TH AVE,45.0,Clear,Injury (Complaint of Pain),Vehicle/Pedestrian,Pedestrian,Crossing Not in Crosswalk,Dry,No Unusual Condition,Daylight,Midblock > 20ft,0.0,1,1.0,Driver,East,Backing,Pedestrian,North,Proceeding Straight,POINT (-122.47928 37.780396),8.0,8.0,4.0,29.0,13