,id,unique_id,cnn_intrsctn_fkey,cnn_sgmt_fkey,case_id_pkey,tb_latitude,tb_longitude,geocode_source,geocode_location,collision_datetime,collision_date,collision_time,accident_year,month,day_of_week,primary_rd,secondary_rd,distance,weather_1,collision_severity,type_of_collision,mviw,ped_action,road_surface,road_cond_1,lighting,intersection,number_killed,number_injured,party_at_fault,party1_type,party1_dir_of_travel,party1_move_pre_acc,party2_type,party2_dir_of_travel,party2_move_pre_acc,point,Neighborhoods,Current Police Districts,Current Supervisor Districts,Analysis Neighborhoods,hour
48513,vw_geo_sfpd_cr_switrs_all_types_col_cty_union.fid-c18a0c2_186644fdb18_6492,15693,24299000.0,,6046448,37.7762213565668,-122.411606113126,SFPD-CROSSROADS,CITY STREET,11/21/2012 06:13:00 PM,2012 November 21,18:13:00,2012,November,Wednesday,08TH ST,HOWARD ST,0.0,Clear,Injury (Complaint of Pain),Vehicle/Pedestrian,Pedestrian,Crossing in Crosswalk at Intersection,Dry,No Unusual Condition,Dark - Street Lights,Intersection <= 20ft,0.0,1,1.0,Driver,West,Making Left Turn,Pedestrian,East,Proceeding Straight,POINT (-122.411606 37.776222),32.0,1.0,10.0,34.0,18
48525,vw_geo_sfpd_cr_switrs_all_types_col_cty_union.fid-c18a0c2_186644fdb18_72dc,58525,24388000.0,,220256857,37.7730534547031,-122.418618216707,SFPD-INTERIM DB,CITY STREET,04/20/2022 12:45:00 AM,2022 April 20,00:45:00,2022,April,Wednesday,SOUTH VAN NESS AVE,MISSION ST,0.0,Clear,Injury (Complaint of Pain),Vehicle/Pedestrian,Pedestrian,Crossing in Crosswalk at Intersection,Dry,No Unusual Condition,Dark - Street Lights,Intersection <= 20ft,0.0,1,1.0,Driver,South,Proceeding Straight,Pedestrian,East,Proceeding Straight,POINT (-122.41862 37.773052),32.0,1.0,10.0,20.0,00
48527,vw_geo_sfpd_cr_switrs_all_types_col_cty_union.fid-c18a0c2_186644fdb18_6297,43534,27289000.0,6064201.0,5760330,37.7808934726346,-122.467466766982,SFPD-CROSSROADS,CITY STREET,06/01/2012 06:10:00 AM,2012 June 01,06:10:00,2012,June,Friday,GEARY BLVD,09TH AVE,10.0,Clear,Injury (Complaint of Pain),Vehicle/Pedestrian,Pedestrian,Crossing in Crosswalk at Intersection,Dry,No Unusual Condition,Daylight,Intersection <= 20ft,0.0,1,1.0,Driver,East,Making Left Turn,Pedestrian,North,Proceeding Straight,POINT (-122.46747 37.780895),5.0,8.0,4.0,11.0,06
48528,vw_geo_sfpd_cr_switrs_all_types_col_cty_union.fid-c18a0c2_186644fdb18_6254,25443,24904000.0,9722000.0,5734875,37.7864962650904,-122.407346610046,SFPD-CROSSROADS,CITY STREET,05/13/2012 12:05:00 PM,2012 May 13,12:05:00,2012,May,Sunday,OFARRELL ST,POWELL ST,202.0,Clear,Injury (Complaint of Pain),Vehicle/Pedestrian,Pedestrian,Crossing Not in Crosswalk,Dry,No Unusual Condition,Daylight,Midblock > 20ft,0.0,2,1.0,Pedestrian,North,Proceeding Straight,Pedestrian,North,Proceeding Straight,POINT (-122.40735 37.786495),19.0,6.0,3.0,8.0,12
48542,vw_geo_sfpd_cr_switrs_all_types_col_cty_union.fid-c18a0c2_186644fdb18_6483,6701,21296000.0,12033000.0,6046404,37.7491482911844,-122.415952356517,SFPD-CROSSROADS,CITY STREET,11/30/2012 10:41:00 PM,2012 November 30,22:41:00,2012,November,Friday,SOUTH VAN NESS AVE,26TH ST,9.0,Cloudy,Injury (Complaint of Pain),Broadside,Pedestrian,Crossing in Crosswalk at Intersection,Wet,No Unusual Condition,Dark - Street Lights,Intersection <= 20ft,0.0,1,1.0,Driver,South,Making Right Turn,Pedestrian,West,Proceeding Straight,POINT (-122.415955 37.74915),53.0,3.0,2.0,20.0,22
48546,vw_geo_sfpd_cr_switrs_all_types_col_cty_union.fid-c18a0c2_186644fdb18_6527,29750,26590000.0,,6049401,37.7843550561563,-122.432914247785,SFPD-CROSSROADS,CITY STREET,11/10/2012 09:08:00 AM,2012 November 10,09:08:00,2012,November,Saturday,FILLMORE ST,GEARY BLVD,0.0,Clear,Injury (Complaint of Pain),Vehicle/Pedestrian,Pedestrian,Crossing in Crosswalk at Intersection,Dry,No Unusual Condition,Daylight,Intersection <= 20ft,0.0,1,1.0,Driver,North,Proceeding Straight,Pedestrian,West,Proceeding Straight,POINT (-122.432915 37.784355),103.0,4.0,11.0,39.0,09
48553,vw_geo_sfpd_cr_switrs_all_types_col_cty_union.fid-c18a0c2_186644fdb18_5e99,11826,24168000.0,725000.0,5455781,37.7651085493949,-122.418721699529,SFPD-CROSSROADS,CITY STREET,01/15/2012 02:03:00 PM,2012 January 15,14:03:00,2012,January,Sunday,16TH ST,CAPP ST,7.0,Clear,Injury (Other Visible),Vehicle/Pedestrian,Pedestrian,Crossing in Crosswalk at Intersection,Dry,No Unusual Condition,Daylight,Intersection <= 20ft,0.0,1,1.0,Driver,West,Proceeding Straight,Pedestrian,North,Proceeding Straight,POINT (-122.418724 37.76511),53.0,3.0,2.0,20.0,14
48563,vw_geo_sfpd_cr_switrs_all_types_col_cty_union.fid-c18a0c2_186644fdb18_67d7,29813,25152000.0,,6079144,37.7851672145575,-122.417901410518,SFPD-CROSSROADS,CITY STREET,08/23/2012 08:20:00 PM,2012 August 23,20:20:00,2012,August,Thursday,LARKIN ST,OFARRELL ST,0.0,Clear,Injury (Complaint of Pain),Vehicle/Pedestrian,Pedestrian,Crossing in Crosswalk at Intersection,Dry,No Unusual Condition,Dark - Street Lights,Intersection <= 20ft,0.0,1,,Driver,North,Making Left Turn,Pedestrian,East,Proceeding Straight,POINT (-122.4179 37.785168),20.0,5.0,10.0,36.0,20
48573,vw_geo_sfpd_cr_switrs_all_types_col_cty_union.fid-c18a0c2_186644fdb18_623b,7527,21304000.0,,5733220,37.7481656887797,-122.418221170335,SFPD-CROSSROADS,CITY STREET,05/12/2012 12:08:00 AM,2012 May 12,00:08:00,2012,May,Saturday,MISSION ST,CESAR CHAVEZ ST,0.0,Clear,Injury (Other Visible),Vehicle/Pedestrian,Pedestrian,Crossing in Crosswalk at Intersection,Dry,Construction or Repair Zone,Dark - Street Lights,Intersection <= 20ft,0.0,1,1.0,Driver,East,Stopped In Road,Pedestrian,North,Not Stated,POINT (-122.41822 37.748165),83.0,3.0,2.0,2.0,00
48577,vw_geo_sfpd_cr_switrs_all_types_col_cty_union.fid-c18a0c2_186644fdb18_6788,2077,21746000.0,,6076547,37.7230444697436,-122.43604007236,SFPD-CROSSROADS,CITY STREET,04/23/2012 06:15:00 PM,2012 April 23,18:15:00,2012,April,Monday,MISSION ST,MISSION ST,0.0,Clear,Injury (Complaint of Pain),Vehicle/Pedestrian,Pedestrian,Crossing Not in Crosswalk,Dry,No Unusual Condition,Daylight,Intersection <= 20ft,0.0,1,1.0,Pedestrian,West,Proceeding Straight,Driver,North,Backing,POINT (-122.43604 37.723045),80.0,9.0,1.0,28.0,18
48586,vw_geo_sfpd_cr_switrs_all_types_col_cty_union.fid-c18a0c2_186644fdb18_6515,23825,24866000.0,,6049382,37.7826121112871,-122.407696344074,SFPD-CROSSROADS,CITY STREET,10/10/2012 12:05:00 PM,2012 October 10,12:05:00,2012,October,Wednesday,JESSIE ST,MINT ST,0.0,Clear,Injury (Complaint of Pain),Vehicle/Pedestrian,Pedestrian,Crossing Not in Crosswalk,Dry,No Unusual Condition,Daylight,Intersection <= 20ft,0.0,1,1.0,Driver,West,Backing,Pedestrian,South,Other,POINT (-122.4077 37.78261),32.0,5.0,10.0,34.0,12
48589,vw_geo_sfpd_cr_switrs_all_types_col_cty_union.fid-c18a0c2_186644fdb18_6f37,57348,20409000.0,,220025107,37.7119145562,-122.41600028,SFPD-INTERIM DB,CITY STREET,01/12/2022 12:00:00 PM,2022 January 12,12:00:00,2022,January,Wednesday,SUNNYDALE AVE,HAHN ST,0.0,Clear,Injury (Severe),Vehicle/Pedestrian,Pedestrian,Crossing in Crosswalk at Intersection,Dry,No Unusual Condition,Daylight,Intersection <= 20ft,0.0,1,1.0,Driver,East,Stopped,Pedestrian,North,Not Stated,POINT (-122.416 37.711914),75.0,9.0,9.0,40.0,12
48592,vw_geo_sfpd_cr_switrs_all_types_col_cty_union.fid-c18a0c2_186644fdb18_64a3,43570,27302000.0,,6046482,37.7807687387514,-122.469627031601,SFPD-CROSSROADS,CITY STREET,12/28/2012 08:23:00 PM,2012 December 28,20:23:00,2012,December,Friday,GEARY BLVD,11TH AVE,0.0,Raining,Injury (Complaint of Pain),Vehicle/Pedestrian,Pedestrian,Crossing in Crosswalk at Intersection,Wet,No Unusual Condition,Dark - Street Lights,Intersection <= 20ft,0.0,1,1.0,Driver,South,Making Left Turn,Pedestrian,East,Proceeding Straight,POINT (-122.46963 37.78077),5.0,8.0,4.0,11.0,20
48597,vw_geo_sfpd_cr_switrs_all_types_col_cty_union.fid-c18a0c2_186644fdb18_6379,25705,30735000.0,,5774946,37.7887211522174,-122.402065729925,SFPD-CROSSROADS,CITY STREET,07/24/2012 07:24:00 AM,2012 July 24,07:24:00,2012,July,Tuesday,MARKET ST,MONTGOMERY ST,0.0,Clear,Injury (Complaint of Pain),Vehicle/Pedestrian,Pedestrian,Crossing in Crosswalk at Intersection,Dry,No Unusual Condition,Daylight,Intersection <= 20ft,0.0,1,1.0,Driver,East,Making Left Turn,Pedestrian,North,Proceeding Straight,POINT (-122.40207 37.788723),19.0,6.0,3.0,8.0,07
48600,vw_geo_sfpd_cr_switrs_all_types_col_cty_union.fid-c18a0c2_186644fdb18_60bf,29748,26590000.0,,5590016,37.7843550561563,-122.432914247785,SFPD-CROSSROADS,CITY STREET,02/27/2012 05:20:00 PM,2012 February 27,17:20:00,2012,February,Monday,FILLMORE ST,GEARY BLVD,0.0,Clear,Injury (Other Visible),Vehicle/Pedestrian,Pedestrian,Crossing in Crosswalk at Intersection,Dry,No Unusual Condition,Dusk - Dawn,Intersection <= 20ft,0.0,1,1.0,Driver,East,Making Left Turn,Pedestrian,South,Proceeding Straight,POINT (-122.432915 37.784355),103.0,4.0,11.0,39.0,17
48605,vw_geo_sfpd_cr_switrs_all_types_col_cty_union.fid-c18a0c2_186644fdb18_66f5,26259,25154000.0,,6068212,37.7865198196815,-122.414806647889,SFPD-CROSSROADS,CITY STREET,09/25/2012 06:00:00 AM,2012 September 25,06:00:00,2012,September,Tuesday,GEARY ST,LEAVENWORTH ST,0.0,Cloudy,Injury (Complaint of Pain),Vehicle/Pedestrian,Pedestrian,Crossing in Crosswalk at Intersection,Dry,No Unusual Condition,Daylight,Intersection <= 20ft,0.0,1,1.0,Driver,North,Not Stated,Pedestrian,North,Making Left Turn,POINT (-122.41481 37.78652),20.0,6.0,10.0,36.0,06
48609,vw_geo_sfpd_cr_switrs_all_types_col_cty_union.fid-c18a0c2_186644fdb18_64dc,16694,24429000.0,8752201.0,6049288,37.778460753773,-122.415138952831,SFPD-CROSSROADS,CITY STREET,12/21/2012 07:58:00 PM,2012 December 21,19:58:00,2012,December,Friday,MARKET ST,08TH ST,148.0,Raining,Injury (Other Visible),Vehicle/Pedestrian,Pedestrian,Not in Road,Wet,No Unusual Condition,Dark - Street Lights,Midblock > 20ft,0.0,1,1.0,Driver,West,Changing Lanes,Pedestrian,West,Not Stated,POINT (-122.41514 37.77846),21.0,5.0,10.0,36.0,19
48611,vw_geo_sfpd_cr_switrs_all_types_col_cty_union.fid-c18a0c2_186644fdb18_6535,39479,23392000.0,,6049416,37.7461649459938,-122.489878757368,SFPD-CROSSROADS,CITY STREET,10/30/2012 03:25:00 PM,2012 October 30,15:25:00,2012,October,Tuesday,32ND AVE,RIVERA ST,0.0,Cloudy,Injury (Other Visible),Vehicle/Pedestrian,Pedestrian,"In Road, Including Shoulder",Dry,No Unusual Condition,Daylight,Intersection <= 20ft,0.0,1,1.0,Pedestrian,West,Proceeding Straight,Driver,West,Proceeding Straight,POINT (-122.489876 37.746166),40.0,10.0,7.0,35.0,15
48615,vw_geo_sfpd_cr_switrs_all_types_col_cty_union.fid-c18a0c2_186644fdb18_6257,10613,24152000.0,8321000.0,5735550,37.7576999201726,-122.421218625873,SFPD-CROSSROADS,CITY STREET,04/22/2012 09:26:00 PM,2012 April 22,21:26:00,2012,April,Sunday,LIBERTY ST,VALENCIA ST,7.0,Cloudy,Injury (Other Visible),Sideswipe,Pedestrian,Crossing Not in Crosswalk,Dry,No Unusual Condition,Dark - Street Lights,Intersection <= 20ft,0.0,1,1.0,Driver,East,Making Left Turn,Pedestrian,North,Proceeding Straight,POINT (-122.42122 37.757698),52.0,3.0,5.0,20.0,21
48616,vw_geo_sfpd_cr_switrs_all_types_col_cty_union.fid-c18a0c2_186644fdb18_6794,40456,27147000.0,432000.0,6076564,37.762793551808,-122.466223760898,SFPD-CROSSROADS,CITY STREET,06/18/2012 06:52:00 PM,2012 June 18,18:52:00,2012,June,Monday,09TH AVE,JUDAH ST,226.0,Clear,Injury (Severe),Vehicle/Pedestrian,Pedestrian,Crossing Not in Crosswalk,Dry,No Unusual Condition,Daylight,Midblock > 20ft,0.0,1,1.0,Pedestrian,East,Proceeding Straight,Driver,South,Backing,POINT (-122.466225 37.762794),109.0,10.0,11.0,14.0,18
48620,vw_geo_sfpd_cr_switrs_all_types_col_cty_union.fid-c18a0c2_186644fdb18_62db,17060,30044000.0,,5761159,37.7799917402426,-122.41348739913,SFPD-CROSSROADS,CITY STREET,07/10/2012 10:59:00 AM,2012 July 10,10:59:00,2012,July,Tuesday,MARKET ST,MARKET ST,0.0,Clear,Injury (Severe),Vehicle/Pedestrian,Pedestrian,Crossing in Crosswalk Not at Intersection,Dry,No Unusual Condition,Daylight,Intersection <= 20ft,0.0,1,1.0,Driver,West,Proceeding Straight,Pedestrian,North,Proceeding Straight,POINT (-122.41349 37.77999),21.0,5.0,10.0,36.0,10
48629,vw_geo_sfpd_cr_switrs_all_types_col_cty_union.fid-c18a0c2_186644fdb18_63b2,33327,24789000.0,7369000.0,5780485,37.7961591429648,-122.405562972706,SFPD-CROSSROADS,CITY STREET,07/16/2012 03:55:00 PM,2012 July 16,15:55:00,2012,July,Monday,JACKSON ST,KEARNY ST,123.0,Clear,Injury (Other Visible),Vehicle/Pedestrian,Pedestrian,Crossing Not in Crosswalk,Dry,No Unusual Condition,Daylight,Midblock > 20ft,0.0,1,1.0,Pedestrian,North,Entering Traffic,Driver,West,Backing,POINT (-122.40556 37.796158),104.0,6.0,3.0,6.0,15
48633,vw_geo_sfpd_cr_switrs_all_types_col_cty_union.fid-c18a0c2_186644fdb18_716d,58024,24198000.0,,220323218,37.7712907920161,-122.408531081992,SFPD-INTERIM DB,CITY STREET,05/17/2022 06:10:00 PM,2022 May 17,18:10:00,2022,May,Tuesday,09TH ST,BRYANT ST,0.0,Clear,Injury (Other Visible),Vehicle/Pedestrian,Pedestrian,Crossing in Crosswalk at Intersection,Dry,No Unusual Condition,Daylight,Intersection <= 20ft,0.0,1,1.0,Driver,North,Making Left Turn,Pedestrian,East,Other,POINT (-122.40853 37.77129),33.0,1.0,10.0,34.0,18
48635,vw_geo_sfpd_cr_switrs_all_types_col_cty_union.fid-c18a0c2_186644fdb18_71d9,58169,23889000.0,,220413988,37.777799011601,-122.400297759207,SFPD-INTERIM DB,CITY STREET,06/22/2022 02:40:00 PM,2022 June 22,14:40:00,2022,June,Wednesday,BRYANT ST,05TH ST,0.0,Clear,Injury (Other Visible),Vehicle/Pedestrian,Pedestrian,"In Road, Including Shoulder",Dry,No Unusual Condition,Daylight,Intersection <= 20ft,0.0,1,2.0,Driver,East,Proceeding Straight,Pedestrian,East,Other,POINT (-122.4003 37.777798),32.0,1.0,10.0,34.0,14
48639,vw_geo_sfpd_cr_switrs_all_types_col_cty_union.fid-c18a0c2_186644fdb18_64eb,4349,21781000.0,,6049319,37.7297755759972,-122.43338684427,SFPD-CROSSROADS,CITY STREET,12/17/2012 07:55:00 AM,2012 December 17,07:55:00,2012,December,Monday,ALEMANY BLVD,SILVER AVE,0.0,Raining,Injury (Complaint of Pain),Vehicle/Pedestrian,Pedestrian,Crossing in Crosswalk at Intersection,Wet,No Unusual Condition,Daylight,Intersection <= 20ft,0.0,1,1.0,Driver,South,Making Left Turn,Pedestrian,West,Proceeding Straight,POINT (-122.43339 37.729774),94.0,9.0,1.0,28.0,07
48649,vw_geo_sfpd_cr_switrs_all_types_col_cty_union.fid-c18a0c2_186644fdb18_64bc,33947,25424000.0,4296000.0,6046541,37.8006860564351,-122.410741593157,SFPD-CROSSROADS,CITY STREET,12/19/2012 02:19:00 PM,2012 December 19,14:19:00,2012,December,Wednesday,COLUMBUS AVE,POWELL ST,81.0,Clear,Injury (Complaint of Pain),Vehicle/Pedestrian,Pedestrian,Crossing Not in Crosswalk,Dry,No Unusual Condition,Daylight,Midblock > 20ft,0.0,1,1.0,Pedestrian,East,Proceeding Straight,Driver,South,Backing,POINT (-122.41074 37.800686),106.0,6.0,3.0,23.0,14
48656,vw_geo_sfpd_cr_switrs_all_types_col_cty_union.fid-c18a0c2_186644fdb18_6560,22691,26073000.0,,6049477,37.7785114637334,-122.440213334353,SFPD-CROSSROADS,CITY STREET,10/19/2012 09:55:00 AM,2012 October 19,09:55:00,2012,October,Friday,BRODERICK ST,GOLDEN GATE AVE,0.0,Cloudy,Injury (Complaint of Pain),Vehicle/Pedestrian,Pedestrian,Crossing in Crosswalk at Intersection,Wet,No Unusual Condition,Daylight,Intersection <= 20ft,0.0,1,1.0,Driver,East,Making Left Turn,Pedestrian,North,Proceeding Straight,POINT (-122.440216 37.77851),97.0,7.0,11.0,39.0,09
48658,vw_geo_sfpd_cr_switrs_all_types_col_cty_union.fid-c18a0c2_186644fdb18_72df,58248,21489000.0,,220262848,37.7145671979626,-122.442661526472,SFPD-INTERIM DB,CITY STREET,04/22/2022 12:00:00 PM,2022 April 22,12:00:00,2022,April,Friday,MOUNT VERNON AVE,MISSION ST,0.0,Clear,Injury (Complaint of Pain),Vehicle/Pedestrian,Pedestrian,Crossing in Crosswalk at Intersection,Dry,No Unusual Condition,Daylight,Intersection <= 20ft,0.0,1,1.0,Driver,West,Making Left Turn,Pedestrian,North,Proceeding Straight,POINT (-122.442665 37.71457),80.0,9.0,1.0,28.0,12
48668,vw_geo_sfpd_cr_switrs_all_types_col_cty_union.fid-c18a0c2_186644fdb18_6458,15912,24317000.000000004,9102000.0,5910265,37.7778426866804,-122.412669908364,SFPD-CROSSROADS,CITY STREET,09/09/2012 05:03:00 AM,2012 September 09,05:03:00,2012,September,Sunday,MISSION ST,08TH ST,199.0,Clear,Fatal,Vehicle/Pedestrian,Pedestrian,"In Road, Including Shoulder",Dry,No Unusual Condition,Dark - Street Lights,Midblock > 20ft,1.0,0,1.0,Pedestrian,East,Other,Driver,West,Proceeding Straight,POINT (-122.41267 37.777843),32.0,1.0,10.0,34.0,05
48672,vw_geo_sfpd_cr_switrs_all_types_col_cty_union.fid-c18a0c2_186644fdb18_64a6,16441,23940000.0,,6046493,37.7810765967928,-122.404403682588,SFPD-CROSSROADS,CITY STREET,12/25/2012 04:23:00 PM,2012 December 25,16:23:00,2012,December,Tuesday,05TH ST,TEHAMA ST,0.0,Raining,Injury (Other Visible),Sideswipe,Pedestrian,Crossing Not in Crosswalk,Wet,No Unusual Condition,Daylight,Intersection <= 20ft,0.0,1,1.0,Driver,North,Proceeding Straight,Pedestrian,West,Stopped In Road,POINT (-122.4044 37.78108),32.0,1.0,10.0,34.0,16
48674,vw_geo_sfpd_cr_switrs_all_types_col_cty_union.fid-c18a0c2_186644fdb18_6314,7182,21332000.0,9133000.0,5762366,37.7443289373371,-122.420705146569,SFPD-CROSSROADS,CITY STREET,06/30/2012 10:05:00 PM,2012 June 30,22:05:00,2012,June,Saturday,MISSION ST,29TH ST,119.0,Cloudy,Injury (Other Visible),Vehicle/Pedestrian,Pedestrian,Crossing Not in Crosswalk,Wet,No Unusual Condition,Dark - Street Lights,Midblock > 20ft,0.0,1,1.0,Pedestrian,East,Proceeding Straight,Driver,North,Proceeding Straight,POINT (-122.42071 37.744328),83.0,9.0,2.0,2.0,22
48675,vw_geo_sfpd_cr_switrs_all_types_col_cty_union.fid-c18a0c2_186644fdb18_668c,27319,24910000.0,12321000.0,6067176,37.7894374079501,-122.406927651565,SFPD-CROSSROADS,CITY STREET,08/01/2012 10:15:00 AM,2012 August 01,10:15:00,2012,August,Wednesday,SUTTER ST,STOCKTON ST,9.0,Clear,Injury (Complaint of Pain),Vehicle/Pedestrian,Pedestrian,Crossing in Crosswalk at Intersection,Dry,No Unusual Condition,Daylight,Intersection <= 20ft,0.0,1,1.0,Driver,West,Proceeding Straight,Pedestrian,South,Proceeding Straight,POINT (-122.40693 37.789436),19.0,6.0,3.0,8.0,10
48685,vw_geo_sfpd_cr_switrs_all_types_col_cty_union.fid-c18a0c2_186644fdb18_73a2,56137,24293000.0,,210490441,37.7809711831,-122.408708674,SFPD-INTERIM DB,CITY STREET,08/02/2021 09:25:00 PM,2021 August 02,21:25:00,2021,August,Monday,06TH ST,MISSION ST,0.0,Clear,Injury (Severe),Vehicle/Pedestrian,Pedestrian,Crossing in Crosswalk at Intersection,Dry,No Unusual Condition,Dark - Street Lights,Intersection <= 20ft,0.0,1,1.0,Driver,East,Making Right Turn,Pedestrian,North,Proceeding Straight,POINT (-122.40871 37.78097),32.0,1.0,10.0,34.0,21
48688,vw_geo_sfpd_cr_switrs_all_types_col_cty_union.fid-c18a0c2_186644fdb18_5ed1,17360,24372000.0,,5455982,37.7682736533506,-122.41998151166,SFPD-CROSSROADS,CITY STREET,01/20/2012 08:45:00 PM,2012 January 20,20:45:00,2012,January,Friday,14TH ST,MISSION ST,0.0,Raining,Injury (Complaint of Pain),Vehicle/Pedestrian,Pedestrian,Crossing in Crosswalk at Intersection,Wet,No Unusual Condition,Dark - Street Lights,Intersection <= 20ft,0.0,1,1.0,Driver,East,Making Left Turn,Pedestrian,North,Not Stated,POINT (-122.41998 37.768272),53.0,3.0,2.0,20.0,20
48689,vw_geo_sfpd_cr_switrs_all_types_col_cty_union.fid-c18a0c2_186644fdb18_7172,58412,23988000.0,12689000.0,220294114,37.7541645804471,-122.413140889975,SFPD-INTERIM DB,CITY STREET,05/05/2022 12:37:00 PM,2022 May 05,12:37:00,2022,May,Thursday,TREAT AVE,23RD ST,3.0,Clear,Injury (Complaint of Pain),Vehicle/Pedestrian,Pedestrian,"In Road, Including Shoulder",Dry,No Unusual Condition,Daylight,Intersection <= 20ft,0.0,1,1.0,Pedestrian,North,Other,Driver,North,Proceeding Straight,POINT (-122.41314 37.754166),53.0,3.0,2.0,20.0,12
48719,vw_geo_sfpd_cr_switrs_all_types_col_cty_union.fid-c18a0c2_186644fdb18_6dc8,57574,24935000.0,8240000.0,220163763,37.7834690972,-122.414190104,SFPD-INTERIM DB,CITY STREET,03/11/2022 11:04:00 PM,2022 March 11,23:04:00,2022,March,Friday,LEAVENWORTH ST,EDDY ST,94.0,Clear,Injury (Other Visible),Rear End,Pedestrian,Crossing Not in Crosswalk,Dry,No Unusual Condition,Dark - Street Lights,Intersection Rear End <= 150ft,0.0,1,1.0,Pedestrian,East,Backing,Driver,South,Not Stated,POINT (-122.41419 37.78347),20.0,5.0,10.0,36.0,23
48723,vw_geo_sfpd_cr_switrs_all_types_col_cty_union.fid-c18a0c2_186644fdb18_6741,39132,23198000.0,,6072956,37.7429555725444,-122.477836242706,SFPD-CROSSROADS,CITY STREET,11/26/2012 07:59:00 PM,2012 November 26,19:59:00,2012,November,Monday,TARAVAL ST,21ST AVE,0.0,Clear,Injury (Other Visible),Vehicle/Pedestrian,Pedestrian,Crossing in Crosswalk at Intersection,Dry,No Unusual Condition,Dark - Street Lights,Intersection <= 20ft,0.0,1,1.0,Driver,West,Proceeding Straight,Pedestrian,North,Not Stated,POINT (-122.47784 37.742954),40.0,10.0,7.0,35.0,19
48726,vw_geo_sfpd_cr_switrs_all_types_col_cty_union.fid-c18a0c2_186644fdb18_669d,33827,24810000.0,,6067195,37.800458559655,-122.401428245873,SFPD-CROSSROADS,CITY STREET,09/05/2012 11:51:00 AM,2012 September 05,11:51:00,2012,September,Wednesday,BATTERY ST,GREEN ST,0.0,Clear,Injury (Other Visible),Vehicle/Pedestrian,Pedestrian,Crossing in Crosswalk at Intersection,Dry,No Unusual Condition,Daylight,Intersection <= 20ft,0.0,1,1.0,Driver,East,Making Left Turn,Pedestrian,North,Proceeding Straight,POINT (-122.40143 37.800457),77.0,6.0,3.0,8.0,11
48734,vw_geo_sfpd_cr_switrs_all_types_col_cty_union.fid-c18a0c2_186644fdb18_6226,8833,33626000.0,1177000.0,5730289,37.7569315259642,-122.405075443934,SFPD-CROSSROADS,CITY STREET,05/23/2012 12:15:00 PM,2012 May 23,12:15:00,2012,May,Wednesday,22ND ST,SAN BRUNO AVE,100.0,Clear,Injury (Complaint of Pain),Vehicle/Pedestrian,Pedestrian,"In Road, Including Shoulder",Dry,No Unusual Condition,Daylight,Midblock > 20ft,0.0,1,1.0,Driver,West,Backing,Pedestrian,South,Other,POINT (-122.405075 37.75693),54.0,3.0,9.0,20.0,12
48740,vw_geo_sfpd_cr_switrs_all_types_col_cty_union.fid-c18a0c2_186644fdb18_5fd7,18000,25882000.0,,5484637,37.7677291707143,-122.428968772497,SFPD-CROSSROADS,CITY STREET,01/11/2012 02:40:00 PM,2012 January 11,14:40:00,2012,January,Wednesday,14TH ST,CHURCH ST,0.0,Clear,Injury (Other Visible),Vehicle/Pedestrian,Pedestrian,Crossing in Crosswalk at Intersection,Dry,Construction or Repair Zone,Daylight,Intersection <= 20ft,0.0,1,,Driver,West,Proceeding Straight,Pedestrian,South,Proceeding Straight,POINT (-122.42897 37.76773),28.0,7.0,5.0,5.0,14
48743,vw_geo_sfpd_cr_switrs_all_types_col_cty_union.fid-c18a0c2_186644fdb18_6770,26539,25164000.0,,6076513,37.7883879307679,-122.415185269815,SFPD-CROSSROADS,CITY STREET,04/03/2012 09:50:00 PM,2012 April 03,21:50:00,2012,April,Tuesday,LEAVENWORTH ST,SUTTER ST,0.0,Raining,Injury (Complaint of Pain),Vehicle/Pedestrian,Pedestrian,Crossing in Crosswalk at Intersection,Wet,No Unusual Condition,Dark - Street Lights,Intersection <= 20ft,0.0,1,1.0,Driver,North,Proceeding Straight,Pedestrian,West,Proceeding Straight,POINT (-122.415184 37.788387),50.0,6.0,3.0,21.0,21
48746,vw_geo_sfpd_cr_switrs_all_types_col_cty_union.fid-c18a0c2_186644fdb18_60cd,6456,21290000.0,2486101.0,5590036,37.74822623255,-122.414910268492,SFPD-CROSSROADS,CITY STREET,02/20/2012 07:17:00 AM,2012 February 20,07:17:00,2012,February,Monday,CESAR CHAVEZ ST,SHOTWELL ST,4.0,Cloudy,Injury (Complaint of Pain),Vehicle/Pedestrian,Pedestrian,Crossing in Crosswalk at Intersection,Dry,Construction or Repair Zone,Daylight,Intersection <= 20ft,0.0,1,1.0,Driver,West,Making Right Turn,Pedestrian,South,Not Stated,POINT (-122.41491 37.748226),83.0,3.0,2.0,2.0,07
48751,vw_geo_sfpd_cr_switrs_all_types_col_cty_union.fid-c18a0c2_186644fdb18_73d6,55736,27245000.0,6059101.0,210517493,37.7811445851,-122.461091166,SFPD-INTERIM DB,CITY STREET,08/14/2021 02:28:00 AM,2021 August 14,02:28:00,2021,August,Saturday,GEARY BLVD,03RD AVE,10.0,Clear,Injury (Severe),Vehicle/Pedestrian,Pedestrian,Crossing in Crosswalk at Intersection,Dry,No Unusual Condition,Dark - Street Lights,Intersection <= 20ft,0.0,1,1.0,Driver,East,Proceeding Straight,Pedestrian,South,Proceeding Straight,POINT (-122.46109 37.781143),5.0,8.0,4.0,11.0,02