,id,unique_id,cnn_intrsctn_fkey,cnn_sgmt_fkey,case_id_pkey,tb_latitude,tb_longitude,geocode_source,geocode_location,collision_datetime,collision_date,collision_time,accident_year,month,day_of_week,primary_rd,secondary_rd,distance,weather_1,collision_severity,type_of_collision,mviw,ped_action,road_surface,road_cond_1,lighting,intersection,number_killed,number_injured,party_at_fault,party1_type,party1_dir_of_travel,party1_move_pre_acc,party2_type,party2_dir_of_travel,party2_move_pre_acc,point,Neighborhoods,Current Police Districts,Current Supervisor Districts,Analysis Neighborhoods,hour
49253,vw_geo_sfpd_cr_switrs_all_types_col_cty_union.fid-c18a0c2_186644fdb18_6f21,27746,50213000.0,12324000.0,160626306,37.7889229042405,-122.410977765832,SFPD-CROSSROADS,CITY STREET,08/03/2016 04:46:00 PM,2016 August 03,16:46:00,2016,August,Wednesday,SUTTER ST,MASON ST,215.0,Clear,Injury (Other Visible),Vehicle/Pedestrian,Pedestrian,Crossing Not in Crosswalk,Dry,No Unusual Condition,Daylight,Midblock > 20ft,0.0,2,1.0,Driver,West,Proceeding Straight,Pedestrian,North,Other,POINT (-122.41098 37.78892),50.0,6.0,3.0,21.0,16
49258,vw_geo_sfpd_cr_switrs_all_types_col_cty_union.fid-c18a0c2_186644fdb18_67be,41490,27756000.0,9675000.0,6076745,37.7532063627536,-122.499924822761,SFPD-CROSSROADS,CITY STREET,07/30/2012 01:42:00 PM,2012 July 30,13:42:00,2012,July,Monday,NORIEGA ST,41ST AVE,35.0,Clear,Injury (Other Visible),Vehicle/Pedestrian,Pedestrian,Crossing Not in Crosswalk,Dry,No Unusual Condition,Daylight,Midblock > 20ft,0.0,1,1.0,Pedestrian,South,Proceeding Straight,Driver,East,Proceeding Straight,POINT (-122.49992 37.75321),39.0,10.0,7.0,35.0,13
49259,vw_geo_sfpd_cr_switrs_all_types_col_cty_union.fid-c18a0c2_186644fdb18_648b,12881,26205000.0,819000.0,6046435,37.7618872697633,-122.445194819388,SFPD-CROSSROADS,CITY STREET,11/19/2012 05:42:00 PM,2012 November 19,17:42:00,2012,November,Monday,17TH AVE,URANUS TER,33.0,Clear,Injury (Complaint of Pain),Vehicle/Pedestrian,Pedestrian,Crossing Not in Crosswalk,Dry,No Unusual Condition,Dark - Street Lights,Midblock > 20ft,0.0,1,1.0,Pedestrian,South,Other,Driver,East,Proceeding Straight,POINT (-122.4452 37.761887),112.0,7.0,5.0,5.0,17
49260,vw_geo_sfpd_cr_switrs_all_types_col_cty_union.fid-c18a0c2_186644fdb18_608d,19204,26005000.000000004,,5584940,37.7690584541013,-122.435794213349,SFPD-CROSSROADS,CITY STREET,02/09/2012 09:30:00 AM,2012 February 09,09:30:00,2012,February,Thursday,CASTRO ST,DUBOCE AVE,0.0,Clear,Injury (Complaint of Pain),Vehicle/Pedestrian,Pedestrian,Crossing in Crosswalk at Intersection,Dry,No Unusual Condition,Daylight,Intersection <= 20ft,0.0,1,1.0,Driver,South,Making Left Turn,Pedestrian,East,Proceeding Straight,POINT (-122.43579 37.76906),28.0,7.0,5.0,3.0,09
49264,vw_geo_sfpd_cr_switrs_all_types_col_cty_union.fid-c18a0c2_186644fdb18_6c94,54780,27152000.000000004,8345102.0,210159879,37.7659625803,-122.464303741,SFPD-INTERIM DB,CITY STREET,03/12/2021 07:53:00 PM,2021 March 12,19:53:00,2021,March,Friday,LINCOLN WAY,07TH AVE,2.0,Clear,Injury (Other Visible),Vehicle/Pedestrian,Pedestrian,Crossing in Crosswalk at Intersection,Dry,No Unusual Condition,Dark - Street Lights,Intersection <= 20ft,0.0,1,1.0,Pedestrian,South,Not Stated,Driver,East,Proceeding Straight,POINT (-122.4643 37.76596),109.0,7.0,11.0,14.0,19
49265,vw_geo_sfpd_cr_switrs_all_types_col_cty_union.fid-c18a0c2_186644fdb18_6581,34647,25562000.0,,6054522,37.7978249513635,-122.422147774714,SFPD-CROSSROADS,CITY STREET,12/04/2012 11:55:00 AM,2012 December 04,11:55:00,2012,December,Tuesday,POLK ST,GREEN ST,0.0,Clear,Injury (Complaint of Pain),Vehicle/Pedestrian,Pedestrian,Crossing in Crosswalk at Intersection,Dry,No Unusual Condition,Daylight,Intersection <= 20ft,0.0,1,1.0,Driver,South,Proceeding Straight,Pedestrian,East,Proceeding Straight,POINT (-122.42215 37.797825),105.0,4.0,3.0,32.0,11
49275,vw_geo_sfpd_cr_switrs_all_types_col_cty_union.fid-c18a0c2_186644fdb18_64ab,3470,20692000.0,10833000.0,6046505,37.7376903398122,-122.396029965479,SFPD-CROSSROADS,CITY STREET,12/27/2012 03:32:00 PM,2012 December 27,15:32:00,2012,December,Thursday,QUINT ST,OAKDALE AVE,42.0,Clear,Injury (Complaint of Pain),Vehicle/Pedestrian,Pedestrian,Crossing Not in Crosswalk,Dry,No Unusual Condition,Daylight,Midblock > 20ft,0.0,1,1.0,Pedestrian,East,Entering Traffic,Driver,South,Proceeding Straight,POINT (-122.39603 37.73769),87.0,2.0,9.0,1.0,15
49289,vw_geo_sfpd_cr_switrs_all_types_col_cty_union.fid-c18a0c2_186644fdb18_6f41,57339,26498000.0,,220033235,37.7882797332,-122.423594072,SFPD-INTERIM DB,CITY STREET,01/15/2022 09:05:00 PM,2022 January 15,21:05:00,2022,January,Saturday,FRANKLIN ST,BUSH ST,0.0,Clear,Injury (Complaint of Pain),Vehicle/Pedestrian,Pedestrian,Crossing in Crosswalk at Intersection,Dry,No Unusual Condition,Dark - Street Lights,Intersection <= 20ft,0.0,1,1.0,Driver,East,Making Left Turn,Pedestrian,East,Proceeding Straight,POINT (-122.42359 37.78828),100.0,4.0,6.0,39.0,21
49302,vw_geo_sfpd_cr_switrs_all_types_col_cty_union.fid-c18a0c2_186644fdb18_6f70,57262,26616000.0,11695000.0,220023452,37.7816999441,-122.437440965,SFPD-INTERIM DB,CITY STREET,01/11/2022 05:16:00 PM,2022 January 11,17:16:00,2022,January,Tuesday,SCOTT ST,ELLIS ST,10.0,Clear,Injury (Other Visible),Vehicle/Pedestrian,Pedestrian,Crossing in Crosswalk at Intersection,Dry,No Unusual Condition,Daylight,Intersection <= 20ft,0.0,1,1.0,Driver,South,Making Left Turn,Pedestrian,East,Proceeding Straight,POINT (-122.43744 37.7817),97.0,4.0,11.0,39.0,17
49310,vw_geo_sfpd_cr_switrs_all_types_col_cty_union.fid-c18a0c2_186644fdb18_70fe,57979,21909000.0,4621000.0,220279558,37.7427642868475,-122.428805596541,SFPD-INTERIM DB,CITY STREET,04/29/2022 11:37:00 AM,2022 April 29,11:37:00,2022,April,Friday,DAY ST,SANCHEZ ST,118.0,Clear,Injury (Other Visible),Vehicle/Pedestrian,Pedestrian,"In Road, Including Shoulder",Dry,No Unusual Condition,Daylight,Midblock > 20ft,0.0,1,1.0,Driver,East,Proceeding Straight,Pedestrian,East,Stopped,POINT (-122.4288 37.742764),84.0,9.0,5.0,22.0,11
49311,vw_geo_sfpd_cr_switrs_all_types_col_cty_union.fid-c18a0c2_186644fdb18_6427,3765,20744000.0,11932000.0,5868567,37.7348650244307,-122.401587385058,SFPD-CROSSROADS,CITY STREET,07/13/2012 10:32:00 AM,2012 July 13,10:32:00,2012,July,Friday,SILVER AVE,SANTA FE AVE,11.0,Cloudy,Injury (Complaint of Pain),Vehicle/Pedestrian,Pedestrian,Crossing Not in Crosswalk,Dry,No Unusual Condition,Daylight,Intersection <= 20ft,0.0,1,1.0,Pedestrian,East,Not Stated,Driver,South,Proceeding Straight,POINT (-122.40159 37.734863),87.0,2.0,9.0,1.0,10
49316,vw_geo_sfpd_cr_switrs_all_types_col_cty_union.fid-c18a0c2_186644fdb18_608e,26052,24941000.0,,5584941,37.786939706966,-122.411515767762,SFPD-CROSSROADS,CITY STREET,02/07/2012 06:18:00 PM,2012 February 07,18:18:00,2012,February,Tuesday,GEARY ST,TAYLOR ST,0.0,Raining,Injury (Complaint of Pain),Vehicle/Pedestrian,Pedestrian,Crossing in Crosswalk at Intersection,Wet,No Unusual Condition,Dark - Street Lights,Intersection <= 20ft,0.0,1,1.0,Driver,West,Slowing/Stopping,Pedestrian,North,Stopped In Road,POINT (-122.411514 37.78694),20.0,6.0,3.0,36.0,18
49318,vw_geo_sfpd_cr_switrs_all_types_col_cty_union.fid-c18a0c2_186644fdb18_7199,58010,24437000.000000004,,220391419,37.7784891167252,-122.418226580888,SFPD-INTERIM DB,CITY STREET,06/14/2022 10:33:00 PM,2022 June 14,22:33:00,2022,June,Tuesday,POLK ST,GROVE ST,0.0,Clear,Injury (Severe),Vehicle/Pedestrian,Pedestrian,Crossing in Crosswalk at Intersection,Dry,No Unusual Condition,Dark - Street Lights,Intersection <= 20ft,0.0,1,1.0,Driver,North,Making Left Turn,Pedestrian,East,Proceeding Straight,POINT (-122.41823 37.77849),21.0,4.0,10.0,36.0,22
49319,vw_geo_sfpd_cr_switrs_all_types_col_cty_union.fid-c18a0c2_186644fdb18_6f79,57402,25191000.0,5812000.0,220081284,37.7827016266,-122.422467031,SFPD-INTERIM DB,CITY STREET,02/05/2022 03:31:00 PM,2022 February 05,15:31:00,2022,February,Saturday,FRANKLIN ST,EDDY ST,6.0,Clear,Injury (Complaint of Pain),Vehicle/Pedestrian,Pedestrian,Crossing in Crosswalk at Intersection,Dry,No Unusual Condition,Daylight,Intersection <= 20ft,0.0,1,1.0,Driver,North,Making Left Turn,Pedestrian,East,Proceeding Straight,POINT (-122.42247 37.782703),100.0,4.0,11.0,39.0,15
49320,vw_geo_sfpd_cr_switrs_all_types_col_cty_union.fid-c18a0c2_186644fdb18_647c,33551,24840000.0,3149000.0,6040333,37.7981475748772,-122.404452275185,SFPD-CROSSROADS,CITY STREET,10/14/2012 12:01:00 AM,2012 October 14,00:01:00,2012,October,Sunday,BROADWAY,MONTGOMERY ST,172.0,Cloudy,Injury (Complaint of Pain),Vehicle/Pedestrian,Pedestrian,Crossing Not in Crosswalk,Dry,No Unusual Condition,Dark - Street Lights,Midblock > 20ft,0.0,1,1.0,Pedestrian,North,Not Stated,Driver,West,Proceeding Straight,POINT (-122.40445 37.79815),106.0,6.0,3.0,23.0,00
49324,vw_geo_sfpd_cr_switrs_all_types_col_cty_union.fid-c18a0c2_186644fdb18_652f,42761,27813000.0,,6049409,37.7723254739059,-122.489539479855,SFPD-CROSSROADS,CITY STREET,11/04/2012 10:41:00 AM,2012 November 04,10:41:00,2012,November,Sunday,FULTON ST,30TH AVE,0.0,Clear,Injury (Complaint of Pain),Vehicle/Pedestrian,Pedestrian,Crossing Not in Crosswalk,Dry,No Unusual Condition,Daylight,Intersection <= 20ft,0.0,1,1.0,Driver,North,Making Right Turn,Pedestrian,North,Other,POINT (-122.48954 37.772324),9.0,8.0,4.0,12.0,10
49328,vw_geo_sfpd_cr_switrs_all_types_col_cty_union.fid-c18a0c2_186644fdb18_6113,16580,24291000.0,,5590753,37.7787853727234,-122.410401492992,SFPD-CROSSROADS,CITY STREET,02/07/2012 04:52:00 PM,2012 February 07,16:52:00,2012,February,Tuesday,07TH ST,MINNA ST,0.0,Raining,Injury (Other Visible),Vehicle/Pedestrian,Pedestrian,Crossing Not in Crosswalk,Wet,No Unusual Condition,Daylight,Intersection <= 20ft,0.0,1,1.0,Driver,South,Backing,Pedestrian,East,Proceeding Straight,POINT (-122.4104 37.778786),32.0,1.0,10.0,34.0,16
49336,vw_geo_sfpd_cr_switrs_all_types_col_cty_union.fid-c18a0c2_186644fdb18_6fbb,58432,24365000.0,724000.0,220229070,37.7651171580512,-122.418579139326,SFPD-INTERIM DB,CITY STREET,04/07/2022 09:46:00 PM,2022 April 07,21:46:00,2022,April,Thursday,CAPP ST,16TH ST,126.0,Clear,Injury (Severe),Vehicle/Pedestrian,Pedestrian,Crossing Not in Crosswalk,Dry,No Unusual Condition,Dark - Street Lights,Midblock > 20ft,0.0,1,1.0,Pedestrian,South,Not Stated,Driver,South,Proceeding Straight,POINT (-122.41858 37.765118),53.0,3.0,2.0,20.0,21
49339,vw_geo_sfpd_cr_switrs_all_types_col_cty_union.fid-c18a0c2_186644fdb18_6eb0,57450,22435000.0,,220098198,37.7458258323,-122.450852984,SFPD-INTERIM DB,CITY STREET,02/12/2022 03:12:00 PM,2022 February 12,15:12:00,2022,February,Saturday,PORTOLA DR,TWIN PEAKS BLVD,0.0,Clear,Injury (Other Visible),Vehicle/Pedestrian,Pedestrian,"In Road, Including Shoulder",Dry,No Unusual Condition,Daylight,Intersection <= 20ft,0.0,1,1.0,Pedestrian,South,Proceeding Straight,Driver,West,Proceeding Straight,POINT (-122.45085 37.745827),48.0,9.0,5.0,10.0,15
49357,vw_geo_sfpd_cr_switrs_all_types_col_cty_union.fid-c18a0c2_186644fdb18_64e6,2278,52262000.00000001,,6049308,37.7213968694167,-122.448410648171,SFPD-CROSSROADS,CITY STREET,12/04/2012 06:45:00 PM,2012 December 04,18:45:00,2012,December,Tuesday,I-280 S OFF RAMP,GENEVA AVE,0.0,Clear,Injury (Complaint of Pain),Vehicle/Pedestrian,Pedestrian,Crossing in Crosswalk at Intersection,Dry,No Unusual Condition,Dark - Street Lights,Intersection <= 20ft,0.0,1,1.0,Driver,South,Making Right Turn,Pedestrian,West,Proceeding Straight,POINT (-122.44841 37.721397),81.0,10.0,1.0,24.0,18
49362,vw_geo_sfpd_cr_switrs_all_types_col_cty_union.fid-c18a0c2_186644fdb18_62e5,3373,20667000.0,9788000.0,5762255,37.7356350851058,-122.392168123091,SFPD-CROSSROADS,CITY STREET,06/15/2012 05:53:00 PM,2012 June 15,17:53:00,2012,June,Friday,OAKDALE AVE,NEWHALL ST,16.0,Clear,Injury (Complaint of Pain),Vehicle/Pedestrian,Pedestrian,Crossing Not in Crosswalk,Dry,No Unusual Condition,Daylight,Intersection <= 20ft,0.0,1,1.0,Pedestrian,South,Proceeding Straight,Driver,East,Proceeding Straight,POINT (-122.392166 37.735634),86.0,2.0,9.0,1.0,17
49364,vw_geo_sfpd_cr_switrs_all_types_col_cty_union.fid-c18a0c2_186644fdb18_63cf,30261,25167000.0,,5780546,37.7870379468313,-122.418270980121,SFPD-CROSSROADS,CITY STREET,07/21/2012 10:45:00 PM,2012 July 21,22:45:00,2012,July,Saturday,POST ST,LARKIN ST,0.0,Clear,Injury (Complaint of Pain),Vehicle/Pedestrian,Pedestrian,Crossing in Crosswalk at Intersection,Dry,No Unusual Condition,Dark - Street Lights,Intersection <= 20ft,0.0,1,1.0,Driver,West,Backing,Pedestrian,South,Proceeding Straight,POINT (-122.418274 37.787037),50.0,6.0,10.0,36.0,22
49372,vw_geo_sfpd_cr_switrs_all_types_col_cty_union.fid-c18a0c2_186644fdb18_6443,10831,26223000.0,12770000.0,5910245,37.7538740624017,-122.447482728701,SFPD-CROSSROADS,CITY STREET,12/20/2012 08:50:00 PM,2012 December 20,20:50:00,2012,December,Thursday,TWIN PEAKS BLVD,CHRISTMAS TREE POINT RD,100.0,Clear,Fatal,Vehicle/Pedestrian,Pedestrian,"In Road, Including Shoulder",Dry,No Unusual Condition,Dark - No Street Lights,Midblock > 20ft,1.0,3,1.0,Driver,North,Proceeding Straight,Pedestrian,South,Other,POINT (-122.44748 37.753876),48.0,7.0,8.0,38.0,20
49391,vw_geo_sfpd_cr_switrs_all_types_col_cty_union.fid-c18a0c2_186644fdb18_719e,58008,35006000.0,9874001.0,220287915,37.7717364636207,-122.423673410547,SFPD-INTERIM DB,CITY STREET,05/02/2022 08:25:00 PM,2022 May 02,20:25:00,2022,May,Monday,MARKET ST,OCTAVIA ST,114.0,Clear,Injury (Complaint of Pain),Vehicle/Pedestrian,Pedestrian,Crossing Not in Crosswalk,Dry,No Unusual Condition,Dark - Street Lights,Midblock > 20ft,0.0,1,1.0,Pedestrian,East,Other,Driver,West,Proceeding Straight,POINT (-122.423676 37.771736),27.0,1.0,5.0,9.0,20
49393,vw_geo_sfpd_cr_switrs_all_types_col_cty_union.fid-c18a0c2_186644fdb18_7318,57152,25150000.0,,210338277,37.7837775238465,-122.417618571459,SFPD-INTERIM DB,CITY STREET,06/01/2021 10:31:00 AM,2021 June 01,10:31:00,2021,June,Tuesday,LARKIN ST,WILLOW ST,0.0,Clear,Injury (Complaint of Pain),Vehicle/Pedestrian,Pedestrian,Crossing in Crosswalk at Intersection,Dry,No Unusual Condition,Daylight,Intersection <= 20ft,0.0,1,1.0,Driver,North,Making Left Turn,Pedestrian,South,Proceeding Straight,POINT (-122.41762 37.78378),20.0,5.0,10.0,36.0,10
49398,vw_geo_sfpd_cr_switrs_all_types_col_cty_union.fid-c18a0c2_186644fdb18_6546,29543,26589000.0,5545000.0,6049431,37.783274784114,-122.432702576558,SFPD-CROSSROADS,CITY STREET,10/15/2012 08:43:00 PM,2012 October 15,20:43:00,2012,October,Monday,FILLMORE ST,OFARRELL ST,7.0,Clear,Injury (Complaint of Pain),Vehicle/Pedestrian,Pedestrian,Crossing in Crosswalk at Intersection,Dry,No Unusual Condition,Dark - Street Lights,Intersection <= 20ft,0.0,1,1.0,Driver,South,Proceeding Straight,Pedestrian,West,Not Stated,POINT (-122.4327 37.783276),97.0,4.0,11.0,39.0,20
49411,vw_geo_sfpd_cr_switrs_all_types_col_cty_union.fid-c18a0c2_186644fdb18_6f7a,57442,22131000.0,,220086466,37.7303257205,-122.439686066,SFPD-INTERIM DB,CITY STREET,02/07/2022 12:00:00 PM,2022 February 07,12:00:00,2022,February,Monday,CIRCULAR AVE,BADEN ST,0.0,Clear,Injury (Other Visible),Vehicle/Pedestrian,Pedestrian,Crossing in Crosswalk at Intersection,Dry,No Unusual Condition,Daylight,Intersection <= 20ft,0.0,1,1.0,Driver,South,Making Left Turn,Pedestrian,East,Proceeding Straight,POINT (-122.43969 37.730328),95.0,9.0,8.0,41.0,12
49412,vw_geo_sfpd_cr_switrs_all_types_col_cty_union.fid-c18a0c2_186644fdb18_6ce9,54025,24466000.0,,200647044,37.7800746967,-122.420247184,SFPD-INTERIM DB,CITY STREET,10/26/2020 05:50:00 PM,2020 October 26,17:50:00,2020,October,Monday,VAN NESS AVE,MCALLISTER ST,0.0,Clear,Injury (Complaint of Pain),Vehicle/Pedestrian,Pedestrian,Crossing Not in Crosswalk,Dry,Construction or Repair Zone,Daylight,Intersection <= 20ft,0.0,1,1.0,Pedestrian,East,Proceeding Straight,Driver,North,Proceeding Straight,POINT (-122.42025 37.780075),21.0,4.0,11.0,39.0,17
49416,vw_geo_sfpd_cr_switrs_all_types_col_cty_union.fid-c18a0c2_186644fdb18_64c2,34460,25478000.0,12223000.0,6046883,37.8069793420028,-122.410500869549,SFPD-CROSSROADS,CITY STREET,12/31/2012 10:00:00 PM,2012 December 31,22:00:00,2012,December,Monday,STOCKTON ST,NORTH POINT ST,6.0,Cloudy,Injury (Other Visible),Vehicle/Pedestrian,Pedestrian,Crossing in Crosswalk at Intersection,Dry,No Unusual Condition,Dark - Street Lights,Intersection <= 20ft,0.0,1,1.0,Pedestrian,West,Not Stated,Driver,North,Not Stated,POINT (-122.4105 37.80698),99.0,6.0,3.0,23.0,22
49427,vw_geo_sfpd_cr_switrs_all_types_col_cty_union.fid-c18a0c2_186644fdb18_6557,17736,33027000.000000004,,6049457,37.7701114486375,-122.420008320982,SFPD-CROSSROADS,CITY STREET,10/05/2012 08:45:00 PM,2012 October 05,20:45:00,2012,October,Friday,OTIS ST,DUBOCE AVE,0.0,Clear,Injury (Complaint of Pain),Vehicle/Pedestrian,Pedestrian,Crossing Not in Crosswalk,Dry,No Unusual Condition,Dark - Street Lights,Intersection <= 20ft,0.0,1,1.0,Pedestrian,East,Stopped In Road,Driver,South,Proceeding Straight,POINT (-122.420006 37.77011),53.0,3.0,2.0,20.0,20
49437,vw_geo_sfpd_cr_switrs_all_types_col_cty_union.fid-c18a0c2_186644fdb18_5eb2,20048,26348000.000000004,2510000.0,5455878,37.7728041190986,-122.447500010463,SFPD-CROSSROADS,CITY STREET,01/06/2012 06:48:00 PM,2012 January 06,18:48:00,2012,January,Friday,ASHBURY ST,FELL ST,5.0,Clear,Injury (Complaint of Pain),Vehicle/Pedestrian,Pedestrian,Crossing in Crosswalk at Intersection,Dry,No Unusual Condition,Dark - Street Lights,Intersection <= 20ft,0.0,1,1.0,Driver,South,Making Right Turn,Pedestrian,South,Other,POINT (-122.4475 37.772804),24.0,7.0,11.0,18.0,18
49447,vw_geo_sfpd_cr_switrs_all_types_col_cty_union.fid-c18a0c2_186644fdb18_5fba,31611,26944000.0,,5484080,37.7857223734378,-122.453255493365,SFPD-CROSSROADS,CITY STREET,01/04/2012 09:43:00 AM,2012 January 04,09:43:00,2012,January,Wednesday,SPRUCE ST,MAYFAIR DR,0.0,Clear,Injury (Complaint of Pain),Vehicle/Pedestrian,Pedestrian,Crossing in Crosswalk at Intersection,Dry,No Unusual Condition,Daylight,Intersection <= 20ft,0.0,1,1.0,Driver,South,Stopped In Road,Pedestrian,West,Other,POINT (-122.453255 37.78572),11.0,8.0,6.0,31.0,09
49451,vw_geo_sfpd_cr_switrs_all_types_col_cty_union.fid-c18a0c2_186644fdb18_5eb4,2282,52262000.00000001,6129201.0,5455883,37.7214427107768,-122.448639685309,SFPD-CROSSROADS,CITY STREET,01/16/2012 04:58:00 PM,2012 January 16,16:58:00,2012,January,Monday,GENEVA AVE,I-280 RAMP,67.0,Clear,Injury (Other Visible),Vehicle/Pedestrian,Pedestrian,"In Road, Including Shoulder",Dry,No Unusual Condition,Daylight,Midblock > 20ft,0.0,1,1.0,Pedestrian,South,Proceeding Straight,Driver,West,Proceeding Straight,POINT (-122.44864 37.721443),81.0,10.0,1.0,24.0,16
49477,vw_geo_sfpd_cr_switrs_all_types_col_cty_union.fid-c18a0c2_186644fdb18_7313,57191,25830000.0,,210128147,37.7617037985788,-122.438362146403,SFPD-INTERIM DB,CITY STREET,02/26/2021 06:30:00 AM,2021 February 26,06:30:00,2021,February,Friday,MARKET ST,EUREKA ST,0.0,Clear,Injury (Complaint of Pain),Broadside,Pedestrian,Crossing in Crosswalk at Intersection,Dry,No Unusual Condition,Dusk - Dawn,Intersection <= 20ft,0.0,1,1.0,Driver,East,Making Left Turn,Pedestrian,North,Other,POINT (-122.43836 37.761703),115.0,3.0,5.0,5.0,06
49478,vw_geo_sfpd_cr_switrs_all_types_col_cty_union.fid-c18a0c2_186644fdb18_654b,13986,24206000.0,,6049436,37.7715786773086,-122.411277936994,SFPD-CROSSROADS,CITY STREET,10/28/2012 02:33:00 AM,2012 October 28,02:33:00,2012,October,Sunday,10TH ST,HARRISON ST,0.0,Clear,Injury (Other Visible),Vehicle/Pedestrian,Pedestrian,Crossing in Crosswalk at Intersection,Dry,No Unusual Condition,Dark - Street Lights,Intersection <= 20ft,0.0,1,1.0,Driver,South,Making Left Turn,Pedestrian,East,Proceeding Straight,POINT (-122.41128 37.77158),32.0,1.0,10.0,34.0,02
49486,vw_geo_sfpd_cr_switrs_all_types_col_cty_union.fid-c18a0c2_186644fdb18_60d5,2627,20485000.000000004,221201.0,5590047,37.7284842203751,-122.392912374276,SFPD-CROSSROADS,CITY STREET,02/22/2012 05:13:00 PM,2012 February 22,17:13:00,2012,February,Wednesday,03RD ST,WALLACE AVE,6.0,Clear,Injury (Complaint of Pain),Vehicle/Pedestrian,Pedestrian,Crossing in Crosswalk at Intersection,Dry,No Unusual Condition,Daylight,Intersection <= 20ft,0.0,1,1.0,Driver,South,Making Left Turn,Pedestrian,East,Proceeding Straight,POINT (-122.392914 37.728485),86.0,2.0,9.0,1.0,17
49494,vw_geo_sfpd_cr_switrs_all_types_col_cty_union.fid-c18a0c2_186644fdb18_6e5c,57697,24675000.000000004,3526000.0,220199257,37.793264043,-122.399527593,SFPD-INTERIM DB,CITY STREET,03/26/2022 06:42:00 PM,2022 March 26,18:42:00,2022,March,Saturday,CALIFORNIA ST,BATTERY ST,126.0,Clear,Injury (Complaint of Pain),Vehicle/Pedestrian,Pedestrian,Crossing Not in Crosswalk,Dry,No Unusual Condition,Daylight,Midblock > 20ft,0.0,1,1.0,Driver,West,Backing,Pedestrian,South,Proceeding Straight,POINT (-122.39953 37.793262),108.0,6.0,3.0,8.0,18
49512,vw_geo_sfpd_cr_switrs_all_types_col_cty_union.fid-c18a0c2_186644fdb18_5fed,13545,24192000.0,,5545075,37.7703485171713,-122.409735888977,SFPD-CROSSROADS,CITY STREET,01/28/2012 08:40:00 PM,2012 January 28,20:40:00,2012,January,Saturday,10TH ST,BRYANT ST,0.0,Clear,Injury (Other Visible),Vehicle/Pedestrian,Pedestrian,Crossing in Crosswalk at Intersection,Dry,No Unusual Condition,Dark - Street Lights,Intersection <= 20ft,0.0,1,1.0,Pedestrian,West,Proceeding Straight,Driver,South,Proceeding Straight,POINT (-122.40974 37.770348),32.0,1.0,10.0,34.0,20
49522,vw_geo_sfpd_cr_switrs_all_types_col_cty_union.fid-c18a0c2_186644fdb18_5ed4,35208,26741000.0,3975000.0,5455994,37.8012302422456,-122.433000553312,SFPD-CROSSROADS,CITY STREET,01/19/2012 06:53:00 AM,2012 January 19,06:53:00,2012,January,Thursday,CHESTNUT ST,BUCHANAN ST,13.0,Cloudy,Injury (Complaint of Pain),Vehicle/Pedestrian,Pedestrian,Crossing in Crosswalk at Intersection,Dry,No Unusual Condition,Dusk - Dawn,Intersection <= 20ft,0.0,1,1.0,Driver,East,Proceeding Straight,Pedestrian,South,Proceeding Straight,POINT (-122.433 37.80123),17.0,4.0,6.0,13.0,06
49525,vw_geo_sfpd_cr_switrs_all_types_col_cty_union.fid-c18a0c2_186644fdb18_624e,11002,24158000.0,975000.0,5734827,37.7600991570217,-122.421460583335,SFPD-CROSSROADS,CITY STREET,05/19/2012 06:04:00 PM,2012 May 19,18:04:00,2012,May,Saturday,19TH ST,VALENCIA ST,10.0,Clear,Injury (Severe),Vehicle/Pedestrian,Pedestrian,Crossing in Crosswalk at Intersection,Dry,No Unusual Condition,Daylight,Intersection <= 20ft,0.0,1,1.0,Pedestrian,South,Proceeding Straight,Driver,West,Proceeding Straight,POINT (-122.42146 37.760098),37.0,3.0,5.0,20.0,18
49528,vw_geo_sfpd_cr_switrs_all_types_col_cty_union.fid-c18a0c2_186644fdb18_7377,56260,20807000.000000004,,210462804,37.7459538569,-122.402026703,SFPD-INTERIM DB,CITY STREET,07/22/2021 04:07:00 AM,2021 July 22,04:07:00,2021,July,Thursday,JERROLD AVE,NAPOLEON ST,0.0,Clear,Injury (Other Visible),Vehicle/Pedestrian,Pedestrian,Crossing Not in Crosswalk,Dry,No Unusual Condition,Dark - No Street Lights,Intersection <= 20ft,0.0,1,1.0,Pedestrian,North,Entering Traffic,Driver,East,Proceeding Straight,POINT (-122.40202 37.745953),85.0,2.0,9.0,1.0,04
49534,vw_geo_sfpd_cr_switrs_all_types_col_cty_union.fid-c18a0c2_186644fdb18_6f07,57819,25171000.0,8130000.0,220139623,37.7854708915985,-122.41796212021,SFPD-INTERIM DB,CITY STREET,03/02/2022 11:09:00 AM,2022 March 02,11:09:00,2022,March,Wednesday,LARKIN ST,OFARRELL ST,112.0,Clear,Injury (Complaint of Pain),Vehicle/Pedestrian,Pedestrian,Crossing Not in Crosswalk,Dry,No Unusual Condition,Daylight,Midblock > 20ft,0.0,1,1.0,Driver,North,Entering Traffic,Pedestrian,West,Not Stated,POINT (-122.41796 37.78547),20.0,5.0,10.0,36.0,11
49536,vw_geo_sfpd_cr_switrs_all_types_col_cty_union.fid-c18a0c2_186644fdb18_5ed2,1138,21552000.0,,5455986,37.7088063372727,-122.45266472081,SFPD-CROSSROADS,CITY STREET,01/20/2012 08:26:00 PM,2012 January 20,20:26:00,2012,January,Friday,MISSION ST,SICKLES AVE,0.0,Raining,Injury (Complaint of Pain),Vehicle/Pedestrian,Pedestrian,Crossing in Crosswalk at Intersection,Wet,No Unusual Condition,Dark - Street Lights,Intersection <= 20ft,0.0,1,1.0,Driver,North,Making Left Turn,Pedestrian,East,Proceeding Straight,POINT (-122.45267 37.708805),66.0,9.0,1.0,28.0,20