,id,unique_id,cnn_intrsctn_fkey,cnn_sgmt_fkey,case_id_pkey,tb_latitude,tb_longitude,geocode_source,geocode_location,collision_datetime,collision_date,collision_time,accident_year,month,day_of_week,primary_rd,secondary_rd,distance,weather_1,collision_severity,type_of_collision,mviw,ped_action,road_surface,road_cond_1,lighting,intersection,number_killed,number_injured,party_at_fault,party1_type,party1_dir_of_travel,party1_move_pre_acc,party2_type,party2_dir_of_travel,party2_move_pre_acc,point,Neighborhoods,Current Police Districts,Current Supervisor Districts,Analysis Neighborhoods,hour
49538,vw_geo_sfpd_cr_switrs_all_types_col_cty_union.fid-c18a0c2_186644fdb18_73c3,56115,24388000.0,,210508981,37.7730534547,-122.418618217,SFPD-INTERIM DB,CITY STREET,08/10/2021 05:00:00 PM,2021 August 10,17:00:00,2021,August,Tuesday,SOUTH VAN NESS AVE,MISSION ST,0.0,Clear,Injury (Complaint of Pain),Vehicle/Pedestrian,Pedestrian,Crossing in Crosswalk at Intersection,Dry,No Unusual Condition,Daylight,Intersection <= 20ft,0.0,1,1.0,Driver,East,Making Right Turn,Pedestrian,North,Proceeding Straight,POINT (-122.41862 37.773052),32.0,1.0,10.0,20.0,17
49548,vw_geo_sfpd_cr_switrs_all_types_col_cty_union.fid-c18a0c2_186644fdb18_7297,58078,21340000.0,,220377221,37.7467751399368,-122.419121301114,SFPD-INTERIM DB,CITY STREET,06/09/2022 09:10:00 AM,2022 June 09,09:10:00,2022,June,Thursday,MISSION ST,PRECITA AVE,0.0,Clear,Injury (Complaint of Pain),Vehicle/Pedestrian,Pedestrian,Crossing in Crosswalk at Intersection,Dry,No Unusual Condition,Daylight,Intersection <= 20ft,0.0,1,1.0,Driver,South,Making Left Turn,Pedestrian,West,Other,POINT (-122.41912 37.746777),83.0,9.0,2.0,2.0,09
49553,vw_geo_sfpd_cr_switrs_all_types_col_cty_union.fid-c18a0c2_186644fdb18_67cd,34363,25524000.0,2776000.0,6079123,37.8054288767186,-122.415146286439,SFPD-CROSSROADS,CITY STREET,08/08/2012 04:40:00 PM,2012 August 08,16:40:00,2012,August,Wednesday,BAY ST,TAYLOR ST,28.0,Clear,Injury (Complaint of Pain),Vehicle/Pedestrian,Pedestrian,Crossing Not in Crosswalk,Dry,No Unusual Condition,Daylight,Midblock > 20ft,0.0,1,1.0,Pedestrian,North,Proceeding Straight,Driver,West,Proceeding Straight,POINT (-122.415146 37.805428),106.0,6.0,3.0,23.0,16
49559,vw_geo_sfpd_cr_switrs_all_types_col_cty_union.fid-c18a0c2_186644fdb18_67ba,11603,25814000.0,3790000.0,6076714,37.7618327691003,-122.43508744369,SFPD-CROSSROADS,CITY STREET,06/25/2012 04:16:00 PM,2012 June 25,16:16:00,2012,June,Monday,CASTRO ST,18TH ST,345.0,Clear,Injury (Complaint of Pain),Vehicle/Pedestrian,Pedestrian,"In Road, Including Shoulder",Dry,No Unusual Condition,Daylight,Midblock > 20ft,0.0,1,1.0,Driver,North,Parking Maneuver,Pedestrian,North,Other,POINT (-122.43509 37.761833),38.0,3.0,5.0,5.0,16
49561,vw_geo_sfpd_cr_switrs_all_types_col_cty_union.fid-c18a0c2_186644fdb18_6738,4972,21829000.0,,6072916,37.7374062470572,-122.424040148623,SFPD-CROSSROADS,CITY STREET,11/17/2012 08:34:00 PM,2012 November 17,20:34:00,2012,November,Saturday,MISSION ST,HIGHLAND AVE,0.0,Raining,Injury (Complaint of Pain),Vehicle/Pedestrian,Pedestrian,Crossing in Crosswalk at Intersection,Wet,No Unusual Condition,Dark - Street Lights,Intersection <= 20ft,0.0,1,1.0,Driver,North,Proceeding Straight,Pedestrian,East,Proceeding Straight,POINT (-122.42404 37.737408),61.0,9.0,5.0,2.0,20
49565,vw_geo_sfpd_cr_switrs_all_types_col_cty_union.fid-c18a0c2_186644fdb18_62b4,37301,33514000.0,12961000.0,5760545,37.7230246062998,-122.47255696376,SFPD-CROSSROADS,CITY STREET,06/02/2012 12:30:00 PM,2012 June 02,12:30:00,2012,June,Saturday,JUNIPERO SERRA BLVD,WYTON LN,11.0,Clear,Injury (Complaint of Pain),Vehicle/Pedestrian,Pedestrian,Not in Road,Dry,No Unusual Condition,Daylight,Intersection <= 20ft,0.0,1,1.0,Driver,North,Proceeding Straight,Pedestrian,East,Not Stated,POINT (-122.47256 37.723026),41.0,10.0,8.0,41.0,12
49583,vw_geo_sfpd_cr_switrs_all_types_col_cty_union.fid-c18a0c2_186644fdb18_5f07,7792,25610000.0,,5469799,37.7502327175347,-122.424999224156,SFPD-CROSSROADS,CITY STREET,01/22/2012 07:46:00 PM,2012 January 22,19:46:00,2012,January,Sunday,25TH ST,DOLORES ST,0.0,Raining,Injury (Complaint of Pain),Vehicle/Pedestrian,Pedestrian,Crossing in Crosswalk at Intersection,Wet,No Unusual Condition,Dark - Street Lights,Intersection <= 20ft,0.0,1,1.0,Driver,South,Proceeding Straight,Pedestrian,East,Proceeding Straight,POINT (-122.424995 37.750233),52.0,3.0,5.0,20.0,19
49587,vw_geo_sfpd_cr_switrs_all_types_col_cty_union.fid-c18a0c2_186644fdb18_6336,29252,25152000.0,8129000.0,5762820,37.7849746686566,-122.417861171405,SFPD-CROSSROADS,CITY STREET,06/14/2012 06:39:00 PM,2012 June 14,18:39:00,2012,June,Thursday,LARKIN ST,OFARRELL ST,71.0,Clear,Injury (Other Visible),Sideswipe,Pedestrian,Crossing Not in Crosswalk,Dry,No Unusual Condition,Daylight,Midblock > 20ft,0.0,1,1.0,Pedestrian,West,Other Unsafe Turning,Driver,North,Proceeding Straight,POINT (-122.41786 37.784973),20.0,5.0,10.0,36.0,18
49591,vw_geo_sfpd_cr_switrs_all_types_col_cty_union.fid-c18a0c2_186644fdb18_60c4,4815,21826000.0,11312000.0,5590024,37.7340707513749,-122.426385109389,SFPD-CROSSROADS,CITY STREET,02/25/2012 02:22:00 PM,2012 February 25,14:22:00,2012,February,Saturday,MARS ST,MISSION ST,89.0,Clear,Injury (Other Visible),Vehicle/Pedestrian,Pedestrian,Crossing Not in Crosswalk,Dry,No Unusual Condition,Daylight,Midblock > 20ft,0.0,1,1.0,Pedestrian,North,Entering Traffic,Driver,West,Proceeding Straight,POINT (-122.426384 37.73407),93.0,9.0,5.0,2.0,14
49605,vw_geo_sfpd_cr_switrs_all_types_col_cty_union.fid-c18a0c2_186644fdb18_648f,26033,24941000.0,6112000.0,6046443,37.7869384810624,-122.411525373597,SFPD-CROSSROADS,CITY STREET,11/16/2012 10:25:00 AM,2012 November 16,10:25:00,2012,November,Friday,GEARY ST,TAYLOR ST,3.0,Cloudy,Injury (Other Visible),Vehicle/Pedestrian,Pedestrian,Crossing in Crosswalk at Intersection,Wet,No Unusual Condition,Daylight,Intersection <= 20ft,0.0,1,1.0,Driver,West,Making Left Turn,Pedestrian,North,Proceeding Straight,POINT (-122.41152 37.786938),20.0,6.0,10.0,36.0,10
49608,vw_geo_sfpd_cr_switrs_all_types_col_cty_union.fid-c18a0c2_186644fdb18_6e90,57427,30069000.0,9753000.0,220100925,37.7746014289,-122.425868008,SFPD-INTERIM DB,CITY STREET,02/13/2022 08:49:00 PM,2022 February 13,20:49:00,2022,February,Sunday,OAK ST,LAGUNA ST,6.0,Clear,Injury (Complaint of Pain),Vehicle/Pedestrian,Pedestrian,Crossing in Crosswalk at Intersection,Dry,No Unusual Condition,Dark - Street Lights,Intersection <= 20ft,0.0,1,1.0,Driver,South,Making Left Turn,Pedestrian,North,Proceeding Straight,POINT (-122.425865 37.7746),26.0,4.0,11.0,9.0,20
49620,vw_geo_sfpd_cr_switrs_all_types_col_cty_union.fid-c18a0c2_186644fdb18_701b,58185,25899000.0,6608000.0,220425648,37.7720242965076,-122.431093851568,SFPD-INTERIM DB,CITY STREET,06/28/2022 08:41:00 PM,2022 June 28,20:41:00,2022,June,Tuesday,HAIGHT ST,FILLMORE ST,193.0,Clear,Injury (Severe),Vehicle/Pedestrian,Pedestrian,"In Road, Including Shoulder",Dry,No Unusual Condition,Dusk - Dawn,Midblock > 20ft,0.0,1,1.0,Pedestrian,North,Other,Driver,West,Slowing/Stopping,POINT (-122.43109 37.772026),26.0,4.0,11.0,9.0,20
49625,vw_geo_sfpd_cr_switrs_all_types_col_cty_union.fid-c18a0c2_186644fdb18_67da,16450,23944000.0,296000.0,6079147,37.7814060395799,-122.404816283799,SFPD-CROSSROADS,CITY STREET,08/22/2012 10:15:00 AM,2012 August 22,10:15:00,2012,August,Wednesday,05TH ST,HOWARD ST,48.0,Clear,Injury (Complaint of Pain),Vehicle/Pedestrian,Pedestrian,Crossing Not in Crosswalk,Dry,No Unusual Condition,Daylight,Midblock > 20ft,0.0,1,1.0,Pedestrian,West,Other,Driver,North,Proceeding Straight,POINT (-122.404816 37.781406),32.0,1.0,10.0,34.0,10
49640,vw_geo_sfpd_cr_switrs_all_types_col_cty_union.fid-c18a0c2_186644fdb18_6f0c,57810,25014000.000000004,10686000.0,220067983,37.7938025283523,-122.409537975618,SFPD-INTERIM DB,CITY STREET,01/31/2022 09:00:00 AM,2022 January 31,09:00:00,2022,January,Monday,POWELL ST,CLAY ST,18.0,Clear,Injury (Complaint of Pain),Vehicle/Pedestrian,Pedestrian,"In Road, Including Shoulder",Dry,No Unusual Condition,Daylight,Intersection <= 20ft,0.0,1,1.0,Pedestrian,West,Other,Driver,North,Proceeding Straight,POINT (-122.40954 37.793804),16.0,6.0,3.0,21.0,09
49647,vw_geo_sfpd_cr_switrs_all_types_col_cty_union.fid-c18a0c2_186644fdb18_7096,16110,23941000.0,,170450418,37.7785051048409,-122.405615266463,SFPD-CROSSROADS,CITY STREET,06/02/2017 04:06:00 AM,2017 June 02,04:06:00,2017,June,Friday,06TH ST,FOLSOM ST,0.0,Clear,Injury (Complaint of Pain),Vehicle/Pedestrian,Pedestrian,Crossing in Crosswalk at Intersection,Dry,No Unusual Condition,Dark - Street Lights,Intersection <= 20ft,0.0,1,1.0,Pedestrian,East,Proceeding Straight,Driver,South,Proceeding Straight,POINT (-122.40562 37.778503),32.0,1.0,10.0,34.0,04
49652,vw_geo_sfpd_cr_switrs_all_types_col_cty_union.fid-c18a0c2_186644fdb18_6005,24732,30739000.0,,5553718,37.7839914868634,-122.408066547888,SFPD-CROSSROADS,CITY STREET,01/28/2012 08:02:00 PM,2012 January 28,20:02:00,2012,January,Saturday,MARKET ST,05TH ST,0.0,Clear,Injury (Complaint of Pain),Vehicle/Pedestrian,Pedestrian,Crossing Not in Crosswalk,Dry,No Unusual Condition,Dark - Street Lights,Intersection <= 20ft,0.0,1,1.0,Pedestrian,South,Other,Driver,West,Proceeding Straight,POINT (-122.408066 37.783993),19.0,5.0,10.0,34.0,20
49657,vw_geo_sfpd_cr_switrs_all_types_col_cty_union.fid-c18a0c2_186644fdb18_712d,21485,24466000.0,13146101.0,130286504,37.7799599865845,-122.420293356884,SFPD-CROSSROADS,CITY STREET,04/08/2013 09:40:00 AM,2013 April 08,09:40:00,2013,April,Monday,VAN NESS AVE,MCALLISTER ST,49.0,Clear,Injury (Complaint of Pain),Vehicle/Pedestrian,Pedestrian,Crossing Not in Crosswalk,Dry,No Unusual Condition,Daylight,Midblock > 20ft,0.0,1,1.0,Pedestrian,West,Not Stated,Driver,South,Proceeding Straight,POINT (-122.420296 37.77996),21.0,4.0,11.0,9.0,09
49660,vw_geo_sfpd_cr_switrs_all_types_col_cty_union.fid-c18a0c2_186644fdb18_64e2,11903,24170000.0,,6049303,37.7650513370665,-122.419668972502,SFPD-CROSSROADS,CITY STREET,12/01/2012 04:38:00 PM,2012 December 01,16:38:00,2012,December,Saturday,MISSION ST,16TH ST,0.0,Cloudy,Injury (Complaint of Pain),Vehicle/Pedestrian,Pedestrian,Crossing in Crosswalk at Intersection,Wet,No Unusual Condition,Dark - Street Lights Not Functioning,Intersection <= 20ft,0.0,1,1.0,Driver,East,Making Left Turn,Pedestrian,South,Not Stated,POINT (-122.41967 37.765053),53.0,3.0,2.0,20.0,16
49666,vw_geo_sfpd_cr_switrs_all_types_col_cty_union.fid-c18a0c2_186644fdb18_64af,4887,21940000.0,,6046514,37.7335503435319,-122.434144537279,SFPD-CROSSROADS,CITY STREET,12/07/2012 06:56:00 AM,2012 December 07,06:56:00,2012,December,Friday,DIAMOND ST,BOSWORTH ST,0.0,Clear,Injury (Complaint of Pain),Vehicle/Pedestrian,Pedestrian,Crossing in Crosswalk at Intersection,Dry,No Unusual Condition,Daylight,Intersection <= 20ft,0.0,1,1.0,Pedestrian,South,Proceeding Straight,Driver,East,Making Left Turn,POINT (-122.43414 37.73355),96.0,9.0,5.0,41.0,06
49671,vw_geo_sfpd_cr_switrs_all_types_col_cty_union.fid-c18a0c2_186644fdb18_6079,43569,27302000.0,,5584920,37.7807687387514,-122.469627031601,SFPD-CROSSROADS,CITY STREET,02/18/2012 10:41:00 PM,2012 February 18,22:41:00,2012,February,Saturday,GEARY BLVD,11TH AVE,0.0,Clear,Injury (Other Visible),Vehicle/Pedestrian,Pedestrian,Crossing in Crosswalk at Intersection,Dry,No Unusual Condition,Dark - Street Lights,Intersection <= 20ft,0.0,2,1.0,Driver,North,Making Right Turn,Pedestrian,West,Proceeding Straight,POINT (-122.46963 37.78077),5.0,8.0,4.0,11.0,22
49676,vw_geo_sfpd_cr_switrs_all_types_col_cty_union.fid-c18a0c2_186644fdb18_64d5,27731,24909000.0,12323000.0,6049013,37.7892231142046,-122.40861472727,SFPD-CROSSROADS,CITY STREET,11/11/2012 01:48:00 AM,2012 November 11,01:48:00,2012,November,Sunday,SUTTER ST,POWELL ST,6.0,Clear,Injury (Other Visible),Vehicle/Pedestrian,Pedestrian,Crossing in Crosswalk at Intersection,Dry,No Unusual Condition,Dark - Street Lights,Intersection <= 20ft,0.0,1,1.0,Driver,West,Making Left Turn,Pedestrian,North,Not Stated,POINT (-122.408615 37.789223),19.0,6.0,3.0,21.0,01
49680,vw_geo_sfpd_cr_switrs_all_types_col_cty_union.fid-c18a0c2_186644fdb18_67ed,26651,24527000.0,,6080416,37.7892346992005,-122.395150931855,SFPD-CROSSROADS,CITY STREET,04/26/2012 05:42:00 AM,2012 April 26,05:42:00,2012,April,Thursday,HOWARD ST,FREMONT ST,0.0,Raining,Injury (Complaint of Pain),Vehicle/Pedestrian,Pedestrian,Crossing Not in Crosswalk,Wet,No Unusual Condition,Dark - Street Lights,Intersection <= 20ft,0.0,1,1.0,Pedestrian,North,Proceeding Straight,Driver,West,Proceeding Straight,POINT (-122.39515 37.789234),32.0,1.0,10.0,8.0,05
49682,vw_geo_sfpd_cr_switrs_all_types_col_cty_union.fid-c18a0c2_186644fdb18_6ff4,58117,24142000.0,,220405894,37.7651831347103,-122.417486594571,SFPD-INTERIM DB,CITY STREET,06/21/2022 04:36:00 AM,2022 June 21,04:36:00,2022,June,Tuesday,SOUTH VAN NESS AVE,16TH ST,0.0,Clear,Fatal,Vehicle/Pedestrian,Pedestrian,Crossing in Crosswalk at Intersection,Dry,No Unusual Condition,Dusk - Dawn,Intersection <= 20ft,1.0,0,1.0,Driver,North,Proceeding Straight,Pedestrian,East,Not Stated,POINT (-122.41749 37.765182),53.0,3.0,2.0,20.0,04
49686,vw_geo_sfpd_cr_switrs_all_types_col_cty_union.fid-c18a0c2_186644fdb18_6747,7796,24068000.0,3682000.0,6072969,37.7506800688155,-122.417198516775,SFPD-CROSSROADS,CITY STREET,11/21/2012 04:40:00 PM,2012 November 21,16:40:00,2012,November,Wednesday,CAPP ST,25TH ST,9.0,Clear,Injury (Complaint of Pain),Sideswipe,Pedestrian,Crossing in Crosswalk at Intersection,Dry,No Unusual Condition,Daylight,Intersection <= 20ft,0.0,1,1.0,Driver,South,Making Right Turn,Pedestrian,East,Proceeding Straight,POINT (-122.4172 37.75068),53.0,3.0,2.0,20.0,16
49688,vw_geo_sfpd_cr_switrs_all_types_col_cty_union.fid-c18a0c2_186644fdb18_5ead,26308,24917000.0,,5455867,37.7871491428224,-122.40987401663,SFPD-CROSSROADS,CITY STREET,01/18/2012 05:30:00 PM,2012 January 18,17:30:00,2012,January,Wednesday,GEARY BLVD,MASON ST,0.0,Clear,Injury (Complaint of Pain),Vehicle/Pedestrian,Pedestrian,Crossing in Crosswalk at Intersection,Dry,No Unusual Condition,Dusk - Dawn,Intersection <= 20ft,0.0,1,1.0,Driver,West,Proceeding Straight,Pedestrian,North,Not Stated,POINT (-122.409874 37.787148),20.0,6.0,3.0,36.0,17
49698,vw_geo_sfpd_cr_switrs_all_types_col_cty_union.fid-c18a0c2_186644fdb18_6fd0,58068,21724000.0,10364000.0,220368010,37.7224877954179,-122.434629401157,SFPD-INTERIM DB,CITY STREET,06/05/2022 10:27:00 AM,2022 June 05,10:27:00,2022,June,Sunday,PERSIA AVE,LONDON ST,195.0,Cloudy,Injury (Other Visible),Vehicle/Pedestrian,Pedestrian,Not in Road,Wet,No Unusual Condition,Daylight,Midblock > 20ft,0.0,4,1.0,Driver,West,Ran Off Road,Pedestrian,West,Not Stated,POINT (-122.43463 37.72249),90.0,9.0,1.0,7.0,10
49721,vw_geo_sfpd_cr_switrs_all_types_col_cty_union.fid-c18a0c2_186644fdb18_6356,15822,24416000.000000004,,5774579,37.7767177039704,-122.415320569571,SFPD-CROSSROADS,CITY STREET,07/05/2012 09:50:00 PM,2012 July 05,21:50:00,2012,July,Thursday,JESSIE ST,09TH ST,0.0,Clear,Injury (Complaint of Pain),Vehicle/Pedestrian,Pedestrian,Crossing in Crosswalk at Intersection,Dry,No Unusual Condition,Dark - Street Lights,Intersection <= 20ft,0.0,1,1.0,Pedestrian,South,Proceeding Straight,Driver,East,Proceeding Straight,POINT (-122.41532 37.77672),32.0,5.0,10.0,34.0,21
49726,vw_geo_sfpd_cr_switrs_all_types_col_cty_union.fid-c18a0c2_186644fdb18_6f67,57641,26060000.0,,220184797,37.7757135912,-122.439656503,SFPD-INTERIM DB,CITY STREET,03/21/2022 09:56:00 AM,2022 March 21,09:56:00,2022,March,Monday,GROVE ST,BRODERICK ST,0.0,Clear,Injury (Other Visible),Vehicle/Pedestrian,Pedestrian,Crossing in Crosswalk at Intersection,Dry,No Unusual Condition,Daylight,Intersection <= 20ft,0.0,1,2.0,Driver,South,Proceeding Straight,Pedestrian,West,Proceeding Straight,POINT (-122.43966 37.775715),24.0,7.0,11.0,9.0,09
49737,vw_geo_sfpd_cr_switrs_all_types_col_cty_union.fid-c18a0c2_186644fdb18_623f,44064,27554000.0,6082201.0,5733247,37.7800492593692,-122.485788492471,SFPD-CROSSROADS,CITY STREET,05/15/2012 10:00:00 PM,2012 May 15,22:00:00,2012,May,Tuesday,GEARY BLVD,26TH AVE,8.0,Clear,Injury (Complaint of Pain),Vehicle/Pedestrian,Pedestrian,Crossing in Crosswalk at Intersection,Dry,No Unusual Condition,Dark - Street Lights,Intersection <= 20ft,0.0,1,1.0,Driver,East,Making Left Turn,Pedestrian,North,Other,POINT (-122.48579 37.78005),8.0,8.0,4.0,29.0,22
49738,vw_geo_sfpd_cr_switrs_all_types_col_cty_union.fid-c18a0c2_186644fdb18_6566,33877,50156000.0,12556202.0,6049493,37.8015483437389,-122.399548506438,SFPD-CROSSROADS,CITY STREET,10/07/2012 12:29:00 PM,2012 October 07,12:29:00,2012,October,Sunday,THE EMBARCADERO,GREEN ST,263.0,Clear,Injury (Complaint of Pain),Vehicle/Pedestrian,Pedestrian,Not in Road,Dry,No Unusual Condition,Daylight,Midblock > 20ft,0.0,2,1.0,Driver,North,Proceeding Straight,Pedestrian,North,Other,POINT (-122.39955 37.801548),77.0,6.0,3.0,8.0,12
49745,vw_geo_sfpd_cr_switrs_all_types_col_cty_union.fid-c18a0c2_186644fdb18_64a2,20289,25905000.0,6314000.0,6046481,37.7746010793816,-122.422512422318,SFPD-CROSSROADS,CITY STREET,12/24/2012 11:00:00 AM,2012 December 24,11:00:00,2012,December,Monday,GOUGH ST,LILY ST,18.0,Clear,Injury (Other Visible),Vehicle/Pedestrian,Pedestrian,"In Road, Including Shoulder",Dry,No Unusual Condition,Daylight,Intersection <= 20ft,0.0,1,1.0,Pedestrian,West,Not Stated,Driver,South,Proceeding Straight,POINT (-122.422516 37.7746),26.0,4.0,11.0,9.0,11
49749,vw_geo_sfpd_cr_switrs_all_types_col_cty_union.fid-c18a0c2_186644fdb18_6eac,57446,21444000.0,10259000.0,220095019,37.7156558022,-122.439450362,SFPD-INTERIM DB,CITY STREET,02/11/2022 11:20:00 AM,2022 February 11,11:20:00,2022,February,Friday,PARIS ST,GENEVA AVE,7.0,Clear,Injury (Severe),Vehicle/Pedestrian,Pedestrian,Crossing in Crosswalk at Intersection,Dry,No Unusual Condition,Daylight,Intersection <= 20ft,0.0,1,1.0,Driver,South,Making Right Turn,Pedestrian,East,Proceeding Straight,POINT (-122.43945 37.715656),58.0,9.0,1.0,7.0,11
49761,vw_geo_sfpd_cr_switrs_all_types_col_cty_union.fid-c18a0c2_186644fdb18_7369,56247,25860000.0,6575101.0,210455150,37.7696995321,-122.42456162,SFPD-INTERIM DB,CITY STREET,07/19/2021 10:10:00 PM,2021 July 19,22:10:00,2021,July,Monday,GUERRERO ST,DUBOCE AVE,14.0,Clear,Injury (Other Visible),Vehicle/Pedestrian,Pedestrian,"In Road, Including Shoulder",Dry,No Unusual Condition,Dark - Street Lights,Intersection <= 20ft,0.0,1,2.0,Driver,South,Other,Pedestrian,South,Not Stated,POINT (-122.42456 37.7697),37.0,3.0,5.0,20.0,22
49763,vw_geo_sfpd_cr_switrs_all_types_col_cty_union.fid-c18a0c2_186644fdb18_666b,23265,24514000.0,5660000.0,6067135,37.7849659680309,-122.397433282353,SFPD-CROSSROADS,CITY STREET,09/12/2012 11:15:00 AM,2012 September 12,11:15:00,2012,September,Wednesday,FOLSOM ST,HAWTHORNE ST,155.0,Clear,Injury (Complaint of Pain),Vehicle/Pedestrian,Pedestrian,"In Road, Including Shoulder",Dry,No Unusual Condition,Daylight,Midblock > 20ft,0.0,1,1.0,Pedestrian,East,Stopped In Road,Driver,East,Proceeding Straight,POINT (-122.39743 37.784966),32.0,1.0,10.0,8.0,11
49764,vw_geo_sfpd_cr_switrs_all_types_col_cty_union.fid-c18a0c2_186644fdb18_60b9,15469,24272000.0,5677000.0,5590004,37.7750030637628,-122.410048502321,SFPD-CROSSROADS,CITY STREET,02/22/2012 08:19:00 AM,2012 February 22,08:19:00,2012,February,Wednesday,FOLSOM ST,08TH ST,6.0,Clear,Injury (Severe),Vehicle/Pedestrian,Pedestrian,Crossing in Crosswalk at Intersection,Dry,No Unusual Condition,Daylight,Intersection <= 20ft,0.0,1,1.0,Driver,East,Making Left Turn,Pedestrian,North,Proceeding Straight,POINT (-122.41005 37.775),32.0,1.0,10.0,34.0,08
49768,vw_geo_sfpd_cr_switrs_all_types_col_cty_union.fid-c18a0c2_186644fdb18_67a9,27023,30728000.0,,6076652,37.793097082612,-122.396504486376,SFPD-CROSSROADS,CITY STREET,07/31/2012 12:35:00 PM,2012 July 31,12:35:00,2012,July,Tuesday,MARKET ST,MAIN ST,0.0,Clear,Injury (Other Visible),Head-On,Pedestrian,Crossing in Crosswalk at Intersection,Dry,No Unusual Condition,Daylight,Intersection <= 20ft,0.0,2,1.0,Bicyclist,West,Proceeding Straight,Pedestrian,South,Proceeding Straight,POINT (-122.39651 37.7931),108.0,6.0,3.0,8.0,12
49776,vw_geo_sfpd_cr_switrs_all_types_col_cty_union.fid-c18a0c2_186644fdb18_6742,14367,24248000.0,,6072960,37.7740433278922,-122.414367689718,SFPD-CROSSROADS,CITY STREET,11/19/2012 03:00:00 PM,2012 November 19,15:00:00,2012,November,Monday,HOWARD ST,10TH ST,0.0,Clear,Injury (Complaint of Pain),Vehicle/Pedestrian,Pedestrian,Crossing in Crosswalk at Intersection,Dry,No Unusual Condition,Daylight,Intersection <= 20ft,0.0,1,1.0,Driver,South,Making Left Turn,Pedestrian,South,Proceeding Straight,POINT (-122.41437 37.774044),32.0,1.0,10.0,34.0,15
49777,vw_geo_sfpd_cr_switrs_all_types_col_cty_union.fid-c18a0c2_186644fdb18_6294,16682,30743000.0,8752101.0,5748152,37.7781075994356,-122.415437368491,SFPD-CROSSROADS,CITY STREET,06/05/2012 04:55:00 PM,2012 June 05,16:55:00,2012,June,Tuesday,MARKET ST,08TH ST,300.0,Clear,Injury (Other Visible),Vehicle/Pedestrian,Pedestrian,Crossing Not in Crosswalk,Dry,No Unusual Condition,Daylight,Midblock > 20ft,0.0,1,1.0,Pedestrian,South,Proceeding Straight,Bicyclist,West,Proceeding Straight,POINT (-122.415436 37.778107),32.0,5.0,10.0,34.0,16
49779,vw_geo_sfpd_cr_switrs_all_types_col_cty_union.fid-c18a0c2_186644fdb18_6707,18114,25876000.0,4007000.0,6068231,37.7688531808572,-122.429070740548,SFPD-CROSSROADS,CITY STREET,09/17/2012 08:09:00 PM,2012 September 17,20:09:00,2012,September,Monday,CHURCH ST,DUBOCE AVE,220.0,Clear,Injury (Complaint of Pain),Vehicle/Pedestrian,Pedestrian,Crossing Not in Crosswalk,Dry,No Unusual Condition,Dark - Street Lights,Midblock > 20ft,0.0,1,1.0,Pedestrian,East,Not Stated,Driver,West,Making Left Turn,POINT (-122.42907 37.768852),28.0,7.0,5.0,5.0,20
49780,vw_geo_sfpd_cr_switrs_all_types_col_cty_union.fid-c18a0c2_186644fdb18_64ef,13768,23872000.0,3088002.0,6049327,37.7717215256607,-122.404886921668,SFPD-CROSSROADS,CITY STREET,12/01/2012 05:48:00 PM,2012 December 01,17:48:00,2012,December,Saturday,BRANNAN ST,08TH ST,219.0,Raining,Injury (Complaint of Pain),Sideswipe,Pedestrian,Crossing Not in Crosswalk,Wet,No Unusual Condition,Dark - Street Lights,Midblock > 20ft,0.0,1,1.0,Pedestrian,South,Proceeding Straight,Driver,West,Proceeding Straight,POINT (-122.404884 37.77172),33.0,1.0,10.0,34.0,17
49783,vw_geo_sfpd_cr_switrs_all_types_col_cty_union.fid-c18a0c2_186644fdb18_6065,1800,21487000.0,2170103.0,5584895,37.7169709767799,-122.443425578342,SFPD-CROSSROADS,CITY STREET,02/19/2012 07:17:00 PM,2012 February 19,19:17:00,2012,February,Sunday,ALEMANY BLVD,NIAGARA AVE,2.0,Clear,Injury (Complaint of Pain),Vehicle/Pedestrian,Pedestrian,Crossing in Crosswalk at Intersection,Dry,No Unusual Condition,Dark - Street Lights,Intersection <= 20ft,0.0,1,1.0,Driver,North,Proceeding Straight,Pedestrian,East,Proceeding Straight,POINT (-122.44343 37.716972),80.0,9.0,1.0,28.0,19
49788,vw_geo_sfpd_cr_switrs_all_types_col_cty_union.fid-c18a0c2_186644fdb18_6f90,57670,25064000.0,10691000.0,220173875,37.7966341374,-122.410104561,SFPD-INTERIM DB,CITY STREET,03/16/2022 12:34:00 PM,2022 March 16,12:34:00,2022,March,Wednesday,POWELL ST,PACIFIC AVE,52.0,Clear,Injury (Other Visible),Head-On,Pedestrian,Not in Road,Dry,No Unusual Condition,Daylight,Midblock > 20ft,0.0,1,1.0,Bicyclist,South,Proceeding Straight,Pedestrian,North,Proceeding Straight,POINT (-122.4101 37.796635),104.0,6.0,3.0,6.0,12