,id,unique_id,cnn_intrsctn_fkey,cnn_sgmt_fkey,case_id_pkey,tb_latitude,tb_longitude,geocode_source,geocode_location,collision_datetime,collision_date,collision_time,accident_year,month,day_of_week,primary_rd,secondary_rd,distance,weather_1,collision_severity,type_of_collision,mviw,ped_action,road_surface,road_cond_1,lighting,intersection,number_killed,number_injured,party_at_fault,party1_type,party1_dir_of_travel,party1_move_pre_acc,party2_type,party2_dir_of_travel,party2_move_pre_acc,point,Neighborhoods,Current Police Districts,Current Supervisor Districts,Analysis Neighborhoods,hour
49792,vw_geo_sfpd_cr_switrs_all_types_col_cty_union.fid-c18a0c2_186644fdb18_6664,2248,52261000.0,6130101.0,6067126,37.7211727175976,-122.447763292967,SFPD-CROSSROADS,CITY STREET,08/29/2012 01:30:00 PM,2012 August 29,13:30:00,2012,August,Wednesday,GENEVA AVE,I-280 RAMP,9.0,Clear,Injury (Complaint of Pain),Vehicle/Pedestrian,Pedestrian,Crossing in Crosswalk at Intersection,Dry,No Unusual Condition,Daylight,Intersection <= 20ft,0.0,1,1.0,Driver,North,Making Right Turn,Pedestrian,North,Proceeding Straight,POINT (-122.44776 37.721172),80.0,9.0,1.0,28.0,13
49798,vw_geo_sfpd_cr_switrs_all_types_col_cty_union.fid-c18a0c2_186644fdb18_6599,36014,25600000.0,7459000.0,6058780,37.8076211993828,-122.420501368682,SFPD-CROSSROADS,CITY STREET,03/25/2012 01:33:00 PM,2012 March 25,13:33:00,2012,March,Sunday,JEFFERSON ST,HYDE ST,71.0,Clear,Injury (Complaint of Pain),Vehicle/Pedestrian,Pedestrian,Crossing Not in Crosswalk,Dry,No Unusual Condition,Daylight,Midblock > 20ft,0.0,1,1.0,Pedestrian,South,Backing,Driver,West,Other,POINT (-122.4205 37.80762),99.0,6.0,6.0,32.0,13
49800,vw_geo_sfpd_cr_switrs_all_types_col_cty_union.fid-c18a0c2_186644fdb18_721f,58367,24302000.0,,220280276,37.7766609865927,-122.412157953595,SFPD-INTERIM DB,CITY STREET,04/29/2022 04:16:00 PM,2022 April 29,16:16:00,2022,April,Friday,08TH ST,NATOMA ST,0.0,Clear,Injury (Complaint of Pain),Broadside,Pedestrian,Crossing in Crosswalk at Intersection,Dry,No Unusual Condition,Daylight,Intersection <= 20ft,0.0,1,1.0,Driver,South,Making Right Turn,Pedestrian,West,Proceeding Straight,POINT (-122.412155 37.77666),32.0,1.0,10.0,34.0,16
49806,vw_geo_sfpd_cr_switrs_all_types_col_cty_union.fid-c18a0c2_186644fdb18_6526,33145,24572000.0,12554201.0,6049400,37.7967015862816,-122.395400433375,SFPD-CROSSROADS,CITY STREET,10/20/2012 02:11:00 PM,2012 October 20,14:11:00,2012,October,Saturday,THE EMBARCADERO,WASHINGTON ST,10.0,Clear,Injury (Other Visible),Vehicle/Pedestrian,Pedestrian,Crossing in Crosswalk at Intersection,Dry,No Unusual Condition,Daylight,Intersection <= 20ft,0.0,1,1.0,Pedestrian,West,Proceeding Straight,Driver,South,Proceeding Straight,POINT (-122.3954 37.796703),77.0,6.0,3.0,8.0,14
49814,vw_geo_sfpd_cr_switrs_all_types_col_cty_union.fid-c18a0c2_186644fdb18_619f,28599,25119000.0,,5681025,37.7941098069868,-122.41464763171,SFPD-CROSSROADS,CITY STREET,03/24/2012 07:48:00 PM,2012 March 24,19:48:00,2012,March,Saturday,WASHINGTON ST,JONES ST,0.0,Raining,Injury (Complaint of Pain),Vehicle/Pedestrian,Pedestrian,Crossing in Crosswalk at Intersection,Wet,No Unusual Condition,Dark - Street Lights,Intersection <= 20ft,0.0,1,1.0,Driver,South,Proceeding Straight,Pedestrian,West,Proceeding Straight,POINT (-122.41465 37.79411),16.0,6.0,3.0,21.0,19
49815,vw_geo_sfpd_cr_switrs_all_types_col_cty_union.fid-c18a0c2_186644fdb18_644a,28902,25148000.0,,5910252,37.7833108898927,-122.417528773168,SFPD-CROSSROADS,CITY STREET,08/11/2012 06:52:00 PM,2012 August 11,18:52:00,2012,August,Saturday,EDDY ST,LARKIN ST,0.0,Clear,Fatal,Vehicle/Pedestrian,Pedestrian,Crossing in Crosswalk at Intersection,Dry,No Unusual Condition,Daylight,Intersection <= 20ft,1.0,1,1.0,Driver,East,Proceeding Straight,Driver,North,Proceeding Straight,POINT (-122.41753 37.78331),20.0,5.0,10.0,36.0,18
49822,vw_geo_sfpd_cr_switrs_all_types_col_cty_union.fid-c18a0c2_186644fdb18_6514,31796,25222000.0,,6049381,37.7896204379779,-122.420493441778,SFPD-CROSSROADS,CITY STREET,12/08/2012 11:55:00 AM,2012 December 08,11:55:00,2012,December,Saturday,PINE ST,POLK ST,0.0,Clear,Injury (Complaint of Pain),Vehicle/Pedestrian,Pedestrian,Crossing in Crosswalk at Intersection,Dry,No Unusual Condition,Daylight,Intersection <= 20ft,0.0,1,1.0,Driver,South,Making Left Turn,Pedestrian,East,Proceeding Straight,POINT (-122.420494 37.78962),50.0,4.0,3.0,21.0,11
49855,vw_geo_sfpd_cr_switrs_all_types_col_cty_union.fid-c18a0c2_186644fdb18_5ea7,17359,24372000.0,,5455855,37.7682736533506,-122.41998151166,SFPD-CROSSROADS,CITY STREET,01/20/2012 12:07:00 AM,2012 January 20,00:07:00,2012,January,Friday,MISSION ST,14TH ST,0.0,Raining,Injury (Complaint of Pain),Vehicle/Pedestrian,Pedestrian,Crossing in Crosswalk at Intersection,Wet,No Unusual Condition,Dark - Street Lights,Intersection <= 20ft,0.0,1,1.0,Driver,East,Making Left Turn,Pedestrian,East,Proceeding Straight,POINT (-122.41998 37.768272),53.0,3.0,2.0,20.0,00
49857,vw_geo_sfpd_cr_switrs_all_types_col_cty_union.fid-c18a0c2_186644fdb18_653c,17787,24403000.0,13054000.0,6049422,37.7698518082218,-122.422363295974,SFPD-CROSSROADS,CITY STREET,10/07/2012 01:52:00 AM,2012 October 07,01:52:00,2012,October,Sunday,VALENCIA ST,DUBOCE AVE,6.0,Clear,Injury (Complaint of Pain),Vehicle/Pedestrian,Pedestrian,Crossing in Crosswalk at Intersection,Dry,No Unusual Condition,Dark - Street Lights,Intersection <= 20ft,0.0,1,1.0,Driver,South,Making Left Turn,Pedestrian,West,Proceeding Straight,POINT (-122.42236 37.76985),53.0,3.0,2.0,20.0,01
49866,vw_geo_sfpd_cr_switrs_all_types_col_cty_union.fid-c18a0c2_186644fdb18_6f27,57254,21486000.0,6137101.0,220007638,37.7164728819,-122.441023708,SFPD-INTERIM DB,CITY STREET,01/04/2022 03:59:00 PM,2022 January 04,15:59:00,2022,January,Tuesday,GENEVA AVE,MISSION ST,5.0,Cloudy,Injury (Complaint of Pain),Vehicle/Pedestrian,Pedestrian,Crossing in Crosswalk at Intersection,Dry,No Unusual Condition,Daylight,Intersection <= 20ft,0.0,1,1.0,Driver,West,Making Left Turn,Pedestrian,North,Not Stated,POINT (-122.441025 37.716473),80.0,9.0,1.0,28.0,15
49881,vw_geo_sfpd_cr_switrs_all_types_col_cty_union.fid-c18a0c2_186644fdb18_6c9c,55367,21737000.000000004,,210273899,37.7184672256,-122.439500376,SFPD-INTERIM DB,CITY STREET,05/04/2021 07:50:00 PM,2021 May 04,19:50:00,2021,May,Tuesday,MISSION ST,ITALY AVE,0.0,Clear,Injury (Complaint of Pain),Vehicle/Pedestrian,Pedestrian,Crossing in Crosswalk at Intersection,Dry,No Unusual Condition,Daylight,Intersection <= 20ft,0.0,2,1.0,Driver,South,Proceeding Straight,Pedestrian,West,Proceeding Straight,POINT (-122.4395 37.718468),80.0,9.0,1.0,28.0,19
49888,vw_geo_sfpd_cr_switrs_all_types_col_cty_union.fid-c18a0c2_186644fdb18_6222,39750,23394000.0,,5730246,37.744209606183,-122.491900740207,SFPD-CROSSROADS,CITY STREET,05/22/2012 05:56:00 PM,2012 May 22,17:56:00,2012,May,Tuesday,34TH AVE,SANTIAGO ST,0.0,Clear,Injury (Complaint of Pain),Vehicle/Pedestrian,Pedestrian,Crossing in Crosswalk at Intersection,Dry,No Unusual Condition,Daylight,Intersection <= 20ft,0.0,1,1.0,Driver,North,Making Right Turn,Pedestrian,West,Proceeding Straight,POINT (-122.4919 37.74421),40.0,10.0,7.0,35.0,17
49898,vw_geo_sfpd_cr_switrs_all_types_col_cty_union.fid-c18a0c2_186644fdb18_62c9,39657,23434000.0,,5761053,37.7382392925812,-122.500057779855,SFPD-CROSSROADS,CITY STREET,06/12/2012 08:00:00 PM,2012 June 12,20:00:00,2012,June,Tuesday,VICENTE ST,42ND AVE,0.0,Clear,Injury (Complaint of Pain),Head-On,Pedestrian,Crossing in Crosswalk at Intersection,Dry,No Unusual Condition,Dark - Street Lights,Intersection <= 20ft,0.0,1,1.0,Driver,South,Proceeding Straight,Pedestrian,East,Proceeding Straight,POINT (-122.50006 37.73824),39.0,10.0,7.0,35.0,20
49899,vw_geo_sfpd_cr_switrs_all_types_col_cty_union.fid-c18a0c2_186644fdb18_6108,33925,25364000.0,,5590741,37.8003154992467,-122.410206544202,SFPD-CROSSROADS,CITY STREET,02/12/2012 06:14:00 PM,2012 February 12,18:14:00,2012,February,Sunday,COLUMBUS AVE,UNION ST,0.0,Cloudy,Injury (Complaint of Pain),Vehicle/Pedestrian,Pedestrian,Crossing in Crosswalk at Intersection,Wet,No Unusual Condition,Dark - Street Lights,Intersection <= 20ft,0.0,1,1.0,Driver,North,Stopped In Road,Pedestrian,North,Stopped In Road,POINT (-122.41021 37.800316),106.0,6.0,3.0,6.0,18
49906,vw_geo_sfpd_cr_switrs_all_types_col_cty_union.fid-c18a0c2_186644fdb18_6775,27537,24673000.0,,6076520,37.792408220587,-122.39858783403,SFPD-CROSSROADS,CITY STREET,04/12/2012 11:55:00 AM,2012 April 12,11:55:00,2012,April,Thursday,PINE ST,FRONT ST,0.0,Clear,Injury (Complaint of Pain),Vehicle/Pedestrian,Pedestrian,Crossing in Crosswalk at Intersection,Dry,No Unusual Condition,Daylight,Intersection <= 20ft,0.0,1,1.0,Driver,West,Making Left Turn,Pedestrian,South,Proceeding Straight,POINT (-122.39859 37.792408),108.0,6.0,3.0,8.0,11
49908,vw_geo_sfpd_cr_switrs_all_types_col_cty_union.fid-c18a0c2_186644fdb18_679a,20880,25928000.0,6558000.0,6076593,37.7775985956986,-122.424833999267,SFPD-CROSSROADS,CITY STREET,05/06/2012 03:13:00 PM,2012 May 06,15:13:00,2012,May,Sunday,GROVE ST,OCTAVIA ST,7.0,Clear,Injury (Complaint of Pain),Vehicle/Pedestrian,Pedestrian,Not in Road,Dry,No Unusual Condition,Daylight,Intersection <= 20ft,0.0,1,,Driver,West,Proceeding Straight,Pedestrian,East,Not Stated,POINT (-122.424835 37.7776),22.0,4.0,11.0,9.0,15
49914,vw_geo_sfpd_cr_switrs_all_types_col_cty_union.fid-c18a0c2_186644fdb18_6525,24353,24924000.0,,6049399,37.7832143127917,-122.410764828286,SFPD-CROSSROADS,CITY STREET,10/25/2012 06:19:00 AM,2012 October 25,06:19:00,2012,October,Thursday,TURK ST,TAYLOR ST,0.0,Raining,Injury (Complaint of Pain),Vehicle/Pedestrian,Pedestrian,Crossing in Crosswalk at Intersection,Wet,No Unusual Condition,Dark - Street Lights,Intersection <= 20ft,0.0,1,1.0,Pedestrian,North,Making Left Turn,Driver,West,Making Left Turn,POINT (-122.41077 37.783215),20.0,5.0,10.0,36.0,06
49922,vw_geo_sfpd_cr_switrs_all_types_col_cty_union.fid-c18a0c2_186644fdb18_717e,58420,22928000.0,13577201.0,220312108,37.7408919741823,-122.465829025312,SFPD-INTERIM DB,CITY STREET,05/13/2022 07:49:00 AM,2022 May 13,07:49:00,2022,May,Friday,WEST PORTAL AVE,ULLOA,132.0,Clear,Injury (Complaint of Pain),Vehicle/Pedestrian,Pedestrian,"In Road, Including Shoulder",Dry,No Unusual Condition,Daylight,Midblock > 20ft,0.0,1,1.0,Pedestrian,West,Other,Driver,South,Parking Maneuver,POINT (-122.46583 37.74089),46.0,10.0,8.0,41.0,07
49939,vw_geo_sfpd_cr_switrs_all_types_col_cty_union.fid-c18a0c2_186644fdb18_64b5,11902,24170000.0,,6046526,37.7650513370665,-122.419668972502,SFPD-CROSSROADS,CITY STREET,12/09/2012 01:05:00 AM,2012 December 09,01:05:00,2012,December,Sunday,16TH ST,MISSION ST,0.0,Clear,Injury (Other Visible),Vehicle/Pedestrian,Pedestrian,Crossing in Crosswalk at Intersection,Dry,No Unusual Condition,Dark - Street Lights,Intersection <= 20ft,0.0,1,1.0,Driver,East,Making Right Turn,Pedestrian,South,Not Stated,POINT (-122.41967 37.765053),53.0,3.0,2.0,20.0,01
49951,vw_geo_sfpd_cr_switrs_all_types_col_cty_union.fid-c18a0c2_186644fdb18_6736,6973,21326000.0,,6072904,37.7410274078673,-122.42284057702,SFPD-CROSSROADS,CITY STREET,11/30/2012 01:14:00 AM,2012 November 30,01:14:00,2012,November,Friday,MISSION ST,CORTLAND AVE,0.0,Raining,Injury (Complaint of Pain),Head-On,Pedestrian,Crossing in Crosswalk at Intersection,Wet,No Unusual Condition,Dark - Street Lights,Intersection <= 20ft,0.0,1,1.0,Driver,East,Making Left Turn,Pedestrian,North,Proceeding Straight,POINT (-122.422844 37.741028),83.0,9.0,2.0,2.0,01
49954,vw_geo_sfpd_cr_switrs_all_types_col_cty_union.fid-c18a0c2_186644fdb18_60a4,8470,23953000.000000004,,5585453,37.7530040301625,-122.406336237242,SFPD-CROSSROADS,CITY STREET,02/16/2012 05:50:00 PM,2012 February 16,17:50:00,2012,February,Thursday,24TH ST,POTRERO AVE,0.0,Clear,Injury (Complaint of Pain),Vehicle/Pedestrian,Pedestrian,Crossing in Crosswalk at Intersection,Dry,No Unusual Condition,Daylight,Intersection <= 20ft,0.0,1,1.0,Driver,West,Making Left Turn,Pedestrian,East,Proceeding Straight,POINT (-122.406334 37.753002),54.0,3.0,9.0,20.0,17
49968,vw_geo_sfpd_cr_switrs_all_types_col_cty_union.fid-c18a0c2_186644fdb18_66b0,18116,25876000.0,4007000.0,6068116,37.7689955864369,-122.429084260842,SFPD-CROSSROADS,CITY STREET,09/06/2012 09:43:00 AM,2012 September 06,09:43:00,2012,September,Thursday,CHURCH ST,DUBOCE AVE,168.0,Clear,Injury (Complaint of Pain),Vehicle/Pedestrian,Pedestrian,Crossing Not in Crosswalk,Dry,No Unusual Condition,Daylight,Midblock > 20ft,0.0,1,1.0,Pedestrian,East,Entering Traffic,Driver,North,Proceeding Straight,POINT (-122.429085 37.768997),28.0,7.0,5.0,5.0,09
49991,vw_geo_sfpd_cr_switrs_all_types_col_cty_union.fid-c18a0c2_186644fdb18_61e6,26528,25163000.000000004,,5684931,37.7881778907293,-122.416827153897,SFPD-CROSSROADS,CITY STREET,03/20/2012 09:05:00 PM,2012 March 20,21:05:00,2012,March,Tuesday,SUTTER ST,HYDE ST,0.0,Clear,Injury (Complaint of Pain),Vehicle/Pedestrian,Pedestrian,Crossing in Crosswalk at Intersection,Dry,No Unusual Condition,Dark - Street Lights,Intersection <= 20ft,0.0,1,1.0,Driver,South,Making Left Turn,Pedestrian,East,Proceeding Straight,POINT (-122.416824 37.788177),50.0,6.0,3.0,21.0,21
50002,vw_geo_sfpd_cr_switrs_all_types_col_cty_union.fid-c18a0c2_186644fdb18_6574,30952,26621000.0,,6054327,37.7833084873587,-122.439480380947,SFPD-CROSSROADS,CITY STREET,03/09/2012 10:07:00 AM,2012 March 09,10:07:00,2012,March,Friday,GEARY BLVD,DIVISADERO ST,0.0,Clear,Injury (Complaint of Pain),Vehicle/Pedestrian,Pedestrian,Crossing in Crosswalk at Intersection,Dry,No Unusual Condition,Daylight,Intersection <= 20ft,0.0,1,1.0,Driver,East,Making Left Turn,Pedestrian,South,Proceeding Straight,POINT (-122.43948 37.78331),103.0,4.0,11.0,15.0,10
50005,vw_geo_sfpd_cr_switrs_all_types_col_cty_union.fid-c18a0c2_186644fdb18_66b2,41461,27697000.000000004,,6068122,37.7534138183296,-122.495226537849,SFPD-CROSSROADS,CITY STREET,08/03/2012 10:30:00 PM,2012 August 03,22:30:00,2012,August,Friday,SUNSET BLVD,NORIEGA ST,0.0,Clear,Injury (Other Visible),Vehicle/Pedestrian,Pedestrian,Crossing in Crosswalk at Intersection,Dry,No Unusual Condition,Dark - Street Lights,Intersection <= 20ft,0.0,1,1.0,Pedestrian,West,Other,Driver,South,Proceeding Straight,POINT (-122.495224 37.753414),39.0,10.0,7.0,35.0,22
50012,vw_geo_sfpd_cr_switrs_all_types_col_cty_union.fid-c18a0c2_186644fdb18_737f,56271,24671000.0,,210470459,37.7922579478,-122.399763353,SFPD-INTERIM DB,CITY STREET,07/25/2021 03:08:00 PM,2021 July 25,15:08:00,2021,July,Sunday,BATTERY ST,PINE ST,0.0,Clear,Injury (Complaint of Pain),Vehicle/Pedestrian,Pedestrian,Crossing in Crosswalk at Intersection,Dry,No Unusual Condition,Daylight,Intersection <= 20ft,0.0,1,1.0,Driver,North,Backing,Pedestrian,West,Proceeding Straight,POINT (-122.399765 37.79226),108.0,6.0,3.0,8.0,15
50018,vw_geo_sfpd_cr_switrs_all_types_col_cty_union.fid-c18a0c2_186644fdb18_67fd,37569,22661000.0,,6083770,37.7252657078447,-122.462212503435,SFPD-CROSSROADS,CITY STREET,08/29/2012 09:26:00 AM,2012 August 29,09:26:00,2012,August,Wednesday,OCEAN AVE,ASHTON AVE,0.0,Clear,Injury (Severe),Vehicle/Pedestrian,Pedestrian,Crossing in Crosswalk at Intersection,Dry,No Unusual Condition,Daylight,Intersection <= 20ft,0.0,1,1.0,Pedestrian,North,Proceeding Straight,Driver,East,Proceeding Straight,POINT (-122.46221 37.725266),68.0,10.0,8.0,24.0,09
50024,vw_geo_sfpd_cr_switrs_all_types_col_cty_union.fid-c18a0c2_186644fdb18_6d3c,57389,24313000.000000004,,220072512,37.7762305203,-122.414711003,SFPD-INTERIM DB,CITY STREET,02/02/2022 08:30:00 AM,2022 February 02,08:30:00,2022,February,Wednesday,09TH ST,MISSION ST,0.0,Clear,Injury (Complaint of Pain),Vehicle/Pedestrian,Pedestrian,Crossing in Crosswalk at Intersection,Dry,No Unusual Condition,Daylight,Intersection <= 20ft,0.0,1,1.0,Driver,North,Making Right Turn,Pedestrian,West,Proceeding Straight,POINT (-122.41471 37.77623),32.0,1.0,10.0,34.0,08
50026,vw_geo_sfpd_cr_switrs_all_types_col_cty_union.fid-c18a0c2_186644fdb18_6789,8490,23729000.0,11360000.0,6076548,37.754221493896,-122.404467789726,SFPD-CROSSROADS,CITY STREET,04/12/2012 10:52:00 AM,2012 April 12,10:52:00,2012,April,Thursday,SAN BRUNO AVE,23RD ST,64.0,Cloudy,Injury (Complaint of Pain),Vehicle/Pedestrian,Pedestrian,"In Road, Including Shoulder",Dry,No Unusual Condition,Daylight,Midblock > 20ft,0.0,1,1.0,Pedestrian,North,Making Left Turn,Driver,South,Proceeding Straight,POINT (-122.404465 37.754223),54.0,3.0,9.0,20.0,10
50053,vw_geo_sfpd_cr_switrs_all_types_col_cty_union.fid-c18a0c2_186644fdb18_720d,58324,25145000.0,,220379653,37.7853759753061,-122.4162597052,SFPD-INTERIM DB,CITY STREET,06/10/2022 09:30:00 AM,2022 June 10,09:30:00,2022,June,Friday,HYDE ST,OFARRELL ST,0.0,Clear,Injury (Complaint of Pain),Vehicle/Pedestrian,Pedestrian,Crossing in Crosswalk at Intersection,Dry,No Unusual Condition,Daylight,Intersection <= 20ft,0.0,1,1.0,Driver,East,Proceeding Straight,Pedestrian,North,Proceeding Straight,POINT (-122.41626 37.785378),20.0,5.0,10.0,36.0,09
50055,vw_geo_sfpd_cr_switrs_all_types_col_cty_union.fid-c18a0c2_186644fdb18_70ad,57247,24313000.000000004,,220008250,37.7762305203,-122.414711003,SFPD-INTERIM DB,CITY STREET,01/04/2022 09:48:00 PM,2022 January 04,21:48:00,2022,January,Tuesday,09TH ST,MISSION ST,0.0,Clear,Injury (Other Visible),Vehicle/Pedestrian,Pedestrian,Crossing in Crosswalk at Intersection,Dry,No Unusual Condition,Dark - Street Lights,Intersection <= 20ft,0.0,1,1.0,Pedestrian,North,Other,Driver,West,Proceeding Straight,POINT (-122.41471 37.77623),32.0,1.0,10.0,34.0,21
50057,vw_geo_sfpd_cr_switrs_all_types_col_cty_union.fid-c18a0c2_186644fdb18_64f5,35414,26974000.0,,6049338,37.7990000501024,-122.442647897232,SFPD-CROSSROADS,CITY STREET,12/09/2012 07:10:00 PM,2012 December 09,19:10:00,2012,December,Sunday,LOMBARD ST,DIVISADERO ST,0.0,Clear,Injury (Complaint of Pain),Vehicle/Pedestrian,Pedestrian,Crossing in Crosswalk at Intersection,Dry,No Unusual Condition,Dark - Street Lights,Intersection <= 20ft,0.0,1,1.0,Driver,West,Proceeding Straight,Pedestrian,South,Proceeding Straight,POINT (-122.44265 37.799),17.0,4.0,6.0,13.0,19
50062,vw_geo_sfpd_cr_switrs_all_types_col_cty_union.fid-c18a0c2_186644fdb18_64f7,25872,24649000.0,8626000.0,6049340,37.7881834701805,-122.405500264185,SFPD-CROSSROADS,CITY STREET,12/02/2012 05:17:00 PM,2012 December 02,17:17:00,2012,December,Sunday,MAIDEN LN,GRANT AVE,108.0,Clear,Injury (Complaint of Pain),Vehicle/Pedestrian,Pedestrian,"In Road, Including Shoulder",Dry,No Unusual Condition,Dark - No Street Lights,Midblock > 20ft,0.0,1,1.0,Driver,West,Backing,Pedestrian,West,Stopped In Road,POINT (-122.4055 37.788185),19.0,6.0,3.0,8.0,17
50064,vw_geo_sfpd_cr_switrs_all_types_col_cty_union.fid-c18a0c2_186644fdb18_6143,24142,24922000.0,326000.0,5592587,37.7822039544305,-122.410258557017,SFPD-CROSSROADS,CITY STREET,01/24/2012 02:16:00 PM,2012 January 24,14:16:00,2012,January,Tuesday,06TH ST,MARKET ST,14.0,Clear,Injury (Other Visible),Vehicle/Pedestrian,Pedestrian,Crossing in Crosswalk at Intersection,Dry,No Unusual Condition,Daylight,Intersection <= 20ft,0.0,1,1.0,Pedestrian,West,Not Stated,Driver,North,Proceeding Straight,POINT (-122.410255 37.782204),32.0,5.0,10.0,34.0,14
50071,vw_geo_sfpd_cr_switrs_all_types_col_cty_union.fid-c18a0c2_186644fdb18_73df,56060,24142000.0,,210521682,37.7651831347,-122.417486595,SFPD-INTERIM DB,CITY STREET,08/15/2021 08:35:00 PM,2021 August 15,20:35:00,2021,August,Sunday,SOUTH VAN NESS AVE,16TH ST,0.0,Clear,Injury (Complaint of Pain),Vehicle/Pedestrian,Pedestrian,Crossing in Crosswalk at Intersection,Dry,No Unusual Condition,Dark - Street Lights,Intersection <= 20ft,0.0,1,1.0,Driver,North,Making Left Turn,Pedestrian,West,Proceeding Straight,POINT (-122.41749 37.765182),53.0,3.0,2.0,20.0,20
50072,vw_geo_sfpd_cr_switrs_all_types_col_cty_union.fid-c18a0c2_186644fdb18_6ff8,58125,24655000.0,,220349894,37.7877654952288,-122.405041398405,SFPD-INTERIM DB,CITY STREET,05/28/2022 06:13:00 PM,2022 May 28,18:13:00,2022,May,Saturday,GRANT AVE,GEARY ST,0.0,Clear,Injury (Severe),Vehicle/Pedestrian,Pedestrian,Not in Road,Dry,No Unusual Condition,Daylight,Intersection <= 20ft,0.0,1,1.0,Driver,North,Proceeding Straight,Pedestrian,South,Stopped,POINT (-122.405045 37.787766),19.0,6.0,3.0,8.0,18
50080,vw_geo_sfpd_cr_switrs_all_types_col_cty_union.fid-c18a0c2_186644fdb18_65a8,35523,26763000.0,,6058823,37.8008141442992,-122.436273910117,SFPD-CROSSROADS,CITY STREET,03/01/2012 10:22:00 AM,2012 March 01,10:22:00,2012,March,Thursday,CHESTNUT ST,FILLMORE ST,0.0,Raining,Injury (Severe),Vehicle/Pedestrian,Pedestrian,Crossing in Crosswalk at Intersection,Wet,No Unusual Condition,Daylight,Intersection <= 20ft,0.0,1,1.0,Driver,West,Making Right Turn,Pedestrian,North,Not Stated,POINT (-122.43627 37.800816),17.0,4.0,6.0,13.0,10
50088,vw_geo_sfpd_cr_switrs_all_types_col_cty_union.fid-c18a0c2_186644fdb18_6506,43152,27293000.000000004,,6049366,37.7770390126317,-122.468292594128,SFPD-CROSSROADS,CITY STREET,11/08/2012 06:06:00 PM,2012 November 08,18:06:00,2012,November,Thursday,BALBOA ST,10TH AVE,0.0,Clear,Injury (Other Visible),Vehicle/Pedestrian,Pedestrian,Crossing in Crosswalk at Intersection,Dry,No Unusual Condition,Dark - Street Lights,Intersection <= 20ft,0.0,1,1.0,Driver,West,Proceeding Straight,Pedestrian,South,Proceeding Straight,POINT (-122.46829 37.77704),5.0,8.0,4.0,11.0,18
50096,vw_geo_sfpd_cr_switrs_all_types_col_cty_union.fid-c18a0c2_186644fdb18_6683,26238,25166000.0,,6067167,37.7863102180456,-122.416449123063,SFPD-CROSSROADS,CITY STREET,09/09/2012 05:30:00 PM,2012 September 09,17:30:00,2012,September,Sunday,GEARY ST,HYDE ST,0.0,Clear,Injury (Other Visible),Vehicle/Pedestrian,Pedestrian,Crossing in Crosswalk at Intersection,Dry,No Unusual Condition,Daylight,Intersection <= 20ft,0.0,1,1.0,Driver,South,Making Left Turn,Pedestrian,East,Proceeding Straight,POINT (-122.41645 37.786312),20.0,6.0,10.0,36.0,17
50098,vw_geo_sfpd_cr_switrs_all_types_col_cty_union.fid-c18a0c2_186644fdb18_64a0,17146,30742000.0,3899000.0,6046480,37.7805015464942,-122.412540678108,SFPD-CROSSROADS,CITY STREET,12/24/2012 01:11:00 AM,2012 December 24,01:11:00,2012,December,Monday,CHARLES J BRENHAM PL,MARKET ST,12.0,Clear,Injury (Other Visible),Vehicle/Pedestrian,Pedestrian,Crossing in Crosswalk at Intersection,Dry,No Unusual Condition,Dark - Street Lights,Intersection <= 20ft,0.0,1,1.0,Pedestrian,East,Proceeding Straight,Driver,North,Proceeding Straight,POINT (-122.412544 37.780502),21.0,5.0,10.0,36.0,01
50111,vw_geo_sfpd_cr_switrs_all_types_col_cty_union.fid-c18a0c2_186644fdb18_63ab,3886,21186000.0,9419000.0,5780455,37.7343895070917,-122.416215874455,SFPD-CROSSROADS,CITY STREET,07/28/2012 07:30:00 PM,2012 July 28,19:30:00,2012,July,Saturday,MOULTRIE ST,CRESCENT AVE,170.0,Clear,Injury (Other Visible),Vehicle/Pedestrian,Pedestrian,Crossing Not in Crosswalk,Dry,No Unusual Condition,Daylight,Midblock > 20ft,0.0,1,1.0,Pedestrian,West,Proceeding Straight,Driver,South,Proceeding Straight,POINT (-122.416214 37.73439),83.0,9.0,2.0,2.0,19
50113,vw_geo_sfpd_cr_switrs_all_types_col_cty_union.fid-c18a0c2_186644fdb18_6398,26991,54151000.0,12553102.0,5780411,37.7942206935567,-122.393249383084,SFPD-CROSSROADS,CITY STREET,07/18/2012 06:53:00 PM,2012 July 18,18:53:00,2012,July,Wednesday,THE EMBARCADERO,DON CHEE WAY,17.0,Clear,Injury (Other Visible),Vehicle/Pedestrian,Pedestrian,Crossing in Crosswalk Not at Intersection,Dry,No Unusual Condition,Daylight,Intersection <= 20ft,0.0,2,1.0,Pedestrian,West,Not Stated,Driver,South,Proceeding Straight,POINT (-122.39325 37.79422),108.0,6.0,3.0,8.0,18
50116,vw_geo_sfpd_cr_switrs_all_types_col_cty_union.fid-c18a0c2_186644fdb18_701e,58198,21771000.0,9162000.0,220416396,37.7252979196768,-122.434333112107,SFPD-INTERIM DB,CITY STREET,06/25/2022 12:40:00 PM,2022 June 25,12:40:00,2022,June,Saturday,MISSION ST,HARRINGTON ST,52.0,Clear,Injury (Complaint of Pain),Vehicle/Pedestrian,Pedestrian,"In Road, Including Shoulder",Dry,No Unusual Condition,Daylight,Midblock > 20ft,0.0,1,1.0,Driver,North,Proceeding Straight,Pedestrian,West,Proceeding Straight,POINT (-122.43433 37.725296),90.0,9.0,1.0,7.0,12