,id,unique_id,cnn_intrsctn_fkey,cnn_sgmt_fkey,case_id_pkey,tb_latitude,tb_longitude,geocode_source,geocode_location,collision_datetime,collision_date,collision_time,accident_year,month,day_of_week,primary_rd,secondary_rd,distance,weather_1,collision_severity,type_of_collision,mviw,ped_action,road_surface,road_cond_1,lighting,intersection,number_killed,number_injured,party_at_fault,party1_type,party1_dir_of_travel,party1_move_pre_acc,party2_type,party2_dir_of_travel,party2_move_pre_acc,point,Neighborhoods,Current Police Districts,Current Supervisor Districts,Analysis Neighborhoods,hour
50119,vw_geo_sfpd_cr_switrs_all_types_col_cty_union.fid-c18a0c2_186644fdb18_6e6b,36548,22471000.0,,180577234,37.7131935616,-122.456053047,SFPD-INTERIM DB,CITY STREET,08/02/2018 06:45:00 PM,2018 August 02,18:45:00,2018,August,Thursday,PLYMOUTH AVE,BROAD ST,0.0,Clear,Injury (Other Visible),Vehicle/Pedestrian,Pedestrian,Crossing Not in Crosswalk,Dry,No Unusual Condition,Daylight,Intersection <= 20ft,0.0,1,1.0,Pedestrian,East,Entering Traffic,Driver,South,Proceeding Straight,POINT (-122.456055 37.713192),81.0,10.0,1.0,24.0,18
50131,vw_geo_sfpd_cr_switrs_all_types_col_cty_union.fid-c18a0c2_186644fdb18_6ebd,57459,21719000.0,10366000.0,220082806,37.7219959826,-122.433597446,SFPD-INTERIM DB,CITY STREET,02/06/2022 10:43:00 AM,2022 February 06,10:43:00,2022,February,Sunday,PERSIA AVE,LISBON ST,3.0,Clear,Injury (Complaint of Pain),Vehicle/Pedestrian,Pedestrian,Crossing in Crosswalk at Intersection,Dry,No Unusual Condition,Daylight,Intersection <= 20ft,0.0,1,1.0,Driver,East,Proceeding Straight,Pedestrian,North,Proceeding Straight,POINT (-122.43359 37.721996),90.0,9.0,1.0,7.0,10
50137,vw_geo_sfpd_cr_switrs_all_types_col_cty_union.fid-c18a0c2_186644fdb18_6715,3166,20497000.0,,6070822,37.7322899625362,-122.389600599244,SFPD-CROSSROADS,CITY STREET,05/11/2012 06:10:00 AM,2012 May 11,06:10:00,2012,May,Friday,QUESADA AVE,LANE ST,0.0,Clear,Injury (Complaint of Pain),Vehicle/Pedestrian,Pedestrian,Crossing in Crosswalk at Intersection,Dry,No Unusual Condition,Daylight,Intersection <= 20ft,0.0,1,1.0,Driver,East,Making Left Turn,Pedestrian,North,Not Stated,POINT (-122.3896 37.73229),86.0,2.0,9.0,1.0,06
50138,vw_geo_sfpd_cr_switrs_all_types_col_cty_union.fid-c18a0c2_186644fdb18_674c,14302,24353000.0,512000.0,6072981,37.7729433676502,-122.415366312918,SFPD-CROSSROADS,CITY STREET,11/21/2012 04:53:00 PM,2012 November 21,16:53:00,2012,November,Wednesday,11TH ST,HOWARD ST,80.0,Clear,Injury (Severe),Vehicle/Pedestrian,Pedestrian,Crossing Not in Crosswalk,Dry,No Unusual Condition,Daylight,Midblock > 20ft,0.0,1,1.0,Pedestrian,East,Proceeding Straight,Driver,South,Proceeding Straight,POINT (-122.41537 37.77294),32.0,1.0,10.0,20.0,16
50157,vw_geo_sfpd_cr_switrs_all_types_col_cty_union.fid-c18a0c2_186644fdb18_742a,55848,23198000.0,,210564864,37.7429555725,-122.477836243,SFPD-INTERIM DB,CITY STREET,09/02/2021 02:10:00 PM,2021 September 02,14:10:00,2021,September,Thursday,21ST AVE,TARAVAL ST,0.0,Clear,Injury (Complaint of Pain),Vehicle/Pedestrian,Pedestrian,Crossing in Crosswalk at Intersection,Dry,No Unusual Condition,Daylight,Intersection <= 20ft,0.0,1,1.0,Driver,South,Making Right Turn,Pedestrian,East,Proceeding Straight,POINT (-122.47784 37.742954),40.0,10.0,7.0,35.0,14
50174,vw_geo_sfpd_cr_switrs_all_types_col_cty_union.fid-c18a0c2_186644fdb18_791e,59158,26722000.0,,220596318,37.8004692180699,-122.431115289682,SFPD-INTERIM DB,CITY STREET,09/02/2022 11:42:00 PM,2022 September 02,23:42:00,2022,September,Friday,LOMBARD ST,LAGUNA ST,0.0,Clear,Injury (Other Visible),Vehicle/Pedestrian,Pedestrian,Crossing in Crosswalk at Intersection,Dry,No Unusual Condition,Dark - Street Lights,Intersection <= 20ft,0.0,1,1.0,Driver,West,Proceeding Straight,Pedestrian,North,Proceeding Straight,POINT (-122.431114 37.80047),17.0,4.0,6.0,13.0,23
50177,vw_geo_sfpd_cr_switrs_all_types_col_cty_union.fid-c18a0c2_18688566ec8_-7cb2,760,20596000.0,,130354236,37.7205086802465,-122.405009368973,SFPD-CROSSROADS,CITY STREET,04/30/2013 07:00:00 PM,2013 April 30,19:00:00,2013,April,Tuesday,MANSELL ST,SOMERSET ST,0.0,Clear,Injury (Complaint of Pain),Vehicle/Pedestrian,Pedestrian,Crossing in Crosswalk at Intersection,Dry,No Unusual Condition,Dusk - Dawn,Intersection <= 20ft,0.0,1,1.0,Pedestrian,South,Entering Traffic,Driver,West,Proceeding Straight,POINT (-122.40501 37.72051),91.0,2.0,2.0,25.0,19
50179,vw_geo_sfpd_cr_switrs_all_types_col_cty_union.fid-c18a0c2_186644fdb18_765a,56599,24627000.0,7039001.0,210826153,37.7828231841111,-122.403259550863,SFPD-INTERIM DB,CITY STREET,12/14/2021 03:52:00 PM,2021 December 14,15:52:00,2021,December,Tuesday,HOWARD ST,04TH ST,225.0,Clear,Injury (Other Visible),Vehicle/Pedestrian,Pedestrian,Crossing Not in Crosswalk,Dry,No Unusual Condition,Daylight,Midblock > 20ft,0.0,1,1.0,Pedestrian,North,Proceeding Straight,Driver,East,Backing,POINT (-122.40326 37.78282),32.0,1.0,10.0,34.0,15
50186,vw_geo_sfpd_cr_switrs_all_types_col_cty_union.fid-c18a0c2_186644fdb18_793e,12538,25804000.0,746000.0,130313301,37.7642004773907,-122.433105971843,SFPD-CROSSROADS,CITY STREET,04/17/2013 12:06:00 PM,2013 April 17,12:06:00,2013,April,Wednesday,16TH ST,MARKET ST,9.0,Clear,Injury (Complaint of Pain),Vehicle/Pedestrian,Pedestrian,Crossing in Crosswalk at Intersection,Dry,No Unusual Condition,Daylight,Intersection <= 20ft,0.0,1,1.0,Driver,South,Making Left Turn,Pedestrian,East,Proceeding Straight,POINT (-122.433105 37.764202),28.0,3.0,5.0,5.0,12
50194,vw_geo_sfpd_cr_switrs_all_types_col_cty_union.fid-c18a0c2_186644fdb18_7fd2,6472,33364000.000000004,,140175276,37.7482121505997,-122.415862792677,SFPD-CROSSROADS,CITY STREET,02/28/2014 05:45:00 PM,2014 February 28,17:45:00,2014,February,Friday,VAN NESS AVE,CESAR CHAVEZ ST,0.0,Raining,Injury (Complaint of Pain),Vehicle/Pedestrian,Pedestrian,Crossing in Crosswalk at Intersection,Wet,No Unusual Condition,Daylight,Intersection <= 20ft,0.0,1,,Driver,South,Proceeding Straight,Pedestrian,East,Proceeding Straight,POINT (-122.41586 37.74821),83.0,3.0,2.0,2.0,17
50196,vw_geo_sfpd_cr_switrs_all_types_col_cty_union.fid-c18a0c2_186644fdb18_76dd,55983,24372000.0,,210633663,37.7682736534,-122.419981513,SFPD-INTERIM DB,CITY STREET,09/29/2021 04:13:00 PM,2021 September 29,16:13:00,2021,September,Wednesday,MISSION ST,14TH ST,0.0,Clear,Injury (Complaint of Pain),Vehicle/Pedestrian,Pedestrian,Crossing in Crosswalk at Intersection,Dry,No Unusual Condition,Daylight,Intersection <= 20ft,0.0,1,1.0,Driver,East,Making Left Turn,Pedestrian,West,Proceeding Straight,POINT (-122.41998 37.768272),53.0,3.0,2.0,20.0,16
50197,vw_geo_sfpd_cr_switrs_all_types_col_cty_union.fid-c18a0c2_18688566ec8_-7c75,30383,25210000.0,3443000.0,130799654,37.78870377811,-122.420269779851,SFPD-CROSSROADS,CITY STREET,09/22/2013 06:42:00 PM,2013 September 22,18:42:00,2013,September,Sunday,BUSH ST,POLK ST,11.0,Clear,Injury (Severe),Vehicle/Pedestrian,Pedestrian,Crossing in Crosswalk at Intersection,Dry,No Unusual Condition,Daylight,Intersection <= 20ft,0.0,1,1.0,Driver,East,Making Right Turn,Pedestrian,South,Proceeding Straight,POINT (-122.42027 37.788704),50.0,4.0,3.0,21.0,18
50201,vw_geo_sfpd_cr_switrs_all_types_col_cty_union.fid-c18a0c2_186644fdb18_7fa5,55089,24054000.000000004,6745000.0,210203012,37.7645650402,-122.413038528,SFPD-INTERIM DB,CITY STREET,04/01/2021 05:45:00 PM,2021 April 01,17:45:00,2021,April,Thursday,HARRISON ST,17TH ST,173.0,Clear,Injury (Complaint of Pain),Vehicle/Pedestrian,Pedestrian,"In Road, Including Shoulder",Dry,No Unusual Condition,Daylight,Midblock > 20ft,0.0,1,1.0,Driver,South,Changing Lanes,Pedestrian,South,Proceeding Straight,POINT (-122.41304 37.764565),53.0,3.0,2.0,20.0,17
50204,vw_geo_sfpd_cr_switrs_all_types_col_cty_union.fid-c18a0c2_186644fdb18_7993,56380,24925000.0,,210411958,37.7841410125,-122.410951619,SFPD-INTERIM DB,CITY STREET,07/01/2021 10:00:00 AM,2021 July 01,10:00:00,2021,July,Thursday,EDDY ST,TAYLOR ST,0.0,Cloudy,Injury (Severe),Vehicle/Pedestrian,Pedestrian,Crossing Not in Crosswalk,Dry,No Unusual Condition,Daylight,Intersection <= 20ft,0.0,1,1.0,Pedestrian,North,Proceeding Straight,Driver,West,Proceeding Straight,POINT (-122.41095 37.78414),20.0,5.0,10.0,36.0,10
50207,vw_geo_sfpd_cr_switrs_all_types_col_cty_union.fid-c18a0c2_186644fdb18_7bfd,28494,24774000.000000004,,161020454,37.7953266914268,-122.404957208296,SFPD-CROSSROADS,CITY STREET,12/16/2016 01:46:00 PM,2016 December 16,13:46:00,2016,December,Friday,WASHINGTON ST,KEARNY ST,0.0,Clear,Injury (Complaint of Pain),Vehicle/Pedestrian,Pedestrian,Crossing in Crosswalk at Intersection,Dry,No Unusual Condition,Daylight,Intersection <= 20ft,0.0,1,1.0,Driver,West,Making Left Turn,Pedestrian,South,Proceeding Straight,POINT (-122.40496 37.795326),104.0,6.0,3.0,6.0,13
50211,vw_geo_sfpd_cr_switrs_all_types_col_cty_union.fid-c18a0c2_186644fdb18_7acc,58956,25881000.0,,220433798,37.7675044598221,-122.428948566692,SFPD-INTERIM DB,CITY STREET,07/01/2022 11:53:00 PM,2022 July 01,23:53:00,2022,July,Friday,MARKET ST,CHURCH ST,0.0,Cloudy,Injury (Severe),Vehicle/Pedestrian,Pedestrian,Crossing in Crosswalk at Intersection,Wet,No Unusual Condition,Dark - Street Lights,Intersection <= 20ft,0.0,1,2.0,Driver,West,Proceeding Straight,Pedestrian,North,Proceeding Straight,POINT (-122.42895 37.767506),28.0,3.0,5.0,5.0,23
50217,vw_geo_sfpd_cr_switrs_all_types_col_cty_union.fid-c18a0c2_18688566ec8_-7d44,42812,27519000.0,5932000.0,130656612,37.7725666630174,-122.484246864674,SFPD-CROSSROADS,CITY STREET,08/09/2013 08:45:00 AM,2013 August 09,08:45:00,2013,August,Friday,FULTON ST,25TH AVE,15.0,Cloudy,Injury (Complaint of Pain),Vehicle/Pedestrian,Pedestrian,Crossing in Crosswalk at Intersection,Dry,No Unusual Condition,Daylight,Intersection <= 20ft,0.0,1,1.0,Pedestrian,North,Proceeding Straight,Driver,East,Proceeding Straight,POINT (-122.484245 37.772568),8.0,8.0,4.0,29.0,08
50229,vw_geo_sfpd_cr_switrs_all_types_col_cty_union.fid-c18a0c2_186644fdb18_7733,58993,24157000.0,,220466250,37.7593724537329,-122.421355418412,SFPD-INTERIM DB,CITY STREET,07/14/2022 06:43:00 PM,2022 July 14,18:43:00,2022,July,Thursday,VALENCIA ST,CUNNINGHAM PL,0.0,Clear,Injury (Complaint of Pain),Head-On,Pedestrian,Crossing Not in Crosswalk,Dry,No Unusual Condition,Daylight,Intersection <= 20ft,0.0,1,1.0,Pedestrian,East,Proceeding Straight,Driver,East,Making Left Turn,POINT (-122.42136 37.759373),37.0,3.0,5.0,20.0,18
50230,vw_geo_sfpd_cr_switrs_all_types_col_cty_union.fid-c18a0c2_18688566ec8_-7bc3,39316,22867000.0,7990201.0,130890274,37.7483722756849,-122.459118408585,SFPD-CROSSROADS,CITY STREET,10/20/2013 09:15:00 PM,2013 October 20,21:15:00,2013,October,Sunday,LAGUNA HONDA BLVD,PLAZA ST,253.0,Fog,Injury (Severe),Head-On,Pedestrian,Crossing Not in Crosswalk,Dry,No Unusual Condition,Dark - Street Lights,Midblock > 20ft,0.0,1,1.0,Pedestrian,East,Entering Traffic,Driver,North,Proceeding Straight,POINT (-122.45912 37.74837),45.0,7.0,8.0,41.0,21
50231,vw_geo_sfpd_cr_switrs_all_types_col_cty_union.fid-c18a0c2_186644fdb18_7772,59233,25814000.0,3790000.0,220644008,37.7618232984168,-122.435086573593,SFPD-INTERIM DB,CITY STREET,09/20/2022 10:20:00 PM,2022 September 20,22:20:00,2022,September,Tuesday,CASTRO ST,MARKET ST,310.0,Clear,Injury (Other Visible),Vehicle/Pedestrian,Pedestrian,Crossing Not in Crosswalk,Dry,No Unusual Condition,Dark - Street Lights,Midblock > 20ft,0.0,1,1.0,Pedestrian,East,Proceeding Straight,Driver,South,Parked,POINT (-122.43509 37.76182),38.0,3.0,5.0,5.0,22
50240,vw_geo_sfpd_cr_switrs_all_types_col_cty_union.fid-c18a0c2_186644fdb18_7d84,40136,27336000.0,1011000.0,150325148,37.7541768183733,-122.477547364591,SFPD-CROSSROADS,CITY STREET,04/14/2015 10:51:00 AM,2015 April 14,10:51:00,2015,April,Tuesday,20TH AVE,NORIEGA ST,6.0,Clear,Injury (Other Visible),Vehicle/Pedestrian,Pedestrian,Crossing in Crosswalk at Intersection,Dry,No Unusual Condition,Daylight,Intersection <= 20ft,0.0,1,1.0,Driver,West,Making Left Turn,Pedestrian,West,Other,POINT (-122.47755 37.754177),39.0,10.0,7.0,35.0,10
50244,vw_geo_sfpd_cr_switrs_all_types_col_cty_union.fid-c18a0c2_186644fdb18_7b15,58938,26571000.0,,220669545,37.7951056108567,-122.428344482901,SFPD-INTERIM DB,CITY STREET,09/30/2022 09:25:00 AM,2022 September 30,09:25:00,2022,September,Friday,BROADWAY,OCTAVIA ST,0.0,Clear,Injury (Complaint of Pain),Vehicle/Pedestrian,Pedestrian,Crossing in Crosswalk at Intersection,Dry,No Unusual Condition,Daylight,Intersection <= 20ft,0.0,1,1.0,Driver,East,Making Left Turn,Pedestrian,South,Proceeding Straight,POINT (-122.428345 37.795105),102.0,4.0,6.0,30.0,09
50245,vw_geo_sfpd_cr_switrs_all_types_col_cty_union.fid-c18a0c2_18688566ec8_-7e1d,28150,24692000.0,2755000.0,130480819,37.7940968627963,-122.4001411018,SFPD-CROSSROADS,CITY STREET,06/11/2013 01:47:00 PM,2013 June 11,13:47:00,2013,June,Tuesday,BATTERY ST,SACRAMENTO ST,14.0,Clear,Injury (Complaint of Pain),Vehicle/Pedestrian,Pedestrian,Crossing in Crosswalk at Intersection,Dry,No Unusual Condition,Daylight,Intersection <= 20ft,0.0,1,1.0,Driver,South,Making Left Turn,Pedestrian,West,Other,POINT (-122.40014 37.794098),108.0,6.0,3.0,8.0,13
50247,vw_geo_sfpd_cr_switrs_all_types_col_cty_union.fid-c18a0c2_18688566ec8_-7d03,33514,24768000.0,3149000.0,130712593,37.7982065933022,-122.403991019897,SFPD-CROSSROADS,CITY STREET,08/26/2013 08:15:00 PM,2013 August 26,20:15:00,2013,August,Monday,BROADWAY,MONTGOMERY ST,37.0,Cloudy,Injury (Other Visible),Sideswipe,Pedestrian,Crossing Not in Crosswalk,Dry,No Unusual Condition,Dark - Street Lights,Midblock > 20ft,0.0,1,1.0,Driver,West,Proceeding Straight,Pedestrian,North,Not Stated,POINT (-122.40399 37.798206),106.0,6.0,3.0,23.0,20
50248,vw_geo_sfpd_cr_switrs_all_types_col_cty_union.fid-c18a0c2_18688566ec8_-7d24,26188,24960000.0,6114000.0,130684174,37.7866966873067,-122.413420520577,SFPD-CROSSROADS,CITY STREET,08/17/2013 06:15:00 PM,2013 August 17,18:15:00,2013,August,Saturday,GEARY ST,JONES ST,76.0,Clear,Injury (Complaint of Pain),Vehicle/Pedestrian,Pedestrian,Crossing Not in Crosswalk,Dry,No Unusual Condition,Daylight,Midblock > 20ft,0.0,1,1.0,Pedestrian,South,Other,Driver,East,Backing,POINT (-122.41342 37.786697),20.0,6.0,3.0,36.0,18
50260,vw_geo_sfpd_cr_switrs_all_types_col_cty_union.fid-c18a0c2_186644fdb18_75b9,56826,20298000.0,,210758512,37.7121794860998,-122.40245947948,SFPD-INTERIM DB,CITY STREET,11/17/2021 02:52:00 PM,2021 November 17,14:52:00,2021,November,Wednesday,BAY SHORE BLVD,ARLETA AVE,0.0,Clear,Injury (Other Visible),Broadside,Pedestrian,Crossing in Crosswalk at Intersection,Dry,No Unusual Condition,Daylight,Intersection <= 20ft,0.0,1,1.0,Driver,North,Making Left Turn,Pedestrian,East,Proceeding Straight,POINT (-122.40246 37.71218),75.0,9.0,9.0,40.0,14
50262,vw_geo_sfpd_cr_switrs_all_types_col_cty_union.fid-c18a0c2_18688566ec8_-7ea1,12442,25726000.0,,130342651,37.76450761329,-122.428665129355,SFPD-CROSSROADS,CITY STREET,04/26/2013 07:12:00 PM,2013 April 26,19:12:00,2013,April,Friday,16TH ST,CHURCH ST,0.0,Clear,Injury (Complaint of Pain),Vehicle/Pedestrian,Pedestrian,Crossing Not in Crosswalk,Dry,No Unusual Condition,Daylight,Intersection <= 20ft,0.0,1,1.0,Pedestrian,South,Other,Driver,West,Slowing/Stopping,POINT (-122.428665 37.764507),37.0,3.0,5.0,5.0,19
50277,vw_geo_sfpd_cr_switrs_all_types_col_cty_union.fid-c18a0c2_186644fdb18_7b89,21695,24476000.0,,130331739,37.7808210481836,-122.42208679258,SFPD-CROSSROADS,CITY STREET,04/23/2013 12:17:00 PM,2013 April 23,12:17:00,2013,April,Tuesday,GOLDEN GATE AVE,FRANKLIN ST,0.0,Clear,Injury (Complaint of Pain),Vehicle/Pedestrian,Pedestrian,Crossing in Crosswalk at Intersection,Dry,No Unusual Condition,Daylight,Intersection <= 20ft,0.0,1,1.0,Driver,East,Making Left Turn,Pedestrian,East,Proceeding Straight,POINT (-122.42209 37.780823),100.0,4.0,11.0,39.0,12
50281,vw_geo_sfpd_cr_switrs_all_types_col_cty_union.fid-c18a0c2_186644fdb18_7ccd,56531,24527000.0,,210757279,37.7892346999104,-122.395150931855,SFPD-INTERIM DB,CITY STREET,11/16/2021 02:40:00 PM,2021 November 16,14:40:00,2021,November,Tuesday,HOWARD ST,FREMONT ST,0.0,Clear,Injury (Severe),Vehicle/Pedestrian,Pedestrian,Crossing in Crosswalk at Intersection,Dry,No Unusual Condition,Daylight,Intersection <= 20ft,0.0,1,,Driver,North,Making Left Turn,Pedestrian,North,Not Stated,POINT (-122.39515 37.789234),32.0,1.0,10.0,8.0,14
50293,vw_geo_sfpd_cr_switrs_all_types_col_cty_union.fid-c18a0c2_18688566ec8_-7c4f,8683,24075000.000000004,12030000.0,180475412,37.7535210644,-122.416372045,SFPD-INTERIM DB,CITY STREET,06/05/2018 07:20:00 PM,2018 June 05,19:20:00,2018,June,Tuesday,SOUTH VAN NESS AVE,23RD ST,163.0,Clear,Injury (Complaint of Pain),Vehicle/Pedestrian,Pedestrian,Crossing in Crosswalk Not at Intersection,Dry,No Unusual Condition,Daylight,Midblock > 20ft,0.0,1,,Driver,West,Proceeding Straight,Pedestrian,North,Proceeding Straight,POINT (-122.416374 37.75352),53.0,3.0,2.0,20.0,19
50299,vw_geo_sfpd_cr_switrs_all_types_col_cty_union.fid-c18a0c2_186644fdb18_748f,55975,24192000.0,,210629872,37.7703485165,-122.40973589,SFPD-INTERIM DB,CITY STREET,09/28/2021 06:00:00 AM,2021 September 28,06:00:00,2021,September,Tuesday,10TH ST,BRYANT ST,0.0,Clear,Injury (Severe),Vehicle/Pedestrian,Pedestrian,Crossing in Crosswalk at Intersection,Dry,No Unusual Condition,Dusk - Dawn,Intersection <= 20ft,0.0,1,1.0,Driver,East,Other,Pedestrian,North,Proceeding Straight,POINT (-122.40974 37.770348),32.0,1.0,10.0,34.0,06
50316,vw_geo_sfpd_cr_switrs_all_types_col_cty_union.fid-c18a0c2_186644fdb18_7c2a,30769,26531000.000000004,,150963083,37.7874408255348,-122.430168381829,SFPD-CROSSROADS,CITY STREET,11/04/2015 10:01:00 AM,2015 November 04,10:01:00,2015,November,Wednesday,BUSH ST,BUCHANAN ST,0.0,Clear,Fatal,Vehicle/Pedestrian,Pedestrian,Crossing in Crosswalk at Intersection,Dry,No Unusual Condition,Daylight,Intersection <= 20ft,1.0,0,1.0,Driver,East,Making Left Turn,Pedestrian,North,Proceeding Straight,POINT (-122.43017 37.78744),101.0,4.0,11.0,30.0,10
50319,vw_geo_sfpd_cr_switrs_all_types_col_cty_union.fid-c18a0c2_186644fdb18_7963,12607,25727000.000000004,,130269607,37.7661300138391,-122.428819148205,SFPD-CROSSROADS,CITY STREET,04/02/2013 12:43:00 PM,2013 April 02,12:43:00,2013,April,Tuesday,CHURCH ST,15TH ST,0.0,Clear,Injury (Other Visible),Vehicle/Pedestrian,Pedestrian,"In Road, Including Shoulder",Dry,No Unusual Condition,Daylight,Intersection <= 20ft,0.0,1,1.0,Driver,South,Backing,Pedestrian,East,Stopped In Road,POINT (-122.42882 37.76613),37.0,3.0,5.0,5.0,12
50324,vw_geo_sfpd_cr_switrs_all_types_col_cty_union.fid-c18a0c2_18688566ec8_-7b27,32568,25300000.000000004,8145000.0,130257323,37.7943747583015,-122.419757061281,SFPD-CROSSROADS,CITY STREET,03/28/2013 10:33:00 PM,2013 March 28,22:33:00,2013,March,Thursday,LARKIN ST,JACKSON ST,8.0,Cloudy,Injury (Other Visible),Vehicle/Pedestrian,Pedestrian,Crossing in Crosswalk at Intersection,Dry,No Unusual Condition,Dark - Street Lights,Intersection <= 20ft,0.0,2,1.0,Driver,North,Proceeding Straight,Pedestrian,East,Other,POINT (-122.419754 37.794376),16.0,6.0,3.0,32.0,22
50330,vw_geo_sfpd_cr_switrs_all_types_col_cty_union.fid-c18a0c2_186644fdb18_74be,56711,23796000.0,182000.0,210656079,37.7774759855054,-122.391023166426,SFPD-INTERIM DB,CITY STREET,10/08/2021 10:10:00 AM,2021 October 08,10:10:00,2021,October,Friday,03RD ST,BERRY ST,40.0,Clear,Injury (Complaint of Pain),Vehicle/Pedestrian,Pedestrian,Crossing Not in Crosswalk,Dry,No Unusual Condition,Daylight,Midblock > 20ft,0.0,1,1.0,Pedestrian,West,Other,Driver,South,Proceeding Straight,POINT (-122.39102 37.777477),34.0,1.0,10.0,4.0,10
50338,vw_geo_sfpd_cr_switrs_all_types_col_cty_union.fid-c18a0c2_18688566ec8_-7cd9,8529,23963000.0,,130739199,37.7545642120606,-122.406480458168,SFPD-CROSSROADS,CITY STREET,09/03/2013 10:12:00 AM,2013 September 03,10:12:00,2013,September,Tuesday,23RD ST,POTRERO AVE,0.0,Clear,Injury (Complaint of Pain),Vehicle/Pedestrian,Pedestrian,Crossing in Crosswalk at Intersection,Dry,No Unusual Condition,Daylight,Intersection <= 20ft,0.0,1,1.0,Driver,East,Making Left Turn,Pedestrian,North,Proceeding Straight,POINT (-122.40648 37.754562),54.0,3.0,2.0,20.0,10
50354,vw_geo_sfpd_cr_switrs_all_types_col_cty_union.fid-c18a0c2_18688566ec8_-7ec1,14954,23831000.0,175000.0,130308186,37.7813139327046,-122.395834291136,SFPD-CROSSROADS,CITY STREET,04/15/2013 04:44:00 PM,2013 April 15,16:44:00,2013,April,Monday,03RD ST,BRYANT ST,4.0,Clear,Injury (Complaint of Pain),Vehicle/Pedestrian,Pedestrian,Crossing in Crosswalk at Intersection,Dry,No Unusual Condition,Daylight,Intersection <= 20ft,0.0,1,1.0,Driver,North,Making Right Turn,Pedestrian,West,Proceeding Straight,POINT (-122.395836 37.781315),32.0,1.0,10.0,34.0,16
50356,vw_geo_sfpd_cr_switrs_all_types_col_cty_union.fid-c18a0c2_186644fdb18_7a37,58586,24660000.000000004,,220539277,37.7886939922195,-122.405221172853,SFPD-INTERIM DB,CITY STREET,08/12/2022 10:00:00 AM,2022 August 12,10:00:00,2022,August,Friday,GRANT AVE,POST ST,0.0,Clear,Injury (Complaint of Pain),Vehicle/Pedestrian,Pedestrian,Crossing in Crosswalk at Intersection,Dry,No Unusual Condition,Daylight,Intersection <= 20ft,0.0,2,1.0,Driver,North,Proceeding Straight,Pedestrian,East,Proceeding Straight,POINT (-122.40522 37.788692),19.0,6.0,3.0,8.0,10
50365,vw_geo_sfpd_cr_switrs_all_types_col_cty_union.fid-c18a0c2_18688566ec8_-7e96,24322,24924000.0,,130351157,37.7832143127917,-122.410764828286,SFPD-CROSSROADS,CITY STREET,04/29/2013 08:30:00 PM,2013 April 29,20:30:00,2013,April,Monday,TAYLOR ST,TURK ST,0.0,Clear,Injury (Complaint of Pain),Vehicle/Pedestrian,Pedestrian,Crossing in Crosswalk at Intersection,Dry,No Unusual Condition,Dark - Street Lights,Intersection <= 20ft,0.0,1,1.0,Driver,West,Making Left Turn,Pedestrian,South,Proceeding Straight,POINT (-122.41077 37.783215),20.0,5.0,10.0,36.0,20
50371,vw_geo_sfpd_cr_switrs_all_types_col_cty_union.fid-c18a0c2_18688566ec8_-7ca3,18976,25899000.0,6608000.0,130786532,37.7720952936192,-122.43053581858,SFPD-CROSSROADS,CITY STREET,09/18/2013 04:21:00 PM,2013 September 18,16:21:00,2013,September,Wednesday,HAIGHT ST,FILLMORE ST,30.0,Clear,Injury (Complaint of Pain),Vehicle/Pedestrian,Pedestrian,Crossing Not in Crosswalk,Dry,No Unusual Condition,Daylight,Midblock > 20ft,0.0,1,1.0,Pedestrian,North,Other,Driver,West,Proceeding Straight,POINT (-122.430534 37.772095),26.0,4.0,11.0,9.0,16
50378,vw_geo_sfpd_cr_switrs_all_types_col_cty_union.fid-c18a0c2_186644fdb18_79ed,58920,25942000.0,,220656031,37.7806116213741,-122.423730983537,SFPD-INTERIM DB,CITY STREET,09/25/2022 06:45:00 AM,2022 September 25,06:45:00,2022,September,Sunday,GOUGH ST,GOLDEN GATE AVE,0.0,Clear,Injury (Other Visible),Vehicle/Pedestrian,Pedestrian,Crossing in Crosswalk at Intersection,Dry,No Unusual Condition,Dusk - Dawn,Intersection <= 20ft,0.0,1,1.0,Pedestrian,North,Proceeding Straight,Driver,East,Making Right Turn,POINT (-122.42373 37.780613),100.0,4.0,11.0,39.0,06
50390,vw_geo_sfpd_cr_switrs_all_types_col_cty_union.fid-c18a0c2_186644fdb18_7565,56764,23910000.0,,210715807,37.7794587153476,-122.402377492041,SFPD-INTERIM DB,CITY STREET,10/31/2021 11:49:00 PM,2021 October 31,23:49:00,2021,October,Sunday,05TH ST,CLARA ST,0.0,Clear,Injury (Other Visible),Vehicle/Pedestrian,Pedestrian,Crossing Not in Crosswalk,Dry,No Unusual Condition,Dark - Street Lights,Intersection <= 20ft,0.0,1,,Driver,South,Slowing/Stopping,Pedestrian,West,Proceeding Straight,POINT (-122.402374 37.779457),32.0,1.0,10.0,34.0,23
50397,vw_geo_sfpd_cr_switrs_all_types_col_cty_union.fid-c18a0c2_186644fdb18_785b,55046,24513000.0,6717000.0,210411544,37.78227876,-122.397733464,SFPD-INTERIM DB,CITY STREET,06/30/2021 10:36:00 PM,2021 June 30,22:36:00,2021,June,Wednesday,HARRISON ST,03RD ST,142.0,Clear,Injury (Severe),Vehicle/Pedestrian,Pedestrian,Crossing Not in Crosswalk,Dry,No Unusual Condition,Dark - Street Lights,Midblock > 20ft,0.0,1,1.0,Pedestrian,South,Entering Traffic,Driver,West,Proceeding Straight,POINT (-122.397736 37.78228),32.0,1.0,10.0,34.0,22