,id,unique_id,cnn_intrsctn_fkey,cnn_sgmt_fkey,case_id_pkey,tb_latitude,tb_longitude,geocode_source,geocode_location,collision_datetime,collision_date,collision_time,accident_year,month,day_of_week,primary_rd,secondary_rd,distance,weather_1,collision_severity,type_of_collision,mviw,ped_action,road_surface,road_cond_1,lighting,intersection,number_killed,number_injured,party_at_fault,party1_type,party1_dir_of_travel,party1_move_pre_acc,party2_type,party2_dir_of_travel,party2_move_pre_acc,point,Neighborhoods,Current Police Districts,Current Supervisor Districts,Analysis Neighborhoods,hour
50402,vw_geo_sfpd_cr_switrs_all_types_col_cty_union.fid-c18a0c2_18688566ec8_-7b34,19326,26338000.0,6619000.0,130945562,37.7699467142318,-122.447411359469,SFPD-CROSSROADS,CITY STREET,11/07/2013 02:30:00 PM,2013 November 07,14:30:00,2013,November,Thursday,HAIGHT ST,ASHBURY ST,140.0,Clear,Injury (Other Visible),Vehicle/Pedestrian,Pedestrian,"In Road, Including Shoulder",Dry,No Unusual Condition,Daylight,Midblock > 20ft,0.0,1,1.0,Driver,West,Proceeding Straight,Pedestrian,North,Other,POINT (-122.44741 37.769947),25.0,7.0,11.0,3.0,14
50410,vw_geo_sfpd_cr_switrs_all_types_col_cty_union.fid-c18a0c2_186644fdb18_7ae6,58693,25623000.0,,220541034,37.7551697940577,-122.423181000784,SFPD-INTERIM DB,CITY STREET,08/12/2022 08:51:00 PM,2022 August 12,20:51:00,2022,August,Friday,22ND ST,GUERRERO ST,0.0,Clear,Injury (Complaint of Pain),Vehicle/Pedestrian,Pedestrian,Crossing in Crosswalk at Intersection,Dry,No Unusual Condition,Dark - Street Lights,Intersection <= 20ft,0.0,1,1.0,Driver,East,Making Right Turn,Pedestrian,North,Proceeding Straight,POINT (-122.42318 37.75517),52.0,3.0,5.0,20.0,20
50411,vw_geo_sfpd_cr_switrs_all_types_col_cty_union.fid-c18a0c2_18688566ec8_-7ed0,29798,25152000.0,,130287364,37.7851672145575,-122.417901410518,SFPD-CROSSROADS,CITY STREET,04/08/2013 08:41:00 AM,2013 April 08,08:41:00,2013,April,Monday,OFARRELL ST,LARKIN ST,0.0,Clear,Injury (Other Visible),Vehicle/Pedestrian,Pedestrian,Crossing in Crosswalk at Intersection,Dry,No Unusual Condition,Daylight,Intersection <= 20ft,0.0,1,1.0,Pedestrian,South,Proceeding Straight,Driver,East,Proceeding Straight,POINT (-122.4179 37.785168),20.0,5.0,10.0,36.0,08
50414,vw_geo_sfpd_cr_switrs_all_types_col_cty_union.fid-c18a0c2_186644fdb18_764b,33011,26857000.000000004,,140729607,37.7927227548211,-122.439665886646,SFPD-CROSSROADS,CITY STREET,08/30/2014 10:10:00 AM,2014 August 30,10:10:00,2014,August,Saturday,PACIFIC AVE,SCOTT ST,0.0,Clear,Injury (Complaint of Pain),Vehicle/Pedestrian,Pedestrian,Crossing in Crosswalk at Intersection,Dry,No Unusual Condition,Daylight,Intersection <= 20ft,0.0,1,1.0,Driver,East,Making Left Turn,Pedestrian,North,Other,POINT (-122.43967 37.792725),102.0,4.0,6.0,30.0,10
50443,vw_geo_sfpd_cr_switrs_all_types_col_cty_union.fid-c18a0c2_186644fdb18_741d,56004,23919000.0,,210558265,37.7772727019,-122.404070257,SFPD-INTERIM DB,CITY STREET,08/31/2021 03:12:00 AM,2021 August 31,03:12:00,2021,August,Tuesday,06TH ST,HARRISON ST,0.0,Clear,Injury (Severe),Vehicle/Pedestrian,Pedestrian,Crossing Not in Crosswalk,Dry,No Unusual Condition,Dark - Street Lights,Intersection <= 20ft,0.0,1,1.0,Pedestrian,West,Proceeding Straight,Driver,South,Making Left Turn,POINT (-122.40407 37.77727),32.0,1.0,10.0,34.0,03
50447,vw_geo_sfpd_cr_switrs_all_types_col_cty_union.fid-c18a0c2_18688566ec8_-7eb5,33337,25032000.0,,140684067,37.7969019056771,-122.406827677686,SFPD-CROSSROADS,CITY STREET,08/15/2014 09:00:00 PM,2014 August 15,21:00:00,2014,August,Friday,GRANT AVE,PACIFIC AVE,0.0,Clear,Injury (Complaint of Pain),Vehicle/Pedestrian,Pedestrian,Crossing in Crosswalk at Intersection,Dry,No Unusual Condition,Dark - Street Lights,Intersection <= 20ft,0.0,1,,Pedestrian,East,Entering Traffic,Driver,North,Proceeding Straight,POINT (-122.40683 37.7969),104.0,6.0,3.0,6.0,21
50457,vw_geo_sfpd_cr_switrs_all_types_col_cty_union.fid-c18a0c2_18688566ec8_-7f16,7873,24088000.0,9125000.0,140689788,37.7523706511393,-122.418457483361,SFPD-CROSSROADS,CITY STREET,08/17/2014 06:13:00 PM,2014 August 17,18:13:00,2014,August,Sunday,MISSION ST,24TH ST,48.0,Clear,Injury (Severe),Vehicle/Pedestrian,Pedestrian,Crossing Not in Crosswalk,Dry,No Unusual Condition,Daylight,Midblock > 20ft,0.0,1,1.0,Pedestrian,East,Other,Driver,North,Proceeding Straight,POINT (-122.41846 37.75237),53.0,3.0,2.0,20.0,18
50480,vw_geo_sfpd_cr_switrs_all_types_col_cty_union.fid-c18a0c2_186644fdb18_7702,57998,26922000.0,8171000.0,220227256,37.7895174991489,-122.450655239776,SFPD-INTERIM DB,CITY STREET,04/07/2022 09:41:00 AM,2022 April 07,09:41:00,2022,April,Thursday,WASHINGTON ST,LAUREL ST,5.0,Clear,Injury (Other Visible),Sideswipe,Pedestrian,Crossing in Crosswalk at Intersection,Dry,No Unusual Condition,Daylight,Intersection <= 20ft,0.0,1,1.0,Driver,East,Making Left Turn,Pedestrian,North,Proceeding Straight,POINT (-122.45065 37.789516),10.0,8.0,6.0,31.0,09
50484,vw_geo_sfpd_cr_switrs_all_types_col_cty_union.fid-c18a0c2_186644fdb18_7d75,25374,24892000.0,8747202.0,130381336,37.7857237182274,-122.405888135095,SFPD-CROSSROADS,CITY STREET,05/09/2013 03:05:00 PM,2013 May 09,15:05:00,2013,May,Thursday,MARKET ST,ELLIS ST,19.0,Cloudy,Injury (Complaint of Pain),Vehicle/Pedestrian,Pedestrian,Crossing in Crosswalk at Intersection,Dry,No Unusual Condition,Daylight,Intersection <= 20ft,0.0,1,1.0,Driver,West,Proceeding Straight,Pedestrian,South,Other,POINT (-122.40589 37.785725),19.0,5.0,3.0,8.0,15
50487,vw_geo_sfpd_cr_switrs_all_types_col_cty_union.fid-c18a0c2_186644fdb18_78e0,58960,26751000.0,,220435675,37.7998429526694,-122.43604617282,SFPD-INTERIM DB,CITY STREET,07/03/2022 12:36:00 AM,2022 July 03,00:36:00,2022,July,Sunday,LOMBARD ST,FILLMORE ST,0.0,Cloudy,Injury (Severe),Vehicle/Pedestrian,Pedestrian,Crossing in Crosswalk at Intersection,Wet,No Unusual Condition,Dark - Street Lights,Intersection <= 20ft,0.0,1,1.0,Driver,East,Proceeding Straight,Pedestrian,South,Proceeding Straight,POINT (-122.43604 37.799843),17.0,4.0,6.0,13.0,00
50495,vw_geo_sfpd_cr_switrs_all_types_col_cty_union.fid-c18a0c2_18688566ec8_-7b63,25680,30735000.0,,130379165,37.7887211522174,-122.402065729925,SFPD-CROSSROADS,CITY STREET,05/08/2013 10:51:00 PM,2013 May 08,22:51:00,2013,May,Wednesday,MARKET ST,MONTGOMERY ST,0.0,Clear,Injury (Complaint of Pain),Vehicle/Pedestrian,Pedestrian,Crossing in Crosswalk at Intersection,Dry,No Unusual Condition,Dark - Street Lights,Intersection <= 20ft,0.0,1,1.0,Driver,West,Proceeding Straight,Pedestrian,North,Proceeding Straight,POINT (-122.40207 37.788723),19.0,6.0,3.0,8.0,22
50510,vw_geo_sfpd_cr_switrs_all_types_col_cty_union.fid-c18a0c2_186644fdb18_7d80,27408,30731000.0,100000.0,160251615,37.7907949230557,-122.39887029154,SFPD-CROSSROADS,CITY STREET,06/27/2016 04:08:00 PM,2016 June 27,16:08:00,2016,June,Monday,01ST ST,MARKET ST,114.0,Clear,Injury (Other Visible),Vehicle/Pedestrian,Pedestrian,Crossing Not in Crosswalk,Dry,No Unusual Condition,Daylight,Midblock > 20ft,0.0,1,1.0,Pedestrian,East,Entering Traffic,Driver,South,Proceeding Straight,POINT (-122.39887 37.790794),108.0,6.0,10.0,8.0,16
50513,vw_geo_sfpd_cr_switrs_all_types_col_cty_union.fid-c18a0c2_186644fdb18_7923,15373,23919000.0,,6049300,37.7772727026578,-122.404070256701,SFPD-CROSSROADS,CITY STREET,12/01/2012 06:42:00 AM,2012 December 01,06:42:00,2012,December,Saturday,06TH ST,HARRISON ST,0.0,Clear,Injury (Other Visible),Vehicle/Pedestrian,Pedestrian,Crossing in Crosswalk at Intersection,Dry,No Unusual Condition,Dusk - Dawn,Intersection <= 20ft,0.0,1,1.0,Pedestrian,West,Not Stated,Driver,North,Not Stated,POINT (-122.40407 37.77727),32.0,1.0,10.0,34.0,06
50518,vw_geo_sfpd_cr_switrs_all_types_col_cty_union.fid-c18a0c2_18688566ec8_-7e81,21576,24463000.0,,130369871,37.7812357671788,-122.41880845024,SFPD-CROSSROADS,CITY STREET,05/06/2013 09:15:00 AM,2013 May 06,09:15:00,2013,May,Monday,GOLDEN GATE AVE,POLK ST,0.0,Clear,Injury (Other Visible),Vehicle/Pedestrian,Pedestrian,Crossing Not in Crosswalk,Dry,No Unusual Condition,Daylight,Intersection <= 20ft,0.0,1,1.0,Pedestrian,North,Other,Driver,East,Proceeding Straight,POINT (-122.41881 37.781235),21.0,4.0,10.0,36.0,09
50520,vw_geo_sfpd_cr_switrs_all_types_col_cty_union.fid-c18a0c2_18688566ec8_-7e30,12143,24142000.0,,130466132,37.7651831347103,-122.417486596367,SFPD-CROSSROADS,CITY STREET,06/06/2013 12:30:00 PM,2013 June 06,12:30:00,2013,June,Thursday,16TH ST,VAN NESS AVE,0.0,Clear,Injury (Complaint of Pain),Vehicle/Pedestrian,Pedestrian,Crossing in Crosswalk at Intersection,Dry,No Unusual Condition,Daylight,Intersection <= 20ft,0.0,1,1.0,Driver,East,Making Left Turn,Pedestrian,North,Proceeding Straight,POINT (-122.41749 37.765182),53.0,3.0,2.0,20.0,12
50526,vw_geo_sfpd_cr_switrs_all_types_col_cty_union.fid-c18a0c2_186644fdb18_780c,58729,25834000.0,655000.0,220670138,37.7664731246493,-122.423143556836,SFPD-INTERIM DB,CITY STREET,09/30/2022 01:05:00 PM,2022 September 30,13:05:00,2022,September,Friday,15TH ST,ALBION ST,40.0,Clear,Injury (Severe),Broadside,Pedestrian,Not in Road,Dry,No Unusual Condition,Daylight,Midblock > 20ft,0.0,1,1.0,Bicyclist,West,Proceeding Straight,Pedestrian,South,Proceeding Straight,POINT (-122.42314 37.76647),37.0,3.0,5.0,20.0,13
50534,vw_geo_sfpd_cr_switrs_all_types_col_cty_union.fid-c18a0c2_186644fdb18_7c47,32094,25252000.0,,130795505,37.7909731915997,-122.417391334523,SFPD-CROSSROADS,CITY STREET,09/21/2013 10:30:00 AM,2013 September 21,10:30:00,2013,September,Saturday,HYDE ST,CALIFORNIA ST,0.0,Raining,Injury (Complaint of Pain),Vehicle/Pedestrian,Pedestrian,Crossing in Crosswalk at Intersection,Wet,No Unusual Condition,Daylight,Intersection <= 20ft,0.0,1,1.0,Driver,South,Making Left Turn,Pedestrian,North,Proceeding Straight,POINT (-122.41739 37.790974),16.0,6.0,3.0,21.0,10
50538,vw_geo_sfpd_cr_switrs_all_types_col_cty_union.fid-c18a0c2_18688566ec8_-7ce3,29515,26593000.0,12131000.0,130733997,37.7818698413601,-122.434104898246,SFPD-CROSSROADS,CITY STREET,09/03/2013 08:35:00 AM,2013 September 03,08:35:00,2013,September,Tuesday,STEINER ST,ELLIS ST,104.0,Clear,Injury (Other Visible),Vehicle/Pedestrian,Pedestrian,Crossing Not in Crosswalk,Dry,No Unusual Condition,Daylight,Midblock > 20ft,0.0,1,1.0,Pedestrian,East,Other,Driver,South,Proceeding Straight,POINT (-122.434105 37.781868),97.0,4.0,11.0,39.0,08
50545,vw_geo_sfpd_cr_switrs_all_types_col_cty_union.fid-c18a0c2_186644fdb18_7722,58682,26472000.0,,220489155,37.7757501292259,-122.452963825663,SFPD-INTERIM DB,CITY STREET,07/23/2022 03:00:00 PM,2022 July 23,15:00:00,2022,July,Saturday,MCALLISTER ST,PARKER AVE,0.0,Clear,Injury (Other Visible),Vehicle/Pedestrian,Pedestrian,Crossing in Crosswalk at Intersection,Dry,No Unusual Condition,Daylight,Intersection <= 20ft,0.0,1,1.0,Driver,South,Making Right Turn,Pedestrian,East,Proceeding Straight,POINT (-122.452965 37.77575),12.0,7.0,4.0,18.0,15
50563,vw_geo_sfpd_cr_switrs_all_types_col_cty_union.fid-c18a0c2_186644fdb18_7d11,38610,33563000.0,,140102586,37.7350234131915,-122.494014876719,SFPD-CROSSROADS,CITY STREET,02/04/2014 11:00:00 AM,2014 February 04,11:00:00,2014,February,Tuesday,SUNSET BLVD,YORBA ST,0.0,Clear,Fatal,Vehicle/Pedestrian,Pedestrian,Crossing in Crosswalk at Intersection,Dry,No Unusual Condition,Daylight,Intersection <= 20ft,1.0,1,1.0,Driver,South,Proceeding Straight,Pedestrian,East,Not Stated,POINT (-122.49402 37.735023),40.0,10.0,7.0,35.0,11
50570,vw_geo_sfpd_cr_switrs_all_types_col_cty_union.fid-c18a0c2_18688566ec8_-7bec,1224,21579000.0,,160092616,37.7112210762342,-122.453142690118,SFPD-CROSSROADS,CITY STREET,02/01/2016 08:24:00 AM,2016 February 01,08:24:00,2016,February,Monday,ALEMANY BLVD,LAWRENCE AVE,0.0,Clear,Injury (Severe),Vehicle/Pedestrian,Pedestrian,Crossing in Crosswalk at Intersection,Dry,No Unusual Condition,Daylight,Intersection <= 20ft,0.0,1,1.0,Driver,North,Proceeding Straight,Pedestrian,East,Other,POINT (-122.45314 37.71122),66.0,9.0,1.0,28.0,08
50574,vw_geo_sfpd_cr_switrs_all_types_col_cty_union.fid-c18a0c2_18688566ec8_-7c80,26203,25154000.0,6114000.0,130794751,37.7865721429205,-122.414396588284,SFPD-CROSSROADS,CITY STREET,09/21/2013 01:19:00 AM,2013 September 21,01:19:00,2013,September,Saturday,GEARY ST,LEAVENWORTH ST,120.0,Clear,Injury (Other Visible),Vehicle/Pedestrian,Pedestrian,Crossing Not in Crosswalk,Dry,No Unusual Condition,Daylight,Midblock > 20ft,0.0,1,1.0,Pedestrian,North,Other,Driver,West,Changing Lanes,POINT (-122.4144 37.78657),20.0,6.0,10.0,36.0,01
50575,vw_geo_sfpd_cr_switrs_all_types_col_cty_union.fid-c18a0c2_186644fdb18_7b5f,58740,25963000.000000004,6326000.0,220489490,37.78151664445,-122.423913990458,SFPD-INTERIM DB,CITY STREET,07/24/2022 12:24:00 AM,2022 July 24,00:24:00,2022,July,Sunday,GOUGH ST,TURK ST,7.0,Clear,Injury (Other Visible),Vehicle/Pedestrian,Pedestrian,Crossing in Crosswalk at Intersection,Dry,No Unusual Condition,Dark - Street Lights,Intersection <= 20ft,0.0,1,1.0,Driver,South,Making Left Turn,Pedestrian,West,Proceeding Straight,POINT (-122.42391 37.781517),100.0,4.0,11.0,39.0,00
50587,vw_geo_sfpd_cr_switrs_all_types_col_cty_union.fid-c18a0c2_186644fdb18_7a0d,58831,26067000.0,,220556801,37.777794189134,-122.438365500712,SFPD-INTERIM DB,CITY STREET,08/18/2022 10:19:00 PM,2022 August 18,22:19:00,2022,August,Thursday,MCALLISTER ST,DIVISADERO ST,0.0,Clear,Injury (Severe),Vehicle/Pedestrian,Pedestrian,Crossing in Crosswalk at Intersection,Dry,No Unusual Condition,Dark - Street Lights,Intersection <= 20ft,0.0,1,1.0,Pedestrian,West,Other,Driver,South,Proceeding Straight,POINT (-122.43836 37.777794),23.0,4.0,11.0,39.0,22
50592,vw_geo_sfpd_cr_switrs_all_types_col_cty_union.fid-c18a0c2_186644fdb18_7986,59257,20638000.0,,220639021,37.7273743005073,-122.404593828086,SFPD-INTERIM DB,CITY STREET,09/19/2022 08:41:00 AM,2022 September 19,08:41:00,2022,September,Monday,GIRARD ST,BACON ST,0.0,Clear,Injury (Complaint of Pain),Vehicle/Pedestrian,Pedestrian,Crossing in Crosswalk at Intersection,Dry,No Unusual Condition,Daylight,Intersection <= 20ft,0.0,2,1.0,Driver,East,Making Left Turn,Pedestrian,North,Proceeding Straight,POINT (-122.404594 37.727375),91.0,2.0,2.0,25.0,08
50597,vw_geo_sfpd_cr_switrs_all_types_col_cty_union.fid-c18a0c2_18688566ec8_-7e61,35336,26966000.0,6522000.0,140624386,37.7983005915533,-122.440985381854,SFPD-CROSSROADS,CITY STREET,07/27/2014 07:53:00 PM,2014 July 27,19:53:00,2014,July,Sunday,GREENWICH ST,SCOTT ST,55.0,Clear,Injury (Severe),Vehicle/Pedestrian,Pedestrian,Crossing Not in Crosswalk,Dry,No Unusual Condition,Daylight,Midblock > 20ft,0.0,1,1.0,Pedestrian,North,Other,Driver,East,Proceeding Straight,POINT (-122.44099 37.7983),14.0,4.0,6.0,13.0,19
50600,vw_geo_sfpd_cr_switrs_all_types_col_cty_union.fid-c18a0c2_186644fdb18_77b2,58822,26561000.0,,220536502,37.7902520631921,-122.430736823165,SFPD-INTERIM DB,CITY STREET,08/11/2022 08:46:00 AM,2022 August 11,08:46:00,2022,August,Thursday,SACRAMENTO ST,BUCHANAN ST,0.0,Clear,Injury (Complaint of Pain),Vehicle/Pedestrian,Pedestrian,Crossing in Crosswalk at Intersection,Dry,No Unusual Condition,Daylight,Intersection <= 20ft,0.0,1,1.0,Driver,East,Proceeding Straight,Pedestrian,South,Proceeding Straight,POINT (-122.43074 37.790253),102.0,4.0,6.0,30.0,08
50603,vw_geo_sfpd_cr_switrs_all_types_col_cty_union.fid-c18a0c2_18688566ec8_-7d59,42248,27258000.0,5913000.0,130323689,37.773403401193,-122.465765260164,SFPD-CROSSROADS,CITY STREET,04/20/2013 08:25:00 PM,2013 April 20,20:25:00,2013,April,Saturday,FULTON ST,08TH AVE,34.0,Cloudy,Injury (Complaint of Pain),Vehicle/Pedestrian,Pedestrian,Crossing Not in Crosswalk,Dry,No Unusual Condition,Dark - Street Lights,Midblock > 20ft,0.0,1,1.0,Pedestrian,North,Other,Driver,East,Making Left Turn,POINT (-122.46577 37.773403),9.0,8.0,4.0,12.0,20
50605,vw_geo_sfpd_cr_switrs_all_types_col_cty_union.fid-c18a0c2_186644fdb18_7505,56728,27287000.0,,210680385,37.7828909812808,-122.465492390877,SFPD-INTERIM DB,CITY STREET,10/17/2021 03:30:00 PM,2021 October 17,15:30:00,2021,October,Sunday,CLEMENT ST,07TH AVE,0.0,Clear,Injury (Complaint of Pain),Broadside,Pedestrian,Crossing in Crosswalk at Intersection,Dry,No Unusual Condition,Daylight,Intersection <= 20ft,0.0,1,1.0,Driver,West,Making Right Turn,Pedestrian,North,Proceeding Straight,POINT (-122.46549 37.78289),5.0,8.0,4.0,11.0,15
50608,vw_geo_sfpd_cr_switrs_all_types_col_cty_union.fid-c18a0c2_186644fdb18_7bbf,56183,24326000.0,,210434455,37.7820730683,-122.412220736,SFPD-INTERIM DB,CITY STREET,07/10/2021 10:41:00 AM,2021 July 10,10:41:00,2021,July,Saturday,GOLDEN GATE AVE,JONES ST,0.0,Clear,Injury (Complaint of Pain),Head-On,Pedestrian,Crossing in Crosswalk at Intersection,Dry,No Unusual Condition,Daylight,Intersection <= 20ft,0.0,1,1.0,Driver,West,Making Right Turn,Pedestrian,North,Proceeding Straight,POINT (-122.412224 37.782074),20.0,5.0,10.0,36.0,10
50609,vw_geo_sfpd_cr_switrs_all_types_col_cty_union.fid-c18a0c2_186644fdb18_7b74,3113,20210000.0,,140170260,37.7329188953732,-122.38903506845,SFPD-CROSSROADS,CITY STREET,02/27/2014 06:10:00 AM,2014 February 27,06:10:00,2014,February,Thursday,PALOU AVE,LANE ST,0.0,Raining,Injury (Complaint of Pain),Vehicle/Pedestrian,Pedestrian,Crossing in Crosswalk at Intersection,Wet,No Unusual Condition,Dark - Street Lights,Intersection <= 20ft,0.0,1,,Driver,West,Stopped In Road,Pedestrian,North,Proceeding Straight,POINT (-122.38904 37.732918),86.0,2.0,9.0,1.0,06
50618,vw_geo_sfpd_cr_switrs_all_types_col_cty_union.fid-c18a0c2_186644fdb18_7a26,58867,26193000.0,,220591114,37.7587223287258,-122.446020580644,SFPD-INTERIM DB,CITY STREET,09/01/2022 07:29:00 AM,2022 September 01,07:29:00,2022,September,Thursday,CLAYTON ST,CORBETT AVE,0.0,Clear,Injury (Other Visible),Vehicle/Pedestrian,Pedestrian,Crossing in Crosswalk at Intersection,Dry,No Unusual Condition,Daylight,Intersection <= 20ft,0.0,1,1.0,Driver,East,Proceeding Straight,Pedestrian,South,Proceeding Straight,POINT (-122.44602 37.758724),115.0,7.0,5.0,5.0,07
50619,vw_geo_sfpd_cr_switrs_all_types_col_cty_union.fid-c18a0c2_186644fdb18_794f,58633,22992000.0,627000.0,220560539,37.7440621727963,-122.471414794391,SFPD-INTERIM DB,CITY STREET,08/20/2022 11:20:00 AM,2022 August 20,11:20:00,2022,August,Saturday,15TH AVE,TARAVAL ST,300.0,Clear,Injury (Complaint of Pain),Vehicle/Pedestrian,Pedestrian,"In Road, Including Shoulder",Dry,No Unusual Condition,Daylight,Midblock > 20ft,0.0,1,,Pedestrian,South,Proceeding Straight,Driver,South,Other,POINT (-122.47141 37.74406),44.0,10.0,8.0,41.0,11
50622,vw_geo_sfpd_cr_switrs_all_types_col_cty_union.fid-c18a0c2_18688566ec8_-7bb4,36936,22583000.000000004,6967000.0,130900538,37.7218457489105,-122.456181310701,SFPD-CROSSROADS,CITY STREET,10/23/2013 08:48:00 PM,2013 October 23,20:48:00,2013,October,Wednesday,HOLLOWAY AVE,PLYMOUTH AVE,12.0,Cloudy,Injury (Other Visible),Sideswipe,Pedestrian,Crossing Not in Crosswalk,Dry,No Unusual Condition,Dark - Street Lights,Intersection <= 20ft,0.0,1,1.0,Driver,East,Proceeding Straight,Pedestrian,South,Not Stated,POINT (-122.456184 37.721848),64.0,10.0,8.0,24.0,20
50643,vw_geo_sfpd_cr_switrs_all_types_col_cty_union.fid-c18a0c2_18688566ec8_-7bde,13244,33619000.0,,130869586,37.7697495199161,-122.404391381059,SFPD-CROSSROADS,CITY STREET,10/14/2013 01:10:00 PM,2013 October 14,13:10:00,2013,October,Monday,DIVISION ST,TOWNSEND ST,0.0,Clear,Injury (Complaint of Pain),Vehicle/Pedestrian,Pedestrian,Crossing in Crosswalk Not at Intersection,Dry,No Unusual Condition,Daylight,Intersection <= 20ft,0.0,1,1.0,Driver,West,Proceeding Straight,Pedestrian,West,Proceeding Straight,POINT (-122.40439 37.76975),33.0,1.0,9.0,4.0,13
50646,vw_geo_sfpd_cr_switrs_all_types_col_cty_union.fid-c18a0c2_18688566ec8_-7cf2,11997,24183000.0,,130721942,37.7649173782156,-122.421886445814,SFPD-CROSSROADS,CITY STREET,08/01/2013 08:30:00 AM,2013 August 01,08:30:00,2013,August,Thursday,VALENCIA ST,16TH ST,0.0,Clear,Injury (Complaint of Pain),Vehicle/Pedestrian,Pedestrian,Crossing in Crosswalk at Intersection,Dry,No Unusual Condition,Daylight,Intersection <= 20ft,0.0,1,,Driver,South,Making Right Turn,Pedestrian,South,Not Stated,POINT (-122.42189 37.76492),37.0,3.0,5.0,20.0,08
50649,vw_geo_sfpd_cr_switrs_all_types_col_cty_union.fid-c18a0c2_186644fdb18_740a,56130,24548000.0,,210548460,37.7920057019,-122.391645797,SFPD-INTERIM DB,CITY STREET,08/27/2021 12:48:00 AM,2021 August 27,00:48:00,2021,August,Friday,HOWARD ST,STEUART ST,0.0,Clear,Injury (Complaint of Pain),Vehicle/Pedestrian,Pedestrian,Crossing in Crosswalk at Intersection,Dry,No Unusual Condition,Dark - Street Lights,Intersection <= 20ft,0.0,1,,Driver,South,Making Right Turn,Pedestrian,South,Proceeding Straight,POINT (-122.39165 37.792007),108.0,1.0,10.0,8.0,00
50659,vw_geo_sfpd_cr_switrs_all_types_col_cty_union.fid-c18a0c2_18688566ec8_-7e0d,24093,24295000.0,,130488352,37.7817543275443,-122.40969326212,SFPD-CROSSROADS,CITY STREET,06/13/2013 11:29:00 PM,2013 June 13,23:29:00,2013,June,Thursday,06TH ST,STEVENSON ST,0.0,Clear,Injury (Complaint of Pain),Vehicle/Pedestrian,Pedestrian,Crossing Not in Crosswalk,Dry,No Unusual Condition,Dark - Street Lights,Intersection <= 20ft,0.0,1,1.0,Driver,North,Proceeding Straight,Pedestrian,East,Entering Traffic,POINT (-122.40969 37.781754),32.0,5.0,10.0,34.0,23
50662,vw_geo_sfpd_cr_switrs_all_types_col_cty_union.fid-c18a0c2_18688566ec8_-7db2,38808,22927000.0,,130232541,37.7397234994594,-122.466991014333,SFPD-CROSSROADS,CITY STREET,03/20/2013 09:39:00 PM,2013 March 20,21:39:00,2013,March,Wednesday,WEST PORTAL AVE,VICENTE ST,0.0,Fog,Fatal,Vehicle/Pedestrian,Pedestrian,Crossing in Crosswalk at Intersection,Wet,No Unusual Condition,Dark - Street Lights,Intersection <= 20ft,1.0,1,1.0,Driver,West,Making Left Turn,Pedestrian,West,Proceeding Straight,POINT (-122.46699 37.739723),46.0,10.0,8.0,41.0,21
50665,vw_geo_sfpd_cr_switrs_all_types_col_cty_union.fid-c18a0c2_186644fdb18_7b44,58626,21511000.0,5724000.0,220462004,37.7131276264299,-122.445373175813,SFPD-INTERIM DB,CITY STREET,07/13/2022 12:08:00 PM,2022 July 13,12:08:00,2022,July,Wednesday,FOOTE AVE,ELLINGTON AVE,35.0,Cloudy,Injury (Other Visible),Vehicle/Pedestrian,Pedestrian,"In Road, Including Shoulder",Dry,No Unusual Condition,Daylight,Midblock > 20ft,0.0,0,1.0,Pedestrian,North,Stopped,Driver,East,Proceeding Straight,POINT (-122.44537 37.713127),66.0,9.0,1.0,28.0,12
50667,vw_geo_sfpd_cr_switrs_all_types_col_cty_union.fid-c18a0c2_186644fdb18_7f72,54709,25176000.0,,210103359,37.7831013999,-122.419181704,SFPD-INTERIM DB,CITY STREET,02/15/2021 10:20:00 AM,2021 February 15,10:20:00,2021,February,Monday,EDDY ST,POLK ST,0.0,Raining,Injury (Other Visible),Head-On,Pedestrian,Crossing in Crosswalk at Intersection,Wet,No Unusual Condition,Daylight,Intersection <= 20ft,0.0,1,1.0,Driver,East,Making Left Turn,Pedestrian,North,Proceeding Straight,POINT (-122.41918 37.7831),20.0,4.0,10.0,36.0,10
50672,vw_geo_sfpd_cr_switrs_all_types_col_cty_union.fid-c18a0c2_186644fdb18_756a,23798,24634000.0,,130249198,37.7827316355458,-122.406479402647,SFPD-CROSSROADS,CITY STREET,03/26/2013 10:48:00 AM,2013 March 26,10:48:00,2013,March,Tuesday,MISSION ST,05TH ST,0.0,Cloudy,Injury (Complaint of Pain),Vehicle/Pedestrian,Pedestrian,Crossing in Crosswalk at Intersection,Dry,No Unusual Condition,Daylight,Intersection <= 20ft,0.0,1,1.0,Driver,South,Making Right Turn,Pedestrian,West,Proceeding Straight,POINT (-122.40648 37.78273),32.0,1.0,10.0,34.0,10
50673,vw_geo_sfpd_cr_switrs_all_types_col_cty_union.fid-c18a0c2_186644fdb18_7a41,58949,33269000.000000004,,220476798,37.7340138728313,-122.390967889006,SFPD-INTERIM DB,CITY STREET,07/18/2022 09:32:00 PM,2022 July 18,21:32:00,2022,July,Monday,PALOU AVE,03RD ST,0.0,Clear,Injury (Complaint of Pain),Vehicle/Pedestrian,Pedestrian,"In Road, Including Shoulder",Dry,No Unusual Condition,Dark - Street Lights,Intersection <= 20ft,0.0,1,1.0,Pedestrian,East,Stopped,Driver,West,Proceeding Straight,POINT (-122.39097 37.734013),87.0,2.0,9.0,1.0,21