,id,unique_id,cnn_intrsctn_fkey,cnn_sgmt_fkey,case_id_pkey,tb_latitude,tb_longitude,geocode_source,geocode_location,collision_datetime,collision_date,collision_time,accident_year,month,day_of_week,primary_rd,secondary_rd,distance,weather_1,collision_severity,type_of_collision,mviw,ped_action,road_surface,road_cond_1,lighting,intersection,number_killed,number_injured,party_at_fault,party1_type,party1_dir_of_travel,party1_move_pre_acc,party2_type,party2_dir_of_travel,party2_move_pre_acc,point,Neighborhoods,Current Police Districts,Current Supervisor Districts,Analysis Neighborhoods,hour
50681,vw_geo_sfpd_cr_switrs_all_types_col_cty_union.fid-c18a0c2_18688566ec8_-7ea8,10762,25682000.0,4871101.0,130550315,37.7592732460929,-122.425780439243,SFPD-CROSSROADS,CITY STREET,07/04/2013 07:35:00 PM,2013 July 04,19:35:00,2013,July,Thursday,DOLORES ST,CUMBERLAND ST,87.0,Clear,Injury (Other Visible),Vehicle/Pedestrian,Pedestrian,"In Road, Including Shoulder",Dry,No Unusual Condition,Daylight,Midblock > 20ft,0.0,1,1.0,Pedestrian,North,Proceeding Straight,Driver,North,Proceeding Straight,POINT (-122.42578 37.759274),37.0,3.0,5.0,20.0,19
50682,vw_geo_sfpd_cr_switrs_all_types_col_cty_union.fid-c18a0c2_18688566ec8_-7f5b,39063,23183000.0,12394000.0,130083805,37.7430639446598,-122.475368086776,SFPD-CROSSROADS,CITY STREET,01/30/2013 07:45:00 AM,2013 January 30,07:45:00,2013,January,Wednesday,TARAVAL ST,19TH AVE,80.0,Clear,Injury (Complaint of Pain),Vehicle/Pedestrian,Pedestrian,Crossing Not in Crosswalk,Dry,No Unusual Condition,Daylight,Midblock > 20ft,0.0,1,1.0,Driver,West,Proceeding Straight,Pedestrian,North,Proceeding Straight,POINT (-122.475365 37.743065),44.0,10.0,8.0,41.0,07
50686,vw_geo_sfpd_cr_switrs_all_types_col_cty_union.fid-c18a0c2_18688566ec8_-7c92,1783,21487000.0,,130061732,37.7169702217552,-122.443431268584,SFPD-CROSSROADS,CITY STREET,01/22/2013 06:05:00 PM,2013 January 22,18:05:00,2013,January,Tuesday,ALEMANY BLVD,NIAGARA AVE,0.0,Clear,Injury (Complaint of Pain),Vehicle/Pedestrian,Pedestrian,Crossing in Crosswalk at Intersection,Dry,No Unusual Condition,Dusk - Dawn,Intersection <= 20ft,0.0,1,1.0,Driver,South,Proceeding Straight,Pedestrian,West,Proceeding Straight,POINT (-122.44343 37.71697),80.0,9.0,1.0,28.0,18
50697,vw_geo_sfpd_cr_switrs_all_types_col_cty_union.fid-c18a0c2_186644fdb18_7ae5,59078,25950000.0,,220540600,37.7751111808991,-122.429365859294,SFPD-INTERIM DB,CITY STREET,08/12/2022 05:30:00 PM,2022 August 12,17:30:00,2022,August,Friday,FELL ST,WEBSTER ST,0.0,Clear,Injury (Other Visible),Vehicle/Pedestrian,Pedestrian,Crossing in Crosswalk at Intersection,Dry,No Unusual Condition,Daylight,Intersection <= 20ft,0.0,1,1.0,Driver,North,Making Right Turn,Pedestrian,East,Proceeding Straight,POINT (-122.42937 37.775112),22.0,4.0,11.0,9.0,17
50708,vw_geo_sfpd_cr_switrs_all_types_col_cty_union.fid-c18a0c2_186644fdb18_78f7,14999,23890000.000000004,,130486102,37.7748087760521,-122.400981567581,SFPD-CROSSROADS,CITY STREET,06/13/2013 08:33:00 AM,2013 June 13,08:33:00,2013,June,Thursday,06TH ST,BRANNAN ST,0.0,Clear,Injury (Complaint of Pain),Vehicle/Pedestrian,Pedestrian,Crossing in Crosswalk at Intersection,Dry,No Unusual Condition,Daylight,Intersection <= 20ft,0.0,1,1.0,Driver,East,Making Right Turn,Pedestrian,North,Proceeding Straight,POINT (-122.40098 37.774807),32.0,1.0,10.0,34.0,08
50712,vw_geo_sfpd_cr_switrs_all_types_col_cty_union.fid-c18a0c2_186644fdb18_7e50,8927,23996000.0,1101000.0,130966483,37.7574943625761,-122.411266553845,SFPD-CROSSROADS,CITY STREET,11/14/2013 04:19:00 PM,2013 November 14,16:19:00,2013,November,Thursday,21ST ST,ALABAMA ST,46.0,Clear,Injury (Other Visible),Vehicle/Pedestrian,Pedestrian,Crossing Not in Crosswalk,Dry,No Unusual Condition,Daylight,Midblock > 20ft,0.0,1,1.0,Pedestrian,North,Entering Traffic,Driver,East,Proceeding Straight,POINT (-122.41127 37.757496),53.0,3.0,2.0,20.0,16
50713,vw_geo_sfpd_cr_switrs_all_types_col_cty_union.fid-c18a0c2_186644fdb18_76b4,56395,22757000.0,9839101.0,210647363,37.728274493287,-122.467745992717,SFPD-INTERIM DB,CITY STREET,10/05/2021 07:56:00 AM,2021 October 05,07:56:00,2021,October,Tuesday,OCEAN AVE,APTOS AVE,20.0,Cloudy,Injury (Complaint of Pain),Vehicle/Pedestrian,Pedestrian,Crossing Not in Crosswalk,Dry,No Unusual Condition,Daylight,Intersection <= 20ft,0.0,1,,Pedestrian,South,Entering Traffic,Driver,West,Proceeding Straight,POINT (-122.46774 37.728275),67.0,10.0,8.0,41.0,07
50714,vw_geo_sfpd_cr_switrs_all_types_col_cty_union.fid-c18a0c2_18688566ec8_-7be3,11801,24142000.0,12023000.0,130865653,37.7648038560172,-122.417450305921,SFPD-CROSSROADS,CITY STREET,10/13/2013 12:05:00 AM,2013 October 13,00:05:00,2013,October,Sunday,VAN NESS AVE,16TH ST,138.0,Clear,Fatal,Vehicle/Pedestrian,Pedestrian,Crossing Not in Crosswalk,Dry,No Unusual Condition,Dark - Street Lights,Midblock > 20ft,1.0,0,1.0,Pedestrian,West,Not Stated,Driver,North,Proceeding Straight,POINT (-122.41745 37.764805),53.0,3.0,2.0,20.0,00
50715,vw_geo_sfpd_cr_switrs_all_types_col_cty_union.fid-c18a0c2_186644fdb18_7d08,19213,26011000.000000004,,140025665,37.7703428967836,-122.436848942392,SFPD-CROSSROADS,CITY STREET,01/09/2014 05:53:00 PM,2014 January 09,17:53:00,2014,January,Thursday,DIVISADERO ST,WALLER ST,0.0,Clear,Injury (Complaint of Pain),Vehicle/Pedestrian,Pedestrian,Crossing in Crosswalk at Intersection,Dry,No Unusual Condition,Dark - Street Lights,Intersection <= 20ft,0.0,1,1.0,Pedestrian,East,Proceeding Straight,Driver,South,Proceeding Straight,POINT (-122.43685 37.770344),112.0,7.0,11.0,3.0,17
50716,vw_geo_sfpd_cr_switrs_all_types_col_cty_union.fid-c18a0c2_186644fdb18_76f6,58554,23953000.000000004,,220011071,37.7530040308727,-122.40633623814,SFPD-INTERIM DB,CITY STREET,01/06/2022 07:00:00 AM,2022 January 06,07:00:00,2022,January,Thursday,POTRERO AVE,24TH ST,0.0,Clear,Injury (Complaint of Pain),Vehicle/Pedestrian,Pedestrian,Crossing in Crosswalk at Intersection,Dry,No Unusual Condition,Dusk - Dawn,Intersection <= 20ft,0.0,1,1.0,Driver,South,Making Right Turn,Pedestrian,East,Proceeding Straight,POINT (-122.406334 37.753002),54.0,3.0,9.0,20.0,07
50721,vw_geo_sfpd_cr_switrs_all_types_col_cty_union.fid-c18a0c2_186644fdb18_7559,56780,25223000.0,,210713726,37.7884896430512,-122.421948584977,SFPD-INTERIM DB,CITY STREET,10/30/2021 01:45:00 AM,2021 October 30,01:45:00,2021,October,Saturday,VAN NESS AVE,BUSH ST,0.0,Clear,Injury (Other Visible),Vehicle/Pedestrian,Pedestrian,Crossing in Crosswalk at Intersection,Dry,No Unusual Condition,Dark - Street Lights,Intersection <= 20ft,0.0,1,1.0,Pedestrian,North,Proceeding Straight,Driver,East,Proceeding Straight,POINT (-122.42195 37.78849),100.0,4.0,6.0,39.0,01
50722,vw_geo_sfpd_cr_switrs_all_types_col_cty_union.fid-c18a0c2_18688566ec8_-7e73,34940,26688000.0,6508000.0,130279220,37.8006262850728,-122.42269639073,SFPD-CROSSROADS,CITY STREET,04/05/2013 08:24:00 PM,2013 April 05,20:24:00,2013,April,Friday,GREENWICH ST,POLK ST,5.0,Clear,Injury (Complaint of Pain),Vehicle/Pedestrian,Pedestrian,Crossing in Crosswalk at Intersection,Dry,No Unusual Condition,Dark - Street Lights,Intersection <= 20ft,0.0,1,1.0,Driver,South,Making Left Turn,Pedestrian,North,Not Stated,POINT (-122.4227 37.800625),107.0,4.0,6.0,32.0,20
50752,vw_geo_sfpd_cr_switrs_all_types_col_cty_union.fid-c18a0c2_18688566ec8_-7e7d,34758,26685000.0,,130188831,37.7994845326145,-122.424170564239,SFPD-CROSSROADS,CITY STREET,03/05/2013 09:30:00 PM,2013 March 05,21:30:00,2013,March,Tuesday,FILBERT ST,VAN NESS AVE,0.0,Raining,Injury (Complaint of Pain),Vehicle/Pedestrian,Pedestrian,Crossing in Crosswalk at Intersection,Wet,No Unusual Condition,Dark - Street Lights,Intersection <= 20ft,0.0,1,,Driver,East,Making Left Turn,Pedestrian,South,Proceeding Straight,POINT (-122.42417 37.799484),107.0,4.0,6.0,32.0,21
50755,vw_geo_sfpd_cr_switrs_all_types_col_cty_union.fid-c18a0c2_186644fdb18_753d,57053,24403000.0,,210697976,37.7698676980341,-122.422364818466,SFPD-INTERIM DB,CITY STREET,10/24/2021 11:57:00 PM,2021 October 24,23:57:00,2021,October,Sunday,VALENCIA ST,DUBOCE AVE,0.0,Raining,Injury (Complaint of Pain),Vehicle/Pedestrian,Pedestrian,Crossing in Crosswalk at Intersection,Wet,No Unusual Condition,Dark - Street Lights,Intersection <= 20ft,0.0,1,1.0,Driver,South,Making Left Turn,Pedestrian,East,Proceeding Straight,POINT (-122.42236 37.769867),53.0,3.0,2.0,20.0,23
50765,vw_geo_sfpd_cr_switrs_all_types_col_cty_union.fid-c18a0c2_18688566ec8_-7b1d,1169,21547000.0,5414000.0,130950486,37.7099540517017,-122.449318484902,SFPD-CROSSROADS,CITY STREET,11/09/2013 08:17:00 AM,2013 November 09,08:17:00,2013,November,Saturday,FARRAGUT AVE,MISSION ST,4.0,Clear,Injury (Complaint of Pain),Vehicle/Pedestrian,Pedestrian,Crossing in Crosswalk at Intersection,Dry,No Unusual Condition,Daylight,Intersection <= 20ft,0.0,1,1.0,Driver,East,Stopped In Road,Pedestrian,South,Not Stated,POINT (-122.44932 37.709953),66.0,9.0,1.0,28.0,08
50793,vw_geo_sfpd_cr_switrs_all_types_col_cty_union.fid-c18a0c2_18688566ec8_-7d0b,14881,23800000.0,12656000.0,130706223,37.7805892310345,-122.39054942916,SFPD-CROSSROADS,CITY STREET,08/24/2013 08:03:00 PM,2013 August 24,20:03:00,2013,August,Saturday,TOWNSEND ST,02ND ST,9.0,Clear,Injury (Complaint of Pain),Vehicle/Pedestrian,Pedestrian,Crossing in Crosswalk at Intersection,Dry,No Unusual Condition,Daylight,Intersection <= 20ft,0.0,1,1.0,Driver,East,Making Left Turn,Pedestrian,West,Proceeding Straight,POINT (-122.39055 37.78059),31.0,1.0,10.0,8.0,20
50795,vw_geo_sfpd_cr_switrs_all_types_col_cty_union.fid-c18a0c2_186644fdb18_7e9e,25560,24611000.0,9542000.0,130109893,37.7877892761392,-122.400919666123,SFPD-CROSSROADS,CITY STREET,02/07/2013 04:38:00 PM,2013 February 07,16:38:00,2013,February,Thursday,NEW MONTGOMERY ST,JESSIE ST,51.0,Cloudy,Injury (Other Visible),Vehicle/Pedestrian,Pedestrian,Crossing Not in Crosswalk,Dry,No Unusual Condition,Daylight,Midblock > 20ft,0.0,1,1.0,Pedestrian,East,Other,Driver,South,Proceeding Straight,POINT (-122.40092 37.78779),108.0,6.0,10.0,8.0,16
50800,vw_geo_sfpd_cr_switrs_all_types_col_cty_union.fid-c18a0c2_186644fdb18_75b1,27051,24568000.0,,130023889,37.7935086036109,-122.397608332604,SFPD-CROSSROADS,CITY STREET,01/09/2013 01:45:00 PM,2013 January 09,13:45:00,2013,January,Wednesday,DAVIS ST,CALIFORNIA ST,0.0,Raining,Injury (Complaint of Pain),Vehicle/Pedestrian,Pedestrian,Crossing in Crosswalk at Intersection,Wet,No Unusual Condition,Daylight,Intersection <= 20ft,0.0,1,,Driver,South,Making Right Turn,Pedestrian,East,Proceeding Straight,POINT (-122.397606 37.79351),108.0,6.0,3.0,8.0,13
50813,vw_geo_sfpd_cr_switrs_all_types_col_cty_union.fid-c18a0c2_18688566ec8_-7c03,938,50994000.0,6148101.0,130300615,37.7117192028382,-122.427875634596,SFPD-CROSSROADS,CITY STREET,04/12/2013 09:42:00 PM,2013 April 12,21:42:00,2013,April,Friday,GENEVA AVE,STONERIDGE LN,562.0,Clear,Injury (Other Visible),Vehicle/Pedestrian,Pedestrian,Crossing Not in Crosswalk,Dry,No Unusual Condition,Dark - Street Lights,Midblock > 20ft,0.0,1,1.0,Pedestrian,North,Entering Traffic,Driver,East,Proceeding Straight,POINT (-122.42788 37.71172),58.0,9.0,1.0,7.0,21
50814,vw_geo_sfpd_cr_switrs_all_types_col_cty_union.fid-c18a0c2_18688566ec8_-7e5d,21540,24464000.0,10955000.0,130417135,37.7807706951964,-122.4187282721,SFPD-CROSSROADS,CITY STREET,05/21/2013 07:44:00 AM,2013 May 21,07:44:00,2013,May,Tuesday,REDWOOD ST,POLK ST,6.0,Clear,Injury (Other Visible),Vehicle/Pedestrian,Pedestrian,Crossing in Crosswalk at Intersection,Dry,No Unusual Condition,Daylight,Intersection <= 20ft,0.0,1,1.0,Pedestrian,South,Proceeding Straight,Driver,West,Making Right Turn,POINT (-122.41873 37.78077),21.0,4.0,10.0,36.0,07
50825,vw_geo_sfpd_cr_switrs_all_types_col_cty_union.fid-c18a0c2_186644fdb18_7c5e,42113,27187000.0,7534000.0,130672646,37.7715700560409,-122.460808097488,SFPD-CROSSROADS,CITY STREET,08/14/2013 10:38:00 AM,2013 August 14,10:38:00,2013,August,Wednesday,JOHN F KENNEDY DR,CONSERVATORY DR WEST,366.0,Clear,Injury (Severe),Head-On,Pedestrian,Crossing Not in Crosswalk,Dry,No Unusual Condition,Daylight,Midblock > 20ft,0.0,2,1.0,Pedestrian,South,Proceeding Straight,Bicyclist,East,Proceeding Straight,POINT (-122.46081 37.77157),9.0,7.0,4.0,12.0,10
50827,vw_geo_sfpd_cr_switrs_all_types_col_cty_union.fid-c18a0c2_18688566ec8_-7de4,10463,24117000.0,1194000.0,130532589,37.7552421046499,-122.421898481293,SFPD-CROSSROADS,CITY STREET,06/29/2013 12:12:00 AM,2013 June 29,00:12:00,2013,June,Saturday,22ND ST,SAN JOSE AVE,134.0,Clear,Injury (Complaint of Pain),Vehicle/Pedestrian,Pedestrian,Crossing Not in Crosswalk,Dry,No Unusual Condition,Dark - Street Lights,Midblock > 20ft,0.0,1,1.0,Pedestrian,South,Proceeding Straight,Driver,East,Proceeding Straight,POINT (-122.4219 37.75524),52.0,3.0,5.0,20.0,00
50830,vw_geo_sfpd_cr_switrs_all_types_col_cty_union.fid-c18a0c2_186644fdb18_79cf,17027,30741000.0,8750203.0,140417896,37.780852757229,-122.412110715542,SFPD-CROSSROADS,CITY STREET,05/19/2014 09:00:00 AM,2014 May 19,09:00:00,2014,May,Monday,MARKET ST,JONES ST,40.0,Clear,Injury (Complaint of Pain),Sideswipe,Pedestrian,Crossing Not in Crosswalk,Dry,No Unusual Condition,Daylight,Midblock > 20ft,0.0,1,1.0,Pedestrian,South,Proceeding Straight,Driver,West,Proceeding Straight,POINT (-122.41211 37.780853),20.0,5.0,10.0,34.0,09
50842,vw_geo_sfpd_cr_switrs_all_types_col_cty_union.fid-c18a0c2_186644fdb18_7b47,58625,24326000.0,,220459318,37.7820730683235,-122.412220735952,SFPD-INTERIM DB,CITY STREET,07/12/2022 11:10:00 AM,2022 July 12,11:10:00,2022,July,Tuesday,GOLDEN GATE AVE,JONES ST,0.0,Clear,Injury (Complaint of Pain),Vehicle/Pedestrian,Pedestrian,Crossing in Crosswalk at Intersection,Dry,No Unusual Condition,Daylight,Intersection <= 20ft,0.0,1,1.0,Pedestrian,North,Other,Driver,East,Making Left Turn,POINT (-122.412224 37.782074),20.0,5.0,10.0,36.0,11
50848,vw_geo_sfpd_cr_switrs_all_types_col_cty_union.fid-c18a0c2_186644fdb18_7a2e,56257,26576000.0,,210460513,37.796991725,-122.428725403,SFPD-INTERIM DB,CITY STREET,07/21/2021 08:08:00 AM,2021 July 21,08:08:00,2021,July,Wednesday,OCTAVIA ST,GREEN ST,0.0,Cloudy,Injury (Complaint of Pain),Vehicle/Pedestrian,Pedestrian,Crossing in Crosswalk at Intersection,Dry,No Unusual Condition,Daylight,Intersection <= 20ft,0.0,1,1.0,Driver,South,Proceeding Straight,Pedestrian,West,Proceeding Straight,POINT (-122.42873 37.796993),15.0,4.0,6.0,13.0,08
50850,vw_geo_sfpd_cr_switrs_all_types_col_cty_union.fid-c18a0c2_186644fdb18_7442,55874,24216000.000000004,,210578730,37.7694111911,-122.410931088,SFPD-INTERIM DB,CITY STREET,09/08/2021 07:14:00 AM,2021 September 08,07:14:00,2021,September,Wednesday,13TH ST,BRYANT ST,0.0,Clear,Injury (Other Visible),Vehicle/Pedestrian,Pedestrian,Crossing in Crosswalk at Intersection,Dry,No Unusual Condition,Daylight,Intersection <= 20ft,0.0,1,1.0,Driver,East,Making Left Turn,Pedestrian,South,Proceeding Straight,POINT (-122.410934 37.769413),32.0,3.0,10.0,20.0,07
50852,vw_geo_sfpd_cr_switrs_all_types_col_cty_union.fid-c18a0c2_186644fdb18_7643,57103,23613000.0,,210819590,37.7525446831954,-122.392639386051,SFPD-INTERIM DB,CITY STREET,12/11/2021 04:48:00 PM,2021 December 11,16:48:00,2021,December,Saturday,25TH ST,PENNSYLVANIA AVE,0.0,Clear,Injury (Other Visible),Hit Object,Pedestrian,Not in Road,Dry,No Unusual Condition,Daylight,Intersection <= 20ft,0.0,1,1.0,Driver,East,Backing,Driver,West,Backing,POINT (-122.39264 37.752544),54.0,2.0,9.0,1.0,16
50874,vw_geo_sfpd_cr_switrs_all_types_col_cty_union.fid-c18a0c2_18688566ec8_-7f2a,7541,21306000.0,9128000.0,140275490,37.7487455226022,-122.418107011655,SFPD-CROSSROADS,CITY STREET,04/02/2014 09:00:00 PM,2014 April 02,21:00:00,2014,April,Wednesday,MISSION ST,26TH ST,108.0,Clear,Injury (Other Visible),Rear End,Pedestrian,"In Road, Including Shoulder",Dry,No Unusual Condition,Dark - Street Lights,Intersection Rear End <= 150ft,0.0,1,1.0,Driver,South,Backing,Pedestrian,North,Stopped In Road,POINT (-122.418106 37.748745),53.0,3.0,2.0,20.0,21
50879,vw_geo_sfpd_cr_switrs_all_types_col_cty_union.fid-c18a0c2_186644fdb18_7a05,59109,24923000.0,7564000.0,220557467,37.7826756476293,-122.412344363788,SFPD-INTERIM DB,CITY STREET,08/19/2022 09:20:00 AM,2022 August 19,09:20:00,2022,August,Friday,JONES ST,TURK ST,121.0,Clear,Injury (Complaint of Pain),Vehicle/Pedestrian,Pedestrian,Not in Road,Dry,No Unusual Condition,Daylight,Midblock > 20ft,0.0,1,1.0,Driver,South,Making Right Turn,Pedestrian,North,Stopped,POINT (-122.412346 37.782677),20.0,5.0,10.0,36.0,09
50883,vw_geo_sfpd_cr_switrs_all_types_col_cty_union.fid-c18a0c2_186644fdb18_7dbd,40775,27252000.0,,130974505,37.7664758949984,-122.466427953907,SFPD-CROSSROADS,CITY STREET,11/17/2013 11:29:00 AM,2013 November 17,11:29:00,2013,November,Sunday,09TH AVE,MARTIN LUTHER KING JR DR,0.0,Clear,Injury (Other Visible),Vehicle/Pedestrian,Pedestrian,"In Road, Including Shoulder",Dry,No Unusual Condition,Daylight,Intersection <= 20ft,0.0,1,1.0,Pedestrian,North,Other,Driver,East,Making Right Turn,POINT (-122.46643 37.766476),9.0,8.0,11.0,12.0,11
50885,vw_geo_sfpd_cr_switrs_all_types_col_cty_union.fid-c18a0c2_186644fdb18_7e8f,35508,26964000.0,10445000.0,160284120,37.8003942275088,-122.439505077846,SFPD-CROSSROADS,CITY STREET,04/06/2016 04:00:00 PM,2016 April 06,16:00:00,2016,April,Wednesday,PIERCE ST,CHESTNUT ST,3.0,Clear,Injury (Other Visible),Vehicle/Pedestrian,Pedestrian,Crossing in Crosswalk at Intersection,Dry,No Unusual Condition,Daylight,Intersection <= 20ft,0.0,1,1.0,Driver,South,Making Left Turn,Pedestrian,East,Proceeding Straight,POINT (-122.43951 37.800396),17.0,4.0,6.0,13.0,16
50888,vw_geo_sfpd_cr_switrs_all_types_col_cty_union.fid-c18a0c2_186644fdb18_7c53,32561,25276000.0,,170742099,37.7945673610734,-122.418112287336,SFPD-CROSSROADS,CITY STREET,09/11/2017 12:01:00 PM,2017 September 11,12:01:00,2017,September,Monday,HYDE ST,JACKSON ST,0.0,Clear,Injury (Complaint of Pain),Vehicle/Pedestrian,Pedestrian,Crossing in Crosswalk at Intersection,Dry,No Unusual Condition,Daylight,Intersection <= 20ft,0.0,1,,Driver,South,Making Left Turn,Pedestrian,East,Proceeding Straight,POINT (-122.41811 37.794567),16.0,6.0,3.0,32.0,12
50890,vw_geo_sfpd_cr_switrs_all_types_col_cty_union.fid-c18a0c2_186644fdb18_7bcd,1432,21485000.0,,130233163,37.7157534455984,-122.441554284612,SFPD-CROSSROADS,CITY STREET,03/21/2013 06:45:00 AM,2013 March 21,06:45:00,2013,March,Thursday,MISSION ST,ROLPH ST,0.0,Clear,Injury (Other Visible),Vehicle/Pedestrian,Pedestrian,Crossing in Crosswalk at Intersection,Dry,No Unusual Condition,Dusk - Dawn,Intersection <= 20ft,0.0,1,1.0,Driver,North,Proceeding Straight,Pedestrian,West,Not Stated,POINT (-122.44155 37.71575),58.0,9.0,1.0,7.0,06
50891,vw_geo_sfpd_cr_switrs_all_types_col_cty_union.fid-c18a0c2_186644fdb18_7a4e,59030,24572000.0,12554101.0,220504985,37.7969254112572,-122.395783074395,SFPD-INTERIM DB,CITY STREET,07/29/2022 09:16:00 PM,2022 July 29,21:16:00,2022,July,Friday,THE EMBARCADERO,WASHINGTON ST,153.0,Cloudy,Injury (Complaint of Pain),Vehicle/Pedestrian,Pedestrian,Crossing Not in Crosswalk,Wet,No Unusual Condition,Dark - Street Lights,Midblock > 20ft,0.0,1,1.0,Pedestrian,West,Proceeding Straight,Driver,North,Proceeding Straight,POINT (-122.39578 37.796925),77.0,6.0,3.0,8.0,21
50892,vw_geo_sfpd_cr_switrs_all_types_col_cty_union.fid-c18a0c2_18688566ec8_-7d1f,36025,35066000.0,7458002.0,130687689,37.8079783645529,-122.417718709277,SFPD-CROSSROADS,CITY STREET,08/18/2013 09:32:00 PM,2013 August 18,21:32:00,2013,August,Sunday,JEFFERSON ST,JONES ST,80.0,Clear,Injury (Other Visible),Vehicle/Pedestrian,Pedestrian,Crossing in Crosswalk Not at Intersection,Dry,No Unusual Condition,Dark - Street Lights,Midblock > 20ft,0.0,1,1.0,Driver,North,Making Right Turn,Pedestrian,West,Proceeding Straight,POINT (-122.41772 37.80798),99.0,6.0,3.0,23.0,21
50894,vw_geo_sfpd_cr_switrs_all_types_col_cty_union.fid-c18a0c2_18688566ec8_-7b71,2202,52261000.0,19286000.0,130925661,37.721094542792,-122.447759332741,SFPD-CROSSROADS,CITY STREET,10/31/2013 08:05:00 PM,2013 October 31,20:05:00,2013,October,Thursday,I-280 N ON RAMP,GENEVA AVE,22.0,Clear,Injury (Other Visible),Vehicle/Pedestrian,Pedestrian,Crossing Not in Crosswalk,Dry,No Unusual Condition,Dark - Street Lights,Midblock > 20ft,0.0,1,1.0,Pedestrian,East,Not Stated,Driver,South,Proceeding Straight,POINT (-122.44776 37.721096),80.0,9.0,1.0,28.0,20
50898,vw_geo_sfpd_cr_switrs_all_types_col_cty_union.fid-c18a0c2_186644fdb18_7afc,58588,22059000.000000004,,220623961,37.7196208485071,-122.442551534054,SFPD-INTERIM DB,CITY STREET,09/13/2022 08:41:00 AM,2022 September 13,08:41:00,2022,September,Tuesday,SENECA AVE,CAYUGA AVE,0.0,Clear,Injury (Complaint of Pain),Vehicle/Pedestrian,Pedestrian,Crossing in Crosswalk at Intersection,Dry,No Unusual Condition,Daylight,Intersection <= 20ft,0.0,1,2.0,Driver,East,Making Left Turn,Pedestrian,North,Proceeding Straight,POINT (-122.44255 37.71962),80.0,9.0,1.0,28.0,08
50913,vw_geo_sfpd_cr_switrs_all_types_col_cty_union.fid-c18a0c2_18688566ec8_-7b4c,21611,24468000.0,,130930159,37.7810308421747,-122.420439517708,SFPD-CROSSROADS,CITY STREET,11/02/2013 06:30:00 AM,2013 November 02,06:30:00,2013,November,Saturday,VAN NESS AVE,GOLDEN GATE AVE,0.0,Clear,Injury (Other Visible),Vehicle/Pedestrian,Pedestrian,Crossing in Crosswalk at Intersection,Dry,No Unusual Condition,Dark - Street Lights,Intersection <= 20ft,0.0,1,1.0,Pedestrian,East,Proceeding Straight,Driver,North,Proceeding Straight,POINT (-122.42044 37.781033),100.0,4.0,10.0,36.0,06
50923,vw_geo_sfpd_cr_switrs_all_types_col_cty_union.fid-c18a0c2_18688566ec8_-7f60,6494,33364000.000000004,2488201.0,160773941,37.7482465438344,-122.416248907975,SFPD-CROSSROADS,CITY STREET,09/23/2016 07:30:00 PM,2016 September 23,19:30:00,2016,September,Friday,CESAR CHAVEZ ST,VAN NESS AVE,111.0,Clear,Injury (Severe),Vehicle/Pedestrian,Pedestrian,Crossing Not in Crosswalk,Dry,No Unusual Condition,Dusk - Dawn,Midblock > 20ft,0.0,1,1.0,Pedestrian,North,Other,Driver,West,Proceeding Straight,POINT (-122.41625 37.748245),53.0,3.0,2.0,2.0,19
50929,vw_geo_sfpd_cr_switrs_all_types_col_cty_union.fid-c18a0c2_186644fdb18_7bbc,24383,24334000.0,,170649019,37.781863339059,-122.413865604238,SFPD-CROSSROADS,CITY STREET,08/09/2017 10:40:00 AM,2017 August 09,10:40:00,2017,August,Wednesday,GOLDEN GATE AVE,LEAVENWORTH ST,0.0,Clear,Injury (Other Visible),Vehicle/Pedestrian,Pedestrian,Crossing in Crosswalk at Intersection,Dry,No Unusual Condition,Daylight,Intersection <= 20ft,0.0,1,1.0,Driver,East,Making Left Turn,Pedestrian,West,Proceeding Straight,POINT (-122.413864 37.781864),20.0,5.0,10.0,36.0,10
50931,vw_geo_sfpd_cr_switrs_all_types_col_cty_union.fid-c18a0c2_186644fdb18_7c93,34889,26749000.0,,140185247,37.799628199392,-122.434319172466,SFPD-CROSSROADS,CITY STREET,03/04/2014 10:49:00 AM,2014 March 04,10:49:00,2014,March,Tuesday,MOULTON ST,WEBSTER ST,0.0,Cloudy,Injury (Other Visible),Vehicle/Pedestrian,Pedestrian,Crossing in Crosswalk at Intersection,Dry,No Unusual Condition,Daylight,Intersection <= 20ft,0.0,1,1.0,Driver,West,Making Right Turn,Pedestrian,South,Proceeding Straight,POINT (-122.43432 37.79963),15.0,4.0,6.0,13.0,10
50935,vw_geo_sfpd_cr_switrs_all_types_col_cty_union.fid-c18a0c2_18688566ec8_-7bad,3396,20213000.0,8924000.0,130903952,37.7364768075517,-122.390303073895,SFPD-CROSSROADS,CITY STREET,10/24/2013 05:00:00 PM,2013 October 24,17:00:00,2013,October,Thursday,MCKINNON AVE,03RD ST,55.0,Clear,Injury (Other Visible),Vehicle/Pedestrian,Pedestrian,"In Road, Including Shoulder",Dry,No Unusual Condition,Dark - Street Lights,Midblock > 20ft,0.0,1,1.0,Driver,East,Proceeding Straight,Pedestrian,North,Stopped In Road,POINT (-122.390305 37.736477),86.0,2.0,9.0,1.0,17