,id,unique_id,cnn_intrsctn_fkey,cnn_sgmt_fkey,case_id_pkey,tb_latitude,tb_longitude,geocode_source,geocode_location,collision_datetime,collision_date,collision_time,accident_year,month,day_of_week,primary_rd,secondary_rd,distance,weather_1,collision_severity,type_of_collision,mviw,ped_action,road_surface,road_cond_1,lighting,intersection,number_killed,number_injured,party_at_fault,party1_type,party1_dir_of_travel,party1_move_pre_acc,party2_type,party2_dir_of_travel,party2_move_pre_acc,point,Neighborhoods,Current Police Districts,Current Supervisor Districts,Analysis Neighborhoods,hour
50936,vw_geo_sfpd_cr_switrs_all_types_col_cty_union.fid-c18a0c2_186644fdb18_7ca2,2090,21744000.0,,170601718,37.7231299634425,-122.435976888457,SFPD-CROSSROADS,CITY STREET,07/24/2017 07:40:00 AM,2017 July 24,07:40:00,2017,July,Monday,PERSIA AVE,MISSION ST,0.0,Clear,Injury (Other Visible),Vehicle/Pedestrian,Pedestrian,Crossing in Crosswalk at Intersection,Dry,No Unusual Condition,Daylight,Intersection <= 20ft,0.0,1,1.0,Driver,East,Making Right Turn,Pedestrian,North,Proceeding Straight,POINT (-122.435974 37.72313),90.0,9.0,1.0,7.0,07
50937,vw_geo_sfpd_cr_switrs_all_types_col_cty_union.fid-c18a0c2_186644fdb18_796c,12670,25806000.0,,141016940,37.7658679861215,-122.43102547073,SFPD-CROSSROADS,CITY STREET,12/02/2014 11:58:00 AM,2014 December 02,11:58:00,2014,December,Tuesday,MARKET ST,SANCHEZ ST,0.0,Raining,Injury (Complaint of Pain),Vehicle/Pedestrian,Pedestrian,Crossing Not in Crosswalk,Wet,No Unusual Condition,Daylight,Intersection <= 20ft,0.0,1,1.0,Driver,East,Proceeding Straight,Pedestrian,North,Proceeding Straight,POINT (-122.43102 37.76587),37.0,3.0,5.0,5.0,11
50941,vw_geo_sfpd_cr_switrs_all_types_col_cty_union.fid-c18a0c2_18688566ec8_-7f20,926,54065000.0,6148204.0,130174664,37.7109106893276,-122.426172254799,SFPD-CROSSROADS,CITY STREET,03/01/2013 08:55:00 AM,2013 March 01,08:55:00,2013,March,Friday,GENEVA AVE,STONERIDGE LN,11.0,Clear,Injury (Severe),Vehicle/Pedestrian,Pedestrian,Crossing in Crosswalk at Intersection,Dry,No Unusual Condition,Daylight,Intersection <= 20ft,0.0,2,1.0,Bicyclist,East,Proceeding Straight,Pedestrian,North,Backing,POINT (-122.42617 37.71091),58.0,9.0,1.0,7.0,08
50942,vw_geo_sfpd_cr_switrs_all_types_col_cty_union.fid-c18a0c2_186644fdb18_7e1d,42011,32854000.0,12013000.0,160492282,37.7699879723412,-122.469428115929,SFPD-CROSSROADS,CITY STREET,06/17/2016 01:23:00 PM,2016 June 17,13:23:00,2016,June,Friday,HAGIWARA TEA GARDEN DR,MARTIN LUTHER KING JR DR,300.0,Clear,Injury (Other Visible),Vehicle/Pedestrian,Pedestrian,Crossing in Crosswalk Not at Intersection,Dry,No Unusual Condition,Daylight,Midblock > 20ft,0.0,2,1.0,Driver,South,Proceeding Straight,Pedestrian,West,Proceeding Straight,POINT (-122.46943 37.76999),9.0,8.0,4.0,12.0,13
50963,vw_geo_sfpd_cr_switrs_all_types_col_cty_union.fid-c18a0c2_186644fdb18_7af8,58884,33049000.0,4372000.0,220607410,37.753046609349,-122.399505886439,SFPD-INTERIM DB,CITY STREET,09/07/2022 07:40:00 AM,2022 September 07,07:40:00,2022,September,Wednesday,CORAL RD,CAROLINA ST,22.0,Clear,Injury (Complaint of Pain),Head-On,Pedestrian,"In Road, Including Shoulder",Dry,No Unusual Condition,Daylight,Midblock > 20ft,0.0,1,1.0,Pedestrian,North,Other,Driver,East,Proceeding Straight,POINT (-122.399506 37.753048),54.0,2.0,9.0,26.0,07
50965,vw_geo_sfpd_cr_switrs_all_types_col_cty_union.fid-c18a0c2_186644fdb18_798f,59259,26062000.000000004,,220667737,37.7791448786849,-122.43524101283,SFPD-INTERIM DB,CITY STREET,09/29/2022 03:44:00 PM,2022 September 29,15:44:00,2022,September,Thursday,PIERCE ST,GOLDEN GATE AVE,0.0,Clear,Injury (Other Visible),Vehicle/Pedestrian,Pedestrian,Crossing in Crosswalk at Intersection,Dry,No Unusual Condition,Daylight,Intersection <= 20ft,0.0,1,1.0,Pedestrian,North,Entering Traffic,Driver,East,Proceeding Straight,POINT (-122.43524 37.779144),97.0,4.0,11.0,39.0,15
50987,vw_geo_sfpd_cr_switrs_all_types_col_cty_union.fid-c18a0c2_186644fdb18_755d,57030,21740000.0,,210713130,37.7248407624128,-122.437010758619,SFPD-INTERIM DB,CITY STREET,10/30/2021 07:37:00 PM,2021 October 30,19:37:00,2021,October,Saturday,ALEMANY BLVD,SAN JUAN AVE,0.0,Cloudy,Injury (Complaint of Pain),Vehicle/Pedestrian,Pedestrian,Crossing in Crosswalk at Intersection,Dry,No Unusual Condition,Dark - Street Lights,Intersection <= 20ft,0.0,1,1.0,Pedestrian,West,Other,Driver,North,Parked,POINT (-122.43701 37.724842),94.0,9.0,1.0,28.0,19
50998,vw_geo_sfpd_cr_switrs_all_types_col_cty_union.fid-c18a0c2_186644fdb18_74b8,56430,24048000.0,717000.0,210649187,37.7656014869121,-122.410559073704,SFPD-INTERIM DB,CITY STREET,10/05/2021 08:25:00 PM,2021 October 05,20:25:00,2021,October,Tuesday,16TH ST,BRYANT ST,21.0,Clear,Injury (Complaint of Pain),Vehicle/Pedestrian,Pedestrian,Crossing Not in Crosswalk,Dry,No Unusual Condition,Dark - Street Lights Not Functioning,Midblock > 20ft,0.0,1,1.0,Pedestrian,North,Other,Driver,East,Making Left Turn,POINT (-122.41056 37.765602),53.0,3.0,2.0,20.0,20
51004,vw_geo_sfpd_cr_switrs_all_types_col_cty_union.fid-c18a0c2_186644fdb18_74e2,56712,24941000.0,6112000.0,210667101,37.786937087325,-122.411536295578,SFPD-INTERIM DB,CITY STREET,10/12/2021 05:01:00 PM,2021 October 12,17:01:00,2021,October,Tuesday,GEARY ST,TAYLOR ST,6.0,Clear,Injury (Complaint of Pain),Vehicle/Pedestrian,Pedestrian,Crossing in Crosswalk at Intersection,Dry,No Unusual Condition,Daylight,Intersection <= 20ft,0.0,1,1.0,Driver,West,Making Left Turn,Pedestrian,South,Proceeding Straight,POINT (-122.41154 37.786938),50.0,6.0,3.0,36.0,17
51011,vw_geo_sfpd_cr_switrs_all_types_col_cty_union.fid-c18a0c2_18688566ec8_-7eac,306,20404000.0,,130332840,37.7096948678585,-122.415955915632,SFPD-CROSSROADS,CITY STREET,04/23/2013 05:30:00 PM,2013 April 23,17:30:00,2013,April,Tuesday,SAWYER ST,SUNRISE WAY,0.0,Clear,Injury (Complaint of Pain),Vehicle/Pedestrian,Pedestrian,Crossing in Crosswalk at Intersection,Dry,No Unusual Condition,Daylight,Intersection <= 20ft,0.0,1,1.0,Pedestrian,East,Proceeding Straight,Driver,South,Proceeding Straight,POINT (-122.415955 37.709694),75.0,9.0,9.0,40.0,17
51015,vw_geo_sfpd_cr_switrs_all_types_col_cty_union.fid-c18a0c2_18688566ec8_-7c48,2286,22095000.000000004,,180947104,37.7200867047305,-122.445127872644,SFPD-INTERIM DB,CITY STREET,12/16/2018 08:30:00 PM,2018 December 16,20:30:00,2018,December,Sunday,GENEVA AVE,DELANO AVE,0.0,Raining,Injury (Complaint of Pain),Vehicle/Pedestrian,Pedestrian,Crossing in Crosswalk at Intersection,Wet,No Unusual Condition,Dark - Street Lights,Intersection <= 20ft,0.0,1,,Driver,East,Making Right Turn,Pedestrian,East,Proceeding Straight,POINT (-122.44513 37.720085),80.0,9.0,1.0,28.0,20
51019,vw_geo_sfpd_cr_switrs_all_types_col_cty_union.fid-c18a0c2_186644fdb18_7b09,58612,22755000.0,9838101.0,220643022,37.7272883451688,-122.466821448012,SFPD-INTERIM DB,CITY STREET,09/20/2022 04:06:00 PM,2022 September 20,16:06:00,2022,September,Tuesday,OCEAN AVE,WESTGATE DR,46.0,Clear,Injury (Other Visible),Vehicle/Pedestrian,Pedestrian,Crossing Not in Crosswalk,Dry,No Unusual Condition,Daylight,Midblock > 20ft,0.0,1,1.0,Pedestrian,South,Not Stated,Driver,West,Proceeding Straight,POINT (-122.46682 37.727287),67.0,10.0,8.0,41.0,16
51022,vw_geo_sfpd_cr_switrs_all_types_col_cty_union.fid-c18a0c2_18688566ec8_-7c95,40908,27366000.0,,140813727,37.7616993748913,-122.477010886793,SFPD-CROSSROADS,CITY STREET,09/26/2014 08:40:00 PM,2014 September 26,20:40:00,2014,September,Friday,JUDAH ST,19TH AVE,0.0,Clear,Injury (Other Visible),Vehicle/Pedestrian,Pedestrian,Crossing Not in Crosswalk,Dry,No Unusual Condition,Dark - Street Lights,Intersection <= 20ft,0.0,1,1.0,Pedestrian,South,Proceeding Straight,Driver,East,Proceeding Straight,POINT (-122.47701 37.7617),109.0,10.0,7.0,14.0,20
51035,vw_geo_sfpd_cr_switrs_all_types_col_cty_union.fid-c18a0c2_186644fdb18_7623,56890,23946000.0,,210806989,37.7797389057742,-122.407159488403,SFPD-INTERIM DB,CITY STREET,12/06/2021 10:39:00 PM,2021 December 06,22:39:00,2021,December,Monday,HOWARD ST,06TH ST,0.0,Raining,Injury (Complaint of Pain),Vehicle/Pedestrian,Pedestrian,Crossing Not in Crosswalk,Wet,No Unusual Condition,Dark - Street Lights,Intersection <= 20ft,0.0,1,,Driver,West,Proceeding Straight,Pedestrian,South,Entering Traffic,POINT (-122.40716 37.77974),32.0,1.0,10.0,34.0,22
51043,vw_geo_sfpd_cr_switrs_all_types_col_cty_union.fid-c18a0c2_18688566ec8_-7f40,41509,27924000.0,,130136181,37.7529641107159,-122.505405788507,SFPD-CROSSROADS,CITY STREET,02/21/2013 10:48:00 AM,2013 February 21,10:48:00,2013,February,Thursday,46TH AVE,NORIEGA ST,0.0,Clear,Injury (Other Visible),Vehicle/Pedestrian,Pedestrian,Crossing in Crosswalk at Intersection,Dry,No Unusual Condition,Daylight,Intersection <= 20ft,0.0,1,1.0,Driver,South,Making Right Turn,Pedestrian,East,Other,POINT (-122.50541 37.752964),39.0,10.0,7.0,35.0,10
51049,vw_geo_sfpd_cr_switrs_all_types_col_cty_union.fid-c18a0c2_186644fdb18_7a12,58931,25197000.000000004,,220663553,37.785685802006,-122.421393307554,SFPD-INTERIM DB,CITY STREET,09/26/2022 06:26:00 AM,2022 September 26,06:26:00,2022,September,Monday,VAN NESS AVE,GEARY ST,0.0,Clear,Injury (Complaint of Pain),Vehicle/Pedestrian,Pedestrian,Crossing in Crosswalk at Intersection,Dry,No Unusual Condition,Dusk - Dawn,Intersection <= 20ft,0.0,1,1.0,Driver,West,Making Right Turn,Pedestrian,South,Proceeding Straight,POINT (-122.421394 37.785686),100.0,4.0,11.0,39.0,06
51055,vw_geo_sfpd_cr_switrs_all_types_col_cty_union.fid-c18a0c2_18688566ec8_-7fca,19449,26026000.0,6612000.0,150625772,37.7712614372638,-122.437092833377,SFPD-CROSSROADS,CITY STREET,07/18/2015 05:41:00 PM,2015 July 18,17:41:00,2015,July,Saturday,HAIGHT ST,DIVISADERO ST,14.0,Clear,Injury (Other Visible),Sideswipe,Pedestrian,"In Road, Including Shoulder",Dry,No Unusual Condition,Daylight,Intersection <= 20ft,0.0,1,1.0,Pedestrian,South,Making Right Turn,Driver,West,Proceeding Straight,POINT (-122.437096 37.771263),112.0,4.0,11.0,3.0,17
51060,vw_geo_sfpd_cr_switrs_all_types_col_cty_union.fid-c18a0c2_18688566ec8_-7d5f,22243,26049000.0,5072000.0,130645217,37.7813211732128,-122.433170004183,SFPD-CROSSROADS,CITY STREET,08/05/2013 09:33:00 AM,2013 August 05,09:33:00,2013,August,Monday,EDDY ST,FILLMORE ST,246.0,Clear,Injury (Complaint of Pain),Vehicle/Pedestrian,Pedestrian,Not in Road,Dry,No Unusual Condition,Daylight,Midblock > 20ft,0.0,1,1.0,Driver,South,Backing,Pedestrian,East,Proceeding Straight,POINT (-122.43317 37.781322),97.0,4.0,11.0,39.0,09
51062,vw_geo_sfpd_cr_switrs_all_types_col_cty_union.fid-c18a0c2_18688566ec8_-7bd8,17150,30742000.0,8750101.0,130881405,37.7805555484959,-122.412345556434,SFPD-CROSSROADS,CITY STREET,10/18/2013 12:14:00 AM,2013 October 18,00:14:00,2013,October,Friday,MARKET ST,07TH ST,54.0,Clear,Injury (Complaint of Pain),Vehicle/Pedestrian,Pedestrian,Not in Road,Dry,No Unusual Condition,Dark - Street Lights,Midblock > 20ft,0.0,1,1.0,Pedestrian,North,Not Stated,Driver,West,Proceeding Straight,POINT (-122.412346 37.780556),32.0,5.0,10.0,34.0,00
51065,vw_geo_sfpd_cr_switrs_all_types_col_cty_union.fid-c18a0c2_186644fdb18_776e,58652,24469000.0,13147101.0,220540995,37.7804298985099,-122.420390351664,SFPD-INTERIM DB,CITY STREET,08/12/2022 08:13:00 PM,2022 August 12,20:13:00,2022,August,Friday,VAN NESS AVE,MCALLISTER ST,138.0,Clear,Fatal,Vehicle/Pedestrian,Pedestrian,Crossing in Crosswalk at Intersection,Dry,No Unusual Condition,Daylight,Midblock > 20ft,1.0,0,1.0,Pedestrian,East,Not Stated,Driver,South,Proceeding Straight,POINT (-122.42039 37.78043),21.0,4.0,10.0,36.0,20
51081,vw_geo_sfpd_cr_switrs_all_types_col_cty_union.fid-c18a0c2_186644fdb18_7d24,38886,22992000.0,,170616472,37.7432399630791,-122.471356832902,SFPD-CROSSROADS,CITY STREET,07/29/2017 12:20:00 PM,2017 July 29,12:20:00,2017,July,Saturday,TARAVAL ST,15TH AVE,0.0,Clear,Injury (Complaint of Pain),Vehicle/Pedestrian,Pedestrian,Crossing in Crosswalk at Intersection,Dry,No Unusual Condition,Daylight,Intersection <= 20ft,0.0,1,1.0,Driver,West,Making Left Turn,Pedestrian,South,Other,POINT (-122.47136 37.74324),44.0,10.0,8.0,41.0,12
51095,vw_geo_sfpd_cr_switrs_all_types_col_cty_union.fid-c18a0c2_18688566ec8_-7d7f,40891,27365000.0,,130137593,37.7617471512705,-122.475924092386,SFPD-CROSSROADS,CITY STREET,02/16/2013 07:54:00 PM,2013 February 16,19:54:00,2013,February,Saturday,JUDAH ST,18TH AVE,0.0,Clear,Injury (Complaint of Pain),Vehicle/Pedestrian,Pedestrian,Crossing in Crosswalk at Intersection,Dry,No Unusual Condition,Dark - Street Lights,Intersection <= 20ft,0.0,1,1.0,Driver,North,Making Left Turn,Pedestrian,East,Proceeding Straight,POINT (-122.47592 37.761745),109.0,10.0,7.0,14.0,19
51099,vw_geo_sfpd_cr_switrs_all_types_col_cty_union.fid-c18a0c2_186644fdb18_7422,55835,33313000.0,11923000.0,210559536,37.7321309675,-122.406606859,SFPD-INTERIM DB,CITY STREET,08/31/2021 04:00:00 PM,2021 August 31,16:00:00,2021,August,Tuesday,SILVER AVE,GIRARD ST,10.0,Clear,Injury (Other Visible),Vehicle/Pedestrian,Pedestrian,Crossing in Crosswalk at Intersection,Dry,No Unusual Condition,Daylight,Intersection <= 20ft,0.0,1,1.0,Driver,East,Proceeding Straight,Pedestrian,South,Other,POINT (-122.40661 37.732132),91.0,2.0,2.0,25.0,16
51102,vw_geo_sfpd_cr_switrs_all_types_col_cty_union.fid-c18a0c2_186644fdb18_7752,55991,23710000.0,,212153260,37.7545705553,-122.401589389,SFPD-INTERIM DB,CITY STREET,08/03/2021 08:36:00 PM,2021 August 03,20:36:00,2021,August,Tuesday,23RD ST,RHODE ISLAND ST,0.0,Clear,Injury (Other Visible),Vehicle/Pedestrian,Pedestrian,"In Road, Including Shoulder",Dry,Construction or Repair Zone,Dark - No Street Lights,Intersection <= 20ft,0.0,1,1.0,Driver,East,Proceeding Straight,Pedestrian,East,Other,POINT (-122.40159 37.75457),54.0,2.0,9.0,26.0,20
51111,vw_geo_sfpd_cr_switrs_all_types_col_cty_union.fid-c18a0c2_186644fdb18_750a,56957,27067000.0,7278000.0,210683066,37.7643967374939,-122.458110720811,SFPD-INTERIM DB,CITY STREET,10/18/2021 02:55:00 PM,2021 October 18,14:55:00,2021,October,Monday,IRVING ST,02ND AVE,204.0,Clear,Injury (Other Visible),Sideswipe,Pedestrian,Crossing Not in Crosswalk,Dry,No Unusual Condition,Daylight,Midblock > 20ft,0.0,1,1.0,Driver,West,Proceeding Straight,Pedestrian,North,Proceeding Straight,POINT (-122.45811 37.764397),109.0,7.0,11.0,14.0,14
51143,vw_geo_sfpd_cr_switrs_all_types_col_cty_union.fid-c18a0c2_186644fdb18_792c,58622,24957000.000000004,,220671493,37.789739907598,-122.41207586824,SFPD-INTERIM DB,CITY STREET,09/30/2022 10:19:00 PM,2022 September 30,22:19:00,2022,September,Friday,BUSH ST,TAYLOR ST,0.0,Clear,Injury (Other Visible),Vehicle/Pedestrian,Pedestrian,"In Road, Including Shoulder",Dry,No Unusual Condition,Dark - Street Lights,Intersection <= 20ft,0.0,1,1.0,Pedestrian,West,Other,Driver,East,Proceeding Straight,POINT (-122.41208 37.78974),50.0,6.0,3.0,21.0,22
51145,vw_geo_sfpd_cr_switrs_all_types_col_cty_union.fid-c18a0c2_186644fdb18_7679,56631,23418000.0,,210843583,37.7478171215597,-122.494836748965,SFPD-INTERIM DB,CITY STREET,12/21/2021 05:33:00 PM,2021 December 21,17:33:00,2021,December,Tuesday,QUINTARA ST,SUNSET BLVD,0.0,Raining,Injury (Complaint of Pain),Vehicle/Pedestrian,Pedestrian,Crossing in Crosswalk at Intersection,Wet,No Unusual Condition,Dark - Street Lights,Intersection <= 20ft,0.0,1,1.0,Driver,West,Making Left Turn,Pedestrian,West,Proceeding Straight,POINT (-122.494835 37.747818),39.0,10.0,7.0,35.0,17
51147,vw_geo_sfpd_cr_switrs_all_types_col_cty_union.fid-c18a0c2_18688566ec8_-7ef9,14882,23800000.0,,130252828,37.7806067572009,-122.390527233918,SFPD-CROSSROADS,CITY STREET,03/27/2013 01:18:00 PM,2013 March 27,13:18:00,2013,March,Wednesday,02ND ST,TOWNSEND ST,0.0,Clear,Injury (Complaint of Pain),Vehicle/Pedestrian,Pedestrian,Crossing in Crosswalk at Intersection,Dry,No Unusual Condition,Daylight,Intersection <= 20ft,0.0,1,,Driver,West,Making Left Turn,Pedestrian,South,Proceeding Straight,POINT (-122.390526 37.780605),31.0,1.0,10.0,4.0,13
51148,vw_geo_sfpd_cr_switrs_all_types_col_cty_union.fid-c18a0c2_186644fdb18_7bb7,321,20372000.0,,150084463,37.7122062222221,-122.4106407952,SFPD-CROSSROADS,CITY STREET,01/28/2015 07:42:00 AM,2015 January 28,07:42:00,2015,January,Wednesday,VISITACION AVE,SCHWERIN ST,0.0,Clear,Injury (Other Visible),Vehicle/Pedestrian,Pedestrian,Crossing in Crosswalk at Intersection,Dry,No Unusual Condition,Daylight,Intersection <= 20ft,0.0,1,1.0,Driver,East,Proceeding Straight,Pedestrian,North,Proceeding Straight,POINT (-122.410645 37.712208),75.0,9.0,9.0,40.0,07
51166,vw_geo_sfpd_cr_switrs_all_types_col_cty_union.fid-c18a0c2_186644fdb18_7c1c,17170,24439000.0,8892000.0,130411450,37.7805587186169,-122.416582017968,SFPD-CROSSROADS,CITY STREET,05/19/2013 11:32:00 AM,2013 May 19,11:32:00,2013,May,Sunday,MCALLISTER ST,LARKIN ST,112.0,Clear,Injury (Other Visible),Vehicle/Pedestrian,Pedestrian,"In Road, Including Shoulder",Dry,No Unusual Condition,Daylight,Midblock > 20ft,0.0,1,1.0,Pedestrian,South,Other,Driver,East,Backing,POINT (-122.41658 37.78056),21.0,5.0,10.0,36.0,11
51167,vw_geo_sfpd_cr_switrs_all_types_col_cty_union.fid-c18a0c2_186644fdb18_7ea3,43439,27299000.0,,140843081,37.7788006117123,-122.470567616213,SFPD-CROSSROADS,CITY STREET,10/06/2014 01:06:00 PM,2014 October 06,13:06:00,2014,October,Monday,ANZA ST,12TH AVE,0.0,Clear,Injury (Complaint of Pain),Vehicle/Pedestrian,Pedestrian,Crossing in Crosswalk at Intersection,Dry,No Unusual Condition,Daylight,Intersection <= 20ft,0.0,1,1.0,Driver,West,Proceeding Straight,Pedestrian,North,Proceeding Straight,POINT (-122.470566 37.7788),5.0,8.0,4.0,11.0,13
51170,vw_geo_sfpd_cr_switrs_all_types_col_cty_union.fid-c18a0c2_186644fdb18_7b7c,54552,26840000.0,,210082521,37.7853702645,-122.44642171,SFPD-INTERIM DB,CITY STREET,02/05/2021 06:16:00 PM,2021 February 05,18:16:00,2021,February,Friday,BUSH ST,PRESIDIO AVE,0.0,Clear,Injury (Complaint of Pain),Vehicle/Pedestrian,Pedestrian,Crossing in Crosswalk at Intersection,Dry,No Unusual Condition,Dark - Street Lights,Intersection <= 20ft,0.0,1,1.0,Driver,East,Making Left Turn,Pedestrian,South,Proceeding Straight,POINT (-122.44642 37.78537),11.0,8.0,6.0,31.0,18
51177,vw_geo_sfpd_cr_switrs_all_types_col_cty_union.fid-c18a0c2_18688566ec8_-7cfc,35545,26977000.000000004,3982000.0,130718632,37.8000267660555,-122.442462453423,SFPD-CROSSROADS,CITY STREET,08/28/2013 08:12:00 PM,2013 August 28,20:12:00,2013,August,Wednesday,CHESTNUT ST,DIVISADERO ST,112.0,Clear,Injury (Complaint of Pain),Vehicle/Pedestrian,Pedestrian,"In Road, Including Shoulder",Dry,No Unusual Condition,Dark - Street Lights,Midblock > 20ft,0.0,1,1.0,Pedestrian,South,Entering Traffic,Driver,West,Proceeding Straight,POINT (-122.44246 37.800026),17.0,4.0,6.0,13.0,20
51178,vw_geo_sfpd_cr_switrs_all_types_col_cty_union.fid-c18a0c2_18688566ec8_-7e16,28238,24751000.0,,130482235,37.7924507524013,-122.405938119179,SFPD-CROSSROADS,CITY STREET,06/11/2013 08:45:00 PM,2013 June 11,20:45:00,2013,June,Tuesday,CALIFORNIA ST,GRANT AVE,0.0,Clear,Injury (Complaint of Pain),Vehicle/Pedestrian,Pedestrian,Crossing in Crosswalk at Intersection,Dry,No Unusual Condition,Dark - Street Lights,Intersection <= 20ft,0.0,1,1.0,Driver,West,Proceeding Straight,Pedestrian,North,Proceeding Straight,POINT (-122.40594 37.79245),104.0,6.0,3.0,8.0,20
51179,vw_geo_sfpd_cr_switrs_all_types_col_cty_union.fid-c18a0c2_186644fdb18_7835,54382,21662000.0,,200757687,37.728759937,-122.423739981,SFPD-INTERIM DB,CITY STREET,12/16/2020 05:50:00 PM,2020 December 16,17:50:00,2020,December,Wednesday,SILVER AVE,MADISON ST,0.0,Clear,Injury (Complaint of Pain),Vehicle/Pedestrian,Pedestrian,"In Road, Including Shoulder",Dry,No Unusual Condition,Dark - Street Lights,Intersection <= 20ft,0.0,1,1.0,Driver,West,Proceeding Straight,Pedestrian,West,Stopped,POINT (-122.42374 37.72876),94.0,9.0,1.0,7.0,17
51184,vw_geo_sfpd_cr_switrs_all_types_col_cty_union.fid-c18a0c2_18688566ec8_-7e33,33107,24572000.0,12553103.0,130464841,37.7963069420732,-122.395281185084,SFPD-CROSSROADS,CITY STREET,06/05/2013 10:00:00 PM,2013 June 05,22:00:00,2013,June,Wednesday,THE EMBARCADERO,WASHINGTON ST,135.0,Clear,Injury (Complaint of Pain),Vehicle/Pedestrian,Pedestrian,Crossing in Crosswalk at Intersection,Dry,No Unusual Condition,Dark - Street Lights,Midblock > 20ft,0.0,2,1.0,Bicyclist,North,Proceeding Straight,Pedestrian,West,Not Stated,POINT (-122.39528 37.796307),108.0,6.0,3.0,8.0,22
51195,vw_geo_sfpd_cr_switrs_all_types_col_cty_union.fid-c18a0c2_186644fdb18_751d,56738,27680000.0,,210690754,37.7535793262031,-122.491475166036,SFPD-INTERIM DB,CITY STREET,10/21/2021 03:47:00 PM,2021 October 21,15:47:00,2021,October,Thursday,NORIEGA ST,33RD AVE,0.0,Cloudy,Injury (Complaint of Pain),Vehicle/Pedestrian,Pedestrian,Crossing in Crosswalk at Intersection,Wet,No Unusual Condition,Daylight,Intersection <= 20ft,0.0,1,1.0,Driver,West,Proceeding Straight,Pedestrian,South,Proceeding Straight,POINT (-122.49148 37.75358),39.0,10.0,7.0,35.0,15
51198,vw_geo_sfpd_cr_switrs_all_types_col_cty_union.fid-c18a0c2_186644fdb18_7e83,43009,27241000.0,2648000.0,160918614,37.7773305254391,-122.461896064468,SFPD-CROSSROADS,CITY STREET,11/11/2016 10:19:00 AM,2016 November 11,10:19:00,2016,November,Friday,BALBOA ST,04TH AVE,8.0,Clear,Injury (Other Visible),Vehicle/Pedestrian,Pedestrian,Crossing in Crosswalk at Intersection,Dry,No Unusual Condition,Daylight,Intersection <= 20ft,0.0,1,1.0,Driver,West,Proceeding Straight,Pedestrian,South,Not Stated,POINT (-122.4619 37.777332),5.0,8.0,4.0,11.0,10
51204,vw_geo_sfpd_cr_switrs_all_types_col_cty_union.fid-c18a0c2_186644fdb18_7dff,41699,27727000.0,,150646740,37.7628533155989,-122.493198798606,SFPD-CROSSROADS,CITY STREET,07/25/2015 10:39:00 AM,2015 July 25,10:39:00,2015,July,Saturday,IRVING ST,34TH AVE,0.0,Clear,Injury (Complaint of Pain),Vehicle/Pedestrian,Pedestrian,Crossing in Crosswalk at Intersection,Dry,No Unusual Condition,Daylight,Intersection <= 20ft,0.0,1,1.0,Driver,West,Stopped In Road,Pedestrian,North,Proceeding Straight,POINT (-122.4932 37.76285),39.0,10.0,7.0,35.0,10
51207,vw_geo_sfpd_cr_switrs_all_types_col_cty_union.fid-c18a0c2_186644fdb18_7b9c,22316,26056000.0,6564000.0,161043616,37.7758992993365,-122.438195265222,SFPD-CROSSROADS,CITY STREET,12/24/2016 11:50:00 AM,2016 December 24,11:50:00,2016,December,Saturday,GROVE ST,DIVISADERO ST,60.0,Clear,Injury (Complaint of Pain),Vehicle/Pedestrian,Pedestrian,Crossing Not in Crosswalk,Dry,No Unusual Condition,Daylight,Midblock > 20ft,0.0,1,1.0,Driver,East,Making Left Turn,Pedestrian,North,Proceeding Straight,POINT (-122.438194 37.775898),24.0,7.0,11.0,9.0,11
51210,vw_geo_sfpd_cr_switrs_all_types_col_cty_union.fid-c18a0c2_18688566ec8_-7c39,1702,21486000.0,,130817858,37.7164595455178,-122.441019562439,SFPD-CROSSROADS,CITY STREET,09/28/2013 08:10:00 AM,2013 September 28,08:10:00,2013,September,Saturday,GENEVA AVE,MISSION ST,0.0,Clear,Injury (Complaint of Pain),Vehicle/Pedestrian,Pedestrian,Crossing in Crosswalk at Intersection,Dry,No Unusual Condition,Daylight,Intersection <= 20ft,0.0,1,1.0,Driver,East,Making Right Turn,Pedestrian,North,Proceeding Straight,POINT (-122.44102 37.71646),80.0,9.0,1.0,28.0,08
51225,vw_geo_sfpd_cr_switrs_all_types_col_cty_union.fid-c18a0c2_186644fdb18_7ffe,55395,24180000.0,,210352089,37.7650021965,-122.420482492,SFPD-INTERIM DB,CITY STREET,06/06/2021 10:22:00 PM,2021 June 06,22:22:00,2021,June,Sunday,16TH ST,WIESE ST,0.0,Clear,Injury (Other Visible),Vehicle/Pedestrian,Pedestrian,Crossing Not in Crosswalk,Dry,No Unusual Condition,Dark - Street Lights,Intersection <= 20ft,0.0,1,1.0,Pedestrian,North,Entering Traffic,Driver,East,Backing,POINT (-122.42048 37.765003),53.0,3.0,2.0,20.0,22
51234,vw_geo_sfpd_cr_switrs_all_types_col_cty_union.fid-c18a0c2_186644fdb18_73eb,56134,20288000.0,12713000.0,210532491,37.7112428691,-122.401007931,SFPD-INTERIM DB,CITY STREET,08/20/2021 10:11:00 AM,2021 August 20,10:11:00,2021,August,Friday,TUNNEL AVE,LATHROP AVE,72.0,Cloudy,Injury (Other Visible),Vehicle/Pedestrian,Pedestrian,Not in Road,Dry,No Unusual Condition,Daylight,Midblock > 20ft,0.0,1,1.0,Bicyclist,South,Proceeding Straight,Pedestrian,South,Proceeding Straight,POINT (-122.40101 37.711243),89.0,2.0,9.0,1.0,10