,id,unique_id,cnn_intrsctn_fkey,cnn_sgmt_fkey,case_id_pkey,tb_latitude,tb_longitude,geocode_source,geocode_location,collision_datetime,collision_date,collision_time,accident_year,month,day_of_week,primary_rd,secondary_rd,distance,weather_1,collision_severity,type_of_collision,mviw,ped_action,road_surface,road_cond_1,lighting,intersection,number_killed,number_injured,party_at_fault,party1_type,party1_dir_of_travel,party1_move_pre_acc,party2_type,party2_dir_of_travel,party2_move_pre_acc,point,Neighborhoods,Current Police Districts,Current Supervisor Districts,Analysis Neighborhoods,hour
51235,vw_geo_sfpd_cr_switrs_all_types_col_cty_union.fid-c18a0c2_186644fdb18_777d,54174,25953000.0,,200686484,37.7758343415,-122.431198609,SFPD-INTERIM DB,CITY STREET,11/13/2020 03:43:00 PM,2020 November 13,15:43:00,2020,November,Friday,HAYES ST,FILLMORE ST,0.0,Raining,Injury (Other Visible),Vehicle/Pedestrian,Pedestrian,Crossing in Crosswalk at Intersection,Wet,No Unusual Condition,Daylight,Intersection <= 20ft,0.0,1,1.0,Driver,South,Making U Turn,Pedestrian,East,Proceeding Straight,POINT (-122.4312 37.775833),23.0,4.0,11.0,9.0,15
51236,vw_geo_sfpd_cr_switrs_all_types_col_cty_union.fid-c18a0c2_186644fdb18_74dd,15983,23931000.0,,170212741,37.778604290296,-122.402384825886,SFPD-CROSSROADS,CITY STREET,03/03/2017 08:15:00 AM,2017 March 03,08:15:00,2017,March,Friday,HARRISON ST,MERLIN ST,0.0,Clear,Injury (Other Visible),Broadside,Pedestrian,Crossing in Crosswalk at Intersection,Dry,No Unusual Condition,Daylight,Intersection <= 20ft,0.0,1,,Bicyclist,West,Making Left Turn,Pedestrian,East,Proceeding Straight,POINT (-122.40238 37.778603),32.0,1.0,10.0,34.0,08
51240,vw_geo_sfpd_cr_switrs_all_types_col_cty_union.fid-c18a0c2_18688566ec8_-7e6b,15670,24262000.0,371000.0,130282289,37.7768332008973,-122.407951364796,SFPD-CROSSROADS,CITY STREET,04/06/2013 06:12:00 PM,2013 April 06,18:12:00,2013,April,Saturday,07TH ST,FOLSOM ST,45.0,Clear,Injury (Other Visible),Vehicle/Pedestrian,Pedestrian,Crossing Not in Crosswalk,Dry,No Unusual Condition,Daylight,Midblock > 20ft,0.0,1,1.0,Pedestrian,West,Proceeding Straight,Driver,North,Proceeding Straight,POINT (-122.40795 37.776833),32.0,1.0,10.0,34.0,18
51242,vw_geo_sfpd_cr_switrs_all_types_col_cty_union.fid-c18a0c2_18688566ec8_-7e97,11455,25720000.0,889000.0,130207958,37.7611535706363,-122.430605102896,SFPD-CROSSROADS,CITY STREET,03/12/2013 06:06:00 PM,2013 March 12,18:06:00,2013,March,Tuesday,18TH ST,SANCHEZ ST,9.0,Clear,Injury (Other Visible),Vehicle/Pedestrian,Pedestrian,Crossing in Crosswalk at Intersection,Dry,No Unusual Condition,Daylight,Intersection <= 20ft,0.0,1,,Driver,West,Proceeding Straight,Pedestrian,North,Other,POINT (-122.4306 37.761154),38.0,3.0,5.0,5.0,18
51269,vw_geo_sfpd_cr_switrs_all_types_col_cty_union.fid-c18a0c2_18688566ec8_-7f59,36947,22609000.0,,130085920,37.7218346879061,-122.460224422116,SFPD-CROSSROADS,CITY STREET,01/30/2013 06:45:00 PM,2013 January 30,18:45:00,2013,January,Wednesday,FAXON AVE,HOLLOWAY AVE,0.0,Clear,Injury (Other Visible),Vehicle/Pedestrian,Pedestrian,Crossing in Crosswalk at Intersection,Dry,No Unusual Condition,Dark - Street Lights,Intersection <= 20ft,0.0,1,1.0,Driver,South,Making Left Turn,Pedestrian,East,Proceeding Straight,POINT (-122.46023 37.721836),64.0,10.0,8.0,24.0,18
51272,vw_geo_sfpd_cr_switrs_all_types_col_cty_union.fid-c18a0c2_18688566ec8_-7d0e,39741,23440000.0,,130703382,37.7420556751283,-122.498189526609,SFPD-CROSSROADS,CITY STREET,08/23/2013 07:09:00 PM,2013 August 23,19:09:00,2013,August,Friday,TARAVAL ST,40TH AVE,0.0,Clear,Injury (Other Visible),Vehicle/Pedestrian,Pedestrian,Crossing in Crosswalk at Intersection,Dry,"Holes, Deep Ruts",Daylight,Intersection <= 20ft,0.0,2,1.0,Driver,West,Proceeding Straight,Pedestrian,South,Proceeding Straight,POINT (-122.49819 37.742054),39.0,10.0,7.0,35.0,19
51277,vw_geo_sfpd_cr_switrs_all_types_col_cty_union.fid-c18a0c2_186644fdb18_7894,57556,22105000.0,,220150748,37.720724224,-122.44660865,SFPD-INTERIM DB,CITY STREET,03/06/2022 08:52:00 PM,2022 March 06,20:52:00,2022,March,Sunday,GENEVA AVE,SAN JOSE AVE,0.0,Clear,Injury (Other Visible),Vehicle/Pedestrian,Pedestrian,Crossing in Crosswalk at Intersection,Dry,No Unusual Condition,Dark - Street Lights,Intersection <= 20ft,0.0,1,1.0,Driver,West,Making Left Turn,Pedestrian,South,Proceeding Straight,POINT (-122.44661 37.720726),80.0,9.0,1.0,28.0,20
51298,vw_geo_sfpd_cr_switrs_all_types_col_cty_union.fid-c18a0c2_18688566ec8_-7b08,31719,25174000.0,,130955806,37.7891101756033,-122.417016878085,SFPD-CROSSROADS,CITY STREET,11/11/2013 11:13:00 AM,2013 November 11,11:13:00,2013,November,Monday,BUSH ST,HYDE ST,0.0,Clear,Injury (Complaint of Pain),Vehicle/Pedestrian,Pedestrian,Crossing in Crosswalk at Intersection,Dry,No Unusual Condition,Daylight,Intersection <= 20ft,0.0,1,1.0,Driver,East,Making Left Turn,Pedestrian,South,Proceeding Straight,POINT (-122.417015 37.78911),50.0,6.0,3.0,21.0,11
51300,vw_geo_sfpd_cr_switrs_all_types_col_cty_union.fid-c18a0c2_186644fdb18_74c1,56483,25679000.0,,210657522,37.7582268285421,-122.425766806719,SFPD-INTERIM DB,CITY STREET,10/08/2021 08:09:00 PM,2021 October 08,20:09:00,2021,October,Friday,DOLORES ST,20TH ST,0.0,Clear,Injury (Other Visible),Vehicle/Pedestrian,Pedestrian,Crossing Not in Crosswalk,Dry,No Unusual Condition,Dark - Street Lights,Intersection <= 20ft,0.0,1,1.0,Pedestrian,North,Entering Traffic,Driver,West,Proceeding Straight,POINT (-122.425766 37.75823),37.0,3.0,5.0,5.0,20
51317,vw_geo_sfpd_cr_switrs_all_types_col_cty_union.fid-c18a0c2_18688566ec8_-7c16,31524,26818000.0,,130837351,37.7880671662552,-122.440440114945,SFPD-CROSSROADS,CITY STREET,10/04/2013 08:55:00 AM,2013 October 04,08:55:00,2013,October,Friday,DIVISADERO ST,CALIFORNIA ST,0.0,Clear,Injury (Complaint of Pain),Vehicle/Pedestrian,Pedestrian,Crossing in Crosswalk at Intersection,Dry,No Unusual Condition,Daylight,Intersection <= 20ft,0.0,1,1.0,Driver,East,Making Left Turn,Pedestrian,North,Proceeding Straight,POINT (-122.44044 37.788067),103.0,4.0,6.0,30.0,08
51335,vw_geo_sfpd_cr_switrs_all_types_col_cty_union.fid-c18a0c2_18688566ec8_-7ec0,26851,24554000.0,,130308584,37.7911528083193,-122.395813421411,SFPD-CROSSROADS,CITY STREET,04/15/2013 07:04:00 PM,2013 April 15,19:04:00,2013,April,Monday,MISSION ST,BEALE ST,0.0,Clear,Injury (Complaint of Pain),Vehicle/Pedestrian,Pedestrian,Crossing in Crosswalk at Intersection,Dry,No Unusual Condition,Daylight,Intersection <= 20ft,0.0,1,1.0,Driver,East,Making Left Turn,Pedestrian,North,Not Stated,POINT (-122.39581 37.791153),108.0,1.0,10.0,8.0,19
51346,vw_geo_sfpd_cr_switrs_all_types_col_cty_union.fid-c18a0c2_186644fdb18_7d6e,39936,23421000.0,12282201.0,161056330,37.7496612404848,-122.494982263783,SFPD-CROSSROADS,CITY STREET,12/29/2016 01:41:00 PM,2016 December 29,13:41:00,2016,December,Thursday,SUNSET BLVD,PACHECO ST,10.0,Clear,Injury (Complaint of Pain),Vehicle/Pedestrian,Pedestrian,Crossing in Crosswalk at Intersection,Dry,No Unusual Condition,Daylight,Intersection <= 20ft,0.0,1,1.0,Driver,South,Making Left Turn,Pedestrian,East,Proceeding Straight,POINT (-122.49498 37.74966),39.0,10.0,7.0,35.0,13
51354,vw_geo_sfpd_cr_switrs_all_types_col_cty_union.fid-c18a0c2_186644fdb18_7950,58634,24903000.0,,220568414,37.7873592617475,-122.408226725588,SFPD-INTERIM DB,CITY STREET,08/23/2022 03:46:00 PM,2022 August 23,15:46:00,2022,August,Tuesday,POWELL ST,GEARY ST,0.0,Clear,Injury (Complaint of Pain),Vehicle/Pedestrian,Pedestrian,Crossing in Crosswalk at Intersection,Dry,No Unusual Condition,Daylight,Intersection <= 20ft,0.0,1,1.0,Driver,South,Proceeding Straight,Pedestrian,West,Proceeding Straight,POINT (-122.408226 37.78736),19.0,6.0,3.0,8.0,15
51362,vw_geo_sfpd_cr_switrs_all_types_col_cty_union.fid-c18a0c2_186644fdb18_76cf,56670,25089000.0,,210835289,37.7906727839871,-122.412266187112,SFPD-INTERIM DB,CITY STREET,12/17/2021 11:58:00 PM,2021 December 17,23:58:00,2021,December,Friday,PINE ST,TAYLOR ST,0.0,Clear,Injury (Complaint of Pain),Vehicle/Pedestrian,Pedestrian,Crossing in Crosswalk at Intersection,Dry,No Unusual Condition,Dark - Street Lights,Intersection <= 20ft,0.0,1,1.0,Driver,West,Making Left Turn,Pedestrian,South,Proceeding Straight,POINT (-122.41227 37.790672),50.0,6.0,3.0,21.0,23
51368,vw_geo_sfpd_cr_switrs_all_types_col_cty_union.fid-c18a0c2_186644fdb18_7e92,43210,27236000.000000004,,130853620,37.7792346798188,-122.460931268684,SFPD-CROSSROADS,CITY STREET,10/09/2013 10:58:00 AM,2013 October 09,10:58:00,2013,October,Wednesday,ANZA ST,03RD AVE,0.0,Clear,Injury (Other Visible),Vehicle/Pedestrian,Pedestrian,Crossing in Crosswalk at Intersection,Dry,No Unusual Condition,Daylight,Intersection <= 20ft,0.0,1,1.0,Driver,East,Making Left Turn,Pedestrian,North,Other,POINT (-122.46093 37.779236),5.0,8.0,4.0,11.0,10
51386,vw_geo_sfpd_cr_switrs_all_types_col_cty_union.fid-c18a0c2_186644fdb18_7a11,58930,25215000.0,13153101.0,220662276,37.7865108324377,-122.421645707412,SFPD-INTERIM DB,CITY STREET,09/27/2022 05:21:00 PM,2022 September 27,17:21:00,2022,September,Tuesday,VAN NESS AVE,POST ST,45.0,Clear,Injury (Complaint of Pain),Head-On,Pedestrian,Crossing Not in Crosswalk,Dry,No Unusual Condition,Daylight,Midblock > 20ft,0.0,1,1.0,Pedestrian,South,Proceeding Straight,Driver,South,Entering Traffic,POINT (-122.421646 37.78651),100.0,4.0,11.0,39.0,17
51399,vw_geo_sfpd_cr_switrs_all_types_col_cty_union.fid-c18a0c2_186644fdb18_740b,56132,25930000.0,3329000.0,210547741,37.7752955647,-122.427719641,SFPD-INTERIM DB,CITY STREET,08/26/2021 05:30:00 PM,2021 August 26,17:30:00,2021,August,Thursday,BUCHANAN ST,FELL ST,8.0,Clear,Injury (Complaint of Pain),Vehicle/Pedestrian,Pedestrian,Crossing in Crosswalk at Intersection,Dry,No Unusual Condition,Daylight,Intersection <= 20ft,0.0,1,1.0,Driver,South,Making Left Turn,Pedestrian,West,Proceeding Straight,POINT (-122.42772 37.775295),22.0,4.0,11.0,9.0,17
51433,vw_geo_sfpd_cr_switrs_all_types_col_cty_union.fid-c18a0c2_186644fdb18_765b,56913,24463000.0,,210829793,37.7812357671788,-122.418808451138,SFPD-INTERIM DB,CITY STREET,12/15/2021 10:27:00 PM,2021 December 15,22:27:00,2021,December,Wednesday,POLK ST,GOLDEN GATE AVE,0.0,Raining,Injury (Complaint of Pain),Vehicle/Pedestrian,Pedestrian,Crossing in Crosswalk at Intersection,Wet,No Unusual Condition,Dark - Street Lights,Intersection <= 20ft,0.0,1,1.0,Driver,North,Making Left Turn,Pedestrian,East,Proceeding Straight,POINT (-122.41881 37.781235),21.0,4.0,10.0,36.0,22
51437,vw_geo_sfpd_cr_switrs_all_types_col_cty_union.fid-c18a0c2_186644fdb18_7592,56514,26744000.0,,210736342,37.7991606909536,-122.434224383135,SFPD-INTERIM DB,CITY STREET,11/08/2021 07:43:00 PM,2021 November 08,19:43:00,2021,November,Monday,GREENWICH ST,WEBSTER ST,0.0,Raining,Injury (Complaint of Pain),Sideswipe,Pedestrian,Crossing in Crosswalk at Intersection,Wet,Construction or Repair Zone,Dark - Street Lights,Intersection <= 20ft,0.0,1,1.0,Driver,East,Proceeding Straight,Pedestrian,South,Proceeding Straight,POINT (-122.43423 37.79916),15.0,4.0,6.0,13.0,19
51484,vw_geo_sfpd_cr_switrs_all_types_col_cty_union.fid-c18a0c2_186644fdb18_75b8,56545,27143000.0,,210758465,37.762268849513,-122.464042005156,SFPD-INTERIM DB,CITY STREET,11/17/2021 02:06:00 PM,2021 November 17,14:06:00,2021,November,Wednesday,JUDAH ST,07TH AVE,0.0,Clear,Injury (Severe),Vehicle/Pedestrian,Pedestrian,Crossing in Crosswalk at Intersection,Dry,No Unusual Condition,Daylight,Intersection <= 20ft,0.0,1,1.0,Driver,West,Making Left Turn,Pedestrian,East,Not Stated,POINT (-122.46404 37.762268),109.0,7.0,11.0,14.0,14
51501,vw_geo_sfpd_cr_switrs_all_types_col_cty_union.fid-c18a0c2_186644fdb18_7a27,59112,27506000.0,4168000.0,220558409,37.7823088854041,-122.47843315948,SFPD-INTERIM DB,CITY STREET,08/19/2022 03:27:00 PM,2022 August 19,15:27:00,2022,August,Friday,CLEMENT ST,19TH AVE,3.0,Clear,Injury (Severe),Vehicle/Pedestrian,Pedestrian,Crossing in Crosswalk at Intersection,Dry,No Unusual Condition,Daylight,Intersection <= 20ft,0.0,1,1.0,Driver,East,Proceeding Straight,Pedestrian,North,Stopped,POINT (-122.47843 37.78231),5.0,8.0,4.0,29.0,15
51503,vw_geo_sfpd_cr_switrs_all_types_col_cty_union.fid-c18a0c2_186644fdb18_74aa,56689,24925000.0,,210644422,37.7841410125464,-122.410951618577,SFPD-INTERIM DB,CITY STREET,10/04/2021 02:03:00 AM,2021 October 04,02:03:00,2021,October,Monday,TAYLOR ST,EDDY ST,0.0,Clear,Injury (Other Visible),Vehicle/Pedestrian,Pedestrian,Crossing in Crosswalk at Intersection,Dry,No Unusual Condition,Dark - Street Lights,Intersection <= 20ft,0.0,1,1.0,Driver,North,Making Left Turn,Pedestrian,West,Proceeding Straight,POINT (-122.41095 37.78414),20.0,5.0,10.0,36.0,02
51506,vw_geo_sfpd_cr_switrs_all_types_col_cty_union.fid-c18a0c2_186644fdb18_7e29,4791,21859000.0,,140164423,37.7333131258111,-122.430277820886,SFPD-CROSSROADS,CITY STREET,02/25/2014 08:46:00 AM,2014 February 25,08:46:00,2014,February,Tuesday,BOSWORTH ST,ROUSSEAU ST,0.0,Cloudy,Injury (Complaint of Pain),Vehicle/Pedestrian,Pedestrian,Crossing in Crosswalk at Intersection,Dry,No Unusual Condition,Daylight,Intersection <= 20ft,0.0,1,1.0,Driver,East,Proceeding Straight,Pedestrian,North,Not Stated,POINT (-122.430275 37.733315),93.0,9.0,5.0,28.0,08
51516,vw_geo_sfpd_cr_switrs_all_types_col_cty_union.fid-c18a0c2_18688566ec8_-7ecf,22242,26049000.0,12131000.0,130288447,37.7812370624701,-122.433976852211,SFPD-CROSSROADS,CITY STREET,04/08/2013 08:22:00 PM,2013 April 08,20:22:00,2013,April,Monday,STEINER ST,EDDY ST,7.0,Clear,Injury (Complaint of Pain),Vehicle/Pedestrian,Pedestrian,Crossing in Crosswalk at Intersection,Dry,No Unusual Condition,Daylight,Intersection <= 20ft,0.0,1,1.0,Driver,South,Slowing/Stopping,Pedestrian,West,Other,POINT (-122.433975 37.78124),97.0,4.0,11.0,39.0,20
51523,vw_geo_sfpd_cr_switrs_all_types_col_cty_union.fid-c18a0c2_186644fdb18_7e4c,42435,27464000.0,,130052559,37.7704958783985,-122.479895428374,SFPD-CROSSROADS,CITY STREET,01/19/2013 12:15:00 PM,2013 January 19,12:15:00,2013,January,Saturday,TRANSVERSE DR,JOHN F KENNEDY DR,0.0,Clear,Injury (Severe),Vehicle/Pedestrian,Pedestrian,"In Road, Including Shoulder",Dry,No Unusual Condition,Daylight,Intersection <= 20ft,0.0,1,1.0,Pedestrian,West,Proceeding Straight,Driver,North,Proceeding Straight,POINT (-122.4799 37.770496),9.0,8.0,4.0,12.0,12
51526,vw_geo_sfpd_cr_switrs_all_types_col_cty_union.fid-c18a0c2_186644fdb18_7eef,5653,21023000.0,,131055259,37.7395662721441,-122.406978584772,SFPD-CROSSROADS,CITY STREET,12/16/2013 08:35:00 AM,2013 December 16,08:35:00,2013,December,Monday,BAY SHORE BLVD,CORTLAND AVE,0.0,Clear,Injury (Complaint of Pain),Broadside,Pedestrian,Crossing in Crosswalk at Intersection,Dry,No Unusual Condition,Daylight,Intersection <= 20ft,0.0,1,1.0,Driver,South,Making Right Turn,Pedestrian,West,Proceeding Straight,POINT (-122.406975 37.739567),82.0,2.0,9.0,1.0,08
51528,vw_geo_sfpd_cr_switrs_all_types_col_cty_union.fid-c18a0c2_186644fdb18_7598,56829,23937000.0,,210738304,37.7802649720895,-122.4033872092,SFPD-INTERIM DB,CITY STREET,11/09/2021 06:26:00 PM,2021 November 09,18:26:00,2021,November,Tuesday,05TH ST,FOLSOM ST,0.0,Clear,Injury (Complaint of Pain),Vehicle/Pedestrian,Pedestrian,"In Road, Including Shoulder",Dry,No Unusual Condition,Dark - Street Lights,Intersection <= 20ft,0.0,1,1.0,Driver,East,Making Left Turn,Pedestrian,South,Other,POINT (-122.40339 37.780266),32.0,1.0,10.0,34.0,18
51531,vw_geo_sfpd_cr_switrs_all_types_col_cty_union.fid-c18a0c2_18688566ec8_-7f39,28630,25048000.0,10687000.0,130138751,37.7947328974695,-122.409720777385,SFPD-CROSSROADS,CITY STREET,02/17/2013 08:20:00 AM,2013 February 17,08:20:00,2013,February,Sunday,POWELL ST,WASHINGTON ST,1.0,Clear,Injury (Other Visible),Vehicle/Pedestrian,Pedestrian,Crossing in Crosswalk at Intersection,Dry,No Unusual Condition,Daylight,Intersection <= 20ft,0.0,1,1.0,Driver,South,Making Left Turn,Pedestrian,West,Proceeding Straight,POINT (-122.40972 37.79473),104.0,6.0,3.0,6.0,08
51545,vw_geo_sfpd_cr_switrs_all_types_col_cty_union.fid-c18a0c2_186644fdb18_78f5,14916,23811000.0,3077000.0,150871436,37.780074267734,-122.394319602725,SFPD-CROSSROADS,CITY STREET,10/05/2015 09:52:00 AM,2015 October 05,09:52:00,2015,October,Monday,BRANNAN ST,03RD ST,8.0,Clear,Fatal,Vehicle/Pedestrian,Pedestrian,Crossing in Crosswalk at Intersection,Dry,No Unusual Condition,Daylight,Intersection <= 20ft,1.0,0,,Driver,North,Making Left Turn,Pedestrian,South,Not Stated,POINT (-122.39432 37.780075),32.0,1.0,10.0,34.0,09
51558,vw_geo_sfpd_cr_switrs_all_types_col_cty_union.fid-c18a0c2_186644fdb18_7c7d,33928,25423000.0,12850000.0,130933288,37.8002366381697,-122.410853609654,SFPD-CROSSROADS,CITY STREET,11/03/2013 10:53:00 AM,2013 November 03,10:53:00,2013,November,Sunday,UNION ST,POWELL ST,6.0,Clear,Injury (Other Visible),Vehicle/Pedestrian,Pedestrian,Crossing in Crosswalk at Intersection,Dry,No Unusual Condition,Daylight,Intersection <= 20ft,0.0,1,1.0,Driver,West,Making Left Turn,Pedestrian,South,Other,POINT (-122.41085 37.800236),107.0,6.0,3.0,6.0,10
51563,vw_geo_sfpd_cr_switrs_all_types_col_cty_union.fid-c18a0c2_186644fdb18_775e,58860,27417000.0,7298000.0,220542361,37.7634316932325,-122.480077957462,SFPD-INTERIM DB,CITY STREET,08/13/2022 02:00:00 PM,2022 August 13,14:00:00,2022,August,Saturday,IRVING ST,22ND AVE,75.0,Clear,Injury (Complaint of Pain),Vehicle/Pedestrian,Pedestrian,Crossing Not in Crosswalk,Dry,No Unusual Condition,Daylight,Midblock > 20ft,0.0,1,1.0,Pedestrian,North,Other,Driver,West,Backing,POINT (-122.48008 37.76343),39.0,10.0,7.0,35.0,14
51566,vw_geo_sfpd_cr_switrs_all_types_col_cty_union.fid-c18a0c2_18688566ec8_-7fd2,1693,21486000.0,6138101.0,180856975,37.7164508049,-122.441006259,SFPD-INTERIM DB,CITY STREET,11/11/2018 11:25:00 AM,2018 November 11,11:25:00,2018,November,Sunday,GENEVA AVE,MISSION ST,5.0,Clear,Injury (Severe),Vehicle/Pedestrian,Pedestrian,Crossing in Crosswalk at Intersection,Dry,No Unusual Condition,Daylight,Intersection <= 20ft,0.0,1,1.0,Driver,East,Making Left Turn,Pedestrian,North,Proceeding Straight,POINT (-122.44101 37.71645),58.0,9.0,1.0,7.0,11
51568,vw_geo_sfpd_cr_switrs_all_types_col_cty_union.fid-c18a0c2_186644fdb18_75b2,57225,24142000.0,12023000.0,210753772,37.7646952939848,-122.41743991842,SFPD-INTERIM DB,CITY STREET,11/15/2021 06:00:00 PM,2021 November 15,18:00:00,2021,November,Monday,SOUTH VAN NESS AVE,16TH ST,178.0,Clear,Injury (Severe),Vehicle/Pedestrian,Pedestrian,Crossing Not in Crosswalk,Dry,No Unusual Condition,Dark - Street Lights,Midblock > 20ft,0.0,1,1.0,Pedestrian,East,Not Stated,Driver,South,Proceeding Straight,POINT (-122.41744 37.764694),53.0,3.0,2.0,20.0,18
51572,vw_geo_sfpd_cr_switrs_all_types_col_cty_union.fid-c18a0c2_186644fdb18_7c6a,24434,24431000.0,,160858082,37.7816542616751,-122.415505178752,SFPD-CROSSROADS,CITY STREET,10/21/2016 12:55:00 PM,2016 October 21,12:55:00,2016,October,Friday,GOLDEN GATE AVE,HYDE ST,0.0,Clear,Injury (Complaint of Pain),Broadside,Pedestrian,Crossing in Crosswalk at Intersection,Dry,No Unusual Condition,Daylight,Intersection <= 20ft,0.0,1,1.0,Pedestrian,South,Proceeding Straight,Driver,East,Entering Traffic,POINT (-122.415504 37.781654),21.0,5.0,10.0,36.0,12
51577,vw_geo_sfpd_cr_switrs_all_types_col_cty_union.fid-c18a0c2_186644fdb18_77e8,58670,24774000.000000004,,220435409,37.7953266921366,-122.404957208296,SFPD-INTERIM DB,CITY STREET,07/02/2022 07:50:00 PM,2022 July 02,19:50:00,2022,July,Saturday,WASHINGTON ST,KEARNY ST,0.0,Cloudy,Injury (Other Visible),Broadside,Pedestrian,"In Road, Including Shoulder",Dry,No Unusual Condition,Daylight,Intersection <= 20ft,0.0,1,1.0,Pedestrian,East,Traveling Wrong Way,Driver,North,Proceeding Straight,POINT (-122.40496 37.795326),104.0,6.0,3.0,6.0,19
51580,vw_geo_sfpd_cr_switrs_all_types_col_cty_union.fid-c18a0c2_186644fdb18_76da,57157,25971000.0,5541000.0,210215722,37.7795451810382,-122.431947965238,SFPD-INTERIM DB,CITY STREET,04/07/2021 03:49:00 PM,2021 April 07,15:49:00,2021,April,Wednesday,FILLMORE ST,GOLDEN GATE AVE,7.0,Clear,Fatal,Vehicle/Pedestrian,Pedestrian,Crossing Not in Crosswalk,Dry,No Unusual Condition,Daylight,Intersection <= 20ft,1.0,1,1.0,Pedestrian,West,Not Stated,Driver,South,Proceeding Straight,POINT (-122.431946 37.779545),97.0,4.0,11.0,39.0,15
51583,vw_geo_sfpd_cr_switrs_all_types_col_cty_union.fid-c18a0c2_186644fdb18_7d0e,38562,32891000.0,11959203.0,180530204,37.7340069511,-122.493380004,SFPD-INTERIM DB,CITY STREET,07/17/2018 10:05:00 AM,2018 July 17,10:05:00,2018,July,Tuesday,SLOAT BLVD,36TH AVE,10.0,Cloudy,Fatal,Vehicle/Pedestrian,Pedestrian,Crossing in Crosswalk Not at Intersection,Dry,No Unusual Condition,Daylight,Intersection <= 20ft,1.0,0,1.0,Driver,East,Proceeding Straight,Pedestrian,South,Proceeding Straight,POINT (-122.49338 37.73401),40.0,10.0,7.0,35.0,10
51593,vw_geo_sfpd_cr_switrs_all_types_col_cty_union.fid-c18a0c2_18688566ec8_-7d67,6294,21172000.0,5703000.0,130638751,37.7469708002502,-122.413551840398,SFPD-CROSSROADS,CITY STREET,08/02/2013 10:06:00 PM,2013 August 02,22:06:00,2013,August,Friday,FOLSOM ST,PRECITA AVE,73.0,Clear,Injury (Other Visible),Broadside,Pedestrian,"In Road, Including Shoulder",Dry,No Unusual Condition,Dark - Street Lights,Midblock > 20ft,0.0,2,1.0,Pedestrian,West,Entering Traffic,Bicyclist,North,Proceeding Straight,POINT (-122.41355 37.74697),83.0,9.0,2.0,2.0,22
51594,vw_geo_sfpd_cr_switrs_all_types_col_cty_union.fid-c18a0c2_186644fdb18_760c,56571,21785000.0,,210796982,37.7316515254457,-122.431685404579,SFPD-INTERIM DB,CITY STREET,12/02/2021 08:00:00 PM,2021 December 02,20:00:00,2021,December,Thursday,LYELL ST,BOSWORTH ST,0.0,Clear,Injury (Complaint of Pain),Vehicle/Pedestrian,Pedestrian,Crossing in Crosswalk at Intersection,Dry,No Unusual Condition,Dark - Street Lights,Intersection <= 20ft,0.0,1,1.0,Driver,South,Proceeding Straight,Pedestrian,East,Proceeding Straight,POINT (-122.43169 37.73165),94.0,9.0,5.0,28.0,20
51600,vw_geo_sfpd_cr_switrs_all_types_col_cty_union.fid-c18a0c2_186644fdb18_7e9a,43318,27230000.0,6056201.0,150044774,37.7812579673213,-122.458857307387,SFPD-CROSSROADS,CITY STREET,01/15/2015 01:39:00 PM,2015 January 15,13:39:00,2015,January,Thursday,ARGUELLO BLVD,GEARY BLVD,8.0,Clear,Injury (Other Visible),Vehicle/Pedestrian,Pedestrian,Crossing in Crosswalk at Intersection,Dry,No Unusual Condition,Daylight,Intersection <= 20ft,0.0,1,1.0,Pedestrian,West,Entering Traffic,Driver,South,Proceeding Straight,POINT (-122.458855 37.781258),11.0,8.0,4.0,18.0,13
51601,vw_geo_sfpd_cr_switrs_all_types_col_cty_union.fid-c18a0c2_186644fdb18_7a47,58868,24333000.0,7114000.0,220586842,37.7807381498227,-122.415319461558,SFPD-INTERIM DB,CITY STREET,08/30/2022 03:52:00 PM,2022 August 30,15:52:00,2022,August,Tuesday,HYDE ST,MCALLISTER ST,7.0,Clear,Injury (Severe),Vehicle/Pedestrian,Pedestrian,Crossing in Crosswalk at Intersection,Dry,No Unusual Condition,Daylight,Intersection <= 20ft,0.0,1,1.0,Driver,South,Proceeding Straight,Pedestrian,West,Other,POINT (-122.41532 37.78074),21.0,5.0,10.0,36.0,15
51609,vw_geo_sfpd_cr_switrs_all_types_col_cty_union.fid-c18a0c2_186644fdb18_76ab,57013,27318000.0,,210861143,37.7524239474328,-122.475276421439,SFPD-INTERIM DB,CITY STREET,12/29/2021 05:30:00 PM,2021 December 29,17:30:00,2021,December,Wednesday,18TH AVE,ORTEGA ST,0.0,Raining,Injury (Complaint of Pain),Vehicle/Pedestrian,Pedestrian,Crossing in Crosswalk at Intersection,Wet,No Unusual Condition,Dark - Street Lights,Intersection <= 20ft,0.0,1,1.0,Driver,South,Making Left Turn,Pedestrian,West,Proceeding Straight,POINT (-122.47527 37.752422),44.0,10.0,8.0,14.0,17