,id,unique_id,cnn_intrsctn_fkey,cnn_sgmt_fkey,case_id_pkey,tb_latitude,tb_longitude,geocode_source,geocode_location,collision_datetime,collision_date,collision_time,accident_year,month,day_of_week,primary_rd,secondary_rd,distance,weather_1,collision_severity,type_of_collision,mviw,ped_action,road_surface,road_cond_1,lighting,intersection,number_killed,number_injured,party_at_fault,party1_type,party1_dir_of_travel,party1_move_pre_acc,party2_type,party2_dir_of_travel,party2_move_pre_acc,point,Neighborhoods,Current Police Districts,Current Supervisor Districts,Analysis Neighborhoods,hour
51610,vw_geo_sfpd_cr_switrs_all_types_col_cty_union.fid-c18a0c2_186644fdb18_77b9,58692,24171000.0,,220526688,37.7666736021256,-122.419825234445,SFPD-INTERIM DB,CITY STREET,08/07/2022 05:28:00 PM,2022 August 07,17:28:00,2022,August,Sunday,MISSION ST,15TH ST,0.0,Clear,Injury (Other Visible),Vehicle/Pedestrian,Pedestrian,Crossing Not in Crosswalk,Dry,No Unusual Condition,Daylight,Intersection <= 20ft,0.0,1,,Pedestrian,East,Proceeding Straight,Driver,South,Making Left Turn,POINT (-122.41982 37.766674),53.0,3.0,2.0,20.0,17
51616,vw_geo_sfpd_cr_switrs_all_types_col_cty_union.fid-c18a0c2_186644fdb18_772f,58702,23607000.0,,220559043,37.7900698006015,-122.390971016041,SFPD-INTERIM DB,CITY STREET,08/19/2022 06:52:00 PM,2022 August 19,18:52:00,2022,August,Friday,FOLSOM ST,SPEAR ST,0.0,Clear,Injury (Complaint of Pain),Vehicle/Pedestrian,Pedestrian,Crossing in Crosswalk at Intersection,Dry,No Unusual Condition,Daylight,Intersection <= 20ft,0.0,1,1.0,Pedestrian,West,Proceeding Straight,Driver,North,Proceeding Straight,POINT (-122.39097 37.79007),30.0,1.0,10.0,8.0,18
51625,vw_geo_sfpd_cr_switrs_all_types_col_cty_union.fid-c18a0c2_18688566ec8_-7c5f,19295,26342000.0,8855000.0,130809322,37.7701727962312,-122.445337659073,SFPD-CROSSROADS,CITY STREET,09/25/2013 07:15:00 PM,2013 September 25,19:15:00,2013,September,Wednesday,MASONIC AVE,HAIGHT ST,14.0,Clear,Injury (Complaint of Pain),Broadside,Pedestrian,Crossing in Crosswalk at Intersection,Dry,No Unusual Condition,Dusk - Dawn,Intersection <= 20ft,0.0,1,1.0,Driver,West,Making Left Turn,Pedestrian,East,Proceeding Straight,POINT (-122.445335 37.770172),25.0,7.0,11.0,3.0,19
51632,vw_geo_sfpd_cr_switrs_all_types_col_cty_union.fid-c18a0c2_186644fdb18_795f,58655,33325000.0,,220609955,37.7345210065802,-122.406815947485,SFPD-INTERIM DB,CITY STREET,09/07/2022 10:15:00 PM,2022 September 07,22:15:00,2022,September,Wednesday,RICKARD ST,SAN BRUNO AVE,0.0,Clear,Injury (Other Visible),Vehicle/Pedestrian,Pedestrian,Crossing in Crosswalk at Intersection,Dry,No Unusual Condition,Dark - Street Lights,Intersection <= 20ft,0.0,0,1.0,Driver,West,Making Left Turn,Pedestrian,North,Proceeding Straight,POINT (-122.406815 37.73452),91.0,2.0,2.0,25.0,22
51634,vw_geo_sfpd_cr_switrs_all_types_col_cty_union.fid-c18a0c2_18688566ec8_-7c9a,2733,20574000.0,,130635575,37.7236162093319,-122.400784747601,SFPD-CROSSROADS,CITY STREET,08/01/2013 09:15:00 PM,2013 August 01,21:15:00,2013,August,Thursday,BAY SHORE BLVD,PAUL AVE,0.0,Clear,Injury (Other Visible),Vehicle/Pedestrian,Pedestrian,Crossing in Crosswalk at Intersection,Dry,No Unusual Condition,Dark - Street Lights,Intersection <= 20ft,0.0,1,1.0,Driver,South,Making Left Turn,Pedestrian,South,Proceeding Straight,POINT (-122.40079 37.723618),91.0,2.0,9.0,25.0,21
51641,vw_geo_sfpd_cr_switrs_all_types_col_cty_union.fid-c18a0c2_186644fdb18_75ec,57071,26796000.0,8710000.0,210783149,37.8064617828803,-122.442337429525,SFPD-INTERIM DB,CITY STREET,11/27/2021 05:19:00 PM,2021 November 27,17:19:00,2021,November,Saturday,MARINA GREEN DR,MARINA BLVD,250.0,Clear,Injury (Complaint of Pain),Sideswipe,Pedestrian,Crossing Not in Crosswalk,Dry,No Unusual Condition,Dark - No Street Lights,Midblock > 20ft,0.0,1,1.0,Driver,West,Stopped,Pedestrian,North,Stopped,POINT (-122.44234 37.80646),17.0,4.0,6.0,13.0,17
51655,vw_geo_sfpd_cr_switrs_all_types_col_cty_union.fid-c18a0c2_18688566ec8_-7dfb,36687,33468000.0,7710201.0,130071333,37.7149819996686,-122.471958655866,SFPD-CROSSROADS,CITY STREET,01/25/2013 07:35:00 PM,2013 January 25,19:35:00,2013,January,Friday,JUNIPERO SERRA BLVD,19TH AVE,817.0,Clear,Injury (Severe),Vehicle/Pedestrian,Pedestrian,Crossing Not in Crosswalk,Dry,No Unusual Condition,Dark - Street Lights,Midblock > 20ft,0.0,1,1.0,Pedestrian,West,Proceeding Straight,Driver,North,Proceeding Straight,POINT (-122.47196 37.71498),65.0,10.0,8.0,16.0,19
51661,vw_geo_sfpd_cr_switrs_all_types_col_cty_union.fid-c18a0c2_186644fdb18_7c52,3697,21010000.0,,150368267,37.7334871471668,-122.406210473102,SFPD-CROSSROADS,CITY STREET,04/28/2015 08:06:00 AM,2015 April 28,08:06:00,2015,April,Tuesday,SWEENY ST,SAN BRUNO AVE,0.0,Clear,Injury (Complaint of Pain),Vehicle/Pedestrian,Pedestrian,Crossing in Crosswalk at Intersection,Dry,No Unusual Condition,Daylight,Intersection <= 20ft,0.0,1,1.0,Driver,East,Proceeding Straight,Pedestrian,North,Proceeding Straight,POINT (-122.40621 37.733486),91.0,2.0,2.0,25.0,08
51664,vw_geo_sfpd_cr_switrs_all_types_col_cty_union.fid-c18a0c2_186644fdb18_7c28,30740,26521000.0,,130804855,37.7878624426429,-122.426864643218,SFPD-CROSSROADS,CITY STREET,09/24/2013 01:25:00 PM,2013 September 24,13:25:00,2013,September,Tuesday,OCTAVIA ST,BUSH ST,0.0,Clear,Injury (Complaint of Pain),Vehicle/Pedestrian,Pedestrian,Crossing in Crosswalk at Intersection,Dry,No Unusual Condition,Daylight,Intersection <= 20ft,0.0,1,1.0,Driver,East,Making Right Turn,Pedestrian,North,Proceeding Straight,POINT (-122.426865 37.78786),101.0,4.0,11.0,30.0,13
51665,vw_geo_sfpd_cr_switrs_all_types_col_cty_union.fid-c18a0c2_18688566ec8_-7e80,11912,24170000.0,9115000.0,130372777,37.7650747888581,-122.419671231608,SFPD-CROSSROADS,CITY STREET,05/07/2013 08:22:00 AM,2013 May 07,08:22:00,2013,May,Tuesday,MISSION ST,16TH ST,9.0,Clear,Injury (Complaint of Pain),Vehicle/Pedestrian,Pedestrian,Crossing in Crosswalk at Intersection,Dry,No Unusual Condition,Daylight,Intersection <= 20ft,0.0,1,1.0,Driver,North,Making Left Turn,Pedestrian,East,Proceeding Straight,POINT (-122.41967 37.765076),53.0,3.0,2.0,20.0,08
51667,vw_geo_sfpd_cr_switrs_all_types_col_cty_union.fid-c18a0c2_186644fdb18_7db8,30691,26600000.0,13540101.0,130130791,37.7862947508474,-122.431561187476,SFPD-CROSSROADS,CITY STREET,02/14/2013 02:20:00 PM,2013 February 14,14:20:00,2013,February,Thursday,WEBSTER ST,SUTTER ST,6.0,Clear,Injury (Complaint of Pain),Vehicle/Pedestrian,Pedestrian,Crossing in Crosswalk at Intersection,Dry,No Unusual Condition,Daylight,Intersection <= 20ft,0.0,1,1.0,Driver,West,Making Left Turn,Pedestrian,East,Not Stated,POINT (-122.431564 37.786293),101.0,4.0,11.0,15.0,14
51693,vw_geo_sfpd_cr_switrs_all_types_col_cty_union.fid-c18a0c2_18688566ec8_-7b82,18113,25876000.0,4007000.0,130922855,37.7688038866173,-122.429066060451,SFPD-CROSSROADS,CITY STREET,10/30/2013 08:30:00 PM,2013 October 30,20:30:00,2013,October,Wednesday,CHURCH ST,DUBOCE AVE,238.0,Clear,Injury (Complaint of Pain),Vehicle/Pedestrian,Pedestrian,Crossing Not in Crosswalk,Dry,No Unusual Condition,Dark - Street Lights,Midblock > 20ft,0.0,1,1.0,Pedestrian,West,Proceeding Straight,Driver,South,Proceeding Straight,POINT (-122.42907 37.768803),28.0,7.0,5.0,5.0,20
51694,vw_geo_sfpd_cr_switrs_all_types_col_cty_union.fid-c18a0c2_186644fdb18_7efe,44671,27287000.0,352000.0,170914715,37.7819321736037,-122.465422915327,SFPD-CROSSROADS,CITY STREET,11/09/2017 12:19:00 PM,2017 November 09,12:19:00,2017,November,Thursday,07TH AVE,CLEMENT ST,350.0,Clear,Fatal,Rear End,Pedestrian,Crossing Not in Crosswalk,Dry,No Unusual Condition,Daylight,Midblock > 20ft,1.0,0,1.0,Pedestrian,West,Backing,Driver,North,Backing,POINT (-122.46542 37.781933),5.0,8.0,4.0,11.0,12
51697,vw_geo_sfpd_cr_switrs_all_types_col_cty_union.fid-c18a0c2_18688566ec8_-7c0e,38631,23367000.0,12288101.0,130839454,37.7366429692016,-122.494047197553,SFPD-CROSSROADS,CITY STREET,10/04/2013 07:17:00 PM,2013 October 04,19:17:00,2013,October,Friday,SUNSET BLVD,WAWONA ST,5.0,Clear,Injury (Severe),Vehicle/Pedestrian,Pedestrian,Crossing in Crosswalk at Intersection,Dry,No Unusual Condition,Dark - Street Lights,Intersection <= 20ft,0.0,1,1.0,Driver,North,Proceeding Straight,Pedestrian,East,Proceeding Straight,POINT (-122.49405 37.736645),40.0,10.0,7.0,35.0,19
51712,vw_geo_sfpd_cr_switrs_all_types_col_cty_union.fid-c18a0c2_186644fdb18_76ba,56619,22057000.000000004,,210762999,37.7209338160943,-122.440472919623,SFPD-INTERIM DB,CITY STREET,11/19/2021 08:58:00 AM,2021 November 19,08:58:00,2021,November,Friday,CAYUGA AVE,ONEIDA AVE,0.0,Raining,Injury (Complaint of Pain),Vehicle/Pedestrian,Pedestrian,Crossing in Crosswalk at Intersection,Wet,No Unusual Condition,Daylight,Intersection <= 20ft,0.0,1,1.0,Pedestrian,West,Proceeding Straight,Driver,North,Proceeding Straight,POINT (-122.440475 37.720932),80.0,9.0,1.0,28.0,08
51718,vw_geo_sfpd_cr_switrs_all_types_col_cty_union.fid-c18a0c2_186644fdb18_7e6b,13913,24204000.0,,150711557,37.77082024191781,-122.409134368978,SFPD-CROSSROADS,CITY STREET,03/12/2015 12:00:00 PM,2015 March 12,12:00:00,2015,March,Thursday,BRYANT ST,DORE ST,0.0,Clear,Injury (Complaint of Pain),Vehicle/Pedestrian,Pedestrian,"In Road, Including Shoulder",Dry,No Unusual Condition,Daylight,Intersection <= 20ft,0.0,1,,Driver,East,Proceeding Straight,Pedestrian,East,Other,POINT (-122.409134 37.77082),33.0,1.0,10.0,34.0,12
51720,vw_geo_sfpd_cr_switrs_all_types_col_cty_union.fid-c18a0c2_186644fdb18_782d,58965,20298000.0,,220438243,37.7121794860998,-122.40245947948,SFPD-INTERIM DB,CITY STREET,07/04/2022 11:20:00 AM,2022 July 04,11:20:00,2022,July,Monday,BAY SHORE BLVD,ARLETA AVE,0.0,Clear,Injury (Other Visible),Vehicle/Pedestrian,Pedestrian,Crossing in Crosswalk at Intersection,Dry,No Unusual Condition,Daylight,Intersection <= 20ft,0.0,2,1.0,Pedestrian,West,Proceeding Straight,Driver,North,Proceeding Straight,POINT (-122.40246 37.71218),75.0,9.0,9.0,40.0,11
51721,vw_geo_sfpd_cr_switrs_all_types_col_cty_union.fid-c18a0c2_186644fdb18_74a1,56417,26944000.0,,210637819,37.7857223734378,-122.453255493365,SFPD-INTERIM DB,CITY STREET,10/01/2021 09:09:00 AM,2021 October 01,09:09:00,2021,October,Friday,MAYFAIR DR,SPRUCE ST,0.0,Clear,Injury (Severe),Vehicle/Pedestrian,Pedestrian,Crossing Not in Crosswalk,Dry,No Unusual Condition,Daylight,Intersection <= 20ft,0.0,1,1.0,Pedestrian,North,Proceeding Straight,Driver,East,Making Left Turn,POINT (-122.453255 37.78572),11.0,8.0,6.0,31.0,09
51731,vw_geo_sfpd_cr_switrs_all_types_col_cty_union.fid-c18a0c2_186644fdb18_7569,56500,30742000.0,8751101.0,210720323,37.780294276116,-122.412676489599,SFPD-INTERIM DB,CITY STREET,11/02/2021 05:48:00 PM,2021 November 02,17:48:00,2021,November,Tuesday,MARKET ST,07TH ST,85.0,Clear,Injury (Complaint of Pain),Broadside,Pedestrian,Crossing Not in Crosswalk,Dry,No Unusual Condition,Daylight,Midblock > 20ft,0.0,2,1.0,Pedestrian,South,Not Stated,Driver,West,Proceeding Straight,POINT (-122.412674 37.780293),32.0,5.0,10.0,34.0,17
51741,vw_geo_sfpd_cr_switrs_all_types_col_cty_union.fid-c18a0c2_186644fdb18_7549,56784,26434000.000000004,,210705284,37.7691652247851,-122.453536875356,SFPD-INTERIM DB,CITY STREET,10/27/2021 06:12:00 PM,2021 October 27,18:12:00,2021,October,Wednesday,STANYAN ST,HAIGHT ST,0.0,Clear,Injury (Complaint of Pain),Vehicle/Pedestrian,Pedestrian,Crossing in Crosswalk at Intersection,Dry,No Unusual Condition,Daylight,Intersection <= 20ft,0.0,1,1.0,Driver,South,Making Left Turn,Pedestrian,West,Proceeding Straight,POINT (-122.45354 37.769165),9.0,7.0,11.0,12.0,18
51748,vw_geo_sfpd_cr_switrs_all_types_col_cty_union.fid-c18a0c2_18688566ec8_-7d78,4736,21705000.0,,130631589,37.7310398881964,-122.429570698535,SFPD-CROSSROADS,CITY STREET,07/31/2013 05:19:00 PM,2013 July 31,17:19:00,2013,July,Wednesday,ALEMANY BLVD,ROUSSEAU ST,0.0,Clear,Injury (Complaint of Pain),Vehicle/Pedestrian,Pedestrian,Crossing in Crosswalk at Intersection,Dry,No Unusual Condition,Daylight,Intersection <= 20ft,0.0,1,1.0,Driver,West,Proceeding Straight,Pedestrian,North,Not Stated,POINT (-122.42957 37.73104),94.0,9.0,1.0,28.0,17
51755,vw_geo_sfpd_cr_switrs_all_types_col_cty_union.fid-c18a0c2_18688566ec8_-7cce,17952,25881000.0,,130746031,37.7675044598221,-122.428948566692,SFPD-CROSSROADS,CITY STREET,09/06/2013 03:54:00 PM,2013 September 06,15:54:00,2013,September,Friday,MARKET ST,CHURCH ST,0.0,Clear,Injury (Other Visible),Vehicle/Pedestrian,Pedestrian,Crossing in Crosswalk at Intersection,Dry,No Unusual Condition,Daylight,Intersection <= 20ft,0.0,1,1.0,Driver,West,Making Right Turn,Pedestrian,South,Proceeding Straight,POINT (-122.42895 37.767506),28.0,3.0,5.0,5.0,15
51759,vw_geo_sfpd_cr_switrs_all_types_col_cty_union.fid-c18a0c2_18688566ec8_-7cb5,36115,27020000.0,8708101.0,130773391,37.8051542641529,-122.447268464928,SFPD-CROSSROADS,CITY STREET,09/14/2013 03:46:00 PM,2013 September 14,15:46:00,2013,September,Saturday,MARINA BLVD,BAKER ST,7.0,Clear,Injury (Other Visible),Vehicle/Pedestrian,Pedestrian,Crossing in Crosswalk at Intersection,Dry,No Unusual Condition,Daylight,Intersection <= 20ft,0.0,1,1.0,Driver,West,Proceeding Straight,Pedestrian,South,Other,POINT (-122.447266 37.805153),17.0,4.0,6.0,13.0,15
51773,vw_geo_sfpd_cr_switrs_all_types_col_cty_union.fid-c18a0c2_18688566ec8_-7fb2,19335,26409000.000000004,,160180813,37.7697978506529,-122.448578817283,SFPD-CROSSROADS,CITY STREET,03/01/2016 08:50:00 PM,2016 March 01,20:50:00,2016,March,Tuesday,HAIGHT ST,CLAYTON ST,0.0,Clear,Injury (Other Visible),Vehicle/Pedestrian,Pedestrian,Crossing in Crosswalk at Intersection,Dry,No Unusual Condition,Dark - Street Lights,Intersection <= 20ft,0.0,1,1.0,Driver,West,Proceeding Straight,Pedestrian,North,Proceeding Straight,POINT (-122.44858 37.7698),25.0,7.0,11.0,3.0,20
51774,vw_geo_sfpd_cr_switrs_all_types_col_cty_union.fid-c18a0c2_186644fdb18_7ff4,57116,27798000.0,7318000.0,210078592,37.7625229926909,-122.500677446414,SFPD-INTERIM DB,CITY STREET,02/04/2021 07:40:00 AM,2021 February 04,07:40:00,2021,February,Thursday,IRVING ST,41ST AVE,6.0,Clear,Injury (Complaint of Pain),Vehicle/Pedestrian,Pedestrian,Crossing in Crosswalk at Intersection,Dry,No Unusual Condition,Daylight,Intersection <= 20ft,0.0,1,1.0,Driver,East,Proceeding Straight,Pedestrian,North,Proceeding Straight,POINT (-122.50068 37.762524),39.0,10.0,7.0,35.0,07
51776,vw_geo_sfpd_cr_switrs_all_types_col_cty_union.fid-c18a0c2_186644fdb18_773e,58577,25138000.0,,220597253,37.7835156410231,-122.415882537647,SFPD-INTERIM DB,CITY STREET,09/03/2022 11:19:00 AM,2022 September 03,11:19:00,2022,September,Saturday,EDDY ST,HYDE ST,0.0,Clear,Injury (Other Visible),Vehicle/Pedestrian,Pedestrian,Crossing in Crosswalk Not at Intersection,Dry,No Unusual Condition,Daylight,Intersection <= 20ft,0.0,1,1.0,Driver,East,Making Left Turn,Pedestrian,South,Proceeding Straight,POINT (-122.415886 37.783516),20.0,5.0,10.0,36.0,11
51777,vw_geo_sfpd_cr_switrs_all_types_col_cty_union.fid-c18a0c2_186644fdb18_795a,15870,24311000.0,,160818951,37.7774574201244,-122.41315769137,SFPD-CROSSROADS,CITY STREET,10/08/2016 09:15:00 AM,2016 October 08,09:15:00,2016,October,Saturday,MISSION ST,08TH ST,0.0,Clear,Injury (Complaint of Pain),Broadside,Pedestrian,Crossing in Crosswalk at Intersection,Dry,No Unusual Condition,Daylight,Intersection <= 20ft,0.0,1,1.0,Driver,East,Making Left Turn,Pedestrian,North,Proceeding Straight,POINT (-122.413155 37.77746),32.0,1.0,10.0,34.0,09
51782,vw_geo_sfpd_cr_switrs_all_types_col_cty_union.fid-c18a0c2_186644fdb18_75bc,56529,23077000.0,,210755643,37.7310657535802,-122.474856603672,SFPD-INTERIM DB,CITY STREET,11/16/2021 01:54:00 PM,2021 November 16,13:54:00,2021,November,Tuesday,19TH AVE,EUCALYPTUS DR,0.0,Clear,Injury (Complaint of Pain),Vehicle/Pedestrian,Pedestrian,Crossing in Crosswalk at Intersection,Dry,No Unusual Condition,Daylight,Intersection <= 20ft,0.0,1,1.0,Driver,West,Making Left Turn,Pedestrian,East,Proceeding Straight,POINT (-122.47485 37.731068),62.0,10.0,8.0,41.0,13
51784,vw_geo_sfpd_cr_switrs_all_types_col_cty_union.fid-c18a0c2_18688566ec8_-7b57,26131,25153000.0,9729000.0,130800035,37.7856139748403,-122.414366625744,SFPD-CROSSROADS,CITY STREET,09/22/2013 10:08:00 PM,2013 September 22,22:08:00,2013,September,Sunday,OFARRELL ST,LEAVENWORTH ST,73.0,Clear,Injury (Complaint of Pain),Vehicle/Pedestrian,Pedestrian,Crossing Not in Crosswalk,Dry,No Unusual Condition,Dark - Street Lights,Midblock > 20ft,0.0,1,1.0,Pedestrian,South,Entering Traffic,Driver,West,Parking Maneuver,POINT (-122.41437 37.785614),20.0,5.0,10.0,36.0,22
51786,vw_geo_sfpd_cr_switrs_all_types_col_cty_union.fid-c18a0c2_186644fdb18_79ba,58748,27668000.0,,220641640,37.7875617014962,-122.486358958659,SFPD-INTERIM DB,CITY STREET,09/20/2022 07:43:00 AM,2022 September 20,07:43:00,2022,September,Tuesday,EL CAMINO DEL MAR,26TH AVE,0.0,Clear,Injury (Other Visible),Vehicle/Pedestrian,Pedestrian,Crossing in Crosswalk at Intersection,Dry,No Unusual Condition,Daylight,Intersection <= 20ft,0.0,1,,Driver,East,Proceeding Straight,Pedestrian,North,Proceeding Straight,POINT (-122.48636 37.787563),1.0,8.0,6.0,33.0,07
51787,vw_geo_sfpd_cr_switrs_all_types_col_cty_union.fid-c18a0c2_18688566ec8_-7b3a,30262,25167000.0,8134000.0,140146283,37.7870534988907,-122.418274230859,SFPD-CROSSROADS,CITY STREET,02/18/2014 11:30:00 PM,2014 February 18,23:30:00,2014,February,Tuesday,LARKIN ST,POST ST,6.0,Clear,Injury (Complaint of Pain),Vehicle/Pedestrian,Pedestrian,Crossing in Crosswalk at Intersection,Dry,No Unusual Condition,Dark - Street Lights,Intersection <= 20ft,0.0,1,1.0,Driver,East,Making Right Turn,Pedestrian,North,Proceeding Straight,POINT (-122.418274 37.787052),50.0,6.0,3.0,21.0,23
51798,vw_geo_sfpd_cr_switrs_all_types_col_cty_union.fid-c18a0c2_18688566ec8_-7caa,43476,27284000.0,6062201.0,130780023,37.7810220136695,-122.464285761864,SFPD-CROSSROADS,CITY STREET,09/16/2013 06:41:00 PM,2013 September 16,18:41:00,2013,September,Monday,GEARY BLVD,06TH AVE,3.0,Clear,Injury (Severe),Vehicle/Pedestrian,Pedestrian,Crossing in Crosswalk at Intersection,Dry,No Unusual Condition,Daylight,Intersection <= 20ft,0.0,1,1.0,Driver,West,Proceeding Straight,Pedestrian,South,Proceeding Straight,POINT (-122.46429 37.78102),5.0,8.0,4.0,11.0,18
51802,vw_geo_sfpd_cr_switrs_all_types_col_cty_union.fid-c18a0c2_186644fdb18_781f,58994,26410000.0,,220465064,37.7667290744992,-122.450145640836,SFPD-INTERIM DB,CITY STREET,07/14/2022 12:17:00 PM,2022 July 14,12:17:00,2022,July,Thursday,FREDERICK ST,COLE ST,0.0,Clear,Injury (Complaint of Pain),Vehicle/Pedestrian,Pedestrian,Crossing in Crosswalk at Intersection,Dry,No Unusual Condition,Daylight,Intersection <= 20ft,0.0,1,,Pedestrian,North,Other,Driver,East,Making Left Turn,POINT (-122.45014 37.766727),29.0,7.0,11.0,3.0,12
51803,vw_geo_sfpd_cr_switrs_all_types_col_cty_union.fid-c18a0c2_18688566ec8_-7b4d,27857,25165000.0,,130297799,37.7893198488077,-122.415371921764,SFPD-CROSSROADS,CITY STREET,04/11/2013 10:45:00 PM,2013 April 11,22:45:00,2013,April,Thursday,BUSH ST,LEAVENWORTH ST,0.0,Clear,Injury (Complaint of Pain),Vehicle/Pedestrian,Pedestrian,Crossing in Crosswalk at Intersection,Dry,No Unusual Condition,Dark - Street Lights,Intersection <= 20ft,0.0,1,1.0,Driver,East,Making Right Turn,Pedestrian,North,Proceeding Straight,POINT (-122.415375 37.789318),50.0,6.0,3.0,21.0,22
51808,vw_geo_sfpd_cr_switrs_all_types_col_cty_union.fid-c18a0c2_186644fdb18_7461,56088,22990000.0,,210592699,37.7432891692,-122.470234915,SFPD-INTERIM DB,CITY STREET,09/13/2021 04:34:00 PM,2021 September 13,16:34:00,2021,September,Monday,14TH AVE,TARAVAL ST,0.0,Clear,Injury (Other Visible),Vehicle/Pedestrian,Pedestrian,Crossing in Crosswalk at Intersection,Dry,No Unusual Condition,Daylight,Intersection <= 20ft,0.0,2,,Driver,West,Proceeding Straight,Pedestrian,North,Proceeding Straight,POINT (-122.47024 37.74329),44.0,10.0,8.0,41.0,16
51809,vw_geo_sfpd_cr_switrs_all_types_col_cty_union.fid-c18a0c2_186644fdb18_7b91,21919,25968000.0,8899002.0,160379668,37.7786382626202,-122.431714423242,SFPD-CROSSROADS,CITY STREET,05/09/2016 11:47:00 AM,2016 May 09,11:47:00,2016,May,Monday,MCALLISTER ST,FILLMORE ST,14.0,Clear,Injury (Complaint of Pain),Vehicle/Pedestrian,Pedestrian,Crossing in Crosswalk at Intersection,Dry,No Unusual Condition,Daylight,Intersection <= 20ft,0.0,1,1.0,Driver,West,Slowing/Stopping,Pedestrian,South,Proceeding Straight,POINT (-122.43172 37.778637),97.0,4.0,11.0,39.0,11
51815,vw_geo_sfpd_cr_switrs_all_types_col_cty_union.fid-c18a0c2_186644fdb18_7f9d,628,20472000.0,,170025726,37.7224316039158,-122.39562276028,SFPD-CROSSROADS,CITY STREET,01/10/2017 01:45:00 PM,2017 January 10,13:45:00,2017,January,Tuesday,03RD ST,GILMAN AVE,0.0,Clear,Injury (Other Visible),Vehicle/Pedestrian,Pedestrian,Crossing in Crosswalk Not at Intersection,Dry,No Unusual Condition,Daylight,Intersection <= 20ft,0.0,1,1.0,Pedestrian,West,Other,Driver,North,Proceeding Straight,POINT (-122.39562 37.72243),88.0,2.0,9.0,1.0,13
51817,vw_geo_sfpd_cr_switrs_all_types_col_cty_union.fid-c18a0c2_18688566ec8_-7faf,20450,25916000.0,,130906928,37.7759498628609,-122.422787633911,SFPD-CROSSROADS,CITY STREET,10/25/2013 06:50:00 PM,2013 October 25,18:50:00,2013,October,Friday,GOUGH ST,FELL ST,0.0,Clear,Injury (Complaint of Pain),Vehicle/Pedestrian,Pedestrian,Crossing in Crosswalk at Intersection,Dry,No Unusual Condition,Dark - Street Lights,Intersection <= 20ft,0.0,1,1.0,Driver,South,Making Left Turn,Pedestrian,East,Proceeding Straight,POINT (-122.42279 37.77595),22.0,4.0,11.0,9.0,18
51818,vw_geo_sfpd_cr_switrs_all_types_col_cty_union.fid-c18a0c2_186644fdb18_7538,56466,25332000.0,,210696473,37.7986968606874,-122.40786949704,SFPD-INTERIM DB,CITY STREET,10/24/2021 01:57:00 AM,2021 October 24,01:57:00,2021,October,Sunday,VALLEJO ST,COLUMBUS AVE,0.0,Cloudy,Injury (Complaint of Pain),Vehicle/Pedestrian,Pedestrian,Crossing in Crosswalk at Intersection,Wet,No Unusual Condition,Dark - Street Lights,Intersection <= 20ft,0.0,1,1.0,Driver,East,Proceeding Straight,Pedestrian,South,Proceeding Straight,POINT (-122.40787 37.7987),106.0,6.0,3.0,23.0,01
51821,vw_geo_sfpd_cr_switrs_all_types_col_cty_union.fid-c18a0c2_186644fdb18_778a,9090,23564000.0,,160085586,37.7604910087124,-122.388556398456,SFPD-CROSSROADS,CITY STREET,01/29/2016 07:50:00 PM,2016 January 29,19:50:00,2016,January,Friday,03RD ST,20TH ST,0.0,Raining,Injury (Complaint of Pain),Vehicle/Pedestrian,Pedestrian,Crossing in Crosswalk at Intersection,Dry,No Unusual Condition,Dark - Street Lights,Intersection <= 20ft,0.0,2,1.0,Driver,West,Making Right Turn,Pedestrian,South,Not Stated,POINT (-122.38856 37.76049),55.0,2.0,9.0,26.0,19
51824,vw_geo_sfpd_cr_switrs_all_types_col_cty_union.fid-c18a0c2_18688566ec8_-7ecb,36940,22584000.0,6968000.0,130297313,37.7218423005586,-122.457446884521,SFPD-CROSSROADS,CITY STREET,04/11/2013 06:35:00 PM,2013 April 11,18:35:00,2013,April,Thursday,HOLLOWAY AVE,GRANADA AVE,82.0,Clear,Injury (Complaint of Pain),Vehicle/Pedestrian,Pedestrian,Crossing Not in Crosswalk,Dry,No Unusual Condition,Daylight,Midblock > 20ft,0.0,1,1.0,Pedestrian,South,Other,Driver,West,Proceeding Straight,POINT (-122.45744 37.721844),64.0,10.0,8.0,24.0,18
51830,vw_geo_sfpd_cr_switrs_all_types_col_cty_union.fid-c18a0c2_186644fdb18_7883,5061,22134000.0,,130153771,37.7315842259441,-122.439742767163,SFPD-CROSSROADS,CITY STREET,02/22/2013 07:35:00 AM,2013 February 22,07:35:00,2013,February,Friday,MONTEREY BLVD,BADEN ST,0.0,Clear,Injury (Complaint of Pain),Vehicle/Pedestrian,Pedestrian,Crossing in Crosswalk at Intersection,Dry,No Unusual Condition,Daylight,Intersection <= 20ft,0.0,1,1.0,Driver,South,Making Left Turn,Pedestrian,North,Proceeding Straight,POINT (-122.43974 37.731583),95.0,9.0,8.0,41.0,07
51859,vw_geo_sfpd_cr_switrs_all_types_col_cty_union.fid-c18a0c2_186644fdb18_75f3,56562,20110000.0,3735000.0,210784880,37.7219696731206,-122.388066329992,SFPD-INTERIM DB,CITY STREET,11/28/2021 01:15:00 PM,2021 November 28,13:15:00,2021,November,Sunday,CARROLL AVE,INGALLS ST,552.0,Clear,Injury (Other Visible),Vehicle/Pedestrian,Pedestrian,"In Road, Including Shoulder",Dry,No Unusual Condition,Daylight,Midblock > 20ft,0.0,1,,Pedestrian,South,Other,Driver,West,Proceeding Straight,POINT (-122.38807 37.72197),88.0,2.0,9.0,1.0,13