,id,unique_id,cnn_intrsctn_fkey,cnn_sgmt_fkey,case_id_pkey,tb_latitude,tb_longitude,geocode_source,geocode_location,collision_datetime,collision_date,collision_time,accident_year,month,day_of_week,primary_rd,secondary_rd,distance,weather_1,collision_severity,type_of_collision,mviw,ped_action,road_surface,road_cond_1,lighting,intersection,number_killed,number_injured,party_at_fault,party1_type,party1_dir_of_travel,party1_move_pre_acc,party2_type,party2_dir_of_travel,party2_move_pre_acc,point,Neighborhoods,Current Police Districts,Current Supervisor Districts,Analysis Neighborhoods,hour
52119,vw_geo_sfpd_cr_switrs_all_types_col_cty_union.fid-c18a0c2_18688566ec8_-7f4b,6792,24064000.0,1341000.0,140118179,37.7524195320365,-122.415501175837,SFPD-CROSSROADS,CITY STREET,02/09/2014 07:25:00 PM,2014 February 09,19:25:00,2014,February,Sunday,24TH ST,SHOTWELL ST,95.0,Raining,Injury (Other Visible),Vehicle/Pedestrian,Pedestrian,Crossing Not in Crosswalk,Wet,No Unusual Condition,Dark - Street Lights,Midblock > 20ft,0.0,1,1.0,Pedestrian,South,Other,Driver,West,Proceeding Straight,POINT (-122.415504 37.75242),53.0,3.0,2.0,20.0,19
52138,vw_geo_sfpd_cr_switrs_all_types_col_cty_union.fid-c18a0c2_186644fdb18_7c01,55724,20499000.0,,210511558,37.7316629391,-122.390164401,SFPD-INTERIM DB,CITY STREET,08/11/2021 04:26:00 PM,2021 August 11,16:26:00,2021,August,Wednesday,LANE ST,REVERE AVE,0.0,Clear,Injury (Severe),Head-On,Pedestrian,Crossing in Crosswalk at Intersection,Dry,No Unusual Condition,Daylight,Intersection <= 20ft,0.0,2,1.0,Driver,South,Proceeding Straight,Pedestrian,East,Proceeding Straight,POINT (-122.39017 37.731663),86.0,2.0,9.0,1.0,16
52143,vw_geo_sfpd_cr_switrs_all_types_col_cty_union.fid-c18a0c2_186644fdb18_7f78,177,20306000.0,,150543099,37.7088536062553,-122.405109453872,SFPD-CROSSROADS,CITY STREET,06/22/2015 11:38:00 AM,2015 June 22,11:38:00,2015,June,Monday,BAY SHORE BLVD,SUNNYDALE AVE,0.0,Clear,Injury (Other Visible),Vehicle/Pedestrian,Pedestrian,Crossing in Crosswalk at Intersection,Dry,No Unusual Condition,Daylight,Intersection <= 20ft,0.0,1,1.0,Pedestrian,East,Other,Driver,South,Proceeding Straight,POINT (-122.40511 37.708855),89.0,9.0,9.0,40.0,11
52145,vw_geo_sfpd_cr_switrs_all_types_col_cty_union.fid-c18a0c2_18688566ec8_-7f21,40311,27413000.0,,130165908,37.7595957234875,-122.482221163051,SFPD-CROSSROADS,CITY STREET,02/26/2013 08:42:00 AM,2013 February 26,08:42:00,2013,February,Tuesday,KIRKHAM ST,24TH AVE,0.0,Clear,Injury (Complaint of Pain),Vehicle/Pedestrian,Pedestrian,Crossing in Crosswalk at Intersection,Dry,No Unusual Condition,Daylight,Intersection <= 20ft,0.0,1,1.0,Driver,East,Proceeding Straight,Pedestrian,North,Proceeding Straight,POINT (-122.48222 37.759594),39.0,10.0,7.0,35.0,08
52152,vw_geo_sfpd_cr_switrs_all_types_col_cty_union.fid-c18a0c2_186644fdb18_7d47,39403,23202000.0,,160417650,37.7467820371387,-122.475902020779,SFPD-CROSSROADS,CITY STREET,05/22/2016 11:57:00 AM,2016 May 22,11:57:00,2016,May,Sunday,19TH AVE,RIVERA ST,0.0,Clear,Injury (Complaint of Pain),Vehicle/Pedestrian,Pedestrian,Crossing in Crosswalk at Intersection,Dry,No Unusual Condition,Daylight,Intersection <= 20ft,0.0,1,1.0,Driver,South,Making Right Turn,Pedestrian,East,Proceeding Straight,POINT (-122.4759 37.74678),44.0,10.0,8.0,41.0,11
52153,vw_geo_sfpd_cr_switrs_all_types_col_cty_union.fid-c18a0c2_186644fdb18_7888,5769,20810000.0,,170073907,37.7420362210759,-122.403451319267,SFPD-CROSSROADS,CITY STREET,01/27/2017 08:40:00 AM,2017 January 27,08:40:00,2017,January,Friday,OAKDALE AVE,BARNEVELD AVE (W),0.0,Clear,Injury (Other Visible),Vehicle/Pedestrian,Pedestrian,Crossing Not in Crosswalk,Dry,No Unusual Condition,Dusk - Dawn,Intersection <= 20ft,0.0,1,1.0,Pedestrian,South,Other,Driver,East,Proceeding Straight,POINT (-122.40345 37.742035),82.0,2.0,9.0,1.0,08
52159,vw_geo_sfpd_cr_switrs_all_types_col_cty_union.fid-c18a0c2_186644fdb18_7ece,39784,23462000.0,,130472797,37.7418617225583,-122.502476736302,SFPD-CROSSROADS,CITY STREET,06/08/2013 05:45:00 PM,2013 June 08,17:45:00,2013,June,Saturday,TARAVAL ST,44TH AVE,0.0,Clear,Injury (Complaint of Pain),Vehicle/Pedestrian,Pedestrian,"In Road, Including Shoulder",Dry,No Unusual Condition,Daylight,Intersection <= 20ft,0.0,1,1.0,Driver,West,Proceeding Straight,Pedestrian,North,Other,POINT (-122.50248 37.741863),39.0,10.0,7.0,35.0,17
52176,vw_geo_sfpd_cr_switrs_all_types_col_cty_union.fid-c18a0c2_186644fdb18_75f7,57072,20243000.000000004,10397000.0,210786494,37.741952989346,-122.389380102927,SFPD-INTERIM DB,CITY STREET,11/29/2021 05:49:00 AM,2021 November 29,05:49:00,2021,November,Monday,PHELPS ST,GALVEZ AVE,100.0,Clear,Fatal,Vehicle/Pedestrian,Pedestrian,Crossing Not in Crosswalk,Dry,No Unusual Condition,Dark - Street Lights,Midblock > 20ft,1.0,0,1.0,Pedestrian,East,Not Stated,Driver,North,Proceeding Straight,POINT (-122.38938 37.741955),86.0,2.0,9.0,1.0,05
52188,vw_geo_sfpd_cr_switrs_all_types_col_cty_union.fid-c18a0c2_18688566ec8_-7b46,24245,24326000.0,,130932713,37.7820730676135,-122.412220735952,SFPD-CROSSROADS,CITY STREET,11/03/2013 12:25:00 AM,2013 November 03,00:25:00,2013,November,Sunday,GOLDEN GATE AVE,JONES ST,0.0,Clear,Injury (Complaint of Pain),Vehicle/Pedestrian,Pedestrian,Crossing in Crosswalk at Intersection,Dry,No Unusual Condition,Dark - Street Lights,Intersection <= 20ft,0.0,1,1.0,Driver,East,Proceeding Straight,Pedestrian,North,Other,POINT (-122.412224 37.782074),20.0,5.0,10.0,36.0,00
52189,vw_geo_sfpd_cr_switrs_all_types_col_cty_union.fid-c18a0c2_186644fdb18_7d5c,39684,23354000.0,12409000.0,150397078,37.7423890562653,-122.490719158758,SFPD-CROSSROADS,CITY STREET,05/07/2015 12:42:00 PM,2015 May 07,12:42:00,2015,May,Thursday,TARAVAL ST,33RD AVE,8.0,Cloudy,Injury (Complaint of Pain),Vehicle/Pedestrian,Pedestrian,Crossing in Crosswalk at Intersection,Dry,No Unusual Condition,Daylight,Intersection <= 20ft,0.0,1,1.0,Driver,West,Making Left Turn,Pedestrian,South,Proceeding Straight,POINT (-122.49072 37.74239),40.0,10.0,7.0,35.0,12
52208,vw_geo_sfpd_cr_switrs_all_types_col_cty_union.fid-c18a0c2_186644fdb18_7a55,58877,50077999.99999999,374001.0,220600298,37.7748040348394,-122.4054048049,SFPD-INTERIM DB,CITY STREET,09/04/2022 01:46:00 PM,2022 September 04,13:46:00,2022,September,Sunday,07TH ST,I-80 E OFF RAMP,16.0,Clear,Injury (Other Visible),Vehicle/Pedestrian,Pedestrian,Crossing in Crosswalk at Intersection,Dry,No Unusual Condition,Daylight,Intersection <= 20ft,0.0,1,1.0,Driver,East,Proceeding Straight,Pedestrian,South,Proceeding Straight,POINT (-122.4054 37.774803),32.0,1.0,10.0,34.0,13
52210,vw_geo_sfpd_cr_switrs_all_types_col_cty_union.fid-c18a0c2_18688566ec8_-7dce,37407,22223000.0,,130315012,37.7234570073183,-122.454115753319,SFPD-CROSSROADS,CITY STREET,04/17/2013 09:40:00 PM,2013 April 17,21:40:00,2013,April,Wednesday,OCEAN AVE,LEE AVE,0.0,Clear,Injury (Complaint of Pain),Hit Object,Pedestrian,Crossing in Crosswalk at Intersection,Dry,No Unusual Condition,Dark - Street Lights,Intersection <= 20ft,0.0,1,1.0,Pedestrian,North,Proceeding Straight,Driver,East,Proceeding Straight,POINT (-122.45412 37.723457),64.0,10.0,8.0,24.0,21
52213,vw_geo_sfpd_cr_switrs_all_types_col_cty_union.fid-c18a0c2_186644fdb18_76d3,56989,30739000.0,8747103.0,210842911,37.784090460001,-122.407857856118,SFPD-INTERIM DB,CITY STREET,12/21/2021 01:11:00 PM,2021 December 21,13:11:00,2021,December,Tuesday,MARKET ST,05TH ST,73.0,Cloudy,Injury (Other Visible),Vehicle/Pedestrian,Pedestrian,Crossing Not in Crosswalk,Dry,No Unusual Condition,Daylight,Midblock > 20ft,0.0,1,1.0,Pedestrian,South,Proceeding Straight,Driver,West,Proceeding Straight,POINT (-122.40786 37.784092),32.0,5.0,10.0,34.0,13
52219,vw_geo_sfpd_cr_switrs_all_types_col_cty_union.fid-c18a0c2_186644fdb18_7ac9,58770,54098000.0,15035000.0,220449030,37.7694807891027,-122.394053493971,SFPD-INTERIM DB,CITY STREET,07/08/2022 08:25:00 AM,2022 July 08,08:25:00,2022,July,Friday,NELSON RISING LN,SIXTH ST,25.0,Clear,Injury (Severe),Vehicle/Pedestrian,Pedestrian,Crossing in Crosswalk at Intersection,Dry,No Unusual Condition,Daylight,Midblock > 20ft,0.0,1,1.0,Driver,West,Making Right Turn,Pedestrian,South,Proceeding Straight,POINT (-122.39405 37.76948),34.0,1.0,10.0,4.0,08
52222,vw_geo_sfpd_cr_switrs_all_types_col_cty_union.fid-c18a0c2_18688566ec8_-7bf7,24658,30739000.0,8747103.0,130852785,37.7840023348954,-122.408007354994,SFPD-CROSSROADS,CITY STREET,10/08/2013 02:00:00 PM,2013 October 08,14:00:00,2013,October,Tuesday,MARKET ST,05TH ST,20.0,Clear,Injury (Complaint of Pain),Vehicle/Pedestrian,Pedestrian,Not in Road,Dry,No Unusual Condition,Daylight,Intersection <= 20ft,0.0,1,1.0,Driver,West,Slowing/Stopping,Pedestrian,West,Stopped In Road,POINT (-122.408005 37.784004),32.0,5.0,10.0,34.0,14
52224,vw_geo_sfpd_cr_switrs_all_types_col_cty_union.fid-c18a0c2_186644fdb18_7e5a,4939,21827000.0,,150205233,37.7360611726846,-122.424466262681,SFPD-CROSSROADS,CITY STREET,03/07/2015 06:07:00 AM,2015 March 07,06:07:00,2015,March,Saturday,MISSION ST,RICHLAND AVE,0.0,Clear,Injury (Complaint of Pain),Vehicle/Pedestrian,Pedestrian,Crossing in Crosswalk at Intersection,Dry,No Unusual Condition,Dark - Street Lights,Intersection <= 20ft,0.0,1,2.0,Driver,North,Other,Pedestrian,West,Proceeding Straight,POINT (-122.42447 37.73606),61.0,9.0,5.0,2.0,06
52227,vw_geo_sfpd_cr_switrs_all_types_col_cty_union.fid-c18a0c2_186644fdb18_785f,4000,21723000.0,,140826883,37.7243163723961,-122.434033481256,SFPD-CROSSROADS,CITY STREET,10/01/2014 10:19:00 AM,2014 October 01,10:19:00,2014,October,Wednesday,BRAZIL AVE,LONDON ST,0.0,Clear,Injury (Complaint of Pain),Vehicle/Pedestrian,Pedestrian,Crossing in Crosswalk at Intersection,Dry,No Unusual Condition,Daylight,Intersection <= 20ft,0.0,1,1.0,Driver,East,Making Right Turn,Pedestrian,West,Proceeding Straight,POINT (-122.43404 37.724316),90.0,9.0,1.0,7.0,10
52243,vw_geo_sfpd_cr_switrs_all_types_col_cty_union.fid-c18a0c2_186644fdb18_7cc8,56840,27357000.0,,210762422,37.7637523301963,-122.472789705069,SFPD-INTERIM DB,CITY STREET,11/18/2021 10:30:00 PM,2021 November 18,22:30:00,2021,November,Thursday,IRVING ST,15TH AVE,0.0,Clear,Injury (Complaint of Pain),Vehicle/Pedestrian,Pedestrian,Crossing in Crosswalk at Intersection,Dry,No Unusual Condition,Dark - Street Lights,Intersection <= 20ft,0.0,1,1.0,Driver,East,Proceeding Straight,Pedestrian,South,Proceeding Straight,POINT (-122.472786 37.763752),109.0,10.0,11.0,14.0,22
52244,vw_geo_sfpd_cr_switrs_all_types_col_cty_union.fid-c18a0c2_186644fdb18_7bd6,1585,21710000.0,,150818820,37.7189161011195,-122.431584857946,SFPD-CROSSROADS,CITY STREET,09/18/2015 08:30:00 AM,2015 September 18,08:30:00,2015,September,Friday,RUSSIA AVE,VIENNA ST,0.0,Clear,Injury (Other Visible),Vehicle/Pedestrian,Pedestrian,Crossing in Crosswalk at Intersection,Dry,No Unusual Condition,Daylight,Intersection <= 20ft,0.0,1,1.0,Driver,East,Proceeding Straight,Pedestrian,South,Proceeding Straight,POINT (-122.43159 37.718918),90.0,9.0,1.0,7.0,08
52249,vw_geo_sfpd_cr_switrs_all_types_col_cty_union.fid-c18a0c2_186644fdb18_7e82,34398,25481000.0,,160626403,37.806554632923,-122.413786659393,SFPD-CROSSROADS,CITY STREET,08/02/2016 05:23:00 PM,2016 August 02,17:23:00,2016,August,Tuesday,NORTH POINT ST,MASON ST,0.0,Clear,Injury (Other Visible),Vehicle/Pedestrian,Pedestrian,Crossing in Crosswalk at Intersection,Dry,No Unusual Condition,Daylight,Intersection <= 20ft,0.0,1,1.0,Pedestrian,North,Proceeding Straight,Driver,East,Proceeding Straight,POINT (-122.41379 37.806553),99.0,6.0,3.0,23.0,17
52252,vw_geo_sfpd_cr_switrs_all_types_col_cty_union.fid-c18a0c2_18688566ec8_-7e03,36594,22524000.0,,130382475,37.7124218711302,-122.467072691854,SFPD-CROSSROADS,CITY STREET,05/09/2013 09:50:00 PM,2013 May 09,21:50:00,2013,May,Thursday,BROTHERHOOD WAY,ARCH ST,0.0,Clear,Injury (Complaint of Pain),Vehicle/Pedestrian,Pedestrian,Crossing in Crosswalk at Intersection,Dry,No Unusual Condition,Dark - Street Lights,Intersection <= 20ft,0.0,1,1.0,Driver,East,Making Left Turn,Pedestrian,North,Proceeding Straight,POINT (-122.46707 37.71242),65.0,10.0,8.0,24.0,21
52256,vw_geo_sfpd_cr_switrs_all_types_col_cty_union.fid-c18a0c2_186644fdb18_79b0,58908,27525000.0,5933000.0,220644199,37.7724818173696,-122.486109280112,SFPD-INTERIM DB,CITY STREET,09/21/2022 12:08:00 AM,2022 September 21,00:08:00,2022,September,Wednesday,FULTON ST,27TH AVE,65.0,Clear,Injury (Other Visible),Head-On,Pedestrian,Crossing Not in Crosswalk,Dry,No Unusual Condition,Dark - Street Lights,Midblock > 20ft,0.0,1,1.0,Pedestrian,North,Proceeding Straight,Driver,East,Proceeding Straight,POINT (-122.48611 37.77248),9.0,8.0,4.0,12.0,00
52258,vw_geo_sfpd_cr_switrs_all_types_col_cty_union.fid-c18a0c2_186644fdb18_7407,55811,27020000.0,8709101.0,210549468,37.8051499652,-122.447303265,SFPD-INTERIM DB,CITY STREET,08/27/2021 12:42:00 PM,2021 August 27,12:42:00,2021,August,Friday,MARINA BLVD,BAKER ST,6.0,Clear,Injury (Other Visible),Broadside,Pedestrian,Crossing in Crosswalk at Intersection,Dry,No Unusual Condition,Daylight,Intersection <= 20ft,0.0,2,1.0,Bicyclist,West,Proceeding Straight,Pedestrian,North,Proceeding Straight,POINT (-122.4473 37.80515),17.0,4.0,6.0,13.0,12
52261,vw_geo_sfpd_cr_switrs_all_types_col_cty_union.fid-c18a0c2_186644fdb18_7fec,16823,24435000.000000004,8122000.0,140006825,37.779595281574,-122.416770290341,SFPD-CROSSROADS,CITY STREET,01/03/2014 10:10:00 AM,2014 January 03,10:10:00,2014,January,Friday,LARKIN ST,FULTON ST,4.0,Clear,Injury (Other Visible),Vehicle/Pedestrian,Pedestrian,Crossing in Crosswalk at Intersection,Dry,No Unusual Condition,Daylight,Intersection <= 20ft,0.0,1,1.0,Pedestrian,West,Other,Driver,South,Proceeding Straight,POINT (-122.41677 37.779594),21.0,5.0,10.0,36.0,10
52265,vw_geo_sfpd_cr_switrs_all_types_col_cty_union.fid-c18a0c2_186644fdb18_7f62,40,51676000.0,19131001.0,140789742,37.7292931091014,-122.367736813398,SFPD-CROSSROADS,CITY STREET,09/19/2014 11:25:00 AM,2014 September 19,11:25:00,2014,September,Friday,INNES AVE,FRIEDELL ST,264.0,Clear,Injury (Complaint of Pain),Vehicle/Pedestrian,Pedestrian,"In Road, Including Shoulder",Dry,Construction or Repair Zone,Daylight,Midblock > 20ft,0.0,1,1.0,Driver,South,Proceeding Straight,Pedestrian,South,Proceeding Straight,POINT (-122.36774 37.729294),78.0,2.0,9.0,1.0,11
52280,vw_geo_sfpd_cr_switrs_all_types_col_cty_union.fid-c18a0c2_186644fdb18_7bd1,25597,24603000.0,9090000.0,180098901,37.788383627,-122.39932118,SFPD-INTERIM DB,CITY STREET,02/06/2018 01:23:00 PM,2018 February 06,13:23:00,2018,February,Tuesday,MISSION ST,ANTHONY ST,15.0,Clear,Injury (Other Visible),Vehicle/Pedestrian,Pedestrian,Crossing Not in Crosswalk,Dry,No Unusual Condition,Daylight,Intersection <= 20ft,0.0,1,,Pedestrian,North,Proceeding Straight,Driver,East,Making Left Turn,POINT (-122.39932 37.788383),32.0,1.0,10.0,8.0,13
52287,vw_geo_sfpd_cr_switrs_all_types_col_cty_union.fid-c18a0c2_18688566ec8_-7e57,16587,24287000.0,7045000.0,130424124,37.7788406336272,-122.408296865144,SFPD-CROSSROADS,CITY STREET,05/23/2013 11:40:00 AM,2013 May 23,11:40:00,2013,May,Thursday,HOWARD ST,RUSS ST,10.0,Clear,Injury (Complaint of Pain),Vehicle/Pedestrian,Pedestrian,Crossing Not in Crosswalk,Dry,No Unusual Condition,Daylight,Intersection <= 20ft,0.0,1,1.0,Pedestrian,South,Proceeding Straight,Driver,West,Making Left Turn,POINT (-122.408295 37.77884),32.0,1.0,10.0,34.0,11
52291,vw_geo_sfpd_cr_switrs_all_types_col_cty_union.fid-c18a0c2_18688566ec8_-7b13,33892,25352000.0,4295000.0,130051222,37.7997391992792,-122.409374445367,SFPD-CROSSROADS,CITY STREET,01/18/2013 10:10:00 PM,2013 January 18,22:10:00,2013,January,Friday,COLUMBUS AVE,GREEN ST,138.0,Clear,Injury (Other Visible),Vehicle/Pedestrian,Pedestrian,Crossing Not in Crosswalk,Dry,No Unusual Condition,Dark - No Street Lights,Midblock > 20ft,0.0,1,1.0,Pedestrian,West,Not Stated,Driver,South,Proceeding Straight,POINT (-122.40938 37.79974),106.0,6.0,3.0,6.0,22
52295,vw_geo_sfpd_cr_switrs_all_types_col_cty_union.fid-c18a0c2_18688566ec8_-7ff3,4041,21683000.0,,180842532,37.7262817077,-122.429280199,SFPD-INTERIM DB,CITY STREET,11/06/2018 08:34:00 AM,2018 November 06,08:34:00,2018,November,Tuesday,MADRID ST,AVALON AVE,0.0,Clear,Injury (Complaint of Pain),Vehicle/Pedestrian,Pedestrian,Crossing in Crosswalk at Intersection,Dry,No Unusual Condition,Dusk - Dawn,Intersection <= 20ft,0.0,1,1.0,Driver,East,Making Right Turn,Pedestrian,West,Proceeding Straight,POINT (-122.42928 37.72628),90.0,9.0,1.0,7.0,08
52306,vw_geo_sfpd_cr_switrs_all_types_col_cty_union.fid-c18a0c2_186644fdb18_7dc1,40822,27353000.0,,160176351,37.7599752990598,-122.473652326694,SFPD-CROSSROADS,CITY STREET,02/29/2016 01:17:00 PM,2016 February 29,13:17:00,2016,February,Monday,KIRKHAM ST,16TH AVE,0.0,Clear,Injury (Severe),Vehicle/Pedestrian,Pedestrian,Crossing in Crosswalk at Intersection,Dry,No Unusual Condition,Daylight,Intersection <= 20ft,0.0,1,1.0,Driver,West,Making Right Turn,Pedestrian,North,Other,POINT (-122.473656 37.759975),44.0,10.0,8.0,14.0,13
52309,vw_geo_sfpd_cr_switrs_all_types_col_cty_union.fid-c18a0c2_186644fdb18_7d2d,19344,26409000.000000004,6620000.0,130055672,37.7697939680084,-122.448609264663,SFPD-CROSSROADS,CITY STREET,01/20/2013 03:20:00 PM,2013 January 20,15:20:00,2013,January,Sunday,HAIGHT ST,CLAYTON ST,9.0,Clear,Injury (Complaint of Pain),Vehicle/Pedestrian,Pedestrian,Crossing in Crosswalk at Intersection,Dry,No Unusual Condition,Daylight,Intersection <= 20ft,0.0,1,1.0,Driver,West,Proceeding Straight,Pedestrian,South,Proceeding Straight,POINT (-122.44861 37.769794),25.0,7.0,11.0,3.0,15
52310,vw_geo_sfpd_cr_switrs_all_types_col_cty_union.fid-c18a0c2_186644fdb18_7a44,59185,25304000.000000004,7396000.0,220607852,37.7940527436834,-122.422122306263,SFPD-INTERIM DB,CITY STREET,09/07/2022 09:35:00 AM,2022 September 07,09:35:00,2022,September,Wednesday,JACKSON ST,POLK ST,210.0,Clear,Injury (Other Visible),Vehicle/Pedestrian,Pedestrian,"In Road, Including Shoulder",Dry,No Unusual Condition,Daylight,Midblock > 20ft,0.0,1,1.0,Driver,East,Traveling Wrong Way,Pedestrian,East,Other,POINT (-122.42212 37.794052),105.0,4.0,3.0,32.0,09
52312,vw_geo_sfpd_cr_switrs_all_types_col_cty_union.fid-c18a0c2_186644fdb18_76c2,56575,21631000.0,,210796669,37.7181475584383,-122.429978026126,SFPD-INTERIM DB,CITY STREET,12/02/2021 07:34:00 PM,2021 December 02,19:34:00,2021,December,Thursday,RUSSIA AVE,MOSCOW ST,0.0,Clear,Injury (Other Visible),Broadside,Pedestrian,Crossing Not in Crosswalk,Dry,No Unusual Condition,Dark - Street Lights,Intersection <= 20ft,0.0,1,1.0,Pedestrian,West,Proceeding Straight,Driver,South,Proceeding Straight,POINT (-122.42998 37.718147),90.0,9.0,1.0,7.0,19
52315,vw_geo_sfpd_cr_switrs_all_types_col_cty_union.fid-c18a0c2_186644fdb18_7cb9,35732,26701000.0,,180373333,37.8043549248,-122.423466053,SFPD-INTERIM DB,CITY STREET,05/19/2018 01:05:00 PM,2018 May 19,13:05:00,2018,May,Saturday,BAY ST,POLK ST,0.0,Clear,Injury (Other Visible),Vehicle/Pedestrian,Pedestrian,Crossing in Crosswalk at Intersection,Dry,No Unusual Condition,Daylight,Intersection <= 20ft,0.0,1,1.0,Driver,East,Making Left Turn,Pedestrian,North,Proceeding Straight,POINT (-122.42347 37.804356),98.0,6.0,6.0,32.0,13
52334,vw_geo_sfpd_cr_switrs_all_types_col_cty_union.fid-c18a0c2_18688566ec8_-7b25,32692,25315000.0,,130220659,37.7959454025902,-122.421768167336,SFPD-CROSSROADS,CITY STREET,03/16/2013 11:41:00 PM,2013 March 16,23:41:00,2013,March,Saturday,POLK ST,BROADWAY,0.0,Clear,Injury (Other Visible),Vehicle/Pedestrian,Pedestrian,Crossing in Crosswalk at Intersection,Dry,No Unusual Condition,Dark - Street Lights,Intersection <= 20ft,0.0,1,1.0,Pedestrian,East,Proceeding Straight,Driver,North,Proceeding Straight,POINT (-122.42177 37.795944),105.0,4.0,3.0,32.0,23
52344,vw_geo_sfpd_cr_switrs_all_types_col_cty_union.fid-c18a0c2_186644fdb18_74a4,56422,30734000.0,,210639097,37.7892643223925,-122.40137549141,SFPD-INTERIM DB,CITY STREET,10/02/2021 01:40:00 PM,2021 October 02,13:40:00,2021,October,Saturday,02ND ST,MARKET ST,0.0,Clear,Injury (Other Visible),Vehicle/Pedestrian,Pedestrian,Crossing in Crosswalk at Intersection,Dry,No Unusual Condition,Daylight,Intersection <= 20ft,0.0,1,1.0,Driver,West,Proceeding Straight,Pedestrian,South,Other,POINT (-122.401375 37.789265),108.0,6.0,3.0,8.0,13
52369,vw_geo_sfpd_cr_switrs_all_types_col_cty_union.fid-c18a0c2_18688566ec8_-7f72,14770,23827000.0,,130030204,37.7783268312624,-122.396530638131,SFPD-CROSSROADS,CITY STREET,01/11/2013 03:06:00 PM,2013 January 11,15:06:00,2013,January,Friday,04TH ST,BRANNAN ST,0.0,Clear,Injury (Severe),Vehicle/Pedestrian,Pedestrian,Crossing in Crosswalk at Intersection,Dry,No Unusual Condition,Dusk - Dawn,Intersection <= 20ft,0.0,1,1.0,Driver,South,Making Left Turn,Pedestrian,East,Proceeding Straight,POINT (-122.39653 37.778328),32.0,1.0,10.0,34.0,15
52372,vw_geo_sfpd_cr_switrs_all_types_col_cty_union.fid-c18a0c2_18688566ec8_-7e5b,17553,24241000.0,12019201.0,130089530,37.7697464598879,-122.417797863831,SFPD-CROSSROADS,CITY STREET,01/31/2013 08:59:00 PM,2013 January 31,20:59:00,2013,January,Thursday,VAN NESS AVE,13TH ST,30.0,Clear,Injury (Other Visible),Vehicle/Pedestrian,Pedestrian,Crossing Not in Crosswalk,Dry,No Unusual Condition,Dark - Street Lights,Midblock > 20ft,0.0,1,1.0,Pedestrian,South,Not Stated,Driver,South,Not Stated,POINT (-122.4178 37.769745),53.0,3.0,2.0,20.0,20
52375,vw_geo_sfpd_cr_switrs_all_types_col_cty_union.fid-c18a0c2_18688566ec8_-7e01,36651,33473000.0,7710203.0,130095559,37.7135873326148,-122.471519760458,SFPD-CROSSROADS,CITY STREET,02/02/2013 09:05:00 PM,2013 February 02,21:05:00,2013,February,Saturday,JUNIPERO SERRA BLVD,19TH AVE,1342.0,Clear,Injury (Other Visible),Head-On,Pedestrian,Crossing Not in Crosswalk,Dry,No Unusual Condition,Dark - Street Lights,Midblock > 20ft,0.0,2,1.0,Pedestrian,West,Entering Traffic,Driver,South,Proceeding Straight,POINT (-122.47152 37.71359),65.0,10.0,8.0,24.0,21
52378,vw_geo_sfpd_cr_switrs_all_types_col_cty_union.fid-c18a0c2_18688566ec8_-7bdb,29531,26585000.0,,6046408,37.7825698890392,-122.430797880756,SFPD-CROSSROADS,CITY STREET,11/30/2012 04:10:00 PM,2012 November 30,16:10:00,2012,November,Friday,WEBSTER ST,ELLIS ST,0.0,Cloudy,Injury (Complaint of Pain),Sideswipe,Pedestrian,Crossing in Crosswalk Not at Intersection,Wet,No Unusual Condition,Daylight,Intersection <= 20ft,0.0,1,,Driver,South,Proceeding Straight,Pedestrian,East,Proceeding Straight,POINT (-122.4308 37.78257),97.0,4.0,11.0,39.0,16
52382,vw_geo_sfpd_cr_switrs_all_types_col_cty_union.fid-c18a0c2_186644fdb18_7f8a,6267,33287000.0,2479103.0,130105396,37.7487548478196,-122.406720591739,SFPD-CROSSROADS,CITY STREET,02/06/2013 08:06:00 AM,2013 February 06,08:06:00,2013,February,Wednesday,CESAR CHAVEZ ST,HAMPSHIRE ST,16.0,Clear,Injury (Severe),Vehicle/Pedestrian,Pedestrian,Crossing Not in Crosswalk,Dry,No Unusual Condition,Daylight,Intersection <= 20ft,0.0,1,1.0,Pedestrian,North,Other,Driver,East,Proceeding Straight,POINT (-122.40672 37.748756),60.0,3.0,2.0,2.0,08
52400,vw_geo_sfpd_cr_switrs_all_types_col_cty_union.fid-c18a0c2_186644fdb18_7bc5,15707,24302000.0,,140915577,37.7766609873028,-122.412157953595,SFPD-CROSSROADS,CITY STREET,10/29/2014 10:02:00 AM,2014 October 29,10:02:00,2014,October,Wednesday,08TH ST,NATOMA ST,0.0,Clear,Injury (Complaint of Pain),Vehicle/Pedestrian,Pedestrian,Crossing in Crosswalk at Intersection,Dry,No Unusual Condition,Daylight,Intersection <= 20ft,0.0,1,1.0,Driver,East,Making Left Turn,Pedestrian,North,Other,POINT (-122.412155 37.77666),32.0,1.0,10.0,34.0,10