,id,unique_id,cnn_intrsctn_fkey,cnn_sgmt_fkey,case_id_pkey,tb_latitude,tb_longitude,geocode_source,geocode_location,collision_datetime,collision_date,collision_time,accident_year,month,day_of_week,primary_rd,secondary_rd,distance,weather_1,collision_severity,type_of_collision,mviw,ped_action,road_surface,road_cond_1,lighting,intersection,number_killed,number_injured,party_at_fault,party1_type,party1_dir_of_travel,party1_move_pre_acc,party2_type,party2_dir_of_travel,party2_move_pre_acc,point,Neighborhoods,Current Police Districts,Current Supervisor Districts,Analysis Neighborhoods,hour
52402,vw_geo_sfpd_cr_switrs_all_types_col_cty_union.fid-c18a0c2_186644fdb18_7ded,41505,27923000.0,,131089333,37.7530115305045,-122.504333368043,SFPD-CROSSROADS,CITY STREET,12/28/2013 11:44:00 AM,2013 December 28,11:44:00,2013,December,Saturday,NORIEGA ST,45TH AVE,0.0,Clear,Injury (Complaint of Pain),Vehicle/Pedestrian,Pedestrian,Crossing in Crosswalk at Intersection,Dry,No Unusual Condition,Daylight,Intersection <= 20ft,0.0,1,1.0,Driver,West,Not Stated,Pedestrian,North,Proceeding Straight,POINT (-122.50433 37.75301),39.0,10.0,7.0,35.0,11
52418,vw_geo_sfpd_cr_switrs_all_types_col_cty_union.fid-c18a0c2_186644fdb18_7960,58887,25865000.0,,220611320,37.7690423900917,-122.426858289434,SFPD-INTERIM DB,CITY STREET,09/08/2022 12:23:00 PM,2022 September 08,12:23:00,2022,September,Thursday,MARKET ST,DOLORES ST,0.0,Clear,Injury (Other Visible),Vehicle/Pedestrian,Pedestrian,Crossing in Crosswalk at Intersection,Dry,No Unusual Condition,Daylight,Intersection <= 20ft,0.0,1,1.0,Pedestrian,North,Proceeding Straight,Driver,East,Proceeding Straight,POINT (-122.42686 37.769043),37.0,3.0,5.0,5.0,12
52423,vw_geo_sfpd_cr_switrs_all_types_col_cty_union.fid-c18a0c2_186644fdb18_7a8a,2864,20887000.000000004,2582000.0,150172375,37.7268658421162,-122.406537402216,SFPD-CROSSROADS,CITY STREET,02/27/2015 10:01:00 AM,2015 February 27,10:01:00,2015,February,Friday,BACON ST,GOETTINGEN ST,9.0,Clear,Injury (Complaint of Pain),Vehicle/Pedestrian,Pedestrian,Crossing in Crosswalk at Intersection,Dry,No Unusual Condition,Daylight,Intersection <= 20ft,0.0,1,1.0,Driver,East,Making Left Turn,Pedestrian,North,Proceeding Straight,POINT (-122.40654 37.726868),91.0,2.0,2.0,25.0,10
52426,vw_geo_sfpd_cr_switrs_all_types_col_cty_union.fid-c18a0c2_18688566ec8_-7b32,42992,27213000.000000004,2645000.0,130946297,37.7772728782854,-122.458597591551,SFPD-CROSSROADS,CITY STREET,11/07/2013 07:26:00 PM,2013 November 07,19:26:00,2013,November,Thursday,BALBOA ST,ARGUELLO BLVD,8.0,Clear,Injury (Complaint of Pain),Vehicle/Pedestrian,Pedestrian,Crossing in Crosswalk at Intersection,Dry,No Unusual Condition,Dark - Street Lights,Intersection <= 20ft,0.0,1,1.0,Driver,West,Making Left Turn,Pedestrian,North,Other,POINT (-122.458595 37.77727),5.0,8.0,4.0,11.0,19
52428,vw_geo_sfpd_cr_switrs_all_types_col_cty_union.fid-c18a0c2_18688566ec8_-7e06,36561,22473000.0,5407000.0,150482754,37.7140655468711,-122.457615509706,SFPD-CROSSROADS,CITY STREET,06/02/2015 07:55:00 PM,2015 June 02,19:55:00,2015,June,Tuesday,FARALLONES ST,PLYMOUTH AVE,450.0,Clear,Injury (Complaint of Pain),Vehicle/Pedestrian,Pedestrian,Not in Road,Dry,No Unusual Condition,Daylight,Midblock > 20ft,0.0,1,1.0,Driver,North,Backing,Pedestrian,West,Other,POINT (-122.45762 37.714066),81.0,10.0,1.0,24.0,19
52436,vw_geo_sfpd_cr_switrs_all_types_col_cty_union.fid-c18a0c2_186644fdb18_74b1,11909,24170000.0,9115000.0,131062038,37.7650638354617,-122.419670176554,SFPD-CROSSROADS,CITY STREET,12/18/2013 09:55:00 AM,2013 December 18,09:55:00,2013,December,Wednesday,MISSION ST,16TH ST,5.0,Clear,Injury (Other Visible),Vehicle/Pedestrian,Pedestrian,Crossing in Crosswalk at Intersection,Dry,No Unusual Condition,Daylight,Intersection <= 20ft,0.0,1,1.0,Driver,North,Making Left Turn,Pedestrian,West,Proceeding Straight,POINT (-122.41967 37.765064),53.0,3.0,2.0,20.0,09
52440,vw_geo_sfpd_cr_switrs_all_types_col_cty_union.fid-c18a0c2_186644fdb18_7606,56569,20460000.0,,210794265,37.7202309123473,-122.396617025518,SFPD-INTERIM DB,CITY STREET,12/01/2021 08:45:00 PM,2021 December 01,20:45:00,2021,December,Wednesday,JAMESTOWN AVE,03RD ST,0.0,Clear,Injury (Other Visible),Vehicle/Pedestrian,Pedestrian,Crossing in Crosswalk at Intersection,Dry,No Unusual Condition,Dark - Street Lights,Intersection <= 20ft,0.0,1,1.0,Driver,East,Making Right Turn,Pedestrian,South,Proceeding Straight,POINT (-122.396614 37.72023),88.0,2.0,9.0,1.0,20
52450,vw_geo_sfpd_cr_switrs_all_types_col_cty_union.fid-c18a0c2_186644fdb18_7666,359,20321000.0,,170999240,37.7129948425249,-122.402097908476,SFPD-CROSSROADS,CITY STREET,12/10/2017 05:30:00 PM,2017 December 10,17:30:00,2017,December,Sunday,SAN BRUNO AVE,TEDDY AVE,0.0,Clear,Injury (Other Visible),Vehicle/Pedestrian,Pedestrian,Crossing Not in Crosswalk,Dry,No Unusual Condition,Dusk - Dawn,Intersection <= 20ft,0.0,1,,Driver,South,Making Right Turn,Pedestrian,North,Entering Traffic,POINT (-122.4021 37.712994),75.0,9.0,9.0,40.0,17
52467,vw_geo_sfpd_cr_switrs_all_types_col_cty_union.fid-c18a0c2_186644fdb18_778d,58902,26053000.0,,220634037,37.774991947509,-122.437798747311,SFPD-INTERIM DB,CITY STREET,09/16/2022 08:13:00 PM,2022 September 16,20:13:00,2022,September,Friday,DIVISADERO ST,HAYES ST,0.0,Clear,Injury (Complaint of Pain),Vehicle/Pedestrian,Pedestrian,Crossing in Crosswalk at Intersection,Dry,No Unusual Condition,Dark - Street Lights,Intersection <= 20ft,0.0,1,2.0,Driver,North,Proceeding Straight,Pedestrian,East,Proceeding Straight,POINT (-122.4378 37.77499),24.0,4.0,11.0,9.0,20
52475,vw_geo_sfpd_cr_switrs_all_types_col_cty_union.fid-c18a0c2_18688566ec8_-7c9e,121,20180000.0,9011000.0,130787499,37.736834492499,-122.379409204215,SFPD-CROSSROADS,CITY STREET,09/18/2013 08:33:00 PM,2013 September 18,20:33:00,2013,September,Wednesday,MIDDLE POINT RD,WEST POINT RD,27.0,Clear,Injury (Other Visible),Vehicle/Pedestrian,Pedestrian,Crossing in Crosswalk at Intersection,Dry,No Unusual Condition,Dark - Street Lights,Midblock > 20ft,0.0,1,1.0,Driver,North,Proceeding Straight,Pedestrian,East,Other,POINT (-122.37941 37.736835),86.0,2.0,9.0,1.0,20
52477,vw_geo_sfpd_cr_switrs_all_types_col_cty_union.fid-c18a0c2_186644fdb18_7bd2,25686,30735000.0,,160118557,37.7887211522174,-122.402065729925,SFPD-CROSSROADS,CITY STREET,02/09/2016 01:49:00 PM,2016 February 09,13:49:00,2016,February,Tuesday,MARKET ST,MONTGOMERY ST,0.0,Clear,Injury (Complaint of Pain),Vehicle/Pedestrian,Pedestrian,Crossing in Crosswalk at Intersection,Dry,No Unusual Condition,Daylight,Intersection <= 20ft,0.0,1,1.0,Driver,South,Making Left Turn,Pedestrian,North,Not Stated,POINT (-122.40207 37.788723),19.0,6.0,3.0,8.0,13
52492,vw_geo_sfpd_cr_switrs_all_types_col_cty_union.fid-c18a0c2_18688566ec8_-7ddc,6859,21835000.0,,130542679,37.7388432847551,-122.42394878367,SFPD-CROSSROADS,CITY STREET,07/02/2013 09:06:00 AM,2013 July 02,09:06:00,2013,July,Tuesday,MISSION ST,APPLETON AVE,0.0,Clear,Injury (Other Visible),Vehicle/Pedestrian,Pedestrian,Crossing in Crosswalk at Intersection,Dry,No Unusual Condition,Daylight,Intersection <= 20ft,0.0,1,1.0,Driver,West,Making Right Turn,Pedestrian,East,Proceeding Straight,POINT (-122.42395 37.738842),61.0,9.0,5.0,2.0,09
52502,vw_geo_sfpd_cr_switrs_all_types_col_cty_union.fid-c18a0c2_18688566ec8_-7be5,39115,23199000.0,1151000.0,130865471,37.7427571526552,-122.478894204257,SFPD-CROSSROADS,CITY STREET,10/12/2013 10:40:00 PM,2013 October 12,22:40:00,2013,October,Saturday,22ND AVE,TARAVAL ST,55.0,Clear,Injury (Complaint of Pain),Vehicle/Pedestrian,Pedestrian,Crossing Not in Crosswalk,Dry,No Unusual Condition,Dark - Street Lights,Midblock > 20ft,0.0,1,1.0,Pedestrian,West,Other,Driver,South,Proceeding Straight,POINT (-122.4789 37.742756),40.0,10.0,7.0,35.0,22
52505,vw_geo_sfpd_cr_switrs_all_types_col_cty_union.fid-c18a0c2_18688566ec8_-7b8e,24581,24933000.0,,130918058,37.7825850335311,-122.415693873471,SFPD-CROSSROADS,CITY STREET,10/29/2013 12:30:00 PM,2013 October 29,12:30:00,2013,October,Tuesday,HYDE ST,TURK ST,0.0,Clear,Injury (Other Visible),Vehicle/Pedestrian,Pedestrian,Crossing Not in Crosswalk,Dry,No Unusual Condition,Daylight,Intersection <= 20ft,0.0,1,1.0,Pedestrian,East,Not Stated,Driver,South,Proceeding Straight,POINT (-122.415695 37.782585),20.0,5.0,10.0,36.0,12
52518,vw_geo_sfpd_cr_switrs_all_types_col_cty_union.fid-c18a0c2_186644fdb18_78bc,58862,24550000.0,,220596051,37.7937688140659,-122.392499329715,SFPD-INTERIM DB,CITY STREET,09/02/2022 09:10:00 PM,2022 September 02,21:10:00,2022,September,Friday,THE EMBARCADERO,MISSION ST,0.0,Clear,Injury (Complaint of Pain),Sideswipe,Pedestrian,Not in Road,Dry,No Unusual Condition,Dark - Street Lights,Intersection <= 20ft,0.0,1,1.0,Bicyclist,North,Proceeding Straight,Pedestrian,North,Ran Off Road,POINT (-122.3925 37.79377),108.0,1.0,3.0,8.0,21
52523,vw_geo_sfpd_cr_switrs_all_types_col_cty_union.fid-c18a0c2_186644fdb18_7d6f,39951,27689000.0,,140523534,37.7516620249174,-122.492417459243,SFPD-CROSSROADS,CITY STREET,06/24/2014 12:40:00 PM,2014 June 24,12:40:00,2014,June,Tuesday,ORTEGA ST,34TH AVE,0.0,Clear,Injury (Complaint of Pain),Vehicle/Pedestrian,Pedestrian,Crossing in Crosswalk at Intersection,Dry,No Unusual Condition,Daylight,Intersection <= 20ft,0.0,1,1.0,Driver,South,Making Right Turn,Pedestrian,East,Proceeding Straight,POINT (-122.49242 37.751663),39.0,10.0,7.0,35.0,12
52524,vw_geo_sfpd_cr_switrs_all_types_col_cty_union.fid-c18a0c2_186644fdb18_7eac,43518,27288000.0,,180979301,37.7809245879,-122.466426903,SFPD-INTERIM DB,CITY STREET,12/29/2018 10:57:00 AM,2018 December 29,10:57:00,2018,December,Saturday,GEARY BLVD,08TH AVE,0.0,Clear,Injury (Complaint of Pain),Vehicle/Pedestrian,Pedestrian,Crossing in Crosswalk at Intersection,Dry,No Unusual Condition,Daylight,Intersection <= 20ft,0.0,1,1.0,Driver,East,Making Left Turn,Pedestrian,South,Not Stated,POINT (-122.46643 37.780926),5.0,8.0,4.0,11.0,10
52533,vw_geo_sfpd_cr_switrs_all_types_col_cty_union.fid-c18a0c2_18688566ec8_-7c3e,13412,24190000.0,10658000.0,130814183,37.7692142238408,-122.407991482604,SFPD-CROSSROADS,CITY STREET,09/27/2013 07:50:00 AM,2013 September 27,07:50:00,2013,September,Friday,POTRERO AVE,DIVISION ST,12.0,Clear,Injury (Complaint of Pain),Vehicle/Pedestrian,Pedestrian,Crossing in Crosswalk at Intersection,Dry,No Unusual Condition,Daylight,Intersection <= 20ft,0.0,1,1.0,Driver,South,Making Right Turn,Pedestrian,West,Proceeding Straight,POINT (-122.40799 37.769215),33.0,3.0,9.0,20.0,07
52538,vw_geo_sfpd_cr_switrs_all_types_col_cty_union.fid-c18a0c2_186644fdb18_7827,59261,20232000.0,8954000.0,220669006,37.7425715303369,-122.383795710106,SFPD-INTERIM DB,CITY STREET,09/30/2022 02:01:00 AM,2022 September 30,02:01:00,2022,September,Friday,MENDELL ST,NEWHALL ST,72.0,Clear,Injury (Other Visible),Vehicle/Pedestrian,Pedestrian,"In Road, Including Shoulder",Dry,No Unusual Condition,Dark - Street Lights,Midblock > 20ft,0.0,1,1.0,Driver,South,Proceeding Straight,Pedestrian,South,Other,POINT (-122.3838 37.742573),76.0,2.0,9.0,1.0,02
52540,vw_geo_sfpd_cr_switrs_all_types_col_cty_union.fid-c18a0c2_18688566ec8_-7df7,9056,24122000.0,,130514480,37.7588959892196,-122.414690030395,SFPD-CROSSROADS,CITY STREET,06/23/2013 12:41:00 AM,2013 June 23,00:41:00,2013,June,Sunday,FOLSOM ST,20TH ST,0.0,Clear,Injury (Complaint of Pain),Vehicle/Pedestrian,Pedestrian,Crossing Not in Crosswalk,Dry,No Unusual Condition,Dark - Street Lights,Intersection <= 20ft,0.0,1,1.0,Pedestrian,West,Proceeding Straight,Driver,South,Proceeding Straight,POINT (-122.41469 37.758896),53.0,3.0,2.0,20.0,00
52550,vw_geo_sfpd_cr_switrs_all_types_col_cty_union.fid-c18a0c2_18688566ec8_-7b69,24665,30739000.0,8748201.0,130401053,37.7839153735477,-122.408233061044,SFPD-CROSSROADS,CITY STREET,05/15/2013 11:42:00 PM,2013 May 15,23:42:00,2013,May,Wednesday,MARKET ST,05TH ST,54.0,Clear,Injury (Other Visible),Vehicle/Pedestrian,Pedestrian,Crossing Not in Crosswalk,Dry,No Unusual Condition,Dark - Street Lights,Midblock > 20ft,0.0,1,1.0,Pedestrian,North,Proceeding Straight,Driver,West,Proceeding Straight,POINT (-122.40823 37.783916),19.0,5.0,10.0,34.0,23
52556,vw_geo_sfpd_cr_switrs_all_types_col_cty_union.fid-c18a0c2_186644fdb18_7d8f,27748,24920000.0,,150945978,37.7890163385391,-122.410242438186,SFPD-CROSSROADS,CITY STREET,10/29/2015 04:20:00 PM,2015 October 29,16:20:00,2015,October,Thursday,SUTTER ST,MASON ST,0.0,Clear,Injury (Complaint of Pain),Vehicle/Pedestrian,Pedestrian,Crossing Not in Crosswalk,Dry,No Unusual Condition,Daylight,Intersection <= 20ft,0.0,1,1.0,Pedestrian,South,Proceeding Straight,Driver,West,Making Right Turn,POINT (-122.41024 37.789017),19.0,6.0,3.0,21.0,16
52561,vw_geo_sfpd_cr_switrs_all_types_col_cty_union.fid-c18a0c2_18688566ec8_-7b85,42684,27510000.0,,130475183,37.7727162820801,-122.480978766064,SFPD-CROSSROADS,CITY STREET,06/09/2013 05:12:00 PM,2013 June 09,17:12:00,2013,June,Sunday,FULTON ST,22ND AVE,0.0,Clear,Injury (Complaint of Pain),Vehicle/Pedestrian,Pedestrian,Crossing in Crosswalk at Intersection,Dry,No Unusual Condition,Daylight,Intersection <= 20ft,0.0,2,1.0,Driver,East,Making Left Turn,Pedestrian,North,Not Stated,POINT (-122.48098 37.772717),8.0,8.0,4.0,29.0,17
52566,vw_geo_sfpd_cr_switrs_all_types_col_cty_union.fid-c18a0c2_186644fdb18_7d1b,56676,20896000.0,,210826501,37.7309756182982,-122.406085974689,SFPD-INTERIM DB,CITY STREET,12/14/2021 05:45:00 PM,2021 December 14,17:45:00,2021,December,Tuesday,SILLIMAN ST,GIRARD ST,0.0,Raining,Injury (Complaint of Pain),Vehicle/Pedestrian,Pedestrian,Crossing in Crosswalk at Intersection,Wet,No Unusual Condition,Dark - Street Lights,Intersection <= 20ft,0.0,1,1.0,Driver,West,Making Right Turn,Pedestrian,South,Proceeding Straight,POINT (-122.40609 37.730976),91.0,2.0,2.0,25.0,17
52572,vw_geo_sfpd_cr_switrs_all_types_col_cty_union.fid-c18a0c2_186644fdb18_7601,56869,24925000.0,12428000.0,210793201,37.7843581262981,-122.41099538199,SFPD-INTERIM DB,CITY STREET,12/01/2021 02:35:00 PM,2021 December 01,14:35:00,2021,December,Wednesday,TAYLOR ST,EDDY ST,80.0,Clear,Injury (Other Visible),Vehicle/Pedestrian,Pedestrian,Crossing Not in Crosswalk,Dry,No Unusual Condition,Daylight,Midblock > 20ft,0.0,1,1.0,Pedestrian,West,Other,Driver,North,Proceeding Straight,POINT (-122.410995 37.78436),20.0,5.0,10.0,36.0,14
52580,vw_geo_sfpd_cr_switrs_all_types_col_cty_union.fid-c18a0c2_186644fdb18_7641,57024,21732000.0,,210820810,37.7169585315839,-122.439640304424,SFPD-INTERIM DB,CITY STREET,12/12/2021 09:18:00 AM,2021 December 12,09:18:00,2021,December,Sunday,LONDON ST,AMAZON AVE,0.0,Cloudy,Injury (Complaint of Pain),Vehicle/Pedestrian,Pedestrian,Crossing in Crosswalk at Intersection,Wet,No Unusual Condition,Daylight,Intersection <= 20ft,0.0,1,1.0,Driver,East,Making Right Turn,Pedestrian,South,Proceeding Straight,POINT (-122.439644 37.716957),90.0,9.0,1.0,7.0,09
52583,vw_geo_sfpd_cr_switrs_all_types_col_cty_union.fid-c18a0c2_18688566ec8_-7dbc,10268,24094000.000000004,1265000.0,130577080,37.7538339278608,-122.418638144305,SFPD-CROSSROADS,CITY STREET,07/13/2013 06:24:00 PM,2013 July 13,18:24:00,2013,July,Saturday,23RD ST,MISSION ST,13.0,Clear,Injury (Complaint of Pain),Vehicle/Pedestrian,Pedestrian,Crossing in Crosswalk at Intersection,Dry,No Unusual Condition,Daylight,Intersection <= 20ft,0.0,1,1.0,Driver,East,Backing,Pedestrian,South,Proceeding Straight,POINT (-122.41864 37.753834),53.0,3.0,2.0,20.0,18
52589,vw_geo_sfpd_cr_switrs_all_types_col_cty_union.fid-c18a0c2_186644fdb18_74a0,56386,21329000.000000004,9136000.0,210637665,37.7423900942198,-122.4219592572,SFPD-INTERIM DB,CITY STREET,10/01/2021 07:50:00 AM,2021 October 01,07:50:00,2021,October,Friday,MISSION ST,30TH ST,6.0,Clear,Injury (Severe),Vehicle/Pedestrian,Pedestrian,Crossing in Crosswalk at Intersection,Dry,No Unusual Condition,Daylight,Intersection <= 20ft,0.0,1,1.0,Driver,North,Making Left Turn,Pedestrian,East,Other,POINT (-122.42196 37.74239),83.0,9.0,2.0,2.0,07
52610,vw_geo_sfpd_cr_switrs_all_types_col_cty_union.fid-c18a0c2_186644fdb18_74c0,56416,30751000.0,,210657027,37.7737747530565,-122.421089416477,SFPD-INTERIM DB,CITY STREET,10/08/2021 04:45:00 PM,2021 October 08,16:45:00,2021,October,Friday,MARKET ST,ROSE ST,0.0,Clear,Injury (Other Visible),Vehicle/Pedestrian,Pedestrian,Crossing in Crosswalk at Intersection,Dry,No Unusual Condition,Daylight,Intersection <= 20ft,0.0,1,1.0,Driver,West,Making Right Turn,Pedestrian,West,Proceeding Straight,POINT (-122.42109 37.773773),21.0,1.0,10.0,20.0,16
52614,vw_geo_sfpd_cr_switrs_all_types_col_cty_union.fid-c18a0c2_18688566ec8_-7fc7,19680,26050000.0,,150882091,37.7740616466681,-122.437610623921,SFPD-CROSSROADS,CITY STREET,10/08/2015 04:58:00 PM,2015 October 08,16:58:00,2015,October,Thursday,DIVISADERO ST,FELL ST,0.0,Clear,Injury (Complaint of Pain),Vehicle/Pedestrian,Pedestrian,Crossing in Crosswalk at Intersection,Dry,No Unusual Condition,Dusk - Dawn,Intersection <= 20ft,0.0,1,1.0,Driver,South,Making Left Turn,Pedestrian,West,Proceeding Straight,POINT (-122.43761 37.774063),23.0,4.0,11.0,9.0,16
52626,vw_geo_sfpd_cr_switrs_all_types_col_cty_union.fid-c18a0c2_186644fdb18_7da2,40409,27078000.0,,130807683,37.7623157690591,-122.46297200116,SFPD-CROSSROADS,CITY STREET,09/25/2013 10:53:00 AM,2013 September 25,10:53:00,2013,September,Wednesday,06TH AVE,JUDAH ST,0.0,Clear,Injury (Complaint of Pain),Vehicle/Pedestrian,Pedestrian,Crossing in Crosswalk at Intersection,Dry,No Unusual Condition,Daylight,Intersection <= 20ft,0.0,1,1.0,Driver,South,Proceeding Straight,Pedestrian,East,Proceeding Straight,POINT (-122.462975 37.762318),109.0,7.0,11.0,14.0,10
52627,vw_geo_sfpd_cr_switrs_all_types_col_cty_union.fid-c18a0c2_186644fdb18_7f90,611,20471000.0,,131092621,37.7217158802489,-122.395943828044,SFPD-CROSSROADS,CITY STREET,12/29/2013 03:00:00 PM,2013 December 29,15:00:00,2013,December,Sunday,03RD ST,HOLLISTER AVE,0.0,Clear,Injury (Severe),Vehicle/Pedestrian,Pedestrian,Crossing in Crosswalk at Intersection,Dry,No Unusual Condition,Daylight,Intersection <= 20ft,0.0,1,1.0,Pedestrian,East,Proceeding Straight,Driver,South,Proceeding Straight,POINT (-122.39594 37.721714),88.0,2.0,9.0,1.0,15
52629,vw_geo_sfpd_cr_switrs_all_types_col_cty_union.fid-c18a0c2_186644fdb18_7fc3,3979,21716000.000000004,,131059483,37.7235497239148,-122.432432060887,SFPD-CROSSROADS,CITY STREET,12/17/2013 01:19:00 PM,2013 December 17,13:19:00,2013,December,Tuesday,LISBON ST,BRAZIL AVE,0.0,Clear,Injury (Complaint of Pain),Vehicle/Pedestrian,Pedestrian,Crossing in Crosswalk at Intersection,Dry,No Unusual Condition,Daylight,Intersection <= 20ft,0.0,1,1.0,Driver,North,Proceeding Straight,Pedestrian,East,Proceeding Straight,POINT (-122.432434 37.72355),90.0,9.0,1.0,7.0,13
52652,vw_geo_sfpd_cr_switrs_all_types_col_cty_union.fid-c18a0c2_186644fdb18_7c16,29761,26592000.000000004,,130313442,37.7851509403527,-122.433083397858,SFPD-CROSSROADS,CITY STREET,04/17/2013 12:51:00 PM,2013 April 17,12:51:00,2013,April,Wednesday,FILLMORE ST,POST ST,0.0,Clear,Injury (Complaint of Pain),Vehicle/Pedestrian,Pedestrian,Crossing in Crosswalk at Intersection,Dry,No Unusual Condition,Daylight,Intersection <= 20ft,0.0,1,1.0,Driver,East,Proceeding Straight,Pedestrian,South,Other,POINT (-122.43308 37.785152),101.0,4.0,11.0,15.0,12
52663,vw_geo_sfpd_cr_switrs_all_types_col_cty_union.fid-c18a0c2_186644fdb18_7f70,54722,25804000.0,,210099247,37.764195713,-122.433074471,SFPD-INTERIM DB,CITY STREET,02/13/2021 08:56:00 AM,2021 February 13,08:56:00,2021,February,Saturday,MARKET ST,NOE ST,0.0,Clear,Injury (Other Visible),Vehicle/Pedestrian,Pedestrian,Crossing Not in Crosswalk,Wet,No Unusual Condition,Daylight,Intersection <= 20ft,0.0,1,1.0,Pedestrian,North,Entering Traffic,Driver,East,Making Left Turn,POINT (-122.433075 37.764194),38.0,3.0,5.0,5.0,08
52665,vw_geo_sfpd_cr_switrs_all_types_col_cty_union.fid-c18a0c2_186644fdb18_79b9,58744,22134000.0,,220550825,37.7315842259441,-122.439742768061,SFPD-INTERIM DB,CITY STREET,08/16/2022 07:03:00 PM,2022 August 16,19:03:00,2022,August,Tuesday,MONTEREY BLVD,BADEN ST,0.0,Clear,Injury (Other Visible),Vehicle/Pedestrian,Pedestrian,Crossing in Crosswalk at Intersection,Dry,No Unusual Condition,Daylight,Intersection <= 20ft,0.0,1,1.0,Driver,West,Proceeding Straight,Pedestrian,South,Proceeding Straight,POINT (-122.43974 37.731583),95.0,9.0,8.0,41.0,19
52681,vw_geo_sfpd_cr_switrs_all_types_col_cty_union.fid-c18a0c2_186644fdb18_7c29,30788,26527000.000000004,10481000.0,140526259,37.7886057761161,-122.428486027512,SFPD-CROSSROADS,CITY STREET,06/25/2014 11:30:00 AM,2014 June 25,11:30:00,2014,June,Wednesday,PINE ST,LAGUNA ST,66.0,Cloudy,Injury (Complaint of Pain),Vehicle/Pedestrian,Pedestrian,Crossing Not in Crosswalk,Dry,No Unusual Condition,Daylight,Midblock > 20ft,0.0,1,1.0,Driver,East,Backing,Pedestrian,South,Other,POINT (-122.42849 37.788605),101.0,4.0,11.0,30.0,11
52688,vw_geo_sfpd_cr_switrs_all_types_col_cty_union.fid-c18a0c2_186644fdb18_7f66,54794,23889000.0,,210168999,37.7777990116,-122.400297759,SFPD-INTERIM DB,CITY STREET,03/17/2021 05:27:00 AM,2021 March 17,05:27:00,2021,March,Wednesday,BRYANT ST,05TH ST,0.0,Clear,Injury (Complaint of Pain),Vehicle/Pedestrian,Pedestrian,Crossing in Crosswalk at Intersection,Dry,No Unusual Condition,Dark - Street Lights,Intersection <= 20ft,0.0,1,1.0,Pedestrian,North,Proceeding Straight,Driver,East,Making Left Turn,POINT (-122.4003 37.777798),32.0,1.0,10.0,34.0,05
52692,vw_geo_sfpd_cr_switrs_all_types_col_cty_union.fid-c18a0c2_186644fdb18_7755,58582,23198000.0,,220593477,37.7429555725444,-122.477836242706,SFPD-INTERIM DB,CITY STREET,09/01/2022 10:23:00 PM,2022 September 01,22:23:00,2022,September,Thursday,TARAVAL ST,21ST AVE,0.0,Cloudy,Injury (Other Visible),Head-On,Pedestrian,Crossing in Crosswalk at Intersection,Dry,No Unusual Condition,Dark - Street Lights,Intersection <= 20ft,0.0,1,1.0,Driver,North,Making Left Turn,Pedestrian,East,Proceeding Straight,POINT (-122.47784 37.742954),40.0,10.0,7.0,35.0,22
52694,vw_geo_sfpd_cr_switrs_all_types_col_cty_union.fid-c18a0c2_186644fdb18_766e,3111,20210000.0,8089000.0,151096681,37.7328594649655,-122.389088507624,SFPD-CROSSROADS,CITY STREET,12/20/2015 12:45:00 PM,2015 December 20,12:45:00,2015,December,Sunday,LANE ST,PALOU AVE,27.0,Clear,Injury (Complaint of Pain),Sideswipe,Pedestrian,"In Road, Including Shoulder",Dry,No Unusual Condition,Daylight,Midblock > 20ft,0.0,2,1.0,Driver,South,Proceeding Straight,Pedestrian,South,Not Stated,POINT (-122.38909 37.73286),86.0,2.0,9.0,1.0,12
52704,vw_geo_sfpd_cr_switrs_all_types_col_cty_union.fid-c18a0c2_18688566ec8_-7e6e,12537,25804000.0,746000.0,130400378,37.7642030471825,-122.433122963213,SFPD-CROSSROADS,CITY STREET,05/15/2013 06:35:00 PM,2013 May 15,18:35:00,2013,May,Wednesday,16TH ST,MARKET ST,14.0,Clear,Injury (Complaint of Pain),Vehicle/Pedestrian,Pedestrian,Crossing in Crosswalk at Intersection,Dry,No Unusual Condition,Daylight,Intersection <= 20ft,0.0,1,1.0,Pedestrian,West,Proceeding Straight,Driver,West,Proceeding Straight,POINT (-122.43312 37.764202),28.0,3.0,5.0,5.0,18
52707,vw_geo_sfpd_cr_switrs_all_types_col_cty_union.fid-c18a0c2_186644fdb18_764d,56622,27862000.0,1824000.0,210825274,37.7720158731962,-122.497049220458,SFPD-INTERIM DB,CITY STREET,12/14/2021 10:31:00 AM,2021 December 14,10:31:00,2021,December,Tuesday,37TH AVE,FULTON ST,12.0,Clear,Injury (Other Visible),Vehicle/Pedestrian,Pedestrian,Crossing in Crosswalk at Intersection,Dry,No Unusual Condition,Daylight,Intersection <= 20ft,0.0,1,1.0,Driver,West,Making Right Turn,Pedestrian,East,Proceeding Straight,POINT (-122.49705 37.772015),8.0,8.0,4.0,29.0,10
52710,vw_geo_sfpd_cr_switrs_all_types_col_cty_union.fid-c18a0c2_18688566ec8_-7b4e,12267,24171000.0,,130929920,37.7666736014155,-122.419825234445,SFPD-CROSSROADS,CITY STREET,11/02/2013 02:22:00 AM,2013 November 02,02:22:00,2013,November,Saturday,MISSION ST,15TH ST,0.0,Clear,Injury (Complaint of Pain),Vehicle/Pedestrian,Pedestrian,Crossing Not in Crosswalk,Dry,No Unusual Condition,Dark - Street Lights,Intersection <= 20ft,0.0,1,1.0,Pedestrian,East,Proceeding Straight,Driver,North,Making Right Turn,POINT (-122.41982 37.766674),53.0,3.0,2.0,20.0,02