,id,unique_id,cnn_intrsctn_fkey,cnn_sgmt_fkey,case_id_pkey,tb_latitude,tb_longitude,geocode_source,geocode_location,collision_datetime,collision_date,collision_time,accident_year,month,day_of_week,primary_rd,secondary_rd,distance,weather_1,collision_severity,type_of_collision,mviw,ped_action,road_surface,road_cond_1,lighting,intersection,number_killed,number_injured,party_at_fault,party1_type,party1_dir_of_travel,party1_move_pre_acc,party2_type,party2_dir_of_travel,party2_move_pre_acc,point,Neighborhoods,Current Police Districts,Current Supervisor Districts,Analysis Neighborhoods,hour
52711,vw_geo_sfpd_cr_switrs_all_types_col_cty_union.fid-c18a0c2_186644fdb18_7d2f,39039,23179000.0,12392000.0,130376735,37.7431517525923,-122.473367426938,SFPD-CROSSROADS,CITY STREET,05/08/2013 10:44:00 AM,2013 May 08,10:44:00,2013,May,Wednesday,TARAVAL ST,17TH AVE,54.0,Cloudy,Injury (Complaint of Pain),Vehicle/Pedestrian,Pedestrian,"In Road, Including Shoulder",Dry,No Unusual Condition,Daylight,Midblock > 20ft,0.0,1,1.0,Driver,West,Proceeding Straight,Pedestrian,North,Other,POINT (-122.473366 37.743153),44.0,10.0,8.0,41.0,10
52712,vw_geo_sfpd_cr_switrs_all_types_col_cty_union.fid-c18a0c2_186644fdb18_74f4,56440,24466000.0,8895000.0,210671356,37.7800705327567,-122.420409869139,SFPD-INTERIM DB,CITY STREET,10/14/2021 01:05:00 AM,2021 October 14,01:05:00,2021,October,Thursday,MCALLISTER ST,VAN NESS AVE,47.0,Clear,Fatal,Vehicle/Pedestrian,Pedestrian,"In Road, Including Shoulder",Dry,Construction or Repair Zone,Dark - Street Lights,Midblock > 20ft,1.0,0,1.0,Pedestrian,South,Not Stated,Driver,West,Making Right Turn,POINT (-122.42041 37.78007),21.0,4.0,11.0,9.0,01
52713,vw_geo_sfpd_cr_switrs_all_types_col_cty_union.fid-c18a0c2_18688566ec8_-7b04,35587,27023000.0,,130220502,37.8003858245922,-122.447130573145,SFPD-CROSSROADS,CITY STREET,03/16/2013 10:20:00 PM,2013 March 16,22:20:00,2013,March,Saturday,RICHARDSON AVE,FRANCISCO ST,0.0,Clear,Injury (Other Visible),Vehicle/Pedestrian,Pedestrian,Crossing in Crosswalk at Intersection,Dry,No Unusual Condition,Dark - Street Lights,Intersection <= 20ft,0.0,1,1.0,Pedestrian,West,Proceeding Straight,Driver,South,Proceeding Straight,POINT (-122.44713 37.800385),14.0,4.0,6.0,13.0,22
52715,vw_geo_sfpd_cr_switrs_all_types_col_cty_union.fid-c18a0c2_18688566ec8_-7fac,21609,24468000.0,,130200190,37.7810308421747,-122.420439517708,SFPD-CROSSROADS,CITY STREET,03/09/2013 09:44:00 PM,2013 March 09,21:44:00,2013,March,Saturday,GOLDEN GATE AVE,VAN NESS AVE,0.0,Clear,Injury (Complaint of Pain),Vehicle/Pedestrian,Pedestrian,Crossing in Crosswalk at Intersection,Dry,No Unusual Condition,Dark - Street Lights,Intersection <= 20ft,0.0,1,1.0,Driver,East,Making Right Turn,Pedestrian,East,Proceeding Straight,POINT (-122.42044 37.781033),100.0,4.0,10.0,36.0,21
52718,vw_geo_sfpd_cr_switrs_all_types_col_cty_union.fid-c18a0c2_18688566ec8_-7e18,11949,24174000.0,13060000.0,130481801,37.7633599227271,-122.421737283614,SFPD-CROSSROADS,CITY STREET,06/11/2013 06:17:00 PM,2013 June 11,18:17:00,2013,June,Tuesday,VALENCIA ST,17TH ST,22.0,Clear,Injury (Other Visible),Vehicle/Pedestrian,Pedestrian,Crossing in Crosswalk at Intersection,Dry,No Unusual Condition,Daylight,Midblock > 20ft,0.0,1,1.0,Pedestrian,West,Proceeding Straight,Driver,North,Making Right Turn,POINT (-122.42174 37.76336),37.0,3.0,5.0,20.0,18
52729,vw_geo_sfpd_cr_switrs_all_types_col_cty_union.fid-c18a0c2_18688566ec8_-7fc2,54633,25959000.0,7957000.0,210026381,37.7802119999,-122.427020575,SFPD-INTERIM DB,CITY STREET,01/12/2021 05:54:00 PM,2021 January 12,17:54:00,2021,January,Tuesday,LAGUNA ST,GOLDEN GATE AVE,7.0,Clear,Injury (Severe),Vehicle/Pedestrian,Pedestrian,Crossing in Crosswalk at Intersection,Dry,No Unusual Condition,Dark - Street Lights,Intersection <= 20ft,0.0,1,1.0,Driver,North,Making Left Turn,Pedestrian,East,Proceeding Straight,POINT (-122.42702 37.780212),100.0,4.0,11.0,39.0,17
52743,vw_geo_sfpd_cr_switrs_all_types_col_cty_union.fid-c18a0c2_186644fdb18_7c6b,24436,24431000.0,,160996109,37.7816542616751,-122.415505178752,SFPD-CROSSROADS,CITY STREET,12/08/2016 12:38:00 PM,2016 December 08,12:38:00,2016,December,Thursday,GOLDEN GATE AVE,HYDE ST,0.0,Raining,Injury (Complaint of Pain),Vehicle/Pedestrian,Pedestrian,Crossing in Crosswalk at Intersection,Wet,No Unusual Condition,Daylight,Intersection <= 20ft,0.0,1,1.0,Driver,West,Making Left Turn,Pedestrian,North,Proceeding Straight,POINT (-122.415504 37.781654),21.0,5.0,10.0,36.0,12
52751,vw_geo_sfpd_cr_switrs_all_types_col_cty_union.fid-c18a0c2_186644fdb18_7ee1,5592,33674000.0,,160314545,37.7379658663912,-122.406910504152,SFPD-CROSSROADS,CITY STREET,04/17/2016 04:10:00 AM,2016 April 17,04:10:00,2016,April,Sunday,BAY SHORE BLVD,INDUSTRIAL ST,0.0,Clear,Injury (Other Visible),Vehicle/Pedestrian,Pedestrian,Crossing in Crosswalk at Intersection,Dry,No Unusual Condition,Dark - Street Lights,Intersection <= 20ft,0.0,1,1.0,Driver,West,Making Right Turn,Pedestrian,South,Not Stated,POINT (-122.40691 37.737965),82.0,2.0,9.0,1.0,04
52766,vw_geo_sfpd_cr_switrs_all_types_col_cty_union.fid-c18a0c2_18688566ec8_-7c13,27325,24910000.0,,1308378149,37.7894336822298,-122.406956986578,SFPD-CROSSROADS,CITY STREET,10/04/2013 01:20:00 PM,2013 October 04,13:20:00,2013,October,Friday,SUTTER ST,STOCKTON ST,0.0,Clear,Injury (Other Visible),Vehicle/Pedestrian,Pedestrian,Crossing in Crosswalk at Intersection,Dry,No Unusual Condition,Daylight,Intersection <= 20ft,0.0,1,1.0,Pedestrian,South,Not Stated,Driver,North,Not Stated,POINT (-122.40696 37.789433),19.0,6.0,3.0,8.0,13
52767,vw_geo_sfpd_cr_switrs_all_types_col_cty_union.fid-c18a0c2_186644fdb18_79fa,58821,24610000.0,,220534807,37.7874504990266,-122.400503096115,SFPD-INTERIM DB,CITY STREET,08/10/2022 03:03:00 PM,2022 August 10,15:03:00,2022,August,Wednesday,MISSION ST,NEW MONTGOMERY ST,0.0,Clear,Injury (Complaint of Pain),Vehicle/Pedestrian,Pedestrian,Crossing in Crosswalk at Intersection,Dry,No Unusual Condition,Daylight,Intersection <= 20ft,0.0,1,1.0,Driver,North,Making Left Turn,Pedestrian,South,Proceeding Straight,POINT (-122.400505 37.78745),32.0,1.0,10.0,8.0,15
52779,vw_geo_sfpd_cr_switrs_all_types_col_cty_union.fid-c18a0c2_186644fdb18_7646,56909,26643000.0,,210821711,37.7871124570877,-122.440249956871,SFPD-INTERIM DB,CITY STREET,12/12/2021 05:36:00 PM,2021 December 12,17:36:00,2021,December,Sunday,DIVISADERO ST,PINE ST,0.0,Raining,Injury (Complaint of Pain),Vehicle/Pedestrian,Pedestrian,Crossing in Crosswalk at Intersection,Wet,No Unusual Condition,Dark - Street Lights,Intersection <= 20ft,0.0,1,1.0,Driver,West,Making Left Turn,Pedestrian,North,Proceeding Straight,POINT (-122.44025 37.787113),103.0,4.0,6.0,30.0,17
52784,vw_geo_sfpd_cr_switrs_all_types_col_cty_union.fid-c18a0c2_186644fdb18_7a43,58587,24209000.0,,220540343,37.7725264437976,-122.410076847238,SFPD-INTERIM DB,CITY STREET,08/12/2022 04:45:00 PM,2022 August 12,16:45:00,2022,August,Friday,09TH ST,HARRISON ST,0.0,Clear,Injury (Other Visible),Vehicle/Pedestrian,Pedestrian,Crossing Not in Crosswalk,Dry,No Unusual Condition,Daylight,Intersection <= 20ft,0.0,1,1.0,Pedestrian,East,Entering Traffic,Driver,North,Making Right Turn,POINT (-122.41008 37.772526),32.0,1.0,10.0,34.0,16
52785,vw_geo_sfpd_cr_switrs_all_types_col_cty_union.fid-c18a0c2_186644fdb18_7bae,23470,24540000.0,,131055691,37.7867789493795,-122.398256962951,SFPD-CROSSROADS,CITY STREET,12/16/2013 10:40:00 AM,2013 December 16,10:40:00,2013,December,Monday,HOWARD ST,02ND ST,0.0,Clear,Injury (Complaint of Pain),Vehicle/Pedestrian,Pedestrian,Crossing in Crosswalk at Intersection,Dry,No Unusual Condition,Daylight,Intersection <= 20ft,0.0,1,1.0,Driver,South,Making Left Turn,Pedestrian,West,Proceeding Straight,POINT (-122.398254 37.786777),32.0,1.0,10.0,8.0,10
52789,vw_geo_sfpd_cr_switrs_all_types_col_cty_union.fid-c18a0c2_186644fdb18_7cba,4033,21646000.0,,131074146,37.7255199079892,-122.427684375677,SFPD-CROSSROADS,CITY STREET,12/22/2013 08:38:00 AM,2013 December 22,08:38:00,2013,December,Sunday,NAPLES ST,AVALON AVE,0.0,Clear,Injury (Complaint of Pain),Vehicle/Pedestrian,Pedestrian,Crossing in Crosswalk at Intersection,Dry,No Unusual Condition,Dusk - Dawn,Intersection <= 20ft,0.0,1,1.0,Driver,South,Stopped In Road,Pedestrian,West,Other,POINT (-122.42768 37.72552),90.0,9.0,1.0,7.0,08
52792,vw_geo_sfpd_cr_switrs_all_types_col_cty_union.fid-c18a0c2_18688566ec8_-7d42,19827,26345000.0,,130659296,37.7720803942368,-122.445716665312,SFPD-CROSSROADS,CITY STREET,08/10/2013 12:05:00 AM,2013 August 10,00:05:00,2013,August,Saturday,MASONIC AVE,OAK ST,0.0,Clear,Injury (Other Visible),Sideswipe,Pedestrian,Crossing in Crosswalk at Intersection,Dry,No Unusual Condition,Dark - Street Lights,Intersection <= 20ft,0.0,1,1.0,Driver,South,Proceeding Straight,Pedestrian,West,Proceeding Straight,POINT (-122.44572 37.77208),24.0,7.0,11.0,12.0,00
52796,vw_geo_sfpd_cr_switrs_all_types_col_cty_union.fid-c18a0c2_186644fdb18_7704,57884,24557000.000000004,,220237744,37.7918420909436,-122.394940237395,SFPD-INTERIM DB,CITY STREET,04/11/2022 04:26:00 PM,2022 April 11,16:26:00,2022,April,Monday,MISSION ST,MAIN ST,0.0,Clear,Injury (Other Visible),Vehicle/Pedestrian,Pedestrian,Crossing in Crosswalk at Intersection,Dry,No Unusual Condition,Daylight,Intersection <= 20ft,0.0,1,1.0,Driver,West,Making Left Turn,Pedestrian,North,Proceeding Straight,POINT (-122.39494 37.791843),108.0,1.0,10.0,8.0,16
52802,vw_geo_sfpd_cr_switrs_all_types_col_cty_union.fid-c18a0c2_186644fdb18_76bb,56856,21699000.0,9149101.0,210775992,37.733692075548,-122.426359668496,SFPD-INTERIM DB,CITY STREET,11/24/2021 12:33:00 PM,2021 November 24,12:33:00,2021,November,Wednesday,MISSION ST,MURRAY ST,11.0,Clear,Injury (Complaint of Pain),Vehicle/Pedestrian,Pedestrian,Crossing in Crosswalk at Intersection,Dry,No Unusual Condition,Daylight,Intersection <= 20ft,0.0,1,1.0,Driver,North,Making Right Turn,Pedestrian,West,Proceeding Straight,POINT (-122.42636 37.733692),93.0,9.0,2.0,2.0,12
52838,vw_geo_sfpd_cr_switrs_all_types_col_cty_union.fid-c18a0c2_18688566ec8_-7b52,26807,24547000.0,,130583388,37.7913109709648,-122.392524622681,SFPD-CROSSROADS,CITY STREET,07/15/2013 10:26:00 PM,2013 July 15,22:26:00,2013,July,Monday,HOWARD ST,SPEAR ST,0.0,Clear,Injury (Other Visible),Vehicle/Pedestrian,Pedestrian,Crossing Not in Crosswalk,Dry,No Unusual Condition,Dark - Street Lights,Intersection <= 20ft,0.0,1,1.0,Pedestrian,North,Proceeding Straight,Driver,East,Proceeding Straight,POINT (-122.392525 37.79131),108.0,1.0,10.0,8.0,22
52842,vw_geo_sfpd_cr_switrs_all_types_col_cty_union.fid-c18a0c2_18688566ec8_-7c97,3187,20498000.0,,130586291,37.7324319084538,-122.391521350934,SFPD-CROSSROADS,CITY STREET,07/16/2013 09:10:00 PM,2013 July 16,21:10:00,2013,July,Tuesday,03RD ST,REVERE AVE,0.0,Cloudy,Injury (Severe),Vehicle/Pedestrian,Pedestrian,Crossing Not in Crosswalk,Dry,No Unusual Condition,Dark - Street Lights,Intersection <= 20ft,0.0,1,1.0,Driver,South,Proceeding Straight,Pedestrian,East,Proceeding Straight,POINT (-122.39152 37.732433),86.0,2.0,9.0,1.0,21
52848,vw_geo_sfpd_cr_switrs_all_types_col_cty_union.fid-c18a0c2_186644fdb18_7999,59088,24289000.0,,220546921,37.7784162826423,-122.409938240783,SFPD-INTERIM DB,CITY STREET,08/16/2022 01:14:00 PM,2022 August 16,13:14:00,2022,August,Tuesday,NATOMA ST,07TH ST,0.0,Clear,Injury (Other Visible),Vehicle/Pedestrian,Pedestrian,"In Road, Including Shoulder",Dry,No Unusual Condition,Daylight,Intersection <= 20ft,0.0,1,1.0,Pedestrian,East,Proceeding Straight,Bicyclist,West,Proceeding Straight,POINT (-122.409935 37.778416),32.0,1.0,10.0,34.0,13
52862,vw_geo_sfpd_cr_switrs_all_types_col_cty_union.fid-c18a0c2_186644fdb18_74ab,56393,22118000.000000004,11449000.0,210644698,37.7274541330721,-122.441098258054,SFPD-INTERIM DB,CITY STREET,10/04/2021 08:42:00 AM,2021 October 04,08:42:00,2021,October,Monday,SAN JOSE AVE,PAULDING ST,3.0,Clear,Injury (Severe),Vehicle/Pedestrian,Pedestrian,Crossing in Crosswalk at Intersection,Dry,No Unusual Condition,Daylight,Intersection <= 20ft,0.0,1,1.0,Driver,North,Making Left Turn,Pedestrian,West,Not Stated,POINT (-122.4411 37.727455),94.0,9.0,1.0,28.0,08
52873,vw_geo_sfpd_cr_switrs_all_types_col_cty_union.fid-c18a0c2_186644fdb18_7789,59067,23860000.0,2957000.0,220533912,37.7690383831365,-122.401959933498,SFPD-INTERIM DB,CITY STREET,08/10/2022 11:37:00 AM,2022 August 10,11:37:00,2022,August,Wednesday,BERRY ST,DE HARO ST,10.0,Clear,Injury (Other Visible),Vehicle/Pedestrian,Pedestrian,Crossing in Crosswalk at Intersection,Dry,No Unusual Condition,Daylight,Intersection <= 20ft,0.0,1,1.0,Driver,East,Making Left Turn,Pedestrian,North,Not Stated,POINT (-122.40196 37.76904),33.0,1.0,9.0,4.0,11
52878,vw_geo_sfpd_cr_switrs_all_types_col_cty_union.fid-c18a0c2_186644fdb18_7f44,6014,23535000.0,2468000.0,6068239,37.7502628543646,-122.387593682188,SFPD-CROSSROADS,CITY STREET,09/18/2012 08:00:00 AM,2012 September 18,08:00:00,2012,September,Tuesday,CESAR CHAVEZ ST,03RD ST,2.0,Clear,Injury (Complaint of Pain),Vehicle/Pedestrian,Pedestrian,Crossing in Crosswalk at Intersection,Dry,No Unusual Condition,Daylight,Intersection <= 20ft,0.0,1,1.0,Pedestrian,North,Entering Traffic,Driver,East,Making Right Turn,POINT (-122.387596 37.750263),56.0,2.0,9.0,1.0,08
52879,vw_geo_sfpd_cr_switrs_all_types_col_cty_union.fid-c18a0c2_186644fdb18_7b01,58892,24431000.0,,220613570,37.7816542623851,-122.415505177854,SFPD-INTERIM DB,CITY STREET,09/09/2022 08:35:00 AM,2022 September 09,08:35:00,2022,September,Friday,HYDE ST,GOLDEN GATE AVE,0.0,Clear,Injury (Complaint of Pain),Vehicle/Pedestrian,Pedestrian,Crossing in Crosswalk at Intersection,Dry,No Unusual Condition,Daylight,Intersection <= 20ft,0.0,1,1.0,Driver,East,Proceeding Straight,Pedestrian,North,Proceeding Straight,POINT (-122.415504 37.781654),21.0,5.0,10.0,36.0,08
52883,vw_geo_sfpd_cr_switrs_all_types_col_cty_union.fid-c18a0c2_186644fdb18_7775,53806,24695000.0,,200561278,37.7958750042,-122.400485537,SFPD-INTERIM DB,CITY STREET,09/17/2020 06:15:00 PM,2020 September 17,18:15:00,2020,September,Thursday,BATTERY ST,WASHINGTON ST,0.0,Clear,Injury (Complaint of Pain),Vehicle/Pedestrian,Pedestrian,Crossing in Crosswalk at Intersection,Dry,No Unusual Condition,Dusk - Dawn,Intersection <= 20ft,0.0,1,1.0,Driver,South,Making Left Turn,Pedestrian,West,Proceeding Straight,POINT (-122.40048 37.795876),77.0,6.0,3.0,8.0,18
52888,vw_geo_sfpd_cr_switrs_all_types_col_cty_union.fid-c18a0c2_186644fdb18_7878,1189,21540000.0,,130025976,37.7107485230981,-122.447672442314,SFPD-CROSSROADS,CITY STREET,01/10/2013 07:55:00 AM,2013 January 10,07:55:00,2013,January,Thursday,MISSION ST,WHIPPLE AVE,0.0,Clear,Injury (Complaint of Pain),Vehicle/Pedestrian,Pedestrian,Crossing in Crosswalk at Intersection,Dry,No Unusual Condition,Daylight,Intersection <= 20ft,0.0,1,1.0,Driver,South,Making Left Turn,Pedestrian,East,Proceeding Straight,POINT (-122.44767 37.710747),58.0,9.0,1.0,7.0,07
52891,vw_geo_sfpd_cr_switrs_all_types_col_cty_union.fid-c18a0c2_186644fdb18_77bc,58937,20471000.0,229101.0,220666654,37.7213847392241,-122.396030964603,SFPD-INTERIM DB,CITY STREET,09/29/2022 10:36:00 AM,2022 September 29,10:36:00,2022,September,Thursday,03RD ST,HOLLISTER AVE,125.0,Clear,Injury (Complaint of Pain),Vehicle/Pedestrian,Pedestrian,"In Road, Including Shoulder",Dry,No Unusual Condition,Daylight,Midblock > 20ft,0.0,1,1.0,Pedestrian,North,Not Stated,Driver,South,Proceeding Straight,POINT (-122.396034 37.721386),88.0,2.0,9.0,1.0,10
52892,vw_geo_sfpd_cr_switrs_all_types_col_cty_union.fid-c18a0c2_186644fdb18_7c00,2737,20574000.0,,130967992,37.7236162093319,-122.400784747601,SFPD-CROSSROADS,CITY STREET,11/15/2013 07:45:00 AM,2013 November 15,07:45:00,2013,November,Friday,BAY SHORE BLVD,PAUL AVE,0.0,Clear,Injury (Complaint of Pain),Vehicle/Pedestrian,Pedestrian,Crossing in Crosswalk at Intersection,Dry,No Unusual Condition,Daylight,Intersection <= 20ft,0.0,1,1.0,Driver,East,Making Right Turn,Pedestrian,East,Not Stated,POINT (-122.40079 37.723618),91.0,2.0,9.0,25.0,07
52913,vw_geo_sfpd_cr_switrs_all_types_col_cty_union.fid-c18a0c2_186644fdb18_7c60,33014,26675000.0,10438000.0,130591024,37.7931121324408,-122.438059692956,SFPD-CROSSROADS,CITY STREET,07/18/2013 11:26:00 AM,2013 July 18,11:26:00,2013,July,Thursday,PIERCE ST,PACIFIC AVE,68.0,Clear,Injury (Other Visible),Vehicle/Pedestrian,Pedestrian,Not in Road,Dry,No Unusual Condition,Daylight,Midblock > 20ft,0.0,1,1.0,Driver,North,Backing,Pedestrian,North,Other,POINT (-122.43806 37.793114),102.0,4.0,6.0,30.0,11
52915,vw_geo_sfpd_cr_switrs_all_types_col_cty_union.fid-c18a0c2_186644fdb18_76e5,56667,25297000.0,8142000.0,210798740,37.7925605559902,-122.419395196787,SFPD-INTERIM DB,CITY STREET,12/03/2021 05:23:00 PM,2021 December 03,17:23:00,2021,December,Friday,LARKIN ST,CLAY ST,12.0,Clear,Injury (Complaint of Pain),Head-On,Pedestrian,Crossing Not in Crosswalk,Dry,No Unusual Condition,Dusk - Dawn,Intersection <= 20ft,0.0,1,1.0,Driver,South,Proceeding Straight,Pedestrian,West,Proceeding Straight,POINT (-122.419395 37.79256),16.0,6.0,3.0,21.0,17
52936,vw_geo_sfpd_cr_switrs_all_types_col_cty_union.fid-c18a0c2_186644fdb18_7c0b,29113,25149000.0,,180976341,37.7842357387,-122.41770675,SFPD-INTERIM DB,CITY STREET,12/28/2018 11:49:00 AM,2018 December 28,11:49:00,2018,December,Friday,LARKIN ST,ELLIS ST,0.0,Clear,Injury (Other Visible),Vehicle/Pedestrian,Pedestrian,Crossing in Crosswalk at Intersection,Dry,No Unusual Condition,Daylight,Intersection <= 20ft,0.0,1,1.0,Driver,North,Proceeding Straight,Pedestrian,North,Proceeding Straight,POINT (-122.41771 37.784237),20.0,5.0,10.0,36.0,11
52937,vw_geo_sfpd_cr_switrs_all_types_col_cty_union.fid-c18a0c2_186644fdb18_76f1,58562,25680000.0,,220159364,37.7614911566132,-122.425024854888,SFPD-INTERIM DB,CITY STREET,03/10/2022 10:10:00 AM,2022 March 10,10:10:00,2022,March,Thursday,18TH ST,OAKWOOD ST,0.0,Clear,Injury (Other Visible),Head-On,Pedestrian,Crossing Not in Crosswalk,Dry,No Unusual Condition,Daylight,Intersection <= 20ft,0.0,1,1.0,Pedestrian,North,Proceeding Straight,Driver,West,Stopped,POINT (-122.425026 37.76149),37.0,3.0,5.0,20.0,10
52940,vw_geo_sfpd_cr_switrs_all_types_col_cty_union.fid-c18a0c2_18688566ec8_-7ccd,44126,27869000.0,,130748275,37.767726480786,-122.50182634885,SFPD-CROSSROADS,CITY STREET,09/07/2013 08:27:00 AM,2013 September 07,08:27:00,2013,September,Saturday,JOHN F KENNEDY DR,CHAIN OF LAKES DR,0.0,Clear,Injury (Other Visible),Vehicle/Pedestrian,Pedestrian,Crossing in Crosswalk at Intersection,Dry,No Unusual Condition,Daylight,Intersection <= 20ft,0.0,1,1.0,Driver,South,Proceeding Straight,Pedestrian,West,Not Stated,POINT (-122.50182 37.767727),9.0,8.0,4.0,12.0,08
52953,vw_geo_sfpd_cr_switrs_all_types_col_cty_union.fid-c18a0c2_186644fdb18_7645,56903,20770000.0,,210821705,37.7324386577961,-122.405607548138,SFPD-INTERIM DB,CITY STREET,12/12/2021 05:26:00 PM,2021 December 12,17:26:00,2021,December,Sunday,SILVER AVE,SAN BRUNO AVE,0.0,Raining,Injury (Complaint of Pain),Vehicle/Pedestrian,Pedestrian,Crossing in Crosswalk at Intersection,Wet,No Unusual Condition,Dark - Street Lights,Intersection <= 20ft,0.0,1,1.0,Driver,North,Making Left Turn,Pedestrian,West,Proceeding Straight,POINT (-122.40561 37.732437),91.0,2.0,2.0,25.0,17
52957,vw_geo_sfpd_cr_switrs_all_types_col_cty_union.fid-c18a0c2_186644fdb18_7517,57219,21696000.0,,210686446,37.7299305882209,-122.430110918397,SFPD-INTERIM DB,CITY STREET,10/19/2021 08:34:00 PM,2021 October 19,20:34:00,2021,October,Tuesday,MISSION ST,NEY ST,0.0,Cloudy,Injury (Severe),Vehicle/Pedestrian,Pedestrian,Crossing in Crosswalk at Intersection,Wet,No Unusual Condition,Dark - Street Lights,Intersection <= 20ft,0.0,1,1.0,Driver,North,Proceeding Straight,Pedestrian,East,Proceeding Straight,POINT (-122.43011 37.72993),94.0,9.0,1.0,7.0,20
52959,vw_geo_sfpd_cr_switrs_all_types_col_cty_union.fid-c18a0c2_18688566ec8_-7ca9,21696,24476000.0,,130780120,37.7808210481836,-122.42208679258,SFPD-CROSSROADS,CITY STREET,09/16/2013 07:05:00 PM,2013 September 16,19:05:00,2013,September,Monday,FRANKLIN ST,GOLDEN GATE AVE,0.0,Clear,Injury (Complaint of Pain),Vehicle/Pedestrian,Pedestrian,Crossing in Crosswalk at Intersection,Dry,No Unusual Condition,Daylight,Intersection <= 20ft,0.0,1,1.0,Driver,East,Making Left Turn,Pedestrian,East,Proceeding Straight,POINT (-122.42209 37.780823),100.0,4.0,11.0,39.0,19
52969,vw_geo_sfpd_cr_switrs_all_types_col_cty_union.fid-c18a0c2_186644fdb18_77cd,58774,24645000.0,6107000.0,220457118,37.7879565629715,-122.40354297391,SFPD-INTERIM DB,CITY STREET,07/11/2022 01:54:00 PM,2022 July 11,13:54:00,2022,July,Monday,GEARY ST,KEARNY ST,15.0,Clear,Injury (Other Visible),Vehicle/Pedestrian,Pedestrian,Crossing in Crosswalk at Intersection,Dry,No Unusual Condition,Daylight,Intersection <= 20ft,0.0,1,1.0,Driver,West,Making Right Turn,Pedestrian,South,Proceeding Straight,POINT (-122.40354 37.787956),19.0,6.0,3.0,8.0,13
52973,vw_geo_sfpd_cr_switrs_all_types_col_cty_union.fid-c18a0c2_186644fdb18_7bcb,25317,24892000.0,8747202.0,180224598,37.7854463082,-122.406288556,SFPD-INTERIM DB,CITY STREET,03/26/2018 11:04:00 AM,2018 March 26,11:04:00,2018,March,Monday,MARKET ST,04TH ST,170.0,Clear,Injury (Severe),Vehicle/Pedestrian,Pedestrian,Crossing Not in Crosswalk,Dry,No Unusual Condition,Daylight,Midblock > 20ft,0.0,1,1.0,Pedestrian,North,Other,Driver,East,Proceeding Straight,POINT (-122.40629 37.785446),19.0,5.0,3.0,8.0,11
52976,vw_geo_sfpd_cr_switrs_all_types_col_cty_union.fid-c18a0c2_186644fdb18_7510,57077,20077000.0,,210685874,37.7311094148051,-122.379551892661,SFPD-INTERIM DB,CITY STREET,10/19/2021 04:54:00 PM,2021 October 19,16:54:00,2021,October,Tuesday,INGALLS ST,KISKA RD,0.0,Cloudy,Injury (Other Visible),Vehicle/Pedestrian,Pedestrian,Crossing in Crosswalk at Intersection,Dry,No Unusual Condition,Daylight,Intersection <= 20ft,0.0,1,1.0,Driver,North,Proceeding Straight,Pedestrian,East,Other,POINT (-122.379555 37.73111),86.0,2.0,9.0,1.0,16
52985,vw_geo_sfpd_cr_switrs_all_types_col_cty_union.fid-c18a0c2_186644fdb18_73e8,55781,26836000.000000004,,210533784,37.7823916423,-122.447301513,SFPD-INTERIM DB,CITY STREET,08/20/2021 05:00:00 PM,2021 August 20,17:00:00,2021,August,Friday,GEARY BLVD,MASONIC AVE,0.0,Cloudy,Injury (Other Visible),Broadside,Pedestrian,Crossing Not in Crosswalk,Dry,No Unusual Condition,Daylight,Intersection <= 20ft,0.0,1,1.0,Pedestrian,South,Other,Driver,West,Proceeding Straight,POINT (-122.4473 37.78239),13.0,8.0,6.0,18.0,17
52987,vw_geo_sfpd_cr_switrs_all_types_col_cty_union.fid-c18a0c2_186644fdb18_7939,58865,20888000.0,,220585543,37.7265992456257,-122.407556405418,SFPD-INTERIM DB,CITY STREET,08/30/2022 07:37:00 AM,2022 August 30,07:37:00,2022,August,Tuesday,BACON ST,SOMERSET ST,0.0,Clear,Injury (Complaint of Pain),Vehicle/Pedestrian,Pedestrian,Crossing in Crosswalk at Intersection,Dry,No Unusual Condition,Daylight,Intersection <= 20ft,0.0,1,1.0,Driver,East,Proceeding Straight,Pedestrian,North,Proceeding Straight,POINT (-122.407555 37.7266),91.0,2.0,2.0,25.0,07
52989,vw_geo_sfpd_cr_switrs_all_types_col_cty_union.fid-c18a0c2_186644fdb18_7d3b,39213,23277000.0,,160236444,37.7426259729543,-122.48533546314,SFPD-CROSSROADS,CITY STREET,03/21/2016 01:00:00 PM,2016 March 21,13:00:00,2016,March,Monday,28TH AVE,TARAVAL ST,0.0,Raining,Injury (Other Visible),Vehicle/Pedestrian,Pedestrian,Crossing in Crosswalk at Intersection,Wet,No Unusual Condition,Daylight,Intersection <= 20ft,0.0,1,1.0,Driver,East,Making Left Turn,Pedestrian,North,Proceeding Straight,POINT (-122.48534 37.742626),40.0,10.0,7.0,35.0,13