,id,unique_id,cnn_intrsctn_fkey,cnn_sgmt_fkey,case_id_pkey,tb_latitude,tb_longitude,geocode_source,geocode_location,collision_datetime,collision_date,collision_time,accident_year,month,day_of_week,primary_rd,secondary_rd,distance,weather_1,collision_severity,type_of_collision,mviw,ped_action,road_surface,road_cond_1,lighting,intersection,number_killed,number_injured,party_at_fault,party1_type,party1_dir_of_travel,party1_move_pre_acc,party2_type,party2_dir_of_travel,party2_move_pre_acc,point,Neighborhoods,Current Police Districts,Current Supervisor Districts,Analysis Neighborhoods,hour
52990,vw_geo_sfpd_cr_switrs_all_types_col_cty_union.fid-c18a0c2_186644fdb18_78c7,58604,25952000.0,,220568696,37.7760442859664,-122.429554057244,SFPD-INTERIM DB,CITY STREET,08/23/2022 05:00:00 PM,2022 August 23,17:00:00,2022,August,Tuesday,HAYES ST,WEBSTER ST,0.0,Clear,Injury (Other Visible),Head-On,Pedestrian,Crossing in Crosswalk at Intersection,Dry,No Unusual Condition,Daylight,Intersection <= 20ft,0.0,1,1.0,Pedestrian,East,Proceeding Straight,Driver,North,Proceeding Straight,POINT (-122.42956 37.776043),22.0,4.0,11.0,9.0,17
53020,vw_geo_sfpd_cr_switrs_all_types_col_cty_union.fid-c18a0c2_186644fdb18_7af2,58745,21705000.0,,220564371,37.7310398881964,-122.429570698535,SFPD-INTERIM DB,CITY STREET,08/22/2022 08:11:00 AM,2022 August 22,08:11:00,2022,August,Monday,ALEMANY BLVD,ROUSSEAU ST,0.0,Clear,Injury (Other Visible),Vehicle/Pedestrian,Pedestrian,Crossing in Crosswalk at Intersection,Dry,No Unusual Condition,Daylight,Intersection <= 20ft,0.0,1,1.0,Driver,South,Proceeding Straight,Pedestrian,East,Proceeding Straight,POINT (-122.42957 37.73104),94.0,9.0,1.0,28.0,08
53021,vw_geo_sfpd_cr_switrs_all_types_col_cty_union.fid-c18a0c2_186644fdb18_7bfa,28312,24987000.0,,130024708,37.7941979572504,-122.406821216104,SFPD-CROSSROADS,CITY STREET,01/09/2014 12:55:00 PM,2014 January 09,12:55:00,2014,January,Thursday,CLAY ST,WAVERLY PL,0.0,Clear,Injury (Complaint of Pain),Vehicle/Pedestrian,Pedestrian,Crossing in Crosswalk at Intersection,Dry,No Unusual Condition,Daylight,Intersection <= 20ft,0.0,1,1.0,Driver,West,Backing,Pedestrian,North,Proceeding Straight,POINT (-122.40682 37.794197),104.0,6.0,3.0,6.0,12
53027,vw_geo_sfpd_cr_switrs_all_types_col_cty_union.fid-c18a0c2_18688566ec8_-7c26,11147,24149000.000000004,9120000.0,130825425,37.7616277426794,-122.419339343366,SFPD-CROSSROADS,CITY STREET,09/30/2013 04:20:00 PM,2013 September 30,16:20:00,2013,September,Monday,MISSION ST,18TH ST,76.0,Clear,Injury (Severe),Vehicle/Pedestrian,Pedestrian,Not in Road,Dry,No Unusual Condition,Daylight,Midblock > 20ft,0.0,1,,Pedestrian,South,Other,Driver,South,Entering Traffic,POINT (-122.41934 37.761627),53.0,3.0,2.0,20.0,16
53028,vw_geo_sfpd_cr_switrs_all_types_col_cty_union.fid-c18a0c2_186644fdb18_7bba,24327,24924000.0,,140502293,37.7832143127917,-122.410764828286,SFPD-CROSSROADS,CITY STREET,06/17/2014 01:50:00 PM,2014 June 17,13:50:00,2014,June,Tuesday,TURK ST,TAYLOR ST,0.0,Clear,Injury (Complaint of Pain),Vehicle/Pedestrian,Pedestrian,Crossing in Crosswalk at Intersection,Dry,No Unusual Condition,Daylight,Intersection <= 20ft,0.0,1,1.0,Pedestrian,North,Proceeding Straight,Driver,West,Making Left Turn,POINT (-122.41077 37.783215),20.0,5.0,10.0,36.0,13
53035,vw_geo_sfpd_cr_switrs_all_types_col_cty_union.fid-c18a0c2_18688566ec8_-7b2f,8332,23698000.0,4350000.0,130205855,37.7539762488752,-122.398000636113,SFPD-CROSSROADS,CITY STREET,03/11/2013 10:30:00 PM,2013 March 11,22:30:00,2013,March,Monday,CONNECTICUT ST,WISCONSIN ST,205.0,Clear,Injury (Complaint of Pain),Vehicle/Pedestrian,Pedestrian,Crossing Not in Crosswalk,Dry,No Unusual Condition,Dark - Street Lights,Midblock > 20ft,0.0,1,1.0,Pedestrian,North,Other,Driver,West,Proceeding Straight,POINT (-122.398 37.753975),54.0,2.0,9.0,26.0,22
53037,vw_geo_sfpd_cr_switrs_all_types_col_cty_union.fid-c18a0c2_186644fdb18_7beb,27264,24678000.0,,140442031,37.7900390965485,-122.402189645331,SFPD-CROSSROADS,CITY STREET,05/27/2014 11:52:00 AM,2014 May 27,11:52:00,2014,May,Tuesday,MONTGOMERY ST,SUTTER ST,0.0,Clear,Injury (Other Visible),Vehicle/Pedestrian,Pedestrian,Crossing in Crosswalk at Intersection,Dry,No Unusual Condition,Daylight,Intersection <= 20ft,0.0,1,1.0,Driver,South,Changing Lanes,Pedestrian,West,Proceeding Straight,POINT (-122.40219 37.79004),19.0,6.0,3.0,8.0,11
53043,vw_geo_sfpd_cr_switrs_all_types_col_cty_union.fid-c18a0c2_186644fdb18_7ca4,35239,26755000.0,,140453680,37.8023762964707,-122.431497698905,SFPD-CROSSROADS,CITY STREET,05/31/2014 10:30:00 AM,2014 May 31,10:30:00,2014,May,Saturday,LAGUNA ST,FRANCISCO ST,0.0,Clear,Injury (Other Visible),Vehicle/Pedestrian,Pedestrian,Crossing in Crosswalk at Intersection,Dry,No Unusual Condition,Daylight,Intersection <= 20ft,0.0,1,1.0,Driver,North,Proceeding Straight,Pedestrian,East,Proceeding Straight,POINT (-122.431496 37.802376),17.0,4.0,6.0,13.0,10
53050,vw_geo_sfpd_cr_switrs_all_types_col_cty_union.fid-c18a0c2_186644fdb18_7af6,58583,24476000.0,,220628353,37.7808210481835,-122.42208679258,SFPD-INTERIM DB,CITY STREET,09/15/2022 07:05:00 PM,2022 September 15,19:05:00,2022,September,Thursday,GOLDEN GATE AVE,FRANKLIN ST,0.0,Clear,Injury (Complaint of Pain),Vehicle/Pedestrian,Pedestrian,Crossing in Crosswalk at Intersection,Dry,No Unusual Condition,Dark - Street Lights,Intersection <= 20ft,0.0,2,1.0,Driver,East,Making Right Turn,Pedestrian,South,Proceeding Straight,POINT (-122.42209 37.780823),100.0,4.0,11.0,39.0,19
53060,vw_geo_sfpd_cr_switrs_all_types_col_cty_union.fid-c18a0c2_18688566ec8_-7c6d,28619,25026000.0,,130802649,37.7949406864288,-122.408079100945,SFPD-CROSSROADS,CITY STREET,09/23/2013 07:51:00 PM,2013 September 23,19:51:00,2013,September,Monday,STOCKTON ST,WASHINGTON ST,0.0,Clear,Injury (Complaint of Pain),Vehicle/Pedestrian,Pedestrian,Crossing in Crosswalk at Intersection,Dry,No Unusual Condition,Daylight,Intersection <= 20ft,0.0,1,1.0,Pedestrian,North,Proceeding Straight,Driver,West,Proceeding Straight,POINT (-122.40808 37.79494),104.0,6.0,3.0,6.0,19
53065,vw_geo_sfpd_cr_switrs_all_types_col_cty_union.fid-c18a0c2_186644fdb18_7c20,30197,25215000.0,13154201.0,160065049,37.7866284685936,-122.421561565453,SFPD-CROSSROADS,CITY STREET,01/23/2016 11:30:00 AM,2016 January 23,11:30:00,2016,January,Saturday,VAN NESS AVE,POST ST,6.0,Cloudy,Injury (Severe),Vehicle/Pedestrian,Pedestrian,Crossing in Crosswalk at Intersection,Dry,No Unusual Condition,Daylight,Intersection <= 20ft,0.0,2,1.0,Driver,North,Proceeding Straight,Pedestrian,West,Other,POINT (-122.42156 37.78663),50.0,4.0,3.0,21.0,11
53066,vw_geo_sfpd_cr_switrs_all_types_col_cty_union.fid-c18a0c2_186644fdb18_7898,2206,52261000.0,,130355466,37.7211553067383,-122.447751553348,SFPD-CROSSROADS,CITY STREET,05/01/2013 08:39:00 AM,2013 May 01,08:39:00,2013,May,Wednesday,GENEVA AVE,I-280 N ON RAMP,0.0,Clear,Injury (Complaint of Pain),Vehicle/Pedestrian,Pedestrian,Crossing in Crosswalk at Intersection,Dry,No Unusual Condition,Daylight,Intersection <= 20ft,0.0,1,1.0,Driver,West,Making Right Turn,Pedestrian,South,Proceeding Straight,POINT (-122.447754 37.721157),80.0,9.0,1.0,28.0,08
53072,vw_geo_sfpd_cr_switrs_all_types_col_cty_union.fid-c18a0c2_186644fdb18_7795,59266,24924000.0,12716000.0,220654922,37.7832439577361,-122.410532566756,SFPD-INTERIM DB,CITY STREET,09/24/2022 05:41:00 PM,2022 September 24,17:41:00,2022,September,Saturday,TURK ST,TAYLOR ST,68.0,Clear,Injury (Complaint of Pain),Vehicle/Pedestrian,Pedestrian,"In Road, Including Shoulder",Dry,No Unusual Condition,Daylight,Midblock > 20ft,0.0,1,1.0,Driver,West,Proceeding Straight,Pedestrian,West,Not Stated,POINT (-122.41053 37.783245),20.0,5.0,10.0,36.0,17
53075,vw_geo_sfpd_cr_switrs_all_types_col_cty_union.fid-c18a0c2_18688566ec8_-7b76,22488,26379000.0,8849000.0,130461847,37.7757472111021,-122.446459891935,SFPD-CROSSROADS,CITY STREET,06/04/2013 10:37:00 PM,2013 June 04,22:37:00,2013,June,Tuesday,MASONIC AVE,FULTON ST,20.0,Cloudy,Injury (Severe),Broadside,Pedestrian,"In Road, Including Shoulder",Dry,No Unusual Condition,Dark - Street Lights,Intersection <= 20ft,0.0,1,1.0,Pedestrian,East,Making Right Turn,Driver,South,Proceeding Straight,POINT (-122.44646 37.775745),24.0,7.0,11.0,18.0,22
53080,vw_geo_sfpd_cr_switrs_all_types_col_cty_union.fid-c18a0c2_186644fdb18_7ec5,39313,22895000.0,10079000.0,140031305,37.7478175274551,-122.462381470788,SFPD-CROSSROADS,CITY STREET,01/11/2014 05:23:00 PM,2014 January 11,17:23:00,2014,January,Saturday,PACHECO ST,CASTENADA AVE,20.0,Cloudy,Injury (Other Visible),Sideswipe,Pedestrian,Crossing in Crosswalk at Intersection,Wet,No Unusual Condition,Dusk - Dawn,Intersection <= 20ft,0.0,1,1.0,Driver,South,Proceeding Straight,Pedestrian,West,Proceeding Straight,POINT (-122.46238 37.747818),45.0,10.0,8.0,41.0,17
53109,vw_geo_sfpd_cr_switrs_all_types_col_cty_union.fid-c18a0c2_18688566ec8_-7b56,26452,25156000.0,,130829762,37.7872452100208,-122.416638697232,SFPD-CROSSROADS,CITY STREET,10/01/2013 10:42:00 PM,2013 October 01,22:42:00,2013,October,Tuesday,POST ST,HYDE ST,0.0,Clear,Injury (Other Visible),Vehicle/Pedestrian,Pedestrian,Crossing in Crosswalk at Intersection,Dry,No Unusual Condition,Dark - Street Lights,Intersection <= 20ft,0.0,1,1.0,Driver,East,Making Left Turn,Pedestrian,North,Proceeding Straight,POINT (-122.41664 37.787247),50.0,6.0,3.0,21.0,22
53115,vw_geo_sfpd_cr_switrs_all_types_col_cty_union.fid-c18a0c2_186644fdb18_76d2,56673,25024000.0,7374000.0,210840426,37.7959645656765,-122.407131603733,SFPD-INTERIM DB,CITY STREET,12/20/2021 01:30:00 PM,2021 December 20,13:30:00,2021,December,Monday,JACKSON ST,JASON CT,55.0,Clear,Injury (Complaint of Pain),Vehicle/Pedestrian,Pedestrian,Not in Road,Dry,No Unusual Condition,Daylight,Midblock > 20ft,0.0,1,1.0,Driver,East,Proceeding Straight,Pedestrian,North,Other,POINT (-122.407135 37.795963),104.0,6.0,3.0,6.0,13
53120,vw_geo_sfpd_cr_switrs_all_types_col_cty_union.fid-c18a0c2_186644fdb18_7bab,1689,21486000.0,6138201.0,140094325,37.7164354826755,-122.441010771531,SFPD-CROSSROADS,CITY STREET,02/01/2014 01:08:00 PM,2014 February 01,13:08:00,2014,February,Saturday,GENEVA AVE,MISSION ST,9.0,Clear,Injury (Other Visible),Vehicle/Pedestrian,Pedestrian,Crossing in Crosswalk at Intersection,Dry,No Unusual Condition,Daylight,Intersection <= 20ft,0.0,1,,Driver,East,Making Left Turn,Pedestrian,North,Proceeding Straight,POINT (-122.44101 37.716434),58.0,9.0,1.0,7.0,13
53126,vw_geo_sfpd_cr_switrs_all_types_col_cty_union.fid-c18a0c2_186644fdb18_7790,59095,20538000.0,13203000.0,220518312,37.7317818039713,-122.397107882684,SFPD-INTERIM DB,CITY STREET,08/04/2022 12:40:00 PM,2022 August 04,12:40:00,2022,August,Thursday,VENUS ST,THORNTON AVE,214.0,Clear,Injury (Complaint of Pain),Vehicle/Pedestrian,Pedestrian,"In Road, Including Shoulder",Dry,No Unusual Condition,Daylight,Midblock > 20ft,0.0,1,1.0,Driver,East,Backing,Pedestrian,North,Stopped,POINT (-122.39711 37.73178),87.0,2.0,9.0,1.0,12
53129,vw_geo_sfpd_cr_switrs_all_types_col_cty_union.fid-c18a0c2_186644fdb18_753b,56748,27382000.0,,210697891,37.7540042331202,-122.481831845784,SFPD-INTERIM DB,CITY STREET,10/24/2021 10:00:00 PM,2021 October 24,22:00:00,2021,October,Sunday,24TH AVE,NORIEGA ST,0.0,Raining,Injury (Severe),Vehicle/Pedestrian,Pedestrian,Crossing in Crosswalk at Intersection,Wet,No Unusual Condition,Dark - Street Lights,Intersection <= 20ft,0.0,1,,Driver,South,Making Left Turn,Pedestrian,West,Proceeding Straight,POINT (-122.481834 37.754005),39.0,10.0,7.0,35.0,22
53130,vw_geo_sfpd_cr_switrs_all_types_col_cty_union.fid-c18a0c2_186644fdb18_7460,55904,24509000.0,,210593578,37.7867654833,-122.392052962,SFPD-INTERIM DB,CITY STREET,09/13/2021 09:35:00 PM,2021 September 13,21:35:00,2021,September,Monday,HARRISON ST,FREMONT ST,0.0,Clear,Injury (Other Visible),Broadside,Pedestrian,Crossing in Crosswalk at Intersection,Dry,No Unusual Condition,Dark - Street Lights,Intersection <= 20ft,0.0,1,1.0,Driver,West,Making Left Turn,Pedestrian,South,Proceeding Straight,POINT (-122.39205 37.786766),30.0,1.0,10.0,8.0,21
53135,vw_geo_sfpd_cr_switrs_all_types_col_cty_union.fid-c18a0c2_186644fdb18_7f03,45170,27653000.0,,130121182,37.7838822356801,-122.485010944048,SFPD-CROSSROADS,CITY STREET,02/11/2013 02:28:00 PM,2013 February 11,14:28:00,2013,February,Monday,CALIFORNIA ST,25TH AVE,0.0,Clear,Injury (Severe),Vehicle/Pedestrian,Pedestrian,Crossing in Crosswalk at Intersection,Dry,No Unusual Condition,Daylight,Intersection <= 20ft,0.0,1,1.0,Driver,East,Making Left Turn,Pedestrian,West,Not Stated,POINT (-122.48501 37.783882),8.0,8.0,4.0,29.0,14
53150,vw_geo_sfpd_cr_switrs_all_types_col_cty_union.fid-c18a0c2_186644fdb18_77ad,58579,26666000.0,13555000.0,220452691,37.7973115755508,-122.433849478926,SFPD-INTERIM DB,CITY STREET,07/09/2022 03:57:00 PM,2022 July 09,15:57:00,2022,July,Saturday,WEBSTER ST,UNION ST,5.0,Clear,Injury (Other Visible),Vehicle/Pedestrian,Pedestrian,Crossing in Crosswalk at Intersection,Dry,No Unusual Condition,Daylight,Intersection <= 20ft,0.0,1,1.0,Driver,South,Proceeding Straight,Pedestrian,East,Proceeding Straight,POINT (-122.43385 37.79731),15.0,4.0,6.0,13.0,15
53152,vw_geo_sfpd_cr_switrs_all_types_col_cty_union.fid-c18a0c2_186644fdb18_7882,1670,21474000.000000004,,170962394,37.7166323259597,-122.438757677318,SFPD-CROSSROADS,CITY STREET,11/27/2017 01:27:00 PM,2017 November 27,13:27:00,2017,November,Monday,AMAZON AVE,PARIS ST,0.0,Clear,Injury (Complaint of Pain),Head-On,Pedestrian,Crossing in Crosswalk at Intersection,Dry,No Unusual Condition,Daylight,Intersection <= 20ft,0.0,1,1.0,Driver,East,Proceeding Straight,Pedestrian,South,Proceeding Straight,POINT (-122.43876 37.716633),90.0,9.0,1.0,7.0,13
53161,vw_geo_sfpd_cr_switrs_all_types_col_cty_union.fid-c18a0c2_186644fdb18_77fe,58847,27374000.0,,220575986,37.7654479869516,-122.477308394442,SFPD-INTERIM DB,CITY STREET,08/26/2022 09:48:00 AM,2022 August 26,09:48:00,2022,August,Friday,19TH AVE,LINCOLN WAY,0.0,Cloudy,Injury (Complaint of Pain),Vehicle/Pedestrian,Pedestrian,Crossing in Crosswalk at Intersection,Dry,No Unusual Condition,Daylight,Intersection <= 20ft,0.0,1,1.0,Driver,North,Making Right Turn,Pedestrian,West,Proceeding Straight,POINT (-122.47731 37.76545),9.0,10.0,4.0,12.0,09
53166,vw_geo_sfpd_cr_switrs_all_types_col_cty_union.fid-c18a0c2_186644fdb18_7dec,56486,26618000.0,,210698457,37.7837176376332,-122.437847943548,SFPD-INTERIM DB,CITY STREET,10/25/2021 10:05:00 AM,2021 October 25,10:05:00,2021,October,Monday,GEARY BLVD,SCOTT ST,0.0,Clear,Injury (Complaint of Pain),Broadside,Pedestrian,Crossing Not in Crosswalk,Wet,No Unusual Condition,Daylight,Intersection <= 20ft,0.0,1,1.0,Pedestrian,North,Proceeding Straight,Driver,East,Making Left Turn,POINT (-122.43785 37.78372),103.0,4.0,11.0,15.0,10
53181,vw_geo_sfpd_cr_switrs_all_types_col_cty_union.fid-c18a0c2_186644fdb18_7acf,18715,30754000.0,8758202.0,130026281,37.772771446798,-122.42236091281,SFPD-CROSSROADS,CITY STREET,01/10/2013 10:11:00 AM,2013 January 10,10:11:00,2013,January,Thursday,MARKET ST,GOUGH ST,58.0,Clear,Injury (Complaint of Pain),Vehicle/Pedestrian,Pedestrian,Crossing Not in Crosswalk,Dry,No Unusual Condition,Daylight,Midblock > 20ft,0.0,1,1.0,Pedestrian,North,Other,Driver,East,Proceeding Straight,POINT (-122.42236 37.77277),26.0,1.0,10.0,20.0,10
53182,vw_geo_sfpd_cr_switrs_all_types_col_cty_union.fid-c18a0c2_18688566ec8_-7eea,32985,26850000.0,,130268972,37.7890713873689,-122.447148008547,SFPD-CROSSROADS,CITY STREET,04/02/2013 08:48:00 AM,2013 April 02,08:48:00,2013,April,Tuesday,CLAY ST,PRESIDIO AVE,0.0,Cloudy,Injury (Complaint of Pain),Vehicle/Pedestrian,Pedestrian,Crossing in Crosswalk at Intersection,Dry,No Unusual Condition,Daylight,Intersection <= 20ft,0.0,1,1.0,Driver,South,Proceeding Straight,Pedestrian,West,Other,POINT (-122.44715 37.78907),10.0,8.0,6.0,31.0,08
53188,vw_geo_sfpd_cr_switrs_all_types_col_cty_union.fid-c18a0c2_186644fdb18_79d1,59285,30049000.0,,220613473,37.7936637783432,-122.396390415606,SFPD-INTERIM DB,CITY STREET,09/09/2022 07:34:00 AM,2022 September 09,07:34:00,2022,September,Friday,CALIFORNIA ST,DRUMM ST,0.0,Clear,Injury (Other Visible),Head-On,Pedestrian,Crossing in Crosswalk at Intersection,Dry,No Unusual Condition,Daylight,Intersection <= 20ft,0.0,1,1.0,Driver,North,Entering Traffic,Pedestrian,West,Proceeding Straight,POINT (-122.39639 37.793663),108.0,6.0,3.0,8.0,07
53210,vw_geo_sfpd_cr_switrs_all_types_col_cty_union.fid-c18a0c2_186644fdb18_7f86,54549,22117000.0,11451000.0,210058895,37.7268936354,-122.441474419,SFPD-INTERIM DB,CITY STREET,01/26/2021 07:24:00 PM,2021 January 26,19:24:00,2021,January,Tuesday,SAN JOSE AVE,SAN JUAN AVE,20.0,Cloudy,Injury (Other Visible),Vehicle/Pedestrian,Pedestrian,"In Road, Including Shoulder",Wet,No Unusual Condition,Dark - Street Lights,Intersection <= 20ft,0.0,2,1.0,Pedestrian,North,Not Stated,Driver,South,Proceeding Straight,POINT (-122.441475 37.726894),94.0,9.0,1.0,28.0,19
53212,vw_geo_sfpd_cr_switrs_all_types_col_cty_union.fid-c18a0c2_186644fdb18_7a30,58944,26326000.0,9764000.0,220588070,37.7723321514961,-122.443733978972,SFPD-INTERIM DB,CITY STREET,08/31/2022 05:36:00 AM,2022 August 31,05:36:00,2022,August,Wednesday,OAK ST,CENTRAL AVE,85.0,Clear,Injury (Severe),Vehicle/Pedestrian,Pedestrian,Crossing Not in Crosswalk,Dry,No Unusual Condition,Dark - Street Lights,Midblock > 20ft,0.0,1,1.0,Pedestrian,South,Proceeding Straight,Driver,East,Proceeding Straight,POINT (-122.44373 37.77233),112.0,7.0,11.0,3.0,05
53217,vw_geo_sfpd_cr_switrs_all_types_col_cty_union.fid-c18a0c2_186644fdb18_7bf1,27708,24909000.0,10679000.0,141062363,37.7889206537885,-122.40853175927,SFPD-CROSSROADS,CITY STREET,12/18/2014 01:00:00 PM,2014 December 18,13:00:00,2014,December,Thursday,POWELL ST,SUTTER ST,112.0,Clear,Injury (Complaint of Pain),Vehicle/Pedestrian,Pedestrian,"In Road, Including Shoulder",Dry,No Unusual Condition,Daylight,Midblock > 20ft,0.0,1,1.0,Pedestrian,West,Entering Traffic,Driver,North,Proceeding Straight,POINT (-122.40853 37.78892),19.0,6.0,3.0,8.0,13
53218,vw_geo_sfpd_cr_switrs_all_types_col_cty_union.fid-c18a0c2_18688566ec8_-7b6a,24422,24431000.0,,130354797,37.7816542616751,-122.415505178752,SFPD-CROSSROADS,CITY STREET,04/30/2013 10:28:00 PM,2013 April 30,22:28:00,2013,April,Tuesday,GOLDEN GATE AVE,HYDE ST,0.0,Clear,Injury (Complaint of Pain),Vehicle/Pedestrian,Pedestrian,Crossing in Crosswalk at Intersection,Dry,No Unusual Condition,Dark - Street Lights,Intersection <= 20ft,0.0,1,1.0,Driver,East,Making Left Turn,Pedestrian,South,Proceeding Straight,POINT (-122.415504 37.781654),21.0,5.0,10.0,36.0,22
53223,vw_geo_sfpd_cr_switrs_all_types_col_cty_union.fid-c18a0c2_186644fdb18_7fef,53660,27187000.0,,200589640,37.7717764872,-122.46204713,SFPD-INTERIM DB,CITY STREET,09/30/2020 05:57:00 PM,2020 September 30,17:57:00,2020,September,Wednesday,JOHN F KENNEDY DR,CONSERVATORY DR WEST,0.0,Clear,Injury (Other Visible),Vehicle/Pedestrian,Pedestrian,"In Road, Including Shoulder",Dry,No Unusual Condition,Daylight,Intersection <= 20ft,0.0,2,1.0,Bicyclist,East,Proceeding Straight,Pedestrian,East,Proceeding Straight,POINT (-122.46204 37.77178),9.0,7.0,4.0,12.0,17
53226,vw_geo_sfpd_cr_switrs_all_types_col_cty_union.fid-c18a0c2_18688566ec8_-7f8c,8854,23967000.0,,130026526,37.7568337344117,-122.406699001208,SFPD-CROSSROADS,CITY STREET,01/10/2013 12:02:00 PM,2013 January 10,12:02:00,2013,January,Thursday,POTRERO AVE,22ND ST,0.0,Clear,Injury (Other Visible),Vehicle/Pedestrian,Pedestrian,Crossing in Crosswalk at Intersection,Dry,No Unusual Condition,Daylight,Intersection <= 20ft,0.0,1,1.0,Pedestrian,North,Not Stated,Driver,East,Making Left Turn,POINT (-122.4067 37.756832),53.0,3.0,2.0,20.0,12
53237,vw_geo_sfpd_cr_switrs_all_types_col_cty_union.fid-c18a0c2_18688566ec8_-7d70,35856,25576000.0,4308000.0,130635525,37.806315539206,-122.418891510684,SFPD-CROSSROADS,CITY STREET,08/01/2013 08:53:00 PM,2013 August 01,20:53:00,2013,August,Thursday,COLUMBUS AVE,LEAVENWORTH ST,42.0,Clear,Injury (Other Visible),Vehicle/Pedestrian,Pedestrian,Crossing Not in Crosswalk,Dry,No Unusual Condition,Dark - Street Lights,Midblock > 20ft,0.0,1,1.0,Pedestrian,West,Entering Traffic,Driver,North,Making Right Turn,POINT (-122.41889 37.806316),99.0,6.0,6.0,32.0,20
53252,vw_geo_sfpd_cr_switrs_all_types_col_cty_union.fid-c18a0c2_186644fdb18_793d,58869,25317000.0,,220592861,37.7968997477693,-122.421960910761,SFPD-INTERIM DB,CITY STREET,09/01/2022 06:23:00 PM,2022 September 01,18:23:00,2022,September,Thursday,VALLEJO ST,POLK ST,0.0,Clear,Fatal,Vehicle/Pedestrian,Pedestrian,Crossing in Crosswalk at Intersection,Dry,No Unusual Condition,Daylight,Intersection <= 20ft,1.0,0,1.0,Driver,West,Proceeding Straight,Pedestrian,South,Proceeding Straight,POINT (-122.42196 37.796898),105.0,4.0,3.0,32.0,18
53261,vw_geo_sfpd_cr_switrs_all_types_col_cty_union.fid-c18a0c2_18688566ec8_-7d50,42365,27444000.0,5919000.0,130113571,37.7731397017949,-122.471745034038,SFPD-CROSSROADS,CITY STREET,02/08/2013 07:11:00 PM,2013 February 08,19:11:00,2013,February,Friday,FULTON ST,PARK PRESIDIO BLVD,5.0,Clear,Injury (Complaint of Pain),Vehicle/Pedestrian,Pedestrian,Crossing in Crosswalk at Intersection,Dry,No Unusual Condition,Dark - Street Lights,Intersection <= 20ft,0.0,1,1.0,Driver,East,Making Right Turn,Pedestrian,South,Not Stated,POINT (-122.47175 37.77314),5.0,8.0,4.0,11.0,19
53262,vw_geo_sfpd_cr_switrs_all_types_col_cty_union.fid-c18a0c2_186644fdb18_78d8,59125,27959000.0,,220572471,37.7602716860549,-122.509381621462,SFPD-INTERIM DB,CITY STREET,08/25/2022 12:50:00 AM,2022 August 25,00:50:00,2022,August,Thursday,GREAT HWY,JUDAH ST,0.0,Fog,Injury (Complaint of Pain),Vehicle/Pedestrian,Pedestrian,Crossing in Crosswalk at Intersection,Wet,No Unusual Condition,Dark - Street Lights,Intersection <= 20ft,0.0,1,1.0,Driver,South,Proceeding Straight,Pedestrian,East,Proceeding Straight,POINT (-122.509384 37.760273),39.0,10.0,7.0,35.0,00
53265,vw_geo_sfpd_cr_switrs_all_types_col_cty_union.fid-c18a0c2_186644fdb18_7e85,34519,25485000.0,2841000.0,130729764,37.8074703438849,-122.414071676132,SFPD-CROSSROADS,CITY STREET,09/01/2013 04:40:00 PM,2013 September 01,16:40:00,2013,September,Sunday,BEACH ST,MASON ST,28.0,Clear,Injury (Other Visible),Vehicle/Pedestrian,Pedestrian,Crossing Not in Crosswalk,Dry,No Unusual Condition,Daylight,Midblock > 20ft,0.0,1,,Pedestrian,South,Proceeding Straight,Driver,West,Proceeding Straight,POINT (-122.41407 37.807472),99.0,6.0,3.0,23.0,16
53276,vw_geo_sfpd_cr_switrs_all_types_col_cty_union.fid-c18a0c2_186644fdb18_7c55,32572,25280000.0,7131000.0,140732741,37.7953451816516,-122.4182695586,SFPD-CROSSROADS,CITY STREET,08/31/2014 11:00:00 AM,2014 August 31,11:00:00,2014,August,Sunday,HYDE ST,PACIFIC AVE,44.0,Clear,Injury (Complaint of Pain),Vehicle/Pedestrian,Pedestrian,Crossing Not in Crosswalk,Dry,No Unusual Condition,Daylight,Midblock > 20ft,0.0,1,1.0,Driver,South,Passing Other Vehicle,Pedestrian,East,Proceeding Straight,POINT (-122.41827 37.795345),16.0,6.0,3.0,32.0,11
53277,vw_geo_sfpd_cr_switrs_all_types_col_cty_union.fid-c18a0c2_186644fdb18_74ec,57090,25916000.0,,210670176,37.7759498621508,-122.422787633012,SFPD-INTERIM DB,CITY STREET,10/13/2021 04:15:00 PM,2021 October 13,16:15:00,2021,October,Wednesday,GOUGH ST,FELL ST,0.0,Clear,Injury (Complaint of Pain),Vehicle/Pedestrian,Pedestrian,Crossing in Crosswalk at Intersection,Dry,No Unusual Condition,Daylight,Intersection <= 20ft,0.0,1,1.0,Driver,East,Making Left Turn,Pedestrian,North,Proceeding Straight,POINT (-122.42279 37.77595),22.0,4.0,11.0,9.0,16
53291,vw_geo_sfpd_cr_switrs_all_types_col_cty_union.fid-c18a0c2_18688566ec8_-7ea2,9274,23782000.0,,130341255,37.7668024420391,-122.390797169576,SFPD-CROSSROADS,CITY STREET,04/26/2013 11:25:00 AM,2013 April 26,11:25:00,2013,April,Friday,04TH ST,16TH ST,0.0,Clear,Injury (Complaint of Pain),Vehicle/Pedestrian,Pedestrian,Crossing in Crosswalk at Intersection,Dry,No Unusual Condition,Daylight,Intersection <= 20ft,0.0,1,1.0,Driver,South,Making Right Turn,Pedestrian,East,Proceeding Straight,POINT (-122.3908 37.766804),34.0,1.0,10.0,4.0,11