,id,unique_id,cnn_intrsctn_fkey,cnn_sgmt_fkey,case_id_pkey,tb_latitude,tb_longitude,geocode_source,geocode_location,collision_datetime,collision_date,collision_time,accident_year,month,day_of_week,primary_rd,secondary_rd,distance,weather_1,collision_severity,type_of_collision,mviw,ped_action,road_surface,road_cond_1,lighting,intersection,number_killed,number_injured,party_at_fault,party1_type,party1_dir_of_travel,party1_move_pre_acc,party2_type,party2_dir_of_travel,party2_move_pre_acc,point,Neighborhoods,Current Police Districts,Current Supervisor Districts,Analysis Neighborhoods,hour
53298,vw_geo_sfpd_cr_switrs_all_types_col_cty_union.fid-c18a0c2_18688566ec8_-7b8a,43659,27520000.0,1379000.0,130919686,37.7744013775517,-122.484323451287,SFPD-CROSSROADS,CITY STREET,10/29/2013 10:12:00 PM,2013 October 29,22:12:00,2013,October,Tuesday,25TH AVE,CABRILLO ST,13.0,Clear,Injury (Complaint of Pain),Vehicle/Pedestrian,Pedestrian,Crossing in Crosswalk at Intersection,Dry,No Unusual Condition,Dark - Street Lights,Intersection <= 20ft,0.0,1,1.0,Driver,South,Making Left Turn,Pedestrian,East,Proceeding Straight,POINT (-122.48432 37.774403),8.0,8.0,4.0,29.0,22
53299,vw_geo_sfpd_cr_switrs_all_types_col_cty_union.fid-c18a0c2_186644fdb18_7c11,29545,26589000.0,,130474646,37.7832925918679,-122.432706179999,SFPD-CROSSROADS,CITY STREET,06/09/2013 01:22:00 PM,2013 June 09,13:22:00,2013,June,Sunday,FILLMORE ST,OFARRELL ST,0.0,Cloudy,Injury (Other Visible),Sideswipe,Pedestrian,Crossing in Crosswalk at Intersection,Dry,No Unusual Condition,Daylight,Intersection <= 20ft,0.0,1,1.0,Driver,North,Proceeding Straight,Pedestrian,West,Not Stated,POINT (-122.43271 37.78329),97.0,4.0,11.0,39.0,13
53313,vw_geo_sfpd_cr_switrs_all_types_col_cty_union.fid-c18a0c2_186644fdb18_7afa,58947,33729000.0,,220589385,37.7494784592531,-122.402866309404,SFPD-INTERIM DB,CITY STREET,08/31/2022 02:45:00 PM,2022 August 31,14:45:00,2022,August,Wednesday,CESAR CHAVEZ ST,VERMONT ST,0.0,Clear,Injury (Complaint of Pain),Vehicle/Pedestrian,Pedestrian,"In Road, Including Shoulder",Dry,No Unusual Condition,Daylight,Intersection <= 20ft,0.0,1,1.0,Pedestrian,North,Traveling Wrong Way,Driver,West,Making Right Turn,POINT (-122.40286 37.749477),54.0,2.0,9.0,1.0,14
53320,vw_geo_sfpd_cr_switrs_all_types_col_cty_union.fid-c18a0c2_18688566ec8_-7f51,106,20061000.0,,130091842,37.7333807334967,-122.379931725516,SFPD-CROSSROADS,CITY STREET,02/01/2013 10:40:00 AM,2013 February 01,10:40:00,2013,February,Friday,HARBOR RD,INGALLS ST,0.0,Clear,Injury (Complaint of Pain),Vehicle/Pedestrian,Pedestrian,Crossing in Crosswalk at Intersection,Dry,No Unusual Condition,Daylight,Intersection <= 20ft,0.0,1,1.0,Driver,South,Proceeding Straight,Pedestrian,East,Proceeding Straight,POINT (-122.37993 37.73338),78.0,2.0,9.0,1.0,10
53353,vw_geo_sfpd_cr_switrs_all_types_col_cty_union.fid-c18a0c2_186644fdb18_78b8,53753,24934000.0,,200271154,37.7827944462,-122.414053764,SFPD-INTERIM DB,CITY STREET,05/01/2020 07:51:00 PM,2020 May 01,19:51:00,2020,May,Friday,TURK ST,LEAVENWORTH ST,0.0,Clear,Injury (Complaint of Pain),Vehicle/Pedestrian,Pedestrian,Crossing in Crosswalk at Intersection,Dry,No Unusual Condition,Daylight,Intersection <= 20ft,0.0,1,,Driver,South,Backing,Pedestrian,West,Proceeding Straight,POINT (-122.414055 37.782795),20.0,5.0,10.0,36.0,19
53359,vw_geo_sfpd_cr_switrs_all_types_col_cty_union.fid-c18a0c2_186644fdb18_7464,55920,26057000.0,,210602878,37.7768558888,-122.438177048,SFPD-INTERIM DB,CITY STREET,09/17/2021 02:32:00 PM,2021 September 17,14:32:00,2021,September,Friday,DIVISADERO ST,FULTON ST,0.0,Clear,Injury (Other Visible),Vehicle/Pedestrian,Pedestrian,Crossing in Crosswalk at Intersection,Dry,No Unusual Condition,Daylight,Intersection <= 20ft,0.0,1,1.0,Driver,East,Making Left Turn,Pedestrian,North,Proceeding Straight,POINT (-122.43818 37.776855),24.0,4.0,11.0,9.0,14
53364,vw_geo_sfpd_cr_switrs_all_types_col_cty_union.fid-c18a0c2_18688566ec8_-7d5c,15667,24262000.0,,5739535,37.776746108795,-122.407842059796,SFPD-CROSSROADS,CITY STREET,05/30/2012 05:07:00 PM,2012 May 30,17:07:00,2012,May,Wednesday,FOLSOM ST,07TH ST,0.0,Clear,Injury (Complaint of Pain),Broadside,Pedestrian,Crossing in Crosswalk at Intersection,Dry,No Unusual Condition,Daylight,Intersection <= 20ft,0.0,1,,Driver,North,Making Left Turn,Pedestrian,East,Proceeding Straight,POINT (-122.407845 37.776745),32.0,1.0,10.0,34.0,17
53365,vw_geo_sfpd_cr_switrs_all_types_col_cty_union.fid-c18a0c2_186644fdb18_790a,59172,21575000.000000004,,220594732,37.7161689650054,-122.4503783548,SFPD-INTERIM DB,CITY STREET,09/02/2022 12:35:00 PM,2022 September 02,12:35:00,2022,September,Friday,SAN JOSE AVE,LAKEVIEW AVE,0.0,Clear,Injury (Complaint of Pain),Sideswipe,Pedestrian,Crossing Not in Crosswalk,Dry,No Unusual Condition,Daylight,Intersection <= 20ft,0.0,1,1.0,Driver,South,Proceeding Straight,Pedestrian,West,Proceeding Straight,POINT (-122.45038 37.716167),81.0,10.0,1.0,24.0,12
53366,vw_geo_sfpd_cr_switrs_all_types_col_cty_union.fid-c18a0c2_186644fdb18_7b0b,58933,25252000.0,3547000.0,220665305,37.7909269071373,-122.417802555188,SFPD-INTERIM DB,CITY STREET,09/28/2022 07:30:00 PM,2022 September 28,19:30:00,2022,September,Wednesday,CALIFORNIA ST,HYDE ST,120.0,Clear,Injury (Complaint of Pain),Vehicle/Pedestrian,Pedestrian,Crossing Not in Crosswalk,Dry,No Unusual Condition,Dark - Street Lights,Midblock > 20ft,0.0,1,1.0,Pedestrian,North,Other,Driver,West,Proceeding Straight,POINT (-122.4178 37.790928),16.0,6.0,3.0,21.0,19
53371,vw_geo_sfpd_cr_switrs_all_types_col_cty_union.fid-c18a0c2_186644fdb18_7b52,59015,27250000.0,241000.0,220488050,37.7827395073791,-122.462257138326,SFPD-INTERIM DB,CITY STREET,07/23/2022 09:44:00 AM,2022 July 23,09:44:00,2022,July,Saturday,04TH AVE,CLEMENT ST,109.0,Cloudy,Injury (Severe),Vehicle/Pedestrian,Pedestrian,Crossing Not in Crosswalk,Wet,No Unusual Condition,Daylight,Midblock > 20ft,0.0,1,1.0,Pedestrian,West,Other,Driver,South,Proceeding Straight,POINT (-122.46226 37.782738),5.0,8.0,4.0,11.0,09
53372,vw_geo_sfpd_cr_switrs_all_types_col_cty_union.fid-c18a0c2_18688566ec8_-7e42,28764,25175000.0,10553000.0,5592579,37.7821526537366,-122.418989983629,SFPD-CROSSROADS,CITY STREET,01/26/2012 05:19:00 PM,2012 January 26,17:19:00,2012,January,Thursday,POLK ST,TURK ST,6.0,Cloudy,Injury (Complaint of Pain),Vehicle/Pedestrian,Pedestrian,Crossing in Crosswalk at Intersection,Dry,No Unusual Condition,Daylight,Intersection <= 20ft,0.0,2,,Driver,West,Making Left Turn,Pedestrian,West,Other,POINT (-122.41899 37.782154),21.0,4.0,10.0,36.0,17
53374,vw_geo_sfpd_cr_switrs_all_types_col_cty_union.fid-c18a0c2_186644fdb18_7822,58998,24613000.0,,220467612,37.7862481522375,-122.402025419823,SFPD-INTERIM DB,CITY STREET,07/15/2022 10:23:00 AM,2022 July 15,10:23:00,2022,July,Friday,MISSION ST,03RD ST,0.0,Clear,Injury (Other Visible),Vehicle/Pedestrian,Pedestrian,Crossing in Crosswalk at Intersection,Dry,No Unusual Condition,Daylight,Intersection <= 20ft,0.0,1,1.0,Driver,West,Making Left Turn,Pedestrian,South,Proceeding Straight,POINT (-122.40202 37.786247),32.0,1.0,10.0,8.0,10
53378,vw_geo_sfpd_cr_switrs_all_types_col_cty_union.fid-c18a0c2_186644fdb18_7a5f,58878,21750000.0,,220595683,37.7216263830396,-122.43864176051,SFPD-INTERIM DB,CITY STREET,09/02/2022 06:15:00 PM,2022 September 02,18:15:00,2022,September,Friday,ALEMANY BLVD,ONONDAGA AVE,0.0,Clear,Injury (Severe),Vehicle/Pedestrian,Pedestrian,Crossing in Crosswalk at Intersection,Dry,No Unusual Condition,Daylight,Intersection <= 20ft,0.0,1,1.0,Driver,South,Making Left Turn,Pedestrian,East,Other,POINT (-122.438644 37.721626),80.0,9.0,1.0,28.0,18
53386,vw_geo_sfpd_cr_switrs_all_types_col_cty_union.fid-c18a0c2_186644fdb18_7e0c,41808,27747000.0,1825000.0,140836309,37.7645696609675,-122.496545131648,SFPD-CROSSROADS,CITY STREET,10/04/2014 10:04:00 AM,2014 October 04,10:04:00,2014,October,Saturday,37TH AVE,LINCOLN WAY,10.0,Clear,Injury (Other Visible),Vehicle/Pedestrian,Pedestrian,Crossing Not in Crosswalk,Dry,No Unusual Condition,Daylight,Intersection <= 20ft,0.0,1,1.0,Pedestrian,West,Making Left Turn,Driver,South,Entering Traffic,POINT (-122.496544 37.76457),39.0,10.0,7.0,35.0,10
53395,vw_geo_sfpd_cr_switrs_all_types_col_cty_union.fid-c18a0c2_18688566ec8_-7f19,32129,25294000.0,3547000.0,130185229,37.7907908144376,-122.419011682751,SFPD-CROSSROADS,CITY STREET,03/04/2013 07:46:00 PM,2013 March 04,19:46:00,2013,March,Monday,CALIFORNIA ST,LARKIN ST,7.0,Clear,Injury (Complaint of Pain),Vehicle/Pedestrian,Pedestrian,Crossing in Crosswalk at Intersection,Dry,No Unusual Condition,Dark - Street Lights,Intersection <= 20ft,0.0,1,1.0,Driver,South,Making Left Turn,Pedestrian,North,Not Stated,POINT (-122.419014 37.79079),16.0,6.0,3.0,21.0,19
53402,vw_geo_sfpd_cr_switrs_all_types_col_cty_union.fid-c18a0c2_186644fdb18_78ea,14885,23800000.0,,160051515,37.7806067572009,-122.390527233918,SFPD-CROSSROADS,CITY STREET,01/19/2016 07:14:00 AM,2016 January 19,07:14:00,2016,January,Tuesday,02ND ST,TOWNSEND ST,0.0,Raining,Injury (Complaint of Pain),Sideswipe,Pedestrian,Crossing in Crosswalk at Intersection,Wet,No Unusual Condition,Dark - Street Lights,Intersection <= 20ft,0.0,1,1.0,Driver,East,Making Left Turn,Pedestrian,East,Proceeding Straight,POINT (-122.390526 37.780605),31.0,1.0,10.0,4.0,07
53425,vw_geo_sfpd_cr_switrs_all_types_col_cty_union.fid-c18a0c2_18688566ec8_-7da9,39224,23282000.0,,130104326,37.7425787986883,-122.486407891689,SFPD-CROSSROADS,CITY STREET,02/05/2013 08:05:00 PM,2013 February 05,20:05:00,2013,February,Tuesday,TARAVAL ST,29TH AVE,0.0,Clear,Injury (Complaint of Pain),Vehicle/Pedestrian,Pedestrian,Crossing in Crosswalk at Intersection,Dry,No Unusual Condition,Dark - Street Lights,Intersection <= 20ft,0.0,2,1.0,Driver,East,Proceeding Straight,Pedestrian,South,Proceeding Straight,POINT (-122.486404 37.74258),40.0,10.0,7.0,35.0,20
53428,vw_geo_sfpd_cr_switrs_all_types_col_cty_union.fid-c18a0c2_186644fdb18_7da9,29162,25178000.000000004,,140442730,37.7840291162667,-122.419364167838,SFPD-CROSSROADS,CITY STREET,05/27/2014 02:55:00 PM,2014 May 27,14:55:00,2014,May,Tuesday,POLK ST,ELLIS ST,0.0,Clear,Injury (Complaint of Pain),Vehicle/Pedestrian,Pedestrian,Crossing in Crosswalk at Intersection,Dry,No Unusual Condition,Daylight,Intersection <= 20ft,0.0,1,1.0,Driver,South,Making Left Turn,Pedestrian,East,Proceeding Straight,POINT (-122.419365 37.78403),20.0,4.0,10.0,36.0,14
53429,vw_geo_sfpd_cr_switrs_all_types_col_cty_union.fid-c18a0c2_186644fdb18_76cd,56618,24414000.0,,210827866,37.7752720604298,-122.41590817826,SFPD-INTERIM DB,CITY STREET,12/15/2021 09:09:00 AM,2021 December 15,09:09:00,2021,December,Wednesday,MISSION ST,10TH ST,0.0,Clear,Injury (Complaint of Pain),Vehicle/Pedestrian,Pedestrian,Crossing in Crosswalk at Intersection,Wet,No Unusual Condition,Daylight,Intersection <= 20ft,0.0,1,1.0,Driver,South,Making Left Turn,Pedestrian,North,Proceeding Straight,POINT (-122.41591 37.775272),32.0,1.0,10.0,34.0,09
53431,vw_geo_sfpd_cr_switrs_all_types_col_cty_union.fid-c18a0c2_186644fdb18_7acb,58805,25089000.0,10471000.0,220433362,37.7906701794112,-122.412286680195,SFPD-INTERIM DB,CITY STREET,07/01/2022 07:52:00 PM,2022 July 01,19:52:00,2022,July,Friday,PINE ST,TAYLOR ST,6.0,Clear,Injury (Other Visible),Broadside,Pedestrian,Crossing in Crosswalk at Intersection,Dry,No Unusual Condition,Daylight,Intersection <= 20ft,0.0,1,1.0,Driver,West,Making Left Turn,Pedestrian,South,Proceeding Straight,POINT (-122.412285 37.79067),50.0,6.0,3.0,21.0,19
53448,vw_geo_sfpd_cr_switrs_all_types_col_cty_union.fid-c18a0c2_186644fdb18_7d5f,24693,30739000.0,,150432737,37.7839914868634,-122.408066547888,SFPD-CROSSROADS,CITY STREET,05/18/2015 02:05:00 PM,2015 May 18,14:05:00,2015,May,Monday,CYRIL MAGNIN ST,MARKET ST,0.0,Cloudy,Injury (Other Visible),Head-On,Pedestrian,Crossing in Crosswalk at Intersection,Dry,No Unusual Condition,Daylight,Intersection <= 20ft,0.0,1,1.0,Pedestrian,East,Proceeding Straight,Driver,South,Proceeding Straight,POINT (-122.408066 37.783993),19.0,5.0,10.0,34.0,14
53454,vw_geo_sfpd_cr_switrs_all_types_col_cty_union.fid-c18a0c2_186644fdb18_7aef,59141,24960000.0,,220581002,37.7867297451637,-122.413161444531,SFPD-INTERIM DB,CITY STREET,08/28/2022 10:14:00 AM,2022 August 28,10:14:00,2022,August,Sunday,JONES ST,GEARY ST,0.0,Clear,Injury (Other Visible),Vehicle/Pedestrian,Pedestrian,Crossing in Crosswalk at Intersection,Dry,No Unusual Condition,Daylight,Intersection <= 20ft,0.0,1,1.0,Driver,South,Proceeding Straight,Pedestrian,West,Proceeding Straight,POINT (-122.41316 37.786728),20.0,6.0,10.0,36.0,10
53457,vw_geo_sfpd_cr_switrs_all_types_col_cty_union.fid-c18a0c2_186644fdb18_7d30,39060,23182000.0,12394000.0,150806621,37.7430817094504,-122.474963385485,SFPD-CROSSROADS,CITY STREET,09/14/2015 10:39:00 AM,2015 September 14,10:39:00,2015,September,Monday,TARAVAL ST,18TH AVE,98.0,Clear,Injury (Other Visible),Broadside,Pedestrian,Crossing Not in Crosswalk,Dry,No Unusual Condition,Daylight,Midblock > 20ft,0.0,1,1.0,Driver,West,Proceeding Straight,Pedestrian,North,Proceeding Straight,POINT (-122.47496 37.74308),46.0,10.0,8.0,41.0,10
53460,vw_geo_sfpd_cr_switrs_all_types_col_cty_union.fid-c18a0c2_18688566ec8_-7b84,42999,27235000.0,157000.0,130452125,37.7771770701706,-122.460781552199,SFPD-CROSSROADS,CITY STREET,06/01/2013 05:15:00 PM,2013 June 01,17:15:00,2013,June,Saturday,03RD AVE,BALBOA ST,74.0,Clear,Injury (Other Visible),Vehicle/Pedestrian,Pedestrian,Not in Road,Dry,No Unusual Condition,Daylight,Midblock > 20ft,0.0,1,1.0,Bicyclist,North,Proceeding Straight,Pedestrian,West,Other,POINT (-122.460785 37.777176),5.0,8.0,4.0,11.0,17
53463,vw_geo_sfpd_cr_switrs_all_types_col_cty_union.fid-c18a0c2_186644fdb18_747f,56161,30747000.0,,210623454,37.7755581629,-122.418658583,SFPD-INTERIM DB,CITY STREET,09/25/2021 02:41:00 PM,2021 September 25,14:41:00,2021,September,Saturday,11TH ST,MARKET ST,0.0,Cloudy,Injury (Other Visible),Sideswipe,Pedestrian,Crossing Not in Crosswalk,Dry,Obstruction on Roadway,Daylight,Intersection <= 20ft,0.0,1,1.0,Pedestrian,East,Entering Traffic,Bicyclist,South,Proceeding Straight,POINT (-122.418655 37.77556),32.0,5.0,10.0,34.0,14
53471,vw_geo_sfpd_cr_switrs_all_types_col_cty_union.fid-c18a0c2_186644fdb18_7f00,45040,27620000.0,,140909871,37.7844488906199,-122.472585868348,SFPD-CROSSROADS,CITY STREET,10/27/2014 02:25:00 PM,2014 October 27,14:25:00,2014,October,Monday,PARK PRESIDIO BLVD,CALIFORNIA ST,0.0,Clear,Injury (Complaint of Pain),Vehicle/Pedestrian,Pedestrian,Crossing in Crosswalk at Intersection,Dry,No Unusual Condition,Daylight,Intersection <= 20ft,0.0,1,2.0,Pedestrian,West,Proceeding Straight,Driver,South,Proceeding Straight,POINT (-122.47259 37.78445),2.0,8.0,4.0,29.0,14
53492,vw_geo_sfpd_cr_switrs_all_types_col_cty_union.fid-c18a0c2_18688566ec8_-7b8f,32192,25302000.0,10571000.0,130917793,37.792348930936,-122.421045924048,SFPD-CROSSROADS,CITY STREET,10/29/2013 11:04:00 AM,2013 October 29,11:04:00,2013,October,Tuesday,POLK ST,CLAY ST,13.0,Clear,Injury (Other Visible),Vehicle/Pedestrian,Pedestrian,Crossing in Crosswalk at Intersection,Dry,No Unusual Condition,Daylight,Intersection <= 20ft,0.0,1,1.0,Driver,South,Making Right Turn,Pedestrian,East,Not Stated,POINT (-122.42104 37.79235),105.0,4.0,3.0,21.0,11
53493,vw_geo_sfpd_cr_switrs_all_types_col_cty_union.fid-c18a0c2_18688566ec8_-7bb0,16565,24291000.0,9047000.0,130103992,37.7787709312899,-122.41041968002,SFPD-CROSSROADS,CITY STREET,02/05/2013 06:15:00 PM,2013 February 05,18:15:00,2013,February,Tuesday,MINNA ST,07TH ST,7.0,Clear,Injury (Complaint of Pain),Vehicle/Pedestrian,Pedestrian,Crossing in Crosswalk at Intersection,Dry,No Unusual Condition,Dark - Street Lights,Intersection <= 20ft,0.0,1,1.0,Driver,West,Proceeding Straight,Pedestrian,South,Proceeding Straight,POINT (-122.41042 37.77877),32.0,1.0,10.0,34.0,18
53494,vw_geo_sfpd_cr_switrs_all_types_col_cty_union.fid-c18a0c2_186644fdb18_7a16,58838,26659000.0,12870000.0,220566509,37.7974730702794,-122.432470630782,SFPD-INTERIM DB,CITY STREET,08/22/2022 08:30:00 PM,2022 August 22,20:30:00,2022,August,Monday,UNION ST,BUCHANAN ST,78.0,Clear,Injury (Complaint of Pain),Vehicle/Pedestrian,Pedestrian,Crossing Not in Crosswalk,Dry,No Unusual Condition,Dark - Street Lights,Midblock > 20ft,0.0,1,1.0,Pedestrian,South,Entering Traffic,Driver,East,Proceeding Straight,POINT (-122.43247 37.797474),15.0,4.0,6.0,13.0,20
53513,vw_geo_sfpd_cr_switrs_all_types_col_cty_union.fid-c18a0c2_186644fdb18_7bd3,15829,24310000.0,,130237820,37.7770264209779,-122.412616667515,SFPD-CROSSROADS,CITY STREET,03/22/2013 01:19:00 PM,2013 March 22,13:19:00,2013,March,Friday,08TH ST,MINNA ST,0.0,Clear,Injury (Other Visible),Vehicle/Pedestrian,Pedestrian,Crossing Not in Crosswalk,Dry,No Unusual Condition,Daylight,Intersection <= 20ft,0.0,1,1.0,Driver,South,Proceeding Straight,Pedestrian,East,Proceeding Straight,POINT (-122.41261 37.777027),32.0,1.0,10.0,34.0,13
53514,vw_geo_sfpd_cr_switrs_all_types_col_cty_union.fid-c18a0c2_18688566ec8_-7b99,34499,25477000.0,2838000.0,130915690,37.8079442402304,-122.410273771021,SFPD-CROSSROADS,CITY STREET,10/28/2013 06:14:00 PM,2013 October 28,18:14:00,2013,October,Monday,BEACH ST,STOCKTON ST,120.0,Clear,Injury (Complaint of Pain),Vehicle/Pedestrian,Pedestrian,Not in Road,Dry,No Unusual Condition,Daylight,Midblock > 20ft,0.0,1,1.0,Driver,North,Proceeding Straight,Pedestrian,West,Proceeding Straight,POINT (-122.41027 37.807945),99.0,6.0,3.0,23.0,18
53521,vw_geo_sfpd_cr_switrs_all_types_col_cty_union.fid-c18a0c2_186644fdb18_7620,56888,24130000.000000004,1054000.0,210806268,37.7587190789809,-122.417620154812,SFPD-INTERIM DB,CITY STREET,12/06/2021 05:28:00 PM,2021 December 06,17:28:00,2021,December,Monday,20TH ST,CAPP ST,100.0,Clear,Injury (Complaint of Pain),Vehicle/Pedestrian,Pedestrian,Not in Road,Dry,No Unusual Condition,Dark - Street Lights,Midblock > 20ft,0.0,1,1.0,Driver,East,Other,Pedestrian,East,Not Stated,POINT (-122.41762 37.75872),53.0,3.0,2.0,20.0,17
53526,vw_geo_sfpd_cr_switrs_all_types_col_cty_union.fid-c18a0c2_186644fdb18_7b3e,58771,21748000.0,,220456198,37.7237878468764,-122.436449314261,SFPD-INTERIM DB,CITY STREET,07/11/2022 09:19:00 AM,2022 July 11,09:19:00,2022,July,Monday,OCEAN AVE,PERSIA AVE,0.0,Clear,Injury (Complaint of Pain),Vehicle/Pedestrian,Pedestrian,Crossing in Crosswalk at Intersection,Dry,No Unusual Condition,Daylight,Intersection <= 20ft,0.0,1,1.0,Pedestrian,North,Proceeding Straight,Driver,East,Proceeding Straight,POINT (-122.43645 37.72379),94.0,9.0,1.0,28.0,09
53548,vw_geo_sfpd_cr_switrs_all_types_col_cty_union.fid-c18a0c2_18688566ec8_-7f42,3693,20764000.0,,130133949,37.7336653192454,-122.403509274077,SFPD-CROSSROADS,CITY STREET,02/15/2013 04:18:00 PM,2013 February 15,16:18:00,2013,February,Friday,SILVER AVE,ELMIRA ST,0.0,Clear,Injury (Complaint of Pain),Vehicle/Pedestrian,Pedestrian,Crossing in Crosswalk at Intersection,Dry,No Unusual Condition,Daylight,Intersection <= 20ft,0.0,1,1.0,Driver,West,Proceeding Straight,Pedestrian,North,Proceeding Straight,POINT (-122.40351 37.733665),87.0,2.0,9.0,1.0,16
53549,vw_geo_sfpd_cr_switrs_all_types_col_cty_union.fid-c18a0c2_186644fdb18_78bd,59058,25180000.0,10558000.0,220517875,37.7846829796314,-122.419491535848,SFPD-INTERIM DB,CITY STREET,08/04/2022 09:53:00 AM,2022 August 04,09:53:00,2022,August,Thursday,POLK ST,OFARRELL ST,102.0,Clear,Injury (Complaint of Pain),Vehicle/Pedestrian,Pedestrian,"In Road, Including Shoulder",Dry,No Unusual Condition,Daylight,Midblock > 20ft,0.0,1,1.0,Driver,South,Making Right Turn,Pedestrian,South,Proceeding Straight,POINT (-122.419495 37.784683),20.0,4.0,10.0,36.0,09
53566,vw_geo_sfpd_cr_switrs_all_types_col_cty_union.fid-c18a0c2_186644fdb18_75b6,56535,22049000.0,9176101.0,210757649,37.7176387469714,-122.440115405558,SFPD-INTERIM DB,CITY STREET,11/17/2021 09:25:00 AM,2021 November 17,09:25:00,2021,November,Wednesday,MISSION ST,SENECA AVE,10.0,Clear,Injury (Other Visible),Vehicle/Pedestrian,Pedestrian,Crossing in Crosswalk at Intersection,Dry,No Unusual Condition,Daylight,Intersection <= 20ft,0.0,1,1.0,Driver,South,Making Right Turn,Pedestrian,West,Other,POINT (-122.44012 37.71764),90.0,9.0,1.0,7.0,09
53587,vw_geo_sfpd_cr_switrs_all_types_col_cty_union.fid-c18a0c2_186644fdb18_7d15,24688,30739000.0,,140354549,37.7839914868634,-122.408066547888,SFPD-CROSSROADS,CITY STREET,04/29/2014 11:30:00 AM,2014 April 29,11:30:00,2014,April,Tuesday,05TH ST,MARKET ST,0.0,Clear,Injury (Complaint of Pain),Sideswipe,Pedestrian,Crossing in Crosswalk at Intersection,Dry,No Unusual Condition,Daylight,Intersection <= 20ft,0.0,1,,Bicyclist,East,Proceeding Straight,Pedestrian,South,Stopped In Road,POINT (-122.408066 37.783993),19.0,5.0,10.0,34.0,11
53619,vw_geo_sfpd_cr_switrs_all_types_col_cty_union.fid-c18a0c2_186644fdb18_7684,56672,24934000.0,,210844183,37.7827944462295,-122.414053764459,SFPD-INTERIM DB,CITY STREET,12/21/2021 10:47:00 PM,2021 December 21,22:47:00,2021,December,Tuesday,TURK ST,LEAVENWORTH ST,0.0,Raining,Injury (Complaint of Pain),Vehicle/Pedestrian,Pedestrian,Crossing in Crosswalk at Intersection,Wet,No Unusual Condition,Dark - Street Lights,Intersection <= 20ft,0.0,1,1.0,Driver,North,Making Right Turn,Pedestrian,East,Other,POINT (-122.414055 37.782795),20.0,5.0,10.0,36.0,22
53629,vw_geo_sfpd_cr_switrs_all_types_col_cty_union.fid-c18a0c2_18688566ec8_-7e4d,39244,23389000.000000004,12408000.0,130435745,37.7424365124476,-122.489641227758,SFPD-CROSSROADS,CITY STREET,05/27/2013 06:33:00 AM,2013 May 27,06:33:00,2013,May,Monday,TARAVAL ST,32ND AVE,6.0,Cloudy,Injury (Complaint of Pain),Vehicle/Pedestrian,Pedestrian,Crossing in Crosswalk at Intersection,Dry,No Unusual Condition,Daylight,Intersection <= 20ft,0.0,1,1.0,Driver,South,Making Right Turn,Pedestrian,North,Not Stated,POINT (-122.48964 37.742435),40.0,10.0,7.0,35.0,06
53630,vw_geo_sfpd_cr_switrs_all_types_col_cty_union.fid-c18a0c2_18688566ec8_-7ea3,10990,24155000.000000004,974000.0,130223324,37.7601394445397,-122.420793754762,SFPD-CROSSROADS,CITY STREET,03/17/2013 08:50:00 PM,2013 March 17,20:50:00,2013,March,Sunday,19TH ST,LEXINGTON ST,39.0,Clear,Injury (Complaint of Pain),Vehicle/Pedestrian,Pedestrian,"In Road, Including Shoulder",Dry,No Unusual Condition,Dark - Street Lights,Midblock > 20ft,0.0,1,1.0,Driver,West,Entering Traffic,Pedestrian,North,Other,POINT (-122.42079 37.76014),53.0,3.0,2.0,20.0,20
53632,vw_geo_sfpd_cr_switrs_all_types_col_cty_union.fid-c18a0c2_186644fdb18_77b5,58840,24942000.000000004,,220562046,37.7859962358281,-122.41132558184,SFPD-INTERIM DB,CITY STREET,08/21/2022 01:36:00 AM,2022 August 21,01:36:00,2022,August,Sunday,OFARRELL ST,TAYLOR ST,0.0,Cloudy,Injury (Complaint of Pain),Vehicle/Pedestrian,Pedestrian,Crossing in Crosswalk at Intersection,Dry,No Unusual Condition,Dark - Street Lights,Intersection <= 20ft,0.0,1,1.0,Pedestrian,East,Proceeding Straight,Driver,North,Making Left Turn,POINT (-122.41132 37.785995),20.0,5.0,10.0,36.0,01
53633,vw_geo_sfpd_cr_switrs_all_types_col_cty_union.fid-c18a0c2_186644fdb18_7b19,59302,23834000.0,,220325305,37.7795669101925,-122.398059939952,SFPD-INTERIM DB,CITY STREET,05/18/2022 03:01:00 PM,2022 May 18,15:01:00,2022,May,Wednesday,BRYANT ST,04TH ST,0.0,Clear,Injury (Other Visible),Sideswipe,Pedestrian,Crossing in Crosswalk at Intersection,Dry,No Unusual Condition,Daylight,Intersection <= 20ft,0.0,2,1.0,Driver,East,Making Left Turn,Pedestrian,North,Proceeding Straight,POINT (-122.39806 37.779568),32.0,1.0,10.0,34.0,15
53639,vw_geo_sfpd_cr_switrs_all_types_col_cty_union.fid-c18a0c2_18688566ec8_-7e3e,24542,24923000.0,,130454240,37.7830040784257,-122.412411746528,SFPD-CROSSROADS,CITY STREET,06/02/2013 01:08:00 PM,2013 June 02,13:08:00,2013,June,Sunday,TURK ST,JONES ST,0.0,Clear,Injury (Complaint of Pain),Broadside,Pedestrian,Crossing in Crosswalk at Intersection,Dry,No Unusual Condition,Daylight,Intersection <= 20ft,0.0,3,1.0,Driver,South,Proceeding Straight,Driver,West,Proceeding Straight,POINT (-122.412415 37.783005),20.0,5.0,10.0,36.0,13