,id,unique_id,cnn_intrsctn_fkey,cnn_sgmt_fkey,case_id_pkey,tb_latitude,tb_longitude,geocode_source,geocode_location,collision_datetime,collision_date,collision_time,accident_year,month,day_of_week,primary_rd,secondary_rd,distance,weather_1,collision_severity,type_of_collision,mviw,ped_action,road_surface,road_cond_1,lighting,intersection,number_killed,number_injured,party_at_fault,party1_type,party1_dir_of_travel,party1_move_pre_acc,party2_type,party2_dir_of_travel,party2_move_pre_acc,point,Neighborhoods,Current Police Districts,Current Supervisor Districts,Analysis Neighborhoods,hour
53653,vw_geo_sfpd_cr_switrs_all_types_col_cty_union.fid-c18a0c2_186644fdb18_76dc,56101,25165000.0,,210543410,37.7893198495,-122.415371923,SFPD-INTERIM DB,CITY STREET,08/24/2021 09:53:00 PM,2021 August 24,21:53:00,2021,August,Tuesday,BUSH ST,LEAVENWORTH ST,0.0,Clear,Injury (Complaint of Pain),Vehicle/Pedestrian,Pedestrian,Crossing in Crosswalk at Intersection,Dry,No Unusual Condition,Dark - Street Lights,Intersection <= 20ft,0.0,1,1.0,Driver,North,Making Left Turn,Pedestrian,East,Proceeding Straight,POINT (-122.415375 37.789318),50.0,6.0,3.0,21.0,21
53656,vw_geo_sfpd_cr_switrs_all_types_col_cty_union.fid-c18a0c2_186644fdb18_7760,59189,26057000.0,5891000.0,220609648,37.7767951033015,-122.438655339488,SFPD-INTERIM DB,CITY STREET,09/07/2022 07:58:00 PM,2022 September 07,19:58:00,2022,September,Wednesday,FULTON ST,DIVISADERO ST,140.0,Clear,Injury (Severe),Broadside,Pedestrian,Crossing Not in Crosswalk,Dry,No Unusual Condition,Dark - Street Lights,Midblock > 20ft,0.0,0,1.0,Pedestrian,South,Proceeding Straight,Driver,East,Proceeding Straight,POINT (-122.43865 37.776794),24.0,7.0,11.0,9.0,19
53657,vw_geo_sfpd_cr_switrs_all_types_col_cty_union.fid-c18a0c2_186644fdb18_7c86,18227,24359000.0,,130169580,37.7710057722234,-122.419645458201,SFPD-CROSSROADS,CITY STREET,02/27/2013 01:38:00 PM,2013 February 27,13:38:00,2013,February,Wednesday,MISSION ST,PLUM ST,0.0,Clear,Injury (Complaint of Pain),Vehicle/Pedestrian,Pedestrian,Crossing in Crosswalk at Intersection,Dry,No Unusual Condition,Daylight,Intersection <= 20ft,0.0,1,1.0,Driver,East,Making Right Turn,Pedestrian,South,Other,POINT (-122.41965 37.771008),32.0,1.0,10.0,20.0,13
53659,vw_geo_sfpd_cr_switrs_all_types_col_cty_union.fid-c18a0c2_186644fdb18_74bf,56698,21338000.0,9132000.0,210656239,37.745401286647,-122.420011187698,SFPD-INTERIM DB,CITY STREET,10/08/2021 11:02:00 AM,2021 October 08,11:02:00,2021,October,Friday,MISSION ST,VALENCIA ST,5.0,Clear,Injury (Complaint of Pain),Vehicle/Pedestrian,Pedestrian,Crossing in Crosswalk at Intersection,Dry,No Unusual Condition,Daylight,Intersection <= 20ft,0.0,1,1.0,Driver,North,Making Left Turn,Pedestrian,East,Proceeding Straight,POINT (-122.42001 37.7454),83.0,9.0,2.0,2.0,11
53671,vw_geo_sfpd_cr_switrs_all_types_col_cty_union.fid-c18a0c2_18688566ec8_-7f22,4949,21827000.0,9145000.0,130163980,37.7362802668483,-122.424391370697,SFPD-CROSSROADS,CITY STREET,02/25/2013 03:55:00 PM,2013 February 25,15:55:00,2013,February,Monday,MISSION ST,RICHLAND AVE,83.0,Clear,Injury (Complaint of Pain),Vehicle/Pedestrian,Pedestrian,Crossing Not in Crosswalk,Dry,No Unusual Condition,Daylight,Midblock > 20ft,0.0,1,1.0,Pedestrian,East,Proceeding Straight,Driver,North,Proceeding Straight,POINT (-122.42439 37.73628),61.0,9.0,2.0,2.0,15
53676,vw_geo_sfpd_cr_switrs_all_types_col_cty_union.fid-c18a0c2_18688566ec8_-7bd0,14036,24347000.0,,130488879,37.7708961084587,-122.414996655046,SFPD-CROSSROADS,CITY STREET,06/14/2013 07:36:00 AM,2013 June 14,07:36:00,2013,June,Friday,FOLSOM ST,12TH ST,0.0,Clear,Injury (Complaint of Pain),Vehicle/Pedestrian,Pedestrian,Crossing Not in Crosswalk,Dry,No Unusual Condition,Daylight,Intersection <= 20ft,0.0,1,1.0,Pedestrian,North,Other,Driver,East,Making Left Turn,POINT (-122.41499 37.770897),32.0,1.0,10.0,20.0,07
53678,vw_geo_sfpd_cr_switrs_all_types_col_cty_union.fid-c18a0c2_186644fdb18_7d0b,38530,33519000.0,,180561522,37.7315760703,-122.499058976,SFPD-INTERIM DB,CITY STREET,07/28/2018 11:13:00 AM,2018 July 28,11:13:00,2018,July,Saturday,SKYLINE BLVD,LAKE MERCED BLVD,0.0,Clear,Injury (Complaint of Pain),Vehicle/Pedestrian,Pedestrian,Crossing in Crosswalk at Intersection,Dry,No Unusual Condition,Daylight,Intersection <= 20ft,0.0,1,1.0,Driver,North,Making Right Turn,Pedestrian,West,Proceeding Straight,POINT (-122.49906 37.731575),43.0,10.0,8.0,16.0,11
53680,vw_geo_sfpd_cr_switrs_all_types_col_cty_union.fid-c18a0c2_186644fdb18_78ee,59127,21486000.0,,220572653,37.7164595462284,-122.441019561541,SFPD-INTERIM DB,CITY STREET,08/25/2022 06:15:00 AM,2022 August 25,06:15:00,2022,August,Thursday,MISSION ST,GENEVA AVE,0.0,Cloudy,Injury (Other Visible),Vehicle/Pedestrian,Pedestrian,Crossing in Crosswalk at Intersection,Dry,No Unusual Condition,Daylight,Intersection <= 20ft,0.0,1,1.0,Driver,West,Making Left Turn,Pedestrian,North,Proceeding Straight,POINT (-122.44102 37.71646),80.0,9.0,1.0,28.0,06
53683,vw_geo_sfpd_cr_switrs_all_types_col_cty_union.fid-c18a0c2_186644fdb18_7731,59130,25365000.000000004,,220574875,37.8004450613127,-122.409189818387,SFPD-INTERIM DB,CITY STREET,08/25/2022 08:20:00 PM,2022 August 25,20:20:00,2022,August,Thursday,UNION ST,STOCKTON ST,0.0,Clear,Injury (Other Visible),Vehicle/Pedestrian,Pedestrian,Crossing in Crosswalk at Intersection,Dry,No Unusual Condition,Dark - Street Lights,Intersection <= 20ft,0.0,1,1.0,Driver,West,Making Left Turn,Pedestrian,South,Proceeding Straight,POINT (-122.40919 37.800446),106.0,6.0,3.0,23.0,20
53699,vw_geo_sfpd_cr_switrs_all_types_col_cty_union.fid-c18a0c2_186644fdb18_76e8,56659,23540000.0,2470000.0,210848652,37.7501416165598,-122.389602586513,SFPD-INTERIM DB,CITY STREET,12/23/2021 06:36:00 PM,2021 December 23,18:36:00,2021,December,Thursday,CESAR CHAVEZ ST,MINNESOTA ST,36.0,Clear,Injury (Other Visible),Vehicle/Pedestrian,Pedestrian,Crossing Not in Crosswalk,Wet,No Unusual Condition,Dark - Street Lights,Midblock > 20ft,0.0,1,1.0,Pedestrian,North,Not Stated,Driver,West,Making Right Turn,POINT (-122.3896 37.75014),56.0,2.0,9.0,1.0,18
53703,vw_geo_sfpd_cr_switrs_all_types_col_cty_union.fid-c18a0c2_186644fdb18_7fc4,4403,21743000.0,,140632458,37.7239094031274,-122.435385085534,SFPD-CROSSROADS,CITY STREET,07/30/2014 12:36:00 PM,2014 July 30,12:36:00,2014,July,Wednesday,MISSION ST,OCEAN AVE,0.0,Clear,Injury (Other Visible),Vehicle/Pedestrian,Pedestrian,Crossing in Crosswalk at Intersection,Dry,No Unusual Condition,Daylight,Intersection <= 20ft,0.0,1,1.0,Driver,North,Making Left Turn,Pedestrian,East,Other,POINT (-122.43539 37.72391),94.0,9.0,1.0,28.0,12
53705,vw_geo_sfpd_cr_switrs_all_types_col_cty_union.fid-c18a0c2_18688566ec8_-7d45,11492,25792000.0,891000.0,130656355,37.7609303841154,-122.434309624192,SFPD-CROSSROADS,CITY STREET,08/09/2013 02:41:00 AM,2013 August 09,02:41:00,2013,August,Friday,18TH ST,CASTRO ST,200.0,Clear,Injury (Other Visible),Broadside,Pedestrian,Crossing Not in Crosswalk,Dry,Construction or Repair Zone,Dark - Street Lights,Midblock > 20ft,0.0,1,1.0,Pedestrian,South,Proceeding Straight,Driver,East,Proceeding Straight,POINT (-122.43431 37.76093),38.0,3.0,5.0,5.0,02
53718,vw_geo_sfpd_cr_switrs_all_types_col_cty_union.fid-c18a0c2_18688566ec8_-7dfd,23730,23944000.0,295000.0,130508013,37.7815345912246,-122.404977285871,SFPD-CROSSROADS,CITY STREET,06/20/2013 07:30:00 PM,2013 June 20,19:30:00,2013,June,Thursday,05TH ST,HOWARD ST,18.0,Clear,Injury (Complaint of Pain),Vehicle/Pedestrian,Pedestrian,Crossing Not in Crosswalk,Dry,No Unusual Condition,Daylight,Intersection <= 20ft,0.0,1,1.0,Pedestrian,West,Entering Traffic,Driver,North,Making Right Turn,POINT (-122.404976 37.781536),32.0,1.0,10.0,34.0,19
53721,vw_geo_sfpd_cr_switrs_all_types_col_cty_union.fid-c18a0c2_186644fdb18_7e78,10925,24145000.0,9121000.0,130796729,37.7598944948228,-122.419173411579,SFPD-CROSSROADS,CITY STREET,09/21/2013 05:51:00 PM,2013 September 21,17:51:00,2013,September,Saturday,MISSION ST,19TH ST,124.0,Cloudy,Injury (Other Visible),Vehicle/Pedestrian,Pedestrian,"In Road, Including Shoulder",Dry,No Unusual Condition,Daylight,Midblock > 20ft,0.0,1,1.0,Pedestrian,West,Entering Traffic,Driver,North,Proceeding Straight,POINT (-122.419174 37.759895),53.0,3.0,2.0,20.0,17
53729,vw_geo_sfpd_cr_switrs_all_types_col_cty_union.fid-c18a0c2_186644fdb18_75ea,56982,27827000.0,,210777158,37.7681568751608,-122.500459828945,SFPD-INTERIM DB,CITY STREET,11/24/2021 07:07:00 PM,2021 November 24,19:07:00,2021,November,Wednesday,CHAIN OF LAKES DR,JOHN F KENNEDY DR,0.0,Clear,Injury (Complaint of Pain),Sideswipe,Pedestrian,"In Road, Including Shoulder",Dry,No Unusual Condition,Dark - Street Lights,Intersection <= 20ft,0.0,1,1.0,Driver,North,Slowing/Stopping,Pedestrian,North,Slowing/Stopping,POINT (-122.50046 37.768158),9.0,8.0,4.0,12.0,19
53734,vw_geo_sfpd_cr_switrs_all_types_col_cty_union.fid-c18a0c2_186644fdb18_7d3a,39245,23389000.000000004,12408000.0,150325198,37.7424307355418,-122.489772446438,SFPD-CROSSROADS,CITY STREET,04/14/2015 11:09:00 AM,2015 April 14,11:09:00,2015,April,Tuesday,TARAVAL ST,32ND AVE,44.0,Clear,Injury (Complaint of Pain),Broadside,Pedestrian,Crossing Not in Crosswalk,Dry,No Unusual Condition,Daylight,Midblock > 20ft,0.0,1,1.0,Pedestrian,North,Proceeding Straight,Driver,East,Slowing/Stopping,POINT (-122.48977 37.74243),40.0,10.0,7.0,35.0,11
53735,vw_geo_sfpd_cr_switrs_all_types_col_cty_union.fid-c18a0c2_186644fdb18_7524,56459,21744000.0,,210692158,37.7231299634425,-122.435976888457,SFPD-INTERIM DB,CITY STREET,10/22/2021 05:35:00 AM,2021 October 22,05:35:00,2021,October,Friday,MISSION ST,PERSIA AVE,0.0,Raining,Injury (Complaint of Pain),Vehicle/Pedestrian,Pedestrian,Crossing in Crosswalk at Intersection,Wet,No Unusual Condition,Dark - Street Lights,Intersection <= 20ft,0.0,1,1.0,Driver,South,Making Left Turn,Pedestrian,East,Proceeding Straight,POINT (-122.435974 37.72313),90.0,9.0,1.0,7.0,05
53743,vw_geo_sfpd_cr_switrs_all_types_col_cty_union.fid-c18a0c2_18688566ec8_-7d4d,32151,25221000.0,3548000.0,130653038,37.7906640929184,-122.420011835352,SFPD-CROSSROADS,CITY STREET,08/07/2013 10:07:00 PM,2013 August 07,22:07:00,2013,August,Wednesday,CALIFORNIA ST,POLK ST,198.0,Fog,Injury (Severe),Head-On,Pedestrian,Crossing Not in Crosswalk,Wet,No Unusual Condition,Dark - Street Lights,Midblock > 20ft,0.0,1,1.0,Pedestrian,North,Entering Traffic,Driver,East,Proceeding Straight,POINT (-122.42001 37.790665),105.0,4.0,3.0,21.0,22
53753,vw_geo_sfpd_cr_switrs_all_types_col_cty_union.fid-c18a0c2_186644fdb18_7c3c,31636,26943000.0,,150116947,37.7864177312592,-122.453406647488,SFPD-CROSSROADS,CITY STREET,02/07/2015 01:34:00 PM,2015 February 07,13:34:00,2015,February,Saturday,SPRUCE ST,CALIFORNIA ST,0.0,Clear,Injury (Other Visible),Vehicle/Pedestrian,Pedestrian,"In Road, Including Shoulder",Dry,No Unusual Condition,Daylight,Intersection <= 20ft,0.0,1,,Driver,South,Not Stated,Pedestrian,East,Not Stated,POINT (-122.45341 37.78642),10.0,8.0,6.0,31.0,13
53759,vw_geo_sfpd_cr_switrs_all_types_col_cty_union.fid-c18a0c2_186644fdb18_7dc9,40875,27412000.0,,170756755,37.7615116693979,-122.481278430568,SFPD-CROSSROADS,CITY STREET,09/16/2017 10:35:00 AM,2017 September 16,10:35:00,2017,September,Saturday,JUDAH ST,23RD AVE,0.0,Clear,Injury (Other Visible),Vehicle/Pedestrian,Pedestrian,Crossing in Crosswalk at Intersection,Dry,No Unusual Condition,Daylight,Intersection <= 20ft,0.0,1,1.0,Driver,East,Making Left Turn,Pedestrian,North,Proceeding Straight,POINT (-122.48128 37.761513),39.0,10.0,7.0,35.0,10
53767,vw_geo_sfpd_cr_switrs_all_types_col_cty_union.fid-c18a0c2_186644fdb18_7671,56635,21331000.0,9134000.0,210840608,37.7435130521574,-122.42123295285,SFPD-INTERIM DB,CITY STREET,12/20/2021 02:47:00 PM,2021 December 20,14:47:00,2021,December,Monday,MISSION ST,29TH ST,215.0,Clear,Injury (Severe),Vehicle/Pedestrian,Pedestrian,"In Road, Including Shoulder",Dry,No Unusual Condition,Daylight,Midblock > 20ft,0.0,1,1.0,Driver,East,Backing,Pedestrian,South,Stopped,POINT (-122.421234 37.74351),83.0,9.0,2.0,2.0,14
53774,vw_geo_sfpd_cr_switrs_all_types_col_cty_union.fid-c18a0c2_186644fdb18_756b,54665,24228000.0,6740000.0,210072867`,37.7694828142,-122.413386959,SFPD-INTERIM DB,CITY STREET,02/01/2021 11:07:00 PM,2021 February 01,23:07:00,2021,February,Monday,HARRISON ST,13TH ST,7.0,Raining,Injury (Complaint of Pain),Broadside,Pedestrian,Crossing in Crosswalk at Intersection,Wet,No Unusual Condition,Dark - Street Lights,Intersection <= 20ft,0.0,1,1.0,Pedestrian,West,Proceeding Straight,Driver,South,Proceeding Straight,POINT (-122.41338 37.76948),53.0,3.0,2.0,20.0,23
53776,vw_geo_sfpd_cr_switrs_all_types_col_cty_union.fid-c18a0c2_186644fdb18_7ee0,41704,27737000.0,12275201.0,140387277,37.7624932068415,-122.495935939237,SFPD-CROSSROADS,CITY STREET,05/08/2014 02:40:00 PM,2014 May 08,14:40:00,2014,May,Thursday,SUNSET BLVD,SUNSET BLVD,87.0,Cloudy,Injury (Other Visible),Sideswipe,Pedestrian,Crossing in Crosswalk at Intersection,Dry,No Unusual Condition,Daylight,Midblock > 20ft,0.0,1,1.0,Driver,North,Proceeding Straight,Pedestrian,West,Proceeding Straight,POINT (-122.49593 37.762493),39.0,10.0,7.0,35.0,14
53796,vw_geo_sfpd_cr_switrs_all_types_col_cty_union.fid-c18a0c2_186644fdb18_7490,55976,25204000.0,,210629941,37.7889096121,-122.418655873,SFPD-INTERIM DB,CITY STREET,09/28/2021 08:20:00 AM,2021 September 28,08:20:00,2021,September,Tuesday,BUSH ST,LARKIN ST,0.0,Clear,Injury (Other Visible),Vehicle/Pedestrian,Pedestrian,Crossing in Crosswalk at Intersection,Dry,No Unusual Condition,Daylight,Intersection <= 20ft,0.0,1,2.0,Driver,East,Proceeding Straight,Pedestrian,South,Crossed Into Opposing Lane,POINT (-122.418655 37.78891),50.0,6.0,3.0,21.0,08
53803,vw_geo_sfpd_cr_switrs_all_types_col_cty_union.fid-c18a0c2_186644fdb18_7b03,58897,27606000.0,,220623240,37.7846686286024,-122.467764265265,SFPD-INTERIM DB,CITY STREET,09/12/2022 06:54:00 PM,2022 September 12,18:54:00,2022,September,Monday,CALIFORNIA ST,09TH AVE,0.0,Clear,Injury (Complaint of Pain),Vehicle/Pedestrian,Pedestrian,Crossing in Crosswalk at Intersection,Dry,No Unusual Condition,Daylight,Intersection <= 20ft,0.0,1,1.0,Driver,West,Proceeding Straight,Pedestrian,South,Proceeding Straight,POINT (-122.467766 37.784668),5.0,8.0,4.0,11.0,18
53804,vw_geo_sfpd_cr_switrs_all_types_col_cty_union.fid-c18a0c2_18688566ec8_-7c70,5817,20816000.0,,140499957,37.7430512048885,-122.405242386568,SFPD-CROSSROADS,CITY STREET,06/16/2014 06:55:00 PM,2014 June 16,18:55:00,2014,June,Monday,OAKDALE AVE,BAY SHORE BLVD,0.0,Clear,Injury (Complaint of Pain),Vehicle/Pedestrian,Pedestrian,Crossing in Crosswalk at Intersection,Dry,No Unusual Condition,Daylight,Intersection <= 20ft,0.0,1,1.0,Pedestrian,South,Proceeding Straight,Driver,West,Other,POINT (-122.40524 37.74305),85.0,2.0,9.0,1.0,18
53810,vw_geo_sfpd_cr_switrs_all_types_col_cty_union.fid-c18a0c2_18688566ec8_-7f17,24683,30739000.0,,130188609,37.7839914868634,-122.408066547888,SFPD-CROSSROADS,CITY STREET,03/05/2013 08:44:00 PM,2013 March 05,20:44:00,2013,March,Tuesday,MARKET ST,05TH ST,0.0,Raining,Injury (Other Visible),Vehicle/Pedestrian,Pedestrian,Crossing in Crosswalk at Intersection,Wet,No Unusual Condition,Dark - Street Lights,Intersection <= 20ft,0.0,1,1.0,Pedestrian,North,Other,Driver,East,Proceeding Straight,POINT (-122.408066 37.783993),19.0,5.0,10.0,34.0,20
53813,vw_geo_sfpd_cr_switrs_all_types_col_cty_union.fid-c18a0c2_186644fdb18_76f7,58567,20902000.0,,220206799,37.7302027403578,-122.409043771186,SFPD-INTERIM DB,CITY STREET,03/29/2022 11:30:00 PM,2022 March 29,23:30:00,2022,March,Tuesday,SILLIMAN ST,SOMERSET ST,0.0,Clear,Injury (Complaint of Pain),Vehicle/Pedestrian,Pedestrian,Crossing in Crosswalk at Intersection,Dry,No Unusual Condition,Dark - Street Lights,Intersection <= 20ft,0.0,1,1.0,Driver,West,Making Left Turn,Pedestrian,North,Proceeding Straight,POINT (-122.40904 37.7302),91.0,2.0,2.0,25.0,23
53814,vw_geo_sfpd_cr_switrs_all_types_col_cty_union.fid-c18a0c2_18688566ec8_-7ef2,30204,26501000.0,10642000.0,130257094,37.7862146509869,-122.424712868261,SFPD-CROSSROADS,CITY STREET,03/28/2013 08:20:00 PM,2013 March 28,20:20:00,2013,March,Thursday,POST ST,GOUGH ST,43.0,Cloudy,Injury (Complaint of Pain),Vehicle/Pedestrian,Pedestrian,Crossing Not in Crosswalk,Dry,No Unusual Condition,Dark - Street Lights,Midblock > 20ft,0.0,1,1.0,Pedestrian,North,Other,Driver,East,Stopped In Road,POINT (-122.42471 37.786213),100.0,4.0,6.0,39.0,20
53823,vw_geo_sfpd_cr_switrs_all_types_col_cty_union.fid-c18a0c2_186644fdb18_77c8,748,20572000.0,,161046018,37.7212774521039,-122.402056471887,SFPD-CROSSROADS,CITY STREET,12/25/2016 02:30:00 PM,2016 December 25,14:30:00,2016,December,Sunday,GIRARD ST,MANSELL ST,0.0,Clear,Injury (Complaint of Pain),Vehicle/Pedestrian,Pedestrian,Crossing in Crosswalk at Intersection,Dry,No Unusual Condition,Daylight,Intersection <= 20ft,0.0,1,1.0,Driver,West,Proceeding Straight,Pedestrian,North,Proceeding Straight,POINT (-122.402054 37.72128),91.0,2.0,9.0,25.0,14
53829,vw_geo_sfpd_cr_switrs_all_types_col_cty_union.fid-c18a0c2_186644fdb18_7d3f,22036,25959000.0,7957000.0,150734696,37.7804117702676,-122.427060783665,SFPD-CROSSROADS,CITY STREET,08/22/2015 03:48:00 PM,2015 August 22,15:48:00,2015,August,Saturday,LAGUNA ST,GOLDEN GATE AVE,81.0,Clear,Injury (Complaint of Pain),Vehicle/Pedestrian,Pedestrian,Not in Road,Dry,No Unusual Condition,Daylight,Midblock > 20ft,0.0,1,1.0,Driver,South,Proceeding Straight,Pedestrian,South,Other,POINT (-122.42706 37.78041),100.0,4.0,11.0,39.0,15
53842,vw_geo_sfpd_cr_switrs_all_types_col_cty_union.fid-c18a0c2_18688566ec8_-7c90,24734,30739000.0,,5774619,37.7839914868634,-122.408066547888,SFPD-CROSSROADS,CITY STREET,07/07/2012 04:41:00 PM,2012 July 07,16:41:00,2012,July,Saturday,MARKET ST,05TH ST,0.0,Clear,Injury (Complaint of Pain),Sideswipe,Pedestrian,Crossing in Crosswalk at Intersection,Dry,No Unusual Condition,Daylight,Intersection <= 20ft,0.0,1,1.0,Driver,East,Proceeding Straight,Pedestrian,South,Not Stated,POINT (-122.408066 37.783993),19.0,5.0,10.0,34.0,16
53861,vw_geo_sfpd_cr_switrs_all_types_col_cty_union.fid-c18a0c2_186644fdb18_7f45,6011,23535000.0,196000.0,6104495,37.749854085153,-122.387543333387,SFPD-CROSSROADS,CITY STREET,04/12/2012 09:39:00 AM,2012 April 12,09:39:00,2012,April,Thursday,03RD ST,EVANS AVE,2640.0,Clear,Injury (Other Visible),Vehicle/Pedestrian,Pedestrian,Crossing in Crosswalk at Intersection,Dry,No Unusual Condition,Daylight,Midblock > 20ft,0.0,1,1.0,Pedestrian,West,Proceeding Straight,Driver,South,Proceeding Straight,POINT (-122.38754 37.749855),56.0,2.0,9.0,1.0,09
53862,vw_geo_sfpd_cr_switrs_all_types_col_cty_union.fid-c18a0c2_18688566ec8_-7b39,14947,50071000.0,12192000.0,130938915,37.7805558521537,-122.39787687971,SFPD-CROSSROADS,CITY STREET,11/05/2013 12:35:00 PM,2013 November 05,12:35:00,2013,November,Tuesday,STILLMAN ST,04TH ST,296.0,Clear,Injury (Complaint of Pain),Vehicle/Pedestrian,Pedestrian,"In Road, Including Shoulder",Dry,No Unusual Condition,Daylight,Midblock > 20ft,0.0,1,1.0,Driver,West,Backing,Pedestrian,South,Stopped In Road,POINT (-122.39788 37.780556),32.0,1.0,10.0,34.0,12
53867,vw_geo_sfpd_cr_switrs_all_types_col_cty_union.fid-c18a0c2_186644fdb18_7596,25039,25138000.0,,150165950,37.7835156410232,-122.415882538545,SFPD-CROSSROADS,CITY STREET,02/23/2015 11:27:00 AM,2015 February 23,11:27:00,2015,February,Monday,EDDY ST,HYDE ST,0.0,Clear,Injury (Complaint of Pain),Vehicle/Pedestrian,Pedestrian,Crossing in Crosswalk at Intersection,Dry,No Unusual Condition,Daylight,Intersection <= 20ft,0.0,1,1.0,Driver,South,Making Left Turn,Pedestrian,South,Proceeding Straight,POINT (-122.415886 37.783516),20.0,5.0,10.0,36.0,11
53870,vw_geo_sfpd_cr_switrs_all_types_col_cty_union.fid-c18a0c2_18688566ec8_-7ba4,16097,23941000.0,,130910208,37.7785051048409,-122.405615266463,SFPD-CROSSROADS,CITY STREET,10/27/2013 12:20:00 AM,2013 October 27,00:20:00,2013,October,Sunday,06TH ST,FOLSOM ST,0.0,Clear,Injury (Severe),Vehicle/Pedestrian,Pedestrian,Crossing in Crosswalk at Intersection,Dry,No Unusual Condition,Dark - Street Lights,Intersection <= 20ft,0.0,1,1.0,Bicyclist,South,Proceeding Straight,Pedestrian,East,Proceeding Straight,POINT (-122.40562 37.778503),32.0,1.0,10.0,34.0,00
53886,vw_geo_sfpd_cr_switrs_all_types_col_cty_union.fid-c18a0c2_18688566ec8_-7fcd,19425,26025000.0,,140702443,37.7714794845578,-122.435372982532,SFPD-CROSSROADS,CITY STREET,08/21/2014 05:55:00 PM,2014 August 21,17:55:00,2014,August,Thursday,HAIGHT ST,SCOTT ST,0.0,Clear,Injury (Complaint of Pain),Broadside,Pedestrian,Crossing in Crosswalk at Intersection,Dry,No Unusual Condition,Daylight,Intersection <= 20ft,0.0,1,1.0,Driver,West,Proceeding Straight,Pedestrian,South,Proceeding Straight,POINT (-122.43537 37.77148),26.0,4.0,11.0,3.0,17
53889,vw_geo_sfpd_cr_switrs_all_types_col_cty_union.fid-c18a0c2_18688566ec8_-7ce2,40937,27369000.0,,130735937,37.761653158029,-122.478061976761,SFPD-CROSSROADS,CITY STREET,09/03/2013 06:12:00 PM,2013 September 03,18:12:00,2013,September,Tuesday,JUDAH ST,20TH AVE,0.0,Clear,Injury (Other Visible),Vehicle/Pedestrian,Pedestrian,Crossing in Crosswalk at Intersection,Dry,No Unusual Condition,Daylight,Intersection <= 20ft,0.0,1,1.0,Driver,South,Proceeding Straight,Pedestrian,West,Stopped In Road,POINT (-122.478065 37.761654),39.0,10.0,7.0,35.0,18
53890,vw_geo_sfpd_cr_switrs_all_types_col_cty_union.fid-c18a0c2_186644fdb18_7c7b,33903,25365000.000000004,,130166655,37.8004450606029,-122.409189818387,SFPD-CROSSROADS,CITY STREET,02/26/2013 01:15:00 PM,2013 February 26,13:15:00,2013,February,Tuesday,STOCKTON ST,UNION ST,0.0,Clear,Injury (Other Visible),Vehicle/Pedestrian,Pedestrian,Crossing Not in Crosswalk,Dry,No Unusual Condition,Daylight,Intersection <= 20ft,0.0,1,,Pedestrian,East,Proceeding Straight,Driver,South,Proceeding Straight,POINT (-122.40919 37.800446),106.0,6.0,3.0,23.0,13
53892,vw_geo_sfpd_cr_switrs_all_types_col_cty_union.fid-c18a0c2_186644fdb18_7bf7,28168,24734000.0,,130237604,37.7937798574847,-122.402957359946,SFPD-CROSSROADS,CITY STREET,03/22/2013 12:25:00 PM,2013 March 22,12:25:00,2013,March,Friday,SACRAMENTO ST,MONTGOMERY ST,0.0,Clear,Injury (Other Visible),Vehicle/Pedestrian,Pedestrian,Crossing in Crosswalk at Intersection,Dry,No Unusual Condition,Daylight,Intersection <= 20ft,0.0,2,1.0,Driver,West,Proceeding Straight,Pedestrian,South,Proceeding Straight,POINT (-122.402954 37.79378),108.0,6.0,3.0,8.0,12
53899,vw_geo_sfpd_cr_switrs_all_types_col_cty_union.fid-c18a0c2_186644fdb18_7d1f,3185,20532000.0,9579000.0,131037235,37.7319713169475,-122.395517596668,SFPD-CROSSROADS,CITY STREET,12/09/2013 04:00:00 PM,2013 December 09,16:00:00,2013,December,Monday,NEWHALL ST,TOPEKA AVE,64.0,Clear,Injury (Other Visible),Vehicle/Pedestrian,Pedestrian,Crossing Not in Crosswalk,Dry,No Unusual Condition,Daylight,Midblock > 20ft,0.0,1,1.0,Pedestrian,East,Other,Driver,South,Proceeding Straight,POINT (-122.395515 37.73197),87.0,2.0,9.0,1.0,16
53905,vw_geo_sfpd_cr_switrs_all_types_col_cty_union.fid-c18a0c2_186644fdb18_76e0,56825,27677000.0,,210744492,37.7517584997579,-122.490270382407,SFPD-INTERIM DB,CITY STREET,11/12/2021 07:23:00 AM,2021 November 12,07:23:00,2021,November,Friday,32ND AVE,ORTEGA ST,0.0,Clear,Injury (Other Visible),Vehicle/Pedestrian,Pedestrian,Crossing in Crosswalk at Intersection,Dry,No Unusual Condition,Daylight,Intersection <= 20ft,0.0,1,,Driver,South,Making Right Turn,Pedestrian,West,Proceeding Straight,POINT (-122.49027 37.75176),39.0,10.0,7.0,35.0,07
53913,vw_geo_sfpd_cr_switrs_all_types_col_cty_union.fid-c18a0c2_186644fdb18_7f3b,1698,21486000.0,,180473319,37.7164595463,-122.441019561,SFPD-INTERIM DB,CITY STREET,06/26/2018 07:45:00 AM,2018 June 26,07:45:00,2018,June,Tuesday,GENEVA AVE,MISSION ST,0.0,Clear,Injury (Other Visible),Vehicle/Pedestrian,Pedestrian,Crossing in Crosswalk at Intersection,Dry,No Unusual Condition,Daylight,Intersection <= 20ft,0.0,1,1.0,Driver,West,Making Left Turn,Pedestrian,North,Proceeding Straight,POINT (-122.44102 37.71646),80.0,9.0,1.0,28.0,07