,id,unique_id,cnn_intrsctn_fkey,cnn_sgmt_fkey,case_id_pkey,tb_latitude,tb_longitude,geocode_source,geocode_location,collision_datetime,collision_date,collision_time,accident_year,month,day_of_week,primary_rd,secondary_rd,distance,weather_1,collision_severity,type_of_collision,mviw,ped_action,road_surface,road_cond_1,lighting,intersection,number_killed,number_injured,party_at_fault,party1_type,party1_dir_of_travel,party1_move_pre_acc,party2_type,party2_dir_of_travel,party2_move_pre_acc,point,Neighborhoods,Current Police Districts,Current Supervisor Districts,Analysis Neighborhoods,hour
53914,vw_geo_sfpd_cr_switrs_all_types_col_cty_union.fid-c18a0c2_186644fdb18_7c2d,30871,26633000.0,3558000.0,160121215,37.7887378605642,-122.435163838828,SFPD-CROSSROADS,CITY STREET,02/10/2016 11:16:00 AM,2016 February 10,11:16:00,2016,February,Wednesday,CALIFORNIA ST,STEINER ST,94.0,Clear,Injury (Other Visible),Vehicle/Pedestrian,Pedestrian,Crossing Not in Crosswalk,Dry,No Unusual Condition,Daylight,Midblock > 20ft,0.0,1,1.0,Pedestrian,North,Proceeding Straight,Driver,West,Backing,POINT (-122.435165 37.78874),102.0,4.0,6.0,30.0,11
53916,vw_geo_sfpd_cr_switrs_all_types_col_cty_union.fid-c18a0c2_18688566ec8_-7c30,7498,21304000.0,,130819741,37.7481656887797,-122.418221170335,SFPD-CROSSROADS,CITY STREET,09/28/2013 07:32:00 PM,2013 September 28,19:32:00,2013,September,Saturday,MISSION ST,CESAR CHAVEZ ST,0.0,Clear,Injury (Severe),Vehicle/Pedestrian,Pedestrian,Crossing Not in Crosswalk,Dry,No Unusual Condition,Dark - Street Lights,Intersection <= 20ft,0.0,1,1.0,Pedestrian,West,Proceeding Straight,Driver,North,Not Stated,POINT (-122.41822 37.748165),83.0,3.0,2.0,2.0,19
53921,vw_geo_sfpd_cr_switrs_all_types_col_cty_union.fid-c18a0c2_186644fdb18_7b4a,58801,25174000.0,,220502638,37.7891101763132,-122.417016878085,SFPD-INTERIM DB,CITY STREET,07/29/2022 03:33:00 AM,2022 July 29,03:33:00,2022,July,Friday,BUSH ST,HYDE ST,0.0,Clear,Injury (Other Visible),Head-On,Pedestrian,Crossing Not in Crosswalk,Wet,No Unusual Condition,Dark - Street Lights,Intersection <= 20ft,0.0,1,1.0,Pedestrian,North,Proceeding Straight,Driver,East,Proceeding Straight,POINT (-122.417015 37.78911),50.0,6.0,3.0,21.0,03
53924,vw_geo_sfpd_cr_switrs_all_types_col_cty_union.fid-c18a0c2_186644fdb18_7902,59142,24414000.0,,220581375,37.7752720604298,-122.41590817826,SFPD-INTERIM DB,CITY STREET,08/28/2022 01:21:00 PM,2022 August 28,13:21:00,2022,August,Sunday,10TH ST,MISSION ST,0.0,Clear,Injury (Complaint of Pain),Vehicle/Pedestrian,Pedestrian,Crossing in Crosswalk at Intersection,Dry,No Unusual Condition,Daylight,Intersection <= 20ft,0.0,1,1.0,Driver,South,Making Left Turn,Pedestrian,North,Proceeding Straight,POINT (-122.41591 37.775272),32.0,1.0,10.0,34.0,13
53931,vw_geo_sfpd_cr_switrs_all_types_col_cty_union.fid-c18a0c2_186644fdb18_7989,58696,27947000.0,7682000.0,220534653,37.7604465819379,-122.505426977519,SFPD-INTERIM DB,CITY STREET,08/10/2022 02:53:00 PM,2022 August 10,14:53:00,2022,August,Wednesday,JUDAH ST,46TH AVE,145.0,Clear,Injury (Complaint of Pain),Vehicle/Pedestrian,Pedestrian,"In Road, Including Shoulder",Dry,No Unusual Condition,Daylight,Midblock > 20ft,0.0,1,1.0,Driver,West,Proceeding Straight,Pedestrian,North,Other,POINT (-122.505424 37.76045),39.0,10.0,7.0,35.0,14
53939,vw_geo_sfpd_cr_switrs_all_types_col_cty_union.fid-c18a0c2_18688566ec8_-7b48,16449,23944000.0,296000.0,130932525,37.7813904575341,-122.404796768444,SFPD-CROSSROADS,CITY STREET,11/02/2013 07:37:00 PM,2013 November 02,19:37:00,2013,November,Saturday,05TH ST,HOWARD ST,56.0,Clear,Injury (Other Visible),Vehicle/Pedestrian,Pedestrian,"In Road, Including Shoulder",Dry,No Unusual Condition,Dark - Street Lights,Midblock > 20ft,0.0,1,1.0,Driver,North,Making U Turn,Pedestrian,South,Other,POINT (-122.4048 37.78139),32.0,1.0,10.0,34.0,19
53943,vw_geo_sfpd_cr_switrs_all_types_col_cty_union.fid-c18a0c2_186644fdb18_7ec0,38980,23161000.0,,150835733,37.7411866395936,-122.475539787717,SFPD-CROSSROADS,CITY STREET,09/23/2015 03:42:00 PM,2015 September 23,15:42:00,2015,September,Wednesday,19TH AVE,ULLOA ST,0.0,Clear,Injury (Other Visible),Vehicle/Pedestrian,Pedestrian,Crossing in Crosswalk at Intersection,Dry,No Unusual Condition,Daylight,Intersection <= 20ft,0.0,1,1.0,Driver,North,Proceeding Straight,Pedestrian,East,Not Stated,POINT (-122.47554 37.741188),40.0,10.0,8.0,41.0,15
53951,vw_geo_sfpd_cr_switrs_all_types_col_cty_union.fid-c18a0c2_18688566ec8_-7ebe,5418,20239000.0,,130316612,37.7427031548732,-122.387926351557,SFPD-CROSSROADS,CITY STREET,04/18/2013 01:18:00 PM,2013 April 18,13:18:00,2013,April,Thursday,03RD ST,EVANS AVE,0.0,Clear,Injury (Other Visible),Vehicle/Pedestrian,Pedestrian,Crossing Not in Crosswalk,Dry,No Unusual Condition,Daylight,Intersection <= 20ft,0.0,1,1.0,Pedestrian,West,Stopped In Road,Driver,South,Stopped In Road,POINT (-122.387924 37.742702),76.0,2.0,9.0,1.0,13
53952,vw_geo_sfpd_cr_switrs_all_types_col_cty_union.fid-c18a0c2_186644fdb18_7a33,17589,24241000.0,,160907162,37.7698150790595,-122.417753193886,SFPD-CROSSROADS,CITY STREET,11/07/2016 07:45:00 AM,2016 November 07,07:45:00,2016,November,Monday,13TH ST,VAN NESS AVE,0.0,Clear,Injury (Complaint of Pain),Vehicle/Pedestrian,Pedestrian,Crossing Not in Crosswalk,Dry,No Unusual Condition,Daylight,Intersection <= 20ft,0.0,1,1.0,Pedestrian,East,Proceeding Straight,Driver,North,Backing,POINT (-122.417755 37.769814),53.0,3.0,2.0,20.0,07
53953,vw_geo_sfpd_cr_switrs_all_types_col_cty_union.fid-c18a0c2_186644fdb18_7d5a,23609,24532000.0,107000.0,130357456,37.7885252101878,-122.396021313639,SFPD-CROSSROADS,CITY STREET,05/01/2013 05:05:00 PM,2013 May 01,17:05:00,2013,May,Wednesday,01ST ST,HOWARD ST,6.0,Clear,Injury (Other Visible),Vehicle/Pedestrian,Pedestrian,Crossing in Crosswalk at Intersection,Dry,No Unusual Condition,Daylight,Intersection <= 20ft,0.0,1,1.0,Driver,West,Making Left Turn,Pedestrian,East,Other,POINT (-122.39602 37.788525),32.0,1.0,10.0,8.0,17
53959,vw_geo_sfpd_cr_switrs_all_types_col_cty_union.fid-c18a0c2_186644fdb18_7bb8,15488,24273000.0,,140157092,37.7754283527239,-122.410610729486,SFPD-CROSSROADS,CITY STREET,02/22/2014 02:00:00 PM,2014 February 22,14:00:00,2014,February,Saturday,08TH ST,CLEMENTINA ST,0.0,Clear,Injury (Other Visible),Vehicle/Pedestrian,Pedestrian,Crossing in Crosswalk at Intersection,Dry,No Unusual Condition,Daylight,Intersection <= 20ft,0.0,2,1.0,Bicyclist,South,Proceeding Straight,Pedestrian,East,Proceeding Straight,POINT (-122.410614 37.77543),32.0,1.0,10.0,34.0,14
53960,vw_geo_sfpd_cr_switrs_all_types_col_cty_union.fid-c18a0c2_18688566ec8_-7ee7,32449,26648000.0,,130002811,37.7907111745481,-122.434203152352,SFPD-CROSSROADS,CITY STREET,01/01/2013 10:00:00 PM,2013 January 01,22:00:00,2013,January,Tuesday,CLAY ST,FILLMORE ST,0.0,Clear,Injury (Complaint of Pain),Vehicle/Pedestrian,Pedestrian,Crossing in Crosswalk at Intersection,Snowy or Icy,Loose Material on Roadway,Dark - Street Lights,Intersection <= 20ft,0.0,1,1.0,Driver,East,Stopped In Road,Pedestrian,South,Proceeding Straight,POINT (-122.434204 37.79071),102.0,4.0,6.0,30.0,22
53971,vw_geo_sfpd_cr_switrs_all_types_col_cty_union.fid-c18a0c2_186644fdb18_7929,58585,50072000.0,303000.0,220604513,37.7781063991811,-122.400683013982,SFPD-INTERIM DB,CITY STREET,09/06/2022 04:56:00 AM,2022 September 06,04:56:00,2022,September,Tuesday,05TH ST,BRYANT ST,158.0,Clear,Fatal,Vehicle/Pedestrian,Pedestrian,Crossing Not in Crosswalk,Dry,No Unusual Condition,Dark - Street Lights,Midblock > 20ft,1.0,0,1.0,Driver,North,Proceeding Straight,Pedestrian,East,Not Stated,POINT (-122.40068 37.778107),32.0,1.0,10.0,34.0,04
53972,vw_geo_sfpd_cr_switrs_all_types_col_cty_union.fid-c18a0c2_186644fdb18_77cc,59119,25153000.0,8242000.0,220564359,37.7852215691814,-122.414544269285,SFPD-INTERIM DB,CITY STREET,08/22/2022 08:02:00 AM,2022 August 22,08:02:00,2022,August,Monday,LEAVENWORTH ST,OFARRELL ST,133.0,Clear,Injury (Other Visible),Vehicle/Pedestrian,Pedestrian,Not in Road,Dry,No Unusual Condition,Daylight,Midblock > 20ft,0.0,2,1.0,Bicyclist,South,Proceeding Straight,Pedestrian,North,Proceeding Straight,POINT (-122.41454 37.78522),20.0,5.0,10.0,36.0,08
53976,vw_geo_sfpd_cr_switrs_all_types_col_cty_union.fid-c18a0c2_186644fdb18_7c1b,30016,25199000.0,3856000.0,130299284,37.7862928105777,-122.420361512276,SFPD-CROSSROADS,CITY STREET,04/12/2013 01:08:00 PM,2013 April 12,13:08:00,2013,April,Friday,CEDAR ST,POLK ST,155.0,Clear,Injury (Other Visible),Vehicle/Pedestrian,Pedestrian,Crossing Not in Crosswalk,Dry,No Unusual Condition,Daylight,Midblock > 20ft,0.0,2,1.0,Driver,East,Proceeding Straight,Pedestrian,South,Other,POINT (-122.420364 37.786293),50.0,4.0,3.0,36.0,13
53998,vw_geo_sfpd_cr_switrs_all_types_col_cty_union.fid-c18a0c2_18688566ec8_-7b00,23006,24486000.0,,130963467,37.7826496654254,-122.393082476472,SFPD-CROSSROADS,CITY STREET,11/13/2013 06:22:00 PM,2013 November 13,18:22:00,2013,November,Wednesday,02ND ST,FEDERAL ST,0.0,Clear,Injury (Complaint of Pain),Vehicle/Pedestrian,Pedestrian,Crossing Not in Crosswalk,Dry,No Unusual Condition,Dark - Street Lights,Intersection <= 20ft,0.0,2,1.0,Driver,East,Making Left Turn,Pedestrian,South,Proceeding Straight,POINT (-122.39308 37.78265),31.0,1.0,10.0,8.0,18
54003,vw_geo_sfpd_cr_switrs_all_types_col_cty_union.fid-c18a0c2_186644fdb18_7595,57095,24701000.0,,210736455,37.7939870634311,-122.401314503887,SFPD-INTERIM DB,CITY STREET,11/08/2021 08:30:00 PM,2021 November 08,20:30:00,2021,November,Monday,SACRAMENTO ST,SANSOME ST,0.0,Raining,Injury (Other Visible),Vehicle/Pedestrian,Pedestrian,Crossing in Crosswalk at Intersection,Wet,No Unusual Condition,Dark - Street Lights,Intersection <= 20ft,0.0,2,1.0,Driver,West,Making Left Turn,Pedestrian,East,Proceeding Straight,POINT (-122.40131 37.793987),108.0,6.0,3.0,8.0,20
54004,vw_geo_sfpd_cr_switrs_all_types_col_cty_union.fid-c18a0c2_18688566ec8_-7c7d,4935,21827000.0,,130288550,37.7360611726846,-122.424466262681,SFPD-CROSSROADS,CITY STREET,04/08/2013 09:49:00 PM,2013 April 08,21:49:00,2013,April,Monday,MISSION ST,RICHLAND AVE,0.0,Clear,Injury (Complaint of Pain),Vehicle/Pedestrian,Pedestrian,Crossing in Crosswalk at Intersection,Dry,No Unusual Condition,Daylight,Intersection <= 20ft,0.0,1,1.0,Bicyclist,South,Proceeding Straight,Pedestrian,East,Proceeding Straight,POINT (-122.42447 37.73606),61.0,9.0,5.0,2.0,21
54006,vw_geo_sfpd_cr_switrs_all_types_col_cty_union.fid-c18a0c2_186644fdb18_7726,58798,26489000.000000004,,220501339,37.7836190972985,-122.42265254436,SFPD-INTERIM DB,CITY STREET,07/28/2022 04:04:00 PM,2022 July 28,16:04:00,2022,July,Thursday,FRANKLIN ST,ELLIS ST,0.0,Clear,Injury (Other Visible),Hit Object,Pedestrian,Not in Road,Dry,No Unusual Condition,Daylight,Intersection <= 20ft,0.0,1,1.0,Driver,North,Proceeding Straight,Pedestrian,South,Stopped,POINT (-122.42265 37.78362),100.0,4.0,11.0,39.0,16
54009,vw_geo_sfpd_cr_switrs_all_types_col_cty_union.fid-c18a0c2_186644fdb18_77ac,59179,24892000.0,249000.0,220601309,37.7856267094943,-122.405685223921,SFPD-INTERIM DB,CITY STREET,09/04/2022 09:42:00 PM,2022 September 04,21:42:00,2022,September,Sunday,04TH ST,MARKET ST,60.0,Clear,Injury (Complaint of Pain),Vehicle/Pedestrian,Pedestrian,Crossing Not in Crosswalk,Dry,No Unusual Condition,Dark - Street Lights,Midblock > 20ft,0.0,1,1.0,Pedestrian,West,Proceeding Straight,Driver,South,Proceeding Straight,POINT (-122.405685 37.785625),32.0,5.0,10.0,34.0,21
54011,vw_geo_sfpd_cr_switrs_all_types_col_cty_union.fid-c18a0c2_18688566ec8_-7d01,36996,22556000.0,931000.0,130715309,37.7169858963597,-122.47239298174,SFPD-CROSSROADS,CITY STREET,08/27/2013 06:30:00 PM,2013 August 27,18:30:00,2013,August,Tuesday,19TH AVE,JUNIPERO SERRA BLVD,86.0,Cloudy,Injury (Complaint of Pain),Sideswipe,Pedestrian,Not in Road,Dry,No Unusual Condition,Daylight,Midblock > 20ft,0.0,1,1.0,Driver,North,Changing Lanes,Pedestrian,East,Proceeding Straight,POINT (-122.47239 37.716988),65.0,10.0,1.0,24.0,18
54040,vw_geo_sfpd_cr_switrs_all_types_col_cty_union.fid-c18a0c2_18688566ec8_-7e92,30798,26532000.0,10483000.0,130354101,37.7883655068964,-122.430378007931,SFPD-CROSSROADS,CITY STREET,04/30/2013 06:35:00 PM,2013 April 30,18:35:00,2013,April,Tuesday,PINE ST,BUCHANAN ST,6.0,Clear,Injury (Other Visible),Vehicle/Pedestrian,Pedestrian,Crossing in Crosswalk at Intersection,Dry,No Unusual Condition,Daylight,Intersection <= 20ft,0.0,1,1.0,Driver,North,Making Left Turn,Pedestrian,South,Not Stated,POINT (-122.43038 37.788364),101.0,4.0,11.0,30.0,18
54046,vw_geo_sfpd_cr_switrs_all_types_col_cty_union.fid-c18a0c2_186644fdb18_7b39,58671,24008000.000000004,,220444892,37.7591940104488,-122.409770121077,SFPD-INTERIM DB,CITY STREET,07/04/2022 10:20:00 PM,2022 July 04,22:20:00,2022,July,Monday,20TH ST,BRYANT ST,0.0,Clear,Injury (Other Visible),Rear End,Pedestrian,"In Road, Including Shoulder",Dry,No Unusual Condition,Dark - Street Lights,Intersection <= 20ft,0.0,1,1.0,Driver,East,Proceeding Straight,Pedestrian,East,Proceeding Straight,POINT (-122.40977 37.759193),53.0,3.0,2.0,20.0,22
54048,vw_geo_sfpd_cr_switrs_all_types_col_cty_union.fid-c18a0c2_186644fdb18_7e95,43260,27221000.0,12076000.0,130026645,37.7806989080114,-122.456162670478,SFPD-CROSSROADS,CITY STREET,01/10/2013 11:35:00 AM,2013 January 10,11:35:00,2013,January,Thursday,STANYAN BLVD,GEARY BLVD,251.0,Clear,Injury (Complaint of Pain),Vehicle/Pedestrian,Pedestrian,"In Road, Including Shoulder",Dry,No Unusual Condition,Daylight,Midblock > 20ft,0.0,1,1.0,Driver,South,Entering Traffic,Pedestrian,West,Other,POINT (-122.45616 37.7807),12.0,7.0,4.0,18.0,11
54052,vw_geo_sfpd_cr_switrs_all_types_col_cty_union.fid-c18a0c2_186644fdb18_78fc,59263,26770000.0,8461101.0,220610429,37.7996264628797,-122.437704841618,SFPD-INTERIM DB,CITY STREET,09/08/2022 05:15:00 AM,2022 September 08,05:15:00,2022,September,Thursday,LOMBARD ST,STEINER ST,4.0,Clear,Fatal,Vehicle/Pedestrian,Pedestrian,Crossing in Crosswalk at Intersection,Dry,No Unusual Condition,Dark - Street Lights,Intersection <= 20ft,1.0,0,1.0,Pedestrian,North,Not Stated,Driver,East,Proceeding Straight,POINT (-122.437706 37.799625),14.0,4.0,6.0,13.0,05
54054,vw_geo_sfpd_cr_switrs_all_types_col_cty_union.fid-c18a0c2_18688566ec8_-7d4c,42637,27456000.0,5923000.0,130409966,37.7729640320935,-122.47557824337,SFPD-CROSSROADS,CITY STREET,05/18/2013 09:07:00 PM,2013 May 18,21:07:00,2013,May,Saturday,FULTON ST,17TH AVE,10.0,Clear,Injury (Complaint of Pain),Vehicle/Pedestrian,Pedestrian,Crossing in Crosswalk at Intersection,Dry,No Unusual Condition,Dark - Street Lights,Intersection <= 20ft,0.0,1,1.0,Driver,East,Proceeding Straight,Pedestrian,North,Proceeding Straight,POINT (-122.47558 37.772964),5.0,8.0,4.0,29.0,21
54055,vw_geo_sfpd_cr_switrs_all_types_col_cty_union.fid-c18a0c2_186644fdb18_79dc,58573,23366000.0,,220571348,37.7350278505513,-122.493857075961,SFPD-INTERIM DB,CITY STREET,08/24/2022 03:10:00 PM,2022 August 24,15:10:00,2022,August,Wednesday,SUNSET BLVD,YORBA ST,0.0,Clear,Injury (Other Visible),Vehicle/Pedestrian,Pedestrian,Crossing in Crosswalk at Intersection,Dry,No Unusual Condition,Daylight,Intersection <= 20ft,0.0,2,,Driver,North,Proceeding Straight,Pedestrian,West,Other,POINT (-122.49386 37.735027),40.0,10.0,7.0,35.0,15
54056,vw_geo_sfpd_cr_switrs_all_types_col_cty_union.fid-c18a0c2_186644fdb18_749c,56100,33312000.0,,210634025,37.7314280968,-122.408914449,SFPD-INTERIM DB,CITY STREET,09/29/2021 06:04:00 PM,2021 September 29,18:04:00,2021,September,Wednesday,SILVER AVE,MERRILL ST,0.0,Clear,Injury (Severe),Vehicle/Pedestrian,Pedestrian,Crossing in Crosswalk at Intersection,Dry,No Unusual Condition,Daylight,Intersection <= 20ft,0.0,1,1.0,Driver,West,Proceeding Straight,Pedestrian,South,Proceeding Straight,POINT (-122.40891 37.731426),91.0,2.0,2.0,25.0,18
54057,vw_geo_sfpd_cr_switrs_all_types_col_cty_union.fid-c18a0c2_18688566ec8_-7f11,31980,26507000.0,6337000.0,130206370,37.7890109715774,-122.425426261953,SFPD-CROSSROADS,CITY STREET,03/12/2013 08:52:00 AM,2013 March 12,08:52:00,2013,March,Tuesday,GOUGH ST,PINE ST,6.0,Clear,Injury (Complaint of Pain),Vehicle/Pedestrian,Pedestrian,Crossing in Crosswalk at Intersection,Dry,No Unusual Condition,Daylight,Intersection <= 20ft,0.0,1,1.0,Driver,South,Making Right Turn,Pedestrian,East,Proceeding Straight,POINT (-122.42542 37.78901),102.0,4.0,6.0,39.0,08
54065,vw_geo_sfpd_cr_switrs_all_types_col_cty_union.fid-c18a0c2_186644fdb18_7be7,27109,54064000.0,12553201.0,130584853,37.7956630864984,-122.394261945626,SFPD-CROSSROADS,CITY STREET,07/16/2013 12:55:00 PM,2013 July 16,12:55:00,2013,July,Tuesday,THE EMBARCADERO,MISSION ST,862.0,Cloudy,Injury (Complaint of Pain),Vehicle/Pedestrian,Pedestrian,Crossing Not in Crosswalk,Dry,No Unusual Condition,Daylight,Midblock > 20ft,0.0,1,1.0,Pedestrian,West,Proceeding Straight,Driver,South,Proceeding Straight,POINT (-122.394264 37.795662),108.0,6.0,3.0,8.0,12
54068,vw_geo_sfpd_cr_switrs_all_types_col_cty_union.fid-c18a0c2_186644fdb18_74f6,56719,26588000.000000004,,210672796,37.7835077540026,-122.430989254251,SFPD-INTERIM DB,CITY STREET,10/14/2021 03:41:00 PM,2021 October 14,15:41:00,2021,October,Thursday,WEBSTER ST,OFARRELL ST,0.0,Clear,Injury (Other Visible),Vehicle/Pedestrian,Pedestrian,Crossing in Crosswalk at Intersection,Dry,No Unusual Condition,Daylight,Intersection <= 20ft,0.0,1,1.0,Driver,South,Proceeding Straight,Pedestrian,West,Proceeding Straight,POINT (-122.43099 37.78351),101.0,4.0,11.0,39.0,15
54078,vw_geo_sfpd_cr_switrs_all_types_col_cty_union.fid-c18a0c2_186644fdb18_7640,56901,30753000.0,,210820638,37.7730360509542,-122.421941247538,SFPD-INTERIM DB,CITY STREET,12/12/2021 05:30:00 AM,2021 December 12,05:30:00,2021,December,Sunday,MARKET ST,HAIGHT ST,0.0,Cloudy,Injury (Other Visible),Broadside,Pedestrian,Crossing Not in Crosswalk,Wet,No Unusual Condition,Dark - Street Lights,Intersection <= 20ft,0.0,1,1.0,Pedestrian,South,Proceeding Straight,Driver,West,Proceeding Straight,POINT (-122.42194 37.773037),32.0,1.0,10.0,20.0,05
54107,vw_geo_sfpd_cr_switrs_all_types_col_cty_union.fid-c18a0c2_186644fdb18_7c7e,33930,25423000.0,,131087218,37.800239159648,-122.410833639237,SFPD-CROSSROADS,CITY STREET,12/26/2013 01:35:00 PM,2013 December 26,13:35:00,2013,December,Thursday,POWELL ST,UNION ST,0.0,Clear,Injury (Complaint of Pain),Vehicle/Pedestrian,Pedestrian,Crossing in Crosswalk at Intersection,Dry,No Unusual Condition,Daylight,Intersection <= 20ft,0.0,1,1.0,Driver,South,Proceeding Straight,Pedestrian,East,Other,POINT (-122.410835 37.80024),107.0,6.0,3.0,6.0,13
54108,vw_geo_sfpd_cr_switrs_all_types_col_cty_union.fid-c18a0c2_186644fdb18_7463,55918,24431000.0,,210602141,37.7816542624,-122.415505178,SFPD-INTERIM DB,CITY STREET,09/17/2021 10:28:00 AM,2021 September 17,10:28:00,2021,September,Friday,HYDE ST,GOLDEN GATE AVE,0.0,Clear,Injury (Complaint of Pain),Vehicle/Pedestrian,Pedestrian,Crossing in Crosswalk at Intersection,Dry,No Unusual Condition,Daylight,Intersection <= 20ft,0.0,1,1.0,Pedestrian,East,Other,Driver,South,Proceeding Straight,POINT (-122.415504 37.781654),21.0,5.0,10.0,36.0,10
54109,vw_geo_sfpd_cr_switrs_all_types_col_cty_union.fid-c18a0c2_186644fdb18_777b,58890,23376000.0,,220610504,37.7403800356494,-122.493775482882,SFPD-INTERIM DB,CITY STREET,09/08/2022 07:19:00 AM,2022 September 08,07:19:00,2022,September,Thursday,ULLOA ST,36TH AVE,0.0,Clear,Injury (Other Visible),Vehicle/Pedestrian,Pedestrian,Crossing in Crosswalk at Intersection,Dry,No Unusual Condition,Daylight,Intersection <= 20ft,0.0,1,1.0,Driver,East,Proceeding Straight,Pedestrian,North,Proceeding Straight,POINT (-122.493774 37.74038),40.0,10.0,7.0,35.0,07
54111,vw_geo_sfpd_cr_switrs_all_types_col_cty_union.fid-c18a0c2_186644fdb18_7baa,23154,24515000.000000004,6810000.0,150156272,37.7834464183452,-122.396269561026,SFPD-CROSSROADS,CITY STREET,02/20/2015 11:00:00 AM,2015 February 20,11:00:00,2015,February,Friday,HAWTHORNE ST,HARRISON ST,3.0,Clear,Injury (Complaint of Pain),Vehicle/Pedestrian,Pedestrian,Crossing in Crosswalk at Intersection,Dry,No Unusual Condition,Daylight,Intersection <= 20ft,0.0,1,,Driver,South,Making Right Turn,Pedestrian,East,Proceeding Straight,POINT (-122.39627 37.783447),32.0,1.0,10.0,8.0,11
54114,vw_geo_sfpd_cr_switrs_all_types_col_cty_union.fid-c18a0c2_186644fdb18_7938,59213,24327000.0,405000.0,220529030,37.7782117226831,-122.41410668789,SFPD-INTERIM DB,CITY STREET,08/08/2022 03:52:00 PM,2022 August 08,15:52:00,2022,August,Monday,08TH ST,STEVENSON ST,15.0,Clear,Injury (Complaint of Pain),Head-On,Pedestrian,Crossing Not in Crosswalk,Dry,No Unusual Condition,Daylight,Intersection <= 20ft,0.0,1,1.0,Pedestrian,East,Entering Traffic,Driver,South,Proceeding Straight,POINT (-122.41411 37.778214),32.0,5.0,10.0,34.0,15
54116,vw_geo_sfpd_cr_switrs_all_types_col_cty_union.fid-c18a0c2_186644fdb18_753a,21536,24469000.0,13147101.0,140180059,37.7805544405054,-122.420418629652,SFPD-CROSSROADS,CITY STREET,03/02/2014 01:04:00 PM,2014 March 02,13:04:00,2014,March,Sunday,REDWOOD ST,VAN NESS AVE,8.0,Cloudy,Injury (Complaint of Pain),Vehicle/Pedestrian,Pedestrian,Crossing in Crosswalk at Intersection,Dry,No Unusual Condition,Daylight,Intersection <= 20ft,0.0,1,1.0,Driver,West,Making Right Turn,Pedestrian,South,Proceeding Straight,POINT (-122.42042 37.780556),21.0,4.0,11.0,39.0,13
54142,vw_geo_sfpd_cr_switrs_all_types_col_cty_union.fid-c18a0c2_186644fdb18_759a,56962,25925000.000000004,6816000.0,210744113,37.7767534620761,-122.423997289341,SFPD-INTERIM DB,CITY STREET,11/11/2021 10:59:00 PM,2021 November 11,22:59:00,2021,November,Thursday,HAYES ST,OCTAVIA ST,151.0,Clear,Injury (Complaint of Pain),Vehicle/Pedestrian,Pedestrian,"In Road, Including Shoulder",Dry,No Unusual Condition,Dark - Street Lights,Midblock > 20ft,0.0,1,1.0,Driver,West,Proceeding Straight,Pedestrian,West,Not Stated,POINT (-122.423996 37.776752),22.0,4.0,11.0,9.0,22
54146,vw_geo_sfpd_cr_switrs_all_types_col_cty_union.fid-c18a0c2_18688566ec8_-7c27,10221,50705000.0,9125000.0,130823231,37.7529677311666,-122.418513064308,SFPD-CROSSROADS,CITY STREET,09/30/2013 01:29:00 AM,2013 September 30,01:29:00,2013,September,Monday,MISSION ST,24TH ST,266.0,Clear,Injury (Complaint of Pain),Vehicle/Pedestrian,Pedestrian,Crossing Not in Crosswalk,Dry,No Unusual Condition,Dark - Street Lights,Midblock > 20ft,0.0,1,1.0,Pedestrian,West,Proceeding Straight,Driver,North,Proceeding Straight,POINT (-122.41851 37.752968),53.0,3.0,2.0,20.0,01
54151,vw_geo_sfpd_cr_switrs_all_types_col_cty_union.fid-c18a0c2_186644fdb18_79fe,13145,23865000.0,,130965269,37.7685308040265,-122.404874593833,SFPD-CROSSROADS,CITY STREET,11/14/2013 11:30:00 AM,2013 November 14,11:30:00,2013,November,Thursday,VERMONT ST,ALAMEDA ST,0.0,Clear,Injury (Complaint of Pain),Vehicle/Pedestrian,Pedestrian,Not in Road,Dry,No Unusual Condition,Daylight,Intersection <= 20ft,0.0,1,1.0,Driver,West,Backing,Pedestrian,West,Stopped In Road,POINT (-122.40488 37.76853),33.0,1.0,9.0,20.0,11
54161,vw_geo_sfpd_cr_switrs_all_types_col_cty_union.fid-c18a0c2_186644fdb18_7805,58886,25562000.0,,220629680,37.7978249520733,-122.422147774714,SFPD-INTERIM DB,CITY STREET,09/15/2022 11:16:00 AM,2022 September 15,11:16:00,2022,September,Thursday,GREEN ST,POLK ST,0.0,Clear,Injury (Other Visible),Vehicle/Pedestrian,Pedestrian,Crossing in Crosswalk at Intersection,Dry,No Unusual Condition,Daylight,Intersection <= 20ft,0.0,1,1.0,Driver,West,Proceeding Straight,Pedestrian,North,Proceeding Straight,POINT (-122.42215 37.797825),105.0,4.0,3.0,32.0,11