,id,unique_id,cnn_intrsctn_fkey,cnn_sgmt_fkey,case_id_pkey,tb_latitude,tb_longitude,geocode_source,geocode_location,collision_datetime,collision_date,collision_time,accident_year,month,day_of_week,primary_rd,secondary_rd,distance,weather_1,collision_severity,type_of_collision,mviw,ped_action,road_surface,road_cond_1,lighting,intersection,number_killed,number_injured,party_at_fault,party1_type,party1_dir_of_travel,party1_move_pre_acc,party2_type,party2_dir_of_travel,party2_move_pre_acc,point,Neighborhoods,Current Police Districts,Current Supervisor Districts,Analysis Neighborhoods,hour
54192,vw_geo_sfpd_cr_switrs_all_types_col_cty_union.fid-c18a0c2_186644fdb18_7bdd,26301,24917000.0,,130255979,37.7871491428224,-122.40987401663,SFPD-CROSSROADS,CITY STREET,03/28/2013 01:47:00 PM,2013 March 28,13:47:00,2013,March,Thursday,GEARY ST,MASON ST,0.0,Clear,Injury (Complaint of Pain),Vehicle/Pedestrian,Pedestrian,Crossing in Crosswalk at Intersection,Dry,No Unusual Condition,Daylight,Intersection <= 20ft,0.0,1,1.0,Driver,West,Making Left Turn,Pedestrian,West,Proceeding Straight,POINT (-122.409874 37.787148),20.0,6.0,3.0,36.0,13
54194,vw_geo_sfpd_cr_switrs_all_types_col_cty_union.fid-c18a0c2_186644fdb18_76b5,57043,26686000.0,12863000.0,210712938,37.7985537581972,-122.423971884216,SFPD-INTERIM DB,CITY STREET,10/30/2021 05:57:00 PM,2021 October 30,17:57:00,2021,October,Saturday,UNION ST,VAN NESS AVE,3.0,Cloudy,Injury (Other Visible),Broadside,Pedestrian,"In Road, Including Shoulder",Dry,No Unusual Condition,Daylight,Intersection <= 20ft,0.0,1,1.0,Pedestrian,North,Proceeding Straight,Driver,West,Proceeding Straight,POINT (-122.42397 37.798553),105.0,4.0,3.0,32.0,17
54196,vw_geo_sfpd_cr_switrs_all_types_col_cty_union.fid-c18a0c2_186644fdb18_7e51,4910,21232000.000000004,11014000.0,130967964,37.7357737727316,-122.420102044703,SFPD-CROSSROADS,CITY STREET,11/15/2013 07:56:00 AM,2013 November 15,07:56:00,2013,November,Friday,RICHLAND AVE,MURRAY ST,18.0,Clear,Injury (Other Visible),Vehicle/Pedestrian,Pedestrian,Crossing in Crosswalk at Intersection,Dry,No Unusual Condition,Daylight,Intersection <= 20ft,0.0,1,1.0,Driver,East,Making Left Turn,Pedestrian,North,Not Stated,POINT (-122.420105 37.735775),61.0,9.0,2.0,2.0,07
54225,vw_geo_sfpd_cr_switrs_all_types_col_cty_union.fid-c18a0c2_186644fdb18_76bd,56621,24342000.0,,210783995,37.7684052691442,-122.417802154764,SFPD-INTERIM DB,CITY STREET,11/28/2021 01:53:00 AM,2021 November 28,01:53:00,2021,November,Sunday,SOUTH VAN NESS AVE,14TH ST,0.0,Clear,Injury (Complaint of Pain),Vehicle/Pedestrian,Pedestrian,Crossing in Crosswalk at Intersection,Dry,No Unusual Condition,Dark - Street Lights,Intersection <= 20ft,0.0,1,1.0,Driver,South,Proceeding Straight,Pedestrian,West,Proceeding Straight,POINT (-122.4178 37.768406),53.0,3.0,2.0,20.0,01
54228,vw_geo_sfpd_cr_switrs_all_types_col_cty_union.fid-c18a0c2_186644fdb18_76c9,56907,34167000.0,,210821523,37.774327550655,-122.391634135316,SFPD-INTERIM DB,CITY STREET,12/11/2021 07:00:00 PM,2021 December 11,19:00:00,2021,December,Saturday,CHANNEL,04TH ST,0.0,Clear,Injury (Other Visible),Vehicle/Pedestrian,Pedestrian,Crossing Not in Crosswalk,Dry,No Unusual Condition,Dark - Street Lights,Intersection <= 20ft,0.0,1,1.0,Driver,North,Making Left Turn,Pedestrian,East,Proceeding Straight,POINT (-122.39163 37.774326),34.0,1.0,10.0,4.0,19
54231,vw_geo_sfpd_cr_switrs_all_types_col_cty_union.fid-c18a0c2_186644fdb18_7ca6,53599,25332000.0,,200578336,37.7986968607,-122.407869497,SFPD-INTERIM DB,CITY STREET,09/25/2020 05:03:00 PM,2020 September 25,17:03:00,2020,September,Friday,COLUMBUS AVE,VALLEJO ST,0.0,Clear,Injury (Severe),Vehicle/Pedestrian,Pedestrian,Crossing in Crosswalk at Intersection,Dry,No Unusual Condition,Daylight,Intersection <= 20ft,0.0,1,1.0,Driver,South,Making Left Turn,Pedestrian,East,Proceeding Straight,POINT (-122.40787 37.7987),106.0,6.0,3.0,23.0,17
54239,vw_geo_sfpd_cr_switrs_all_types_col_cty_union.fid-c18a0c2_186644fdb18_75b5,56530,26834000.0,6046101.0,210756704,37.7824762905277,-122.445829375705,SFPD-INTERIM DB,CITY STREET,11/16/2021 06:45:00 PM,2021 November 16,18:45:00,2021,November,Tuesday,GEARY BLVD,PRESIDIO AVE,5.0,Cloudy,Injury (Complaint of Pain),Vehicle/Pedestrian,Pedestrian,Crossing in Crosswalk at Intersection,Dry,No Unusual Condition,Dark - Street Lights,Intersection <= 20ft,0.0,1,1.0,Driver,West,Making Right Turn,Pedestrian,South,Not Stated,POINT (-122.44583 37.782475),13.0,8.0,6.0,18.0,18
54256,vw_geo_sfpd_cr_switrs_all_types_col_cty_union.fid-c18a0c2_186644fdb18_7590,56807,24285000.0,,210736308,37.780535386375,-122.408160793737,SFPD-INTERIM DB,CITY STREET,11/08/2021 07:15:00 PM,2021 November 08,19:15:00,2021,November,Monday,06TH ST,MINNA ST,0.0,Raining,Injury (Severe),Vehicle/Pedestrian,Pedestrian,Crossing Not in Crosswalk,Wet,No Unusual Condition,Dark - Street Lights,Intersection <= 20ft,0.0,1,1.0,Driver,North,Proceeding Straight,Pedestrian,West,Other,POINT (-122.40816 37.780537),32.0,1.0,10.0,34.0,19
54267,vw_geo_sfpd_cr_switrs_all_types_col_cty_union.fid-c18a0c2_18688566ec8_-7e05,34497,25475000.0,12562201.0,130495642,37.8082170243933,-122.409241562325,SFPD-CROSSROADS,CITY STREET,06/16/2013 07:23:00 PM,2013 June 16,19:23:00,2013,June,Sunday,THE EMBARCADERO,GRANT AVE,60.0,Clear,Injury (Complaint of Pain),Vehicle/Pedestrian,Pedestrian,"In Road, Including Shoulder",Dry,No Unusual Condition,Daylight,Midblock > 20ft,0.0,1,1.0,Driver,North,Proceeding Straight,Pedestrian,North,Stopped In Road,POINT (-122.40924 37.808216),99.0,6.0,3.0,23.0,19
54272,vw_geo_sfpd_cr_switrs_all_types_col_cty_union.fid-c18a0c2_18688566ec8_-7efa,33200,24570000.0,,130251836,37.7992344827189,-122.397669948948,SFPD-CROSSROADS,CITY STREET,03/27/2013 07:31:00 AM,2013 March 27,07:31:00,2013,March,Wednesday,THE EMBARCADERO,BROADWAY,0.0,Clear,Injury (Severe),Vehicle/Pedestrian,Pedestrian,Crossing in Crosswalk at Intersection,Dry,No Unusual Condition,Daylight,Intersection <= 20ft,0.0,2,1.0,Driver,East,Making Right Turn,Pedestrian,East,Not Stated,POINT (-122.39767 37.799236),77.0,6.0,3.0,8.0,07
54273,vw_geo_sfpd_cr_switrs_all_types_col_cty_union.fid-c18a0c2_186644fdb18_7639,32399,26611000.000000004,3558000.0,130692735,37.7889041136095,-122.433856717359,SFPD-CROSSROADS,CITY STREET,08/20/2013 01:30:00 PM,2013 August 20,13:30:00,2013,August,Tuesday,CALIFORNIA ST,FILLMORE ST,5.0,Clear,Injury (Complaint of Pain),Vehicle/Pedestrian,Pedestrian,Crossing in Crosswalk at Intersection,Dry,No Unusual Condition,Daylight,Intersection <= 20ft,0.0,1,1.0,Driver,East,Backing,Pedestrian,North,Proceeding Straight,POINT (-122.43385 37.788902),103.0,4.0,6.0,30.0,13
54276,vw_geo_sfpd_cr_switrs_all_types_col_cty_union.fid-c18a0c2_186644fdb18_7cbe,35857,25597000.0,2843000.0,140656674,37.80692825728,-122.418395093656,SFPD-CROSSROADS,CITY STREET,08/07/2014 11:20:00 AM,2014 August 07,11:20:00,2014,August,Thursday,BEACH ST,LEAVENWORTH ST,150.0,Cloudy,Injury (Complaint of Pain),Vehicle/Pedestrian,Pedestrian,Crossing Not in Crosswalk,Dry,No Unusual Condition,Daylight,Midblock > 20ft,0.0,1,1.0,Pedestrian,North,Proceeding Straight,Driver,East,Proceeding Straight,POINT (-122.418396 37.806927),99.0,6.0,3.0,23.0,11
54297,vw_geo_sfpd_cr_switrs_all_types_col_cty_union.fid-c18a0c2_18688566ec8_-7c9d,9161,23654000.0,,130788180,37.762755525795,-122.393612543575,SFPD-CROSSROADS,CITY STREET,09/19/2013 07:25:00 AM,2013 September 19,07:25:00,2013,September,Thursday,18TH ST,PENNSYLVANIA AVE,0.0,Clear,Injury (Complaint of Pain),Vehicle/Pedestrian,Pedestrian,Crossing in Crosswalk at Intersection,Dry,No Unusual Condition,Daylight,Intersection <= 20ft,0.0,1,1.0,Pedestrian,North,Entering Traffic,Driver,East,Making Right Turn,POINT (-122.393616 37.762756),54.0,2.0,9.0,26.0,07
54308,vw_geo_sfpd_cr_switrs_all_types_col_cty_union.fid-c18a0c2_18688566ec8_-7b95,30239,25167000.0,,130909988,37.7870379468313,-122.418270980121,SFPD-CROSSROADS,CITY STREET,10/26/2013 10:46:00 PM,2013 October 26,22:46:00,2013,October,Saturday,POST ST,LARKIN ST,0.0,Clear,Injury (Complaint of Pain),Vehicle/Pedestrian,Pedestrian,Crossing in Crosswalk at Intersection,Dry,No Unusual Condition,Dark - Street Lights,Intersection <= 20ft,0.0,1,,Driver,North,Making Left Turn,Pedestrian,East,Proceeding Straight,POINT (-122.418274 37.787037),50.0,6.0,10.0,36.0,22
54337,vw_geo_sfpd_cr_switrs_all_types_col_cty_union.fid-c18a0c2_186644fdb18_7b53,19661,26050000.0,4801101.0,130195808,37.7737022985462,-122.437583435988,SFPD-CROSSROADS,CITY STREET,03/08/2013 11:20:00 AM,2013 March 08,11:20:00,2013,March,Friday,DIVISADERO ST,FELL ST,130.0,Clear,Injury (Complaint of Pain),Vehicle/Pedestrian,Pedestrian,"In Road, Including Shoulder",Dry,No Unusual Condition,Daylight,Midblock > 20ft,0.0,1,,Pedestrian,West,Proceeding Straight,Driver,North,Backing,POINT (-122.437584 37.7737),24.0,4.0,11.0,9.0,11
54342,vw_geo_sfpd_cr_switrs_all_types_col_cty_union.fid-c18a0c2_186644fdb18_7e70,9981,33040000.0,716000.0,140923291,37.7656961788639,-122.408983775949,SFPD-CROSSROADS,CITY STREET,10/31/2014 04:36:00 PM,2014 October 31,16:36:00,2014,October,Friday,16TH ST,POTRERO AVE,420.0,Clear,Injury (Complaint of Pain),Vehicle/Pedestrian,Pedestrian,Not in Road,Wet,No Unusual Condition,Daylight,Midblock > 20ft,0.0,1,1.0,Driver,West,Making Right Turn,Pedestrian,West,Proceeding Straight,POINT (-122.40898 37.765697),53.0,3.0,9.0,20.0,16
54343,vw_geo_sfpd_cr_switrs_all_types_col_cty_union.fid-c18a0c2_18688566ec8_-7d36,3897,21187000.0,4491000.0,130671109,37.7348891793222,-122.416841545185,SFPD-CROSSROADS,CITY STREET,08/13/2013 06:59:00 PM,2013 August 13,18:59:00,2013,August,Tuesday,CRESCENT AVE,ANDOVER ST,5.0,Clear,Injury (Complaint of Pain),Vehicle/Pedestrian,Pedestrian,Crossing in Crosswalk at Intersection,Dry,No Unusual Condition,Daylight,Intersection <= 20ft,0.0,1,1.0,Driver,West,Proceeding Straight,Pedestrian,South,Proceeding Straight,POINT (-122.41684 37.73489),61.0,9.0,2.0,2.0,18
54346,vw_geo_sfpd_cr_switrs_all_types_col_cty_union.fid-c18a0c2_18688566ec8_-7b21,42881,27191000.0,,130949730,37.7743088953789,-122.458371098871,SFPD-CROSSROADS,CITY STREET,11/08/2013 09:52:00 PM,2013 November 08,21:52:00,2013,November,Friday,ARGUELLO BLVD,FULTON ST,0.0,Clear,Injury (Severe),Vehicle/Pedestrian,Pedestrian,Crossing in Crosswalk at Intersection,Dry,No Unusual Condition,Dark - Street Lights,Intersection <= 20ft,0.0,2,1.0,Driver,North,Making Left Turn,Pedestrian,East,Proceeding Straight,POINT (-122.458374 37.774307),9.0,8.0,4.0,12.0,21
54353,vw_geo_sfpd_cr_switrs_all_types_col_cty_union.fid-c18a0c2_186644fdb18_7a3a,58851,25644000.0,4212000.0,220574295,37.7492085115111,-122.428606040018,SFPD-INTERIM DB,CITY STREET,08/25/2022 04:13:00 PM,2022 August 25,16:13:00,2022,August,Thursday,CLIPPER ST,CHURCH ST,408.0,Clear,Injury (Complaint of Pain),Sideswipe,Pedestrian,"In Road, Including Shoulder",Dry,No Unusual Condition,Daylight,Midblock > 20ft,0.0,1,1.0,Driver,East,Proceeding Straight,Pedestrian,East,Stopped,POINT (-122.428604 37.74921),84.0,3.0,5.0,22.0,16
54357,vw_geo_sfpd_cr_switrs_all_types_col_cty_union.fid-c18a0c2_18688566ec8_-7b0f,11857,24170000.0,9116000.0,130559107,37.7647762944345,-122.419642480553,SFPD-CROSSROADS,CITY STREET,07/07/2013 11:55:00 PM,2013 July 07,23:55:00,2013,July,Sunday,MISSION ST,16TH ST,100.0,Cloudy,Injury (Complaint of Pain),Vehicle/Pedestrian,Pedestrian,Crossing Not in Crosswalk,Dry,No Unusual Condition,Dark - Street Lights,Midblock > 20ft,0.0,1,1.0,Driver,South,Proceeding Straight,Pedestrian,West,Other,POINT (-122.41964 37.76478),53.0,3.0,2.0,20.0,23
54369,vw_geo_sfpd_cr_switrs_all_types_col_cty_union.fid-c18a0c2_18688566ec8_-7ca2,38809,22927000.0,,130787320,37.7397234994594,-122.466991014333,SFPD-CROSSROADS,CITY STREET,09/18/2013 07:42:00 PM,2013 September 18,19:42:00,2013,September,Wednesday,WEST PORTAL AVE,VICENTE ST,0.0,Clear,Injury (Complaint of Pain),Vehicle/Pedestrian,Pedestrian,Crossing in Crosswalk at Intersection,Dry,No Unusual Condition,Dark - Street Lights,Intersection <= 20ft,0.0,1,1.0,Driver,East,Making Left Turn,Pedestrian,West,Proceeding Straight,POINT (-122.46699 37.739723),46.0,10.0,8.0,41.0,19
54379,vw_geo_sfpd_cr_switrs_all_types_col_cty_union.fid-c18a0c2_186644fdb18_75cb,28530,25013000.0,,140675533,37.7929707723775,-122.409361285215,SFPD-CROSSROADS,CITY STREET,08/12/2014 01:55:00 PM,2014 August 12,13:55:00,2014,August,Tuesday,POWELL ST,SACRAMENTO ST,0.0,Clear,Injury (Other Visible),Vehicle/Pedestrian,Pedestrian,Crossing in Crosswalk at Intersection,Dry,No Unusual Condition,Daylight,Intersection <= 20ft,0.0,1,1.0,Driver,West,Making Left Turn,Pedestrian,East,Other,POINT (-122.40936 37.792973),16.0,6.0,3.0,6.0,13
54387,vw_geo_sfpd_cr_switrs_all_types_col_cty_union.fid-c18a0c2_18688566ec8_-7e95,11629,25814000.0,3790000.0,130005611,37.7626023120065,-122.435175422601,SFPD-CROSSROADS,CITY STREET,01/02/2013 07:55:00 PM,2013 January 02,19:55:00,2013,January,Wednesday,CASTRO ST,17TH ST,25.0,Clear,Injury (Other Visible),Vehicle/Pedestrian,Pedestrian,Crossing Not in Crosswalk,Dry,No Unusual Condition,Dark - Street Lights,Midblock > 20ft,0.0,1,1.0,Pedestrian,West,Proceeding Straight,Driver,South,Making Left Turn,POINT (-122.43517 37.762604),38.0,3.0,5.0,5.0,19
54406,vw_geo_sfpd_cr_switrs_all_types_col_cty_union.fid-c18a0c2_186644fdb18_778c,56035,25815000.0,,210606585,37.7608239951,-122.436114109,SFPD-INTERIM DB,CITY STREET,09/19/2021 12:37:00 AM,2021 September 19,00:37:00,2021,September,Sunday,18TH ST,COLLINGWOOD ST,0.0,Raining,Injury (Complaint of Pain),Vehicle/Pedestrian,Pedestrian,Crossing in Crosswalk at Intersection,Wet,No Unusual Condition,Dark - Street Lights,Intersection <= 20ft,0.0,1,,Pedestrian,North,Other,Driver,East,Proceeding Straight,POINT (-122.43611 37.760822),38.0,3.0,5.0,5.0,00
54407,vw_geo_sfpd_cr_switrs_all_types_col_cty_union.fid-c18a0c2_186644fdb18_7b7e,21208,24437000.000000004,10548000.0,180682128,37.7784372711,-122.418217781,SFPD-INTERIM DB,CITY STREET,09/09/2018 11:03:00 AM,2018 September 09,11:03:00,2018,September,Sunday,POLK ST,GROVE ST,19.0,Clear,Injury (Complaint of Pain),Vehicle/Pedestrian,Pedestrian,Crossing in Crosswalk at Intersection,Dry,No Unusual Condition,Daylight,Intersection <= 20ft,0.0,1,1.0,Driver,South,Making Right Turn,Pedestrian,West,Proceeding Straight,POINT (-122.41822 37.77844),21.0,4.0,10.0,36.0,11
54419,vw_geo_sfpd_cr_switrs_all_types_col_cty_union.fid-c18a0c2_18688566ec8_-7ecd,11615,25803000.000000004,809000.0,130293963,37.7626162056808,-122.432982087282,SFPD-CROSSROADS,CITY STREET,04/10/2013 06:35:00 PM,2013 April 10,18:35:00,2013,April,Wednesday,17TH ST,NOE ST,10.0,Clear,Injury (Complaint of Pain),Vehicle/Pedestrian,Pedestrian,Crossing in Crosswalk at Intersection,Dry,No Unusual Condition,Daylight,Intersection <= 20ft,0.0,1,1.0,Driver,West,Proceeding Straight,Pedestrian,South,Proceeding Straight,POINT (-122.43298 37.762615),38.0,3.0,5.0,5.0,18
54431,vw_geo_sfpd_cr_switrs_all_types_col_cty_union.fid-c18a0c2_186644fdb18_7ef5,43085,27271000.0,,140045839,37.7772347787037,-122.46401060185,SFPD-CROSSROADS,CITY STREET,01/16/2014 02:40:00 PM,2014 January 16,14:40:00,2014,January,Thursday,BALBOA ST,06TH AVE,0.0,Clear,Injury (Complaint of Pain),Vehicle/Pedestrian,Pedestrian,Crossing in Crosswalk at Intersection,Dry,No Unusual Condition,Daylight,Intersection <= 20ft,0.0,1,1.0,Driver,South,Making Left Turn,Pedestrian,East,Proceeding Straight,POINT (-122.46401 37.777233),5.0,8.0,4.0,11.0,14
54438,vw_geo_sfpd_cr_switrs_all_types_col_cty_union.fid-c18a0c2_186644fdb18_79b7,58751,21306000.0,,220531132,37.7490412879173,-122.418135251868,SFPD-INTERIM DB,CITY STREET,08/09/2022 12:24:00 PM,2022 August 09,12:24:00,2022,August,Tuesday,MISSION ST,26TH ST,0.0,Clear,Injury (Complaint of Pain),Head-On,Pedestrian,Crossing in Crosswalk at Intersection,Dry,No Unusual Condition,Daylight,Intersection <= 20ft,0.0,1,1.0,Driver,East,Making Left Turn,Pedestrian,North,Not Stated,POINT (-122.41814 37.749043),53.0,3.0,2.0,20.0,12
54441,vw_geo_sfpd_cr_switrs_all_types_col_cty_union.fid-c18a0c2_18688566ec8_-7b41,25858,24648000.0,7747000.0,130936969,37.7881996587894,-122.403536678112,SFPD-CROSSROADS,CITY STREET,11/04/2013 06:05:00 PM,2013 November 04,18:05:00,2013,November,Monday,KEARNY ST,GEARY ST,87.0,Clear,Injury (Other Visible),Vehicle/Pedestrian,Pedestrian,Crossing Not in Crosswalk,Dry,No Unusual Condition,Dark - Street Lights,Midblock > 20ft,0.0,1,1.0,Pedestrian,East,Proceeding Straight,Bicyclist,North,Proceeding Straight,POINT (-122.403534 37.7882),19.0,6.0,3.0,8.0,18
54445,vw_geo_sfpd_cr_switrs_all_types_col_cty_union.fid-c18a0c2_186644fdb18_796d,58889,24182000.0,,220609319,37.766599218263,-122.421056630664,SFPD-INTERIM DB,CITY STREET,09/07/2022 05:29:00 PM,2022 September 07,17:29:00,2022,September,Wednesday,15TH ST,JULIAN AVE,0.0,Clear,Injury (Complaint of Pain),Vehicle/Pedestrian,Pedestrian,Crossing in Crosswalk at Intersection,Dry,No Unusual Condition,Daylight,Intersection <= 20ft,0.0,1,1.0,Driver,West,Proceeding Straight,Pedestrian,North,Proceeding Straight,POINT (-122.42106 37.766598),53.0,3.0,2.0,20.0,17
54446,vw_geo_sfpd_cr_switrs_all_types_col_cty_union.fid-c18a0c2_186644fdb18_7664,57047,20638000.0,6199000.0,210833368,37.7268599204339,-122.404382666273,SFPD-INTERIM DB,CITY STREET,12/17/2021 08:10:00 AM,2021 December 17,08:10:00,2021,December,Friday,GIRARD ST,BACON ST,197.0,Clear,Injury (Other Visible),Broadside,Pedestrian,Crossing Not in Crosswalk,Dry,No Unusual Condition,Daylight,Midblock > 20ft,0.0,1,1.0,Pedestrian,East,Proceeding Straight,Driver,South,Proceeding Straight,POINT (-122.40438 37.72686),91.0,2.0,2.0,25.0,08
54452,vw_geo_sfpd_cr_switrs_all_types_col_cty_union.fid-c18a0c2_186644fdb18_7689,56654,24922000.0,,210850403,37.7822305752126,-122.410292026986,SFPD-INTERIM DB,CITY STREET,12/24/2021 04:15:00 PM,2021 December 24,16:15:00,2021,December,Friday,TAYLOR ST,GOLDEN GATE AVE,0.0,Cloudy,Injury (Other Visible),Vehicle/Pedestrian,Pedestrian,Crossing in Crosswalk at Intersection,Wet,No Unusual Condition,Daylight,Intersection <= 20ft,0.0,1,1.0,Driver,North,Making Left Turn,Pedestrian,East,Proceeding Straight,POINT (-122.41029 37.78223),32.0,5.0,10.0,34.0,16
54459,vw_geo_sfpd_cr_switrs_all_types_col_cty_union.fid-c18a0c2_186644fdb18_7ef7,43454,27284000.0,,140094886,37.7810189214321,-122.464279170272,SFPD-CROSSROADS,CITY STREET,02/01/2014 04:58:00 PM,2014 February 01,16:58:00,2014,February,Saturday,GEARY BLVD,06TH AVE,0.0,Clear,Injury (Complaint of Pain),Vehicle/Pedestrian,Pedestrian,Crossing Not in Crosswalk,Dry,No Unusual Condition,Daylight,Intersection <= 20ft,0.0,1,1.0,Pedestrian,North,Other,Driver,East,Entering Traffic,POINT (-122.46428 37.781017),5.0,8.0,4.0,11.0,16
54462,vw_geo_sfpd_cr_switrs_all_types_col_cty_union.fid-c18a0c2_186644fdb18_75d0,56842,25186000.0,13149102.0,210764826,37.7828638645638,-122.420833649526,SFPD-INTERIM DB,CITY STREET,11/19/2021 09:15:00 PM,2021 November 19,21:15:00,2021,November,Friday,VAN NESS AVE,EDDY ST,12.0,Cloudy,Injury (Severe),Vehicle/Pedestrian,Pedestrian,Crossing in Crosswalk at Intersection,Wet,No Unusual Condition,Dark - Street Lights,Intersection <= 20ft,0.0,1,1.0,Driver,South,Making Left Turn,Pedestrian,East,Proceeding Straight,POINT (-122.42084 37.782864),100.0,4.0,11.0,39.0,21
54463,vw_geo_sfpd_cr_switrs_all_types_col_cty_union.fid-c18a0c2_186644fdb18_7825,59187,25736000.0,,220608076,37.7488959715133,-122.43385110349,SFPD-INTERIM DB,CITY STREET,09/07/2022 11:29:00 AM,2022 September 07,11:29:00,2022,September,Wednesday,CLIPPER ST,CASTRO ST,0.0,Clear,Injury (Complaint of Pain),Vehicle/Pedestrian,Pedestrian,Crossing in Crosswalk at Intersection,Dry,No Unusual Condition,Daylight,Intersection <= 20ft,0.0,1,1.0,Driver,West,Stopped,Pedestrian,South,Not Stated,POINT (-122.43385 37.748898),84.0,3.0,5.0,22.0,11
54478,vw_geo_sfpd_cr_switrs_all_types_col_cty_union.fid-c18a0c2_186644fdb18_7d8b,40215,27675000.0,,141008969,37.7537209017418,-122.48826408056,SFPD-CROSSROADS,CITY STREET,11/29/2014 12:27:00 PM,2014 November 29,12:27:00,2014,November,Saturday,30TH AVE,NORIEGA ST,0.0,Clear,Injury (Complaint of Pain),Vehicle/Pedestrian,Pedestrian,Crossing in Crosswalk at Intersection,Dry,No Unusual Condition,Daylight,Intersection <= 20ft,0.0,1,1.0,Driver,South,Making Right Turn,Pedestrian,East,Proceeding Straight,POINT (-122.488266 37.75372),39.0,10.0,7.0,35.0,12
54479,vw_geo_sfpd_cr_switrs_all_types_col_cty_union.fid-c18a0c2_186644fdb18_75d5,28878,25148000.0,5063000.0,130133325,37.7833153259402,-122.417493105233,SFPD-CROSSROADS,CITY STREET,02/15/2013 12:55:00 PM,2013 February 15,12:55:00,2013,February,Friday,EDDY ST,LARKIN ST,10.0,Clear,Injury (Complaint of Pain),Broadside,Pedestrian,Crossing in Crosswalk at Intersection,Dry,No Unusual Condition,Daylight,Intersection <= 20ft,0.0,1,1.0,Pedestrian,North,Proceeding Straight,Driver,East,Making Right Turn,POINT (-122.417496 37.783314),20.0,5.0,10.0,36.0,12
54480,vw_geo_sfpd_cr_switrs_all_types_col_cty_union.fid-c18a0c2_18688566ec8_-7d91,40149,27339000.000000004,9654000.0,130276345,37.7541472217288,-122.47858263737,SFPD-CROSSROADS,CITY STREET,04/04/2013 09:46:00 PM,2013 April 04,21:46:00,2013,April,Thursday,NORIEGA ST,21ST AVE,10.0,Clear,Injury (Complaint of Pain),Sideswipe,Pedestrian,Crossing in Crosswalk at Intersection,Wet,No Unusual Condition,Dark - Street Lights,Intersection <= 20ft,0.0,1,1.0,Driver,West,Proceeding Straight,Pedestrian,North,Proceeding Straight,POINT (-122.478584 37.754147),39.0,10.0,7.0,35.0,21
54483,vw_geo_sfpd_cr_switrs_all_types_col_cty_union.fid-c18a0c2_186644fdb18_7812,26227,25166000.0,,140420651,37.7863102180456,-122.416449123063,SFPD-CROSSROADS,CITY STREET,05/20/2014 08:00:00 AM,2014 May 20,08:00:00,2014,May,Tuesday,HYDE ST,GEARY ST,0.0,Clear,Injury (Complaint of Pain),Vehicle/Pedestrian,Pedestrian,Crossing in Crosswalk at Intersection,Dry,No Unusual Condition,Daylight,Intersection <= 20ft,0.0,1,1.0,Driver,South,Making Left Turn,Pedestrian,West,Proceeding Straight,POINT (-122.41645 37.786312),20.0,6.0,10.0,36.0,08
54487,vw_geo_sfpd_cr_switrs_all_types_col_cty_union.fid-c18a0c2_186644fdb18_74cd,57069,21484000.0,9591000.0,210658906,37.7156195439602,-122.441749486807,SFPD-INTERIM DB,CITY STREET,10/09/2021 12:50:00 PM,2021 October 09,12:50:00,2021,October,Saturday,NIAGARA AVE,MISSION ST,24.0,Clear,Injury (Complaint of Pain),Vehicle/Pedestrian,Pedestrian,"In Road, Including Shoulder",Dry,No Unusual Condition,Daylight,Midblock > 20ft,0.0,1,1.0,Pedestrian,East,Proceeding Straight,Driver,West,Backing,POINT (-122.44175 37.71562),80.0,9.0,1.0,28.0,12
54490,vw_geo_sfpd_cr_switrs_all_types_col_cty_union.fid-c18a0c2_186644fdb18_7fc0,6559,52150000.0,2799201.0,140341938,37.7488010938396,-122.404824751451,SFPD-CROSSROADS,CITY STREET,04/25/2014 03:15:00 AM,2014 April 25,03:15:00,2014,April,Friday,BAY SHORE BLVD,CESAR CHAVEZ ST,287.0,Clear,Injury (Other Visible),Sideswipe,Pedestrian,Crossing Not in Crosswalk,Dry,No Unusual Condition,Dark - Street Lights,Midblock > 20ft,0.0,1,1.0,Pedestrian,West,Other,Driver,South,Proceeding Straight,POINT (-122.40482 37.748802),60.0,3.0,2.0,2.0,03
54499,vw_geo_sfpd_cr_switrs_all_types_col_cty_union.fid-c18a0c2_186644fdb18_796e,58643,30039000.0,,220522341,37.7984297020929,-122.402228639401,SFPD-INTERIM DB,CITY STREET,08/05/2022 09:53:00 PM,2022 August 05,21:53:00,2022,August,Friday,BROADWAY,SANSOME ST,0.0,Clear,Injury (Other Visible),Vehicle/Pedestrian,Pedestrian,Crossing Not in Crosswalk,Dry,No Unusual Condition,Dark - Street Lights,Intersection <= 20ft,0.0,2,1.0,Driver,West,Making Left Turn,Pedestrian,North,Proceeding Straight,POINT (-122.40223 37.79843),106.0,6.0,3.0,23.0,21
54502,vw_geo_sfpd_cr_switrs_all_types_col_cty_union.fid-c18a0c2_186644fdb18_77b1,58825,21755000.0,9807101.0,220552990,37.7236524528949,-122.437732913182,SFPD-INTERIM DB,CITY STREET,08/17/2022 03:25:00 PM,2022 August 17,15:25:00,2022,August,Wednesday,OCEAN AVE,ALEMANY BLVD,90.0,Clear,Injury (Other Visible),Sideswipe,Pedestrian,"In Road, Including Shoulder",Dry,No Unusual Condition,Daylight,Midblock > 20ft,0.0,2,1.0,Driver,West,Other,Pedestrian,West,Proceeding Straight,POINT (-122.43774 37.72365),80.0,9.0,1.0,28.0,15